timestamp_ms,target_x,target_y,target_z,real_x,real_y,real_z,error,base_deg,shoulder_deg,elbow_deg,stretch_shoulder,stretch_elbow,torque_shoulder,torque_elbow,torque_base,limit_shoulder,limit_elbow,limit_base,inertia_torque
0,20.0,0.0,19.966,20.006,-0.008,19.912,0.0549,-0.02,84.95,-109.14,0.5388,0.4886,7.52,6.82,0.31,50.4,50.4,12.6,-0.6
1,20.0,0.0,19.966,20.006,-0.011,19.911,0.0558,-0.02,84.95,-109.14,0.5399,0.4889,7.54,6.83,0.42,50.4,50.4,12.6,-0.6
2,20.0,0.0,19.966,19.992,-0.018,19.935,0.0364,-0.04,85.01,-109.14,0.4705,0.4897,6.57,6.84,0.73,50.4,50.4,12.6,-1.2
3,20.0,0.0,19.965,19.991,-0.018,19.936,0.0357,-0.04,85.01,-109.14,0.4666,0.4904,6.52,6.85,0.73,50.4,50.4,12.6,-1.2
4,20.0,0.0,19.965,19.991,-0.018,19.936,0.0356,-0.04,85.01,-109.14,0.4648,0.4911,6.49,6.86,0.74,50.4,50.4,12.6,-1.2
5,20.0,0.0,19.965,19.99,-0.018,19.937,0.0353,-0.04,85.01,-109.14,0.4626,0.4919,6.46,6.87,0.74,50.4,50.4,12.6,-1.2
6,20.001,0.0,19.965,19.99,-0.018,19.937,0.0351,-0.04,85.01,-109.14,0.4604,0.4926,6.43,6.88,0.74,50.4,50.4,12.6,-1.2
7,20.001,0.0,19.965,19.99,-0.018,19.937,0.0349,-0.04,85.01,-109.14,0.4583,0.4933,6.4,6.89,0.74,50.4,50.4,12.6,-1.2
8,20.001,0.0,19.964,19.989,-0.018,19.938,0.0347,-0.04,85.01,-109.14,0.4561,0.494,6.37,6.9,0.74,50.4,50.4,12.6,-1.2
9,20.001,0.001,19.964,19.989,-0.018,19.938,0.0345,-0.04,85.01,-109.14,0.4539,0.4947,6.34,6.91,0.75,50.4,50.4,12.6,-1.2
10,20.002,0.001,19.964,19.989,-0.018,19.938,0.0343,-0.04,85.01,-109.14,0.4517,0.4955,6.31,6.92,0.75,50.4,50.4,12.6,-1.2
11,20.002,0.001,19.964,19.989,-0.018,19.938,0.0342,-0.04,85.03,-109.14,0.4496,0.4962,6.28,6.93,0.75,50.4,50.4,12.6,-1.2
12,20.002,0.001,19.963,19.989,-0.018,19.938,0.034,-0.04,85.03,-109.14,0.4474,0.4969,6.25,6.94,0.75,50.4,50.4,12.6,-1.2
13,20.003,0.001,19.963,19.989,-0.018,19.938,0.0339,-0.04,85.03,-109.14,0.4452,0.4976,6.22,6.95,0.76,50.4,50.4,12.6,-1.2
14,20.003,0.001,19.962,19.989,-0.018,19.938,0.0338,-0.04,85.03,-109.14,0.4431,0.4983,6.19,6.96,0.76,50.4,50.4,12.6,-1.2
15,20.004,0.002,19.962,19.989,-0.017,19.938,0.0337,-0.04,85.03,-109.14,0.4409,0.4991,6.16,6.97,0.76,50.4,50.4,12.6,-1.2
16,20.004,0.002,19.961,19.989,-0.017,19.938,0.0337,-0.04,85.03,-109.14,0.4387,0.4998,6.13,6.98,0.76,50.4,50.4,12.6,-1.2
17,20.005,0.002,19.961,19.989,-0.017,19.938,0.0336,-0.04,85.03,-109.14,0.4366,0.5005,6.1,6.99,0.76,50.4,50.4,12.6,-1.2
18,20.006,0.002,19.96,19.989,-0.017,19.938,0.0336,-0.04,85.03,-109.14,0.4344,0.5012,6.07,7.0,0.77,50.4,50.4,12.6,-1.2
19,20.006,0.002,19.959,19.989,-0.017,19.938,0.0335,-0.04,85.03,-109.14,0.4322,0.5019,6.04,7.01,0.77,50.4,50.4,12.6,-1.2
20,20.007,0.003,19.959,19.989,-0.016,19.938,0.0335,-0.04,85.01,-109.14,0.4301,0.5026,6.0,7.02,0.77,50.4,50.4,12.6,-1.2
21,20.008,0.003,19.958,19.989,-0.016,19.938,0.0335,-0.04,85.01,-109.14,0.4279,0.5034,5.97,7.03,0.77,50.4,50.4,12.6,-1.2
22,20.008,0.003,19.957,19.989,-0.016,19.937,0.0336,-0.04,85.01,-109.14,0.4257,0.5041,5.94,7.04,0.77,50.4,50.4,12.6,-1.2
23,20.009,0.004,19.956,19.99,-0.016,19.937,0.0336,-0.04,85.01,-109.14,0.4236,0.5048,5.91,7.05,0.78,50.4,50.4,12.6,-1.2
24,20.01,0.004,19.956,19.99,-0.015,19.937,0.0336,-0.04,85.01,-109.14,0.4214,0.5055,5.88,7.06,0.78,50.4,50.4,12.6,-1.2
25,20.011,0.004,19.955,19.99,-0.015,19.937,0.0337,-0.04,85.01,-109.14,0.4193,0.5062,5.85,7.07,0.78,50.4,50.4,12.6,-1.2
26,20.012,0.005,19.954,19.991,-0.015,19.936,0.0338,-0.04,85.01,-109.14,0.4171,0.507,5.82,7.08,0.78,50.4,50.4,12.6,-1.2
27,20.013,0.005,19.953,19.991,-0.015,19.936,0.0339,-0.04,85.01,-109.14,0.415,0.5077,5.79,7.09,0.78,50.4,50.4,12.6,-1.2
28,20.014,0.005,19.952,19.991,-0.014,19.935,0.034,-0.04,85.01,-109.14,0.4128,0.5084,5.76,7.1,0.79,50.4,50.4,12.6,-1.2
29,20.015,0.006,19.951,19.992,-0.014,19.935,0.0342,-0.04,85.01,-109.14,0.4107,0.5091,5.73,7.11,0.79,50.4,50.4,12.6,-1.2
30,20.016,0.006,19.95,19.992,-0.014,19.934,0.0343,-0.04,85.01,-109.14,0.4085,0.5098,5.7,7.12,0.79,50.4,50.4,12.6,-1.2
31,20.017,0.007,19.949,19.993,-0.013,19.934,0.0345,-0.04,85.01,-109.14,0.4063,0.5105,5.67,7.13,0.79,50.4,50.4,12.6,-1.2
32,20.018,0.007,19.948,19.993,-0.013,19.933,0.0346,-0.04,85.01,-109.14,0.4042,0.5113,5.64,7.14,0.79,50.4,50.4,12.6,-1.2
33,20.019,0.008,19.947,19.994,-0.012,19.933,0.0348,-0.04,85.01,-109.14,0.402,0.512,5.61,7.15,0.8,50.4,50.4,12.6,-1.2
34,20.02,0.008,19.946,19.995,-0.012,19.932,0.035,-0.04,84.99,-109.14,0.3999,0.5127,5.58,7.16,0.8,50.4,50.4,12.6,-1.2
35,20.021,0.008,19.944,19.995,-0.012,19.931,0.0353,-0.04,84.99,-109.14,0.3978,0.5134,5.55,7.17,0.8,50.4,50.4,12.6,-1.2
36,20.022,0.009,19.943,19.996,-0.011,19.93,0.0355,-0.02,84.99,-109.14,0.3956,0.5141,5.52,7.18,0.8,50.4,50.4,12.6,-1.2
37,20.024,0.009,19.942,19.997,-0.011,19.93,0.0358,-0.02,84.99,-109.14,0.3935,0.5149,5.49,7.19,0.8,50.4,50.4,12.6,-1.2
38,20.025,0.01,19.941,19.998,-0.01,19.929,0.036,-0.02,84.99,-109.14,0.3913,0.5156,5.46,7.2,0.81,50.4,50.4,12.6,-1.2
39,20.026,0.011,19.939,19.998,-0.01,19.928,0.0363,-0.02,84.99,-109.14,0.3892,0.5163,5.43,7.21,0.81,50.4,50.4,12.6,-1.2
40,20.028,0.011,19.938,19.999,-0.009,19.927,0.0366,-0.02,84.99,-109.14,0.387,0.517,5.4,7.22,0.81,50.4,50.4,12.6,-1.2
41,20.029,0.012,19.936,20.0,-0.009,19.926,0.0369,-0.02,84.97,-109.14,0.3849,0.5178,5.37,7.23,0.81,50.4,50.4,12.6,-1.2
42,20.031,0.012,19.935,20.001,-0.008,19.925,0.0372,-0.02,84.97,-109.14,0.3827,0.5185,5.34,7.24,0.81,50.4,50.4,12.6,-1.2
43,20.032,0.013,19.933,20.002,-0.008,19.924,0.0375,-0.02,84.97,-109.12,0.3806,0.5192,5.31,7.25,0.82,50.4,50.4,12.6,-1.2
44,20.034,0.013,19.932,20.003,-0.007,19.923,0.0378,-0.02,84.97,-109.12,0.3785,0.5199,5.28,7.26,0.82,50.4,50.4,12.6,-1.2
45,20.035,0.014,19.93,20.004,-0.006,19.922,0.0382,-0.02,84.97,-109.12,0.3763,0.5207,5.25,7.27,0.82,50.4,50.4,12.6,-1.2
46,20.037,0.015,19.929,20.005,-0.006,19.921,0.0385,-0.02,84.97,-109.12,0.3742,0.5214,5.22,7.28,0.82,50.4,50.4,12.6,-1.2
47,20.038,0.015,19.927,20.006,-0.005,19.92,0.0389,-0.02,84.95,-109.12,0.372,0.5221,5.19,7.29,0.82,50.4,50.4,12.6,-1.2
48,20.04,0.016,19.926,20.007,-0.005,19.919,0.0393,-0.02,84.95,-109.12,0.3699,0.5228,5.16,7.3,0.83,50.4,50.4,12.6,-1.2
49,20.042,0.017,19.924,20.008,-0.004,19.918,0.0396,-0.02,84.95,-109.12,0.3678,0.5236,5.14,7.31,0.83,50.4,50.4,12.6,-1.2
50,20.043,0.017,19.922,20.009,-0.003,19.917,0.04,0.0,84.95,-109.12,0.3656,0.5243,5.11,7.32,0.83,50.4,50.4,12.6,-1.2
51,20.045,0.018,19.92,20.011,-0.003,19.915,0.0404,0.0,84.95,-109.12,0.3635,0.525,5.08,7.33,0.83,50.4,50.4,12.6,-1.2
52,20.047,0.019,19.919,20.012,-0.002,19.914,0.0409,0.0,84.92,-109.12,0.3614,0.5257,5.05,7.34,0.83,50.4,50.4,12.6,-1.2
53,20.049,0.019,19.917,20.013,-0.001,19.913,0.0413,0.0,84.92,-109.12,0.3592,0.5265,5.02,7.35,0.83,50.4,50.4,12.6,-1.2
54,20.05,0.02,19.915,20.015,-0.001,19.911,0.0417,0.0,84.92,-109.12,0.3571,0.5272,4.99,7.36,0.84,50.4,50.4,12.6,-1.2
55,20.052,0.021,19.913,20.016,-0.0,19.91,0.0421,0.0,84.92,-109.12,0.355,0.5279,4.96,7.37,0.84,50.4,50.4,12.6,-1.2
56,20.054,0.022,19.911,20.017,0.001,19.909,0.0426,0.0,84.9,-109.12,0.3529,0.5287,4.93,7.38,0.84,50.4,50.4,12.6,-1.2
57,20.056,0.022,19.909,20.019,0.001,19.907,0.043,0.0,84.9,-109.09,0.3507,0.5294,4.9,7.39,0.84,50.4,50.4,12.6,-1.2
58,20.058,0.023,19.907,20.02,0.002,19.906,0.0435,0.0,84.9,-109.09,0.3486,0.5301,4.87,7.4,0.84,50.4,50.4,12.6,-1.2
59,20.06,0.024,19.905,20.022,0.003,19.904,0.0439,0.0,84.9,-109.09,0.3465,0.5308,4.84,7.41,0.85,50.4,50.4,12.6,-1.2
60,20.062,0.025,19.903,20.023,0.004,19.903,0.0444,0.0,84.88,-109.09,0.3443,0.5316,4.81,7.42,0.85,50.4,50.4,12.6,-1.2
61,20.064,0.026,19.901,20.025,0.004,19.901,0.0449,0.02,84.88,-109.09,0.3422,0.5323,4.78,7.43,0.85,50.4,50.4,12.6,-1.2
62,20.067,0.027,19.899,20.027,0.005,19.899,0.0454,0.02,84.88,-109.09,0.3401,0.533,4.75,7.44,0.85,50.4,50.4,12.6,-1.2
63,20.069,0.027,19.897,20.028,0.006,19.898,0.0459,0.02,84.86,-109.09,0.338,0.5338,4.72,7.45,0.85,50.4,50.4,12.6,-1.2
64,20.071,0.028,19.894,20.03,0.007,19.896,0.0464,0.02,84.86,-109.09,0.3358,0.5345,4.69,7.46,0.85,50.4,50.4,12.6,-1.2
65,20.073,0.029,19.892,20.032,0.008,19.894,0.0469,0.02,84.86,-109.09,0.3337,0.5353,4.66,7.47,0.86,50.4,50.4,12.6,-1.2
66,20.075,0.03,19.89,20.033,0.009,19.892,0.0474,0.02,84.84,-109.09,0.3316,0.536,4.63,7.48,0.86,50.4,50.4,12.6,-1.2
67,20.078,0.031,19.888,20.035,0.009,19.891,0.0479,0.02,84.84,-109.07,0.3295,0.5367,4.6,7.49,0.86,50.4,50.4,12.6,-1.2
68,20.08,0.032,19.885,20.037,0.01,19.889,0.0484,0.02,84.84,-109.07,0.3274,0.5375,4.57,7.5,0.86,50.4,50.4,12.6,-1.2
69,20.082,0.033,19.883,20.039,0.011,19.887,0.0489,0.02,84.81,-109.07,0.3252,0.5382,4.54,7.51,0.86,50.4,50.4,12.6,-1.2
70,20.085,0.034,19.881,20.041,0.012,19.885,0.0495,0.04,84.81,-109.07,0.3231,0.539,4.51,7.53,0.86,50.4,50.4,12.6,-1.2
71,20.087,0.035,19.878,20.043,0.013,19.883,0.05,0.04,84.81,-109.07,0.321,0.5397,4.48,7.54,0.87,50.4,50.4,12.6,-1.2
72,20.09,0.036,19.876,20.044,0.014,19.881,0.0505,0.04,84.79,-109.07,0.3189,0.5404,4.45,7.55,0.87,50.4,50.4,12.6,-1.2
73,20.092,0.037,19.873,20.046,0.015,19.879,0.0511,0.04,84.79,-109.07,0.3168,0.5412,4.42,7.56,0.87,50.4,50.4,12.6,-1.2
74,20.095,0.038,19.871,20.049,0.016,19.877,0.0516,0.04,84.79,-109.07,0.3147,0.5419,4.39,7.57,0.87,50.4,50.4,12.6,-1.2
75,20.097,0.039,19.868,20.051,0.017,19.875,0.0522,0.04,84.77,-109.07,0.3126,0.5427,4.36,7.58,0.87,50.4,50.4,12.6,-1.2
76,20.1,0.04,19.865,20.053,0.018,19.873,0.0527,0.04,84.77,-109.05,0.3104,0.5434,4.33,7.59,0.88,50.4,50.4,12.6,-1.2
77,20.103,0.041,19.863,20.055,0.019,19.871,0.0533,0.04,84.77,-109.05,0.3083,0.5442,4.31,7.6,0.88,50.4,50.4,12.6,-1.2
78,20.105,0.042,19.86,20.057,0.02,19.868,0.0538,0.07,84.75,-109.05,0.3062,0.5449,4.28,7.61,0.88,50.4,50.4,12.6,-1.2
79,20.108,0.043,19.857,20.059,0.021,19.866,0.0544,0.07,84.75,-109.05,0.3041,0.5457,4.25,7.62,0.88,50.4,50.4,12.6,-1.2
80,20.111,0.044,19.854,20.061,0.022,19.864,0.055,0.07,84.73,-109.05,0.302,0.5464,4.22,7.63,0.88,50.4,50.4,12.6,-1.2
81,20.114,0.045,19.852,20.064,0.023,19.861,0.0555,0.07,84.73,-109.05,0.2999,0.5472,4.19,7.64,0.88,50.4,50.4,12.6,-1.2
82,20.116,0.047,19.849,20.066,0.024,19.859,0.0561,0.07,84.73,-109.05,0.2978,0.5479,4.16,7.65,0.88,50.4,50.4,12.6,-1.2
83,20.119,0.048,19.846,20.068,0.025,19.857,0.0567,0.07,84.7,-109.03,0.2957,0.5487,4.13,7.66,0.89,50.4,50.4,12.6,-1.2
84,20.122,0.049,19.843,20.071,0.026,19.854,0.0573,0.07,84.7,-109.03,0.2936,0.5494,4.1,7.67,0.89,50.4,50.4,12.6,-1.2
85,20.125,0.05,19.84,20.073,0.028,19.852,0.0578,0.09,84.68,-109.03,0.2915,0.5502,4.07,7.68,0.89,50.4,50.4,12.6,-1.2
86,20.128,0.051,19.837,20.076,0.029,19.849,0.0584,0.09,84.68,-109.03,0.2894,0.551,4.04,7.69,0.89,50.4,50.4,12.6,-1.2
87,20.131,0.052,19.834,20.078,0.03,19.847,0.059,0.09,84.66,-109.03,0.2873,0.5517,4.01,7.7,0.89,50.4,50.4,12.6,-1.2
88,20.134,0.054,19.831,20.081,0.031,19.844,0.0596,0.09,84.66,-109.03,0.2851,0.5525,3.98,7.71,0.89,50.4,50.4,12.6,-1.2
89,20.137,0.055,19.828,20.083,0.032,19.842,0.0602,0.09,84.64,-109.03,0.283,0.5532,3.95,7.72,0.9,50.4,50.4,12.6,-1.2
90,20.14,0.056,19.825,20.086,0.033,19.839,0.0608,0.09,84.64,-109.01,0.2809,0.554,3.92,7.74,0.9,50.4,50.4,12.6,-1.2
91,20.143,0.057,19.822,20.088,0.035,19.837,0.0614,0.09,84.64,-109.01,0.2788,0.5548,3.89,7.75,0.9,50.4,50.4,12.6,-1.2
92,20.147,0.059,19.819,20.091,0.036,19.834,0.062,0.11,84.62,-109.01,0.2767,0.5555,3.86,7.76,0.9,50.4,50.4,12.6,-1.2
93,20.15,0.06,19.815,20.094,0.037,19.831,0.0626,0.11,84.62,-109.01,0.2746,0.5563,3.83,7.77,0.9,50.4,50.4,12.6,-1.2
94,20.153,0.061,19.812,20.096,0.038,19.828,0.0632,0.11,84.59,-109.01,0.2725,0.5571,3.81,7.78,0.9,50.4,50.4,12.6,-1.2
95,20.156,0.062,19.809,20.099,0.04,19.826,0.0638,0.11,84.59,-109.01,0.2704,0.5578,3.78,7.79,0.91,50.4,50.4,12.6,-1.2
96,20.16,0.064,19.806,20.102,0.041,19.823,0.0644,0.11,84.57,-108.98,0.2683,0.5586,3.75,7.8,0.91,50.4,50.4,12.6,-1.2
97,20.163,0.065,19.802,20.105,0.042,19.82,0.065,0.11,84.57,-108.98,0.2663,0.5594,3.72,7.81,0.91,50.4,50.4,12.6,-1.2
98,20.166,0.067,19.799,20.108,0.043,19.817,0.0656,0.13,84.55,-108.98,0.2642,0.5601,3.69,7.82,0.91,50.4,50.4,12.6,-1.2
99,20.17,0.068,19.795,20.11,0.045,19.814,0.0662,0.13,84.55,-108.98,0.2621,0.5609,3.66,7.83,0.91,50.4,50.4,12.6,-1.2
100,20.173,0.069,19.792,20.113,0.046,19.811,0.0668,0.13,84.53,-108.98,0.26,0.5617,3.63,7.84,0.91,50.4,50.4,12.6,-1.2
101,20.177,0.071,19.788,20.116,0.047,19.808,0.0675,0.13,84.51,-108.98,0.2579,0.5625,3.6,7.85,0.91,50.4,50.4,12.6,-1.2
102,20.18,0.072,19.785,20.119,0.049,19.805,0.0681,0.13,84.51,-108.96,0.2558,0.5633,3.57,7.86,0.92,50.4,50.4,12.6,-1.2
103,20.184,0.073,19.781,20.122,0.05,19.802,0.0687,0.15,84.48,-108.96,0.2537,0.564,3.54,7.88,0.92,50.4,50.4,12.6,-1.21
104,20.187,0.075,19.778,20.125,0.052,19.799,0.0693,0.15,84.48,-108.96,0.2516,0.5648,3.51,7.89,0.92,50.4,50.4,12.6,-1.21
105,20.191,0.076,19.774,20.129,0.053,19.796,0.0699,0.15,84.46,-108.96,0.2495,0.5656,3.48,7.9,0.92,50.4,50.4,12.6,-1.21
106,20.195,0.078,19.77,20.132,0.054,19.793,0.0706,0.15,84.46,-108.96,0.2474,0.5664,3.45,7.91,0.92,50.4,50.4,12.6,-1.21
107,20.198,0.079,19.767,20.135,0.056,19.789,0.0712,0.15,84.44,-108.94,0.2453,0.5672,3.43,7.92,0.92,50.4,50.4,12.6,-1.21
108,20.202,0.081,19.763,20.138,0.057,19.786,0.0718,0.15,84.44,-108.94,0.2432,0.568,3.4,7.93,0.92,50.4,50.4,12.6,-1.21
109,20.206,0.082,19.759,20.141,0.059,19.783,0.0724,0.18,84.42,-108.94,0.2412,0.5688,3.37,7.94,0.93,50.4,50.4,12.6,-1.21
110,20.209,0.084,19.755,20.145,0.06,19.779,0.0731,0.18,84.4,-108.94,0.2391,0.5696,3.34,7.95,0.93,50.4,50.4,12.6,-1.21
111,20.213,0.085,19.752,20.148,0.062,19.776,0.0737,0.18,84.4,-108.94,0.237,0.5703,3.31,7.96,0.93,50.4,50.4,12.6,-1.21
112,20.217,0.087,19.748,20.151,0.063,19.773,0.0743,0.18,84.38,-108.92,0.2349,0.5711,3.28,7.97,0.93,50.4,50.4,12.6,-1.21
113,20.221,0.088,19.744,20.155,0.065,19.769,0.075,0.18,84.38,-108.92,0.2328,0.5719,3.25,7.99,0.93,50.4,50.4,12.6,-1.21
114,20.225,0.09,19.74,20.158,0.066,19.766,0.0756,0.2,84.35,-108.92,0.2307,0.5727,3.22,8.0,0.93,50.4,50.4,12.6,-1.21
115,20.229,0.092,19.736,20.162,0.068,19.762,0.0762,0.2,84.33,-108.92,0.2286,0.5735,3.19,8.01,0.93,50.4,50.4,12.6,-1.21
116,20.233,0.093,19.732,20.165,0.069,19.759,0.0769,0.2,84.33,-108.92,0.2266,0.5743,3.16,8.02,0.94,50.4,50.4,12.6,-1.21
117,20.237,0.095,19.728,20.169,0.071,19.755,0.0775,0.2,84.31,-108.9,0.2245,0.5751,3.13,8.03,0.94,50.4,50.4,12.6,-1.21
118,20.241,0.096,19.724,20.172,0.072,19.752,0.0781,0.2,84.29,-108.9,0.2224,0.5759,3.11,8.04,0.94,50.4,50.4,12.6,-1.21
119,20.245,0.098,19.72,20.176,0.074,19.748,0.0788,0.22,84.29,-108.9,0.2203,0.5767,3.08,8.05,0.94,50.4,50.4,12.6,-1.21
120,20.249,0.1,19.716,20.179,0.076,19.744,0.0794,0.22,84.27,-108.9,0.2182,0.5775,3.05,8.06,0.94,50.4,50.4,12.6,-1.21
121,20.253,0.101,19.711,20.183,0.077,19.741,0.08,0.22,84.24,-108.87,0.2162,0.5784,3.02,8.08,0.94,50.4,50.4,12.6,-1.21
122,20.258,0.103,19.707,20.187,0.079,19.737,0.0807,0.22,84.24,-108.87,0.2141,0.5792,2.99,8.09,0.94,50.4,50.4,12.6,-1.21
123,20.262,0.105,19.703,20.19,0.081,19.733,0.0813,0.22,84.22,-108.87,0.212,0.58,2.96,8.1,0.94,50.4,50.4,12.6,-1.21
124,20.266,0.106,19.699,20.194,0.082,19.729,0.082,0.24,84.2,-108.87,0.2099,0.5808,2.93,8.11,0.95,50.4,50.4,12.6,-1.21
125,20.271,0.108,19.694,20.198,0.084,19.725,0.0826,0.24,84.2,-108.85,0.2079,0.5816,2.9,8.12,0.95,50.4,50.4,12.6,-1.21
126,20.275,0.11,19.69,20.202,0.086,19.722,0.0833,0.24,84.18,-108.85,0.2058,0.5824,2.87,8.13,0.95,50.4,50.4,12.6,-1.21
127,20.279,0.112,19.685,20.206,0.087,19.718,0.0839,0.24,84.16,-108.85,0.2037,0.5833,2.84,8.14,0.95,50.4,50.4,12.6,-1.21
128,20.284,0.113,19.681,20.21,0.089,19.714,0.0845,0.24,84.16,-108.85,0.2016,0.5841,2.82,8.16,0.95,50.4,50.4,12.6,-1.21
129,20.288,0.115,19.677,20.214,0.091,19.71,0.0852,0.26,84.13,-108.85,0.1996,0.5849,2.79,8.17,0.95,50.4,50.4,12.6,-1.21
130,20.293,0.117,19.672,20.218,0.092,19.706,0.0858,0.26,84.11,-108.83,0.1975,0.5857,2.76,8.18,0.95,50.4,50.4,12.6,-1.21
131,20.297,0.119,19.668,20.222,0.094,19.702,0.0865,0.26,84.09,-108.83,0.1954,0.5866,2.73,8.19,0.95,50.4,50.4,12.6,-1.21
132,20.302,0.121,19.663,20.226,0.096,19.698,0.0871,0.26,84.09,-108.83,0.1933,0.5874,2.7,8.2,0.96,50.4,50.4,12.6,-1.21
133,20.306,0.122,19.658,20.23,0.098,19.693,0.0878,0.29,84.07,-108.83,0.1913,0.5882,2.67,8.21,0.96,50.4,50.4,12.6,-1.21
134,20.311,0.124,19.654,20.234,0.1,19.689,0.0884,0.29,84.05,-108.81,0.1892,0.5891,2.64,8.22,0.96,50.4,50.4,12.6,-1.21
135,20.316,0.126,19.649,20.238,0.101,19.684,0.0882,0.29,84.02,-108.81,0.1899,0.5899,2.65,8.24,0.96,50.4,50.4,12.6,-1.21
136,20.32,0.128,19.644,20.243,0.103,19.68,0.0888,0.29,84.02,-108.81,0.1884,0.5907,2.63,8.25,0.96,50.4,50.4,12.6,-1.21
137,20.325,0.13,19.64,20.247,0.105,19.676,0.0895,0.31,84.0,-108.79,0.1862,0.5916,2.6,8.26,0.96,50.4,50.4,12.6,-1.21
138,20.33,0.132,19.635,20.251,0.107,19.671,0.0902,0.31,83.98,-108.79,0.1842,0.5924,2.57,8.27,0.96,50.4,50.4,12.6,-1.21
139,20.334,0.134,19.63,20.255,0.109,19.667,0.0909,0.31,83.96,-108.79,0.1821,0.5933,2.54,8.28,0.96,50.4,50.4,12.6,-1.21
140,20.339,0.136,19.625,20.26,0.111,19.663,0.0916,0.31,83.96,-108.79,0.1801,0.5941,2.51,8.3,0.97,50.4,50.4,12.6,-1.21
141,20.344,0.138,19.62,20.264,0.113,19.658,0.0924,0.31,83.94,-108.76,0.178,0.595,2.49,8.31,0.97,50.4,50.4,12.6,-1.21
142,20.349,0.14,19.615,20.268,0.115,19.654,0.0931,0.33,83.91,-108.76,0.176,0.5958,2.46,8.32,0.97,50.4,50.4,12.6,-1.21
143,20.354,0.142,19.61,20.273,0.116,19.65,0.0938,0.33,83.89,-108.76,0.1739,0.5967,2.43,8.33,0.97,50.4,50.4,12.6,-1.21
144,20.359,0.144,19.605,20.277,0.118,19.645,0.0945,0.33,83.87,-108.76,0.1719,0.5975,2.4,8.34,0.97,50.4,50.4,12.6,-1.21
145,20.364,0.146,19.6,20.282,0.12,19.641,0.0952,0.33,83.87,-108.74,0.1698,0.5984,2.37,8.35,0.97,50.4,50.4,12.6,-1.21
146,20.369,0.148,19.595,20.286,0.122,19.636,0.0959,0.35,83.85,-108.74,0.1678,0.5992,2.34,8.37,0.97,50.4,50.4,12.6,-1.21
147,20.374,0.15,19.59,20.291,0.124,19.632,0.0966,0.35,83.83,-108.74,0.1657,0.6001,2.31,8.38,0.97,50.4,50.4,12.6,-1.21
148,20.379,0.152,19.585,20.295,0.126,19.627,0.0974,0.35,83.8,-108.72,0.1637,0.601,2.29,8.39,0.97,50.4,50.4,12.6,-1.21
149,20.384,0.154,19.58,20.3,0.128,19.623,0.0981,0.35,83.78,-108.72,0.1617,0.6018,2.26,8.4,0.98,50.4,50.4,12.6,-1.21
150,20.39,0.156,19.575,20.304,0.13,19.618,0.0988,0.37,83.76,-108.72,0.1596,0.6027,2.23,8.42,0.98,50.4,50.4,12.6,-1.21
151,20.395,0.158,19.57,20.309,0.132,19.613,0.0995,0.37,83.76,-108.7,0.1576,0.6036,2.2,8.43,0.98,50.4,50.4,12.6,-1.21
152,20.4,0.16,19.564,20.314,0.134,19.608,0.1002,0.37,83.74,-108.7,0.1555,0.6044,2.17,8.44,0.98,50.4,50.4,12.6,-1.21
153,20.405,0.162,19.559,20.318,0.136,19.604,0.1012,0.4,83.72,-108.7,0.1526,0.6053,2.13,8.45,0.98,50.4,50.4,12.6,-1.21
154,20.411,0.164,19.554,20.323,0.139,19.599,0.102,0.4,83.69,-108.7,0.1505,0.6062,2.1,8.46,0.98,50.4,50.4,12.6,-1.22
155,20.416,0.166,19.548,20.328,0.141,19.594,0.102,0.4,83.67,-108.68,0.1505,0.6071,2.1,8.48,0.98,50.4,50.4,12.6,-1.22
156,20.421,0.169,19.543,20.333,0.143,19.589,0.1028,0.4,83.65,-108.68,0.1483,0.608,2.07,8.49,0.98,50.4,50.4,12.6,-1.21
157,20.427,0.171,19.538,20.338,0.145,19.584,0.1039,0.42,83.63,-108.68,0.1452,0.6089,2.03,8.5,0.98,50.4,50.4,12.6,-1.22
158,20.432,0.173,19.532,20.343,0.147,19.579,0.1046,0.42,83.61,-108.65,0.1433,0.6097,2.0,8.51,0.99,50.4,50.4,12.6,-1.22
159,20.438,0.175,19.527,20.348,0.149,19.574,0.1053,0.42,83.61,-108.65,0.1413,0.6106,1.97,8.53,0.99,50.4,50.4,12.6,-1.22
160,20.443,0.177,19.521,20.353,0.151,19.569,0.106,0.42,83.58,-108.65,0.1392,0.6115,1.94,8.54,0.99,50.4,50.4,12.6,-1.22
161,20.449,0.18,19.515,20.358,0.154,19.564,0.1068,0.44,83.56,-108.63,0.1372,0.6124,1.92,8.55,0.99,50.4,50.4,12.6,-1.22
162,20.454,0.182,19.51,20.363,0.156,19.559,0.1075,0.44,83.54,-108.63,0.1352,0.6133,1.89,8.56,0.99,50.4,50.4,12.6,-1.22
163,20.46,0.184,19.504,20.368,0.158,19.554,0.1082,0.44,83.52,-108.63,0.1331,0.6142,1.86,8.58,0.99,50.4,50.4,12.6,-1.22
164,20.466,0.186,19.499,20.373,0.16,19.549,0.1089,0.44,83.5,-108.61,0.1311,0.6151,1.83,8.59,0.99,50.4,50.4,12.6,-1.22
165,20.471,0.189,19.493,20.378,0.162,19.544,0.1097,0.46,83.47,-108.61,0.1291,0.616,1.8,8.6,0.99,50.4,50.4,12.6,-1.22
166,20.477,0.191,19.487,20.383,0.165,19.539,0.1104,0.46,83.45,-108.61,0.127,0.6169,1.77,8.61,0.99,50.4,50.4,12.6,-1.22
167,20.483,0.193,19.481,20.388,0.167,19.534,0.1111,0.46,83.43,-108.59,0.125,0.6178,1.75,8.63,0.99,50.4,50.4,12.6,-1.22
168,20.489,0.195,19.475,20.394,0.169,19.528,0.1119,0.48,83.41,-108.59,0.123,0.6187,1.72,8.64,1.0,50.4,50.4,12.6,-1.22
169,20.494,0.198,19.47,20.399,0.171,19.523,0.1126,0.48,83.39,-108.59,0.1209,0.6197,1.69,8.65,1.0,50.4,50.4,12.6,-1.22
170,20.5,0.2,19.464,20.404,0.174,19.518,0.1133,0.48,83.36,-108.57,0.1189,0.6206,1.66,8.66,1.0,50.4,50.4,12.6,-1.22
171,20.506,0.203,19.458,20.409,0.176,19.512,0.1143,0.48,83.34,-108.57,0.1161,0.6215,1.62,8.68,1.0,50.4,50.4,12.6,-1.22
172,20.512,0.205,19.452,20.415,0.178,19.507,0.1153,0.51,83.32,-108.57,0.1134,0.6224,1.58,8.69,1.0,50.4,50.4,12.6,-1.22
173,20.518,0.207,19.446,20.421,0.181,19.501,0.1152,0.51,83.3,-108.54,0.1138,0.6234,1.59,8.7,1.0,50.4,50.4,12.6,-1.22
174,20.524,0.21,19.44,20.426,0.183,19.495,0.1158,0.51,83.28,-108.54,0.1122,0.6243,1.57,8.72,1.0,50.4,50.4,12.6,-1.22
175,20.53,0.212,19.434,20.431,0.185,19.49,0.1171,0.53,83.25,-108.52,0.1086,0.6252,1.52,8.73,1.0,50.4,50.4,12.6,-1.22
176,20.536,0.215,19.428,20.437,0.188,19.485,0.1178,0.53,83.23,-108.52,0.1068,0.6262,1.49,8.74,1.0,50.4,50.4,12.6,-1.22
177,20.542,0.217,19.422,20.442,0.19,19.479,0.1185,0.53,83.21,-108.52,0.1047,0.6271,1.46,8.76,1.0,50.4,50.4,12.6,-1.22
178,20.549,0.219,19.415,20.448,0.193,19.474,0.1192,0.55,83.19,-108.5,0.1027,0.628,1.43,8.77,1.0,50.4,50.4,12.6,-1.22
179,20.555,0.222,19.409,20.454,0.195,19.468,0.12,0.55,83.17,-108.5,0.1007,0.629,1.41,8.78,1.01,50.4,50.4,12.6,-1.22
180,20.561,0.224,19.403,20.459,0.198,19.462,0.1207,0.55,83.14,-108.5,0.0987,0.6299,1.38,8.8,1.01,50.4,50.4,12.6,-1.22
181,20.567,0.227,19.397,20.465,0.2,19.457,0.1214,0.55,83.12,-108.48,0.0966,0.6309,1.35,8.81,1.01,50.4,50.4,12.6,-1.22
182,20.573,0.229,19.39,20.471,0.202,19.451,0.1222,0.57,83.1,-108.48,0.0946,0.6318,1.32,8.82,1.01,50.4,50.4,12.6,-1.22
183,20.58,0.232,19.384,20.477,0.205,19.445,0.1229,0.57,83.08,-108.46,0.0926,0.6328,1.29,8.84,1.01,50.4,50.4,12.6,-1.22
184,20.586,0.234,19.378,20.482,0.207,19.439,0.1237,0.57,83.06,-108.46,0.0906,0.6337,1.26,8.85,1.01,50.4,50.4,12.6,-1.22
185,20.593,0.237,19.371,20.488,0.21,19.433,0.1244,0.59,83.03,-108.46,0.0886,0.6347,1.24,8.86,1.01,50.4,50.4,12.6,-1.22
186,20.599,0.24,19.365,20.494,0.212,19.427,0.1252,0.59,83.01,-108.44,0.0866,0.6356,1.21,8.88,1.01,50.4,50.4,12.6,-1.22
187,20.605,0.242,19.358,20.5,0.215,19.421,0.1259,0.59,82.99,-108.44,0.0845,0.6366,1.18,8.89,1.01,50.4,50.4,12.6,-1.22
188,20.612,0.245,19.352,20.505,0.217,19.416,0.1275,0.62,82.97,-108.44,0.0801,0.6376,1.12,8.9,1.02,50.4,50.4,12.6,-1.22
189,20.618,0.247,19.345,20.512,0.22,19.409,0.1273,0.62,82.95,-108.41,0.0807,0.6386,1.13,8.92,1.02,50.4,50.4,12.6,-1.22
190,20.625,0.25,19.339,20.518,0.223,19.403,0.1273,0.62,82.92,-108.41,0.081,0.6395,1.13,8.93,1.01,50.4,50.4,12.6,-1.22
191,20.632,0.253,19.332,20.524,0.225,19.397,0.129,0.64,82.9,-108.39,0.0762,0.6405,1.06,8.94,1.01,50.4,50.4,12.6,-1.22
192,20.638,0.255,19.325,20.53,0.228,19.391,0.1296,0.64,82.88,-108.39,0.0744,0.6415,1.04,8.96,1.02,50.4,50.4,12.6,-1.22
193,20.645,0.258,19.319,20.536,0.231,19.385,0.1304,0.64,82.84,-108.37,0.0725,0.6425,1.01,8.97,1.02,50.4,50.4,12.6,-1.22
194,20.652,0.261,19.312,20.542,0.233,19.379,0.1311,0.66,82.81,-108.37,0.0704,0.6435,0.98,8.98,1.02,50.4,50.4,12.6,-1.22
195,20.658,0.263,19.305,20.548,0.236,19.373,0.1319,0.66,82.79,-108.37,0.0684,0.6445,0.96,9.0,1.02,50.4,50.4,12.6,-1.22
196,20.665,0.266,19.298,20.555,0.238,19.367,0.1326,0.66,82.77,-108.35,0.0664,0.6454,0.93,9.01,1.02,50.4,50.4,12.6,-1.22
197,20.672,0.269,19.292,20.561,0.241,19.36,0.1334,0.68,82.75,-108.35,0.0644,0.6464,0.9,9.03,1.02,50.4,50.4,12.6,-1.22
198,20.679,0.272,19.285,20.567,0.244,19.354,0.1341,0.68,82.73,-108.33,0.0624,0.6474,0.87,9.04,1.02,50.4,50.4,12.6,-1.22
199,20.686,0.274,19.278,20.575,0.247,19.345,0.1328,0.68,82.68,-108.33,0.0667,0.6484,0.93,9.05,1.02,50.4,50.4,12.6,-1.22
200,20.693,0.277,19.271,20.582,0.254,19.337,0.1304,0.7,82.66,-108.3,0.072,0.6491,1.0,9.06,0.84,50.4,50.4,12.6,-0.85
201,20.699,0.28,19.264,20.59,0.264,19.329,0.1281,0.73,82.62,-108.3,0.077,0.6494,1.07,9.07,0.56,50.4,50.4,12.6,-0.25
202,20.706,0.283,19.257,20.597,0.27,19.32,0.1267,0.75,82.6,-108.3,0.0819,0.6495,1.14,9.07,0.44,50.4,50.4,12.6,-0.02
203,20.713,0.285,19.25,20.605,0.272,19.312,0.1256,0.75,82.57,-108.28,0.0869,0.6497,1.21,9.07,0.45,50.4,50.4,12.6,-0.02
204,20.72,0.288,19.243,20.612,0.275,19.304,0.1247,0.77,82.53,-108.28,0.0919,0.6499,1.28,9.07,0.45,50.4,50.4,12.6,-0.02
205,20.727,0.291,19.236,20.62,0.278,19.297,0.1239,0.77,82.51,-108.26,0.0969,0.65,1.35,9.08,0.44,50.4,50.4,12.6,-0.02
206,20.734,0.294,19.229,20.627,0.281,19.289,0.1231,0.77,82.49,-108.26,0.1019,0.6502,1.42,9.08,0.44,50.4,50.4,12.6,-0.02
207,20.741,0.296,19.222,20.634,0.283,19.281,0.1225,0.79,82.44,-108.24,0.1068,0.6504,1.49,9.08,0.44,50.4,50.4,12.6,-0.02
208,20.748,0.299,19.215,20.642,0.286,19.274,0.122,0.79,82.42,-108.24,0.1118,0.6505,1.56,9.08,0.44,50.4,50.4,12.6,-0.02
209,20.755,0.302,19.208,20.649,0.289,19.266,0.1216,0.79,82.4,-108.22,0.1168,0.6507,1.63,9.09,0.44,50.4,50.4,12.6,-0.02
210,20.762,0.305,19.202,20.656,0.292,19.259,0.1213,0.81,82.35,-108.22,0.1218,0.6509,1.7,9.09,0.44,50.4,50.4,12.6,-0.02
211,20.769,0.307,19.195,20.663,0.294,19.252,0.121,0.81,82.33,-108.19,0.1268,0.651,1.77,9.09,0.44,50.4,50.4,12.6,-0.02
212,20.776,0.31,19.188,20.67,0.297,19.245,0.1209,0.81,82.31,-108.19,0.1318,0.6512,1.84,9.09,0.44,50.4,50.4,12.6,-0.02
213,20.783,0.313,19.181,20.677,0.3,19.238,0.1209,0.83,82.27,-108.17,0.1367,0.6514,1.91,9.09,0.44,50.4,50.4,12.6,-0.02
214,20.789,0.316,19.174,20.684,0.303,19.231,0.121,0.83,82.24,-108.17,0.1417,0.6515,1.98,9.1,0.44,50.4,50.4,12.6,-0.02
215,20.796,0.319,19.167,20.691,0.305,19.224,0.1212,0.83,82.22,-108.15,0.1467,0.6517,2.05,9.1,0.44,50.4,50.4,12.6,-0.02
216,20.803,0.321,19.16,20.697,0.308,19.218,0.1215,0.86,82.2,-108.15,0.1517,0.6519,2.12,9.1,0.44,50.4,50.4,12.6,-0.02
217,20.81,0.324,19.153,20.704,0.311,19.211,0.1219,0.86,82.18,-108.13,0.1567,0.652,2.19,9.1,0.44,50.4,50.4,12.6,-0.02
218,20.817,0.327,19.146,20.711,0.314,19.205,0.1225,0.86,82.13,-108.13,0.1616,0.6522,2.26,9.11,0.45,50.4,50.4,12.6,-0.02
219,20.824,0.33,19.139,20.717,0.316,19.199,0.1231,0.88,82.11,-108.11,0.1666,0.6524,2.33,9.11,0.44,50.4,50.4,12.6,-0.02
220,20.831,0.332,19.132,20.724,0.319,19.192,0.1238,0.88,82.09,-108.11,0.1716,0.6525,2.4,9.11,0.44,50.4,50.4,12.6,-0.02
221,20.838,0.335,19.125,20.728,0.322,19.19,0.1283,0.88,82.07,-108.08,0.1654,0.6527,2.31,9.11,0.44,50.4,50.4,12.6,-0.02
222,20.845,0.338,19.118,20.733,0.325,19.187,0.1322,0.9,82.07,-108.08,0.1608,0.6529,2.25,9.12,0.44,50.4,50.4,12.6,-0.02
223,20.852,0.341,19.111,20.738,0.327,19.184,0.136,0.9,82.05,-108.06,0.1562,0.653,2.18,9.12,0.44,50.4,50.4,12.6,-0.02
224,20.859,0.343,19.104,20.743,0.33,19.181,0.1397,0.9,82.02,-108.06,0.1517,0.6532,2.12,9.12,0.44,50.4,50.4,12.6,-0.02
225,20.866,0.346,19.097,20.748,0.333,19.178,0.1434,0.92,82.0,-108.04,0.1471,0.6534,2.05,9.12,0.44,50.4,50.4,12.6,-0.02
226,20.873,0.349,19.09,20.753,0.336,19.174,0.147,0.92,81.98,-108.04,0.1425,0.6535,1.99,9.13,0.44,50.4,50.4,12.6,-0.02
227,20.879,0.352,19.084,20.758,0.338,19.171,0.1504,0.92,81.98,-108.04,0.138,0.6537,1.93,9.13,0.44,50.4,50.4,12.6,-0.02
228,20.886,0.355,19.077,20.763,0.341,19.167,0.1538,0.94,81.96,-108.02,0.1334,0.6539,1.86,9.13,0.44,50.4,50.4,12.6,-0.02
229,20.893,0.357,19.07,20.768,0.344,19.164,0.1572,0.94,81.94,-108.02,0.1288,0.654,1.8,9.13,0.44,50.4,50.4,12.6,-0.02
230,20.9,0.36,19.063,20.773,0.346,19.16,0.1604,0.94,81.91,-108.0,0.1243,0.6542,1.74,9.13,0.44,50.4,50.4,12.6,-0.02
231,20.907,0.363,19.056,20.779,0.349,19.156,0.1635,0.97,81.89,-108.0,0.1197,0.6544,1.67,9.14,0.44,50.4,50.4,12.6,-0.02
232,20.914,0.366,19.049,20.784,0.352,19.152,0.1665,0.97,81.87,-107.97,0.1151,0.6545,1.61,9.14,0.44,50.4,50.4,12.6,-0.02
233,20.921,0.368,19.042,20.79,0.355,19.148,0.1694,0.97,81.85,-107.97,0.1106,0.6547,1.54,9.14,0.44,50.4,50.4,12.6,-0.02
234,20.928,0.371,19.035,20.795,0.357,19.144,0.1723,0.99,81.83,-107.95,0.106,0.6549,1.48,9.14,0.44,50.4,50.4,12.6,-0.02
235,20.935,0.374,19.028,20.801,0.36,19.139,0.175,0.99,81.8,-107.95,0.1014,0.6551,1.42,9.15,0.44,50.4,50.4,12.6,-0.01
236,20.942,0.377,19.021,20.806,0.363,19.135,0.1776,0.99,81.8,-107.93,0.0969,0.6552,1.35,9.15,0.44,50.4,50.4,12.6,-0.01
237,20.949,0.379,19.014,20.812,0.366,19.13,0.1801,1.01,81.78,-107.93,0.0923,0.6554,1.29,9.15,0.44,50.4,50.4,12.6,-0.01
238,20.956,0.382,19.007,20.818,0.368,19.126,0.1825,1.01,81.76,-107.91,0.0877,0.6555,1.23,9.15,0.44,50.4,50.4,12.6,-0.01
239,20.963,0.385,19.0,20.824,0.371,19.121,0.1847,1.01,81.74,-107.91,0.0832,0.6557,1.16,9.16,0.44,50.4,50.4,12.6,-0.01
240,20.969,0.388,18.993,20.829,0.374,19.116,0.1869,1.03,81.72,-107.89,0.0786,0.6559,1.1,9.16,0.44,50.4,50.4,12.6,-0.01
241,20.976,0.391,18.986,20.835,0.377,19.111,0.189,1.03,81.69,-107.89,0.074,0.656,1.03,9.16,0.44,50.4,50.4,12.6,-0.01
242,20.983,0.393,18.979,20.841,0.379,19.106,0.1909,1.03,81.67,-107.86,0.0695,0.6562,0.97,9.16,0.44,50.4,50.4,12.6,-0.01
243,20.99,0.396,18.972,20.847,0.382,19.101,0.1928,1.05,81.65,-107.86,0.0649,0.6564,0.91,9.16,0.44,50.4,50.4,12.6,-0.01
244,20.997,0.399,18.965,20.854,0.385,19.095,0.1939,1.05,81.61,-107.84,0.062,0.6565,0.87,9.17,0.44,50.4,50.4,12.6,-0.01
245,21.004,0.402,18.959,20.861,0.387,19.088,0.1936,1.05,81.58,-107.84,0.0628,0.6567,0.88,9.17,0.44,50.4,50.4,12.6,-0.01
246,21.011,0.404,18.952,20.868,0.39,19.081,0.1935,1.08,81.56,-107.82,0.063,0.6569,0.88,9.17,0.44,50.4,50.4,12.6,-0.01
247,21.018,0.407,18.945,20.875,0.393,19.074,0.1935,1.08,81.54,-107.82,0.0631,0.657,0.88,9.17,0.44,50.4,50.4,12.6,-0.02
248,21.025,0.41,18.938,20.882,0.396,19.067,0.1934,1.08,81.5,-107.8,0.0633,0.6572,0.88,9.18,0.44,50.4,50.4,12.6,-0.02
249,21.032,0.413,18.931,20.889,0.398,19.06,0.1933,1.1,81.47,-107.8,0.0635,0.6574,0.89,9.18,0.44,50.4,50.4,12.6,-0.01
250,21.039,0.415,18.924,20.896,0.401,19.053,0.1933,1.1,81.45,-107.78,0.0637,0.6576,0.89,9.18,0.44,50.4,50.4,12.6,-0.01
251,21.046,0.418,18.917,20.903,0.404,19.046,0.1932,1.1,81.41,-107.78,0.0639,0.6577,0.89,9.18,0.44,50.4,50.4,12.6,-0.01
252,21.053,0.421,18.91,20.91,0.407,19.039,0.1932,1.12,81.39,-107.75,0.064,0.6579,0.89,9.19,0.43,50.4,50.4,12.6,-0.01
253,21.059,0.424,18.903,20.917,0.41,19.032,0.1931,1.12,81.36,-107.75,0.0642,0.658,0.9,9.19,0.43,50.4,50.4,12.6,-0.01
254,21.066,0.427,18.896,20.924,0.412,19.025,0.193,1.12,81.34,-107.73,0.0644,0.6582,0.9,9.19,0.43,50.4,50.4,12.6,-0.01
255,21.073,0.429,18.889,20.931,0.415,19.018,0.193,1.14,81.3,-107.73,0.0646,0.6584,0.9,9.19,0.43,50.4,50.4,12.6,-0.01
256,21.08,0.432,18.882,20.938,0.418,19.011,0.1929,1.14,81.28,-107.71,0.0648,0.6585,0.9,9.19,0.43,50.4,50.4,12.6,-0.01
257,21.087,0.435,18.875,20.945,0.421,19.004,0.1928,1.14,81.25,-107.71,0.065,0.6587,0.91,9.2,0.43,50.4,50.4,12.6,-0.01
258,21.094,0.438,18.868,20.951,0.423,18.997,0.1928,1.16,81.23,-107.69,0.0651,0.6589,0.91,9.2,0.43,50.4,50.4,12.6,-0.01
259,21.101,0.44,18.861,20.958,0.426,18.99,0.1927,1.16,81.19,-107.69,0.0653,0.659,0.91,9.2,0.43,50.4,50.4,12.6,-0.01
260,21.108,0.443,18.854,20.965,0.429,18.983,0.1926,1.16,81.17,-107.67,0.0655,0.6592,0.91,9.2,0.43,50.4,50.4,12.6,-0.01
261,21.115,0.446,18.847,20.972,0.432,18.976,0.1926,1.19,81.15,-107.64,0.0657,0.6594,0.92,9.21,0.43,50.4,50.4,12.6,-0.01
262,21.122,0.449,18.841,20.979,0.434,18.969,0.1925,1.19,81.1,-107.64,0.0659,0.6595,0.92,9.21,0.44,50.4,50.4,12.6,-0.02
263,21.129,0.451,18.834,20.986,0.437,18.962,0.1924,1.19,81.08,-107.62,0.066,0.6597,0.92,9.21,0.44,50.4,50.4,12.6,-0.02
264,21.136,0.454,18.827,20.993,0.44,18.955,0.1924,1.21,81.06,-107.62,0.0662,0.6599,0.92,9.21,0.43,50.4,50.4,12.6,-0.01
265,21.143,0.457,18.82,21.0,0.443,18.948,0.1923,1.21,81.04,-107.6,0.0664,0.66,0.93,9.22,0.43,50.4,50.4,12.6,-0.01
266,21.15,0.46,18.813,21.007,0.445,18.941,0.1922,1.21,80.99,-107.6,0.0666,0.6602,0.93,9.22,0.43,50.4,50.4,12.6,-0.01
267,21.156,0.463,18.806,21.014,0.448,18.934,0.1922,1.23,80.97,-107.58,0.0668,0.6604,0.93,9.22,0.43,50.4,50.4,12.6,-0.01
268,21.163,0.465,18.799,21.021,0.451,18.927,0.1921,1.23,80.95,-107.58,0.067,0.6605,0.94,9.22,0.43,50.4,50.4,12.6,-0.01
269,21.17,0.468,18.792,21.028,0.454,18.92,0.1921,1.23,80.93,-107.56,0.0672,0.6607,0.94,9.23,0.43,50.4,50.4,12.6,-0.01
270,21.177,0.471,18.785,21.035,0.456,18.913,0.192,1.25,80.88,-107.56,0.0673,0.6609,0.94,9.23,0.43,50.4,50.4,12.6,-0.01
271,21.184,0.474,18.778,21.042,0.459,18.906,0.1919,1.25,80.86,-107.53,0.0675,0.661,0.94,9.23,0.43,50.4,50.4,12.6,-0.01
272,21.191,0.476,18.771,21.049,0.462,18.899,0.1919,1.25,80.84,-107.53,0.0677,0.6612,0.95,9.23,0.43,50.4,50.4,12.6,-0.01
273,21.198,0.479,18.764,21.056,0.465,18.892,0.1918,1.27,80.82,-107.51,0.0679,0.6614,0.95,9.23,0.43,50.4,50.4,12.6,-0.01
274,21.205,0.482,18.757,21.063,0.467,18.886,0.1917,1.27,80.77,-107.51,0.0681,0.6615,0.95,9.24,0.43,50.4,50.4,12.6,-0.01
275,21.212,0.485,18.75,21.07,0.47,18.879,0.1917,1.27,80.75,-107.49,0.0683,0.6617,0.95,9.24,0.43,50.4,50.4,12.6,-0.01
276,21.219,0.488,18.743,21.077,0.473,18.872,0.1916,1.27,80.73,-107.49,0.0684,0.6618,0.96,9.24,0.43,50.4,50.4,12.6,-0.01
277,21.226,0.49,18.736,21.084,0.475,18.865,0.1915,1.3,80.68,-107.47,0.0686,0.662,0.96,9.24,0.43,50.4,50.4,12.6,-0.01
278,21.233,0.493,18.729,21.091,0.478,18.858,0.1915,1.3,80.66,-107.47,0.0688,0.6622,0.96,9.25,0.43,50.4,50.4,12.6,-0.01
279,21.24,0.496,18.723,21.098,0.481,18.851,0.1914,1.3,80.64,-107.45,0.069,0.6624,0.96,9.25,0.43,50.4,50.4,12.6,-0.01
280,21.246,0.499,18.716,21.105,0.484,18.844,0.1913,1.32,80.62,-107.45,0.0692,0.6625,0.97,9.25,0.43,50.4,50.4,12.6,-0.01
281,21.253,0.501,18.709,21.112,0.487,18.837,0.1913,1.32,80.57,-107.42,0.0694,0.6627,0.97,9.25,0.43,50.4,50.4,12.6,-0.01
282,21.26,0.504,18.702,21.119,0.489,18.83,0.1912,1.32,80.55,-107.42,0.0696,0.6629,0.97,9.26,0.43,50.4,50.4,12.6,-0.01
283,21.267,0.507,18.695,21.126,0.492,18.823,0.1911,1.34,80.53,-107.4,0.0697,0.663,0.97,9.26,0.43,50.4,50.4,12.6,-0.01
284,21.274,0.51,18.688,21.133,0.495,18.816,0.1911,1.34,80.51,-107.4,0.0699,0.6632,0.98,9.26,0.43,50.4,50.4,12.6,-0.01
285,21.281,0.512,18.681,21.14,0.498,18.809,0.191,1.34,80.46,-107.38,0.0701,0.6634,0.98,9.26,0.43,50.4,50.4,12.6,-0.01
286,21.288,0.515,18.674,21.147,0.5,18.802,0.1909,1.36,80.44,-107.36,0.0703,0.6635,0.98,9.26,0.43,50.4,50.4,12.6,-0.01
287,21.295,0.518,18.667,21.154,0.503,18.795,0.1909,1.36,80.42,-107.36,0.0705,0.6637,0.98,9.27,0.43,50.4,50.4,12.6,-0.01
288,21.302,0.521,18.66,21.161,0.506,18.788,0.1908,1.36,80.38,-107.34,0.0707,0.6638,0.99,9.27,0.43,50.4,50.4,12.6,-0.01
289,21.309,0.524,18.653,21.168,0.509,18.781,0.1908,1.38,80.35,-107.34,0.0709,0.664,0.99,9.27,0.43,50.4,50.4,12.6,-0.01
290,21.316,0.526,18.646,21.175,0.511,18.774,0.1907,1.38,80.33,-107.31,0.071,0.6642,0.99,9.27,0.43,50.4,50.4,12.6,-0.01
291,21.323,0.529,18.639,21.182,0.514,18.767,0.1906,1.38,80.31,-107.31,0.0712,0.6643,0.99,9.28,0.43,50.4,50.4,12.6,-0.01
292,21.33,0.532,18.632,21.189,0.517,18.76,0.1906,1.41,80.27,-107.29,0.0714,0.6645,1.0,9.28,0.43,50.4,50.4,12.6,-0.01
293,21.336,0.535,18.625,21.196,0.52,18.753,0.1905,1.41,80.24,-107.29,0.0716,0.6647,1.0,9.28,0.43,50.4,50.4,12.6,-0.01
294,21.343,0.537,18.618,21.203,0.522,18.746,0.1904,1.41,80.22,-107.27,0.0718,0.6649,1.0,9.28,0.43,50.4,50.4,12.6,-0.01
295,21.35,0.54,18.611,21.21,0.525,18.739,0.1904,1.43,80.2,-107.27,0.072,0.665,1.0,9.29,0.43,50.4,50.4,12.6,-0.01
296,21.357,0.543,18.604,21.217,0.528,18.732,0.1903,1.43,80.16,-107.25,0.0722,0.6652,1.01,9.29,0.43,50.4,50.4,12.6,-0.01
297,21.364,0.546,18.598,21.224,0.531,18.725,0.1902,1.43,80.13,-107.25,0.0723,0.6654,1.01,9.29,0.43,50.4,50.4,12.6,-0.01
298,21.371,0.548,18.591,21.231,0.533,18.718,0.1902,1.45,80.11,-107.23,0.0725,0.6655,1.01,9.29,0.43,50.4,50.4,12.6,-0.01
299,21.378,0.551,18.584,21.238,0.536,18.711,0.1901,1.45,80.07,-107.23,0.0727,0.6657,1.02,9.29,0.43,50.4,50.4,12.6,-0.01
300,21.385,0.554,18.577,21.245,0.539,18.704,0.19,1.45,80.05,-107.2,0.0729,0.6658,1.02,9.3,0.43,50.4,50.4,12.6,-0.01
301,21.392,0.557,18.57,21.252,0.542,18.697,0.19,1.45,80.02,-107.18,0.0731,0.666,1.02,9.3,0.43,50.4,50.4,12.6,-0.01
302,21.399,0.56,18.563,21.259,0.544,18.69,0.1899,1.47,80.0,-107.18,0.0733,0.6662,1.02,9.3,0.43,50.4,50.4,12.6,-0.01
303,21.406,0.562,18.556,21.266,0.547,18.683,0.1898,1.47,79.96,-107.16,0.0735,0.6663,1.03,9.3,0.43,50.4,50.4,12.6,-0.01
304,21.413,0.565,18.549,21.273,0.55,18.676,0.1898,1.47,79.94,-107.16,0.0737,0.6665,1.03,9.31,0.43,50.4,50.4,12.6,-0.01
305,21.42,0.568,18.542,21.28,0.553,18.669,0.1897,1.49,79.91,-107.14,0.0738,0.6667,1.03,9.31,0.42,50.4,50.4,12.6,-0.01
306,21.427,0.571,18.535,21.286,0.555,18.662,0.1896,1.49,79.87,-107.14,0.074,0.6668,1.03,9.31,0.43,50.4,50.4,12.6,-0.01
307,21.433,0.573,18.528,21.293,0.558,18.655,0.1896,1.49,79.85,-107.12,0.0742,0.667,1.04,9.31,0.43,50.4,50.4,12.6,-0.01
308,21.44,0.576,18.521,21.3,0.561,18.648,0.1895,1.52,79.83,-107.12,0.0744,0.6672,1.04,9.32,0.43,50.4,50.4,12.6,-0.01
309,21.447,0.579,18.514,21.307,0.564,18.641,0.1894,1.52,79.8,-107.09,0.0746,0.6674,1.04,9.32,0.42,50.4,50.4,12.6,-0.01
310,21.454,0.582,18.507,21.314,0.566,18.634,0.1894,1.52,79.76,-107.09,0.0748,0.6675,1.04,9.32,0.42,50.4,50.4,12.6,-0.01
311,21.461,0.584,18.5,21.321,0.569,18.627,0.1893,1.54,79.74,-107.07,0.075,0.6677,1.05,9.32,0.42,50.4,50.4,12.6,-0.01
312,21.468,0.587,18.493,21.328,0.572,18.62,0.1892,1.54,79.72,-107.05,0.0752,0.6678,1.05,9.32,0.42,50.4,50.4,12.6,-0.01
313,21.475,0.59,18.486,21.335,0.575,18.613,0.1892,1.54,79.69,-107.05,0.0753,0.668,1.05,9.33,0.42,50.4,50.4,12.6,-0.01
314,21.482,0.593,18.48,21.342,0.578,18.606,0.1891,1.56,79.65,-107.03,0.0755,0.6682,1.05,9.33,0.42,50.4,50.4,12.6,-0.01
315,21.489,0.596,18.473,21.349,0.58,18.599,0.1891,1.56,79.63,-107.03,0.0757,0.6683,1.06,9.33,0.42,50.4,50.4,12.6,-0.01
316,21.496,0.598,18.466,21.356,0.583,18.592,0.189,1.56,79.61,-107.01,0.0759,0.6685,1.06,9.33,0.42,50.4,50.4,12.6,-0.01
317,21.503,0.601,18.459,21.363,0.586,18.585,0.1889,1.56,79.56,-107.01,0.0761,0.6687,1.06,9.34,0.42,50.4,50.4,12.6,-0.01
318,21.51,0.604,18.452,21.37,0.589,18.578,0.1889,1.58,79.54,-106.98,0.0763,0.6688,1.07,9.34,0.42,50.4,50.4,12.6,-0.01
319,21.517,0.607,18.445,21.377,0.591,18.571,0.1888,1.58,79.52,-106.98,0.0765,0.669,1.07,9.34,0.42,50.4,50.4,12.6,-0.01
320,21.523,0.609,18.438,21.384,0.594,18.564,0.1887,1.58,79.5,-106.96,0.0767,0.6691,1.07,9.34,0.42,50.4,50.4,12.6,-0.01
321,21.53,0.612,18.431,21.391,0.597,18.557,0.1887,1.6,79.45,-106.96,0.0769,0.6693,1.07,9.35,0.43,50.4,50.4,12.6,-0.01
322,21.537,0.615,18.424,21.398,0.599,18.55,0.1886,1.6,79.43,-106.94,0.077,0.6695,1.08,9.35,0.43,50.4,50.4,12.6,-0.01
323,21.544,0.618,18.417,21.405,0.602,18.543,0.1885,1.6,79.41,-106.92,0.0772,0.6697,1.08,9.35,0.42,50.4,50.4,12.6,-0.01
324,21.551,0.62,18.41,21.412,0.605,18.536,0.1885,1.63,79.39,-106.92,0.0774,0.6698,1.08,9.35,0.42,50.4,50.4,12.6,-0.01
325,21.558,0.623,18.403,21.419,0.608,18.529,0.1884,1.63,79.34,-106.9,0.0776,0.67,1.08,9.35,0.42,50.4,50.4,12.6,-0.01
326,21.565,0.626,18.396,21.426,0.611,18.522,0.1883,1.63,79.32,-106.9,0.0778,0.6702,1.09,9.36,0.42,50.4,50.4,12.6,-0.01
327,21.572,0.629,18.389,21.433,0.613,18.515,0.1883,1.65,79.3,-106.88,0.078,0.6703,1.09,9.36,0.42,50.4,50.4,12.6,-0.01
328,21.579,0.632,18.382,21.44,0.616,18.508,0.1882,1.65,79.26,-106.88,0.0782,0.6705,1.09,9.36,0.42,50.4,50.4,12.6,-0.01
329,21.586,0.634,18.375,21.447,0.619,18.501,0.1881,1.65,79.23,-106.85,0.0784,0.6706,1.09,9.36,0.42,50.4,50.4,12.6,-0.01
330,21.593,0.637,18.368,21.454,0.622,18.494,0.1881,1.67,79.21,-106.85,0.0786,0.6708,1.1,9.37,0.42,50.4,50.4,12.6,-0.01
331,21.6,0.64,18.362,21.461,0.624,18.487,0.188,1.67,79.19,-106.83,0.0788,0.671,1.1,9.37,0.42,50.4,50.4,12.6,-0.01
332,21.607,0.643,18.355,21.468,0.627,18.48,0.1879,1.67,79.15,-106.81,0.0789,0.6711,1.1,9.37,0.42,50.4,50.4,12.6,-0.01
333,21.614,0.645,18.348,21.475,0.63,18.473,0.1879,1.67,79.12,-106.81,0.0791,0.6713,1.11,9.37,0.42,50.4,50.4,12.6,-0.01
334,21.62,0.648,18.341,21.482,0.633,18.467,0.1878,1.69,79.1,-106.79,0.0793,0.6715,1.11,9.38,0.42,50.4,50.4,12.6,-0.01
335,21.627,0.651,18.334,21.489,0.635,18.46,0.1877,1.69,79.08,-106.79,0.0795,0.6716,1.11,9.38,0.42,50.4,50.4,12.6,-0.01
336,21.634,0.654,18.327,21.496,0.638,18.453,0.1877,1.69,79.04,-106.77,0.0797,0.6718,1.11,9.38,0.42,50.4,50.4,12.6,-0.01
337,21.641,0.656,18.32,21.503,0.641,18.446,0.1876,1.71,79.01,-106.77,0.0799,0.672,1.12,9.38,0.42,50.4,50.4,12.6,-0.01
338,21.648,0.659,18.313,21.51,0.644,18.439,0.1875,1.71,78.99,-106.74,0.0801,0.6722,1.12,9.39,0.42,50.4,50.4,12.6,-0.01
339,21.655,0.662,18.306,21.517,0.646,18.432,0.1875,1.71,78.95,-106.74,0.0803,0.6723,1.12,9.39,0.42,50.4,50.4,12.6,-0.01
340,21.662,0.665,18.299,21.524,0.649,18.425,0.1874,1.74,78.93,-106.72,0.0805,0.6725,1.12,9.39,0.42,50.4,50.4,12.6,-0.01
341,21.669,0.668,18.292,21.531,0.652,18.418,0.1873,1.74,78.9,-106.7,0.0807,0.6726,1.13,9.39,0.42,50.4,50.4,12.6,-0.01
342,21.676,0.67,18.285,21.538,0.655,18.411,0.1873,1.74,78.88,-106.7,0.0809,0.6728,1.13,9.39,0.42,50.4,50.4,12.6,-0.01
343,21.683,0.673,18.278,21.545,0.657,18.404,0.1872,1.76,78.84,-106.68,0.081,0.673,1.13,9.4,0.42,50.4,50.4,12.6,-0.01
344,21.69,0.676,18.271,21.552,0.66,18.397,0.1871,1.76,78.82,-106.68,0.0812,0.6731,1.13,9.4,0.42,50.4,50.4,12.6,-0.01
345,21.697,0.679,18.264,21.559,0.663,18.39,0.1871,1.76,78.79,-106.66,0.0814,0.6733,1.14,9.4,0.42,50.4,50.4,12.6,-0.01
346,21.704,0.681,18.257,21.566,0.666,18.383,0.187,1.76,78.75,-106.66,0.0816,0.6735,1.14,9.4,0.42,50.4,50.4,12.6,-0.01
347,21.711,0.684,18.25,21.573,0.668,18.376,0.1869,1.78,78.73,-106.63,0.0818,0.6736,1.14,9.41,0.42,50.4,50.4,12.6,-0.01
348,21.717,0.687,18.243,21.58,0.671,18.369,0.1869,1.78,78.71,-106.61,0.082,0.6738,1.15,9.41,0.42,50.4,50.4,12.6,-0.01
349,21.724,0.69,18.237,21.587,0.674,18.362,0.1868,1.78,78.68,-106.61,0.0822,0.6739,1.15,9.41,0.42,50.4,50.4,12.6,-0.01
350,21.731,0.693,18.23,21.594,0.677,18.355,0.1867,1.8,78.64,-106.59,0.0824,0.6741,1.15,9.41,0.42,50.4,50.4,12.6,-0.01
351,21.738,0.695,18.223,21.601,0.679,18.348,0.1867,1.8,78.62,-106.59,0.0826,0.6743,1.15,9.42,0.42,50.4,50.4,12.6,-0.01
352,21.745,0.698,18.216,21.608,0.682,18.341,0.1866,1.8,78.6,-106.57,0.0828,0.6745,1.16,9.42,0.42,50.4,50.4,12.6,-0.01
353,21.752,0.701,18.209,21.615,0.685,18.334,0.1865,1.82,78.57,-106.57,0.083,0.6746,1.16,9.42,0.42,50.4,50.4,12.6,-0.01
354,21.759,0.704,18.202,21.621,0.688,18.327,0.1865,1.82,78.53,-106.55,0.0832,0.6748,1.16,9.42,0.42,50.4,50.4,12.6,-0.01
355,21.766,0.706,18.195,21.628,0.691,18.32,0.1864,1.82,78.51,-106.52,0.0834,0.675,1.16,9.42,0.42,50.4,50.4,12.6,-0.01
356,21.773,0.709,18.188,21.635,0.693,18.313,0.1863,1.85,78.49,-106.52,0.0835,0.6751,1.17,9.43,0.42,50.4,50.4,12.6,-0.01
357,21.78,0.712,18.181,21.642,0.696,18.306,0.1863,1.85,78.44,-106.5,0.0837,0.6753,1.17,9.43,0.42,50.4,50.4,12.6,-0.01
358,21.787,0.715,18.174,21.649,0.699,18.299,0.1862,1.85,78.42,-106.5,0.0839,0.6754,1.17,9.43,0.42,50.4,50.4,12.6,-0.01
359,21.794,0.717,18.167,21.656,0.702,18.292,0.1861,1.85,78.4,-106.48,0.0841,0.6756,1.17,9.43,0.42,50.4,50.4,12.6,-0.01
360,21.801,0.72,18.16,21.663,0.704,18.285,0.1861,1.87,78.38,-106.48,0.0843,0.6758,1.18,9.44,0.42,50.4,50.4,12.6,-0.01
361,21.808,0.723,18.153,21.67,0.707,18.278,0.186,1.87,78.33,-106.46,0.0845,0.6759,1.18,9.44,0.41,50.4,50.4,12.6,-0.01
362,21.814,0.726,18.146,21.677,0.71,18.271,0.1859,1.87,78.31,-106.44,0.0847,0.6761,1.18,9.44,0.41,50.4,50.4,12.6,-0.01
363,21.821,0.729,18.139,21.684,0.713,18.264,0.1859,1.89,78.29,-106.44,0.0849,0.6763,1.19,9.44,0.41,50.4,50.4,12.6,-0.01
364,21.828,0.731,18.132,21.691,0.715,18.257,0.1858,1.89,78.24,-106.41,0.0851,0.6764,1.19,9.44,0.41,50.4,50.4,12.6,-0.01
365,21.835,0.734,18.125,21.698,0.718,18.25,0.1857,1.89,78.22,-106.41,0.0853,0.6766,1.19,9.45,0.42,50.4,50.4,12.6,-0.01
366,21.842,0.737,18.119,21.705,0.721,18.243,0.1857,1.91,78.2,-106.39,0.0855,0.6768,1.19,9.45,0.42,50.4,50.4,12.6,-0.01
367,21.849,0.74,18.112,21.712,0.724,18.236,0.1856,1.91,78.18,-106.37,0.0857,0.677,1.2,9.45,0.41,50.4,50.4,12.6,-0.01
368,21.856,0.742,18.105,21.719,0.726,18.229,0.1855,1.91,78.13,-106.37,0.0859,0.6771,1.2,9.45,0.41,50.4,50.4,12.6,-0.01
369,21.863,0.745,18.098,21.726,0.729,18.222,0.1855,1.91,78.11,-106.35,0.0861,0.6773,1.2,9.46,0.41,50.4,50.4,12.6,-0.01
370,21.87,0.748,18.091,21.733,0.732,18.215,0.1854,1.93,78.09,-106.35,0.0863,0.6774,1.2,9.46,0.41,50.4,50.4,12.6,-0.01
371,21.877,0.751,18.084,21.74,0.735,18.208,0.1853,1.93,78.07,-106.33,0.0864,0.6776,1.21,9.46,0.41,50.4,50.4,12.6,-0.01
372,21.884,0.753,18.077,21.747,0.737,18.201,0.1853,1.93,78.02,-106.33,0.0866,0.6778,1.21,9.46,0.41,50.4,50.4,12.6,-0.01
373,21.891,0.756,18.07,21.754,0.74,18.194,0.1852,1.96,78.0,-106.3,0.0868,0.6779,1.21,9.47,0.41,50.4,50.4,12.6,-0.01
374,21.898,0.759,18.063,21.761,0.743,18.187,0.1851,1.96,77.98,-106.28,0.087,0.6781,1.22,9.47,0.41,50.4,50.4,12.6,-0.01
375,21.904,0.762,18.056,21.768,0.746,18.18,0.1851,1.96,77.94,-106.28,0.0872,0.6782,1.22,9.47,0.41,50.4,50.4,12.6,-0.01
376,21.911,0.765,18.049,21.775,0.748,18.173,0.185,1.98,77.92,-106.26,0.0874,0.6784,1.22,9.47,0.41,50.4,50.4,12.6,-0.01
377,21.918,0.767,18.042,21.782,0.751,18.166,0.1849,1.98,77.89,-106.26,0.0876,0.6786,1.22,9.47,0.41,50.4,50.4,12.6,-0.01
378,21.925,0.77,18.035,21.789,0.754,18.159,0.1849,1.98,77.87,-106.24,0.0878,0.6787,1.23,9.48,0.41,50.4,50.4,12.6,-0.01
379,21.932,0.773,18.028,21.796,0.757,18.152,0.1848,1.98,77.83,-106.22,0.088,0.6789,1.23,9.48,0.41,50.4,50.4,12.6,-0.01
380,21.939,0.776,18.021,21.803,0.759,18.145,0.1847,2.0,77.81,-106.22,0.0882,0.6791,1.23,9.48,0.42,50.4,50.4,12.6,-0.01
381,21.946,0.778,18.014,21.81,0.762,18.138,0.1847,2.0,77.78,-106.19,0.0884,0.6793,1.23,9.48,0.42,50.4,50.4,12.6,-0.01
382,21.953,0.781,18.007,21.817,0.765,18.131,0.1846,2.0,77.74,-106.19,0.0886,0.6794,1.24,9.49,0.41,50.4,50.4,12.6,-0.01
383,21.96,0.784,18.0,21.824,0.768,18.124,0.1845,2.02,77.72,-106.17,0.0888,0.6796,1.24,9.49,0.41,50.4,50.4,12.6,-0.01
384,21.967,0.787,17.994,21.831,0.77,18.117,0.1845,2.02,77.7,-106.17,0.089,0.6798,1.24,9.49,0.41,50.4,50.4,12.6,-0.01
385,21.974,0.79,17.987,21.838,0.773,18.11,0.1844,2.02,77.67,-106.15,0.0892,0.6799,1.25,9.49,0.41,50.4,50.4,12.6,-0.01
386,21.981,0.792,17.98,21.845,0.776,18.103,0.1843,2.04,77.63,-106.13,0.0894,0.6801,1.25,9.5,0.41,50.4,50.4,12.6,-0.01
387,21.988,0.795,17.973,21.852,0.779,18.096,0.1843,2.04,77.61,-106.13,0.0896,0.6802,1.25,9.5,0.41,50.4,50.4,12.6,-0.01
388,21.995,0.798,17.966,21.859,0.782,18.089,0.1842,2.04,77.59,-106.11,0.0898,0.6804,1.25,9.5,0.41,50.4,50.4,12.6,-0.01
389,22.002,0.801,17.959,21.866,0.784,18.082,0.1841,2.04,77.56,-106.11,0.09,0.6806,1.26,9.5,0.41,50.4,50.4,12.6,-0.01
390,22.008,0.803,17.952,21.873,0.787,18.075,0.1841,2.07,77.52,-106.08,0.0902,0.6807,1.26,9.5,0.41,50.4,50.4,12.6,-0.01
391,22.015,0.806,17.945,21.88,0.79,18.068,0.184,2.07,77.5,-106.06,0.0903,0.6809,1.26,9.51,0.41,50.4,50.4,12.6,-0.01
392,22.022,0.809,17.938,21.887,0.793,18.061,0.1839,2.07,77.48,-106.06,0.0905,0.6811,1.26,9.51,0.41,50.4,50.4,12.6,-0.01
393,22.029,0.812,17.931,21.894,0.795,18.054,0.1839,2.09,77.43,-106.04,0.0907,0.6812,1.27,9.51,0.41,50.4,50.4,12.6,-0.01
394,22.036,0.814,17.924,21.901,0.798,18.047,0.1838,2.09,77.41,-106.04,0.0909,0.6814,1.27,9.51,0.41,50.4,50.4,12.6,-0.01
395,22.043,0.817,17.917,21.908,0.801,18.04,0.1837,2.09,77.39,-106.02,0.0911,0.6816,1.27,9.52,0.41,50.4,50.4,12.6,-0.01
396,22.05,0.82,17.91,21.915,0.803,18.033,0.1837,2.11,77.37,-106.0,0.0913,0.6818,1.28,9.52,0.41,50.4,50.4,12.6,-0.01
397,22.057,0.823,17.903,21.922,0.806,18.026,0.1836,2.11,77.32,-106.0,0.0915,0.6819,1.28,9.52,0.41,50.4,50.4,12.6,-0.01
398,22.064,0.826,17.896,21.929,0.809,18.019,0.1835,2.11,77.3,-105.97,0.0917,0.6821,1.28,9.52,0.41,50.4,50.4,12.6,-0.01
399,22.071,0.828,17.889,21.936,0.812,18.012,0.1835,2.11,77.28,-105.97,0.0919,0.6822,1.28,9.53,0.41,50.4,50.4,12.6,-0.01
400,22.078,0.831,17.882,21.943,0.815,18.005,0.1834,2.13,77.23,-105.95,0.0921,0.6824,1.29,9.53,0.41,50.4,50.4,12.6,-0.01
401,22.085,0.834,17.876,21.95,0.817,17.998,0.1833,2.13,77.21,-105.93,0.0923,0.6826,1.29,9.53,0.41,50.4,50.4,12.6,-0.01
402,22.092,0.837,17.869,21.957,0.82,17.991,0.1833,2.13,77.19,-105.93,0.0925,0.6827,1.29,9.53,0.41,50.4,50.4,12.6,-0.01
403,22.099,0.839,17.862,21.964,0.823,17.984,0.1832,2.15,77.17,-105.91,0.0927,0.6829,1.29,9.53,0.41,50.4,50.4,12.6,-0.01
404,22.105,0.842,17.855,21.97,0.826,17.977,0.1831,2.15,77.12,-105.91,0.0929,0.683,1.3,9.54,0.41,50.4,50.4,12.6,-0.01
405,22.112,0.845,17.848,21.977,0.828,17.97,0.183,2.15,77.1,-105.89,0.0931,0.6832,1.3,9.54,0.41,50.4,50.4,12.6,-0.01
406,22.119,0.848,17.841,21.984,0.831,17.963,0.183,2.18,77.08,-105.86,0.0933,0.6834,1.3,9.54,0.41,50.4,50.4,12.6,-0.01
407,22.126,0.85,17.834,21.991,0.834,17.956,0.1829,2.18,77.06,-105.86,0.0935,0.6835,1.31,9.54,0.41,50.4,50.4,12.6,-0.01
408,22.133,0.853,17.827,21.998,0.837,17.949,0.1828,2.18,77.01,-105.84,0.0937,0.6837,1.31,9.55,0.41,50.4,50.4,12.6,-0.01
409,22.14,0.856,17.82,22.005,0.839,17.942,0.1828,2.18,76.99,-105.82,0.0939,0.6839,1.31,9.55,0.41,50.4,50.4,12.6,-0.01
410,22.147,0.859,17.813,22.012,0.842,17.935,0.1827,2.2,76.97,-105.82,0.0941,0.6841,1.31,9.55,0.41,50.4,50.4,12.6,-0.01
411,22.154,0.862,17.806,22.019,0.845,17.928,0.1826,2.2,76.93,-105.8,0.0943,0.6842,1.32,9.55,0.41,50.4,50.4,12.6,-0.01
412,22.161,0.864,17.799,22.026,0.848,17.921,0.1826,2.2,76.9,-105.8,0.0945,0.6844,1.32,9.56,0.41,50.4,50.4,12.6,-0.01
413,22.168,0.867,17.792,22.033,0.85,17.914,0.1825,2.22,76.88,-105.78,0.0947,0.6846,1.32,9.56,0.41,50.4,50.4,12.6,-0.01
414,22.175,0.87,17.785,22.04,0.853,17.907,0.1824,2.22,76.86,-105.75,0.0949,0.6847,1.32,9.56,0.41,50.4,50.4,12.6,-0.01
415,22.182,0.873,17.778,22.047,0.856,17.9,0.1824,2.22,76.82,-105.75,0.0951,0.6849,1.33,9.56,0.41,50.4,50.4,12.6,-0.01
416,22.189,0.875,17.771,22.054,0.859,17.893,0.1823,2.22,76.79,-105.73,0.0953,0.685,1.33,9.56,0.41,50.4,50.4,12.6,-0.01
417,22.196,0.878,17.764,22.061,0.862,17.886,0.1822,2.24,76.77,-105.73,0.0955,0.6852,1.33,9.57,0.41,50.4,50.4,12.6,-0.01
418,22.202,0.881,17.757,22.068,0.864,17.879,0.1822,2.24,76.73,-105.71,0.0957,0.6854,1.34,9.57,0.41,50.4,50.4,12.6,-0.01
419,22.209,0.884,17.751,22.075,0.867,17.872,0.1821,2.24,76.71,-105.69,0.0959,0.6855,1.34,9.57,0.4,50.4,50.4,12.6,-0.01
420,22.216,0.887,17.744,22.082,0.87,17.865,0.182,2.26,76.68,-105.69,0.0961,0.6857,1.34,9.57,0.4,50.4,50.4,12.6,-0.01
421,22.223,0.889,17.737,22.089,0.873,17.858,0.182,2.26,76.66,-105.67,0.0963,0.6858,1.34,9.58,0.4,50.4,50.4,12.6,-0.01
422,22.23,0.892,17.73,22.096,0.875,17.851,0.1819,2.26,76.62,-105.67,0.0965,0.686,1.35,9.58,0.4,50.4,50.4,12.6,-0.01
423,22.237,0.895,17.723,22.103,0.878,17.844,0.1818,2.29,76.6,-105.64,0.0967,0.6862,1.35,9.58,0.4,50.4,50.4,12.6,-0.01
424,22.244,0.898,17.716,22.11,0.881,17.837,0.1818,2.29,76.57,-105.62,0.0969,0.6864,1.35,9.58,0.41,50.4,50.4,12.6,-0.01
425,22.251,0.9,17.709,22.117,0.883,17.83,0.1817,2.29,76.53,-105.62,0.097,0.6865,1.36,9.59,0.41,50.4,50.4,12.6,-0.01
426,22.258,0.903,17.702,22.124,0.886,17.824,0.1816,2.29,76.51,-105.6,0.0972,0.6867,1.36,9.59,0.4,50.4,50.4,12.6,-0.01
427,22.265,0.906,17.695,22.131,0.889,17.817,0.1816,2.31,76.49,-105.58,0.0974,0.6869,1.36,9.59,0.4,50.4,50.4,12.6,-0.01
428,22.272,0.909,17.688,22.138,0.892,17.81,0.1815,2.31,76.46,-105.58,0.0976,0.687,1.36,9.59,0.4,50.4,50.4,12.6,-0.01
429,22.279,0.911,17.681,22.145,0.895,17.803,0.1814,2.31,76.42,-105.56,0.0978,0.6872,1.37,9.6,0.4,50.4,50.4,12.6,-0.01
430,22.286,0.914,17.674,22.152,0.897,17.796,0.1814,2.33,76.4,-105.56,0.098,0.6874,1.37,9.6,0.4,50.4,50.4,12.6,-0.01
431,22.293,0.917,17.667,22.159,0.9,17.789,0.1813,2.33,76.38,-105.53,0.0982,0.6875,1.37,9.6,0.4,50.4,50.4,12.6,-0.01
432,22.299,0.92,17.66,22.166,0.903,17.782,0.1812,2.33,76.35,-105.51,0.0984,0.6877,1.37,9.6,0.4,50.4,50.4,12.6,-0.01
433,22.306,0.923,17.653,22.173,0.906,17.775,0.1811,2.33,76.31,-105.51,0.0986,0.6878,1.38,9.6,0.4,50.4,50.4,12.6,-0.01
434,22.313,0.925,17.646,22.18,0.908,17.768,0.1811,2.35,76.29,-105.49,0.0988,0.688,1.38,9.61,0.4,50.4,50.4,12.6,-0.01
435,22.32,0.928,17.639,22.187,0.911,17.761,0.181,2.35,76.27,-105.47,0.099,0.6882,1.38,9.61,0.4,50.4,50.4,12.6,-0.0
436,22.327,0.931,17.632,22.194,0.914,17.754,0.1809,2.35,76.22,-105.47,0.0992,0.6883,1.39,9.61,0.4,50.4,50.4,12.6,-0.0
437,22.334,0.934,17.626,22.201,0.917,17.747,0.1809,2.37,76.2,-105.45,0.0994,0.6885,1.39,9.61,0.4,50.4,50.4,12.6,-0.0
438,22.341,0.936,17.619,22.208,0.919,17.74,0.1808,2.37,76.18,-105.45,0.0996,0.6887,1.39,9.62,0.4,50.4,50.4,12.6,-0.01
439,22.348,0.939,17.612,22.215,0.922,17.733,0.1807,2.37,76.16,-105.42,0.0998,0.6888,1.39,9.62,0.41,50.4,50.4,12.6,-0.01
440,22.355,0.942,17.605,22.222,0.925,17.726,0.1807,2.37,76.11,-105.4,0.1,0.689,1.4,9.62,0.41,50.4,50.4,12.6,-0.01
441,22.362,0.945,17.598,22.229,0.928,17.719,0.1806,2.4,76.09,-105.4,0.1002,0.6892,1.4,9.62,0.4,50.4,50.4,12.6,-0.0
442,22.369,0.948,17.591,22.236,0.931,17.712,0.1805,2.4,76.07,-105.38,0.1004,0.6894,1.4,9.63,0.4,50.4,50.4,12.6,-0.0
443,22.376,0.95,17.584,22.243,0.933,17.705,0.1805,2.4,76.03,-105.36,0.1006,0.6895,1.41,9.63,0.4,50.4,50.4,12.6,-0.0
444,22.383,0.953,17.577,22.25,0.936,17.698,0.1804,2.42,76.0,-105.36,0.1008,0.6897,1.41,9.63,0.4,50.4,50.4,12.6,-0.0
445,22.39,0.956,17.57,22.257,0.939,17.691,0.1803,2.42,75.98,-105.34,0.101,0.6898,1.41,9.63,0.4,50.4,50.4,12.6,-0.0
446,22.397,0.959,17.563,22.264,0.942,17.684,0.1803,2.42,75.96,-105.34,0.1012,0.69,1.41,9.63,0.4,50.4,50.4,12.6,-0.0
447,22.403,0.961,17.556,22.271,0.944,17.677,0.1802,2.42,75.92,-105.31,0.1014,0.6902,1.42,9.64,0.4,50.4,50.4,12.6,-0.0
448,22.41,0.964,17.549,22.278,0.947,17.67,0.1801,2.44,75.89,-105.29,0.1016,0.6903,1.42,9.64,0.4,50.4,50.4,12.6,-0.0
449,22.417,0.967,17.542,22.285,0.95,17.663,0.1801,2.44,75.87,-105.29,0.1018,0.6905,1.42,9.64,0.4,50.4,50.4,12.6,-0.0
450,22.424,0.97,17.535,22.292,0.953,17.656,0.18,2.44,75.83,-105.27,0.102,0.6906,1.42,9.64,0.4,50.4,50.4,12.6,-0.0
451,22.431,0.972,17.528,22.299,0.955,17.649,0.1799,2.46,75.81,-105.25,0.1022,0.6908,1.43,9.65,0.4,50.4,50.4,12.6,-0.0
452,22.438,0.975,17.521,22.306,0.958,17.642,0.1798,2.46,75.78,-105.25,0.1024,0.691,1.43,9.65,0.4,50.4,50.4,12.6,-0.0
453,22.445,0.978,17.514,22.313,0.961,17.635,0.1798,2.46,75.76,-105.23,0.1026,0.6911,1.43,9.65,0.4,50.4,50.4,12.6,-0.01
454,22.452,0.981,17.507,22.319,0.963,17.628,0.1797,2.46,75.72,-105.21,0.1028,0.6913,1.44,9.65,0.4,50.4,50.4,12.6,-0.01
455,22.459,0.984,17.501,22.326,0.966,17.621,0.1796,2.48,75.7,-105.21,0.103,0.6915,1.44,9.66,0.4,50.4,50.4,12.6,-0.01
456,22.466,0.986,17.494,22.333,0.969,17.614,0.1796,2.48,75.67,-105.18,0.1032,0.6917,1.44,9.66,0.4,50.4,50.4,12.6,-0.0
457,22.473,0.989,17.487,22.34,0.972,17.607,0.1795,2.48,75.65,-105.18,0.1034,0.6918,1.44,9.66,0.4,50.4,50.4,12.6,-0.0
458,22.48,0.992,17.48,22.347,0.975,17.6,0.1794,2.5,75.61,-105.16,0.1036,0.692,1.45,9.66,0.4,50.4,50.4,12.6,-0.0
459,22.487,0.995,17.473,22.354,0.977,17.593,0.1794,2.5,75.59,-105.14,0.1038,0.6922,1.45,9.66,0.4,50.4,50.4,12.6,-0.0
460,22.494,0.997,17.466,22.361,0.98,17.586,0.1793,2.5,75.56,-105.14,0.1041,0.6923,1.45,9.67,0.4,50.4,50.4,12.6,-0.0
461,22.501,1.0,17.459,22.368,0.983,17.579,0.1792,2.53,75.52,-105.12,0.1043,0.6925,1.46,9.67,0.4,50.4,50.4,12.6,-0.0
462,22.507,1.003,17.452,22.375,0.986,17.572,0.1792,2.53,75.5,-105.1,0.1045,0.6926,1.46,9.67,0.4,50.4,50.4,12.6,-0.0
463,22.514,1.006,17.445,22.382,0.988,17.565,0.1791,2.53,75.48,-105.1,0.1047,0.6928,1.46,9.67,0.4,50.4,50.4,12.6,-0.0
464,22.521,1.009,17.438,22.389,0.991,17.558,0.179,2.53,75.45,-105.07,0.1049,0.693,1.46,9.68,0.4,50.4,50.4,12.6,-0.0
465,22.528,1.011,17.431,22.396,0.994,17.551,0.179,2.55,75.41,-105.05,0.1051,0.6931,1.47,9.68,0.4,50.4,50.4,12.6,-0.0
466,22.535,1.014,17.424,22.403,0.997,17.544,0.1789,2.55,75.39,-105.05,0.1053,0.6933,1.47,9.68,0.4,50.4,50.4,12.6,-0.0
467,22.542,1.017,17.417,22.41,1.0,17.537,0.1788,2.55,75.37,-105.03,0.1055,0.6935,1.47,9.68,0.4,50.4,50.4,12.6,-0.0
468,22.549,1.02,17.41,22.417,1.002,17.53,0.1788,2.55,75.32,-105.01,0.1057,0.6936,1.48,9.68,0.4,50.4,50.4,12.6,-0.01
469,22.556,1.022,17.403,22.424,1.005,17.523,0.1787,2.57,75.3,-105.01,0.1059,0.6938,1.48,9.69,0.4,50.4,50.4,12.6,-0.01
470,22.563,1.025,17.396,22.431,1.008,17.516,0.1786,2.57,75.28,-104.99,0.1061,0.694,1.48,9.69,0.4,50.4,50.4,12.6,-0.0
471,22.57,1.028,17.389,22.438,1.011,17.509,0.1785,2.57,75.26,-104.96,0.1063,0.6942,1.48,9.69,0.4,50.4,50.4,12.6,-0.0
472,22.577,1.031,17.383,22.445,1.013,17.502,0.1785,2.59,75.21,-104.96,0.1065,0.6943,1.49,9.69,0.4,50.4,50.4,12.6,-0.0
473,22.584,1.033,17.376,22.452,1.016,17.495,0.1784,2.59,75.19,-104.94,0.1067,0.6945,1.49,9.7,0.4,50.4,50.4,12.6,-0.0
474,22.591,1.036,17.369,22.459,1.019,17.488,0.1783,2.59,75.17,-104.94,0.1069,0.6946,1.49,9.7,0.4,50.4,50.4,12.6,-0.0
475,22.598,1.039,17.362,22.466,1.022,17.481,0.1783,2.59,75.12,-104.92,0.1071,0.6948,1.5,9.7,0.4,50.4,50.4,12.6,-0.0
476,22.605,1.042,17.355,22.473,1.024,17.474,0.1782,2.61,75.1,-104.9,0.1073,0.695,1.5,9.7,0.4,50.4,50.4,12.6,-0.0
477,22.611,1.045,17.348,22.48,1.027,17.467,0.1781,2.61,75.08,-104.9,0.1075,0.6951,1.5,9.71,0.4,50.4,50.4,12.6,-0.0
478,22.618,1.047,17.341,22.487,1.03,17.46,0.1781,2.61,75.06,-104.88,0.1077,0.6953,1.5,9.71,0.4,50.4,50.4,12.6,-0.0
479,22.625,1.05,17.334,22.494,1.033,17.453,0.178,2.64,75.01,-104.85,0.1079,0.6954,1.51,9.71,0.4,50.4,50.4,12.6,-0.0
480,22.632,1.053,17.327,22.501,1.035,17.446,0.1779,2.64,74.99,-104.85,0.1081,0.6956,1.51,9.71,0.4,50.4,50.4,12.6,-0.0
481,22.639,1.056,17.32,22.508,1.038,17.439,0.1779,2.64,74.97,-104.83,0.1083,0.6958,1.51,9.71,0.39,50.4,50.4,12.6,-0.0
482,22.646,1.058,17.313,22.515,1.041,17.432,0.1778,2.64,74.93,-104.81,0.1085,0.6959,1.51,9.72,0.39,50.4,50.4,12.6,-0.0
483,22.653,1.061,17.306,22.522,1.044,17.425,0.1777,2.66,74.9,-104.81,0.1087,0.6961,1.52,9.72,0.4,50.4,50.4,12.6,-0.01
484,22.66,1.064,17.299,22.529,1.046,17.418,0.1777,2.66,74.88,-104.79,0.1089,0.6963,1.52,9.72,0.4,50.4,50.4,12.6,-0.01
485,22.667,1.067,17.292,22.536,1.049,17.411,0.1776,2.66,74.86,-104.77,0.1091,0.6965,1.52,9.72,0.39,50.4,50.4,12.6,-0.0
486,22.674,1.07,17.285,22.543,1.052,17.404,0.1775,2.68,74.82,-104.77,0.1093,0.6966,1.53,9.73,0.39,50.4,50.4,12.6,-0.0
487,22.681,1.072,17.278,22.55,1.055,17.397,0.1774,2.68,74.79,-104.74,0.1095,0.6968,1.53,9.73,0.39,50.4,50.4,12.6,-0.0
488,22.688,1.075,17.271,22.557,1.058,17.39,0.1774,2.68,74.77,-104.72,0.1097,0.697,1.53,9.73,0.39,50.4,50.4,12.6,-0.0
489,22.695,1.078,17.264,22.564,1.06,17.383,0.1773,2.68,74.75,-104.72,0.1099,0.6971,1.53,9.73,0.39,50.4,50.4,12.6,-0.0
490,22.702,1.081,17.258,22.571,1.063,17.376,0.1772,2.7,74.71,-104.7,0.1101,0.6973,1.54,9.74,0.39,50.4,50.4,12.6,-0.0
491,22.709,1.083,17.251,22.578,1.066,17.369,0.1772,2.7,74.69,-104.68,0.1103,0.6974,1.54,9.74,0.39,50.4,50.4,12.6,-0.0
492,22.715,1.086,17.244,22.585,1.069,17.362,0.1771,2.7,74.66,-104.68,0.1105,0.6976,1.54,9.74,0.39,50.4,50.4,12.6,-0.0
493,22.722,1.089,17.237,22.592,1.071,17.355,0.177,2.72,74.62,-104.66,0.1107,0.6978,1.55,9.74,0.39,50.4,50.4,12.6,-0.0
494,22.729,1.092,17.23,22.599,1.074,17.348,0.177,2.72,74.6,-104.63,0.1109,0.6979,1.55,9.75,0.39,50.4,50.4,12.6,-0.0
495,22.736,1.094,17.223,22.606,1.077,17.341,0.1769,2.72,74.58,-104.63,0.1111,0.6981,1.55,9.75,0.39,50.4,50.4,12.6,-0.0
496,22.743,1.097,17.216,22.613,1.08,17.334,0.1768,2.72,74.55,-104.61,0.1113,0.6983,1.55,9.75,0.39,50.4,50.4,12.6,-0.0
497,22.75,1.1,17.209,22.62,1.082,17.327,0.1767,2.75,74.51,-104.59,0.1115,0.6984,1.56,9.75,0.39,50.4,50.4,12.6,-0.0
498,22.757,1.103,17.202,22.627,1.085,17.32,0.1767,2.75,74.49,-104.59,0.1117,0.6986,1.56,9.75,0.4,50.4,50.4,12.6,-0.01
499,22.764,1.106,17.195,22.634,1.088,17.313,0.1766,2.75,74.47,-104.57,0.112,0.6988,1.56,9.76,0.4,50.4,50.4,12.6,-0.0
500,22.771,1.108,17.188,22.641,1.091,17.306,0.1765,2.77,74.42,-104.55,0.1122,0.699,1.57,9.76,0.39,50.4,50.4,12.6,-0.0
501,22.778,1.111,17.181,22.648,1.093,17.299,0.1765,2.77,74.4,-104.55,0.1124,0.6991,1.57,9.76,0.39,50.4,50.4,12.6,-0.0
502,22.785,1.114,17.174,22.655,1.096,17.292,0.1764,2.77,74.38,-104.52,0.1126,0.6993,1.57,9.76,0.39,50.4,50.4,12.6,-0.0
503,22.792,1.117,17.167,22.662,1.099,17.285,0.1763,2.77,74.36,-104.5,0.1128,0.6995,1.57,9.77,0.39,50.4,50.4,12.6,-0.0
504,22.799,1.119,17.16,22.669,1.102,17.278,0.1763,2.79,74.31,-104.5,0.113,0.6996,1.58,9.77,0.39,50.4,50.4,12.6,-0.0
505,22.806,1.122,17.153,22.675,1.104,17.271,0.1762,2.79,74.29,-104.48,0.1132,0.6998,1.58,9.77,0.39,50.4,50.4,12.6,-0.0
506,22.813,1.125,17.146,22.682,1.107,17.264,0.1761,2.79,74.27,-104.46,0.1134,0.6999,1.58,9.77,0.39,50.4,50.4,12.6,-0.0
507,22.819,1.128,17.139,22.689,1.11,17.257,0.1761,2.79,74.22,-104.46,0.1136,0.7001,1.59,9.78,0.39,50.4,50.4,12.6,-0.0
508,22.826,1.131,17.132,22.696,1.113,17.25,0.176,2.81,74.2,-104.44,0.1138,0.7003,1.59,9.78,0.39,50.4,50.4,12.6,-0.0
509,22.833,1.133,17.126,22.703,1.116,17.243,0.1759,2.81,74.18,-104.41,0.114,0.7004,1.59,9.78,0.39,50.4,50.4,12.6,-0.0
510,22.84,1.136,17.119,22.71,1.118,17.236,0.1758,2.81,74.16,-104.41,0.1142,0.7006,1.59,9.78,0.39,50.4,50.4,12.6,-0.0
511,22.847,1.139,17.112,22.717,1.121,17.229,0.1758,2.83,74.11,-104.39,0.1144,0.7007,1.6,9.78,0.39,50.4,50.4,12.6,-0.0
512,22.854,1.142,17.105,22.724,1.124,17.222,0.1757,2.83,74.09,-104.37,0.1146,0.7009,1.6,9.79,0.39,50.4,50.4,12.6,-0.0
513,22.861,1.144,17.098,22.731,1.126,17.215,0.1756,2.83,74.07,-104.37,0.1148,0.7011,1.6,9.79,0.39,50.4,50.4,12.6,-0.0
514,22.868,1.147,17.091,22.738,1.129,17.208,0.1756,2.83,74.03,-104.35,0.115,0.7013,1.61,9.79,0.39,50.4,50.4,12.6,-0.0
515,22.875,1.15,17.084,22.745,1.132,17.201,0.1755,2.86,74.0,-104.33,0.1152,0.7015,1.61,9.79,0.39,50.4,50.4,12.6,-0.0
516,22.882,1.153,17.077,22.752,1.135,17.194,0.1754,2.86,73.98,-104.33,0.1154,0.7016,1.61,9.8,0.39,50.4,50.4,12.6,-0.0
517,22.889,1.156,17.07,22.759,1.138,17.187,0.1754,2.86,73.96,-104.3,0.1156,0.7018,1.61,9.8,0.39,50.4,50.4,12.6,-0.0
518,22.896,1.158,17.063,22.766,1.14,17.18,0.1753,2.88,73.92,-104.28,0.1158,0.7019,1.62,9.8,0.39,50.4,50.4,12.6,-0.0
519,22.903,1.161,17.056,22.773,1.143,17.173,0.1752,2.88,73.89,-104.28,0.116,0.7021,1.62,9.8,0.39,50.4,50.4,12.6,-0.0
520,22.91,1.164,17.049,22.78,1.146,17.166,0.1751,2.88,73.87,-104.26,0.1163,0.7023,1.62,9.81,0.39,50.4,50.4,12.6,-0.0
521,22.917,1.167,17.042,22.787,1.149,17.159,0.1751,2.88,73.85,-104.24,0.1165,0.7024,1.63,9.81,0.39,50.4,50.4,12.6,-0.0
522,22.923,1.169,17.035,22.794,1.151,17.152,0.175,2.9,73.81,-104.24,0.1167,0.7026,1.63,9.81,0.39,50.4,50.4,12.6,-0.0
523,22.93,1.172,17.028,22.801,1.154,17.145,0.1749,2.9,73.78,-104.22,0.1169,0.7028,1.63,9.81,0.39,50.4,50.4,12.6,-0.0
524,22.937,1.175,17.021,22.808,1.157,17.138,0.1749,2.9,73.76,-104.19,0.1171,0.7029,1.63,9.81,0.39,50.4,50.4,12.6,-0.0
525,22.944,1.178,17.014,22.815,1.16,17.131,0.1748,2.9,73.72,-104.19,0.1173,0.7031,1.64,9.82,0.39,50.4,50.4,12.6,-0.0
526,22.951,1.18,17.007,22.822,1.162,17.124,0.1747,2.92,73.7,-104.17,0.1175,0.7032,1.64,9.82,0.39,50.4,50.4,12.6,-0.0
527,22.958,1.183,17.001,22.829,1.165,17.117,0.1747,2.92,73.67,-104.15,0.1177,0.7034,1.64,9.82,0.39,50.4,50.4,12.6,-0.0
528,22.965,1.186,16.994,22.836,1.168,17.11,0.1746,2.92,73.65,-104.13,0.1179,0.7036,1.65,9.82,0.39,50.4,50.4,12.6,-0.0
529,22.972,1.189,16.987,22.843,1.171,17.103,0.1745,2.94,73.61,-104.13,0.1181,0.7038,1.65,9.83,0.39,50.4,50.4,12.6,-0.0
530,22.979,1.192,16.98,22.85,1.174,17.096,0.1744,2.94,73.59,-104.11,0.1183,0.704,1.65,9.83,0.39,50.4,50.4,12.6,-0.0
531,22.986,1.194,16.973,22.857,1.176,17.089,0.1744,2.94,73.56,-104.08,0.1185,0.7041,1.65,9.83,0.39,50.4,50.4,12.6,-0.0
532,22.993,1.197,16.966,22.864,1.179,17.082,0.1743,2.94,73.52,-104.08,0.1187,0.7043,1.66,9.83,0.39,50.4,50.4,12.6,-0.0
533,23.0,1.2,16.959,22.871,1.182,17.075,0.1742,2.97,73.5,-104.06,0.1189,0.7044,1.66,9.84,0.39,50.4,50.4,12.6,-0.0
534,23.007,1.203,16.952,22.878,1.185,17.068,0.1742,2.97,73.48,-104.04,0.1191,0.7046,1.66,9.84,0.39,50.4,50.4,12.6,-0.0
535,23.014,1.205,16.945,22.885,1.187,17.061,0.1741,2.97,73.45,-104.04,0.1193,0.7048,1.67,9.84,0.39,50.4,50.4,12.6,-0.0
536,23.021,1.208,16.938,22.892,1.19,17.054,0.174,2.97,73.41,-104.02,0.1195,0.7049,1.67,9.84,0.39,50.4,50.4,12.6,-0.0
537,23.028,1.211,16.931,22.899,1.193,17.047,0.174,2.99,73.39,-104.0,0.1197,0.7051,1.67,9.84,0.39,50.4,50.4,12.6,-0.0
538,23.034,1.214,16.924,22.906,1.196,17.04,0.1739,2.99,73.37,-104.0,0.12,0.7053,1.67,9.85,0.39,50.4,50.4,12.6,-0.0
539,23.041,1.217,16.917,22.913,1.198,17.033,0.1738,2.99,73.32,-103.97,0.1202,0.7054,1.68,9.85,0.39,50.4,50.4,12.6,-0.0
540,23.048,1.219,16.91,22.92,1.201,17.026,0.1737,3.01,73.3,-103.95,0.1204,0.7056,1.68,9.85,0.39,50.4,50.4,12.6,-0.0
541,23.055,1.222,16.903,22.927,1.204,17.019,0.1737,3.01,73.28,-103.95,0.1206,0.7057,1.68,9.85,0.39,50.4,50.4,12.6,-0.0
542,23.062,1.225,16.896,22.934,1.207,17.012,0.1736,3.01,73.26,-103.93,0.1208,0.7059,1.69,9.86,0.39,50.4,50.4,12.6,-0.0
543,23.069,1.228,16.889,22.941,1.209,17.005,0.1735,3.01,73.21,-103.91,0.121,0.7061,1.69,9.86,0.39,50.4,50.4,12.6,-0.0
544,23.076,1.23,16.882,22.948,1.212,16.998,0.1735,3.03,73.19,-103.89,0.1212,0.7063,1.69,9.86,0.39,50.4,50.4,12.6,-0.0
545,23.083,1.233,16.876,22.955,1.215,16.991,0.1734,3.03,73.17,-103.89,0.1214,0.7064,1.7,9.86,0.39,50.4,50.4,12.6,-0.0
546,23.09,1.236,16.869,22.962,1.218,16.984,0.1733,3.03,73.12,-103.86,0.1216,0.7066,1.7,9.87,0.38,50.4,50.4,12.6,-0.0
547,23.097,1.239,16.862,22.969,1.221,16.977,0.1733,3.03,73.1,-103.84,0.1218,0.7068,1.7,9.87,0.38,50.4,50.4,12.6,-0.0
548,23.104,1.242,16.855,22.976,1.223,16.97,0.1732,3.05,73.08,-103.84,0.122,0.7069,1.7,9.87,0.38,50.4,50.4,12.6,-0.0
549,23.111,1.244,16.848,22.983,1.226,16.963,0.1731,3.05,73.06,-103.82,0.1222,0.7071,1.71,9.87,0.38,50.4,50.4,12.6,-0.0
550,23.118,1.247,16.841,22.99,1.229,16.956,0.173,3.05,73.02,-103.8,0.1224,0.7073,1.71,9.88,0.38,50.4,50.4,12.6,-0.0
551,23.125,1.25,16.834,22.997,1.232,16.949,0.173,3.08,72.99,-103.8,0.1226,0.7074,1.71,9.88,0.38,50.4,50.4,12.6,-0.0
552,23.132,1.253,16.827,23.004,1.234,16.942,0.1729,3.08,72.97,-103.78,0.1228,0.7076,1.72,9.88,0.38,50.4,50.4,12.6,-0.0
553,23.139,1.255,16.82,23.011,1.237,16.935,0.1728,3.08,72.93,-103.75,0.1231,0.7078,1.72,9.88,0.38,50.4,50.4,12.6,-0.0
554,23.145,1.258,16.813,23.018,1.24,16.928,0.1728,3.08,72.91,-103.73,0.1233,0.7079,1.72,9.88,0.38,50.4,50.4,12.6,-0.0
555,23.152,1.261,16.806,23.025,1.243,16.921,0.1727,3.1,72.88,-103.73,0.1235,0.7081,1.72,9.89,0.38,50.4,50.4,12.6,-0.0
556,23.159,1.264,16.799,23.032,1.245,16.914,0.1726,3.1,72.86,-103.71,0.1237,0.7083,1.73,9.89,0.39,50.4,50.4,12.6,-0.0
557,23.166,1.267,16.792,23.039,1.248,16.907,0.1726,3.1,72.82,-103.69,0.1239,0.7085,1.73,9.89,0.39,50.4,50.4,12.6,-0.0
558,23.173,1.269,16.785,23.045,1.251,16.9,0.1725,3.1,72.8,-103.69,0.1241,0.7086,1.73,9.89,0.39,50.4,50.4,12.6,-0.0
559,23.18,1.272,16.778,23.052,1.254,16.893,0.1724,3.12,72.77,-103.67,0.1243,0.7088,1.74,9.9,0.38,50.4,50.4,12.6,-0.0
560,23.187,1.275,16.771,23.06,1.256,16.885,0.1715,3.12,72.73,-103.65,0.1269,0.709,1.77,9.9,0.38,50.4,50.4,12.6,-0.0
561,23.194,1.278,16.764,23.067,1.259,16.877,0.171,3.12,72.71,-103.65,0.1284,0.7091,1.79,9.9,0.38,50.4,50.4,12.6,-0.0
562,23.201,1.28,16.757,23.074,1.262,16.87,0.1711,3.12,72.69,-103.62,0.1284,0.7093,1.79,9.9,0.38,50.4,50.4,12.6,-0.0
563,23.208,1.283,16.75,23.081,1.265,16.864,0.1711,3.14,72.66,-103.6,0.1286,0.7094,1.8,9.91,0.38,50.4,50.4,12.6,-0.0
564,23.215,1.286,16.744,23.088,1.268,16.857,0.1711,3.14,72.62,-103.58,0.1288,0.7096,1.8,9.91,0.38,50.4,50.4,12.6,-0.0
565,23.222,1.289,16.737,23.095,1.27,16.85,0.1711,3.14,72.6,-103.58,0.129,0.7098,1.8,9.91,0.38,50.4,50.4,12.6,-0.0
566,23.229,1.291,16.73,23.102,1.273,16.843,0.1711,3.16,72.58,-103.56,0.1292,0.7099,1.8,9.91,0.38,50.4,50.4,12.6,-0.0
567,23.236,1.294,16.723,23.109,1.276,16.836,0.1712,3.16,72.53,-103.54,0.1294,0.7101,1.81,9.91,0.38,50.4,50.4,12.6,-0.0
568,23.243,1.297,16.716,23.116,1.279,16.829,0.1712,3.16,72.51,-103.54,0.1296,0.7103,1.81,9.92,0.38,50.4,50.4,12.6,-0.0
569,23.25,1.3,16.709,23.122,1.281,16.822,0.1712,3.16,72.49,-103.51,0.1299,0.7104,1.81,9.92,0.38,50.4,50.4,12.6,-0.0
570,23.256,1.303,16.702,23.129,1.284,16.815,0.1712,3.19,72.47,-103.49,0.1301,0.7106,1.82,9.92,0.38,50.4,50.4,12.6,-0.0
571,23.263,1.305,16.695,23.136,1.287,16.809,0.1721,3.19,72.42,-103.47,0.1279,0.7108,1.79,9.92,0.38,50.4,50.4,12.6,-0.0
572,23.27,1.308,16.688,23.143,1.289,16.801,0.1714,3.19,72.4,-103.47,0.1299,0.711,1.81,9.93,0.39,50.4,50.4,12.6,-0.0
573,23.277,1.311,16.681,23.151,1.292,16.793,0.1703,3.19,72.38,-103.45,0.1331,0.7111,1.86,9.93,0.38,50.4,50.4,12.6,-0.0
574,23.284,1.314,16.674,23.157,1.295,16.787,0.171,3.21,72.36,-103.43,0.1314,0.7113,1.84,9.93,0.38,50.4,50.4,12.6,-0.0
575,23.291,1.316,16.667,23.164,1.298,16.781,0.1713,3.21,72.31,-103.43,0.131,0.7115,1.83,9.93,0.38,50.4,50.4,12.6,-0.0
576,23.298,1.319,16.66,23.171,1.301,16.774,0.1713,3.21,72.29,-103.4,0.1313,0.7116,1.83,9.94,0.38,50.4,50.4,12.6,-0.0
577,23.305,1.322,16.653,23.178,1.303,16.767,0.1713,3.21,72.27,-103.38,0.1315,0.7118,1.84,9.94,0.38,50.4,50.4,12.6,-0.0
578,23.312,1.325,16.646,23.185,1.306,16.76,0.1713,3.23,72.22,-103.36,0.1317,0.712,1.84,9.94,0.38,50.4,50.4,12.6,-0.0
579,23.319,1.328,16.639,23.192,1.309,16.753,0.1713,3.23,72.2,-103.36,0.1319,0.7121,1.84,9.94,0.38,50.4,50.4,12.6,-0.0
580,23.326,1.33,16.632,23.199,1.312,16.746,0.1713,3.23,72.18,-103.34,0.1321,0.7123,1.85,9.95,0.38,50.4,50.4,12.6,-0.0
581,23.333,1.333,16.625,23.206,1.314,16.739,0.1713,3.25,72.16,-103.32,0.1324,0.7124,1.85,9.95,0.38,50.4,50.4,12.6,-0.0
582,23.34,1.336,16.619,23.213,1.317,16.732,0.1714,3.25,72.11,-103.32,0.1326,0.7126,1.85,9.95,0.38,50.4,50.4,12.6,-0.0
583,23.347,1.339,16.612,23.22,1.32,16.725,0.1714,3.25,72.09,-103.29,0.1328,0.7128,1.85,9.95,0.38,50.4,50.4,12.6,-0.0
584,23.354,1.341,16.605,23.227,1.323,16.718,0.1714,3.25,72.07,-103.27,0.133,0.7129,1.86,9.95,0.38,50.4,50.4,12.6,-0.0
585,23.361,1.344,16.598,23.234,1.326,16.711,0.1714,3.27,72.05,-103.25,0.1331,0.7131,1.86,9.96,0.38,50.4,50.4,12.6,-0.0
586,23.367,1.347,16.591,23.24,1.328,16.706,0.1725,3.27,72.0,-103.25,0.1303,0.7133,1.82,9.96,0.38,50.4,50.4,12.6,-0.0
587,23.374,1.35,16.584,23.248,1.331,16.697,0.1712,3.27,71.98,-103.23,0.1341,0.7135,1.87,9.96,0.38,50.4,50.4,12.6,-0.0
588,23.381,1.353,16.577,23.255,1.334,16.689,0.1702,3.27,71.96,-103.21,0.137,0.7136,1.91,9.96,0.38,50.4,50.4,12.6,-0.0
589,23.388,1.355,16.57,23.261,1.337,16.684,0.1716,3.3,71.92,-103.18,0.1335,0.7138,1.86,9.97,0.38,50.4,50.4,12.6,-0.0
590,23.395,1.358,16.563,23.268,1.339,16.677,0.1715,3.3,71.89,-103.18,0.1342,0.714,1.87,9.97,0.38,50.4,50.4,12.6,-0.0
591,23.402,1.361,16.556,23.275,1.342,16.67,0.1715,3.3,71.87,-103.16,0.1344,0.7141,1.88,9.97,0.38,50.4,50.4,12.6,-0.0
592,23.409,1.364,16.549,23.282,1.345,16.663,0.1715,3.3,71.85,-103.14,0.1346,0.7143,1.88,9.97,0.38,50.4,50.4,12.6,-0.0
593,23.416,1.366,16.542,23.289,1.348,16.656,0.1715,3.32,71.81,-103.14,0.1349,0.7145,1.88,9.98,0.38,50.4,50.4,12.6,-0.0
594,23.423,1.369,16.535,23.296,1.35,16.649,0.1715,3.32,71.78,-103.12,0.1351,0.7146,1.89,9.98,0.38,50.4,50.4,12.6,0.0
595,23.43,1.372,16.528,23.303,1.353,16.642,0.1715,3.32,71.76,-103.1,0.1353,0.7148,1.89,9.98,0.38,50.4,50.4,12.6,0.0
596,23.437,1.375,16.521,23.31,1.356,16.635,0.1715,3.34,71.74,-103.07,0.1355,0.715,1.89,9.98,0.38,50.4,50.4,12.6,0.0
597,23.444,1.378,16.514,23.317,1.359,16.628,0.1715,3.34,71.7,-103.07,0.1357,0.7151,1.89,9.98,0.38,50.4,50.4,12.6,0.0
598,23.451,1.38,16.507,23.324,1.361,16.621,0.1716,3.34,71.67,-103.05,0.1359,0.7153,1.9,9.99,0.38,50.4,50.4,12.6,0.0
599,23.458,1.383,16.5,23.331,1.364,16.615,0.1716,3.34,71.65,-103.03,0.1361,0.7154,1.9,9.99,0.38,50.4,50.4,12.6,0.0
600,23.465,1.386,16.493,23.338,1.367,16.608,0.1719,3.36,71.61,-103.01,0.1353,0.7156,1.89,9.99,0.38,50.4,50.4,12.6,-0.0
601,23.472,1.389,16.487,23.345,1.37,16.601,0.1723,3.36,71.59,-103.01,0.1345,0.7158,1.88,9.99,0.38,50.4,50.4,12.6,-0.0
602,23.478,1.391,16.48,23.352,1.372,16.593,0.1711,3.36,71.56,-102.99,0.138,0.716,1.93,10.0,0.38,50.4,50.4,12.6,-0.0
603,23.485,1.394,16.473,23.359,1.375,16.586,0.1708,3.36,71.54,-102.96,0.139,0.7162,1.94,10.0,0.38,50.4,50.4,12.6,0.0
604,23.492,1.397,16.466,23.366,1.378,16.58,0.1718,3.38,71.5,-102.96,0.1368,0.7163,1.91,10.0,0.38,50.4,50.4,12.6,0.0
605,23.499,1.4,16.459,23.373,1.381,16.573,0.1716,3.38,71.48,-102.94,0.1374,0.7165,1.92,10.0,0.38,50.4,50.4,12.6,0.0
606,23.506,1.402,16.452,23.38,1.384,16.566,0.1717,3.38,71.46,-102.92,0.1376,0.7167,1.92,10.01,0.38,50.4,50.4,12.6,0.0
607,23.513,1.405,16.445,23.387,1.386,16.559,0.1717,3.38,71.43,-102.9,0.1378,0.7168,1.92,10.01,0.38,50.4,50.4,12.6,0.0
608,23.52,1.408,16.438,23.393,1.389,16.552,0.1717,3.41,71.39,-102.9,0.138,0.717,1.93,10.01,0.38,50.4,50.4,12.6,0.0
609,23.527,1.411,16.431,23.4,1.392,16.545,0.1717,3.41,71.37,-102.88,0.1382,0.7171,1.93,10.01,0.38,50.4,50.4,12.6,0.0
610,23.534,1.414,16.424,23.407,1.395,16.538,0.1717,3.41,71.35,-102.85,0.1384,0.7173,1.93,10.02,0.38,50.4,50.4,12.6,0.0
611,23.541,1.416,16.417,23.414,1.397,16.532,0.1717,3.41,71.3,-102.83,0.1386,0.7175,1.94,10.02,0.38,50.4,50.4,12.6,0.0
612,23.548,1.419,16.41,23.421,1.4,16.525,0.1717,3.43,71.28,-102.83,0.1388,0.7176,1.94,10.02,0.38,50.4,50.4,12.6,0.0
613,23.555,1.422,16.403,23.428,1.403,16.518,0.1717,3.43,71.26,-102.81,0.139,0.7178,1.94,10.02,0.38,50.4,50.4,12.6,0.0
614,23.562,1.425,16.396,23.435,1.406,16.511,0.1718,3.43,71.24,-102.79,0.1393,0.718,1.94,10.02,0.37,50.4,50.4,12.6,0.0
615,23.569,1.427,16.389,23.442,1.408,16.505,0.1725,3.43,71.19,-102.77,0.1376,0.7182,1.92,10.03,0.38,50.4,50.4,12.6,-0.0
616,23.576,1.43,16.382,23.449,1.411,16.497,0.1721,3.45,71.17,-102.77,0.1387,0.7184,1.94,10.03,0.38,50.4,50.4,12.6,-0.0
617,23.583,1.433,16.375,23.456,1.414,16.489,0.171,3.45,71.15,-102.74,0.142,0.7185,1.98,10.03,0.38,50.4,50.4,12.6,-0.0
618,23.59,1.436,16.368,23.463,1.417,16.483,0.1714,3.45,71.1,-102.72,0.141,0.7187,1.97,10.03,0.37,50.4,50.4,12.6,0.0
619,23.596,1.439,16.361,23.47,1.419,16.476,0.1719,3.47,71.08,-102.7,0.1401,0.7189,1.96,10.04,0.37,50.4,50.4,12.6,0.0
620,23.603,1.441,16.355,23.477,1.422,16.469,0.1718,3.47,71.06,-102.7,0.1405,0.719,1.96,10.04,0.37,50.4,50.4,12.6,0.0
621,23.61,1.444,16.348,23.484,1.425,16.462,0.1718,3.47,71.04,-102.68,0.1407,0.7192,1.96,10.04,0.37,50.4,50.4,12.6,0.0
622,23.617,1.447,16.341,23.491,1.428,16.455,0.1719,3.47,70.99,-102.66,0.1409,0.7193,1.97,10.04,0.37,50.4,50.4,12.6,0.0
623,23.624,1.45,16.334,23.498,1.431,16.448,0.1719,3.49,70.97,-102.63,0.1411,0.7195,1.97,10.05,0.37,50.4,50.4,12.6,0.0
624,23.631,1.452,16.327,23.505,1.433,16.442,0.1719,3.49,70.95,-102.63,0.1414,0.7197,1.97,10.05,0.37,50.4,50.4,12.6,0.0
625,23.638,1.455,16.32,23.512,1.436,16.435,0.1719,3.49,70.93,-102.61,0.1416,0.7198,1.98,10.05,0.37,50.4,50.4,12.6,0.0
626,23.645,1.458,16.313,23.519,1.439,16.428,0.1719,3.49,70.88,-102.59,0.1418,0.72,1.98,10.05,0.37,50.4,50.4,12.6,0.0
627,23.652,1.461,16.306,23.526,1.442,16.421,0.1719,3.52,70.86,-102.59,0.142,0.7202,1.98,10.06,0.37,50.4,50.4,12.6,0.0
628,23.659,1.464,16.299,23.533,1.444,16.414,0.1719,3.52,70.84,-102.57,0.1422,0.7203,1.99,10.06,0.37,50.4,50.4,12.6,0.0
629,23.666,1.466,16.292,23.539,1.447,16.407,0.1719,3.52,70.82,-102.55,0.1424,0.7205,1.99,10.06,0.37,50.4,50.4,12.6,0.0
630,23.673,1.469,16.285,23.546,1.45,16.401,0.173,3.52,70.77,-102.52,0.1398,0.7207,1.95,10.06,0.38,50.4,50.4,12.6,-0.0
631,23.68,1.472,16.278,23.553,1.453,16.393,0.1719,3.54,70.75,-102.52,0.1429,0.7209,2.0,10.07,0.38,50.4,50.4,12.6,-0.0
632,23.687,1.475,16.271,23.561,1.455,16.385,0.1709,3.54,70.73,-102.5,0.1459,0.7211,2.04,10.07,0.37,50.4,50.4,12.6,0.0
633,23.694,1.477,16.264,23.567,1.458,16.379,0.172,3.54,70.69,-102.48,0.1431,0.7212,2.0,10.07,0.37,50.4,50.4,12.6,0.0
634,23.701,1.48,16.257,23.574,1.461,16.372,0.172,3.54,70.66,-102.46,0.1434,0.7214,2.0,10.07,0.37,50.4,50.4,12.6,0.0
635,23.708,1.483,16.25,23.581,1.464,16.365,0.172,3.56,70.64,-102.46,0.1437,0.7215,2.01,10.07,0.37,50.4,50.4,12.6,0.0
636,23.714,1.486,16.243,23.588,1.466,16.359,0.172,3.56,70.62,-102.44,0.1439,0.7217,2.01,10.08,0.37,50.4,50.4,12.6,0.0
637,23.721,1.489,16.236,23.595,1.469,16.352,0.172,3.56,70.58,-102.41,0.1441,0.7219,2.01,10.08,0.37,50.4,50.4,12.6,0.0
638,23.728,1.491,16.229,23.602,1.472,16.345,0.1721,3.56,70.55,-102.39,0.1443,0.722,2.01,10.08,0.37,50.4,50.4,12.6,0.0
639,23.735,1.494,16.223,23.609,1.475,16.338,0.1721,3.58,70.53,-102.37,0.1445,0.7222,2.02,10.08,0.37,50.4,50.4,12.6,0.0
640,23.742,1.497,16.216,23.616,1.478,16.331,0.1721,3.58,70.51,-102.37,0.1447,0.7224,2.02,10.09,0.37,50.4,50.4,12.6,0.0
641,23.749,1.5,16.209,23.623,1.48,16.324,0.1721,3.58,70.47,-102.35,0.1449,0.7225,2.02,10.09,0.37,50.4,50.4,12.6,0.0
642,23.756,1.502,16.202,23.63,1.483,16.317,0.1721,3.58,70.44,-102.33,0.1451,0.7227,2.03,10.09,0.37,50.4,50.4,12.6,0.0
643,23.763,1.505,16.195,23.637,1.486,16.31,0.1721,3.6,70.42,-102.3,0.1454,0.7229,2.03,10.09,0.37,50.4,50.4,12.6,0.0
644,23.77,1.508,16.188,23.644,1.489,16.303,0.1724,3.6,70.38,-102.3,0.1449,0.723,2.02,10.1,0.37,50.4,50.4,12.6,0.0
645,23.777,1.511,16.181,23.65,1.491,16.297,0.173,3.6,70.36,-102.28,0.1434,0.7232,2.0,10.1,0.38,50.4,50.4,12.6,-0.0
646,23.784,1.514,16.174,23.658,1.494,16.289,0.1717,3.6,70.33,-102.26,0.147,0.7234,2.05,10.1,0.37,50.4,50.4,12.6,-0.0
647,23.791,1.516,16.167,23.665,1.497,16.281,0.1712,3.63,70.31,-102.24,0.1486,0.7236,2.07,10.1,0.37,50.4,50.4,12.6,0.0
648,23.798,1.519,16.16,23.671,1.5,16.276,0.1723,3.63,70.27,-102.24,0.146,0.7238,2.04,10.11,0.37,50.4,50.4,12.6,0.0
649,23.805,1.522,16.153,23.678,1.502,16.269,0.1722,3.63,70.25,-102.22,0.1466,0.7239,2.05,10.11,0.37,50.4,50.4,12.6,0.0
650,23.812,1.525,16.146,23.685,1.505,16.262,0.1722,3.63,70.22,-102.19,0.1468,0.7241,2.05,10.11,0.37,50.4,50.4,12.6,0.0
651,23.819,1.527,16.139,23.692,1.508,16.255,0.1722,3.65,70.2,-102.17,0.147,0.7243,2.05,10.11,0.37,50.4,50.4,12.6,0.0
652,23.826,1.53,16.132,23.699,1.511,16.248,0.1722,3.65,70.16,-102.17,0.1473,0.7244,2.06,10.11,0.37,50.4,50.4,12.6,0.0
653,23.832,1.533,16.125,23.706,1.513,16.241,0.1722,3.65,70.14,-102.15,0.1475,0.7246,2.06,10.12,0.37,50.4,50.4,12.6,0.0
654,23.839,1.536,16.118,23.713,1.516,16.234,0.1722,3.67,70.11,-102.13,0.1477,0.7247,2.06,10.12,0.37,50.4,50.4,12.6,0.0
655,23.846,1.539,16.111,23.72,1.519,16.227,0.1723,3.67,70.07,-102.11,0.1479,0.7249,2.06,10.12,0.37,50.4,50.4,12.6,0.0
656,23.853,1.541,16.104,23.727,1.522,16.22,0.1723,3.67,70.05,-102.11,0.1481,0.7251,2.07,10.12,0.37,50.4,50.4,12.6,0.0
657,23.86,1.544,16.097,23.734,1.525,16.213,0.1723,3.67,70.03,-102.08,0.1483,0.7252,2.07,10.13,0.37,50.4,50.4,12.6,0.0
658,23.867,1.547,16.09,23.741,1.527,16.206,0.1723,3.69,70.0,-102.06,0.1485,0.7254,2.07,10.13,0.37,50.4,50.4,12.6,0.0
659,23.874,1.55,16.084,23.748,1.53,16.2,0.1729,3.69,69.96,-102.04,0.1472,0.7256,2.06,10.13,0.37,50.4,50.4,12.6,0.0
660,23.881,1.552,16.077,23.755,1.533,16.193,0.1728,3.69,69.94,-102.02,0.1477,0.7258,2.06,10.13,0.37,50.4,50.4,12.6,-0.0
661,23.888,1.555,16.07,23.762,1.536,16.185,0.1716,3.69,69.92,-102.02,0.1509,0.726,2.11,10.14,0.37,50.4,50.4,12.6,0.0
662,23.895,1.558,16.063,23.769,1.538,16.178,0.1718,3.71,69.87,-102.0,0.1506,0.7261,2.1,10.14,0.37,50.4,50.4,12.6,0.0
663,23.902,1.561,16.056,23.776,1.541,16.172,0.1724,3.71,69.85,-101.98,0.1493,0.7263,2.09,10.14,0.37,50.4,50.4,12.6,0.0
664,23.909,1.564,16.049,23.783,1.544,16.165,0.1724,3.71,69.83,-101.95,0.1498,0.7265,2.09,10.14,0.37,50.4,50.4,12.6,0.0
665,23.916,1.566,16.042,23.79,1.547,16.158,0.1724,3.71,69.81,-101.95,0.15,0.7266,2.09,10.15,0.37,50.4,50.4,12.6,0.0
666,23.923,1.569,16.035,23.797,1.549,16.151,0.1724,3.74,69.76,-101.93,0.1502,0.7268,2.1,10.15,0.37,50.4,50.4,12.6,0.0
667,23.93,1.572,16.028,23.804,1.552,16.144,0.1724,3.74,69.74,-101.91,0.1504,0.727,2.1,10.15,0.37,50.4,50.4,12.6,0.0
668,23.937,1.575,16.021,23.811,1.555,16.137,0.1724,3.74,69.72,-101.89,0.1506,0.7271,2.1,10.15,0.37,50.4,50.4,12.6,0.0
669,23.944,1.577,16.014,23.818,1.558,16.13,0.1724,3.74,69.7,-101.89,0.1508,0.7273,2.11,10.15,0.37,50.4,50.4,12.6,0.0
670,23.95,1.58,16.007,23.825,1.561,16.123,0.1724,3.76,69.65,-101.87,0.1511,0.7275,2.11,10.16,0.37,50.4,50.4,12.6,0.0
671,23.957,1.583,16.0,23.831,1.563,16.116,0.1724,3.76,69.63,-101.84,0.1513,0.7276,2.11,10.16,0.37,50.4,50.4,12.6,0.0
672,23.964,1.586,15.993,23.838,1.566,16.109,0.1725,3.76,69.61,-101.82,0.1515,0.7278,2.12,10.16,0.37,50.4,50.4,12.6,0.0
673,23.971,1.589,15.986,23.845,1.569,16.102,0.1725,3.76,69.59,-101.8,0.1517,0.728,2.12,10.16,0.37,50.4,50.4,12.6,0.0
674,23.978,1.591,15.979,23.852,1.571,16.096,0.1734,3.78,69.54,-101.8,0.1495,0.7282,2.09,10.17,0.37,50.4,50.4,12.6,-0.0
675,23.985,1.594,15.972,23.859,1.574,16.089,0.1725,3.78,69.52,-101.78,0.1519,0.7284,2.12,10.17,0.37,50.4,50.4,12.6,-0.0
676,23.992,1.597,15.965,23.867,1.577,16.081,0.1715,3.78,69.5,-101.76,0.1549,0.7285,2.16,10.17,0.37,50.4,50.4,12.6,0.0
677,23.999,1.6,15.958,23.873,1.58,16.075,0.1724,3.78,69.46,-101.73,0.1528,0.7287,2.13,10.17,0.37,50.4,50.4,12.6,0.0
678,24.006,1.602,15.952,23.88,1.583,16.068,0.1726,3.8,69.43,-101.73,0.1527,0.7289,2.13,10.18,0.37,50.4,50.4,12.6,0.0
679,24.013,1.605,15.945,23.887,1.585,16.061,0.1725,3.8,69.41,-101.71,0.153,0.729,2.14,10.18,0.37,50.4,50.4,12.6,0.0
680,24.02,1.608,15.938,23.894,1.588,16.054,0.1725,3.8,69.39,-101.69,0.1532,0.7292,2.14,10.18,0.37,50.4,50.4,12.6,0.0
681,24.027,1.611,15.931,23.901,1.591,16.047,0.1726,3.8,69.35,-101.67,0.1534,0.7294,2.14,10.18,0.37,50.4,50.4,12.6,0.0
682,24.034,1.614,15.924,23.908,1.594,16.04,0.1726,3.82,69.32,-101.65,0.1536,0.7295,2.14,10.19,0.37,50.4,50.4,12.6,0.0
683,24.041,1.616,15.917,23.915,1.596,16.033,0.1726,3.82,69.3,-101.65,0.1538,0.7297,2.15,10.19,0.37,50.4,50.4,12.6,0.0
684,24.048,1.619,15.91,23.922,1.599,16.026,0.1726,3.82,69.28,-101.62,0.154,0.7299,2.15,10.19,0.37,50.4,50.4,12.6,0.0
685,24.055,1.622,15.903,23.929,1.602,16.019,0.1726,3.82,69.24,-101.6,0.1542,0.73,2.15,10.19,0.37,50.4,50.4,12.6,0.0
686,24.062,1.625,15.896,23.936,1.605,16.012,0.1726,3.85,69.21,-101.58,0.1545,0.7302,2.16,10.2,0.36,50.4,50.4,12.6,0.0
687,24.069,1.627,15.889,23.943,1.608,16.006,0.1726,3.85,69.19,-101.56,0.1547,0.7304,2.16,10.2,0.36,50.4,50.4,12.6,0.0
688,24.075,1.63,15.882,23.95,1.61,15.999,0.1728,3.85,69.15,-101.56,0.1545,0.7305,2.16,10.2,0.37,50.4,50.4,12.6,0.0
689,24.082,1.633,15.875,23.956,1.613,15.993,0.1736,3.85,69.13,-101.54,0.1525,0.7307,2.13,10.2,0.37,50.4,50.4,12.6,-0.0
690,24.089,1.636,15.868,23.964,1.616,15.984,0.1723,3.87,69.1,-101.51,0.156,0.7309,2.18,10.21,0.37,50.4,50.4,12.6,-0.0
691,24.096,1.639,15.861,23.971,1.619,15.977,0.1717,3.87,69.06,-101.49,0.1581,0.7311,2.21,10.21,0.36,50.4,50.4,12.6,0.0
692,24.103,1.641,15.854,23.977,1.621,15.971,0.1728,3.87,69.04,-101.49,0.1553,0.7313,2.17,10.21,0.36,50.4,50.4,12.6,0.0
693,24.11,1.644,15.847,23.984,1.624,15.964,0.1727,3.87,69.02,-101.47,0.1559,0.7314,2.18,10.21,0.36,50.4,50.4,12.6,0.0
694,24.117,1.647,15.84,23.991,1.627,15.957,0.1727,3.89,68.99,-101.45,0.1561,0.7316,2.18,10.21,0.36,50.4,50.4,12.6,0.0
695,24.124,1.65,15.833,23.998,1.63,15.95,0.1727,3.89,68.97,-101.43,0.1564,0.7318,2.18,10.22,0.36,50.4,50.4,12.6,0.0
696,24.131,1.652,15.826,24.005,1.632,15.943,0.1727,3.89,68.93,-101.4,0.1566,0.7319,2.19,10.22,0.36,50.4,50.4,12.6,0.0
697,24.138,1.655,15.819,24.012,1.635,15.936,0.1727,3.89,68.91,-101.4,0.1568,0.7321,2.19,10.22,0.36,50.4,50.4,12.6,0.0
698,24.145,1.658,15.813,24.019,1.638,15.929,0.1727,3.91,68.88,-101.38,0.157,0.7323,2.19,10.22,0.36,50.4,50.4,12.6,0.0
699,24.152,1.661,15.806,24.026,1.641,15.922,0.1728,3.91,68.84,-101.36,0.1572,0.7324,2.2,10.23,0.36,50.4,50.4,12.6,0.0
700,24.159,1.664,15.799,24.033,1.643,15.916,0.1728,3.91,68.82,-101.34,0.1574,0.7326,2.2,10.23,0.36,50.4,50.4,12.6,0.0
701,24.166,1.666,15.792,24.04,1.646,15.909,0.1728,3.91,68.8,-101.32,0.1576,0.7328,2.2,10.23,0.36,50.4,50.4,12.6,0.0
702,24.173,1.669,15.785,24.047,1.649,15.902,0.1728,3.93,68.77,-101.32,0.1579,0.7329,2.2,10.23,0.36,50.4,50.4,12.6,0.0
703,24.18,1.672,15.778,24.054,1.652,15.895,0.1733,3.93,68.73,-101.29,0.1568,0.7331,2.19,10.24,0.36,50.4,50.4,12.6,0.0
704,24.187,1.675,15.771,24.061,1.654,15.888,0.1734,3.93,68.71,-101.27,0.1567,0.7333,2.19,10.24,0.37,50.4,50.4,12.6,-0.0
705,24.194,1.677,15.764,24.068,1.657,15.88,0.1722,3.93,68.69,-101.25,0.16,0.7335,2.23,10.24,0.37,50.4,50.4,12.6,0.0
706,24.2,1.68,15.757,24.075,1.66,15.873,0.1722,3.96,68.64,-101.23,0.1602,0.7337,2.24,10.24,0.36,50.4,50.4,12.6,0.0
707,24.207,1.683,15.75,24.082,1.663,15.867,0.1729,3.96,68.62,-101.23,0.1587,0.7338,2.22,10.25,0.36,50.4,50.4,12.6,0.0
708,24.214,1.686,15.743,24.089,1.666,15.86,0.1729,3.96,68.6,-101.21,0.1591,0.734,2.22,10.25,0.36,50.4,50.4,12.6,0.0
709,24.221,1.689,15.736,24.096,1.668,15.853,0.1729,3.96,68.58,-101.18,0.1593,0.7342,2.22,10.25,0.36,50.4,50.4,12.6,0.0
710,24.228,1.691,15.729,24.103,1.671,15.846,0.1729,3.98,68.53,-101.16,0.1595,0.7343,2.23,10.25,0.36,50.4,50.4,12.6,0.0
711,24.235,1.694,15.722,24.11,1.674,15.839,0.1729,3.98,68.51,-101.14,0.1598,0.7345,2.23,10.26,0.36,50.4,50.4,12.6,0.0
712,24.242,1.697,15.715,24.117,1.677,15.832,0.1729,3.98,68.49,-101.14,0.16,0.7347,2.23,10.26,0.36,50.4,50.4,12.6,0.0
713,24.249,1.7,15.708,24.124,1.679,15.825,0.1729,3.98,68.47,-101.12,0.1602,0.7348,2.24,10.26,0.36,50.4,50.4,12.6,0.0
714,24.256,1.702,15.701,24.131,1.682,15.819,0.1729,3.98,68.42,-101.1,0.1604,0.735,2.24,10.26,0.36,50.4,50.4,12.6,0.0
715,24.263,1.705,15.694,24.138,1.685,15.812,0.1729,4.0,68.4,-101.07,0.1606,0.7352,2.24,10.26,0.36,50.4,50.4,12.6,0.0
716,24.27,1.708,15.687,24.144,1.688,15.805,0.173,4.0,68.38,-101.05,0.1608,0.7353,2.25,10.27,0.36,50.4,50.4,12.6,0.0
717,24.277,1.711,15.68,24.151,1.691,15.798,0.173,4.0,68.36,-101.05,0.161,0.7355,2.25,10.27,0.36,50.4,50.4,12.6,0.0
718,24.284,1.714,15.674,24.158,1.693,15.792,0.1738,4.0,68.31,-101.03,0.1591,0.7357,2.22,10.27,0.36,50.4,50.4,12.6,0.0
719,24.291,1.716,15.667,24.165,1.696,15.784,0.1731,4.02,68.29,-101.01,0.161,0.7359,2.25,10.28,0.37,50.4,50.4,12.6,-0.0
720,24.298,1.719,15.66,24.173,1.699,15.776,0.1721,4.02,68.27,-100.99,0.1639,0.7361,2.29,10.28,0.36,50.4,50.4,12.6,0.0
721,24.305,1.722,15.653,24.18,1.704,15.767,0.1702,4.02,68.23,-100.96,0.1693,0.7359,2.36,10.28,0.28,50.4,50.4,12.6,0.24
722,24.312,1.725,15.646,24.187,1.713,15.759,0.1684,4.04,68.2,-100.96,0.1743,0.735,2.43,10.26,0.07,50.4,50.4,12.6,0.84
723,24.318,1.727,15.639,24.195,1.72,15.751,0.167,4.06,68.16,-100.94,0.1793,0.7336,2.5,10.24,-0.06,50.4,50.4,12.6,1.22
724,24.325,1.73,15.632,24.202,1.723,15.743,0.1656,4.06,68.14,-100.92,0.1843,0.7324,2.57,10.23,-0.06,50.4,50.4,12.6,1.22
725,24.332,1.733,15.625,24.21,1.726,15.735,0.1643,4.09,68.09,-100.9,0.1892,0.7311,2.64,10.21,-0.06,50.4,50.4,12.6,1.22
726,24.339,1.736,15.618,24.218,1.728,15.727,0.1631,4.09,68.07,-100.88,0.1942,0.7296,2.71,10.19,-0.06,50.4,50.4,12.6,1.22
727,24.346,1.738,15.612,24.225,1.731,15.719,0.162,4.09,68.05,-100.85,0.1992,0.7277,2.78,10.16,-0.06,50.4,50.4,12.6,1.22
728,24.352,1.741,15.605,24.233,1.734,15.712,0.1608,4.09,68.01,-100.83,0.2042,0.7266,2.85,10.14,-0.06,50.4,50.4,12.6,1.22
729,24.359,1.744,15.598,24.24,1.737,15.704,0.1598,4.09,67.98,-100.83,0.2092,0.7253,2.92,10.13,-0.06,50.4,50.4,12.6,1.22
730,24.366,1.746,15.591,24.247,1.739,15.697,0.1588,4.11,67.96,-100.81,0.2141,0.724,2.99,10.11,-0.07,50.4,50.4,12.6,1.22
731,24.372,1.749,15.585,24.254,1.742,15.689,0.1578,4.11,67.92,-100.79,0.2191,0.7227,3.06,10.09,-0.07,50.4,50.4,12.6,1.22
732,24.379,1.752,15.578,24.262,1.745,15.682,0.157,4.11,67.9,-100.77,0.2241,0.7215,3.13,10.07,-0.07,50.4,50.4,12.6,1.22
733,24.386,1.754,15.572,24.269,1.747,15.675,0.1561,4.11,67.87,-100.74,0.2291,0.721,3.2,10.07,-0.06,50.4,50.4,12.6,1.22
734,24.392,1.757,15.565,24.276,1.75,15.668,0.1554,4.13,67.83,-100.72,0.234,0.7196,3.27,10.05,-0.06,50.4,50.4,12.6,1.22
735,24.399,1.759,15.559,24.283,1.753,15.661,0.1547,4.13,67.81,-100.72,0.239,0.7182,3.34,10.03,-0.07,50.4,50.4,12.6,1.22
736,24.405,1.762,15.552,24.29,1.755,15.655,0.1542,4.13,67.79,-100.7,0.244,0.7139,3.41,9.97,-0.07,50.4,50.4,12.6,1.22
737,24.411,1.765,15.546,24.297,1.758,15.647,0.1535,4.13,67.74,-100.68,0.2489,0.7154,3.48,9.99,-0.07,50.4,50.4,12.6,1.22
738,24.418,1.767,15.539,24.303,1.761,15.641,0.153,4.15,67.72,-100.66,0.2539,0.7138,3.55,9.97,-0.07,50.4,50.4,12.6,1.22
739,24.424,1.77,15.533,24.31,1.763,15.634,0.1526,4.15,67.7,-100.63,0.2589,0.7125,3.61,9.95,-0.07,50.4,50.4,12.6,1.22
740,24.43,1.772,15.527,24.317,1.766,15.628,0.1522,4.15,67.68,-100.61,0.2638,0.7112,3.68,9.93,-0.07,50.4,50.4,12.6,1.22
741,24.437,1.775,15.521,24.324,1.768,15.622,0.1519,4.15,67.65,-100.61,0.2688,0.7099,3.75,9.91,-0.08,50.4,50.4,12.6,1.22
742,24.443,1.777,15.514,24.33,1.771,15.615,0.1516,4.15,67.61,-100.59,0.2738,0.7086,3.82,9.89,-0.08,50.4,50.4,12.6,1.22
743,24.449,1.78,15.508,24.337,1.773,15.609,0.1514,4.17,67.59,-100.57,0.2787,0.7073,3.89,9.88,-0.08,50.4,50.4,12.6,1.22
744,24.455,1.782,15.502,24.343,1.776,15.603,0.1513,4.17,67.57,-100.55,0.2837,0.706,3.96,9.86,-0.08,50.4,50.4,12.6,1.22
745,24.461,1.785,15.496,24.35,1.778,15.597,0.1512,4.17,67.54,-100.52,0.2886,0.7046,4.03,9.84,-0.08,50.4,50.4,12.6,1.22
746,24.468,1.787,15.49,24.356,1.781,15.592,0.1512,4.17,67.52,-100.52,0.2936,0.7033,4.1,9.82,-0.08,50.4,50.4,12.6,1.22
747,24.474,1.789,15.484,24.363,1.783,15.586,0.1512,4.2,67.5,-100.5,0.2986,0.702,4.17,9.8,-0.08,50.4,50.4,12.6,1.22
748,24.48,1.792,15.478,24.369,1.786,15.58,0.1514,4.2,67.48,-100.48,0.3035,0.7007,4.24,9.78,-0.08,50.4,50.4,12.6,1.22
749,24.486,1.794,15.472,24.375,1.788,15.575,0.1515,4.2,67.46,-100.46,0.3085,0.7,4.31,9.77,-0.08,50.4,50.4,12.6,1.22
750,24.492,1.797,15.466,24.381,1.79,15.569,0.1518,4.2,67.41,-100.46,0.3134,0.6986,4.38,9.75,-0.08,50.4,50.4,12.6,1.22
751,24.498,1.799,15.46,24.386,1.793,15.569,0.1562,4.2,67.41,-100.44,0.3072,0.6973,4.29,9.74,-0.08,50.4,50.4,12.6,1.22
752,24.503,1.801,15.454,24.391,1.795,15.568,0.1601,4.22,67.39,-100.42,0.3026,0.6934,4.22,9.68,-0.09,50.4,50.4,12.6,1.22
753,24.509,1.804,15.448,24.396,1.797,15.565,0.1635,4.22,67.39,-100.39,0.298,0.6944,4.16,9.7,-0.09,50.4,50.4,12.6,1.22
754,24.515,1.806,15.442,24.401,1.8,15.564,0.1669,4.22,67.37,-100.39,0.2934,0.6928,4.1,9.67,-0.09,50.4,50.4,12.6,1.22
755,24.521,1.808,15.436,24.406,1.802,15.562,0.1701,4.22,67.35,-100.37,0.2888,0.6914,4.03,9.65,-0.09,50.4,50.4,12.6,1.22
756,24.527,1.811,15.431,24.411,1.804,15.559,0.1732,4.22,67.32,-100.35,0.2842,0.6901,3.97,9.64,-0.09,50.4,50.4,12.6,1.22
757,24.532,1.813,15.425,24.416,1.806,15.557,0.1762,4.24,67.32,-100.33,0.2796,0.6887,3.9,9.62,-0.09,50.4,50.4,12.6,1.22
758,24.538,1.815,15.419,24.421,1.809,15.554,0.1789,4.24,67.3,-100.33,0.275,0.6874,3.84,9.6,-0.09,50.4,50.4,12.6,1.22
759,24.544,1.817,15.413,24.426,1.811,15.552,0.1815,4.24,67.28,-100.31,0.2704,0.686,3.77,9.58,-0.09,50.4,50.4,12.6,1.22
760,24.549,1.82,15.408,24.432,1.813,15.549,0.184,4.24,67.26,-100.28,0.2658,0.6847,3.71,9.56,-0.09,50.4,50.4,12.6,1.22
761,24.555,1.822,15.402,24.437,1.815,15.546,0.1863,4.24,67.26,-100.26,0.2611,0.6833,3.65,9.54,-0.09,50.4,50.4,12.6,1.22
762,24.56,1.824,15.397,24.442,1.818,15.543,0.1884,4.26,67.24,-100.26,0.2565,0.682,3.58,9.52,-0.1,50.4,50.4,12.6,1.22
763,24.566,1.826,15.391,24.448,1.82,15.536,0.1871,4.26,67.21,-100.24,0.26,0.6806,3.63,9.5,-0.1,50.4,50.4,12.6,1.22
764,24.571,1.829,15.386,24.454,1.822,15.53,0.1863,4.26,67.19,-100.22,0.2624,0.6792,3.66,9.48,-0.1,50.4,50.4,12.6,1.22
765,24.577,1.831,15.38,24.46,1.824,15.524,0.1855,4.26,67.15,-100.2,0.2648,0.6779,3.7,9.47,-0.1,50.4,50.4,12.6,1.22
766,24.582,1.833,15.375,24.466,1.827,15.518,0.1847,4.26,67.13,-100.2,0.2672,0.6765,3.73,9.45,-0.1,50.4,50.4,12.6,1.22
767,24.588,1.835,15.369,24.472,1.829,15.512,0.1838,4.28,67.1,-100.17,0.2696,0.6756,3.76,9.43,-0.1,50.4,50.4,12.6,1.22
768,24.593,1.837,15.364,24.478,1.831,15.506,0.183,4.28,67.08,-100.15,0.272,0.6742,3.8,9.41,-0.1,50.4,50.4,12.6,1.22
769,24.598,1.839,15.359,24.484,1.833,15.501,0.1822,4.28,67.06,-100.15,0.2744,0.6728,3.83,9.39,-0.1,50.4,50.4,12.6,1.22
770,24.604,1.841,15.354,24.49,1.835,15.495,0.1816,4.28,67.04,-100.13,0.2768,0.6696,3.86,9.35,-0.1,50.4,50.4,12.6,1.22
771,24.609,1.844,15.348,24.496,1.838,15.489,0.1806,4.28,67.02,-100.11,0.2792,0.6699,3.9,9.35,-0.1,50.4,50.4,12.6,1.22
772,24.614,1.846,15.343,24.501,1.84,15.483,0.1799,4.28,66.99,-100.11,0.2816,0.6683,3.93,9.33,-0.11,50.4,50.4,12.6,1.22
773,24.619,1.848,15.338,24.507,1.842,15.478,0.1791,4.31,66.97,-100.09,0.2839,0.6669,3.96,9.31,-0.11,50.4,50.4,12.6,1.22
774,24.624,1.85,15.333,24.513,1.844,15.472,0.1783,4.31,66.95,-100.06,0.2863,0.6656,4.0,9.29,-0.11,50.4,50.4,12.6,1.22
775,24.629,1.852,15.328,24.519,1.846,15.466,0.1775,4.31,66.93,-100.06,0.2887,0.6642,4.03,9.27,-0.11,50.4,50.4,12.6,1.22
776,24.634,1.854,15.323,24.524,1.848,15.461,0.1767,4.31,66.91,-100.04,0.2911,0.6628,4.06,9.25,-0.11,50.4,50.4,12.6,1.22
777,24.639,1.856,15.318,24.53,1.85,15.455,0.1759,4.31,66.88,-100.02,0.2935,0.6614,4.1,9.23,-0.11,50.4,50.4,12.6,1.22
778,24.644,1.858,15.313,24.535,1.852,15.45,0.1751,4.31,66.86,-100.02,0.2958,0.66,4.13,9.22,-0.11,50.4,50.4,12.6,1.22
779,24.649,1.86,15.308,24.541,1.854,15.444,0.1743,4.33,66.84,-100.0,0.2982,0.6586,4.16,9.2,-0.11,50.4,50.4,12.6,1.22
780,24.654,1.862,15.303,24.546,1.856,15.439,0.1735,4.33,66.82,-99.98,0.3006,0.6572,4.2,9.18,-0.11,50.4,50.4,12.6,1.22
781,24.659,1.864,15.298,24.552,1.858,15.433,0.1727,4.33,66.8,-99.98,0.303,0.6558,4.23,9.16,-0.11,50.4,50.4,12.6,1.22
782,24.664,1.866,15.293,24.557,1.86,15.428,0.1719,4.33,66.77,-99.95,0.3053,0.6544,4.26,9.14,-0.12,50.4,50.4,12.6,1.22
783,24.669,1.868,15.288,24.563,1.862,15.422,0.1711,4.33,66.75,-99.93,0.3077,0.653,4.3,9.12,-0.12,50.4,50.4,12.6,1.22
784,24.674,1.869,15.283,24.568,1.864,15.417,0.1703,4.33,66.73,-99.93,0.3101,0.6516,4.33,9.1,-0.12,50.4,50.4,12.6,1.22
785,24.678,1.871,15.279,24.573,1.866,15.412,0.1695,4.35,66.71,-99.91,0.3125,0.6502,4.36,9.08,-0.12,50.4,50.4,12.6,1.22
786,24.683,1.873,15.274,24.579,1.868,15.406,0.1687,4.35,66.69,-99.89,0.3148,0.6488,4.4,9.06,-0.12,50.4,50.4,12.6,1.22
787,24.688,1.875,15.269,24.584,1.87,15.401,0.1679,4.35,66.67,-99.89,0.3172,0.6474,4.43,9.04,-0.12,50.4,50.4,12.6,1.22
788,24.692,1.877,15.265,24.589,1.872,15.396,0.1671,4.35,66.64,-99.87,0.3196,0.6462,4.46,9.02,-0.12,50.4,50.4,12.6,1.22
789,24.697,1.879,15.26,24.594,1.874,15.391,0.1663,4.35,66.62,-99.84,0.3219,0.6448,4.5,9.0,-0.12,50.4,50.4,12.6,1.22
790,24.702,1.881,15.255,24.6,1.876,15.386,0.1655,4.35,66.6,-99.84,0.3243,0.6434,4.53,8.98,-0.12,50.4,50.4,12.6,1.22
791,24.706,1.882,15.251,24.605,1.878,15.381,0.1648,4.37,66.58,-99.82,0.3267,0.641,4.56,8.95,-0.13,50.4,50.4,12.6,1.22
792,24.711,1.884,15.246,24.61,1.88,15.376,0.1639,4.37,66.56,-99.82,0.329,0.6405,4.59,8.94,-0.13,50.4,50.4,12.6,1.22
793,24.715,1.886,15.242,24.615,1.881,15.371,0.1632,4.37,66.53,-99.8,0.3314,0.6389,4.63,8.92,-0.13,50.4,50.4,12.6,1.22
794,24.72,1.888,15.238,24.62,1.883,15.366,0.1624,4.37,66.51,-99.78,0.3337,0.6375,4.66,8.9,-0.13,50.4,50.4,12.6,1.22
795,24.724,1.89,15.233,24.625,1.885,15.361,0.1616,4.37,66.49,-99.78,0.3361,0.6361,4.69,8.88,-0.13,50.4,50.4,12.6,1.22
796,24.728,1.891,15.229,24.63,1.887,15.356,0.1608,4.37,66.47,-99.76,0.3385,0.6346,4.73,8.86,-0.13,50.4,50.4,12.6,1.22
797,24.733,1.893,15.224,24.635,1.889,15.351,0.16,4.39,66.47,-99.76,0.3408,0.6332,4.76,8.84,-0.13,50.4,50.4,12.6,1.22
798,24.737,1.895,15.22,24.64,1.89,15.346,0.1592,4.39,66.45,-99.73,0.3432,0.6318,4.79,8.82,-0.13,50.4,50.4,12.6,1.22
799,24.741,1.896,15.216,24.644,1.892,15.341,0.1584,4.39,66.42,-99.71,0.3455,0.6304,4.82,8.8,-0.13,50.4,50.4,12.6,1.22
800,24.745,1.898,15.212,24.649,1.894,15.336,0.1576,4.39,66.4,-99.71,0.3479,0.6289,4.86,8.78,-0.13,50.4,50.4,12.6,1.22
801,24.75,1.9,15.207,24.654,1.896,15.332,0.1569,4.39,66.38,-99.69,0.3502,0.6275,4.89,8.76,-0.14,50.4,50.4,12.6,1.22
802,24.754,1.902,15.203,24.659,1.897,15.327,0.1561,4.39,66.36,-99.69,0.3526,0.626,4.92,8.74,-0.14,50.4,50.4,12.6,1.22
803,24.758,1.903,15.199,24.663,1.899,15.322,0.1553,4.39,66.34,-99.67,0.3549,0.6246,4.96,8.72,-0.14,50.4,50.4,12.6,1.22
804,24.762,1.905,15.195,24.668,1.901,15.318,0.1545,4.42,66.31,-99.67,0.3573,0.6232,4.99,8.7,-0.14,50.4,50.4,12.6,1.22
805,24.766,1.906,15.191,24.673,1.903,15.313,0.1537,4.42,66.31,-99.65,0.3596,0.6217,5.02,8.68,-0.14,50.4,50.4,12.6,1.22
806,24.77,1.908,15.187,24.677,1.904,15.309,0.1529,4.42,66.29,-99.62,0.362,0.6203,5.05,8.66,-0.14,50.4,50.4,12.6,1.22
807,24.774,1.91,15.183,24.682,1.906,15.304,0.1522,4.42,66.27,-99.62,0.3643,0.6188,5.09,8.64,-0.14,50.4,50.4,12.6,1.22
808,24.778,1.911,15.179,24.686,1.908,15.3,0.1514,4.42,66.25,-99.6,0.3667,0.6174,5.12,8.62,-0.14,50.4,50.4,12.6,1.22
809,24.782,1.913,15.175,24.691,1.909,15.295,0.1506,4.42,66.23,-99.6,0.369,0.6159,5.15,8.6,-0.14,50.4,50.4,12.6,1.22
810,24.786,1.914,15.171,24.695,1.911,15.291,0.1498,4.42,66.2,-99.58,0.3714,0.6145,5.19,8.58,-0.15,50.4,50.4,12.6,1.22
811,24.79,1.916,15.167,24.7,1.912,15.286,0.149,4.42,66.2,-99.58,0.3737,0.613,5.22,8.56,-0.15,50.4,50.4,12.6,1.22
812,24.793,1.917,15.164,24.704,1.914,15.282,0.1482,4.44,66.18,-99.56,0.3761,0.6116,5.25,8.54,-0.15,50.4,50.4,12.6,1.22
813,24.797,1.919,15.16,24.708,1.916,15.278,0.1475,4.44,66.16,-99.56,0.3784,0.6101,5.28,8.52,-0.15,50.4,50.4,12.6,1.22
814,24.801,1.92,15.156,24.713,1.917,15.273,0.1467,4.44,66.14,-99.54,0.3807,0.6087,5.32,8.5,-0.15,50.4,50.4,12.6,1.22
815,24.805,1.922,15.152,24.717,1.919,15.269,0.1459,4.44,66.12,-99.54,0.3831,0.6071,5.35,8.48,-0.15,50.4,50.4,12.6,1.22
816,24.808,1.923,15.149,24.721,1.92,15.265,0.1451,4.44,66.12,-99.51,0.3854,0.6058,5.38,8.46,-0.15,50.4,50.4,12.6,1.22
817,24.812,1.925,15.145,24.725,1.922,15.261,0.1444,4.44,66.09,-99.51,0.3877,0.6043,5.41,8.44,-0.15,50.4,50.4,12.6,1.22
818,24.816,1.926,15.142,24.73,1.923,15.257,0.1436,4.44,66.07,-99.49,0.3901,0.6028,5.45,8.42,-0.15,50.4,50.4,12.6,1.22
819,24.819,1.928,15.138,24.734,1.925,15.252,0.1428,4.46,66.05,-99.47,0.3924,0.6013,5.48,8.4,-0.16,50.4,50.4,12.6,1.22
820,24.823,1.929,15.134,24.738,1.926,15.248,0.142,4.46,66.05,-99.47,0.3947,0.5999,5.51,8.38,-0.16,50.4,50.4,12.6,1.22
821,24.826,1.93,15.131,24.742,1.928,15.244,0.1413,4.46,66.03,-99.45,0.3971,0.5984,5.54,8.36,-0.16,50.4,50.4,12.6,1.22
822,24.83,1.932,15.127,24.746,1.929,15.24,0.1405,4.46,66.01,-99.45,0.3994,0.5969,5.58,8.33,-0.16,50.4,50.4,12.6,1.22
823,24.833,1.933,15.124,24.75,1.931,15.236,0.1397,4.46,65.98,-99.45,0.4017,0.5954,5.61,8.31,-0.16,50.4,50.4,12.6,1.22
824,24.836,1.935,15.121,24.754,1.932,15.232,0.1389,4.46,65.98,-99.43,0.4041,0.5939,5.64,8.29,-0.16,50.4,50.4,12.6,1.22
825,24.84,1.936,15.117,24.758,1.933,15.229,0.1382,4.46,65.96,-99.43,0.4064,0.5925,5.67,8.27,-0.16,50.4,50.4,12.6,1.22
826,24.843,1.937,15.114,24.762,1.935,15.225,0.1374,4.46,65.94,-99.4,0.4087,0.591,5.71,8.25,-0.16,50.4,50.4,12.6,1.22
827,24.846,1.939,15.111,24.766,1.936,15.221,0.1366,4.46,65.94,-99.4,0.411,0.5895,5.74,8.23,-0.16,50.4,50.4,12.6,1.22
828,24.85,1.94,15.107,24.769,1.938,15.217,0.1358,4.48,65.92,-99.38,0.4134,0.588,5.77,8.21,-0.17,50.4,50.4,12.6,1.22
829,24.853,1.941,15.104,24.773,1.939,15.213,0.1351,4.48,65.9,-99.38,0.4157,0.5865,5.8,8.19,-0.17,50.4,50.4,12.6,1.22
830,24.856,1.942,15.101,24.777,1.94,15.21,0.1343,4.48,65.9,-99.36,0.418,0.585,5.84,8.17,-0.17,50.4,50.4,12.6,1.22
831,24.859,1.944,15.098,24.781,1.942,15.206,0.1335,4.48,65.87,-99.36,0.4203,0.5836,5.87,8.15,-0.17,50.4,50.4,12.6,1.22
832,24.862,1.945,15.095,24.784,1.943,15.202,0.1328,4.48,65.85,-99.34,0.4227,0.5821,5.9,8.13,-0.17,50.4,50.4,12.6,1.22
833,24.865,1.946,15.092,24.788,1.944,15.199,0.132,4.48,65.85,-99.34,0.425,0.5806,5.93,8.11,-0.17,50.4,50.4,12.6,1.22
834,24.868,1.947,15.089,24.792,1.946,15.195,0.1312,4.48,65.83,-99.32,0.4273,0.5791,5.97,8.09,-0.17,50.4,50.4,12.6,1.22
835,24.871,1.949,15.086,24.795,1.947,15.192,0.1305,4.48,65.81,-99.32,0.4296,0.5776,6.0,8.06,-0.17,50.4,50.4,12.6,1.22
836,24.874,1.95,15.083,24.799,1.948,15.188,0.1297,4.48,65.81,-99.32,0.4319,0.5761,6.03,8.04,-0.17,50.4,50.4,12.6,1.22
837,24.877,1.951,15.08,24.802,1.949,15.185,0.1289,4.5,65.79,-99.29,0.4342,0.5746,6.06,8.02,-0.18,50.4,50.4,12.6,1.22
838,24.88,1.952,15.077,24.806,1.951,15.181,0.1282,4.5,65.76,-99.29,0.4366,0.5731,6.1,8.0,-0.18,50.4,50.4,12.6,1.22
839,24.883,1.953,15.074,24.809,1.952,15.178,0.1274,4.5,65.76,-99.27,0.4389,0.5716,6.13,7.98,-0.18,50.4,50.4,12.6,1.22
840,24.886,1.954,15.071,24.813,1.953,15.174,0.1266,4.5,65.74,-99.27,0.4412,0.5701,6.16,7.96,-0.18,50.4,50.4,12.6,1.22
841,24.889,1.955,15.068,24.816,1.954,15.171,0.1259,4.5,65.72,-99.25,0.4435,0.5686,6.19,7.94,-0.18,50.4,50.4,12.6,1.22
842,24.891,1.957,15.066,24.819,1.955,15.168,0.1251,4.5,65.72,-99.25,0.4458,0.5671,6.22,7.92,-0.18,50.4,50.4,12.6,1.22
843,24.894,1.958,15.063,24.823,1.957,15.165,0.1243,4.5,65.7,-99.25,0.4481,0.5656,6.26,7.9,-0.18,50.4,50.4,12.6,1.22
844,24.897,1.959,15.06,24.826,1.958,15.161,0.1236,4.5,65.7,-99.23,0.4504,0.5641,6.29,7.88,-0.18,50.4,50.4,12.6,1.22
845,24.9,1.96,15.057,24.829,1.959,15.158,0.1228,4.5,65.68,-99.23,0.4527,0.5626,6.32,7.86,-0.18,50.4,50.4,12.6,1.22
846,24.902,1.961,15.055,24.832,1.96,15.155,0.1221,4.5,65.65,-99.21,0.455,0.5611,6.35,7.83,-0.19,50.4,50.4,12.6,1.22
847,24.905,1.962,15.052,24.835,1.961,15.152,0.1213,4.5,65.65,-99.21,0.4573,0.5596,6.39,7.81,-0.19,50.4,50.4,12.6,1.22
848,24.907,1.963,15.05,24.839,1.962,15.149,0.1205,4.53,65.63,-99.21,0.4596,0.5581,6.42,7.79,-0.19,50.4,50.4,12.6,1.22
849,24.91,1.964,15.047,24.842,1.963,15.146,0.1198,4.53,65.63,-99.18,0.4619,0.5566,6.45,7.77,-0.19,50.4,50.4,12.6,1.22
850,24.912,1.965,15.045,24.845,1.964,15.143,0.119,4.53,65.61,-99.18,0.4642,0.5551,6.48,7.75,-0.19,50.4,50.4,12.6,1.22
851,24.915,1.966,15.042,24.848,1.965,15.14,0.1183,4.53,65.61,-99.16,0.4665,0.5536,6.51,7.73,-0.19,50.4,50.4,12.6,1.22
852,24.917,1.967,15.04,24.851,1.966,15.137,0.1175,4.53,65.59,-99.16,0.4688,0.5521,6.55,7.71,-0.19,50.4,50.4,12.6,1.22
853,24.92,1.968,15.037,24.854,1.967,15.134,0.1168,4.53,65.59,-99.16,0.4711,0.5505,6.58,7.69,-0.19,50.4,50.4,12.6,1.22
854,24.922,1.969,15.035,24.857,1.968,15.131,0.116,4.53,65.57,-99.14,0.4734,0.549,6.61,7.67,-0.2,50.4,50.4,12.6,1.22
855,24.924,1.97,15.033,24.86,1.969,15.128,0.1152,4.53,65.57,-99.14,0.4757,0.5475,6.64,7.64,-0.2,50.4,50.4,12.6,1.22
856,24.927,1.971,15.03,24.862,1.97,15.125,0.1145,4.53,65.54,-99.14,0.478,0.546,6.67,7.62,-0.2,50.4,50.4,12.6,1.22
857,24.929,1.972,15.028,24.865,1.971,15.123,0.1137,4.53,65.52,-99.12,0.4803,0.5445,6.71,7.6,-0.2,50.4,50.4,12.6,1.22
858,24.931,1.972,15.026,24.868,1.972,15.12,0.113,4.53,65.52,-99.12,0.4826,0.543,6.74,7.58,-0.2,50.4,50.4,12.6,1.22
859,24.933,1.973,15.024,24.871,1.973,15.117,0.1122,4.53,65.5,-99.12,0.4849,0.5414,6.77,7.56,-0.2,50.4,50.4,12.6,1.22
860,24.935,1.974,15.022,24.873,1.974,15.114,0.1115,4.55,65.5,-99.1,0.4872,0.5399,6.8,7.54,-0.2,50.4,50.4,12.6,1.22
861,24.937,1.975,15.02,24.876,1.975,15.112,0.1107,4.55,65.5,-99.1,0.4895,0.5384,6.83,7.52,-0.2,50.4,50.4,12.6,1.22
862,24.939,1.976,15.018,24.879,1.976,15.109,0.11,4.55,65.48,-99.1,0.4918,0.5369,6.87,7.5,-0.21,50.4,50.4,12.6,1.22
863,24.942,1.977,15.016,24.881,1.977,15.107,0.1092,4.55,65.48,-99.07,0.494,0.5354,6.9,7.48,-0.21,50.4,50.4,12.6,1.22
864,24.944,1.977,15.014,24.884,1.978,15.104,0.1085,4.55,65.46,-99.07,0.4963,0.5339,6.93,7.45,-0.21,50.4,50.4,12.6,1.22
865,24.945,1.978,15.012,24.886,1.979,15.102,0.1077,4.55,65.46,-99.07,0.4986,0.5323,6.96,7.43,-0.21,50.4,50.4,12.6,1.22
866,24.947,1.979,15.01,24.889,1.98,15.099,0.107,4.55,65.43,-99.05,0.5009,0.5308,6.99,7.41,-0.21,50.4,50.4,12.6,1.22
867,24.949,1.98,15.008,24.891,1.98,15.097,0.1062,4.55,65.43,-99.05,0.5032,0.5293,7.03,7.39,-0.21,50.4,50.4,12.6,1.22
868,24.951,1.98,15.006,24.894,1.981,15.094,0.1055,4.55,65.41,-99.05,0.5055,0.5278,7.06,7.37,-0.21,50.4,50.4,12.6,1.22
869,24.953,1.981,15.004,24.896,1.982,15.092,0.1047,4.55,65.41,-99.03,0.5077,0.5262,7.09,7.35,-0.21,50.4,50.4,12.6,1.22
870,24.955,1.982,15.002,24.898,1.983,15.09,0.104,4.55,65.39,-99.03,0.51,0.5247,7.12,7.33,-0.22,50.4,50.4,12.6,1.22
871,24.957,1.983,15.0,24.901,1.984,15.087,0.1033,4.55,65.39,-99.03,0.5123,0.5232,7.15,7.31,-0.22,50.4,50.4,12.6,1.22
872,24.958,1.983,14.999,24.903,1.984,15.085,0.1025,4.55,65.39,-99.03,0.5146,0.5217,7.18,7.28,-0.22,50.4,50.4,12.6,1.22
873,24.96,1.984,14.997,24.905,1.985,15.083,0.1018,4.55,65.37,-99.01,0.5168,0.5201,7.22,7.26,-0.22,50.4,50.4,12.6,1.22
874,24.962,1.985,14.995,24.908,1.986,15.081,0.101,4.55,65.37,-99.01,0.5191,0.5186,7.25,7.24,-0.22,50.4,50.4,12.6,1.22
875,24.963,1.985,14.994,24.91,1.987,15.079,0.1003,4.57,65.35,-99.01,0.5214,0.5171,7.28,7.22,-0.22,50.4,50.4,12.6,1.22
876,24.965,1.986,14.992,24.912,1.987,15.077,0.0996,4.57,65.35,-99.01,0.5237,0.5155,7.31,7.2,-0.22,50.4,50.4,12.6,1.22
877,24.966,1.987,14.991,24.914,1.988,15.074,0.0988,4.57,65.35,-98.99,0.5259,0.514,7.34,7.18,-0.22,50.4,50.4,12.6,1.22
878,24.968,1.987,14.989,24.916,1.989,15.072,0.0981,4.57,65.32,-98.99,0.5282,0.5125,7.38,7.16,-0.23,50.4,50.4,12.6,1.22
879,24.969,1.988,14.988,24.918,1.989,15.07,0.0973,4.57,65.32,-98.99,0.5305,0.511,7.41,7.13,-0.23,50.4,50.4,12.6,1.22
880,24.971,1.988,14.986,24.92,1.99,15.068,0.0966,4.57,65.3,-98.96,0.5327,0.5094,7.44,7.11,-0.23,50.4,50.4,12.6,1.22
881,24.972,1.989,14.985,24.922,1.991,15.067,0.0959,4.57,65.3,-98.96,0.535,0.5079,7.47,7.09,-0.23,50.4,50.4,12.6,1.22
882,24.974,1.989,14.983,24.924,1.991,15.065,0.0951,4.57,65.3,-98.96,0.5373,0.5064,7.5,7.07,-0.23,50.4,50.4,12.6,1.22
883,24.975,1.99,14.982,24.926,1.992,15.063,0.0944,4.57,65.28,-98.96,0.5395,0.5048,7.53,7.05,-0.23,50.4,50.4,12.6,1.22
884,24.976,1.99,14.981,24.928,1.993,15.061,0.0937,4.57,65.28,-98.96,0.5418,0.5033,7.57,7.03,-0.23,50.4,50.4,12.6,1.22
885,24.977,1.991,14.98,24.93,1.993,15.059,0.0929,4.57,65.28,-98.94,0.5441,0.5018,7.6,7.01,-0.23,50.4,50.4,12.6,1.22
886,24.979,1.991,14.978,24.931,1.994,15.057,0.0922,4.57,65.26,-98.94,0.5463,0.5002,7.63,6.98,-0.24,50.4,50.4,12.6,1.22
887,24.98,1.992,14.977,24.933,1.994,15.056,0.0915,4.57,65.26,-98.94,0.5486,0.4987,7.66,6.96,-0.24,50.4,50.4,12.6,1.22
888,24.981,1.992,14.976,24.935,1.995,15.054,0.0908,4.57,65.26,-98.94,0.5509,0.4972,7.69,6.94,-0.24,50.4,50.4,12.6,1.22
889,24.982,1.993,14.975,24.937,1.995,15.052,0.09,4.57,65.26,-98.92,0.5531,0.4956,7.72,6.92,-0.24,50.4,50.4,12.6,1.22
890,24.983,1.993,14.974,24.938,1.996,15.051,0.0893,4.57,65.24,-98.92,0.5554,0.4941,7.75,6.9,-0.24,50.4,50.4,12.6,1.22
891,24.984,1.994,14.973,24.94,1.996,15.049,0.0886,4.57,65.24,-98.92,0.5576,0.4926,7.79,6.88,-0.24,50.4,50.4,12.6,1.22
892,24.985,1.994,14.972,24.941,1.997,15.048,0.0878,4.57,65.24,-98.92,0.5599,0.491,7.82,6.86,-0.24,50.4,50.4,12.6,1.22
893,24.986,1.995,14.971,24.943,1.997,15.046,0.0871,4.57,65.21,-98.92,0.5621,0.4895,7.85,6.83,-0.24,50.4,50.4,12.6,1.22
894,24.987,1.995,14.97,24.944,1.998,15.045,0.0864,4.57,65.21,-98.9,0.5644,0.488,7.88,6.81,-0.25,50.4,50.4,12.6,1.22
895,24.988,1.995,14.969,24.946,1.998,15.043,0.0857,4.57,65.21,-98.9,0.5666,0.4864,7.91,6.79,-0.25,50.4,50.4,12.6,1.22
896,24.989,1.996,14.968,24.947,1.999,15.042,0.085,4.57,65.21,-98.9,0.5689,0.4849,7.94,6.77,-0.25,50.4,50.4,12.6,1.22
897,24.99,1.996,14.967,24.949,1.999,15.04,0.0842,4.57,65.19,-98.9,0.5711,0.4834,7.97,6.75,-0.25,50.4,50.4,12.6,1.22
898,24.991,1.996,14.966,24.95,1.999,15.039,0.0835,4.59,65.19,-98.9,0.5734,0.4818,8.01,6.73,-0.25,50.4,50.4,12.6,1.22
899,24.992,1.997,14.965,24.951,2.0,15.038,0.0828,4.59,65.19,-98.9,0.5756,0.4803,8.04,6.71,-0.25,50.4,50.4,12.6,1.22
900,24.992,1.997,14.965,24.953,2.0,15.037,0.0821,4.59,65.19,-98.88,0.5779,0.4787,8.07,6.68,-0.25,50.4,50.4,12.6,1.22
901,24.993,1.997,14.964,24.954,2.001,15.035,0.0814,4.59,65.17,-98.88,0.5801,0.4772,8.1,6.66,-0.26,50.4,50.4,12.6,1.22
902,24.994,1.997,14.963,24.955,2.001,15.034,0.0807,4.59,65.17,-98.88,0.5824,0.4757,8.13,6.64,-0.26,50.4,50.4,12.6,1.22
903,24.994,1.998,14.963,24.956,2.001,15.033,0.08,4.59,65.17,-98.88,0.5846,0.4741,8.16,6.62,-0.26,50.4,50.4,12.6,1.22
904,24.995,1.998,14.962,24.958,2.002,15.032,0.0792,4.59,65.17,-98.88,0.5869,0.4726,8.19,6.6,-0.26,50.4,50.4,12.6,1.22
905,24.996,1.998,14.961,24.959,2.002,15.031,0.0785,4.59,65.15,-98.88,0.5891,0.4711,8.23,6.58,-0.26,50.4,50.4,12.6,1.22
906,24.996,1.998,14.961,24.96,2.002,15.03,0.0778,4.59,65.15,-98.88,0.5913,0.4695,8.26,6.56,-0.26,50.4,50.4,12.6,1.22
907,24.997,1.999,14.96,24.961,2.003,15.029,0.0771,4.59,65.15,-98.85,0.5936,0.468,8.29,6.53,-0.26,50.4,50.4,12.6,1.22
908,24.997,1.999,14.96,24.962,2.003,15.028,0.0764,4.59,65.15,-98.85,0.5958,0.4665,8.32,6.51,-0.27,50.4,50.4,12.6,1.22
909,24.997,1.999,14.96,24.963,2.003,15.027,0.0757,4.59,65.15,-98.85,0.5981,0.4649,8.35,6.49,-0.27,50.4,50.4,12.6,1.22
910,24.998,1.999,14.959,24.964,2.003,15.026,0.075,4.59,65.15,-98.85,0.6003,0.4634,8.38,6.47,-0.27,50.4,50.4,12.6,1.22
911,24.998,1.999,14.959,24.965,2.004,15.025,0.0743,4.59,65.13,-98.85,0.6025,0.4618,8.41,6.45,-0.27,50.4,50.4,12.6,1.22
912,24.999,1.999,14.958,24.966,2.004,15.024,0.0736,4.59,65.13,-98.85,0.6048,0.4603,8.44,6.43,-0.27,50.4,50.4,12.6,1.22
913,24.999,2.0,14.958,24.967,2.004,15.023,0.0729,4.59,65.13,-98.85,0.607,0.4588,8.48,6.41,-0.27,50.4,50.4,12.6,1.22
914,24.999,2.0,14.958,24.967,2.004,15.023,0.0722,4.59,65.13,-98.85,0.6092,0.4572,8.51,6.38,-0.27,50.4,50.4,12.6,1.22
915,24.999,2.0,14.958,24.968,2.004,15.022,0.0715,4.59,65.13,-98.85,0.6115,0.4557,8.54,6.36,-0.27,50.4,50.4,12.6,1.22
916,25.0,2.0,14.957,24.969,2.004,15.021,0.0708,4.59,65.13,-98.83,0.6137,0.4542,8.57,6.34,-0.28,50.4,50.4,12.6,1.22
917,25.0,2.0,14.957,24.97,2.005,15.02,0.0701,4.59,65.13,-98.83,0.6159,0.4526,8.6,6.32,-0.28,50.4,50.4,12.6,1.22
918,25.0,2.0,14.957,24.97,2.005,15.02,0.0694,4.59,65.1,-98.83,0.6182,0.4511,8.63,6.3,-0.28,50.4,50.4,12.6,1.22
919,25.0,2.0,14.957,24.971,2.005,15.019,0.0687,4.59,65.1,-98.83,0.6204,0.4495,8.66,6.28,-0.28,50.4,50.4,12.6,1.22
920,25.0,2.0,14.957,24.971,2.005,15.019,0.0681,4.59,65.1,-98.83,0.6226,0.448,8.69,6.26,-0.28,50.4,50.4,12.6,1.22
921,25.0,2.0,14.957,24.972,1.999,15.018,0.0674,4.57,65.1,-98.83,0.6235,0.4474,8.71,6.25,-0.09,50.4,50.4,12.6,0.61
921,25.0,2.0,14.957,24.975,1.971,15.018,0.0722,4.5,65.1,-98.83,0.6245,0.4468,8.72,6.24,0.8,50.4,50.4,12.6,0.56
922,25.0,2.0,14.957,24.975,1.965,15.018,0.0748,4.5,65.1,-98.83,0.6243,0.4471,8.72,6.24,1.0,50.4,50.4,12.6,-0.05
923,25.0,2.0,14.957,24.977,1.937,15.018,0.0906,4.44,65.1,-98.83,0.6241,0.4474,8.71,6.25,1.89,50.4,50.4,12.6,-0.1
924,25.0,2.0,14.957,24.977,1.937,15.018,0.0907,4.44,65.1,-98.83,0.6239,0.4476,8.71,6.25,1.9,50.4,50.4,12.6,-0.1
925,25.0,2.0,14.957,24.977,1.937,15.018,0.0909,4.44,65.1,-98.83,0.6237,0.4479,8.71,6.25,1.9,50.4,50.4,12.6,-0.1
926,25.0,2.001,14.957,24.977,1.937,15.018,0.091,4.44,65.1,-98.83,0.6235,0.4482,8.71,6.26,1.91,50.4,50.4,12.6,-0.1
927,25.0,2.001,14.957,24.977,1.937,15.018,0.0911,4.44,65.1,-98.83,0.6234,0.4485,8.7,6.26,1.92,50.4,50.4,12.6,-0.1
928,25.0,2.001,14.957,24.977,1.938,15.018,0.0913,4.44,65.1,-98.83,0.6232,0.4488,8.7,6.27,1.92,50.4,50.4,12.6,-0.1
929,25.0,2.002,14.957,24.977,1.938,15.018,0.0914,4.44,65.1,-98.83,0.623,0.4491,8.7,6.27,1.93,50.4,50.4,12.6,-0.1
930,25.0,2.002,14.957,24.977,1.938,15.018,0.0915,4.44,65.1,-98.83,0.6228,0.4493,8.7,6.27,1.94,50.4,50.4,12.6,-0.1
931,25.0,2.002,14.957,24.977,1.938,15.018,0.0917,4.44,65.1,-98.83,0.6227,0.4496,8.69,6.28,1.94,50.4,50.4,12.6,-0.1
932,25.0,2.003,14.957,24.977,1.939,15.018,0.0918,4.44,65.1,-98.83,0.6225,0.4499,8.69,6.28,1.95,50.4,50.4,12.6,-0.1
933,25.0,2.004,14.957,24.976,1.94,15.018,0.0914,4.44,65.1,-98.83,0.622,0.4507,8.69,6.29,1.93,50.4,50.4,12.6,-0.23
934,25.0,2.004,14.957,24.976,1.94,15.018,0.0916,4.44,65.1,-98.83,0.6216,0.4514,8.68,6.3,1.93,50.4,50.4,12.6,-0.24
935,25.0,2.005,14.957,24.976,1.94,15.018,0.0922,4.44,65.1,-98.83,0.6214,0.4517,8.68,6.31,1.96,50.4,50.4,12.6,-0.12
936,25.0,2.006,14.957,24.976,1.941,15.018,0.0923,4.44,65.1,-98.83,0.6212,0.452,8.67,6.31,1.97,50.4,50.4,12.6,-0.12
937,25.0,2.006,14.957,24.976,1.941,15.018,0.0925,4.44,65.1,-98.83,0.621,0.4524,8.67,6.32,1.98,50.4,50.4,12.6,-0.12
938,25.0,2.007,14.957,24.976,1.942,15.018,0.0926,4.44,65.1,-98.83,0.6208,0.4527,8.67,6.32,1.98,50.4,50.4,12.6,-0.12
939,25.0,2.008,14.957,24.976,1.943,15.018,0.0928,4.44,65.1,-98.83,0.6205,0.4531,8.66,6.33,1.99,50.4,50.4,12.6,-0.12
940,25.0,2.009,14.957,24.976,1.943,15.018,0.0929,4.44,65.1,-98.83,0.6203,0.4534,8.66,6.33,1.99,50.4,50.4,12.6,-0.12
941,25.0,2.01,14.957,24.976,1.944,15.018,0.093,4.46,65.1,-98.83,0.6201,0.4538,8.66,6.34,2.0,50.4,50.4,12.6,-0.12
942,25.0,2.011,14.957,24.976,1.945,15.018,0.0932,4.46,65.1,-98.83,0.6199,0.4541,8.66,6.34,2.01,50.4,50.4,12.6,-0.12
943,25.0,2.012,14.957,24.976,1.946,15.018,0.0933,4.46,65.1,-98.83,0.6197,0.4545,8.65,6.35,2.01,50.4,50.4,12.6,-0.12
944,25.0,2.013,14.957,24.976,1.947,15.018,0.0935,4.46,65.1,-98.83,0.6195,0.4548,8.65,6.35,2.02,50.4,50.4,12.6,-0.12
945,25.0,2.014,14.957,24.975,1.95,15.018,0.0923,4.46,65.1,-98.83,0.6187,0.4562,8.64,6.37,1.96,50.4,50.4,12.6,-0.4
946,25.001,2.016,14.957,24.975,1.951,15.018,0.0923,4.46,65.1,-98.83,0.6179,0.4574,8.63,6.39,1.96,50.4,50.4,12.6,-0.43
947,25.001,2.017,14.957,24.975,1.95,15.018,0.0938,4.46,65.1,-98.83,0.6177,0.4578,8.62,6.39,2.03,50.4,50.4,12.6,-0.16
948,25.001,2.018,14.957,24.975,1.951,15.018,0.094,4.46,65.1,-98.83,0.6174,0.4582,8.62,6.4,2.04,50.4,50.4,12.6,-0.14
949,25.001,2.02,14.957,24.975,1.952,15.018,0.0942,4.46,65.1,-98.83,0.6172,0.4586,8.62,6.4,2.04,50.4,50.4,12.6,-0.14
950,25.001,2.021,14.957,24.975,1.954,15.018,0.0943,4.48,65.1,-98.83,0.6169,0.459,8.61,6.41,2.05,50.4,50.4,12.6,-0.14
951,25.001,2.022,14.957,24.975,1.955,15.018,0.0945,4.48,65.1,-98.83,0.6166,0.4594,8.61,6.42,2.06,50.4,50.4,12.6,-0.14
952,25.001,2.024,14.957,24.975,1.956,15.018,0.0946,4.48,65.1,-98.83,0.6164,0.4599,8.61,6.42,2.06,50.4,50.4,12.6,-0.15
953,25.001,2.026,14.957,24.975,1.958,15.018,0.0948,4.48,65.1,-98.83,0.6161,0.4603,8.6,6.43,2.07,50.4,50.4,12.6,-0.15
954,25.001,2.027,14.957,24.975,1.959,15.018,0.0949,4.48,65.1,-98.83,0.6159,0.4607,8.6,6.43,2.08,50.4,50.4,12.6,-0.15
955,25.001,2.029,14.957,24.975,1.961,15.018,0.0951,4.48,65.1,-98.83,0.6156,0.4612,8.6,6.44,2.08,50.4,50.4,12.6,-0.15
956,25.001,2.031,14.957,24.975,1.962,15.018,0.0952,4.48,65.1,-98.83,0.6153,0.4616,8.59,6.45,2.09,50.4,50.4,12.6,-0.15
957,25.002,2.032,14.957,24.975,1.967,15.018,0.093,4.5,65.1,-98.83,0.6142,0.4635,8.58,6.47,1.98,50.4,50.4,12.6,-0.56
958,25.002,2.034,14.957,24.974,1.969,15.018,0.093,4.5,65.1,-98.83,0.6131,0.4653,8.56,6.5,1.97,50.4,50.4,12.6,-0.6
959,25.002,2.036,14.957,24.975,1.967,15.018,0.0955,4.5,65.1,-98.83,0.6129,0.4656,8.56,6.5,2.09,50.4,50.4,12.6,-0.2
960,25.002,2.038,14.957,24.975,1.969,15.018,0.0958,4.5,65.1,-98.83,0.6126,0.4661,8.55,6.51,2.1,50.4,50.4,12.6,-0.17
961,25.002,2.04,14.957,24.975,1.971,15.018,0.096,4.5,65.1,-98.83,0.6123,0.4666,8.55,6.52,2.11,50.4,50.4,12.6,-0.17
962,25.002,2.042,14.957,24.975,1.973,15.018,0.0962,4.53,65.1,-98.83,0.612,0.4671,8.54,6.52,2.12,50.4,50.4,12.6,-0.17
963,25.003,2.044,14.957,24.975,1.975,15.018,0.0963,4.53,65.1,-98.83,0.6117,0.4676,8.54,6.53,2.12,50.4,50.4,12.6,-0.17
964,25.003,2.046,14.957,24.975,1.976,15.018,0.0965,4.53,65.1,-98.83,0.6114,0.4681,8.54,6.54,2.13,50.4,50.4,12.6,-0.17
965,25.003,2.048,14.957,24.975,1.978,15.018,0.0966,4.53,65.1,-98.83,0.611,0.4687,8.53,6.54,2.13,50.4,50.4,12.6,-0.17
966,25.003,2.051,14.957,24.975,1.98,15.018,0.0968,4.53,65.1,-98.83,0.6107,0.4692,8.53,6.55,2.14,50.4,50.4,12.6,-0.17
967,25.003,2.053,14.957,24.975,1.983,15.018,0.0969,4.55,65.1,-98.83,0.6104,0.4697,8.52,6.56,2.15,50.4,50.4,12.6,-0.17
968,25.004,2.055,14.957,24.975,1.985,15.018,0.0971,4.55,65.1,-98.83,0.6101,0.4702,8.52,6.57,2.15,50.4,50.4,12.6,-0.17
969,25.004,2.057,14.957,24.975,1.993,15.018,0.0934,4.57,65.1,-98.83,0.6086,0.4727,8.5,6.6,1.97,50.4,50.4,12.6,-0.75
970,25.004,2.06,14.957,24.974,1.995,15.018,0.0934,4.57,65.1,-98.83,0.6072,0.475,8.48,6.63,1.97,50.4,50.4,12.6,-0.78
971,25.004,2.062,14.957,24.975,1.992,15.018,0.0975,4.57,65.1,-98.83,0.607,0.4753,8.47,6.64,2.16,50.4,50.4,12.6,-0.22
972,25.005,2.065,14.957,24.975,1.994,15.018,0.0978,4.57,65.1,-98.83,0.6066,0.4759,8.47,6.65,2.17,50.4,50.4,12.6,-0.2
973,25.005,2.067,14.957,24.975,1.996,15.018,0.0979,4.57,65.1,-98.83,0.6063,0.4765,8.47,6.65,2.17,50.4,50.4,12.6,-0.2
974,25.005,2.07,14.957,24.975,1.999,15.018,0.0981,4.57,65.1,-98.83,0.6059,0.4771,8.46,6.66,2.18,50.4,50.4,12.6,-0.2
975,25.005,2.073,14.957,24.976,2.001,15.017,0.0983,4.57,65.1,-98.81,0.6056,0.4777,8.46,6.67,2.19,50.4,50.4,12.6,-0.2
976,25.006,2.075,14.957,24.976,2.004,15.017,0.0984,4.59,65.1,-98.81,0.6052,0.4783,8.45,6.68,2.19,50.4,50.4,12.6,-0.2
977,25.006,2.078,14.957,24.976,2.006,15.017,0.0986,4.59,65.1,-98.81,0.6049,0.4789,8.45,6.69,2.2,50.4,50.4,12.6,-0.2
978,25.006,2.081,14.957,24.976,2.009,15.017,0.0987,4.59,65.1,-98.81,0.6045,0.4795,8.44,6.69,2.2,50.4,50.4,12.6,-0.2
979,25.007,2.084,14.957,24.976,2.012,15.017,0.0989,4.61,65.1,-98.81,0.6042,0.4801,8.44,6.7,2.21,50.4,50.4,12.6,-0.2
980,25.007,2.087,14.957,24.976,2.015,15.017,0.0988,4.61,65.1,-98.81,0.6038,0.4807,8.43,6.71,2.21,50.4,50.4,12.6,-0.23
981,25.007,2.09,14.957,24.975,2.026,15.017,0.0935,4.64,65.1,-98.81,0.6018,0.4839,8.4,6.76,1.94,50.4,50.4,12.6,-0.95
982,25.008,2.093,14.957,24.975,2.028,15.017,0.0939,4.64,65.1,-98.81,0.6002,0.4866,8.38,6.79,1.95,50.4,50.4,12.6,-0.93
983,25.008,2.096,14.957,24.976,2.023,15.017,0.0997,4.64,65.1,-98.81,0.6,0.4869,8.38,6.8,2.22,50.4,50.4,12.6,-0.23
984,25.009,2.099,14.957,24.976,2.026,15.017,0.0998,4.64,65.08,-98.81,0.5996,0.4876,8.37,6.81,2.23,50.4,50.4,12.6,-0.23
985,25.009,2.102,14.957,24.977,2.029,15.017,0.1,4.64,65.08,-98.81,0.5992,0.4883,8.37,6.82,2.23,50.4,50.4,12.6,-0.23
986,25.01,2.105,14.957,24.977,2.032,15.017,0.1002,4.66,65.08,-98.81,0.5988,0.489,8.36,6.83,2.24,50.4,50.4,12.6,-0.23
987,25.01,2.108,14.957,24.977,2.035,15.017,0.1003,4.66,65.08,-98.81,0.5984,0.4896,8.36,6.84,2.24,50.4,50.4,12.6,-0.23
988,25.01,2.112,14.957,24.978,2.038,15.017,0.1005,4.66,65.08,-98.81,0.598,0.4903,8.35,6.85,2.25,50.4,50.4,12.6,-0.23
989,25.011,2.115,14.957,24.978,2.041,15.017,0.1007,4.68,65.08,-98.81,0.5976,0.491,8.34,6.86,2.25,50.4,50.4,12.6,-0.23
990,25.011,2.118,14.957,24.978,2.045,15.017,0.1008,4.68,65.08,-98.79,0.5972,0.4917,8.34,6.87,2.26,50.4,50.4,12.6,-0.23
991,25.012,2.122,14.957,24.978,2.048,15.017,0.101,4.68,65.08,-98.79,0.5968,0.4924,8.33,6.87,2.27,50.4,50.4,12.6,-0.23
992,25.012,2.125,14.957,24.979,2.053,15.017,0.1,4.7,65.08,-98.79,0.5961,0.4935,8.32,6.89,2.21,50.4,50.4,12.6,-0.37
993,25.013,2.129,14.957,24.977,2.066,15.017,0.0937,4.72,65.08,-98.79,0.5938,0.4972,8.29,6.94,1.9,50.4,50.4,12.6,-1.13
994,25.013,2.132,14.957,24.977,2.068,15.017,0.0951,4.72,65.08,-98.79,0.5921,0.5001,8.27,6.98,1.95,50.4,50.4,12.6,-1.0
995,25.014,2.136,14.957,24.979,2.062,15.017,0.102,4.72,65.08,-98.79,0.5919,0.5005,8.26,6.99,2.27,50.4,50.4,12.6,-0.26
996,25.015,2.14,14.957,24.979,2.065,15.017,0.1022,4.72,65.08,-98.79,0.5914,0.5012,8.26,7.0,2.28,50.4,50.4,12.6,-0.26
997,25.015,2.143,14.957,24.979,2.069,15.017,0.1024,4.72,65.08,-98.79,0.591,0.502,8.25,7.01,2.29,50.4,50.4,12.6,-0.26
998,25.016,2.147,14.957,24.98,2.072,15.017,0.1026,4.75,65.08,-98.79,0.5905,0.5028,8.25,7.02,2.29,50.4,50.4,12.6,-0.26
999,25.016,2.151,14.957,24.98,2.076,15.017,0.1027,4.75,65.08,-98.79,0.5901,0.5035,8.24,7.03,2.3,50.4,50.4,12.6,-0.26
1000,25.017,2.155,14.957,24.981,2.079,15.017,0.1029,4.77,65.08,-98.79,0.5896,0.5043,8.23,7.04,2.3,50.4,50.4,12.6,-0.26
1001,25.018,2.159,14.957,24.981,2.083,15.017,0.1031,4.77,65.06,-98.77,0.5892,0.5051,8.23,7.05,2.31,50.4,50.4,12.6,-0.26
1002,25.018,2.163,14.957,24.982,2.087,15.017,0.1033,4.77,65.06,-98.77,0.5888,0.5058,8.22,7.06,2.31,50.4,50.4,12.6,-0.26
1003,25.019,2.167,14.957,24.982,2.091,15.017,0.1035,4.79,65.06,-98.77,0.5883,0.5066,8.21,7.07,2.32,50.4,50.4,12.6,-0.26
1004,25.02,2.171,14.957,24.982,2.1,15.017,0.1003,4.81,65.06,-98.77,0.5871,0.5086,8.2,7.1,2.16,50.4,50.4,12.6,-0.61
1005,25.02,2.175,14.957,24.981,2.114,15.017,0.094,4.83,65.06,-98.77,0.5845,0.5128,8.16,7.16,1.83,50.4,50.4,12.6,-1.31
1006,25.021,2.179,14.957,24.981,2.113,15.017,0.0975,4.83,65.06,-98.77,0.5829,0.5155,8.14,7.2,1.99,50.4,50.4,12.6,-0.97
1007,25.022,2.183,14.957,24.983,2.107,15.017,0.1046,4.81,65.06,-98.77,0.5826,0.516,8.13,7.2,2.33,50.4,50.4,12.6,-0.29
1008,25.023,2.188,14.957,24.984,2.111,15.017,0.1048,4.83,65.06,-98.77,0.5821,0.5169,8.13,7.22,2.33,50.4,50.4,12.6,-0.29
1009,25.024,2.192,14.957,24.984,2.115,15.016,0.105,4.83,65.06,-98.77,0.5816,0.5177,8.12,7.23,2.34,50.4,50.4,12.6,-0.29
1010,25.024,2.196,14.957,24.985,2.119,15.016,0.1052,4.86,65.06,-98.75,0.5811,0.5186,8.11,7.24,2.34,50.4,50.4,12.6,-0.29
1011,25.025,2.201,14.957,24.985,2.123,15.016,0.1054,4.86,65.06,-98.75,0.5807,0.5194,8.11,7.25,2.35,50.4,50.4,12.6,-0.29
1012,25.026,2.205,14.957,24.986,2.128,15.016,0.1056,4.86,65.06,-98.75,0.5802,0.5203,8.1,7.26,2.35,50.4,50.4,12.6,-0.29
1013,25.027,2.21,14.957,24.987,2.132,15.016,0.1058,4.88,65.04,-98.75,0.5797,0.5211,8.09,7.28,2.36,50.4,50.4,12.6,-0.29
1014,25.028,2.214,14.957,24.987,2.136,15.016,0.106,4.88,65.04,-98.75,0.5792,0.522,8.09,7.29,2.36,50.4,50.4,12.6,-0.29
1015,25.029,2.219,14.957,24.988,2.141,15.016,0.1062,4.9,65.04,-98.72,0.5787,0.5229,8.08,7.3,2.37,50.4,50.4,12.6,-0.29
1016,25.03,2.223,14.957,24.987,2.156,15.016,0.099,4.92,65.04,-98.72,0.5767,0.5261,8.05,7.35,2.01,50.4,50.4,12.6,-0.98
1017,25.031,2.228,14.957,24.986,2.169,15.016,0.0944,4.97,65.04,-98.72,0.5738,0.5308,8.01,7.41,1.74,50.4,50.4,12.6,-1.49
1018,25.032,2.233,14.957,24.988,2.163,15.016,0.1016,4.94,65.04,-98.72,0.5726,0.5329,8.0,7.44,2.1,50.4,50.4,12.6,-0.81
1019,25.033,2.238,14.957,24.989,2.159,15.016,0.1074,4.94,65.04,-98.72,0.5722,0.5336,7.99,7.45,2.37,50.4,50.4,12.6,-0.32
1020,25.034,2.242,14.957,24.99,2.164,15.016,0.1076,4.94,65.04,-98.72,0.5717,0.5345,7.98,7.46,2.38,50.4,50.4,12.6,-0.32
1021,25.035,2.247,14.957,24.991,2.168,15.016,0.1078,4.97,65.04,-98.72,0.5711,0.5355,7.97,7.48,2.38,50.4,50.4,12.6,-0.32
1022,25.036,2.252,14.957,24.992,2.173,15.016,0.108,4.97,65.04,-98.7,0.5706,0.5364,7.97,7.49,2.39,50.4,50.4,12.6,-0.32
1023,25.037,2.257,14.957,24.993,2.178,15.016,0.1082,4.99,65.02,-98.7,0.5701,0.5374,7.96,7.5,2.39,50.4,50.4,12.6,-0.32
1024,25.038,2.262,14.957,24.994,2.183,15.016,0.1085,4.99,65.02,-98.7,0.5695,0.5383,7.95,7.52,2.4,50.4,50.4,12.6,-0.32
1025,25.039,2.267,14.957,24.994,2.187,15.016,0.1087,5.01,65.02,-98.7,0.569,0.5393,7.94,7.53,2.41,50.4,50.4,12.6,-0.32
1026,25.04,2.272,14.957,24.995,2.192,15.016,0.1089,5.01,65.02,-98.7,0.5684,0.5402,7.94,7.54,2.41,50.4,50.4,12.6,-0.32
1027,25.041,2.277,14.957,24.996,2.197,15.016,0.1091,5.03,65.02,-98.68,0.5679,0.5412,7.93,7.56,2.42,50.4,50.4,12.6,-0.32
1028,25.042,2.283,14.957,24.994,2.224,15.016,0.0956,5.08,65.02,-98.68,0.5647,0.5464,7.88,7.63,1.71,50.4,50.4,12.6,-1.55
1029,25.044,2.288,14.957,24.994,2.232,15.016,0.0949,5.1,65.02,-98.68,0.5617,0.5512,7.84,7.7,1.62,50.4,50.4,12.6,-1.68
1030,25.045,2.293,14.957,24.997,2.215,15.016,0.1087,5.05,65.02,-98.68,0.5612,0.5522,7.84,7.71,2.34,50.4,50.4,12.6,-0.47
1031,25.046,2.298,14.957,24.998,2.218,15.016,0.1105,5.08,65.0,-98.68,0.5607,0.5532,7.83,7.72,2.41,50.4,50.4,12.6,-0.35
1032,25.048,2.304,14.957,24.999,2.223,15.015,0.1107,5.08,65.0,-98.66,0.5601,0.5542,7.82,7.74,2.42,50.4,50.4,12.6,-0.35
1033,25.049,2.309,14.957,25.0,2.228,15.015,0.1109,5.1,65.0,-98.66,0.5595,0.5553,7.81,7.75,2.43,50.4,50.4,12.6,-0.35
1034,25.05,2.315,14.957,25.002,2.234,15.015,0.1111,5.1,65.0,-98.66,0.5589,0.5563,7.8,7.77,2.43,50.4,50.4,12.6,-0.35
1035,25.052,2.32,14.957,25.003,2.239,15.015,0.1114,5.12,65.0,-98.66,0.5583,0.5574,7.8,7.78,2.44,50.4,50.4,12.6,-0.35
1036,25.053,2.326,14.957,25.004,2.244,15.015,0.1116,5.12,65.0,-98.64,0.5577,0.5584,7.79,7.8,2.44,50.4,50.4,12.6,-0.35
1037,25.054,2.331,14.957,25.005,2.25,15.015,0.1118,5.14,64.97,-98.64,0.5571,0.5595,7.78,7.81,2.45,50.4,50.4,12.6,-0.35
1038,25.056,2.337,14.957,25.006,2.255,15.015,0.112,5.16,64.97,-98.64,0.5565,0.5605,7.77,7.83,2.45,50.4,50.4,12.6,-0.35
1039,25.057,2.343,14.957,25.006,2.27,15.015,0.1061,5.19,64.97,-98.64,0.5549,0.5633,7.75,7.86,2.15,50.4,50.4,12.6,-0.83
1040,25.059,2.348,14.957,25.004,2.296,15.015,0.0952,5.25,64.97,-98.61,0.5512,0.5684,7.7,7.94,1.49,50.4,50.4,12.6,-1.86
1041,25.06,2.354,14.957,25.005,2.293,15.015,0.1006,5.23,64.97,-98.61,0.5489,0.5732,7.66,8.0,1.79,50.4,50.4,12.6,-1.4
1042,25.062,2.36,14.957,25.009,2.278,15.015,0.1136,5.21,64.97,-98.61,0.5486,0.5738,7.66,8.01,2.45,50.4,50.4,12.6,-0.38
1043,25.063,2.366,14.957,25.01,2.284,15.015,0.1138,5.21,64.97,-98.61,0.5479,0.575,7.65,8.03,2.45,50.4,50.4,12.6,-0.38
1044,25.065,2.372,14.957,25.011,2.289,15.015,0.114,5.23,64.95,-98.59,0.5473,0.5761,7.64,8.04,2.46,50.4,50.4,12.6,-0.38
1045,25.067,2.378,14.957,25.013,2.295,15.015,0.1143,5.25,64.95,-98.59,0.5467,0.5772,7.63,8.06,2.46,50.4,50.4,12.6,-0.38
1046,25.068,2.384,14.957,25.014,2.301,15.015,0.1145,5.25,64.95,-98.59,0.546,0.5784,7.62,8.08,2.47,50.4,50.4,12.6,-0.38
1047,25.07,2.39,14.957,25.016,2.307,15.015,0.1148,5.27,64.95,-98.57,0.5454,0.5795,7.61,8.09,2.47,50.4,50.4,12.6,-0.39
1048,25.072,2.396,14.957,25.017,2.313,15.015,0.115,5.27,64.95,-98.57,0.5447,0.5807,7.61,8.11,2.48,50.4,50.4,12.6,-0.39
1049,25.073,2.402,14.957,25.018,2.319,15.015,0.1152,5.3,64.93,-98.57,0.5441,0.5818,7.6,8.12,2.48,50.4,50.4,12.6,-0.39
1050,25.075,2.408,14.957,25.02,2.325,15.015,0.1155,5.32,64.93,-98.55,0.5434,0.583,7.59,8.14,2.48,50.4,50.4,12.6,-0.39
1051,25.077,2.414,14.957,25.017,2.361,15.015,0.0986,5.38,64.93,-98.55,0.5399,0.5884,7.54,8.22,1.53,50.4,50.4,12.6,-1.76
1052,25.079,2.421,14.957,25.017,2.373,15.015,0.0965,5.43,64.93,-98.55,0.5361,0.5932,7.49,8.28,1.31,50.4,50.4,12.6,-2.06
1053,25.08,2.427,14.957,25.021,2.35,15.014,0.1129,5.36,64.93,-98.55,0.5353,0.5969,7.47,8.33,2.27,50.4,50.4,12.6,-0.7
1054,25.082,2.433,14.957,25.024,2.35,15.014,0.1172,5.36,64.91,-98.53,0.5347,0.5977,7.47,8.34,2.48,50.4,50.4,12.6,-0.42
1055,25.084,2.44,14.957,25.025,2.356,15.014,0.1175,5.38,64.91,-98.53,0.534,0.5989,7.46,8.36,2.48,50.4,50.4,12.6,-0.42
1056,25.086,2.446,14.957,25.027,2.362,15.014,0.1177,5.38,64.91,-98.53,0.5333,0.6002,7.45,8.38,2.48,50.4,50.4,12.6,-0.42
1057,25.088,2.453,14.957,25.029,2.368,15.014,0.118,5.41,64.91,-98.5,0.5326,0.6014,7.44,8.4,2.49,50.4,50.4,12.6,-0.42
1058,25.09,2.459,14.957,25.03,2.375,15.014,0.1182,5.43,64.91,-98.5,0.532,0.6027,7.43,8.41,2.49,50.4,50.4,12.6,-0.42
1059,25.092,2.466,14.957,25.032,2.381,15.014,0.1185,5.43,64.89,-98.5,0.5313,0.6039,7.42,8.43,2.5,50.4,50.4,12.6,-0.42
1060,25.094,2.472,14.957,25.034,2.387,15.014,0.1187,5.45,64.89,-98.48,0.5306,0.6052,7.41,8.45,2.5,50.4,50.4,12.6,-0.42
1061,25.096,2.479,14.957,25.035,2.394,15.014,0.119,5.47,64.89,-98.48,0.5299,0.6064,7.4,8.47,2.51,50.4,50.4,12.6,-0.42
1062,25.098,2.486,14.957,25.035,2.419,15.014,0.1079,5.52,64.89,-98.46,0.5275,0.6105,7.36,8.52,1.9,50.4,50.4,12.6,-1.22
1063,25.1,2.493,14.957,25.033,2.45,15.014,0.0977,5.58,64.86,-98.46,0.5231,0.6155,7.3,8.59,1.12,50.4,50.4,12.6,-2.24
1064,25.103,2.499,14.957,25.036,2.438,15.014,0.1066,5.56,64.86,-98.46,0.5208,0.6202,7.27,8.66,1.71,50.4,50.4,12.6,-1.46
1065,25.105,2.506,14.957,25.04,2.421,15.013,0.1209,5.52,64.86,-98.46,0.5204,0.6226,7.27,8.69,2.49,50.4,50.4,12.6,-0.45
1066,25.107,2.513,14.957,25.042,2.427,15.013,0.1212,5.54,64.86,-98.44,0.5197,0.6237,7.26,8.71,2.5,50.4,50.4,12.6,-0.45
1067,25.11,2.52,14.957,25.044,2.434,15.013,0.1215,5.56,64.84,-98.44,0.5189,0.6251,7.25,8.73,2.5,50.4,50.4,12.6,-0.45
1068,25.112,2.527,14.957,25.046,2.441,15.013,0.1218,5.56,64.84,-98.42,0.5182,0.6264,7.24,8.75,2.51,50.4,50.4,12.6,-0.45
1069,25.114,2.534,14.957,25.048,2.448,15.013,0.122,5.58,64.84,-98.42,0.5174,0.6278,7.22,8.77,2.51,50.4,50.4,12.6,-0.45
1070,25.117,2.541,14.957,25.05,2.455,15.013,0.1223,5.6,64.84,-98.39,0.5167,0.6292,7.21,8.78,2.52,50.4,50.4,12.6,-0.45
1071,25.119,2.548,14.957,25.052,2.461,15.013,0.1226,5.6,64.82,-98.39,0.5159,0.6305,7.2,8.8,2.52,50.4,50.4,12.6,-0.45
1072,25.121,2.555,14.957,25.054,2.468,15.013,0.1229,5.62,64.82,-98.37,0.5152,0.6319,7.19,8.82,2.52,50.4,50.4,12.6,-0.45
1073,25.124,2.562,14.957,25.055,2.484,15.013,0.1181,5.67,64.82,-98.37,0.5138,0.6344,7.17,8.86,2.26,50.4,50.4,12.6,-0.78
1074,25.126,2.569,14.957,25.052,2.534,15.014,0.0997,5.78,64.82,-98.37,0.5089,0.6396,7.11,8.93,0.89,50.4,50.4,12.6,-2.43
1075,25.129,2.577,14.957,25.054,2.533,15.014,0.1034,5.78,64.8,-98.35,0.5052,0.6444,7.05,9.0,1.14,50.4,50.4,12.6,-2.12
1076,25.131,2.584,14.957,25.06,2.497,15.012,0.125,5.69,64.8,-98.35,0.505,0.6492,7.05,9.06,2.5,50.4,50.4,12.6,-0.48
1077,25.134,2.591,14.957,25.062,2.504,15.012,0.1254,5.71,64.8,-98.33,0.5042,0.6507,7.04,9.09,2.51,50.4,50.4,12.6,-0.48
1078,25.137,2.599,14.957,25.065,2.512,15.012,0.1256,5.71,64.78,-98.33,0.5034,0.6521,7.03,9.11,2.51,50.4,50.4,12.6,-0.48
1079,25.139,2.606,14.957,25.067,2.519,15.012,0.1259,5.73,64.78,-98.31,0.5026,0.6536,7.02,9.13,2.52,50.4,50.4,12.6,-0.48
1080,25.142,2.613,14.957,25.07,2.526,15.012,0.1262,5.76,64.78,-98.31,0.5018,0.655,7.01,9.15,2.52,50.4,50.4,12.6,-0.49
1081,25.145,2.621,14.957,25.072,2.533,15.012,0.1265,5.78,64.75,-98.28,0.501,0.6565,7.0,9.17,2.53,50.4,50.4,12.6,-0.49
1082,25.148,2.628,14.957,25.074,2.541,15.012,0.1268,5.78,64.75,-98.28,0.5002,0.658,6.98,9.19,2.53,50.4,50.4,12.6,-0.49
1083,25.15,2.636,14.957,25.077,2.548,15.012,0.1271,5.8,64.75,-98.26,0.4994,0.6594,6.97,9.21,2.53,50.4,50.4,12.6,-0.49
1084,25.153,2.644,14.957,25.079,2.556,15.012,0.1272,5.82,64.73,-98.26,0.4986,0.6609,6.96,9.23,2.53,50.4,50.4,12.6,-0.5
1085,25.156,2.651,14.957,25.074,2.623,15.013,0.1028,5.98,64.73,-98.24,0.4933,0.6663,6.89,9.3,0.63,50.4,50.4,12.6,-2.62
1086,25.159,2.659,14.957,25.076,2.631,15.013,0.1043,6.0,64.73,-98.24,0.4886,0.6711,6.82,9.37,0.62,50.4,50.4,12.6,-2.62
1087,25.162,2.667,14.957,25.084,2.579,15.012,0.1296,5.87,64.73,-98.22,0.4884,0.6759,6.82,9.44,2.51,50.4,50.4,12.6,-0.52
1088,25.165,2.674,14.957,25.086,2.586,15.011,0.1299,5.89,64.71,-98.22,0.4876,0.6801,6.81,9.5,2.51,50.4,50.4,12.6,-0.52
1089,25.168,2.682,14.957,25.089,2.594,15.011,0.1302,5.91,64.71,-98.2,0.4868,0.6812,6.8,9.51,2.52,50.4,50.4,12.6,-0.52
1090,25.171,2.69,14.957,25.092,2.601,15.011,0.1305,5.91,64.71,-98.2,0.4859,0.6828,6.78,9.53,2.52,50.4,50.4,12.6,-0.52
1091,25.175,2.698,14.957,25.095,2.609,15.011,0.1308,5.93,64.69,-98.17,0.4851,0.6844,6.77,9.56,2.53,50.4,50.4,12.6,-0.52
1092,25.178,2.706,14.957,25.098,2.617,15.011,0.1312,5.95,64.69,-98.17,0.4842,0.6859,6.76,9.58,2.53,50.4,50.4,12.6,-0.52
1093,25.181,2.714,14.957,25.1,2.625,15.011,0.1315,5.98,64.67,-98.15,0.4834,0.6875,6.75,9.6,2.53,50.4,50.4,12.6,-0.52
1094,25.184,2.722,14.957,25.103,2.632,15.011,0.1318,5.98,64.67,-98.13,0.4826,0.6891,6.74,9.62,2.54,50.4,50.4,12.6,-0.52
1095,25.187,2.73,14.957,25.106,2.64,15.011,0.1321,6.0,64.67,-98.13,0.4817,0.6907,6.73,9.64,2.54,50.4,50.4,12.6,-0.52
1096,25.191,2.738,14.957,25.101,2.716,15.012,0.1074,6.17,64.64,-98.11,0.4764,0.696,6.65,9.72,0.39,50.4,50.4,12.6,-2.74
1097,25.194,2.746,14.957,25.102,2.726,15.012,0.1087,6.2,64.64,-98.11,0.4717,0.7008,6.59,9.79,0.3,50.4,50.4,12.6,-2.82
1098,25.198,2.754,14.957,25.112,2.667,15.011,0.1334,6.06,64.64,-98.09,0.4707,0.7056,6.57,9.85,2.45,50.4,50.4,12.6,-0.62
1099,25.201,2.762,14.957,25.115,2.673,15.01,0.1349,6.06,64.62,-98.09,0.4699,0.7104,6.56,9.92,2.51,50.4,50.4,12.6,-0.55
1100,25.205,2.77,14.957,25.118,2.681,15.01,0.1353,6.09,64.62,-98.06,0.469,0.7126,6.55,9.95,2.51,50.4,50.4,12.6,-0.55
1101,25.208,2.779,14.957,25.121,2.689,15.01,0.1356,6.11,64.62,-98.04,0.4681,0.7142,6.54,9.97,2.52,50.4,50.4,12.6,-0.55
1102,25.212,2.787,14.957,25.124,2.697,15.01,0.1359,6.13,64.6,-98.04,0.4673,0.7158,6.52,9.99,2.52,50.4,50.4,12.6,-0.55
1103,25.215,2.795,14.957,25.127,2.705,15.01,0.1363,6.15,64.6,-98.02,0.4664,0.7175,6.51,10.02,2.52,50.4,50.4,12.6,-0.56
1104,25.219,2.803,14.957,25.131,2.713,15.01,0.1366,6.15,64.58,-98.0,0.4655,0.7192,6.5,10.04,2.53,50.4,50.4,12.6,-0.56
1105,25.223,2.812,14.957,25.134,2.721,15.01,0.1369,6.17,64.58,-98.0,0.4646,0.7209,6.49,10.07,2.53,50.4,50.4,12.6,-0.56
1106,25.226,2.82,14.957,25.137,2.735,15.009,0.1343,6.22,64.56,-97.98,0.4633,0.7232,6.47,10.1,2.36,50.4,50.4,12.6,-0.72
1107,25.23,2.829,14.957,25.13,2.818,15.01,0.1132,6.39,64.56,-97.95,0.4581,0.7284,6.4,10.17,-0.02,50.4,50.4,12.6,-2.99
1108,25.234,2.837,14.957,25.133,2.822,15.011,0.115,6.42,64.56,-97.95,0.4534,0.7332,6.33,10.24,0.13,50.4,50.4,12.6,-2.84
1109,25.238,2.846,14.957,25.145,2.756,15.01,0.1401,6.26,64.53,-97.93,0.4519,0.7381,6.31,10.31,2.5,50.4,50.4,12.6,-0.59
1110,25.242,2.854,14.957,25.148,2.764,15.009,0.1404,6.26,64.53,-97.93,0.4511,0.7429,6.3,10.37,2.5,50.4,50.4,12.6,-0.59
1111,25.246,2.863,14.957,25.151,2.772,15.008,0.1408,6.28,64.51,-97.91,0.4502,0.7462,6.29,10.42,2.5,50.4,50.4,12.6,-0.59
1112,25.25,2.871,14.957,25.155,2.781,15.008,0.1412,6.31,64.51,-97.89,0.4493,0.7477,6.27,10.44,2.51,50.4,50.4,12.6,-0.59
1113,25.254,2.88,14.957,25.158,2.789,15.008,0.1415,6.33,64.49,-97.87,0.4483,0.7495,6.26,10.46,2.51,50.4,50.4,12.6,-0.59
1114,25.258,2.889,14.957,25.162,2.798,15.008,0.1419,6.35,64.49,-97.87,0.4474,0.7513,6.25,10.49,2.51,50.4,50.4,12.6,-0.59
1115,25.262,2.898,14.957,25.166,2.806,15.008,0.1423,6.37,64.47,-97.84,0.4465,0.7531,6.23,10.52,2.51,50.4,50.4,12.6,-0.59
1116,25.267,2.906,14.957,25.17,2.815,15.008,0.1426,6.37,64.47,-97.82,0.4455,0.7549,6.22,10.54,2.52,50.4,50.4,12.6,-0.59
1117,25.271,2.915,14.957,25.169,2.851,15.008,0.13,6.46,64.47,-97.8,0.4429,0.7594,6.18,10.6,1.64,50.4,50.4,12.6,-1.37
1118,25.275,2.924,14.957,25.165,2.924,15.009,0.1215,6.64,64.45,-97.8,0.4379,0.7644,6.11,10.67,-0.41,50.4,50.4,12.6,-3.18
1119,25.279,2.933,14.957,25.171,2.906,15.009,0.1233,6.59,64.45,-97.78,0.4333,0.7692,6.05,10.74,0.45,50.4,50.4,12.6,-2.42
1120,25.284,2.942,14.958,25.182,2.851,15.008,0.146,6.46,64.42,-97.76,0.4321,0.774,6.03,10.81,2.48,50.4,50.4,12.6,-0.62
1121,25.289,2.951,14.958,25.184,2.871,15.007,0.1405,6.5,64.42,-97.73,0.4316,0.7788,6.03,10.87,2.11,50.4,50.4,12.6,-0.48
1122,25.293,2.959,14.958,25.186,2.903,15.007,0.1312,6.57,64.4,-97.73,0.4314,0.7798,6.02,10.89,1.39,50.4,50.4,12.6,-0.2
1123,25.298,2.968,14.958,25.189,2.923,15.007,0.1277,6.61,64.4,-97.71,0.4315,0.7798,6.03,10.89,1.02,50.4,50.4,12.6,-0.06
1124,25.302,2.977,14.958,25.193,2.932,15.007,0.1277,6.64,64.38,-97.69,0.4316,0.7801,6.03,10.89,1.02,50.4,50.4,12.6,-0.06
1125,25.307,2.986,14.958,25.198,2.941,15.007,0.1277,6.66,64.36,-97.67,0.4316,0.7803,6.03,10.9,1.02,50.4,50.4,12.6,-0.06
1126,25.311,2.995,14.958,25.202,2.95,15.007,0.1277,6.68,64.36,-97.65,0.4316,0.7806,6.03,10.9,1.02,50.4,50.4,12.6,-0.06
1127,25.316,3.004,14.958,25.207,2.958,15.007,0.1277,6.7,64.34,-97.62,0.4317,0.7808,6.03,10.9,1.02,50.4,50.4,12.6,-0.06
1128,25.32,3.013,14.958,25.204,3.022,15.007,0.1267,6.83,64.34,-97.6,0.4286,0.7861,5.99,10.98,-0.72,50.4,50.4,12.6,-1.49
1129,25.325,3.022,14.958,25.201,3.077,15.007,0.1441,6.97,64.31,-97.58,0.4237,0.7909,5.92,11.04,-2.18,50.4,50.4,12.6,-2.69
1130,25.33,3.03,14.958,25.212,3.031,15.007,0.128,6.86,64.31,-97.58,0.4218,0.7958,5.89,11.11,-0.46,50.4,50.4,12.6,-1.26
1131,25.335,3.039,14.958,25.222,2.994,15.006,0.1311,6.77,64.29,-97.56,0.4223,0.7979,5.9,11.14,0.99,50.4,50.4,12.6,-0.06
1132,25.339,3.048,14.958,25.226,3.002,15.006,0.1311,6.79,64.29,-97.54,0.4223,0.7978,5.9,11.14,0.99,50.4,50.4,12.6,-0.06
1133,25.344,3.057,14.958,25.231,3.011,15.006,0.1311,6.81,64.27,-97.51,0.4223,0.798,5.9,11.14,0.99,50.4,50.4,12.6,-0.06
1134,25.349,3.065,14.958,25.236,3.02,15.006,0.1311,6.83,64.25,-97.49,0.4224,0.7983,5.9,11.15,0.99,50.4,50.4,12.6,-0.06
1135,25.354,3.074,14.958,25.241,3.029,15.006,0.1311,6.83,64.25,-97.47,0.4224,0.7985,5.9,11.15,0.99,50.4,50.4,12.6,-0.06
1136,25.359,3.083,14.958,25.246,3.037,15.006,0.1311,6.86,64.23,-97.45,0.4225,0.7988,5.9,11.15,0.99,50.4,50.4,12.6,-0.06
1137,25.363,3.092,14.958,25.25,3.046,15.006,0.131,6.88,64.23,-97.43,0.4225,0.799,5.9,11.16,0.99,50.4,50.4,12.6,-0.06
1138,25.368,3.101,14.958,25.255,3.055,15.006,0.131,6.9,64.2,-97.4,0.4226,0.7993,5.9,11.16,0.99,50.4,50.4,12.6,-0.06
1139,25.373,3.109,14.958,25.254,3.107,15.006,0.1286,7.01,64.18,-97.38,0.4204,0.8033,5.87,11.22,-0.41,50.4,50.4,12.6,-1.13
1140,25.378,3.118,14.958,25.249,3.181,15.006,0.1514,7.19,64.18,-97.36,0.4153,0.8083,5.8,11.29,-2.46,50.4,50.4,12.6,-2.69
1141,25.383,3.127,14.958,25.258,3.145,15.006,0.1351,7.1,64.16,-97.34,0.4126,0.8132,5.76,11.35,-1.07,50.4,50.4,12.6,-1.62
1142,25.388,3.135,14.958,25.271,3.09,15.005,0.1345,6.97,64.16,-97.34,0.4132,0.8166,5.77,11.4,0.96,50.4,50.4,12.6,-0.06
1143,25.393,3.144,14.958,25.276,3.098,15.005,0.1344,6.99,64.14,-97.29,0.4133,0.8163,5.77,11.4,0.96,50.4,50.4,12.6,-0.06
1144,25.398,3.152,14.958,25.281,3.107,15.005,0.1344,7.01,64.14,-97.27,0.4133,0.8165,5.77,11.4,0.96,50.4,50.4,12.6,-0.06
1145,25.404,3.161,14.958,25.286,3.115,15.005,0.1344,7.03,64.12,-97.25,0.4134,0.8168,5.77,11.4,0.96,50.4,50.4,12.6,-0.06
1146,25.409,3.169,14.958,25.291,3.124,15.005,0.1344,7.03,64.09,-97.23,0.4135,0.817,5.77,11.41,0.96,50.4,50.4,12.6,-0.06
1147,25.414,3.178,14.958,25.296,3.132,15.005,0.1344,7.05,64.09,-97.21,0.4135,0.8173,5.77,11.41,0.96,50.4,50.4,12.6,-0.06
1148,25.419,3.187,14.958,25.302,3.141,15.005,0.1344,7.08,64.07,-97.19,0.4136,0.8175,5.77,11.41,0.96,50.4,50.4,12.6,-0.06
1149,25.424,3.195,14.958,25.307,3.149,15.005,0.1344,7.1,64.05,-97.16,0.4136,0.8178,5.78,11.42,0.96,50.4,50.4,12.6,-0.06
1150,25.429,3.204,14.958,25.312,3.158,15.004,0.1344,7.12,64.05,-97.14,0.4137,0.818,5.78,11.42,0.96,50.4,50.4,12.6,-0.06
1151,25.434,3.212,14.958,25.302,3.27,15.005,0.1518,7.36,64.03,-97.12,0.4087,0.8237,5.71,11.5,-2.33,50.4,50.4,12.6,-2.4
1152,25.44,3.221,14.958,25.304,3.292,15.006,0.1601,7.4,64.03,-97.12,0.4041,0.8285,5.64,11.57,-2.75,50.4,50.4,12.6,-2.68
1153,25.445,3.229,14.958,25.322,3.196,15.004,0.1355,7.19,64.01,-97.1,0.4042,0.8333,5.64,11.64,0.52,50.4,50.4,12.6,-0.35
1154,25.45,3.238,14.958,25.329,3.192,15.004,0.1378,7.19,63.98,-97.08,0.4044,0.8351,5.65,11.66,0.93,50.4,50.4,12.6,-0.06
1155,25.456,3.246,14.958,25.334,3.2,15.004,0.1378,7.21,63.98,-97.05,0.4045,0.835,5.65,11.66,0.93,50.4,50.4,12.6,-0.06
1156,25.461,3.255,14.958,25.339,3.209,15.004,0.1378,7.21,63.96,-97.01,0.4045,0.8353,5.65,11.66,0.93,50.4,50.4,12.6,-0.06
1157,25.466,3.263,14.958,25.345,3.217,15.003,0.1378,7.23,63.94,-96.99,0.4046,0.8355,5.65,11.67,0.93,50.4,50.4,12.6,-0.06
1158,25.472,3.271,14.958,25.35,3.226,15.003,0.1378,7.25,63.94,-96.97,0.4047,0.8358,5.65,11.67,0.93,50.4,50.4,12.6,-0.06
1159,25.477,3.28,14.958,25.356,3.234,15.003,0.1378,7.27,63.92,-96.94,0.4047,0.836,5.65,11.67,0.93,50.4,50.4,12.6,-0.06
1160,25.483,3.288,14.958,25.361,3.242,15.003,0.1378,7.29,63.9,-96.92,0.4048,0.8363,5.65,11.68,0.93,50.4,50.4,12.6,-0.06
1161,25.488,3.297,14.958,25.366,3.251,15.003,0.1378,7.29,63.9,-96.9,0.4049,0.8366,5.65,11.68,0.93,50.4,50.4,12.6,-0.06
1162,25.493,3.305,14.958,25.371,3.262,15.003,0.1372,7.32,63.87,-96.88,0.4048,0.837,5.65,11.69,0.84,50.4,50.4,12.6,-0.12
1163,25.499,3.313,14.958,25.359,3.393,15.004,0.1671,7.62,63.85,-96.86,0.3994,0.8426,5.58,11.76,-3.03,50.4,50.4,12.6,-2.67
1164,25.504,3.322,14.958,25.363,3.398,15.004,0.1671,7.62,63.85,-96.83,0.3948,0.8474,5.51,11.83,-2.96,50.4,50.4,12.6,-2.61
1165,25.51,3.33,14.958,25.384,3.284,15.003,0.1411,7.36,63.83,-96.81,0.3956,0.8522,5.52,11.9,0.9,50.4,50.4,12.6,-0.06
1166,25.516,3.338,14.958,25.39,3.292,15.002,0.1412,7.38,63.83,-96.79,0.3957,0.8538,5.53,11.92,0.89,50.4,50.4,12.6,-0.06
1167,25.521,3.346,14.958,25.396,3.3,15.002,0.1412,7.4,63.81,-96.77,0.3958,0.8537,5.53,11.92,0.89,50.4,50.4,12.6,-0.06
1168,25.527,3.355,14.958,25.401,3.309,15.002,0.1412,7.43,63.79,-96.75,0.3959,0.854,5.53,11.92,0.89,50.4,50.4,12.6,-0.06
1169,25.533,3.363,14.958,25.407,3.317,15.002,0.1412,7.45,63.76,-96.72,0.396,0.8543,5.53,11.93,0.89,50.4,50.4,12.6,-0.06
1170,25.538,3.371,14.958,25.413,3.325,15.002,0.1412,7.45,63.76,-96.7,0.3961,0.8545,5.53,11.93,0.89,50.4,50.4,12.6,-0.06
1171,25.544,3.379,14.958,25.418,3.333,15.002,0.1412,7.47,63.74,-96.66,0.3962,0.8548,5.53,11.93,0.89,50.4,50.4,12.6,-0.06
1172,25.55,3.387,14.958,25.424,3.341,15.002,0.1412,7.49,63.72,-96.64,0.3962,0.855,5.53,11.94,0.89,50.4,50.4,12.6,-0.06
1173,25.556,3.396,14.958,25.43,3.35,15.002,0.1411,7.51,63.72,-96.61,0.3963,0.8553,5.53,11.94,0.89,50.4,50.4,12.6,-0.06
1174,25.561,3.404,14.958,25.435,3.358,15.002,0.1411,7.51,63.7,-96.59,0.3964,0.8555,5.53,11.95,0.89,50.4,50.4,12.6,-0.06
1175,25.567,3.412,14.958,25.424,3.477,15.002,0.1627,7.78,63.68,-96.57,0.3919,0.8612,5.47,12.02,-2.61,50.4,50.4,12.6,-2.21
1176,25.573,3.42,14.958,25.426,3.508,15.003,0.1773,7.87,63.68,-96.55,0.3872,0.866,5.41,12.09,-3.35,50.4,50.4,12.6,-2.65
1177,25.579,3.428,14.958,25.446,3.405,15.001,0.1418,7.62,63.65,-96.53,0.387,0.8708,5.4,12.16,0.14,50.4,50.4,12.6,-0.5
1178,25.585,3.436,14.958,25.454,3.39,15.001,0.1446,7.58,63.63,-96.5,0.3873,0.8725,5.41,12.18,0.86,50.4,50.4,12.6,-0.05
1179,25.591,3.444,14.958,25.46,3.398,15.001,0.1446,7.6,63.63,-96.48,0.3874,0.8724,5.41,12.18,0.86,50.4,50.4,12.6,-0.05
1180,25.597,3.452,14.958,25.466,3.406,15.001,0.1446,7.62,63.61,-96.46,0.3875,0.8727,5.41,12.18,0.86,50.4,50.4,12.6,-0.05
1181,25.603,3.46,14.958,25.472,3.414,15.001,0.1446,7.62,63.59,-96.42,0.3876,0.8729,5.41,12.19,0.86,50.4,50.4,12.6,-0.05
1182,25.609,3.468,14.958,25.478,3.422,15.001,0.1445,7.65,63.57,-96.39,0.3877,0.8732,5.41,12.19,0.86,50.4,50.4,12.6,-0.05
1183,25.615,3.476,14.958,25.484,3.43,15.001,0.1445,7.67,63.57,-96.37,0.3878,0.8734,5.41,12.2,0.86,50.4,50.4,12.6,-0.05
1184,25.62,3.484,14.958,25.49,3.438,15.001,0.1445,7.69,63.54,-96.35,0.3879,0.8737,5.42,12.2,0.86,50.4,50.4,12.6,-0.05
1185,25.626,3.492,14.958,25.496,3.446,15.0,0.1445,7.69,63.52,-96.33,0.3879,0.8739,5.42,12.2,0.86,50.4,50.4,12.6,-0.05
1186,25.632,3.5,14.958,25.502,3.454,15.0,0.1445,7.71,63.5,-96.28,0.388,0.8742,5.42,12.21,0.86,50.4,50.4,12.6,-0.05
1187,25.638,3.508,14.958,25.501,3.51,15.0,0.1439,7.84,63.5,-96.26,0.3863,0.8775,5.39,12.25,-0.65,50.4,50.4,12.6,-0.91
1188,25.644,3.516,14.958,25.492,3.613,15.001,0.1857,8.06,63.48,-96.24,0.3812,0.8827,5.32,12.32,-3.66,50.4,50.4,12.6,-2.62
1189,25.651,3.524,14.958,25.504,3.573,15.001,0.1608,7.98,63.48,-96.22,0.3784,0.8875,5.28,12.39,-2.16,50.4,50.4,12.6,-1.76
1190,25.657,3.532,14.958,25.523,3.486,14.999,0.148,7.78,63.46,-96.2,0.3791,0.8913,5.29,12.45,0.82,50.4,50.4,12.6,-0.05
1191,25.663,3.54,14.958,25.529,3.494,15.0,0.1479,7.8,63.44,-96.17,0.3792,0.8909,5.29,12.44,0.82,50.4,50.4,12.6,-0.05
1192,25.669,3.547,14.958,25.535,3.501,14.999,0.1479,7.8,63.41,-96.15,0.3793,0.8912,5.3,12.44,0.82,50.4,50.4,12.6,-0.05
1193,25.676,3.555,14.958,25.541,3.509,14.999,0.1479,7.82,63.39,-96.13,0.3794,0.8914,5.3,12.45,0.82,50.4,50.4,12.6,-0.05
1194,25.682,3.563,14.958,25.548,3.517,14.999,0.1479,7.84,63.39,-96.09,0.3795,0.8917,5.3,12.45,0.82,50.4,50.4,12.6,-0.05
1195,25.688,3.571,14.958,25.554,3.525,14.999,0.1479,7.84,63.37,-96.06,0.3796,0.892,5.3,12.45,0.82,50.4,50.4,12.6,-0.05
1196,25.694,3.579,14.958,25.56,3.532,14.999,0.1478,7.87,63.35,-96.04,0.3797,0.8922,5.3,12.46,0.82,50.4,50.4,12.6,-0.05
1197,25.701,3.586,14.958,25.566,3.54,14.999,0.1478,7.89,63.33,-96.02,0.3798,0.8925,5.3,12.46,0.82,50.4,50.4,12.6,-0.05
1198,25.707,3.594,14.958,25.573,3.548,14.999,0.1478,7.89,63.33,-95.98,0.3799,0.8927,5.3,12.46,0.82,50.4,50.4,12.6,-0.05
1199,25.713,3.602,14.958,25.579,3.556,14.999,0.1478,7.91,63.3,-95.95,0.38,0.893,5.31,12.47,0.82,50.4,50.4,12.6,-0.05
1200,25.719,3.61,14.958,25.572,3.65,14.999,0.1583,8.13,63.28,-95.93,0.3771,0.8983,5.26,12.54,-1.89,50.4,50.4,12.6,-1.48
1201,25.726,3.617,14.958,25.567,3.724,15.0,0.1957,8.28,63.28,-95.91,0.3722,0.9032,5.2,12.61,-3.98,50.4,50.4,12.6,-2.58
1202,25.732,3.625,14.958,25.585,3.645,14.999,0.1544,8.11,63.26,-95.89,0.3708,0.908,5.18,12.68,-1.29,50.4,50.4,12.6,-1.15
1203,25.739,3.633,14.958,25.601,3.586,14.998,0.1512,7.98,63.24,-95.87,0.3712,0.9096,5.18,12.7,0.78,50.4,50.4,12.6,-0.05
1204,25.745,3.64,14.958,25.607,3.594,14.998,0.1512,8.0,63.22,-95.82,0.3714,0.9095,5.19,12.7,0.78,50.4,50.4,12.6,-0.05
1205,25.752,3.648,14.958,25.614,3.601,14.998,0.1511,8.0,63.19,-95.8,0.3715,0.9098,5.19,12.7,0.78,50.4,50.4,12.6,-0.05
1206,25.759,3.655,14.958,25.62,3.609,14.998,0.1511,8.02,63.19,-95.78,0.3716,0.91,5.19,12.71,0.78,50.4,50.4,12.6,-0.05
1207,25.765,3.663,14.958,25.627,3.616,14.998,0.1511,8.04,63.17,-95.73,0.3717,0.9103,5.19,12.71,0.78,50.4,50.4,12.6,-0.05
1208,25.772,3.67,14.958,25.633,3.624,14.998,0.1511,8.04,63.15,-95.71,0.3718,0.9106,5.19,12.71,0.78,50.4,50.4,12.6,-0.05
1209,25.778,3.678,14.958,25.64,3.632,14.998,0.1511,8.06,63.13,-95.69,0.3719,0.9108,5.19,12.72,0.78,50.4,50.4,12.6,-0.05
1210,25.785,3.685,14.958,25.646,3.639,14.998,0.1511,8.09,63.11,-95.67,0.3721,0.9111,5.19,12.72,0.78,50.4,50.4,12.6,-0.05
1211,25.791,3.693,14.958,25.653,3.647,14.998,0.151,8.09,63.11,-95.62,0.3722,0.9113,5.2,12.72,0.78,50.4,50.4,12.6,-0.05
1212,25.798,3.7,14.958,25.659,3.654,14.997,0.151,8.11,63.08,-95.6,0.3723,0.9116,5.2,12.73,0.78,50.4,50.4,12.6,-0.05
1213,25.804,3.708,14.958,25.652,3.75,14.997,0.1626,8.31,63.06,-95.58,0.3695,0.9166,5.16,12.8,-1.97,50.4,50.4,12.6,-1.4
1214,25.811,3.715,14.958,25.646,3.832,14.998,0.2055,8.5,63.06,-95.56,0.3647,0.9215,5.09,12.87,-4.31,50.4,50.4,12.6,-2.53
1215,25.818,3.723,14.958,25.665,3.751,14.997,0.1602,8.31,63.04,-95.54,0.3632,0.9264,5.07,12.93,-1.57,50.4,50.4,12.6,-1.18
1216,25.825,3.73,14.958,25.682,3.684,14.997,0.1544,8.17,63.02,-95.49,0.3637,0.9279,5.08,12.96,0.75,50.4,50.4,12.6,-0.05
1217,25.831,3.737,14.958,25.689,3.691,14.997,0.1543,8.17,63.0,-95.47,0.3638,0.9279,5.08,12.96,0.74,50.4,50.4,12.6,-0.05
1218,25.838,3.745,14.958,25.696,3.698,14.997,0.1543,8.2,62.97,-95.45,0.364,0.9281,5.08,12.96,0.74,50.4,50.4,12.6,-0.05
1219,25.845,3.752,14.958,25.703,3.706,14.997,0.1543,8.2,62.95,-95.41,0.3641,0.9284,5.08,12.96,0.74,50.4,50.4,12.6,-0.05
1220,25.852,3.759,14.958,25.71,3.713,14.996,0.1543,8.22,62.95,-95.38,0.3642,0.9286,5.09,12.97,0.74,50.4,50.4,12.6,-0.05
1221,25.859,3.766,14.958,25.717,3.72,14.996,0.1543,8.24,62.93,-95.36,0.3644,0.9289,5.09,12.97,0.74,50.4,50.4,12.6,-0.05
1222,25.866,3.774,14.958,25.723,3.727,14.996,0.1542,8.24,62.91,-95.32,0.3645,0.9292,5.09,12.97,0.74,50.4,50.4,12.6,-0.05
1223,25.872,3.781,14.958,25.73,3.735,14.996,0.1542,8.26,62.89,-95.3,0.3646,0.9294,5.09,12.98,0.74,50.4,50.4,12.6,-0.05
1224,25.879,3.788,14.958,25.737,3.742,14.996,0.1542,8.26,62.86,-95.27,0.3647,0.9297,5.09,12.98,0.74,50.4,50.4,12.6,-0.05
1225,25.886,3.796,14.958,25.744,3.749,14.996,0.1542,8.28,62.84,-95.23,0.3649,0.93,5.09,12.98,0.74,50.4,50.4,12.6,-0.05
1226,25.893,3.803,14.958,25.743,3.806,14.996,0.1547,8.42,62.84,-95.21,0.3635,0.9327,5.08,13.02,-0.81,50.4,50.4,12.6,-0.75
1227,25.9,3.81,14.958,25.73,3.936,14.997,0.2151,8.7,62.82,-95.19,0.3587,0.938,5.01,13.1,-4.63,50.4,50.4,12.6,-2.47
1228,25.907,3.817,14.959,25.743,3.894,14.996,0.1848,8.59,62.8,-95.16,0.3559,0.9428,4.97,13.16,-3.1,50.4,50.4,12.6,-1.77
1229,25.914,3.824,14.959,25.768,3.778,14.995,0.1575,8.35,62.78,-95.12,0.3566,0.9462,4.98,13.21,0.7,50.4,50.4,12.6,-0.05
1230,25.921,3.831,14.959,25.775,3.785,14.995,0.1574,8.35,62.78,-95.1,0.3567,0.9459,4.98,13.21,0.7,50.4,50.4,12.6,-0.05
1231,25.928,3.838,14.959,25.782,3.792,14.995,0.1574,8.37,62.75,-95.08,0.3568,0.9461,4.98,13.21,0.7,50.4,50.4,12.6,-0.05
1232,25.935,3.845,14.959,25.789,3.799,14.995,0.1574,8.37,62.73,-95.03,0.357,0.9464,4.98,13.21,0.7,50.4,50.4,12.6,-0.05
1233,25.942,3.852,14.959,25.796,3.806,14.995,0.1574,8.39,62.71,-95.01,0.3571,0.9467,4.99,13.22,0.7,50.4,50.4,12.6,-0.05
1234,25.95,3.859,14.959,25.804,3.813,14.995,0.1574,8.42,62.69,-94.97,0.3573,0.9469,4.99,13.22,0.7,50.4,50.4,12.6,-0.05
1235,25.957,3.866,14.959,25.811,3.82,14.995,0.1573,8.42,62.67,-94.94,0.3574,0.9472,4.99,13.23,0.7,50.4,50.4,12.6,-0.05
1236,25.964,3.873,14.959,25.818,3.827,14.995,0.1573,8.44,62.64,-94.92,0.3575,0.9475,4.99,13.23,0.7,50.4,50.4,12.6,-0.05
1237,25.971,3.88,14.959,25.825,3.834,14.995,0.1573,8.44,62.64,-94.88,0.3577,0.9477,4.99,13.23,0.7,50.4,50.4,12.6,-0.05
1238,25.978,3.887,14.959,25.832,3.841,14.994,0.1573,8.46,62.62,-94.86,0.3578,0.948,5.0,13.24,0.7,50.4,50.4,12.6,-0.05
1239,25.985,3.894,14.959,25.839,3.848,14.994,0.1572,8.46,62.6,-94.81,0.3579,0.9483,5.0,13.24,0.7,50.4,50.4,12.6,-0.05
1240,25.992,3.901,14.959,25.822,4.005,14.995,0.2026,8.81,62.58,-94.79,0.3539,0.9539,4.94,13.32,-3.96,50.4,50.4,12.6,-1.98
1241,25.999,3.908,14.959,25.823,4.044,14.995,0.2261,8.9,62.58,-94.77,0.3497,0.9587,4.88,13.39,-4.97,50.4,50.4,12.6,-2.39
1242,26.007,3.915,14.959,25.852,3.901,14.994,0.1591,8.59,62.56,-94.75,0.3497,0.9636,4.88,13.45,-0.33,50.4,50.4,12.6,-0.46
1243,26.014,3.922,14.959,25.865,3.876,14.994,0.1604,8.53,62.53,-94.7,0.35,0.9636,4.89,13.45,0.66,50.4,50.4,12.6,-0.04
1244,26.022,3.928,14.959,25.872,3.882,14.994,0.1604,8.53,62.51,-94.68,0.3501,0.9638,4.89,13.46,0.66,50.4,50.4,12.6,-0.04
1245,26.029,3.935,14.959,25.879,3.889,14.993,0.1604,8.55,62.49,-94.66,0.3503,0.964,4.89,13.46,0.66,50.4,50.4,12.6,-0.04
1246,26.036,3.942,14.959,25.887,3.896,14.993,0.1603,8.55,62.47,-94.61,0.3504,0.9643,4.89,13.46,0.66,50.4,50.4,12.6,-0.04
1247,26.044,3.948,14.959,25.894,3.902,14.993,0.1603,8.57,62.45,-94.59,0.3505,0.9646,4.89,13.47,0.66,50.4,50.4,12.6,-0.04
1248,26.051,3.955,14.959,25.902,3.909,14.993,0.1603,8.59,62.42,-94.55,0.3507,0.9648,4.9,13.47,0.66,50.4,50.4,12.6,-0.04
1249,26.059,3.962,14.959,25.909,3.916,14.993,0.1603,8.59,62.4,-94.53,0.3508,0.9651,4.9,13.48,0.66,50.4,50.4,12.6,-0.04
1250,26.066,3.969,14.959,25.916,3.922,14.993,0.1602,8.61,62.4,-94.48,0.351,0.9654,4.9,13.48,0.66,50.4,50.4,12.6,-0.05
1251,26.073,3.975,14.959,25.924,3.929,14.993,0.1602,8.61,62.38,-94.46,0.3511,0.9656,4.9,13.48,0.66,50.4,50.4,12.6,-0.05
1252,26.081,3.982,14.959,25.931,3.936,14.993,0.1602,8.64,62.36,-94.42,0.3513,0.9659,4.9,13.49,0.66,50.4,50.4,12.6,-0.05
1253,26.088,3.989,14.959,25.933,3.975,14.993,0.1591,8.72,62.34,-94.39,0.3506,0.9675,4.9,13.51,-0.34,50.4,50.4,12.6,-0.42
1254,26.096,3.995,14.959,25.914,4.141,14.993,0.2354,9.07,62.31,-94.37,0.3461,0.9729,4.83,13.58,-5.29,50.4,50.4,12.6,-2.3
1255,26.103,4.002,14.959,25.926,4.116,14.993,0.2139,9.03,62.29,-94.35,0.3429,0.9778,4.79,13.65,-4.31,50.4,50.4,12.6,-1.92
1256,26.111,4.008,14.959,25.958,3.962,14.992,0.1633,8.68,62.27,-94.31,0.3437,0.9812,4.8,13.7,0.62,50.4,50.4,12.6,-0.04
1257,26.119,4.015,14.959,25.965,3.969,14.992,0.1632,8.7,62.27,-94.28,0.3438,0.9809,4.8,13.7,0.62,50.4,50.4,12.6,-0.04
1258,26.126,4.021,14.959,25.973,3.975,14.992,0.1632,8.7,62.25,-94.24,0.344,0.9811,4.8,13.7,0.62,50.4,50.4,12.6,-0.04
1259,26.134,4.027,14.959,25.981,3.982,14.992,0.1632,8.72,62.23,-94.22,0.3441,0.9814,4.81,13.7,0.62,50.4,50.4,12.6,-0.04
1260,26.141,4.034,14.959,25.988,3.988,14.992,0.1632,8.72,62.2,-94.17,0.3443,0.9817,4.81,13.71,0.62,50.4,50.4,12.6,-0.04
1261,26.149,4.04,14.959,25.996,3.994,14.992,0.1631,8.75,62.18,-94.15,0.3444,0.982,4.81,13.71,0.62,50.4,50.4,12.6,-0.04
1262,26.157,4.047,14.959,26.004,4.001,14.991,0.1631,8.75,62.16,-94.11,0.3446,0.9822,4.81,13.71,0.62,50.4,50.4,12.6,-0.04
1263,26.164,4.053,14.959,26.011,4.007,14.991,0.1631,8.77,62.14,-94.09,0.3448,0.9825,4.81,13.72,0.62,50.4,50.4,12.6,-0.04
1264,26.172,4.06,14.959,26.019,4.013,14.991,0.163,8.77,62.12,-94.04,0.3449,0.9828,4.82,13.72,0.62,50.4,50.4,12.6,-0.04
1265,26.18,4.066,14.959,26.027,4.02,14.991,0.163,8.79,62.09,-94.02,0.3451,0.983,4.82,13.73,0.62,50.4,50.4,12.6,-0.04
1266,26.187,4.072,14.959,26.034,4.026,14.991,0.163,8.79,62.07,-93.98,0.3452,0.9833,4.82,13.73,0.62,50.4,50.4,12.6,-0.04
1267,26.195,4.079,14.959,26.031,4.101,14.991,0.1687,8.94,62.05,-93.96,0.3438,0.9861,4.8,13.77,-1.48,50.4,50.4,12.6,-0.77
1268,26.203,4.085,14.959,26.016,4.241,14.991,0.2459,9.25,62.05,-93.93,0.3396,0.9914,4.74,13.84,-5.61,50.4,50.4,12.6,-2.19
1269,26.211,4.091,14.959,26.033,4.18,14.991,0.2008,9.12,62.03,-93.89,0.3374,0.9962,4.71,13.91,-3.54,50.4,50.4,12.6,-1.47
1270,26.219,4.097,14.959,26.062,4.051,14.99,0.1659,8.83,62.01,-93.87,0.338,0.9977,4.72,13.93,0.58,50.4,50.4,12.6,-0.04
1271,26.227,4.103,14.959,26.07,4.058,14.99,0.1659,8.85,61.98,-93.82,0.3382,0.9977,4.72,13.93,0.58,50.4,50.4,12.6,-0.04
1272,26.234,4.109,14.959,26.078,4.064,14.99,0.1658,8.85,61.96,-93.8,0.3384,0.9979,4.72,13.93,0.58,50.4,50.4,12.6,-0.04
1273,26.242,4.115,14.959,26.086,4.07,14.99,0.1658,8.88,61.94,-93.76,0.3385,0.9982,4.73,13.94,0.58,50.4,50.4,12.6,-0.04
1274,26.25,4.121,14.959,26.094,4.076,14.99,0.1658,8.88,61.92,-93.74,0.3387,0.9985,4.73,13.94,0.58,50.4,50.4,12.6,-0.04
1275,26.258,4.128,14.959,26.102,4.082,14.99,0.1657,8.88,61.9,-93.69,0.3389,0.9988,4.73,13.95,0.58,50.4,50.4,12.6,-0.04
1276,26.266,4.134,14.959,26.11,4.088,14.99,0.1657,8.9,61.88,-93.67,0.339,0.999,4.73,13.95,0.58,50.4,50.4,12.6,-0.04
1277,26.274,4.14,14.959,26.118,4.094,14.99,0.1657,8.9,61.85,-93.63,0.3392,0.9993,4.74,13.95,0.58,50.4,50.4,12.6,-0.04
1278,26.282,4.146,14.959,26.126,4.1,14.99,0.1657,8.92,61.83,-93.58,0.3394,0.9996,4.74,13.96,0.58,50.4,50.4,12.6,-0.04
1279,26.29,4.152,14.959,26.134,4.106,14.989,0.1656,8.92,61.81,-93.56,0.3395,0.9999,4.74,13.96,0.58,50.4,50.4,12.6,-0.04
1280,26.298,4.158,14.959,26.142,4.112,14.989,0.1656,8.94,61.81,-93.52,0.3397,1.0001,4.74,13.96,0.58,50.4,50.4,12.6,-0.04
1281,26.306,4.164,14.959,26.137,4.191,14.989,0.1732,9.12,61.79,-93.49,0.3383,1.0029,4.72,14.0,-1.67,50.4,50.4,12.6,-0.74
1282,26.314,4.17,14.959,26.121,4.336,14.989,0.256,9.43,61.77,-93.47,0.3344,1.0082,4.67,14.08,-5.93,50.4,50.4,12.6,-2.06
1283,26.322,4.176,14.959,26.14,4.269,14.989,0.2064,9.27,61.74,-93.43,0.3324,1.013,4.64,14.14,-3.71,50.4,50.4,12.6,-1.37
1284,26.33,4.181,14.959,26.171,4.136,14.989,0.1683,8.99,61.72,-93.41,0.333,1.0137,4.65,14.15,0.53,50.4,50.4,12.6,-0.04
1285,26.338,4.187,14.959,26.179,4.142,14.989,0.1683,8.99,61.7,-93.36,0.3331,1.0138,4.65,14.16,0.53,50.4,50.4,12.6,-0.04
1286,26.347,4.193,14.959,26.187,4.147,14.988,0.1683,9.01,61.68,-93.34,0.3333,1.0141,4.65,14.16,0.53,50.4,50.4,12.6,-0.04
1287,26.355,4.199,14.959,26.195,4.153,14.988,0.1682,9.01,61.66,-93.3,0.3335,1.0143,4.66,14.16,0.53,50.4,50.4,12.6,-0.04
1288,26.363,4.204,14.959,26.204,4.159,14.988,0.1682,9.01,61.63,-93.25,0.3337,1.0146,4.66,14.17,0.53,50.4,50.4,12.6,-0.04
1289,26.371,4.21,14.959,26.212,4.165,14.988,0.1682,9.03,61.61,-93.23,0.3338,1.0149,4.66,14.17,0.53,50.4,50.4,12.6,-0.04
1290,26.379,4.216,14.959,26.22,4.17,14.988,0.1681,9.03,61.59,-93.19,0.334,1.0152,4.66,14.17,0.53,50.4,50.4,12.6,-0.04
1291,26.387,4.221,14.959,26.228,4.176,14.988,0.1681,9.05,61.57,-93.16,0.3342,1.0154,4.67,14.18,0.53,50.4,50.4,12.6,-0.04
1292,26.396,4.227,14.959,26.236,4.182,14.988,0.1681,9.05,61.55,-93.12,0.3343,1.0157,4.67,14.18,0.53,50.4,50.4,12.6,-0.04
1293,26.404,4.233,14.959,26.245,4.187,14.988,0.168,9.07,61.52,-93.08,0.3345,1.016,4.67,14.19,0.53,50.4,50.4,12.6,-0.04
1294,26.412,4.239,14.959,26.253,4.193,14.988,0.168,9.07,61.5,-93.05,0.3347,1.0163,4.67,14.19,0.53,50.4,50.4,12.6,-0.04
1295,26.42,4.244,14.959,26.253,4.245,14.987,0.1693,9.18,61.48,-93.01,0.334,1.0179,4.66,14.21,-0.87,50.4,50.4,12.6,-0.43
1296,26.428,4.25,14.959,26.231,4.426,14.988,0.2655,9.58,61.48,-92.99,0.3303,1.0234,4.61,14.29,-6.22,50.4,50.4,12.6,-1.92
1297,26.437,4.255,14.959,26.246,4.385,14.987,0.2326,9.49,61.46,-92.97,0.3279,1.0282,4.58,14.36,-4.84,50.4,50.4,12.6,-1.53
1298,26.445,4.261,14.959,26.283,4.216,14.987,0.1706,9.12,61.44,-92.92,0.3285,1.029,4.59,14.37,0.49,50.4,50.4,12.6,-0.04
1299,26.454,4.266,14.959,26.291,4.221,14.987,0.1705,9.12,61.41,-92.88,0.3287,1.0291,4.59,14.37,0.49,50.4,50.4,12.6,-0.04
1300,26.462,4.271,14.959,26.3,4.226,14.987,0.1705,9.12,61.39,-92.86,0.3289,1.0294,4.59,14.37,0.49,50.4,50.4,12.6,-0.04
1301,26.47,4.277,14.959,26.308,4.232,14.987,0.1704,9.14,61.37,-92.81,0.3291,1.0297,4.59,14.38,0.49,50.4,50.4,12.6,-0.04
1302,26.479,4.282,14.959,26.317,4.237,14.986,0.1704,9.14,61.35,-92.77,0.3292,1.03,4.6,14.38,0.49,50.4,50.4,12.6,-0.04
1303,26.487,4.288,14.959,26.325,4.242,14.986,0.1704,9.16,61.33,-92.75,0.3294,1.0302,4.6,14.38,0.49,50.4,50.4,12.6,-0.04
1304,26.496,4.293,14.959,26.334,4.248,14.986,0.1703,9.16,61.3,-92.7,0.3296,1.0305,4.6,14.39,0.49,50.4,50.4,12.6,-0.04
1305,26.504,4.298,14.959,26.342,4.253,14.986,0.1703,9.16,61.28,-92.68,0.3298,1.0308,4.6,14.39,0.49,50.4,50.4,12.6,-0.04
1306,26.513,4.304,14.959,26.351,4.258,14.986,0.1703,9.18,61.26,-92.64,0.3299,1.0311,4.61,14.4,0.49,50.4,50.4,12.6,-0.04
1307,26.521,4.309,14.959,26.359,4.264,14.986,0.1702,9.18,61.24,-92.59,0.3301,1.0314,4.61,14.4,0.49,50.4,50.4,12.6,-0.04
1308,26.529,4.314,14.96,26.367,4.269,14.986,0.1702,9.21,61.22,-92.57,0.3303,1.0316,4.61,14.4,0.49,50.4,50.4,12.6,-0.04
1309,26.538,4.32,14.96,26.376,4.274,14.986,0.1702,9.21,61.19,-92.53,0.3305,1.0319,4.61,14.41,0.49,50.4,50.4,12.6,-0.04
1310,26.546,4.325,14.96,26.347,4.495,14.986,0.2629,9.69,61.17,-92.5,0.3272,1.0376,4.57,14.49,-6.05,50.4,50.4,12.6,-1.65
1311,26.555,4.33,14.96,26.352,4.515,14.986,0.2759,9.71,61.15,-92.46,0.3242,1.0424,4.53,14.55,-6.52,50.4,50.4,12.6,-1.76
1312,26.564,4.335,14.96,26.396,4.305,14.985,0.1716,9.27,61.13,-92.44,0.3247,1.0435,4.53,14.57,-0.0,50.4,50.4,12.6,-0.15
1313,26.572,4.34,14.96,26.408,4.295,14.985,0.1725,9.23,61.11,-92.4,0.3249,1.0436,4.54,14.57,0.44,50.4,50.4,12.6,-0.04
1314,26.581,4.345,14.96,26.416,4.3,14.985,0.1724,9.25,61.08,-92.35,0.3251,1.0438,4.54,14.57,0.44,50.4,50.4,12.6,-0.04
1315,26.59,4.35,14.96,26.425,4.305,14.985,0.1724,9.25,61.06,-92.33,0.3253,1.0441,4.54,14.58,0.44,50.4,50.4,12.6,-0.04
1316,26.598,4.355,14.96,26.434,4.31,14.985,0.1724,9.25,61.04,-92.29,0.3255,1.0444,4.54,14.58,0.44,50.4,50.4,12.6,-0.04
1317,26.607,4.36,14.96,26.442,4.315,14.985,0.1723,9.27,61.02,-92.24,0.3257,1.0447,4.55,14.59,0.44,50.4,50.4,12.6,-0.04
1318,26.616,4.365,14.96,26.451,4.32,14.985,0.1723,9.27,61.0,-92.22,0.3258,1.045,4.55,14.59,0.44,50.4,50.4,12.6,-0.04
1319,26.624,4.37,14.96,26.46,4.325,14.984,0.1723,9.27,60.97,-92.18,0.326,1.0453,4.55,14.59,0.44,50.4,50.4,12.6,-0.04
1320,26.633,4.375,14.96,26.468,4.33,14.984,0.1722,9.29,60.95,-92.13,0.3262,1.0455,4.55,14.6,0.44,50.4,50.4,12.6,-0.04
1321,26.641,4.38,14.96,26.477,4.335,14.984,0.1722,9.29,60.93,-92.11,0.3264,1.0458,4.56,14.6,0.44,50.4,50.4,12.6,-0.04
1322,26.65,4.385,14.96,26.486,4.34,14.984,0.1722,9.32,60.91,-92.07,0.3266,1.0461,4.56,14.61,0.44,50.4,50.4,12.6,-0.04
1323,26.659,4.39,14.96,26.494,4.345,14.984,0.1721,9.32,60.89,-92.02,0.3268,1.0464,4.56,14.61,0.44,50.4,50.4,12.6,-0.04
1324,26.667,4.395,14.96,26.481,4.478,14.984,0.2057,9.6,60.86,-92.0,0.3252,1.0497,4.54,14.66,-3.44,50.4,50.4,12.6,-0.87
1325,26.676,4.399,14.96,26.47,4.593,14.984,0.2841,9.84,60.84,-91.96,0.3223,1.0549,4.5,14.73,-6.78,50.4,50.4,12.6,-1.59
1326,26.685,4.404,14.96,26.5,4.47,14.983,0.198,9.58,60.82,-91.93,0.3214,1.0571,4.49,14.76,-2.91,50.4,50.4,12.6,-0.75
1327,26.694,4.408,14.96,26.527,4.364,14.983,0.1741,9.34,60.8,-91.89,0.3219,1.057,4.49,14.76,0.4,50.4,50.4,12.6,-0.04
1328,26.703,4.413,14.96,26.536,4.369,14.983,0.1741,9.34,60.78,-91.85,0.322,1.0573,4.5,14.76,0.4,50.4,50.4,12.6,-0.04
1329,26.712,4.418,14.96,26.545,4.373,14.983,0.1741,9.36,60.75,-91.82,0.3222,1.0576,4.5,14.77,0.4,50.4,50.4,12.6,-0.04
1330,26.721,4.422,14.96,26.554,4.378,14.983,0.174,9.36,60.73,-91.78,0.3224,1.0579,4.5,14.77,0.4,50.4,50.4,12.6,-0.04
1331,26.73,4.427,14.96,26.563,4.383,14.983,0.174,9.36,60.71,-91.74,0.3226,1.0581,4.5,14.77,0.4,50.4,50.4,12.6,-0.04
1332,26.738,4.431,14.96,26.572,4.387,14.983,0.174,9.38,60.69,-91.71,0.3228,1.0584,4.51,14.78,0.4,50.4,50.4,12.6,-0.04
1333,26.747,4.436,14.96,26.581,4.392,14.983,0.1739,9.38,60.67,-91.67,0.323,1.0587,4.51,14.78,0.4,50.4,50.4,12.6,-0.04
1334,26.756,4.44,14.96,26.589,4.396,14.983,0.1739,9.38,60.64,-91.63,0.3232,1.059,4.51,14.79,0.4,50.4,50.4,12.6,-0.04
1335,26.765,4.445,14.96,26.598,4.401,14.982,0.1739,9.4,60.62,-91.6,0.3234,1.0593,4.51,14.79,0.4,50.4,50.4,12.6,-0.04
1336,26.774,4.449,14.96,26.607,4.405,14.982,0.1738,9.4,60.6,-91.56,0.3235,1.0596,4.52,14.79,0.4,50.4,50.4,12.6,-0.04
1337,26.783,4.454,14.96,26.616,4.41,14.982,0.1738,9.4,60.58,-91.52,0.3237,1.0599,4.52,14.8,0.4,50.4,50.4,12.6,-0.04
1338,26.792,4.459,14.96,26.624,4.421,14.982,0.1733,9.43,60.56,-91.47,0.3238,1.0603,4.52,14.8,0.21,50.4,50.4,12.6,-0.08
1339,26.801,4.463,14.96,26.591,4.665,14.982,0.2916,9.95,60.53,-91.45,0.3211,1.0654,4.48,14.88,-7.0,50.4,50.4,12.6,-1.4
1340,26.81,4.467,14.96,26.6,4.663,14.982,0.2877,9.95,60.51,-91.41,0.3189,1.0698,4.45,14.94,-6.84,50.4,50.4,12.6,-1.36
1341,26.819,4.471,14.96,26.65,4.428,14.982,0.1755,9.43,60.49,-91.38,0.3195,1.0694,4.46,14.93,0.35,50.4,50.4,12.6,-0.04
1342,26.828,4.476,14.96,26.659,4.432,14.981,0.1755,9.45,60.47,-91.34,0.3197,1.0696,4.46,14.94,0.35,50.4,50.4,12.6,-0.04
1343,26.837,4.48,14.96,26.668,4.436,14.981,0.1755,9.45,60.45,-91.3,0.3199,1.0699,4.47,14.94,0.35,50.4,50.4,12.6,-0.04
1344,26.846,4.484,14.96,26.677,4.44,14.981,0.1754,9.45,60.42,-91.25,0.3201,1.0702,4.47,14.94,0.35,50.4,50.4,12.6,-0.04
1345,26.855,4.488,14.96,26.686,4.444,14.981,0.1754,9.45,60.4,-91.23,0.3203,1.0705,4.47,14.95,0.35,50.4,50.4,12.6,-0.04
1346,26.864,4.492,14.96,26.696,4.449,14.981,0.1754,9.47,60.38,-91.19,0.3205,1.0708,4.48,14.95,0.35,50.4,50.4,12.6,-0.04
1347,26.873,4.496,14.96,26.705,4.453,14.981,0.1753,9.47,60.36,-91.14,0.3207,1.0711,4.48,14.96,0.35,50.4,50.4,12.6,-0.04
1348,26.882,4.5,14.96,26.714,4.457,14.981,0.1753,9.47,60.34,-91.12,0.3209,1.0714,4.48,14.96,0.35,50.4,50.4,12.6,-0.04
1349,26.891,4.505,14.96,26.723,4.461,14.981,0.1752,9.47,60.31,-91.08,0.3211,1.0717,4.48,14.96,0.35,50.4,50.4,12.6,-0.04
1350,26.9,4.509,14.96,26.732,4.465,14.981,0.1752,9.49,60.27,-91.03,0.3213,1.072,4.49,14.97,0.35,50.4,50.4,12.6,-0.04
1351,26.909,4.513,14.96,26.741,4.469,14.98,0.1752,9.49,60.25,-90.99,0.3214,1.0723,4.49,14.97,0.35,50.4,50.4,12.6,-0.04
1352,26.919,4.517,14.96,26.75,4.473,14.98,0.1751,9.49,60.23,-90.97,0.3216,1.0726,4.49,14.98,0.35,50.4,50.4,12.6,-0.04
1353,26.928,4.521,14.96,26.742,4.579,14.98,0.1959,9.71,60.21,-90.92,0.3208,1.0745,4.48,15.0,-2.69,50.4,50.4,12.6,-0.5
1354,26.937,4.525,14.96,26.724,4.734,14.98,0.2993,10.04,60.18,-90.88,0.3187,1.0787,4.45,15.06,-7.22,50.4,50.4,12.6,-1.19
1355,26.946,4.529,14.96,26.75,4.637,14.98,0.2247,9.84,60.16,-90.86,0.3178,1.0809,4.44,15.09,-4.2,50.4,50.4,12.6,-0.73
1356,26.955,4.532,14.96,26.785,4.49,14.98,0.1766,9.51,60.14,-90.81,0.3182,1.0808,4.44,15.09,0.31,50.4,50.4,12.6,-0.04
1357,26.965,4.536,14.96,26.794,4.493,14.98,0.1765,9.51,60.12,-90.77,0.3184,1.0811,4.45,15.1,0.31,50.4,50.4,12.6,-0.04
1358,26.974,4.54,14.96,26.804,4.497,14.979,0.1765,9.51,60.1,-90.73,0.3186,1.0814,4.45,15.1,0.31,50.4,50.4,12.6,-0.04
1359,26.983,4.544,14.96,26.813,4.501,14.979,0.1765,9.54,60.07,-90.7,0.3188,1.0817,4.45,15.1,0.31,50.4,50.4,12.6,-0.04
1360,26.992,4.547,14.96,26.822,4.505,14.979,0.1764,9.54,60.05,-90.66,0.319,1.082,4.45,15.11,0.31,50.4,50.4,12.6,-0.04
1361,27.002,4.551,14.96,26.832,4.508,14.979,0.1764,9.54,60.03,-90.62,0.3192,1.0823,4.46,15.11,0.31,50.4,50.4,12.6,-0.04
1362,27.011,4.555,14.96,26.841,4.512,14.979,0.1764,9.54,60.01,-90.57,0.3194,1.0826,4.46,15.12,0.31,50.4,50.4,12.6,-0.04
1363,27.02,4.558,14.96,26.85,4.516,14.979,0.1763,9.54,59.99,-90.55,0.3196,1.0829,4.46,15.12,0.31,50.4,50.4,12.6,-0.04
1364,27.029,4.562,14.96,26.859,4.519,14.979,0.1763,9.56,59.96,-90.51,0.3198,1.0832,4.46,15.12,0.31,50.4,50.4,12.6,-0.04
1365,27.039,4.566,14.96,26.869,4.523,14.979,0.1763,9.56,59.94,-90.46,0.32,1.0835,4.47,15.13,0.31,50.4,50.4,12.6,-0.04
1366,27.048,4.569,14.96,26.878,4.527,14.979,0.1762,9.56,59.92,-90.42,0.3201,1.0838,4.47,15.13,0.31,50.4,50.4,12.6,-0.04
1367,27.057,4.573,14.96,26.887,4.53,14.978,0.1762,9.56,59.9,-90.4,0.3203,1.0841,4.47,15.14,0.31,50.4,50.4,12.6,-0.04
1368,27.067,4.577,14.96,26.866,4.708,14.978,0.2403,9.93,59.88,-90.35,0.3192,1.0867,4.46,15.17,-4.88,50.4,50.4,12.6,-0.67
1369,27.076,4.58,14.96,26.86,4.796,14.978,0.3059,10.13,59.85,-90.31,0.3176,1.09,4.43,15.22,-7.4,50.4,50.4,12.6,-0.97
1370,27.085,4.583,14.96,26.9,4.626,14.978,0.1913,9.76,59.83,-90.29,0.3174,1.0909,4.43,15.23,-2.23,50.4,50.4,12.6,-0.34
1371,27.095,4.587,14.96,26.923,4.545,14.978,0.1773,9.58,59.81,-90.24,0.3177,1.091,4.44,15.23,0.26,50.4,50.4,12.6,-0.04
1372,27.104,4.59,14.96,26.933,4.548,14.978,0.1773,9.58,59.77,-90.2,0.3179,1.0913,4.44,15.24,0.26,50.4,50.4,12.6,-0.04
1373,27.114,4.593,14.96,26.942,4.551,14.978,0.1772,9.58,59.74,-90.15,0.3181,1.0916,4.44,15.24,0.26,50.4,50.4,12.6,-0.04
1374,27.123,4.596,14.96,26.952,4.555,14.977,0.1772,9.6,59.72,-90.11,0.3183,1.0919,4.44,15.25,0.26,50.4,50.4,12.6,-0.04
1375,27.133,4.6,14.96,26.961,4.558,14.977,0.1772,9.6,59.7,-90.09,0.3185,1.0922,4.45,15.25,0.26,50.4,50.4,12.6,-0.04
1376,27.142,4.603,14.96,26.971,4.561,14.977,0.1771,9.6,59.68,-90.04,0.3187,1.0925,4.45,15.25,0.26,50.4,50.4,12.6,-0.04
1377,27.151,4.606,14.961,26.98,4.564,14.977,0.1771,9.6,59.66,-90.0,0.3189,1.0928,4.45,15.26,0.26,50.4,50.4,12.6,-0.04
1378,27.161,4.61,14.961,26.99,4.568,14.977,0.1771,9.6,59.63,-89.96,0.3191,1.0931,4.46,15.26,0.26,50.4,50.4,12.6,-0.04
1379,27.17,4.613,14.961,26.999,4.571,14.977,0.177,9.6,59.61,-89.93,0.3193,1.0934,4.46,15.27,0.26,50.4,50.4,12.6,-0.04
1380,27.18,4.616,14.961,27.009,4.574,14.977,0.177,9.6,59.59,-89.89,0.3195,1.0937,4.46,15.27,0.26,50.4,50.4,12.6,-0.04
1381,27.189,4.619,14.961,27.018,4.577,14.977,0.1769,9.62,59.57,-89.85,0.3197,1.094,4.46,15.28,0.26,50.4,50.4,12.6,-0.04
1382,27.199,4.623,14.961,27.027,4.581,14.976,0.1769,9.62,59.55,-89.8,0.3199,1.0943,4.47,15.28,0.26,50.4,50.4,12.6,-0.04
1383,27.208,4.626,14.961,26.998,4.806,14.976,0.2776,10.09,59.52,-89.76,0.3188,1.0968,4.45,15.31,-6.34,50.4,50.4,12.6,-0.63
1384,27.218,4.629,14.961,26.999,4.85,14.976,0.3114,10.17,59.5,-89.74,0.3177,1.0993,4.44,15.35,-7.55,50.4,50.4,12.6,-0.74
1385,27.227,4.631,14.961,27.048,4.631,14.976,0.1799,9.71,59.48,-89.69,0.3179,1.0996,4.44,15.35,-0.98,50.4,50.4,12.6,-0.15
1386,27.237,4.634,14.961,27.064,4.593,14.976,0.1777,9.62,59.44,-89.65,0.3181,1.0999,4.44,15.36,0.22,50.4,50.4,12.6,-0.04
1387,27.246,4.637,14.961,27.074,4.596,14.976,0.1777,9.62,59.41,-89.6,0.3183,1.1002,4.44,15.36,0.22,50.4,50.4,12.6,-0.04
1388,27.256,4.64,14.961,27.084,4.599,14.976,0.1776,9.65,59.39,-89.58,0.3185,1.1005,4.45,15.37,0.22,50.4,50.4,12.6,-0.04
1389,27.265,4.643,14.961,27.093,4.602,14.976,0.1776,9.65,59.37,-89.54,0.3187,1.1008,4.45,15.37,0.22,50.4,50.4,12.6,-0.04
1390,27.275,4.645,14.961,27.103,4.605,14.975,0.1776,9.65,59.35,-89.49,0.3189,1.1011,4.45,15.37,0.22,50.4,50.4,12.6,-0.04
1391,27.285,4.648,14.961,27.112,4.607,14.975,0.1775,9.65,59.33,-89.45,0.3191,1.1014,4.46,15.38,0.22,50.4,50.4,12.6,-0.04
1392,27.294,4.651,14.961,27.122,4.61,14.975,0.1775,9.65,59.3,-89.41,0.3193,1.1017,4.46,15.38,0.22,50.4,50.4,12.6,-0.04
1393,27.304,4.654,14.961,27.132,4.613,14.975,0.1774,9.65,59.28,-89.38,0.3195,1.102,4.46,15.39,0.22,50.4,50.4,12.6,-0.04
1394,27.313,4.656,14.961,27.141,4.616,14.975,0.1774,9.65,59.26,-89.34,0.3196,1.1023,4.46,15.39,0.22,50.4,50.4,12.6,-0.04
1395,27.323,4.659,14.961,27.151,4.618,14.975,0.1774,9.65,59.24,-89.3,0.3198,1.1026,4.47,15.4,0.22,50.4,50.4,12.6,-0.04
1396,27.333,4.662,14.961,27.161,4.621,14.975,0.1773,9.65,59.22,-89.25,0.32,1.103,4.47,15.4,0.22,50.4,50.4,12.6,-0.04
1397,27.342,4.665,14.961,27.17,4.624,14.975,0.1773,9.67,59.17,-89.21,0.3202,1.1033,4.47,15.4,0.22,50.4,50.4,12.6,-0.04
1398,27.352,4.668,14.961,27.136,4.872,14.974,0.2971,10.17,59.15,-89.19,0.3195,1.1051,4.46,15.43,-7.02,50.4,50.4,12.6,-0.46
1399,27.361,4.67,14.961,27.142,4.896,14.974,0.3157,10.22,59.13,-89.14,0.3189,1.1068,4.45,15.45,-7.67,50.4,50.4,12.6,-0.5
1400,27.371,4.672,14.961,27.195,4.654,14.974,0.1779,9.71,59.11,-89.1,0.3191,1.107,4.46,15.46,-0.46,50.4,50.4,12.6,-0.08
1401,27.381,4.675,14.961,27.208,4.635,14.974,0.1777,9.67,59.08,-89.06,0.3193,1.1073,4.46,15.46,0.17,50.4,50.4,12.6,-0.04
1402,27.391,4.677,14.961,27.218,4.637,14.974,0.1777,9.67,59.06,-89.01,0.3195,1.1076,4.46,15.47,0.17,50.4,50.4,12.6,-0.04
1403,27.4,4.679,14.961,27.228,4.64,14.974,0.1777,9.67,59.04,-88.97,0.3197,1.1079,4.46,15.47,0.17,50.4,50.4,12.6,-0.04
1404,27.41,4.682,14.961,27.237,4.642,14.974,0.1776,9.67,59.02,-88.95,0.3199,1.1083,4.47,15.47,0.17,50.4,50.4,12.6,-0.04
1405,27.42,4.684,14.961,27.247,4.644,14.973,0.1776,9.67,59.0,-88.9,0.3201,1.1086,4.47,15.48,0.17,50.4,50.4,12.6,-0.04
1406,27.429,4.686,14.961,27.257,4.646,14.973,0.1776,9.67,58.97,-88.86,0.3203,1.1089,4.47,15.48,0.17,50.4,50.4,12.6,-0.04
1407,27.439,4.688,14.961,27.266,4.649,14.973,0.1775,9.67,58.95,-88.81,0.3205,1.1092,4.48,15.49,0.17,50.4,50.4,12.6,-0.04
1408,27.449,4.691,14.961,27.276,4.651,14.973,0.1775,9.67,58.93,-88.77,0.3207,1.1095,4.48,15.49,0.17,50.4,50.4,12.6,-0.04
1409,27.458,4.693,14.961,27.286,4.653,14.973,0.1775,9.67,58.89,-88.75,0.3209,1.1098,4.48,15.5,0.17,50.4,50.4,12.6,-0.05
1410,27.468,4.695,14.961,27.296,4.656,14.973,0.1774,9.69,58.86,-88.7,0.3211,1.1101,4.48,15.5,0.17,50.4,50.4,12.6,-0.05
1411,27.478,4.698,14.961,27.305,4.658,14.973,0.1774,9.69,58.84,-88.66,0.3213,1.1105,4.49,15.51,0.17,50.4,50.4,12.6,-0.05
1412,27.488,4.7,14.961,27.315,4.66,14.973,0.1774,9.69,58.82,-88.62,0.3215,1.1108,4.49,15.51,0.17,50.4,50.4,12.6,-0.05
1413,27.497,4.702,14.961,27.282,4.904,14.972,0.2952,10.2,58.8,-88.57,0.3213,1.1118,4.49,15.52,-6.92,50.4,50.4,12.6,-0.23
1414,27.507,4.704,14.961,27.287,4.934,14.972,0.3187,10.24,58.78,-88.53,0.3211,1.1127,4.48,15.54,-7.74,50.4,50.4,12.6,-0.25
1415,27.517,4.706,14.961,27.339,4.695,14.972,0.1783,9.73,58.75,-88.51,0.3213,1.113,4.49,15.54,-0.68,50.4,50.4,12.6,-0.07
1416,27.527,4.708,14.961,27.354,4.669,14.972,0.1774,9.69,58.73,-88.46,0.3215,1.1133,4.49,15.54,0.12,50.4,50.4,12.6,-0.05
1417,27.537,4.71,14.961,27.364,4.671,14.972,0.1774,9.69,58.71,-88.42,0.3217,1.1136,4.49,15.55,0.12,50.4,50.4,12.6,-0.05
1418,27.546,4.712,14.961,27.373,4.673,14.972,0.1774,9.69,58.69,-88.37,0.3219,1.114,4.49,15.55,0.12,50.4,50.4,12.6,-0.05
1419,27.556,4.713,14.961,27.383,4.675,14.972,0.1773,9.69,58.67,-88.33,0.3221,1.1143,4.5,15.56,0.12,50.4,50.4,12.6,-0.05
1420,27.566,4.715,14.961,27.393,4.677,14.972,0.1773,9.69,58.62,-88.29,0.3222,1.1146,4.5,15.56,0.12,50.4,50.4,12.6,-0.05
1421,27.576,4.717,14.961,27.403,4.679,14.971,0.1773,9.69,58.6,-88.26,0.3224,1.1149,4.5,15.57,0.12,50.4,50.4,12.6,-0.05
1422,27.586,4.719,14.961,27.413,4.68,14.971,0.1772,9.69,58.58,-88.22,0.3226,1.1152,4.5,15.57,0.12,50.4,50.4,12.6,-0.05
1423,27.595,4.721,14.961,27.423,4.682,14.971,0.1772,9.69,58.56,-88.18,0.3228,1.1156,4.51,15.58,0.12,50.4,50.4,12.6,-0.05
1424,27.605,4.723,14.961,27.433,4.684,14.971,0.1772,9.69,58.54,-88.13,0.323,1.1159,4.51,15.58,0.12,50.4,50.4,12.6,-0.05
1425,27.615,4.724,14.961,27.442,4.686,14.971,0.1771,9.69,58.51,-88.09,0.3232,1.1162,4.51,15.58,0.12,50.4,50.4,12.6,-0.05
1426,27.625,4.726,14.961,27.452,4.688,14.971,0.1771,9.69,58.49,-88.04,0.3234,1.1165,4.52,15.59,0.12,50.4,50.4,12.6,-0.05
1427,27.635,4.728,14.961,27.462,4.69,14.971,0.1771,9.69,58.47,-88.02,0.3236,1.1168,4.52,15.59,0.12,50.4,50.4,12.6,-0.05
1428,27.644,4.73,14.961,27.435,4.902,14.971,0.2715,10.13,58.45,-87.98,0.3238,1.117,4.52,15.6,-6.03,50.4,50.4,12.6,-0.01
1429,27.654,4.731,14.961,27.435,4.961,14.97,0.318,10.24,58.4,-87.93,0.3241,1.1172,4.53,15.6,-7.68,50.4,50.4,12.6,0.01
1430,27.664,4.733,14.961,27.482,4.753,14.97,0.1838,9.82,58.38,-87.89,0.3243,1.1175,4.53,15.6,-1.55,50.4,50.4,12.6,-0.04
1431,27.674,4.734,14.961,27.502,4.696,14.97,0.1768,9.69,58.36,-87.85,0.3245,1.1178,4.53,15.61,0.16,50.4,50.4,12.6,-0.05
1432,27.684,4.735,14.961,27.511,4.698,14.97,0.1768,9.69,58.34,-87.8,0.3247,1.1181,4.53,15.61,0.16,50.4,50.4,12.6,-0.05
1433,27.694,4.737,14.961,27.521,4.7,14.97,0.1767,9.69,58.32,-87.76,0.3249,1.1185,4.54,15.62,0.16,50.4,50.4,12.6,-0.05
1434,27.704,4.738,14.961,27.531,4.702,14.97,0.1766,9.69,58.29,-87.74,0.3251,1.1188,4.54,15.62,0.16,50.4,50.4,12.6,-0.05
1435,27.714,4.739,14.961,27.541,4.704,14.97,0.1766,9.69,58.27,-87.69,0.3253,1.1191,4.54,15.63,0.15,50.4,50.4,12.6,-0.05
1436,27.723,4.741,14.961,27.549,4.717,14.97,0.1766,9.71,58.25,-87.65,0.3254,1.1194,4.54,15.63,-0.18,50.4,50.4,12.6,-0.05
1437,27.733,4.742,14.961,27.559,4.718,14.969,0.1765,9.71,58.23,-87.6,0.3256,1.1198,4.55,15.63,-0.15,50.4,50.4,12.6,-0.05
1438,27.743,4.743,14.961,27.569,4.719,14.969,0.1765,9.71,58.21,-87.56,0.3258,1.1201,4.55,15.64,-0.14,50.4,50.4,12.6,-0.05
1439,27.753,4.745,14.961,27.579,4.72,14.969,0.1764,9.71,58.16,-87.52,0.326,1.1204,4.55,15.64,-0.14,50.4,50.4,12.6,-0.05
1440,27.763,4.746,14.962,27.589,4.721,14.969,0.1764,9.71,58.14,-87.5,0.3262,1.1207,4.55,15.65,-0.14,50.4,50.4,12.6,-0.05
1441,27.773,4.747,14.962,27.598,4.723,14.969,0.1764,9.71,58.12,-87.45,0.3264,1.1211,4.56,15.65,-0.14,50.4,50.4,12.6,-0.05
1442,27.783,4.749,14.962,27.608,4.724,14.969,0.1763,9.71,58.1,-87.41,0.3266,1.1214,4.56,15.66,-0.14,50.4,50.4,12.6,-0.05
1443,27.793,4.75,14.962,27.592,4.88,14.969,0.2395,10.02,58.07,-87.36,0.3271,1.1211,4.57,15.65,-4.62,50.4,50.4,12.6,0.13
1444,27.803,4.751,14.962,27.581,4.998,14.966,0.3311,10.26,58.05,-87.32,0.333,1.1204,4.65,15.64,-7.99,50.4,50.4,12.6,0.26
1445,27.813,4.752,14.962,27.618,4.845,14.969,0.2155,9.95,58.03,-87.28,0.3275,1.1204,4.57,15.64,-3.55,50.4,50.4,12.6,0.08
1446,27.822,4.753,14.962,27.648,4.73,14.968,0.1759,9.71,58.01,-87.23,0.3284,1.1208,4.59,15.65,-0.19,50.4,50.4,12.6,-0.05
1447,27.832,4.754,14.962,27.658,4.731,14.968,0.1758,9.71,57.99,-87.21,0.3286,1.1211,4.59,15.65,-0.19,50.4,50.4,12.6,-0.05
1448,27.842,4.755,14.962,27.668,4.731,14.968,0.1758,9.71,57.94,-87.17,0.3288,1.1214,4.59,15.66,-0.19,50.4,50.4,12.6,-0.05
1449,27.852,4.755,14.962,27.678,4.732,14.968,0.1758,9.71,57.92,-87.12,0.329,1.1218,4.59,15.66,-0.19,50.4,50.4,12.6,-0.05
1450,27.862,4.756,14.962,27.688,4.733,14.968,0.1757,9.69,57.9,-87.08,0.3292,1.1221,4.6,15.67,-0.19,50.4,50.4,12.6,-0.05
1451,27.872,4.757,14.962,27.698,4.734,14.968,0.1757,9.69,57.88,-87.03,0.3293,1.1224,4.6,15.67,-0.19,50.4,50.4,12.6,-0.05
1452,27.882,4.758,14.962,27.708,4.735,14.968,0.1757,9.69,57.85,-86.99,0.3295,1.1228,4.6,15.68,-0.19,50.4,50.4,12.6,-0.05
1453,27.892,4.759,14.962,27.718,4.736,14.967,0.1756,9.69,57.83,-86.95,0.3297,1.1231,4.6,15.68,-0.19,50.4,50.4,12.6,-0.05
1454,27.902,4.76,14.962,27.728,4.737,14.967,0.1756,9.69,57.81,-86.92,0.3299,1.1234,4.61,15.69,-0.19,50.4,50.4,12.6,-0.05
1455,27.912,4.761,14.962,27.738,4.738,14.967,0.1756,9.69,57.79,-86.88,0.3301,1.1238,4.61,15.69,-0.19,50.4,50.4,12.6,-0.05
1456,27.922,4.761,14.962,27.748,4.738,14.967,0.1755,9.69,57.77,-86.84,0.3302,1.1241,4.61,15.7,-0.19,50.4,50.4,12.6,-0.05
1457,27.932,4.762,14.962,27.758,4.739,14.967,0.1755,9.69,57.74,-86.79,0.3304,1.1244,4.61,15.7,-0.19,50.4,50.4,12.6,-0.05
1458,27.942,4.763,14.962,27.756,4.813,14.964,0.1921,9.84,57.7,-86.75,0.3363,1.1242,4.7,15.7,-2.28,50.4,50.4,12.6,0.1
1459,27.952,4.764,14.962,27.732,5.01,14.963,0.3301,10.24,57.68,-86.7,0.3414,1.1225,4.77,15.67,-7.95,50.4,50.4,12.6,0.52
1460,27.962,4.764,14.962,27.756,4.94,14.961,0.2712,10.09,57.66,-86.66,0.3464,1.1217,4.84,15.66,-5.91,50.4,50.4,12.6,0.36
1461,27.972,4.764,14.962,27.799,4.743,14.964,0.174,9.69,57.63,-86.62,0.3402,1.1222,4.75,15.67,-0.23,50.4,50.4,12.6,-0.05
1462,27.982,4.765,14.962,27.808,4.744,14.966,0.1746,9.69,57.61,-86.59,0.3357,1.1226,4.69,15.67,-0.23,50.4,50.4,12.6,-0.05
1463,27.992,4.765,14.962,27.818,4.744,14.968,0.175,9.67,57.59,-86.55,0.333,1.1229,4.65,15.68,-0.23,50.4,50.4,12.6,-0.05
1464,28.002,4.766,14.962,27.828,4.744,14.967,0.1748,9.67,57.57,-86.51,0.3337,1.1232,4.66,15.68,-0.23,50.4,50.4,12.6,-0.05
1465,28.012,4.766,14.962,27.838,4.745,14.967,0.1748,9.67,57.55,-86.46,0.3339,1.1236,4.66,15.69,-0.23,50.4,50.4,12.6,-0.05
1466,28.022,4.766,14.962,27.848,4.745,14.967,0.1748,9.67,57.52,-86.42,0.3341,1.1239,4.66,15.69,-0.23,50.4,50.4,12.6,-0.05
1467,28.032,4.767,14.962,27.858,4.745,14.967,0.1748,9.67,57.5,-86.37,0.3343,1.1242,4.67,15.7,-0.23,50.4,50.4,12.6,-0.05
1468,28.041,4.767,14.962,27.868,4.746,14.967,0.1747,9.67,57.46,-86.33,0.3344,1.1246,4.67,15.7,-0.23,50.4,50.4,12.6,-0.05
1469,28.051,4.767,14.962,27.878,4.746,14.967,0.1747,9.67,57.44,-86.31,0.3346,1.1249,4.67,15.71,-0.23,50.4,50.4,12.6,-0.05
1470,28.061,4.768,14.962,27.888,4.746,14.966,0.1747,9.67,57.41,-86.26,0.3348,1.1252,4.67,15.71,-0.23,50.4,50.4,12.6,-0.05
1471,28.071,4.768,14.962,27.898,4.747,14.966,0.1746,9.65,57.39,-86.22,0.335,1.1256,4.68,15.72,-0.23,50.4,50.4,12.6,-0.05
1472,28.081,4.768,14.962,27.908,4.747,14.966,0.1746,9.65,57.37,-86.18,0.3352,1.1259,4.68,15.72,-0.23,50.4,50.4,12.6,-0.05
1473,28.091,4.769,14.962,27.918,4.748,14.966,0.1746,9.65,57.35,-86.13,0.3353,1.1263,4.68,15.73,-0.23,50.4,50.4,12.6,-0.05
1474,28.101,4.769,14.962,27.888,4.982,14.964,0.3008,10.13,57.33,-86.09,0.3412,1.124,4.76,15.69,-6.92,50.4,50.4,12.6,0.67
1475,28.111,4.769,14.962,27.893,5.017,14.962,0.3307,10.2,57.28,-86.04,0.3463,1.1217,4.83,15.66,-7.95,50.4,50.4,12.6,0.77
1476,28.121,4.769,14.962,27.943,4.783,14.966,0.1784,9.71,57.26,-86.0,0.3401,1.1221,4.75,15.67,-1.23,50.4,50.4,12.6,0.05
1477,28.131,4.769,14.962,27.959,4.749,14.966,0.1735,9.65,57.24,-85.98,0.3387,1.1225,4.73,15.67,-0.27,50.4,50.4,12.6,-0.05
1478,28.141,4.769,14.962,27.969,4.749,14.966,0.1734,9.65,57.22,-85.94,0.3392,1.1228,4.74,15.68,-0.27,50.4,50.4,12.6,-0.05
1479,28.151,4.768,14.962,27.979,4.749,14.966,0.1734,9.62,57.19,-85.89,0.3394,1.1231,4.74,15.68,-0.27,50.4,50.4,12.6,-0.05
1480,28.161,4.768,14.962,27.989,4.749,14.966,0.1734,9.62,57.17,-85.85,0.3395,1.1235,4.74,15.69,-0.27,50.4,50.4,12.6,-0.05
1481,28.171,4.768,14.962,27.999,4.749,14.965,0.1733,9.62,57.15,-85.8,0.3397,1.1238,4.74,15.69,-0.27,50.4,50.4,12.6,-0.05
1482,28.181,4.768,14.962,28.009,4.749,14.965,0.1733,9.62,57.13,-85.76,0.3399,1.1242,4.75,15.7,-0.27,50.4,50.4,12.6,-0.05
1483,28.191,4.768,14.962,28.019,4.749,14.965,0.1733,9.62,57.11,-85.72,0.34,1.1245,4.75,15.7,-0.27,50.4,50.4,12.6,-0.05
1484,28.201,4.768,14.962,28.029,4.748,14.965,0.1733,9.62,57.08,-85.69,0.3402,1.1248,4.75,15.71,-0.27,50.4,50.4,12.6,-0.05
1485,28.211,4.768,14.962,28.039,4.748,14.965,0.1732,9.6,57.06,-85.65,0.3404,1.1252,4.75,15.71,-0.27,50.4,50.4,12.6,-0.05
1486,28.221,4.767,14.962,28.049,4.748,14.965,0.1732,9.6,57.04,-85.61,0.3406,1.1255,4.76,15.72,-0.27,50.4,50.4,12.6,-0.06
1487,28.231,4.767,14.962,28.059,4.748,14.965,0.1732,9.6,57.0,-85.56,0.3407,1.1259,4.76,15.72,-0.27,50.4,50.4,12.6,-0.06
1488,28.241,4.767,14.962,28.069,4.748,14.965,0.1731,9.6,56.98,-85.52,0.3409,1.1262,4.76,15.72,-0.27,50.4,50.4,12.6,-0.06
1489,28.251,4.767,14.962,28.062,4.851,14.962,0.2067,9.8,56.95,-85.47,0.3468,1.125,4.84,15.71,-3.21,50.4,50.4,12.6,0.37
1490,28.261,4.767,14.962,28.045,5.013,14.961,0.3274,10.13,56.93,-85.43,0.3518,1.1216,4.91,15.66,-7.82,50.4,50.4,12.6,1.02
1491,28.271,4.766,14.962,28.074,4.91,14.959,0.2444,9.93,56.89,-85.39,0.3569,1.1202,4.98,15.64,-4.92,50.4,50.4,12.6,0.6
1492,28.281,4.765,14.962,28.111,4.748,14.962,0.1711,9.58,56.89,-85.34,0.3507,1.1209,4.9,15.65,-0.32,50.4,50.4,12.6,-0.06
1493,28.291,4.765,14.962,28.12,4.747,14.965,0.1717,9.58,56.87,-85.32,0.3462,1.1212,4.83,15.65,-0.32,50.4,50.4,12.6,-0.06
1494,28.301,4.764,14.962,28.13,4.747,14.965,0.1718,9.58,56.84,-85.28,0.3456,1.1215,4.83,15.66,-0.32,50.4,50.4,12.6,-0.06
1495,28.311,4.763,14.962,28.14,4.746,14.965,0.1717,9.58,56.82,-85.23,0.346,1.1219,4.83,15.66,-0.32,50.4,50.4,12.6,-0.06
1496,28.321,4.763,14.962,28.15,4.746,14.965,0.1717,9.56,56.8,-85.19,0.3462,1.1222,4.83,15.67,-0.32,50.4,50.4,12.6,-0.06
1497,28.331,4.762,14.962,28.16,4.745,14.964,0.1717,9.56,56.76,-85.14,0.3463,1.1226,4.84,15.67,-0.32,50.4,50.4,12.6,-0.06
1498,28.341,4.762,14.962,28.17,4.744,14.964,0.1717,9.56,56.73,-85.1,0.3465,1.1229,4.84,15.68,-0.32,50.4,50.4,12.6,-0.06
1499,28.351,4.761,14.962,28.18,4.744,14.964,0.1716,9.56,56.71,-85.08,0.3466,1.1233,4.84,15.68,-0.32,50.4,50.4,12.6,-0.06
1500,28.361,4.76,14.962,28.19,4.743,14.964,0.1716,9.56,56.69,-85.03,0.3468,1.1236,4.84,15.69,-0.32,50.4,50.4,12.6,-0.06
1501,28.37,4.76,14.963,28.2,4.742,14.964,0.1716,9.54,56.67,-84.99,0.347,1.124,4.84,15.69,-0.32,50.4,50.4,12.6,-0.06
1502,28.38,4.759,14.963,28.21,4.742,14.964,0.1716,9.54,56.65,-84.95,0.3471,1.1243,4.85,15.7,-0.32,50.4,50.4,12.6,-0.06
1503,28.39,4.758,14.963,28.22,4.741,14.964,0.1715,9.54,56.62,-84.9,0.3473,1.1246,4.85,15.7,-0.32,50.4,50.4,12.6,-0.06
1504,28.4,4.758,14.963,28.23,4.741,14.964,0.1715,9.54,56.6,-84.86,0.3475,1.125,4.85,15.71,-0.31,50.4,50.4,12.6,-0.06
1505,28.41,4.757,14.963,28.205,4.953,14.962,0.284,9.95,56.58,-84.81,0.3533,1.1214,4.93,15.66,-6.34,50.4,50.4,12.6,1.03
1506,28.42,4.756,14.963,28.207,5.002,14.961,0.3253,10.06,56.54,-84.77,0.3584,1.1164,5.0,15.59,-7.75,50.4,50.4,12.6,1.27
1507,28.43,4.755,14.963,28.254,4.788,14.958,0.1789,9.62,56.51,-84.73,0.3634,1.1178,5.07,15.61,-1.71,50.4,50.4,12.6,0.18
1508,28.44,4.754,14.963,28.272,4.739,14.962,0.1692,9.51,56.49,-84.7,0.3572,1.1181,4.99,15.61,-0.36,50.4,50.4,12.6,-0.06
1509,28.45,4.753,14.963,28.281,4.737,14.964,0.1698,9.51,56.47,-84.66,0.3527,1.1184,4.93,15.62,-0.36,50.4,50.4,12.6,-0.06
1510,28.46,4.752,14.963,28.291,4.736,14.964,0.1698,9.51,56.45,-84.62,0.3532,1.1188,4.93,15.62,-0.36,50.4,50.4,12.6,-0.06
1511,28.47,4.75,14.963,28.301,4.735,14.963,0.1697,9.49,56.43,-84.57,0.3534,1.1191,4.93,15.63,-0.36,50.4,50.4,12.6,-0.06
1512,28.48,4.749,14.963,28.311,4.734,14.963,0.1697,9.49,56.4,-84.53,0.3535,1.1195,4.94,15.63,-0.36,50.4,50.4,12.6,-0.06
1513,28.49,4.748,14.963,28.321,4.733,14.963,0.1697,9.49,56.38,-84.48,0.3537,1.1198,4.94,15.64,-0.36,50.4,50.4,12.6,-0.06
1514,28.5,4.747,14.963,28.331,4.732,14.963,0.1697,9.49,56.36,-84.46,0.3539,1.1202,4.94,15.64,-0.36,50.4,50.4,12.6,-0.06
1515,28.509,4.746,14.963,28.341,4.731,14.963,0.1696,9.47,56.34,-84.42,0.354,1.1205,4.94,15.65,-0.36,50.4,50.4,12.6,-0.06
1516,28.519,4.745,14.963,28.35,4.73,14.963,0.1696,9.47,56.32,-84.38,0.3542,1.1209,4.95,15.65,-0.36,50.4,50.4,12.6,-0.06
1517,28.529,4.744,14.963,28.36,4.729,14.963,0.1696,9.47,56.29,-84.33,0.3543,1.1212,4.95,15.66,-0.36,50.4,50.4,12.6,-0.06
1518,28.539,4.743,14.963,28.37,4.727,14.963,0.1696,9.47,56.27,-84.29,0.3545,1.1216,4.95,15.66,-0.36,50.4,50.4,12.6,-0.06
1519,28.549,4.741,14.963,28.381,4.726,14.961,0.1691,9.45,56.23,-84.24,0.358,1.1219,5.0,15.66,-0.36,50.4,50.4,12.6,-0.06
1520,28.559,4.74,14.963,28.385,4.766,14.959,0.1763,9.54,56.21,-84.22,0.3634,1.1214,5.07,15.66,-1.49,50.4,50.4,12.6,0.19
1521,28.569,4.739,14.963,28.359,4.98,14.958,0.3199,9.95,56.18,-84.18,0.3684,1.1159,5.14,15.58,-7.57,50.4,50.4,12.6,1.51
1522,28.579,4.737,14.963,28.377,4.941,14.957,0.287,9.89,56.16,-84.11,0.3735,1.1112,5.21,15.52,-6.5,50.4,50.4,12.6,1.26
1523,28.589,4.736,14.963,28.422,4.723,14.96,0.1669,9.43,56.14,-84.09,0.3673,1.1137,5.13,15.55,-0.4,50.4,50.4,12.6,-0.06
1524,28.599,4.734,14.963,28.432,4.721,14.962,0.1674,9.43,56.12,-84.05,0.3628,1.1138,5.07,15.55,-0.4,50.4,50.4,12.6,-0.06
1525,28.608,4.733,14.963,28.441,4.719,14.963,0.1677,9.43,56.1,-84.0,0.3608,1.1142,5.04,15.56,-0.4,50.4,50.4,12.6,-0.06
1526,28.618,4.731,14.963,28.451,4.718,14.963,0.1676,9.43,56.07,-83.96,0.3614,1.1145,5.05,15.56,-0.4,50.4,50.4,12.6,-0.06
1527,28.628,4.729,14.963,28.461,4.716,14.963,0.1676,9.4,56.05,-83.94,0.3616,1.1149,5.05,15.57,-0.4,50.4,50.4,12.6,-0.06
1528,28.638,4.728,14.963,28.471,4.715,14.963,0.1675,9.4,56.03,-83.89,0.3617,1.1152,5.05,15.57,-0.4,50.4,50.4,12.6,-0.06
1529,28.648,4.726,14.963,28.481,4.713,14.962,0.1674,9.4,56.01,-83.85,0.3625,1.1156,5.06,15.58,-0.4,50.4,50.4,12.6,-0.06
1530,28.658,4.725,14.963,28.491,4.712,14.96,0.167,9.38,55.96,-83.8,0.3668,1.1159,5.12,15.58,-0.4,50.4,50.4,12.6,-0.06
1531,28.667,4.723,14.963,28.501,4.71,14.96,0.167,9.38,55.94,-83.76,0.3663,1.1163,5.12,15.59,-0.4,50.4,50.4,12.6,-0.06
1532,28.677,4.721,14.963,28.511,4.708,14.96,0.1671,9.38,55.92,-83.72,0.3665,1.1166,5.12,15.59,-0.4,50.4,50.4,12.6,-0.06
1533,28.687,4.72,14.963,28.521,4.707,14.96,0.1671,9.36,55.9,-83.69,0.3666,1.117,5.12,15.6,-0.4,50.4,50.4,12.6,-0.06
1534,28.697,4.718,14.963,28.53,4.705,14.96,0.1671,9.36,55.88,-83.65,0.3668,1.1173,5.12,15.6,-0.4,50.4,50.4,12.6,-0.06
1535,28.707,4.716,14.963,28.54,4.704,14.96,0.1671,9.36,55.85,-83.61,0.3669,1.1177,5.12,15.61,-0.4,50.4,50.4,12.6,-0.06
1536,28.717,4.715,14.963,28.534,4.806,14.959,0.2041,9.56,55.83,-83.56,0.3728,1.1153,5.21,15.57,-3.29,50.4,50.4,12.6,0.68
1537,28.726,4.713,14.963,28.52,4.952,14.958,0.316,9.84,55.81,-83.52,0.3778,1.1101,5.28,15.5,-7.44,50.4,50.4,12.6,1.74
1538,28.736,4.711,14.963,28.548,4.848,14.957,0.2328,9.65,55.77,-83.47,0.3829,1.1067,5.35,15.45,-4.58,50.4,50.4,12.6,1.0
1539,28.746,4.709,14.963,28.582,4.698,14.96,0.1645,9.34,55.77,-83.43,0.3767,1.1078,5.26,15.47,-0.44,50.4,50.4,12.6,-0.06
1540,28.756,4.707,14.963,28.591,4.696,14.962,0.1651,9.32,55.74,-83.39,0.3722,1.1081,5.2,15.47,-0.44,50.4,50.4,12.6,-0.06
1541,28.766,4.705,14.963,28.6,4.694,14.964,0.1654,9.32,55.72,-83.36,0.3696,1.1085,5.16,15.48,-0.44,50.4,50.4,12.6,-0.06
1542,28.775,4.703,14.963,28.61,4.692,14.963,0.1653,9.32,55.7,-83.32,0.3703,1.1088,5.17,15.48,-0.44,50.4,50.4,12.6,-0.06
1543,28.785,4.7,14.963,28.62,4.69,14.963,0.1653,9.32,55.68,-83.28,0.3704,1.1092,5.17,15.49,-0.44,50.4,50.4,12.6,-0.06
1544,28.795,4.698,14.963,28.63,4.687,14.963,0.1653,9.29,55.66,-83.23,0.3706,1.1095,5.17,15.49,-0.44,50.4,50.4,12.6,-0.06
1545,28.805,4.696,14.963,28.64,4.685,14.963,0.1653,9.29,55.63,-83.19,0.3707,1.1099,5.18,15.5,-0.44,50.4,50.4,12.6,-0.06
1546,28.814,4.694,14.963,28.65,4.683,14.962,0.165,9.29,55.59,-83.17,0.3729,1.1103,5.21,15.5,-0.44,50.4,50.4,12.6,-0.06
1547,28.824,4.692,14.963,28.66,4.681,14.96,0.1647,9.27,55.57,-83.12,0.3755,1.1106,5.24,15.51,-0.44,50.4,50.4,12.6,-0.06
1548,28.834,4.69,14.963,28.669,4.679,14.961,0.1648,9.27,55.55,-83.08,0.3753,1.111,5.24,15.51,-0.44,50.4,50.4,12.6,-0.06
1549,28.844,4.688,14.963,28.679,4.677,14.961,0.1648,9.27,55.52,-83.03,0.3754,1.1113,5.24,15.52,-0.44,50.4,50.4,12.6,-0.06
1550,28.853,4.686,14.963,28.689,4.675,14.961,0.1648,9.25,55.5,-82.99,0.3755,1.1117,5.24,15.52,-0.44,50.4,50.4,12.6,-0.06
1551,28.863,4.684,14.963,28.699,4.673,14.961,0.1648,9.25,55.48,-82.97,0.3757,1.112,5.25,15.53,-0.44,50.4,50.4,12.6,-0.06
1552,28.873,4.682,14.963,28.686,4.815,14.959,0.2298,9.54,55.46,-82.92,0.3816,1.108,5.33,15.47,-4.45,50.4,50.4,12.6,1.13
1553,28.883,4.679,14.963,28.68,4.915,14.958,0.3112,9.73,55.44,-82.88,0.3866,1.103,5.4,15.4,-7.3,50.4,50.4,12.6,1.97
1554,28.892,4.677,14.963,28.715,4.769,14.957,0.2004,9.43,55.39,-82.84,0.3916,1.0996,5.47,15.35,-3.3,50.4,50.4,12.6,0.77
1555,28.902,4.674,14.963,28.74,4.665,14.96,0.162,9.23,55.39,-82.79,0.3854,1.1007,5.38,15.37,-0.48,50.4,50.4,12.6,-0.07
1556,28.911,4.671,14.963,28.749,4.663,14.963,0.1626,9.21,55.37,-82.75,0.3809,1.101,5.32,15.37,-0.48,50.4,50.4,12.6,-0.07
1557,28.921,4.669,14.963,28.759,4.66,14.964,0.1628,9.21,55.35,-82.71,0.3794,1.1014,5.3,15.38,-0.48,50.4,50.4,12.6,-0.07
1558,28.931,4.666,14.963,28.768,4.658,14.963,0.1627,9.21,55.33,-82.68,0.3799,1.1017,5.3,15.38,-0.48,50.4,50.4,12.6,-0.07
1559,28.94,4.664,14.963,28.778,4.655,14.963,0.1627,9.18,55.31,-82.64,0.38,1.1021,5.31,15.39,-0.48,50.4,50.4,12.6,-0.07
1560,28.95,4.661,14.963,28.788,4.653,14.963,0.1627,9.18,55.28,-82.6,0.3801,1.1024,5.31,15.39,-0.48,50.4,50.4,12.6,-0.07
1561,28.96,4.659,14.963,28.797,4.65,14.962,0.1625,9.16,55.26,-82.55,0.3818,1.1028,5.33,15.4,-0.48,50.4,50.4,12.6,-0.07
1562,28.969,4.656,14.964,28.807,4.648,14.961,0.1621,9.16,55.22,-82.53,0.3849,1.1032,5.37,15.4,-0.48,50.4,50.4,12.6,-0.07
1563,28.979,4.653,14.964,28.817,4.645,14.961,0.1622,9.16,55.2,-82.49,0.3846,1.1035,5.37,15.41,-0.48,50.4,50.4,12.6,-0.07
1564,28.989,4.651,14.964,28.827,4.643,14.961,0.1622,9.14,55.17,-82.44,0.3847,1.1039,5.37,15.41,-0.48,50.4,50.4,12.6,-0.07
1565,28.998,4.648,14.964,28.836,4.64,14.961,0.1622,9.14,55.15,-82.4,0.3848,1.1042,5.37,15.42,-0.47,50.4,50.4,12.6,-0.07
1566,29.008,4.646,14.964,28.846,4.637,14.961,0.1623,9.14,55.13,-82.35,0.385,1.1046,5.38,15.42,-0.47,50.4,50.4,12.6,-0.07
1567,29.018,4.643,14.964,28.856,4.635,14.961,0.1623,9.12,55.11,-82.33,0.3851,1.105,5.38,15.43,-0.47,50.4,50.4,12.6,-0.07
1568,29.027,4.641,14.964,28.84,4.797,14.96,0.2439,9.45,55.09,-82.29,0.391,1.0994,5.46,15.35,-5.03,50.4,50.4,12.6,1.48
1569,29.037,4.638,14.964,28.838,4.87,14.959,0.3058,9.58,55.06,-82.24,0.396,1.0947,5.53,15.28,-7.13,50.4,50.4,12.6,2.19
1570,29.046,4.635,14.964,28.876,4.703,14.958,0.1836,9.25,55.04,-82.2,0.401,1.0911,5.6,15.23,-2.58,50.4,50.4,12.6,0.63
1571,29.056,4.632,14.964,28.897,4.625,14.961,0.1593,9.1,55.02,-82.16,0.3948,1.0922,5.51,15.25,-0.51,50.4,50.4,12.6,-0.07
1572,29.065,4.629,14.964,28.906,4.622,14.963,0.1598,9.07,55.0,-82.11,0.3903,1.0925,5.45,15.25,-0.51,50.4,50.4,12.6,-0.07
1573,29.075,4.626,14.964,28.915,4.619,14.964,0.1599,9.07,54.98,-82.09,0.3898,1.0929,5.44,15.26,-0.51,50.4,50.4,12.6,-0.07
1574,29.084,4.623,14.964,28.925,4.616,14.963,0.1599,9.07,54.95,-82.05,0.3901,1.0932,5.45,15.26,-0.51,50.4,50.4,12.6,-0.07
1575,29.094,4.62,14.964,28.934,4.613,14.963,0.1598,9.05,54.93,-82.0,0.3902,1.0936,5.45,15.27,-0.51,50.4,50.4,12.6,-0.07
1576,29.103,4.617,14.964,28.944,4.61,14.963,0.1597,9.05,54.91,-81.96,0.391,1.094,5.46,15.27,-0.51,50.4,50.4,12.6,-0.07
1577,29.113,4.613,14.964,28.954,4.607,14.961,0.1593,9.03,54.89,-81.94,0.395,1.0943,5.52,15.28,-0.51,50.4,50.4,12.6,-0.07
1578,29.122,4.61,14.964,28.963,4.604,14.961,0.1594,9.03,54.87,-81.89,0.3946,1.0947,5.51,15.28,-0.51,50.4,50.4,12.6,-0.07
1579,29.132,4.607,14.964,28.973,4.601,14.961,0.1594,9.03,54.84,-81.85,0.3947,1.095,5.51,15.29,-0.51,50.4,50.4,12.6,-0.07
1580,29.141,4.604,14.964,28.982,4.598,14.961,0.1594,9.01,54.82,-81.8,0.3948,1.0954,5.51,15.29,-0.51,50.4,50.4,12.6,-0.07
1581,29.151,4.601,14.964,28.992,4.595,14.961,0.1594,9.01,54.8,-81.78,0.3949,1.0958,5.51,15.3,-0.51,50.4,50.4,12.6,-0.07
1582,29.16,4.598,14.964,29.001,4.592,14.961,0.1594,9.01,54.78,-81.74,0.395,1.0961,5.52,15.3,-0.51,50.4,50.4,12.6,-0.07
1583,29.17,4.595,14.964,29.011,4.589,14.961,0.1595,8.99,54.76,-81.69,0.3952,1.0965,5.52,15.31,-0.51,50.4,50.4,12.6,-0.07
1584,29.179,4.592,14.964,28.995,4.753,14.96,0.245,9.32,54.73,-81.65,0.401,1.0909,5.6,15.23,-5.11,50.4,50.4,12.6,1.7
1585,29.189,4.589,14.964,28.995,4.817,14.959,0.2997,9.43,54.69,-81.61,0.406,1.0862,5.67,15.17,-6.96,50.4,50.4,12.6,2.4
1586,29.198,4.585,14.964,29.032,4.647,14.958,0.1769,9.1,54.67,-81.56,0.4111,1.0815,5.74,15.1,-2.36,50.4,50.4,12.6,0.62
1587,29.208,4.582,14.964,29.051,4.578,14.962,0.1562,8.96,54.65,-81.54,0.4049,1.0823,5.65,15.11,-0.55,50.4,50.4,12.6,-0.07
1588,29.217,4.578,14.964,29.06,4.574,14.964,0.1568,8.94,54.65,-81.5,0.4003,1.0827,5.59,15.12,-0.55,50.4,50.4,12.6,-0.07
1589,29.226,4.575,14.964,29.07,4.571,14.964,0.1567,8.94,54.62,-81.45,0.4008,1.083,5.6,15.12,-0.55,50.4,50.4,12.6,-0.07
1590,29.236,4.571,14.964,29.079,4.567,14.963,0.1567,8.92,54.6,-81.41,0.401,1.0834,5.6,15.13,-0.55,50.4,50.4,12.6,-0.07
1591,29.245,4.568,14.964,29.088,4.564,14.963,0.1567,8.92,54.58,-81.39,0.4011,1.0838,5.6,15.13,-0.55,50.4,50.4,12.6,-0.07
1592,29.254,4.564,14.964,29.098,4.561,14.961,0.1562,8.9,54.54,-81.34,0.4051,1.0841,5.66,15.14,-0.55,50.4,50.4,12.6,-0.07
1593,29.264,4.561,14.964,29.107,4.557,14.961,0.1563,8.9,54.51,-81.3,0.4053,1.0845,5.66,15.14,-0.55,50.4,50.4,12.6,-0.07
1594,29.273,4.558,14.964,29.117,4.554,14.961,0.1563,8.9,54.49,-81.28,0.4053,1.0848,5.66,15.15,-0.55,50.4,50.4,12.6,-0.07
1595,29.282,4.554,14.964,29.126,4.55,14.961,0.1563,8.88,54.47,-81.23,0.4054,1.0852,5.66,15.15,-0.55,50.4,50.4,12.6,-0.07
1596,29.292,4.551,14.964,29.135,4.547,14.961,0.1563,8.88,54.47,-81.19,0.4055,1.0856,5.66,15.16,-0.55,50.4,50.4,12.6,-0.07
1597,29.301,4.547,14.964,29.145,4.543,14.961,0.1563,8.85,54.45,-81.15,0.4056,1.0859,5.66,15.16,-0.55,50.4,50.4,12.6,-0.07
1598,29.31,4.544,14.964,29.154,4.54,14.961,0.1564,8.85,54.43,-81.12,0.4057,1.0863,5.67,15.17,-0.55,50.4,50.4,12.6,-0.07
1599,29.32,4.54,14.964,29.163,4.536,14.961,0.1564,8.83,54.4,-81.08,0.4058,1.0867,5.67,15.17,-0.55,50.4,50.4,12.6,-0.07
1600,29.329,4.537,14.964,29.15,4.688,14.96,0.2344,9.14,54.36,-81.04,0.4117,1.0811,5.75,15.09,-4.79,50.4,50.4,12.6,1.76
1601,29.338,4.533,14.964,29.149,4.756,14.959,0.2932,9.27,54.34,-80.99,0.4167,1.0763,5.82,15.03,-6.77,50.4,50.4,12.6,2.6
1602,29.348,4.529,14.964,29.184,4.598,14.959,0.1776,8.96,54.32,-80.95,0.4217,1.0716,5.89,14.96,-2.54,50.4,50.4,12.6,0.77
1603,29.357,4.525,14.964,29.204,4.523,14.962,0.1529,8.81,54.29,-80.9,0.4155,1.0709,5.8,14.95,-0.59,50.4,50.4,12.6,-0.07
1604,29.366,4.521,14.964,29.212,4.519,14.964,0.1535,8.79,54.27,-80.88,0.4115,1.0715,5.75,14.96,-0.59,50.4,50.4,12.6,-0.07
1605,29.375,4.517,14.964,29.222,4.515,14.964,0.1534,8.79,54.25,-80.84,0.4123,1.0719,5.76,14.97,-0.59,50.4,50.4,12.6,-0.07
1606,29.384,4.513,14.964,29.231,4.511,14.964,0.1533,8.77,54.23,-80.79,0.4124,1.0722,5.76,14.97,-0.59,50.4,50.4,12.6,-0.07
1607,29.393,4.509,14.964,29.24,4.508,14.963,0.1532,8.77,54.21,-80.77,0.414,1.0726,5.78,14.98,-0.59,50.4,50.4,12.6,-0.07
1608,29.403,4.505,14.964,29.25,4.504,14.961,0.1528,8.75,54.18,-80.73,0.4169,1.073,5.82,14.98,-0.59,50.4,50.4,12.6,-0.07
1609,29.412,4.501,14.964,29.259,4.5,14.962,0.1529,8.75,54.16,-80.68,0.4165,1.0733,5.82,14.99,-0.59,50.4,50.4,12.6,-0.07
1610,29.421,4.497,14.964,29.268,4.496,14.962,0.1529,8.72,54.14,-80.66,0.4166,1.0737,5.82,14.99,-0.59,50.4,50.4,12.6,-0.07
1611,29.43,4.493,14.964,29.277,4.492,14.962,0.153,8.72,54.12,-80.62,0.4167,1.074,5.82,15.0,-0.58,50.4,50.4,12.6,-0.07
1612,29.439,4.49,14.964,29.286,4.488,14.962,0.153,8.72,54.12,-80.57,0.4168,1.0744,5.82,15.0,-0.58,50.4,50.4,12.6,-0.07
1613,29.448,4.486,14.964,29.296,4.484,14.962,0.153,8.7,54.1,-80.55,0.4169,1.0748,5.82,15.01,-0.58,50.4,50.4,12.6,-0.07
1614,29.458,4.482,14.964,29.305,4.48,14.962,0.153,8.7,54.07,-80.51,0.417,1.0751,5.82,15.01,-0.58,50.4,50.4,12.6,-0.07
1615,29.467,4.478,14.964,29.314,4.476,14.962,0.153,8.68,54.05,-80.46,0.4171,1.0755,5.82,15.02,-0.58,50.4,50.4,12.6,-0.07
1616,29.476,4.474,14.964,29.304,4.603,14.961,0.215,8.92,54.01,-80.42,0.423,1.0699,5.91,14.94,-4.14,50.4,50.4,12.6,1.64
1617,29.485,4.47,14.964,29.301,4.688,14.96,0.2861,9.1,53.99,-80.38,0.428,1.0652,5.98,14.87,-6.58,50.4,50.4,12.6,2.8
1618,29.494,4.465,14.964,29.332,4.554,14.959,0.1854,8.83,53.96,-80.35,0.433,1.0605,6.05,14.81,-3.03,50.4,50.4,12.6,1.08
1619,29.503,4.461,14.964,29.354,4.462,14.963,0.1494,8.64,53.94,-80.31,0.4268,1.0582,5.96,14.77,-0.62,50.4,50.4,12.6,-0.07
1620,29.512,4.456,14.964,29.362,4.457,14.964,0.1498,8.64,53.94,-80.27,0.4237,1.059,5.92,14.79,-0.62,50.4,50.4,12.6,-0.07
1621,29.521,4.452,14.964,29.371,4.453,14.964,0.1497,8.61,53.92,-80.24,0.4244,1.0594,5.93,14.79,-0.62,50.4,50.4,12.6,-0.07
1622,29.53,4.448,14.964,29.38,4.449,14.964,0.1497,8.61,53.9,-80.2,0.4245,1.0598,5.93,14.8,-0.62,50.4,50.4,12.6,-0.07
1623,29.539,4.443,14.964,29.39,4.444,14.963,0.1495,8.59,53.88,-80.16,0.4268,1.0601,5.96,14.8,-0.62,50.4,50.4,12.6,-0.07
1624,29.548,4.439,14.964,29.399,4.44,14.962,0.1493,8.59,53.85,-80.13,0.4286,1.0605,5.98,14.81,-0.62,50.4,50.4,12.6,-0.07
1625,29.557,4.435,14.964,29.408,4.436,14.962,0.1493,8.57,53.83,-80.09,0.4284,1.0608,5.98,14.81,-0.62,50.4,50.4,12.6,-0.07
1626,29.566,4.43,14.965,29.417,4.431,14.962,0.1494,8.57,53.81,-80.05,0.4285,1.0612,5.98,14.82,-0.62,50.4,50.4,12.6,-0.07
1627,29.575,4.426,14.965,29.426,4.427,14.962,0.1494,8.55,53.79,-80.02,0.4286,1.0616,5.98,14.82,-0.62,50.4,50.4,12.6,-0.07
1628,29.584,4.422,14.965,29.434,4.423,14.962,0.1494,8.55,53.77,-79.98,0.4287,1.0619,5.99,14.83,-0.62,50.4,50.4,12.6,-0.07
1629,29.593,4.417,14.965,29.443,4.418,14.962,0.1494,8.53,53.75,-79.94,0.4288,1.0623,5.99,14.83,-0.62,50.4,50.4,12.6,-0.07
1630,29.602,4.413,14.965,29.452,4.414,14.962,0.1494,8.53,53.72,-79.91,0.4289,1.0626,5.99,14.84,-0.62,50.4,50.4,12.6,-0.07
1631,29.611,4.408,14.965,29.461,4.41,14.962,0.1495,8.5,53.7,-79.87,0.429,1.063,5.99,14.84,-0.62,50.4,50.4,12.6,-0.07
1632,29.62,4.404,14.965,29.457,4.503,14.961,0.1903,8.7,53.68,-79.83,0.4348,1.0574,6.07,14.76,-3.26,50.4,50.4,12.6,1.34
1633,29.629,4.4,14.965,29.45,4.613,14.96,0.2787,8.9,53.66,-79.78,0.4398,1.0527,6.14,14.7,-6.38,50.4,50.4,12.6,3.0
1634,29.637,4.395,14.965,29.475,4.512,14.959,0.2007,8.7,53.64,-79.74,0.4448,1.048,6.21,14.63,-3.76,50.4,50.4,12.6,1.58
1635,29.646,4.39,14.965,29.501,4.393,14.964,0.1456,8.46,53.61,-79.72,0.4386,1.0442,6.12,14.58,-0.66,50.4,50.4,12.6,-0.08
1636,29.655,4.385,14.965,29.509,4.388,14.965,0.146,8.46,53.59,-79.67,0.4365,1.0453,6.09,14.59,-0.66,50.4,50.4,12.6,-0.08
1637,29.664,4.38,14.965,29.518,4.384,14.964,0.1459,8.44,53.57,-79.65,0.437,1.0456,6.1,14.6,-0.65,50.4,50.4,12.6,-0.08
1638,29.672,4.376,14.965,29.527,4.379,14.964,0.1459,8.44,53.55,-79.61,0.4371,1.046,6.1,14.6,-0.65,50.4,50.4,12.6,-0.08
1639,29.681,4.371,14.965,29.536,4.374,14.963,0.1457,8.42,53.53,-79.56,0.4394,1.0463,6.14,14.61,-0.65,50.4,50.4,12.6,-0.08
1640,29.69,4.366,14.965,29.545,4.369,14.962,0.1455,8.42,53.5,-79.54,0.4411,1.0467,6.16,14.61,-0.65,50.4,50.4,12.6,-0.08
1641,29.699,4.361,14.965,29.553,4.365,14.962,0.1456,8.39,53.48,-79.5,0.4409,1.0471,6.16,14.62,-0.65,50.4,50.4,12.6,-0.08
1642,29.708,4.356,14.965,29.562,4.36,14.962,0.1456,8.39,53.46,-79.48,0.441,1.0474,6.16,14.62,-0.65,50.4,50.4,12.6,-0.08
1643,29.716,4.352,14.965,29.571,4.355,14.962,0.1456,8.37,53.44,-79.43,0.4411,1.0478,6.16,14.63,-0.65,50.4,50.4,12.6,-0.08
1644,29.725,4.347,14.965,29.579,4.35,14.962,0.1456,8.37,53.44,-79.39,0.4411,1.0481,6.16,14.63,-0.65,50.4,50.4,12.6,-0.08
1645,29.734,4.342,14.965,29.588,4.345,14.962,0.1456,8.35,53.42,-79.37,0.4412,1.0485,6.16,14.64,-0.65,50.4,50.4,12.6,-0.08
1646,29.743,4.337,14.965,29.597,4.341,14.962,0.1457,8.35,53.39,-79.32,0.4413,1.0489,6.16,14.64,-0.65,50.4,50.4,12.6,-0.08
1647,29.751,4.332,14.965,29.606,4.336,14.962,0.1457,8.33,53.37,-79.3,0.4414,1.0492,6.16,14.65,-0.65,50.4,50.4,12.6,-0.08
1648,29.76,4.328,14.965,29.607,4.39,14.961,0.1653,8.44,53.35,-79.26,0.4472,1.0461,6.24,14.61,-2.23,50.4,50.4,12.6,0.86
1649,29.769,4.323,14.965,29.595,4.531,14.96,0.2712,8.7,53.33,-79.21,0.4522,1.041,6.31,14.54,-6.17,50.4,50.4,12.6,3.19
1650,29.777,4.318,14.965,29.614,4.469,14.959,0.2232,8.59,53.28,-79.17,0.4572,1.0363,6.38,14.47,-4.64,50.4,50.4,12.6,2.25
1651,29.786,4.312,14.965,29.644,4.318,14.964,0.142,8.28,53.28,-79.12,0.451,1.0316,6.3,14.4,-0.69,50.4,50.4,12.6,-0.08
1652,29.794,4.307,14.965,29.653,4.313,14.965,0.1418,8.28,53.26,-79.1,0.4498,1.0297,6.28,14.38,-0.69,50.4,50.4,12.6,-0.08
1653,29.803,4.302,14.965,29.661,4.308,14.965,0.1419,8.26,53.24,-79.06,0.4502,1.0306,6.29,14.39,-0.69,50.4,50.4,12.6,-0.08
1654,29.811,4.297,14.965,29.67,4.302,14.965,0.1419,8.26,53.22,-79.04,0.4502,1.0309,6.29,14.39,-0.69,50.4,50.4,12.6,-0.08
1655,29.82,4.292,14.965,29.678,4.297,14.964,0.1417,8.24,53.2,-78.99,0.4517,1.0313,6.31,14.4,-0.69,50.4,50.4,12.6,-0.08
1656,29.828,4.286,14.965,29.687,4.292,14.963,0.1414,8.22,53.17,-78.97,0.4542,1.0316,6.34,14.4,-0.69,50.4,50.4,12.6,-0.08
1657,29.837,4.281,14.965,29.696,4.287,14.963,0.1415,8.22,53.15,-78.93,0.4539,1.032,6.34,14.41,-0.69,50.4,50.4,12.6,-0.08
1658,29.846,4.276,14.965,29.704,4.282,14.963,0.1415,8.2,53.13,-78.88,0.454,1.0323,6.34,14.41,-0.69,50.4,50.4,12.6,-0.08
1659,29.854,4.271,14.965,29.713,4.277,14.963,0.1416,8.2,53.13,-78.86,0.454,1.0327,6.34,14.42,-0.69,50.4,50.4,12.6,-0.08
1660,29.863,4.266,14.965,29.721,4.271,14.963,0.1416,8.17,53.11,-78.82,0.4541,1.0331,6.34,14.42,-0.69,50.4,50.4,12.6,-0.08
1661,29.871,4.26,14.965,29.73,4.266,14.963,0.1416,8.17,53.09,-78.79,0.4542,1.0334,6.34,14.43,-0.69,50.4,50.4,12.6,-0.08
1662,29.88,4.255,14.965,29.738,4.261,14.963,0.1416,8.15,53.06,-78.75,0.4543,1.0338,6.34,14.43,-0.69,50.4,50.4,12.6,-0.08
1663,29.888,4.25,14.965,29.747,4.256,14.963,0.1416,8.15,53.04,-78.73,0.4543,1.0341,6.34,14.44,-0.68,50.4,50.4,12.6,-0.08
1664,29.897,4.245,14.965,29.754,4.267,14.96,0.1448,8.15,53.02,-78.68,0.4602,1.0334,6.43,14.43,-1.12,50.4,50.4,12.6,0.21
1665,29.905,4.24,14.965,29.737,4.442,14.96,0.2635,8.5,53.0,-78.64,0.4652,1.028,6.49,14.35,-5.97,50.4,50.4,12.6,3.38
1666,29.913,4.234,14.965,29.749,4.423,14.959,0.2507,8.46,52.98,-78.6,0.4701,1.0233,6.56,14.29,-5.59,50.4,50.4,12.6,3.1
1667,29.922,4.228,14.965,29.784,4.236,14.964,0.1383,8.09,52.95,-78.57,0.4639,1.0185,6.48,14.22,-0.72,50.4,50.4,12.6,-0.08
1668,29.93,4.223,14.965,29.793,4.231,14.966,0.1376,8.09,52.93,-78.53,0.4636,1.0138,6.47,14.16,-0.72,50.4,50.4,12.6,-0.08
1669,29.938,4.217,14.965,29.801,4.225,14.966,0.1375,8.06,52.91,-78.49,0.4639,1.0141,6.48,14.16,-0.72,50.4,50.4,12.6,-0.08
1670,29.947,4.212,14.965,29.809,4.22,14.965,0.1375,8.06,52.91,-78.46,0.4639,1.0146,6.48,14.17,-0.72,50.4,50.4,12.6,-0.08
1671,29.955,4.206,14.965,29.817,4.214,14.965,0.1375,8.04,52.89,-78.42,0.464,1.0149,6.48,14.17,-0.72,50.4,50.4,12.6,-0.08
1672,29.963,4.2,14.965,29.826,4.208,14.963,0.1371,8.04,52.87,-78.4,0.4678,1.0153,6.53,14.18,-0.72,50.4,50.4,12.6,-0.08
1673,29.971,4.195,14.965,29.834,4.203,14.964,0.1372,8.02,52.84,-78.35,0.4675,1.0156,6.53,14.18,-0.72,50.4,50.4,12.6,-0.08
1674,29.98,4.189,14.965,29.843,4.197,14.964,0.1372,8.0,52.82,-78.33,0.4675,1.016,6.53,14.19,-0.72,50.4,50.4,12.6,-0.08
1675,29.988,4.184,14.965,29.851,4.192,14.964,0.1372,8.0,52.8,-78.29,0.4676,1.0163,6.53,14.19,-0.72,50.4,50.4,12.6,-0.08
1676,29.996,4.178,14.965,29.859,4.186,14.964,0.1373,7.98,52.78,-78.27,0.4676,1.0167,6.53,14.2,-0.72,50.4,50.4,12.6,-0.08
1677,30.004,4.172,14.965,29.867,4.181,14.964,0.1373,7.98,52.76,-78.22,0.4677,1.017,6.53,14.2,-0.72,50.4,50.4,12.6,-0.08
1678,30.013,4.167,14.965,29.876,4.175,14.964,0.1373,7.95,52.73,-78.2,0.4677,1.0174,6.53,14.21,-0.72,50.4,50.4,12.6,-0.08
1679,30.021,4.161,14.965,29.884,4.169,14.964,0.1373,7.93,52.73,-78.16,0.4678,1.0177,6.53,14.21,-0.72,50.4,50.4,12.6,-0.08
1680,30.029,4.156,14.965,29.892,4.164,14.964,0.1374,7.93,52.71,-78.13,0.4679,1.0181,6.53,14.22,-0.72,50.4,50.4,12.6,-0.08
1681,30.037,4.15,14.965,29.879,4.321,14.963,0.2333,8.24,52.69,-78.09,0.4737,1.0125,6.61,14.14,-5.06,50.4,50.4,12.6,3.05
1682,30.046,4.144,14.965,29.884,4.344,14.962,0.2568,8.26,52.67,-78.05,0.4787,1.0078,6.68,14.07,-5.83,50.4,50.4,12.6,3.57
1683,30.054,4.138,14.965,29.917,4.175,14.961,0.1417,7.95,52.65,-78.02,0.4836,1.003,6.75,14.01,-1.47,50.4,50.4,12.6,0.44
1684,30.062,4.132,14.965,29.929,4.142,14.966,0.1333,7.89,52.62,-77.98,0.4774,0.9983,6.67,13.94,-0.75,50.4,50.4,12.6,-0.08
1685,30.07,4.126,14.965,29.937,4.137,14.965,0.1327,7.87,52.6,-77.94,0.4798,0.996,6.7,13.91,-0.75,50.4,50.4,12.6,-0.08
1686,30.078,4.12,14.965,29.945,4.131,14.964,0.1325,7.84,52.58,-77.92,0.4817,0.9969,6.73,13.92,-0.75,50.4,50.4,12.6,-0.08
1687,30.086,4.114,14.965,29.953,4.125,14.964,0.1326,7.84,52.56,-77.89,0.4814,0.9972,6.72,13.92,-0.75,50.4,50.4,12.6,-0.08
1688,30.094,4.108,14.965,29.961,4.119,14.964,0.1326,7.82,52.56,-77.85,0.4815,0.9976,6.72,13.93,-0.75,50.4,50.4,12.6,-0.08
1689,30.102,4.102,14.965,29.969,4.113,14.964,0.1327,7.82,52.54,-77.83,0.4815,0.9979,6.72,13.93,-0.75,50.4,50.4,12.6,-0.08
1690,30.11,4.096,14.965,29.977,4.107,14.964,0.1327,7.8,52.51,-77.78,0.4816,0.9983,6.72,13.94,-0.75,50.4,50.4,12.6,-0.08
1691,30.118,4.09,14.965,29.985,4.101,14.964,0.1327,7.78,52.49,-77.76,0.4816,0.9986,6.72,13.94,-0.75,50.4,50.4,12.6,-0.08
1692,30.125,4.084,14.965,29.993,4.095,14.964,0.1327,7.78,52.47,-77.72,0.4817,0.999,6.73,13.95,-0.75,50.4,50.4,12.6,-0.08
1693,30.133,4.078,14.965,30.001,4.089,14.964,0.1328,7.76,52.45,-77.7,0.4817,0.9994,6.73,13.95,-0.75,50.4,50.4,12.6,-0.08
1694,30.141,4.072,14.965,30.009,4.083,14.964,0.1328,7.76,52.45,-77.65,0.4818,0.9997,6.73,13.96,-0.75,50.4,50.4,12.6,-0.08
1695,30.149,4.066,14.966,30.017,4.077,14.964,0.1328,7.73,52.43,-77.63,0.4818,1.0001,6.73,13.96,-0.75,50.4,50.4,12.6,-0.08
1696,30.157,4.06,14.966,30.025,4.071,14.964,0.1329,7.71,52.4,-77.59,0.4819,1.0004,6.73,13.97,-0.75,50.4,50.4,12.6,-0.08
1697,30.165,4.054,14.966,30.019,4.179,14.963,0.1923,7.93,52.38,-77.56,0.4877,0.9948,6.81,13.89,-3.77,50.4,50.4,12.6,2.32
1698,30.173,4.048,14.966,30.018,4.242,14.963,0.2484,8.04,52.36,-77.52,0.4927,0.9901,6.88,13.82,-5.62,50.4,50.4,12.6,3.76
1699,30.181,4.042,14.966,30.043,4.123,14.962,0.1599,7.82,52.34,-77.48,0.4976,0.9854,6.95,13.76,-2.61,50.4,50.4,12.6,1.36
1700,30.189,4.035,14.966,30.061,4.048,14.966,0.1288,7.67,52.32,-77.45,0.4921,0.9806,6.87,13.69,-0.78,50.4,50.4,12.6,-0.08
1701,30.196,4.029,14.966,30.069,4.042,14.967,0.1282,7.65,52.29,-77.41,0.4929,0.9768,6.88,13.64,-0.78,50.4,50.4,12.6,-0.08
1702,30.204,4.023,14.966,30.077,4.036,14.965,0.1279,7.65,52.27,-77.39,0.4959,0.9779,6.92,13.65,-0.78,50.4,50.4,12.6,-0.08
1703,30.212,4.016,14.966,30.085,4.029,14.965,0.1279,7.62,52.27,-77.34,0.4961,0.9783,6.93,13.66,-0.78,50.4,50.4,12.6,-0.08
1704,30.22,4.01,14.966,30.092,4.023,14.965,0.128,7.62,52.25,-77.32,0.4961,0.9786,6.93,13.66,-0.78,50.4,50.4,12.6,-0.08
1705,30.227,4.004,14.966,30.1,4.016,14.965,0.128,7.6,52.23,-77.3,0.4961,0.979,6.93,13.67,-0.78,50.4,50.4,12.6,-0.08
1706,30.235,3.997,14.966,30.108,4.01,14.965,0.128,7.58,52.21,-77.26,0.4962,0.9793,6.93,13.67,-0.78,50.4,50.4,12.6,-0.08
1707,30.243,3.991,14.966,30.115,4.004,14.965,0.128,7.58,52.19,-77.23,0.4962,0.9797,6.93,13.68,-0.78,50.4,50.4,12.6,-0.08
1708,30.25,3.984,14.966,30.123,3.997,14.965,0.1281,7.56,52.19,-77.19,0.4962,0.98,6.93,13.68,-0.78,50.4,50.4,12.6,-0.08
1709,30.258,3.978,14.966,30.131,3.991,14.965,0.1281,7.54,52.16,-77.17,0.4963,0.9804,6.93,13.69,-0.78,50.4,50.4,12.6,-0.08
1710,30.266,3.972,14.966,30.138,3.985,14.965,0.1281,7.54,52.14,-77.15,0.4963,0.9807,6.93,13.69,-0.78,50.4,50.4,12.6,-0.08
1711,30.273,3.965,14.966,30.146,3.978,14.965,0.1282,7.51,52.12,-77.1,0.4964,0.9811,6.93,13.7,-0.78,50.4,50.4,12.6,-0.08
1712,30.281,3.959,14.966,30.154,3.972,14.965,0.1282,7.51,52.1,-77.08,0.4964,0.9814,6.93,13.7,-0.78,50.4,50.4,12.6,-0.08
1713,30.289,3.953,14.966,30.154,4.034,14.964,0.1577,7.62,52.08,-77.04,0.5022,0.9758,7.01,13.62,-2.58,50.4,50.4,12.6,1.49
1714,30.296,3.946,14.966,30.148,4.135,14.963,0.2397,7.8,52.05,-77.01,0.5072,0.9711,7.08,13.56,-5.42,50.4,50.4,12.6,3.95
1715,30.304,3.939,14.966,30.166,4.061,14.962,0.1838,7.67,52.03,-76.97,0.5121,0.9663,7.15,13.49,-3.64,50.4,50.4,12.6,2.38
1716,30.311,3.933,14.966,30.188,3.948,14.967,0.1242,7.45,52.03,-76.93,0.5076,0.9616,7.09,13.43,-0.81,50.4,50.4,12.6,-0.08
1717,30.319,3.926,14.966,30.196,3.941,14.968,0.1234,7.43,52.01,-76.9,0.5082,0.9569,7.1,13.36,-0.81,50.4,50.4,12.6,-0.08
1718,30.326,3.919,14.966,30.204,3.935,14.968,0.1234,7.43,51.99,-76.88,0.5082,0.9576,7.1,13.37,-0.81,50.4,50.4,12.6,-0.08
1719,30.333,3.913,14.966,30.211,3.928,14.966,0.123,7.4,51.97,-76.84,0.5117,0.958,7.14,13.38,-0.81,50.4,50.4,12.6,-0.08
1720,30.341,3.906,14.966,30.219,3.921,14.966,0.1231,7.38,51.97,-76.82,0.5112,0.9583,7.14,13.38,-0.81,50.4,50.4,12.6,-0.08
1721,30.348,3.899,14.966,30.226,3.914,14.966,0.1232,7.38,51.94,-76.79,0.5112,0.9587,7.14,13.39,-0.81,50.4,50.4,12.6,-0.08
1722,30.356,3.892,14.966,30.233,3.908,14.966,0.1232,7.36,51.92,-76.75,0.5113,0.959,7.14,13.39,-0.81,50.4,50.4,12.6,-0.08
1723,30.363,3.886,14.966,30.241,3.901,14.966,0.1232,7.36,51.9,-76.73,0.5113,0.9593,7.14,13.39,-0.81,50.4,50.4,12.6,-0.08
1724,30.37,3.879,14.966,30.248,3.894,14.966,0.1233,7.34,51.9,-76.71,0.5113,0.9597,7.14,13.4,-0.81,50.4,50.4,12.6,-0.08
1725,30.378,3.872,14.966,30.255,3.888,14.966,0.1233,7.32,51.88,-76.66,0.5114,0.96,7.14,13.4,-0.81,50.4,50.4,12.6,-0.08
1726,30.385,3.865,14.966,30.263,3.881,14.966,0.1233,7.32,51.86,-76.64,0.5114,0.9604,7.14,13.41,-0.81,50.4,50.4,12.6,-0.08
1727,30.393,3.859,14.966,30.27,3.874,14.966,0.1233,7.29,51.83,-76.62,0.5114,0.9607,7.14,13.41,-0.81,50.4,50.4,12.6,-0.08
1728,30.4,3.852,14.966,30.278,3.868,14.966,0.1234,7.27,51.83,-76.57,0.5115,0.9611,7.14,13.42,-0.81,50.4,50.4,12.6,-0.08
1729,30.407,3.845,14.966,30.282,3.889,14.964,0.1323,7.32,51.81,-76.55,0.5173,0.9588,7.22,13.39,-1.54,50.4,50.4,12.6,0.62
1730,30.415,3.839,14.966,30.273,4.021,14.963,0.2311,7.56,51.79,-76.51,0.5222,0.9535,7.29,13.31,-5.21,50.4,50.4,12.6,4.14
1731,30.422,3.831,14.966,30.285,3.988,14.963,0.2081,7.49,51.77,-76.49,0.5272,0.9488,7.36,13.25,-4.52,50.4,50.4,12.6,3.44
1732,30.429,3.824,14.966,30.31,3.842,14.966,0.1196,7.23,51.75,-76.44,0.5236,0.9441,7.31,13.18,-0.84,50.4,50.4,12.6,-0.08
1733,30.436,3.817,14.966,30.318,3.835,14.968,0.1189,7.21,51.72,-76.42,0.524,0.9393,7.32,13.12,-0.84,50.4,50.4,12.6,-0.08
1734,30.443,3.81,14.966,30.326,3.828,14.969,0.1183,7.19,51.72,-76.38,0.5241,0.9352,7.32,13.06,-0.84,50.4,50.4,12.6,-0.08
1735,30.45,3.803,14.966,30.333,3.821,14.969,0.1184,7.19,51.7,-76.35,0.5241,0.9363,7.32,13.07,-0.84,50.4,50.4,12.6,-0.08
1736,30.457,3.796,14.966,30.34,3.814,14.967,0.118,7.16,51.68,-76.33,0.5274,0.9367,7.36,13.08,-0.84,50.4,50.4,12.6,-0.08
1737,30.464,3.789,14.966,30.347,3.807,14.967,0.1181,7.14,51.66,-76.29,0.5269,0.937,7.36,13.08,-0.84,50.4,50.4,12.6,-0.08
1738,30.471,3.782,14.966,30.354,3.8,14.967,0.1181,7.14,51.66,-76.27,0.5269,0.9373,7.36,13.09,-0.84,50.4,50.4,12.6,-0.08
1739,30.478,3.775,14.966,30.361,3.793,14.967,0.1181,7.12,51.64,-76.25,0.527,0.9377,7.36,13.09,-0.84,50.4,50.4,12.6,-0.08
1740,30.485,3.768,14.966,30.368,3.786,14.967,0.1182,7.1,51.61,-76.22,0.527,0.938,7.36,13.1,-0.84,50.4,50.4,12.6,-0.08
1741,30.492,3.761,14.966,30.376,3.779,14.967,0.1182,7.1,51.59,-76.18,0.527,0.9383,7.36,13.1,-0.84,50.4,50.4,12.6,-0.08
1742,30.499,3.754,14.966,30.383,3.772,14.967,0.1182,7.08,51.59,-76.16,0.527,0.9387,7.36,13.11,-0.84,50.4,50.4,12.6,-0.08
1743,30.506,3.747,14.966,30.39,3.765,14.967,0.1183,7.05,51.57,-76.14,0.5271,0.939,7.36,13.11,-0.84,50.4,50.4,12.6,-0.08
1744,30.514,3.74,14.966,30.397,3.758,14.967,0.1183,7.05,51.55,-76.09,0.5271,0.9394,7.36,13.12,-0.84,50.4,50.4,12.6,-0.08
1745,30.521,3.733,14.966,30.404,3.75,14.967,0.1183,7.03,51.55,-76.07,0.5271,0.9397,7.36,13.12,-0.83,50.4,50.4,12.6,-0.08
1746,30.528,3.725,14.966,30.393,3.896,14.966,0.217,7.29,51.53,-76.05,0.5329,0.9341,7.44,13.04,-4.84,50.4,50.4,12.6,4.15
1747,30.534,3.718,14.966,30.4,3.897,14.965,0.2233,7.29,51.5,-76.0,0.5378,0.9293,7.51,12.98,-5.05,50.4,50.4,12.6,4.34
1748,30.541,3.711,14.966,30.428,3.737,14.964,0.1165,7.01,51.48,-75.98,0.5428,0.9246,7.58,12.91,-1.04,50.4,50.4,12.6,0.1
1749,30.548,3.703,14.966,30.436,3.723,14.964,0.1133,6.97,51.46,-75.94,0.5461,0.9199,7.63,12.84,-0.87,50.4,50.4,12.6,-0.08
1750,30.555,3.696,14.966,30.443,3.716,14.968,0.113,6.97,51.44,-75.92,0.5427,0.9151,7.58,12.78,-0.87,50.4,50.4,12.6,-0.08
1751,30.561,3.688,14.966,30.45,3.709,14.969,0.1126,6.94,51.44,-75.87,0.5431,0.9128,7.58,12.74,-0.87,50.4,50.4,12.6,-0.08
1752,30.568,3.681,14.966,30.457,3.701,14.968,0.1127,6.92,51.42,-75.85,0.5431,0.9136,7.58,12.76,-0.87,50.4,50.4,12.6,-0.08
1753,30.575,3.674,14.966,30.464,3.694,14.968,0.1127,6.92,51.39,-75.83,0.5431,0.914,7.58,12.76,-0.86,50.4,50.4,12.6,-0.08
1754,30.581,3.666,14.966,30.47,3.686,14.968,0.1128,6.9,51.39,-75.81,0.5432,0.9143,7.58,12.77,-0.86,50.4,50.4,12.6,-0.08
1755,30.588,3.659,14.966,30.477,3.679,14.968,0.1128,6.88,51.37,-75.78,0.5432,0.9146,7.58,12.77,-0.86,50.4,50.4,12.6,-0.08
1756,30.595,3.651,14.966,30.484,3.672,14.968,0.1128,6.88,51.35,-75.74,0.5432,0.915,7.58,12.78,-0.86,50.4,50.4,12.6,-0.08
1757,30.602,3.644,14.966,30.491,3.664,14.968,0.1129,6.86,51.35,-75.72,0.5432,0.9153,7.58,12.78,-0.86,50.4,50.4,12.6,-0.08
1758,30.608,3.637,14.966,30.497,3.657,14.968,0.1129,6.83,51.33,-75.7,0.5432,0.9156,7.58,12.78,-0.86,50.4,50.4,12.6,-0.08
1759,30.615,3.629,14.966,30.504,3.65,14.968,0.1129,6.81,51.31,-75.67,0.5432,0.9159,7.58,12.79,-0.86,50.4,50.4,12.6,-0.08
1760,30.622,3.622,14.966,30.511,3.642,14.968,0.113,6.81,51.31,-75.65,0.5432,0.9163,7.58,12.79,-0.86,50.4,50.4,12.6,-0.08
1761,30.628,3.614,14.966,30.517,3.635,14.968,0.113,6.79,51.28,-75.61,0.5432,0.9166,7.58,12.8,-0.86,50.4,50.4,12.6,-0.08
1762,30.635,3.607,14.966,30.511,3.745,14.967,0.1851,6.99,51.26,-75.59,0.549,0.911,7.67,12.72,-3.93,50.4,50.4,12.6,3.51
1763,30.642,3.599,14.966,30.515,3.772,14.966,0.2138,7.05,51.24,-75.54,0.5539,0.9063,7.73,12.65,-4.84,50.4,50.4,12.6,4.53
1764,30.648,3.592,14.966,30.537,3.647,14.966,0.124,6.81,51.22,-75.52,0.5589,0.9015,7.8,12.59,-1.77,50.4,50.4,12.6,0.94
1765,30.654,3.584,14.966,30.548,3.606,14.966,0.1081,6.72,51.2,-75.5,0.5612,0.8968,7.84,12.52,-0.89,50.4,50.4,12.6,-0.08
1766,30.661,3.576,14.966,30.555,3.599,14.969,0.1076,6.72,51.2,-75.45,0.5597,0.892,7.82,12.46,-0.89,50.4,50.4,12.6,-0.08
1767,30.667,3.569,14.966,30.562,3.591,14.97,0.1071,6.7,51.17,-75.43,0.5599,0.8881,7.82,12.4,-0.89,50.4,50.4,12.6,-0.08
1768,30.673,3.561,14.966,30.568,3.583,14.97,0.1073,6.68,51.17,-75.41,0.5599,0.8892,7.82,12.42,-0.89,50.4,50.4,12.6,-0.08
1769,30.68,3.553,14.966,30.575,3.576,14.97,0.1073,6.68,51.15,-75.39,0.5599,0.8895,7.82,12.42,-0.89,50.4,50.4,12.6,-0.08
1770,30.686,3.545,14.966,30.581,3.568,14.97,0.1073,6.66,51.13,-75.37,0.5599,0.8899,7.82,12.42,-0.89,50.4,50.4,12.6,-0.08
1771,30.692,3.538,14.966,30.587,3.56,14.97,0.1074,6.64,51.13,-75.34,0.5599,0.8902,7.82,12.43,-0.89,50.4,50.4,12.6,-0.08
1772,30.699,3.53,14.966,30.594,3.552,14.97,0.1074,6.61,51.11,-75.3,0.5599,0.8905,7.82,12.43,-0.89,50.4,50.4,12.6,-0.08
1773,30.705,3.522,14.966,30.6,3.545,14.97,0.1074,6.61,51.09,-75.28,0.5599,0.8908,7.82,12.44,-0.89,50.4,50.4,12.6,-0.08
1774,30.711,3.515,14.966,30.606,3.537,14.97,0.1075,6.59,51.09,-75.26,0.5599,0.8912,7.82,12.44,-0.89,50.4,50.4,12.6,-0.08
1775,30.718,3.507,14.966,30.613,3.529,14.97,0.1075,6.57,51.06,-75.23,0.5599,0.8915,7.82,12.45,-0.89,50.4,50.4,12.6,-0.08
1776,30.724,3.499,14.966,30.619,3.522,14.97,0.1075,6.57,51.04,-75.21,0.5599,0.8918,7.82,12.45,-0.89,50.4,50.4,12.6,-0.08
1777,30.73,3.491,14.967,30.625,3.514,14.97,0.1076,6.55,51.04,-75.19,0.5599,0.8921,7.82,12.46,-0.89,50.4,50.4,12.6,-0.08
1778,30.737,3.484,14.967,30.623,3.596,14.969,0.16,6.7,51.02,-75.15,0.5657,0.8865,7.9,12.38,-3.23,50.4,50.4,12.6,2.95
1779,30.743,3.476,14.967,30.624,3.641,14.968,0.2039,6.79,51.0,-75.12,0.5706,0.8818,7.97,12.31,-4.62,50.4,50.4,12.6,4.73
1780,30.749,3.468,14.967,30.642,3.545,14.967,0.1317,6.59,50.98,-75.1,0.5755,0.877,8.04,12.25,-2.29,50.4,50.4,12.6,1.69
1781,30.755,3.46,14.967,30.655,3.484,14.968,0.1028,6.48,50.98,-75.06,0.5772,0.8723,8.06,12.18,-0.92,50.4,50.4,12.6,-0.08
1782,30.761,3.452,14.967,30.662,3.476,14.969,0.1022,6.46,50.95,-75.04,0.5773,0.8676,8.06,12.11,-0.92,50.4,50.4,12.6,-0.08
1783,30.767,3.444,14.967,30.668,3.468,14.971,0.1016,6.46,50.93,-75.01,0.5772,0.8628,8.06,12.05,-0.92,50.4,50.4,12.6,-0.08
1784,30.773,3.436,14.967,30.674,3.46,14.971,0.1017,6.44,50.93,-74.99,0.5772,0.8633,8.06,12.05,-0.92,50.4,50.4,12.6,-0.08
1785,30.779,3.428,14.967,30.68,3.452,14.971,0.1017,6.42,50.91,-74.97,0.5772,0.8637,8.06,12.06,-0.92,50.4,50.4,12.6,-0.08
1786,30.785,3.42,14.967,30.686,3.444,14.971,0.1017,6.39,50.91,-74.95,0.5772,0.864,8.06,12.06,-0.92,50.4,50.4,12.6,-0.08
1787,30.791,3.412,14.967,30.692,3.436,14.971,0.1018,6.39,50.89,-74.9,0.5772,0.8643,8.06,12.07,-0.92,50.4,50.4,12.6,-0.08
1788,30.797,3.404,14.967,30.698,3.428,14.971,0.1018,6.37,50.87,-74.88,0.5772,0.8646,8.06,12.07,-0.92,50.4,50.4,12.6,-0.08
1789,30.803,3.396,14.967,30.704,3.42,14.971,0.1019,6.35,50.87,-74.86,0.5772,0.865,8.06,12.08,-0.92,50.4,50.4,12.6,-0.08
1790,30.808,3.388,14.967,30.71,3.412,14.971,0.1019,6.35,50.84,-74.84,0.5772,0.8653,8.06,12.08,-0.92,50.4,50.4,12.6,-0.08
1791,30.814,3.38,14.967,30.716,3.404,14.971,0.1019,6.33,50.84,-74.82,0.5772,0.8656,8.06,12.09,-0.92,50.4,50.4,12.6,-0.08
1792,30.82,3.371,14.967,30.722,3.396,14.971,0.102,6.31,50.82,-74.79,0.5772,0.8659,8.06,12.09,-0.92,50.4,50.4,12.6,-0.08
1793,30.826,3.363,14.967,30.728,3.388,14.971,0.102,6.28,50.8,-74.77,0.5771,0.8662,8.06,12.09,-0.92,50.4,50.4,12.6,-0.08
1794,30.832,3.355,14.967,30.727,3.45,14.97,0.1412,6.42,50.8,-74.75,0.5829,0.8606,8.14,12.02,-2.72,50.4,50.4,12.6,2.53
1795,30.838,3.347,14.967,30.727,3.506,14.969,0.1936,6.5,50.78,-74.73,0.5878,0.8559,8.21,11.95,-4.39,50.4,50.4,12.6,4.92
1796,30.844,3.339,14.967,30.742,3.429,14.968,0.136,6.37,50.76,-74.69,0.5927,0.8511,8.28,11.88,-2.6,50.4,50.4,12.6,2.31
1797,30.849,3.331,14.967,30.756,3.357,14.969,0.0974,6.24,50.73,-74.66,0.5944,0.8464,8.3,11.82,-0.94,50.4,50.4,12.6,-0.08
1798,30.855,3.322,14.967,30.762,3.349,14.97,0.0966,6.22,50.73,-74.64,0.5953,0.8416,8.31,11.75,-0.94,50.4,50.4,12.6,-0.08
1799,30.86,3.314,14.967,30.768,3.341,14.972,0.0961,6.2,50.71,-74.62,0.5951,0.8369,8.31,11.69,-0.94,50.4,50.4,12.6,-0.08
1800,30.866,3.306,14.967,30.774,3.333,14.973,0.096,6.17,50.71,-74.6,0.5951,0.8358,8.31,11.67,-0.94,50.4,50.4,12.6,-0.08
1801,30.871,3.297,14.967,30.779,3.324,14.973,0.096,6.17,50.69,-74.58,0.5951,0.8365,8.31,11.68,-0.94,50.4,50.4,12.6,-0.08
1802,30.877,3.289,14.967,30.785,3.316,14.973,0.0961,6.15,50.69,-74.55,0.5951,0.8368,8.31,11.68,-0.94,50.4,50.4,12.6,-0.08
1803,30.883,3.281,14.967,30.79,3.308,14.973,0.0961,6.13,50.67,-74.53,0.595,0.8371,8.31,11.69,-0.94,50.4,50.4,12.6,-0.08
1804,30.888,3.273,14.967,30.796,3.299,14.973,0.0961,6.11,50.65,-74.51,0.595,0.8374,8.31,11.69,-0.94,50.4,50.4,12.6,-0.08
1805,30.894,3.264,14.967,30.801,3.291,14.973,0.0962,6.11,50.65,-74.49,0.595,0.8377,8.31,11.7,-0.94,50.4,50.4,12.6,-0.08
1806,30.899,3.256,14.967,30.807,3.283,14.973,0.0962,6.09,50.62,-74.47,0.595,0.838,8.31,11.7,-0.94,50.4,50.4,12.6,-0.08
1807,30.905,3.248,14.967,30.813,3.275,14.973,0.0963,6.06,50.62,-74.44,0.595,0.8383,8.31,11.7,-0.94,50.4,50.4,12.6,-0.08
1808,30.91,3.239,14.967,30.818,3.266,14.973,0.0963,6.04,50.6,-74.42,0.5949,0.8386,8.31,11.71,-0.94,50.4,50.4,12.6,-0.08
1809,30.916,3.231,14.967,30.824,3.258,14.973,0.0963,6.04,50.6,-74.4,0.5949,0.8389,8.31,11.71,-0.94,50.4,50.4,12.6,-0.08
1810,30.921,3.223,14.967,30.825,3.306,14.971,0.1277,6.13,50.58,-74.36,0.6007,0.8333,8.39,11.64,-2.39,50.4,50.4,12.6,2.28
1811,30.927,3.214,14.967,30.824,3.365,14.971,0.1828,6.24,50.56,-74.33,0.6056,0.8286,8.46,11.57,-4.15,50.4,50.4,12.6,5.12
1812,30.932,3.206,14.967,30.837,3.302,14.97,0.1354,6.11,50.54,-74.31,0.6105,0.8238,8.52,11.5,-2.72,50.4,50.4,12.6,2.76
1813,30.937,3.197,14.967,30.85,3.226,14.97,0.0917,5.98,50.54,-74.29,0.6127,0.8191,8.56,11.44,-0.97,50.4,50.4,12.6,-0.08
1814,30.942,3.189,14.967,30.856,3.217,14.971,0.091,5.95,50.52,-74.27,0.6138,0.8143,8.57,11.37,-0.97,50.4,50.4,12.6,-0.08
1815,30.947,3.18,14.967,30.862,3.209,14.973,0.0905,5.93,50.52,-74.25,0.6135,0.8096,8.57,11.3,-0.97,50.4,50.4,12.6,-0.08
1816,30.952,3.171,14.967,30.867,3.2,14.974,0.0902,5.91,50.49,-74.22,0.6135,0.8069,8.57,11.27,-0.97,50.4,50.4,12.6,-0.08
1817,30.958,3.163,14.967,30.872,3.192,14.974,0.0903,5.91,50.49,-74.2,0.6135,0.8078,8.57,11.28,-0.97,50.4,50.4,12.6,-0.08
1818,30.963,3.154,14.967,30.878,3.183,14.974,0.0903,5.89,50.47,-74.18,0.6134,0.8081,8.57,11.28,-0.97,50.4,50.4,12.6,-0.08
1819,30.968,3.146,14.967,30.883,3.175,14.974,0.0904,5.87,50.47,-74.16,0.6134,0.8084,8.56,11.29,-0.97,50.4,50.4,12.6,-0.08
1820,30.973,3.137,14.967,30.888,3.166,14.974,0.0904,5.84,50.45,-74.14,0.6134,0.8087,8.56,11.29,-0.97,50.4,50.4,12.6,-0.08
1821,30.978,3.128,14.967,30.893,3.158,14.974,0.0904,5.84,50.45,-74.11,0.6133,0.809,8.56,11.3,-0.97,50.4,50.4,12.6,-0.08
1822,30.983,3.12,14.967,30.898,3.149,14.974,0.0905,5.82,50.43,-74.09,0.6133,0.8093,8.56,11.3,-0.97,50.4,50.4,12.6,-0.08
1823,30.988,3.111,14.967,30.903,3.14,14.974,0.0905,5.8,50.43,-74.07,0.6133,0.8096,8.56,11.3,-0.96,50.4,50.4,12.6,-0.08
1824,30.994,3.103,14.967,30.908,3.132,14.974,0.0905,5.78,50.41,-74.05,0.6133,0.8099,8.56,11.31,-0.96,50.4,50.4,12.6,-0.08
1825,30.999,3.094,14.967,30.913,3.123,14.974,0.0906,5.78,50.41,-74.05,0.6132,0.8102,8.56,11.31,-0.96,50.4,50.4,12.6,-0.08
1826,31.004,3.086,14.967,30.915,3.164,14.973,0.1186,5.84,50.38,-74.0,0.619,0.8046,8.64,11.23,-2.23,50.4,50.4,12.6,2.24
1827,31.009,3.077,14.967,30.914,3.22,14.972,0.1715,5.95,50.36,-73.98,0.6239,0.7998,8.71,11.17,-3.91,50.4,50.4,12.6,5.31
1828,31.013,3.068,14.967,30.926,3.163,14.971,0.1297,5.84,50.34,-73.96,0.6287,0.7951,8.78,11.1,-2.66,50.4,50.4,12.6,2.99
1829,31.018,3.059,14.967,30.938,3.09,14.971,0.0858,5.71,50.34,-73.94,0.6325,0.7903,8.83,11.04,-0.99,50.4,50.4,12.6,-0.08
1830,31.023,3.05,14.967,30.944,3.081,14.973,0.0852,5.69,50.32,-73.92,0.6326,0.7856,8.83,10.97,-0.99,50.4,50.4,12.6,-0.08
1831,31.028,3.042,14.967,30.949,3.073,14.975,0.0848,5.67,50.32,-73.89,0.6325,0.7808,8.83,10.9,-0.99,50.4,50.4,12.6,-0.08
1832,31.032,3.033,14.967,30.954,3.064,14.976,0.0844,5.65,50.32,-73.87,0.6324,0.7767,8.83,10.84,-0.99,50.4,50.4,12.6,-0.08
1833,31.037,3.024,14.967,30.959,3.055,14.976,0.0845,5.62,50.3,-73.85,0.6324,0.7778,8.83,10.86,-0.99,50.4,50.4,12.6,-0.08
1834,31.042,3.015,14.967,30.964,3.046,14.976,0.0845,5.62,50.3,-73.83,0.6323,0.7781,8.83,10.86,-0.99,50.4,50.4,12.6,-0.08
1835,31.046,3.006,14.967,30.968,3.037,14.976,0.0846,5.6,50.27,-73.83,0.6323,0.7783,8.83,10.87,-0.99,50.4,50.4,12.6,-0.08
1836,31.051,2.997,14.967,30.973,3.029,14.976,0.0846,5.58,50.27,-73.81,0.6323,0.7786,8.83,10.87,-0.99,50.4,50.4,12.6,-0.08
1837,31.056,2.989,14.967,30.977,3.02,14.976,0.0846,5.56,50.25,-73.78,0.6322,0.7789,8.83,10.88,-0.99,50.4,50.4,12.6,-0.08
1838,31.06,2.98,14.967,30.982,3.011,14.976,0.0847,5.56,50.25,-73.76,0.6322,0.7792,8.83,10.88,-0.99,50.4,50.4,12.6,-0.08
1839,31.065,2.971,14.967,30.987,3.002,14.976,0.0847,5.54,50.23,-73.74,0.6321,0.7795,8.83,10.88,-0.99,50.4,50.4,12.6,-0.08
1840,31.07,2.962,14.967,30.991,2.993,14.976,0.0848,5.52,50.23,-73.74,0.6321,0.7798,8.83,10.89,-0.99,50.4,50.4,12.6,-0.08
1841,31.075,2.953,14.967,30.996,2.985,14.976,0.0848,5.49,50.21,-73.72,0.6321,0.7801,8.83,10.89,-0.99,50.4,50.4,12.6,-0.08
1842,31.079,2.945,14.967,30.998,3.022,14.975,0.1128,5.56,50.21,-73.7,0.6378,0.7745,8.91,10.81,-2.18,50.4,50.4,12.6,2.44
1843,31.084,2.936,14.967,30.998,3.07,14.974,0.1595,5.65,50.19,-73.67,0.6427,0.7697,8.97,10.75,-3.64,50.4,50.4,12.6,5.49
1844,31.088,2.927,14.967,31.008,3.015,14.973,0.1195,5.56,50.16,-73.65,0.6475,0.765,9.04,10.68,-2.47,50.4,50.4,12.6,2.97
1845,31.092,2.917,14.967,31.019,2.95,14.972,0.0799,5.43,50.16,-73.63,0.6524,0.7602,9.11,10.61,-1.01,50.4,50.4,12.6,-0.08
1846,31.096,2.908,14.967,31.025,2.941,14.974,0.0793,5.41,50.14,-73.61,0.6532,0.7555,9.12,10.55,-1.01,50.4,50.4,12.6,-0.08
1847,31.101,2.899,14.967,31.029,2.932,14.976,0.0791,5.41,50.14,-73.59,0.6517,0.7507,9.1,10.48,-1.01,50.4,50.4,12.6,-0.08
1848,31.105,2.89,14.967,31.034,2.923,14.978,0.0787,5.38,50.14,-73.56,0.6518,0.746,9.1,10.42,-1.01,50.4,50.4,12.6,-0.08
1849,31.109,2.881,14.967,31.038,2.914,14.978,0.0787,5.36,50.12,-73.54,0.6518,0.7463,9.1,10.42,-1.01,50.4,50.4,12.6,-0.08
1850,31.113,2.872,14.967,31.043,2.905,14.978,0.0788,5.34,50.12,-73.52,0.6517,0.7467,9.1,10.43,-1.01,50.4,50.4,12.6,-0.08
1851,31.118,2.863,14.967,31.047,2.896,14.978,0.0788,5.34,50.1,-73.52,0.6517,0.747,9.1,10.43,-1.01,50.4,50.4,12.6,-0.08
1852,31.122,2.854,14.967,31.051,2.887,14.978,0.0789,5.32,50.1,-73.5,0.6516,0.7472,9.1,10.43,-1.01,50.4,50.4,12.6,-0.08
1853,31.126,2.845,14.967,31.055,2.878,14.978,0.0789,5.3,50.1,-73.48,0.6516,0.7475,9.1,10.44,-1.01,50.4,50.4,12.6,-0.08
1854,31.13,2.836,14.967,31.059,2.869,14.978,0.0789,5.27,50.08,-73.45,0.6515,0.7478,9.1,10.44,-1.01,50.4,50.4,12.6,-0.08
1855,31.135,2.827,14.967,31.064,2.86,14.978,0.079,5.25,50.08,-73.45,0.6515,0.7481,9.1,10.45,-1.01,50.4,50.4,12.6,-0.08
1856,31.139,2.818,14.967,31.068,2.851,14.978,0.079,5.25,50.05,-73.43,0.6514,0.7484,9.1,10.45,-1.01,50.4,50.4,12.6,-0.08
1857,31.143,2.809,14.967,31.072,2.842,14.978,0.079,5.23,50.05,-73.41,0.6514,0.7487,9.09,10.45,-1.01,50.4,50.4,12.6,-0.08
1858,31.147,2.8,14.967,31.073,2.88,14.976,0.1095,5.3,50.03,-73.39,0.6571,0.743,9.17,10.37,-2.22,50.4,50.4,12.6,2.88
1859,31.151,2.791,14.967,31.075,2.916,14.975,0.1469,5.36,50.03,-73.37,0.662,0.7383,9.24,10.31,-3.37,50.4,50.4,12.6,5.66
1860,31.155,2.781,14.967,31.084,2.86,14.975,0.1062,5.25,50.01,-73.34,0.6668,0.7335,9.31,10.24,-2.17,50.4,50.4,12.6,2.7
1861,31.159,2.772,14.967,31.093,2.807,14.974,0.0742,5.16,49.99,-73.34,0.6717,0.7288,9.38,10.18,-1.03,50.4,50.4,12.6,-0.08
1862,31.163,2.763,14.967,31.099,2.798,14.973,0.073,5.14,49.99,-73.32,0.6765,0.724,9.45,10.11,-1.03,50.4,50.4,12.6,-0.08
1863,31.166,2.754,14.967,31.102,2.788,14.978,0.0736,5.12,49.99,-73.3,0.6711,0.7193,9.37,10.04,-1.03,50.4,50.4,12.6,-0.08
1864,31.17,2.744,14.967,31.107,2.779,14.979,0.0731,5.1,49.97,-73.28,0.6717,0.7145,9.38,9.98,-1.03,50.4,50.4,12.6,-0.08
1865,31.174,2.735,14.967,31.111,2.77,14.98,0.0731,5.1,49.97,-73.26,0.6716,0.7134,9.38,9.96,-1.03,50.4,50.4,12.6,-0.08
1866,31.178,2.726,14.967,31.114,2.761,14.98,0.0731,5.08,49.97,-73.26,0.6716,0.714,9.38,9.97,-1.03,50.4,50.4,12.6,-0.08
1867,31.181,2.716,14.967,31.118,2.751,14.98,0.0732,5.05,49.94,-73.23,0.6715,0.7143,9.38,9.97,-1.03,50.4,50.4,12.6,-0.08
1868,31.185,2.707,14.967,31.122,2.742,14.98,0.0732,5.03,49.94,-73.21,0.6714,0.7146,9.37,9.98,-1.03,50.4,50.4,12.6,-0.08
1869,31.189,2.698,14.967,31.126,2.733,14.98,0.0733,5.01,49.94,-73.21,0.6714,0.7148,9.37,9.98,-1.03,50.4,50.4,12.6,-0.08
1870,31.193,2.689,14.967,31.129,2.724,14.98,0.0733,5.01,49.92,-73.19,0.6713,0.7151,9.37,9.99,-1.03,50.4,50.4,12.6,-0.08
1871,31.196,2.679,14.967,31.133,2.714,14.98,0.0733,4.99,49.92,-73.19,0.6712,0.7154,9.37,9.99,-1.03,50.4,50.4,12.6,-0.08
1872,31.2,2.67,14.967,31.137,2.705,14.98,0.0734,4.97,49.92,-73.17,0.6712,0.7157,9.37,9.99,-1.03,50.4,50.4,12.6,-0.08
1873,31.204,2.661,14.967,31.141,2.696,14.98,0.0734,4.94,49.9,-73.15,0.6711,0.716,9.37,10.0,-1.03,50.4,50.4,12.6,-0.08
1874,31.208,2.652,14.967,31.142,2.735,14.978,0.1074,5.01,49.9,-73.12,0.6768,0.7103,9.45,9.92,-2.28,50.4,50.4,12.6,3.56
1875,31.211,2.642,14.967,31.144,2.757,14.977,0.1335,5.05,49.88,-73.12,0.6817,0.7056,9.52,9.85,-3.07,50.4,50.4,12.6,5.82
1876,31.214,2.633,14.967,31.153,2.7,14.977,0.0913,4.94,49.88,-73.1,0.6865,0.7008,9.59,9.79,-1.83,50.4,50.4,12.6,2.18
1877,31.218,2.623,14.967,31.16,2.66,14.976,0.0686,4.88,49.86,-73.08,0.6914,0.6961,9.65,9.72,-1.05,50.4,50.4,12.6,-0.08
1878,31.221,2.614,14.967,31.165,2.651,14.975,0.0675,4.86,49.86,-73.06,0.6962,0.6913,9.72,9.65,-1.05,50.4,50.4,12.6,-0.08
1879,31.224,2.604,14.967,31.169,2.641,14.977,0.0672,4.83,49.83,-73.04,0.6962,0.6865,9.72,9.59,-1.05,50.4,50.4,12.6,-0.08
1880,31.227,2.595,14.967,31.172,2.632,14.981,0.0679,4.83,49.83,-73.04,0.6912,0.6818,9.65,9.52,-1.05,50.4,50.4,12.6,-0.08
1881,31.231,2.586,14.967,31.176,2.622,14.982,0.0677,4.81,49.83,-73.02,0.6918,0.6794,9.66,9.49,-1.05,50.4,50.4,12.6,-0.08
1882,31.234,2.576,14.967,31.179,2.613,14.982,0.0678,4.79,49.83,-72.99,0.6918,0.6802,9.66,9.5,-1.05,50.4,50.4,12.6,-0.08
1883,31.237,2.567,14.967,31.182,2.603,14.982,0.0678,4.77,49.81,-72.99,0.6917,0.6805,9.66,9.5,-1.05,50.4,50.4,12.6,-0.08
1884,31.241,2.557,14.967,31.185,2.594,14.982,0.0678,4.75,49.81,-72.97,0.6916,0.6807,9.66,9.5,-1.05,50.4,50.4,12.6,-0.08
1885,31.244,2.548,14.967,31.189,2.585,14.982,0.0679,4.75,49.81,-72.97,0.6915,0.681,9.66,9.51,-1.05,50.4,50.4,12.6,-0.08
1886,31.247,2.538,14.967,31.192,2.575,14.982,0.0679,4.72,49.79,-72.95,0.6915,0.6813,9.65,9.51,-1.05,50.4,50.4,12.6,-0.08
1887,31.25,2.529,14.967,31.195,2.566,14.982,0.0679,4.7,49.79,-72.95,0.6914,0.6816,9.65,9.52,-1.05,50.4,50.4,12.6,-0.08
1888,31.254,2.519,14.967,31.198,2.556,14.982,0.068,4.68,49.79,-72.93,0.6913,0.6818,9.65,9.52,-1.05,50.4,50.4,12.6,-0.08
1889,31.257,2.51,14.967,31.202,2.547,14.982,0.068,4.66,49.77,-72.93,0.6913,0.6821,9.65,9.52,-1.05,50.4,50.4,12.6,-0.08
1890,31.26,2.501,14.967,31.202,2.587,14.981,0.1049,4.75,49.77,-72.91,0.697,0.6765,9.73,9.45,-2.32,50.4,50.4,12.6,4.44
1891,31.263,2.491,14.967,31.205,2.595,14.98,0.1196,4.75,49.75,-72.88,0.7018,0.6717,9.8,9.38,-2.76,50.4,50.4,12.6,5.96
1892,31.266,2.481,14.967,31.214,2.536,14.979,0.0765,4.64,49.75,-72.88,0.7066,0.6669,9.87,9.31,-1.5,50.4,50.4,12.6,1.44
1893,31.269,2.472,14.967,31.219,2.51,14.978,0.0634,4.59,49.72,-72.86,0.7114,0.6622,9.93,9.25,-1.07,50.4,50.4,12.6,-0.08
1894,31.271,2.462,14.967,31.223,2.5,14.977,0.0623,4.57,49.72,-72.84,0.7163,0.6574,10.0,9.18,-1.07,50.4,50.4,12.6,-0.08
1895,31.274,2.453,14.967,31.227,2.491,14.977,0.0612,4.57,49.72,-72.82,0.7211,0.6527,10.07,9.11,-1.07,50.4,50.4,12.6,-0.08
1896,31.277,2.443,14.967,31.23,2.481,14.982,0.0624,4.55,49.72,-72.82,0.7147,0.6479,9.98,9.05,-1.07,50.4,50.4,12.6,-0.08
1897,31.28,2.433,14.967,31.233,2.472,14.985,0.0632,4.53,49.72,-72.8,0.7107,0.6444,9.92,9.0,-1.07,50.4,50.4,12.6,-0.08
1898,31.282,2.424,14.967,31.235,2.462,14.985,0.0631,4.5,49.7,-72.8,0.7113,0.6454,9.93,9.01,-1.07,50.4,50.4,12.6,-0.08
1899,31.285,2.414,14.967,31.238,2.452,14.984,0.0629,4.48,49.7,-72.77,0.7122,0.6456,9.94,9.01,-1.07,50.4,50.4,12.6,-0.08
1900,31.288,2.405,14.967,31.241,2.443,14.984,0.0629,4.46,49.7,-72.77,0.7121,0.6459,9.94,9.02,-1.07,50.4,50.4,12.6,-0.08
1901,31.291,2.395,14.967,31.244,2.433,14.984,0.063,4.46,49.7,-72.75,0.712,0.6461,9.94,9.02,-1.07,50.4,50.4,12.6,-0.08
1902,31.294,2.385,14.967,31.247,2.424,14.984,0.063,4.44,49.68,-72.75,0.7119,0.6464,9.94,9.03,-1.07,50.4,50.4,12.6,-0.08
1903,31.296,2.376,14.967,31.249,2.414,14.984,0.063,4.42,49.68,-72.75,0.7119,0.6467,9.94,9.03,-1.07,50.4,50.4,12.6,-0.08
1904,31.299,2.366,14.967,31.252,2.404,14.984,0.0631,4.39,49.68,-72.73,0.7118,0.6469,9.94,9.03,-1.07,50.4,50.4,12.6,-0.08
1905,31.302,2.356,14.967,31.255,2.395,14.984,0.0631,4.37,49.68,-72.73,0.7117,0.6472,9.94,9.04,-1.07,50.4,50.4,12.6,-0.08
1906,31.305,2.347,14.967,31.255,2.433,14.983,0.1005,4.46,49.66,-72.71,0.7174,0.6416,10.02,8.96,-2.29,50.4,50.4,12.6,5.47
1907,31.307,2.337,14.967,31.259,2.429,14.982,0.105,4.44,49.66,-72.69,0.7222,0.6368,10.08,8.89,-2.44,50.4,50.4,12.6,6.07
1908,31.309,2.327,14.967,31.266,2.372,14.981,0.0636,4.33,49.64,-72.69,0.727,0.632,10.15,8.82,-1.22,50.4,50.4,12.6,0.53
1909,31.311,2.318,14.967,31.27,2.357,14.981,0.0586,4.31,49.64,-72.66,0.7318,0.6273,10.22,8.76,-1.09,50.4,50.4,12.6,-0.08
1910,31.314,2.308,14.967,31.274,2.348,14.98,0.0576,4.28,49.61,-72.66,0.7367,0.6225,10.29,8.69,-1.09,50.4,50.4,12.6,-0.08
1911,31.316,2.298,14.967,31.277,2.338,14.979,0.0566,4.28,49.61,-72.64,0.7415,0.6177,10.35,8.63,-1.09,50.4,50.4,12.6,-0.08
1912,31.318,2.288,14.967,31.28,2.328,14.982,0.0571,4.26,49.61,-72.62,0.7392,0.613,10.32,8.56,-1.09,50.4,50.4,12.6,-0.08
1913,31.32,2.279,14.967,31.282,2.319,14.987,0.0585,4.24,49.61,-72.62,0.7339,0.6086,10.25,8.5,-1.09,50.4,50.4,12.6,-0.08
1914,31.323,2.269,14.967,31.284,2.309,14.987,0.059,4.22,49.61,-72.62,0.7319,0.6096,10.22,8.51,-1.08,50.4,50.4,12.6,-0.08
1915,31.325,2.259,14.967,31.286,2.299,14.987,0.0589,4.2,49.61,-72.6,0.7322,0.6099,10.22,8.52,-1.08,50.4,50.4,12.6,-0.08
1916,31.327,2.249,14.967,31.289,2.289,14.987,0.0587,4.17,49.61,-72.6,0.7329,0.6102,10.23,8.52,-1.08,50.4,50.4,12.6,-0.08
1917,31.329,2.24,14.967,31.291,2.28,14.987,0.0587,4.17,49.59,-72.6,0.7327,0.6104,10.23,8.52,-1.08,50.4,50.4,12.6,-0.08
1918,31.332,2.23,14.968,31.293,2.27,14.987,0.0588,4.15,49.59,-72.58,0.7326,0.6107,10.23,8.53,-1.08,50.4,50.4,12.6,-0.08
1919,31.334,2.22,14.968,31.295,2.26,14.987,0.0588,4.13,49.59,-72.58,0.7325,0.6109,10.23,8.53,-1.08,50.4,50.4,12.6,-0.08
1920,31.336,2.21,14.968,31.298,2.25,14.987,0.0588,4.11,49.59,-72.58,0.7324,0.6112,10.23,8.53,-1.08,50.4,50.4,12.6,-0.08
1921,31.338,2.201,14.968,31.301,2.243,14.986,0.0595,4.11,49.57,-72.55,0.7381,0.6055,10.31,8.45,-1.15,50.4,50.4,12.6,0.33
1922,31.341,2.191,14.968,31.302,2.27,14.985,0.0897,4.15,49.57,-72.55,0.7429,0.6008,10.37,8.39,-2.08,50.4,50.4,12.6,6.16
1923,31.342,2.181,14.968,31.305,2.258,14.984,0.0872,4.13,49.57,-72.53,0.7477,0.596,10.44,8.32,-2.03,50.4,50.4,12.6,5.75
1924,31.344,2.171,14.968,31.311,2.212,14.983,0.0549,4.04,49.55,-72.53,0.7525,0.5912,10.51,8.26,-1.1,50.4,50.4,12.6,-0.08
1925,31.346,2.161,14.968,31.314,2.202,14.984,0.0546,4.02,49.55,-72.51,0.7543,0.5865,10.53,8.19,-1.1,50.4,50.4,12.6,-0.08
1926,31.348,2.152,14.968,31.316,2.193,14.986,0.0549,4.0,49.55,-72.51,0.7538,0.5817,10.52,8.12,-1.1,50.4,50.4,12.6,-0.08
1927,31.349,2.142,14.968,31.319,2.183,14.988,0.0552,3.98,49.55,-72.49,0.7537,0.5769,10.52,8.06,-1.1,50.4,50.4,12.6,-0.08
1928,31.351,2.132,14.968,31.321,2.173,14.989,0.0555,3.98,49.55,-72.49,0.7536,0.5722,10.52,7.99,-1.1,50.4,50.4,12.6,-0.08
1929,31.353,2.122,14.968,31.323,2.163,14.989,0.0553,3.96,49.55,-72.47,0.754,0.573,10.53,8.0,-1.1,50.4,50.4,12.6,-0.08
1930,31.355,2.112,14.968,31.324,2.153,14.989,0.0553,3.93,49.53,-72.47,0.7539,0.5733,10.53,8.0,-1.1,50.4,50.4,12.6,-0.08
1931,31.356,2.102,14.968,31.326,2.144,14.989,0.0553,3.91,49.53,-72.47,0.7538,0.5735,10.52,8.01,-1.1,50.4,50.4,12.6,-0.08
1932,31.358,2.093,14.968,31.328,2.134,14.989,0.0554,3.89,49.53,-72.47,0.7537,0.5738,10.52,8.01,-1.1,50.4,50.4,12.6,-0.08
1933,31.36,2.083,14.968,31.33,2.124,14.989,0.0554,3.89,49.53,-72.47,0.7535,0.574,10.52,8.01,-1.1,50.4,50.4,12.6,-0.08
1934,31.361,2.073,14.968,31.331,2.114,14.989,0.0554,3.87,49.53,-72.44,0.7534,0.5743,10.52,8.02,-1.1,50.4,50.4,12.6,-0.08
1935,31.363,2.063,14.968,31.333,2.104,14.989,0.0554,3.85,49.53,-72.44,0.7533,0.5745,10.52,8.02,-1.1,50.4,50.4,12.6,-0.08
1936,31.365,2.053,14.968,31.335,2.094,14.989,0.0555,3.82,49.53,-72.44,0.7532,0.5748,10.52,8.03,-1.1,50.4,50.4,12.6,-0.08
1937,31.367,2.043,14.968,31.337,2.09,14.988,0.0588,3.82,49.5,-72.42,0.7589,0.5691,10.6,7.95,-1.24,50.4,50.4,12.6,1.34
1938,31.368,2.033,14.968,31.339,2.099,14.987,0.0748,3.82,49.5,-72.42,0.7637,0.5643,10.66,7.88,-1.73,50.4,50.4,12.6,6.21
1939,31.369,2.023,14.968,31.342,2.085,14.986,0.0694,3.8,49.5,-72.42,0.7685,0.5596,10.73,7.81,-1.6,50.4,50.4,12.6,4.8
1940,31.371,2.014,14.968,31.346,2.056,14.985,0.0519,3.76,49.48,-72.4,0.7733,0.5548,10.8,7.75,-1.11,50.4,50.4,12.6,-0.08
1941,31.372,2.004,14.968,31.349,2.046,14.985,0.0512,3.74,49.48,-72.4,0.7778,0.55,10.86,7.68,-1.11,50.4,50.4,12.6,-0.08
1942,31.373,1.994,14.968,31.35,2.036,14.988,0.0522,3.71,49.48,-72.38,0.7749,0.5453,10.82,7.61,-1.11,50.4,50.4,12.6,-0.08
1943,31.374,1.984,14.968,31.352,2.026,14.989,0.0526,3.69,49.48,-72.38,0.7751,0.5405,10.82,7.55,-1.11,50.4,50.4,12.6,-0.08
1944,31.375,1.974,14.968,31.354,2.016,14.991,0.0531,3.67,49.48,-72.38,0.775,0.5357,10.82,7.48,-1.11,50.4,50.4,12.6,-0.08
1945,31.377,1.964,14.968,31.355,2.006,14.991,0.0531,3.67,49.48,-72.38,0.7748,0.5361,10.82,7.49,-1.11,50.4,50.4,12.6,-0.08
1946,31.378,1.954,14.968,31.356,1.996,14.991,0.0531,3.65,49.48,-72.38,0.7747,0.5364,10.82,7.49,-1.11,50.4,50.4,12.6,-0.08
1947,31.379,1.944,14.968,31.357,1.986,14.991,0.0531,3.63,49.48,-72.36,0.7746,0.5367,10.82,7.49,-1.11,50.4,50.4,12.6,-0.08
1948,31.38,1.934,14.968,31.359,1.977,14.991,0.0531,3.6,49.48,-72.36,0.7745,0.5369,10.81,7.5,-1.11,50.4,50.4,12.6,-0.08
1949,31.381,1.924,14.968,31.36,1.967,14.991,0.0531,3.58,49.48,-72.36,0.7743,0.5372,10.81,7.5,-1.11,50.4,50.4,12.6,-0.08
1950,31.383,1.914,14.968,31.361,1.957,14.991,0.0531,3.56,49.48,-72.36,0.7742,0.5374,10.81,7.5,-1.11,50.4,50.4,12.6,-0.08
1951,31.384,1.904,14.968,31.362,1.947,14.991,0.0532,3.56,49.48,-72.36,0.7741,0.5377,10.81,7.51,-1.11,50.4,50.4,12.6,-0.08
1952,31.385,1.894,14.968,31.363,1.937,14.991,0.0532,3.54,49.46,-72.36,0.774,0.5379,10.81,7.51,-1.11,50.4,50.4,12.6,-0.08
1953,31.386,1.884,14.968,31.366,1.931,14.99,0.0553,3.52,49.46,-72.33,0.7796,0.5323,10.89,7.43,-1.21,50.4,50.4,12.6,2.23
1954,31.387,1.875,14.968,31.367,1.927,14.989,0.0603,3.52,49.46,-72.33,0.7844,0.5275,10.95,7.37,-1.37,50.4,50.4,12.6,6.23
1955,31.388,1.865,14.968,31.37,1.914,14.988,0.0565,3.49,49.46,-72.33,0.7892,0.5227,11.02,7.3,-1.28,50.4,50.4,12.6,3.92
1956,31.389,1.855,14.968,31.372,1.898,14.987,0.0502,3.47,49.44,-72.33,0.794,0.5179,11.09,7.23,-1.12,50.4,50.4,12.6,-0.08
1957,31.389,1.845,14.968,31.375,1.888,14.987,0.0495,3.45,49.44,-72.31,0.7987,0.5132,11.15,7.17,-1.12,50.4,50.4,12.6,-0.08
1958,31.39,1.835,14.968,31.376,1.878,14.988,0.05,3.43,49.44,-72.31,0.7992,0.5084,11.16,7.1,-1.12,50.4,50.4,12.6,-0.08
1959,31.391,1.825,14.968,31.377,1.868,14.992,0.0516,3.41,49.44,-72.31,0.7953,0.5036,11.1,7.03,-1.12,50.4,50.4,12.6,-0.08
1960,31.391,1.815,14.968,31.378,1.858,14.993,0.0521,3.38,49.44,-72.29,0.7957,0.4988,11.11,6.97,-1.12,50.4,50.4,12.6,-0.08
1961,31.392,1.805,14.968,31.379,1.848,14.993,0.0521,3.36,49.44,-72.29,0.7955,0.4991,11.11,6.97,-1.12,50.4,50.4,12.6,-0.08
1962,31.393,1.795,14.968,31.379,1.838,14.993,0.0521,3.36,49.44,-72.29,0.7954,0.4994,11.11,6.97,-1.12,50.4,50.4,12.6,-0.08
1963,31.393,1.785,14.968,31.38,1.828,14.993,0.0521,3.34,49.44,-72.29,0.7953,0.4997,11.1,6.98,-1.12,50.4,50.4,12.6,-0.08
1964,31.394,1.775,14.968,31.381,1.818,14.993,0.0522,3.32,49.44,-72.29,0.7951,0.4999,11.1,6.98,-1.12,50.4,50.4,12.6,-0.08
1965,31.395,1.765,14.968,31.381,1.808,14.993,0.0522,3.3,49.44,-72.29,0.795,0.5002,11.1,6.98,-1.12,50.4,50.4,12.6,-0.08
1966,31.395,1.755,14.968,31.382,1.798,14.993,0.0522,3.27,49.44,-72.29,0.7949,0.5004,11.1,6.99,-1.12,50.4,50.4,12.6,-0.08
1967,31.396,1.745,14.968,31.383,1.788,14.993,0.0522,3.25,49.44,-72.29,0.7947,0.5006,11.1,6.99,-1.12,50.4,50.4,12.6,-0.08
1968,31.397,1.735,14.968,31.383,1.778,14.993,0.0522,3.25,49.44,-72.29,0.7946,0.5009,11.09,6.99,-1.12,50.4,50.4,12.6,-0.08
1969,31.397,1.725,14.968,31.385,1.766,14.992,0.0496,3.23,49.44,-72.29,0.8002,0.4952,11.17,6.91,-1.07,50.4,50.4,12.6,2.87
1970,31.398,1.715,14.968,31.404,1.755,14.977,0.0418,3.21,49.37,-72.22,0.8687,0.4268,12.13,5.96,-1.01,50.4,50.4,12.6,6.21
1971,31.398,1.705,14.968,31.406,1.747,14.976,0.0441,3.19,49.37,-72.22,0.8734,0.422,12.2,5.89,-1.07,50.4,50.4,12.6,3.26
1972,31.398,1.695,14.968,31.407,1.74,14.975,0.0466,3.16,49.37,-72.22,0.8782,0.4172,12.26,5.83,-1.13,50.4,50.4,12.6,-0.08
1973,31.398,1.685,14.968,31.409,1.73,14.976,0.0469,3.14,49.35,-72.2,0.8809,0.4125,12.3,5.76,-1.13,50.4,50.4,12.6,-0.08
1974,31.398,1.675,14.968,31.409,1.72,14.978,0.0475,3.14,49.37,-72.2,0.8802,0.4077,12.29,5.69,-1.13,50.4,50.4,12.6,-0.08
1975,31.398,1.665,14.968,31.41,1.71,14.979,0.0481,3.12,49.37,-72.2,0.88,0.4029,12.29,5.63,-1.13,50.4,50.4,12.6,-0.08
1976,31.398,1.655,14.968,31.411,1.7,14.981,0.0487,3.1,49.37,-72.2,0.8799,0.3981,12.29,5.56,-1.13,50.4,50.4,12.6,-0.08
1977,31.399,1.645,14.968,31.411,1.69,14.981,0.0487,3.08,49.37,-72.2,0.8797,0.3985,12.28,5.56,-1.13,50.4,50.4,12.6,-0.08
1978,31.399,1.635,14.968,31.411,1.68,14.981,0.0487,3.05,49.37,-72.2,0.8796,0.3989,12.28,5.57,-1.13,50.4,50.4,12.6,-0.08
1979,31.399,1.625,14.968,31.411,1.67,14.981,0.0487,3.05,49.37,-72.2,0.8794,0.3991,12.28,5.57,-1.13,50.4,50.4,12.6,-0.08
1980,31.399,1.615,14.968,31.411,1.66,14.981,0.0486,3.03,49.37,-72.2,0.8793,0.3993,12.28,5.58,-1.13,50.4,50.4,12.6,-0.08
1981,31.399,1.605,14.968,31.411,1.65,14.981,0.0486,3.01,49.37,-72.2,0.8791,0.3996,12.27,5.58,-1.13,50.4,50.4,12.6,-0.08
1982,31.399,1.595,14.968,31.412,1.64,14.981,0.0486,2.99,49.37,-72.22,0.879,0.3998,12.27,5.58,-1.13,50.4,50.4,12.6,-0.08
1983,31.399,1.585,14.968,31.412,1.63,14.981,0.0486,2.97,49.37,-72.22,0.8788,0.4,12.27,5.59,-1.13,50.4,50.4,12.6,-0.08
1984,31.4,1.575,14.968,31.412,1.62,14.981,0.0486,2.94,49.37,-72.22,0.8787,0.4003,12.27,5.59,-1.13,50.4,50.4,12.6,-0.08
1985,31.4,1.565,14.968,31.414,1.6,14.98,0.0401,2.92,49.37,-72.22,0.8843,0.3946,12.35,5.51,-0.88,50.4,50.4,12.6,3.14
1986,31.4,1.555,14.968,31.415,1.582,14.979,0.0331,2.88,49.37,-72.2,0.889,0.3898,12.41,5.44,-0.66,50.4,50.4,12.6,6.14
1987,31.399,1.545,14.968,31.416,1.581,14.978,0.0416,2.88,49.37,-72.2,0.8938,0.3851,12.48,5.38,-0.91,50.4,50.4,12.6,2.93
1988,31.399,1.535,14.968,31.417,1.581,14.977,0.05,2.88,49.37,-72.2,0.8985,0.3803,12.55,5.31,-1.14,50.4,50.4,12.6,-0.08
1989,31.398,1.525,14.968,31.417,1.571,14.978,0.0505,2.86,49.37,-72.2,0.9011,0.3755,12.58,5.24,-1.14,50.4,50.4,12.6,-0.08
1990,31.398,1.515,14.968,31.418,1.561,14.98,0.0513,2.83,49.37,-72.2,0.9004,0.3707,12.57,5.18,-1.14,50.4,50.4,12.6,-0.08
1991,31.398,1.505,14.968,31.418,1.551,14.982,0.052,2.83,49.37,-72.2,0.9002,0.3659,12.57,5.11,-1.14,50.4,50.4,12.6,-0.08
1992,31.397,1.495,14.968,31.418,1.541,14.983,0.0527,2.81,49.37,-72.2,0.9,0.3612,12.57,5.04,-1.14,50.4,50.4,12.6,-0.08
1993,31.397,1.485,14.968,31.418,1.531,14.983,0.0526,2.79,49.37,-72.2,0.8999,0.362,12.56,5.05,-1.14,50.4,50.4,12.6,-0.08
1994,31.396,1.475,14.968,31.417,1.521,14.983,0.0526,2.77,49.37,-72.22,0.8997,0.3623,12.56,5.06,-1.14,50.4,50.4,12.6,-0.08
1995,31.396,1.465,14.968,31.417,1.511,14.983,0.0526,2.75,49.37,-72.22,0.8996,0.3625,12.56,5.06,-1.14,50.4,50.4,12.6,-0.08
1996,31.396,1.455,14.968,31.416,1.501,14.983,0.0526,2.72,49.37,-72.22,0.8994,0.3628,12.56,5.07,-1.14,50.4,50.4,12.6,-0.08
1997,31.395,1.445,14.968,31.416,1.491,14.983,0.0525,2.72,49.37,-72.22,0.8992,0.363,12.56,5.07,-1.14,50.4,50.4,12.6,-0.08
1998,31.395,1.435,14.968,31.416,1.481,14.983,0.0525,2.7,49.39,-72.22,0.8991,0.3632,12.55,5.07,-1.14,50.4,50.4,12.6,-0.08
1999,31.394,1.425,14.968,31.415,1.471,14.983,0.0525,2.68,49.39,-72.25,0.8989,0.3635,12.55,5.08,-1.14,50.4,50.4,12.6,-0.08
2000,31.394,1.415,14.968,31.415,1.461,14.983,0.0525,2.66,49.39,-72.25,0.8987,0.3637,12.55,5.08,-1.14,50.4,50.4,12.6,-0.08
2001,31.394,1.405,14.968,31.416,1.435,14.982,0.0403,2.61,49.39,-72.25,0.9043,0.3581,12.63,5.0,-0.73,50.4,50.4,12.6,2.91
2002,31.393,1.395,14.968,31.418,1.409,14.981,0.0315,2.57,49.39,-72.25,0.9091,0.3533,12.69,4.93,-0.32,50.4,50.4,12.6,6.04
2003,31.392,1.385,14.968,31.418,1.415,14.98,0.0412,2.57,49.37,-72.25,0.9138,0.3485,12.76,4.87,-0.72,50.4,50.4,12.6,3.05
2004,31.391,1.375,14.968,31.418,1.421,14.979,0.0544,2.59,49.37,-72.25,0.9186,0.3437,12.83,4.8,-1.14,50.4,50.4,12.6,-0.08
2005,31.39,1.365,14.968,31.418,1.411,14.98,0.0551,2.57,49.37,-72.25,0.9206,0.3389,12.85,4.73,-1.14,50.4,50.4,12.6,-0.08
2006,31.389,1.355,14.968,31.418,1.401,14.982,0.056,2.55,49.39,-72.25,0.92,0.3341,12.85,4.67,-1.14,50.4,50.4,12.6,-0.08
2007,31.388,1.345,14.968,31.417,1.391,14.984,0.0568,2.53,49.39,-72.25,0.9198,0.3293,12.84,4.6,-1.14,50.4,50.4,12.6,-0.08
2008,31.387,1.335,14.968,31.417,1.381,14.985,0.0576,2.53,49.39,-72.25,0.9196,0.3251,12.84,4.54,-1.14,50.4,50.4,12.6,-0.08
2009,31.387,1.325,14.968,31.416,1.371,14.985,0.0574,2.5,49.39,-72.25,0.9195,0.3262,12.84,4.55,-1.14,50.4,50.4,12.6,-0.08
2010,31.386,1.315,14.968,31.415,1.361,14.985,0.0574,2.48,49.39,-72.27,0.9193,0.3264,12.84,4.56,-1.14,50.4,50.4,12.6,-0.08
2011,31.385,1.305,14.968,31.414,1.351,14.985,0.0574,2.46,49.42,-72.27,0.9191,0.3266,12.83,4.56,-1.14,50.4,50.4,12.6,-0.08
2012,31.384,1.295,14.968,31.413,1.342,14.985,0.0574,2.44,49.42,-72.27,0.9189,0.3269,12.83,4.56,-1.14,50.4,50.4,12.6,-0.08
2013,31.383,1.286,14.967,31.412,1.332,14.985,0.0573,2.42,49.42,-72.27,0.9188,0.3271,12.83,4.57,-1.14,50.4,50.4,12.6,-0.08
2014,31.382,1.276,14.967,31.411,1.322,14.985,0.0573,2.42,49.42,-72.29,0.9186,0.3273,12.83,4.57,-1.14,50.4,50.4,12.6,-0.08
2015,31.381,1.266,14.967,31.41,1.312,14.985,0.0573,2.4,49.42,-72.29,0.9184,0.3276,12.82,4.57,-1.14,50.4,50.4,12.6,-0.08
2016,31.38,1.256,14.967,31.409,1.302,14.985,0.0573,2.37,49.42,-72.29,0.9182,0.3278,12.82,4.58,-1.14,50.4,50.4,12.6,-0.08
2017,31.379,1.246,14.967,31.41,1.275,14.985,0.0463,2.33,49.42,-72.29,0.9227,0.3221,12.88,4.5,-0.72,50.4,50.4,12.6,2.09
2018,31.378,1.236,14.967,31.412,1.237,14.984,0.0372,2.26,49.42,-72.31,0.9276,0.3174,12.95,4.43,0.01,50.4,50.4,12.6,5.9
2019,31.377,1.226,14.967,31.411,1.243,14.983,0.0415,2.26,49.42,-72.31,0.9323,0.3126,13.02,4.36,-0.41,50.4,50.4,12.6,3.73
2020,31.375,1.216,14.967,31.41,1.262,14.982,0.0596,2.31,49.42,-72.31,0.937,0.3078,13.08,4.3,-1.14,50.4,50.4,12.6,-0.08
2021,31.374,1.206,14.967,31.41,1.252,14.982,0.0604,2.29,49.42,-72.31,0.9396,0.303,13.12,4.23,-1.14,50.4,50.4,12.6,-0.08
2022,31.372,1.196,14.967,31.409,1.242,14.984,0.0614,2.26,49.44,-72.31,0.9389,0.2982,13.11,4.16,-1.14,50.4,50.4,12.6,-0.08
2023,31.371,1.186,14.967,31.408,1.233,14.986,0.0623,2.24,49.44,-72.31,0.9387,0.2934,13.11,4.1,-1.14,50.4,50.4,12.6,-0.08
2024,31.369,1.176,14.967,31.407,1.223,14.987,0.0629,2.22,49.44,-72.31,0.9385,0.2903,13.1,4.05,-1.14,50.4,50.4,12.6,-0.08
2025,31.368,1.166,14.967,31.406,1.213,14.987,0.0627,2.22,49.44,-72.33,0.9383,0.2912,13.1,4.07,-1.14,50.4,50.4,12.6,-0.08
2026,31.367,1.157,14.967,31.404,1.203,14.987,0.0627,2.2,49.46,-72.33,0.9381,0.2914,13.1,4.07,-1.14,50.4,50.4,12.6,-0.08
2027,31.365,1.147,14.967,31.403,1.193,14.987,0.0627,2.18,49.46,-72.36,0.9379,0.2917,13.1,4.07,-1.14,50.4,50.4,12.6,-0.08
2028,31.364,1.137,14.967,31.401,1.183,14.987,0.0627,2.15,49.46,-72.36,0.9378,0.2919,13.09,4.08,-1.14,50.4,50.4,12.6,-0.08
2029,31.362,1.127,14.967,31.4,1.173,14.987,0.0626,2.13,49.46,-72.38,0.9376,0.2921,13.09,4.08,-1.14,50.4,50.4,12.6,-0.08
2030,31.361,1.117,14.967,31.398,1.163,14.987,0.0626,2.13,49.46,-72.38,0.9374,0.2923,13.09,4.08,-1.14,50.4,50.4,12.6,-0.08
2031,31.359,1.107,14.967,31.397,1.153,14.987,0.0626,2.11,49.48,-72.38,0.9372,0.2926,13.09,4.09,-1.14,50.4,50.4,12.6,-0.08
2032,31.358,1.097,14.967,31.395,1.143,14.987,0.0626,2.09,49.48,-72.4,0.937,0.2928,13.08,4.09,-1.14,50.4,50.4,12.6,-0.08
2033,31.357,1.087,14.967,31.395,1.127,14.987,0.0582,2.07,49.48,-72.4,0.9383,0.2904,13.1,4.05,-0.97,50.4,50.4,12.6,0.62
2034,31.355,1.077,14.967,31.396,1.067,14.986,0.0464,1.96,49.48,-72.4,0.9437,0.2851,13.18,3.98,0.31,50.4,50.4,12.6,5.72
2035,31.353,1.068,14.967,31.396,1.064,14.985,0.0462,1.93,49.48,-72.4,0.9484,0.2803,13.24,3.91,0.14,50.4,50.4,12.6,5.02
2036,31.351,1.058,14.967,31.393,1.104,14.984,0.0649,2.02,49.48,-72.42,0.9531,0.2755,13.31,3.85,-1.14,50.4,50.4,12.6,-0.08
2037,31.349,1.048,14.967,31.393,1.094,14.984,0.0657,2.0,49.48,-72.42,0.9578,0.2708,13.37,3.78,-1.14,50.4,50.4,12.6,-0.08
2038,31.347,1.038,14.967,31.392,1.085,14.986,0.0667,1.98,49.5,-72.42,0.957,0.266,13.36,3.71,-1.14,50.4,50.4,12.6,-0.08
2039,31.345,1.028,14.967,31.39,1.075,14.988,0.0677,1.96,49.5,-72.42,0.9567,0.2612,13.36,3.65,-1.14,50.4,50.4,12.6,-0.08
2040,31.344,1.019,14.967,31.389,1.065,14.989,0.0686,1.93,49.5,-72.44,0.9565,0.2564,13.36,3.58,-1.14,50.4,50.4,12.6,-0.08
2041,31.342,1.009,14.967,31.387,1.055,14.989,0.0684,1.93,49.5,-72.44,0.9563,0.2574,13.35,3.59,-1.14,50.4,50.4,12.6,-0.08
2042,31.34,0.999,14.967,31.385,1.045,14.989,0.0684,1.91,49.53,-72.47,0.9561,0.2576,13.35,3.6,-1.14,50.4,50.4,12.6,-0.08
2043,31.338,0.989,14.967,31.383,1.035,14.989,0.0684,1.89,49.53,-72.47,0.9559,0.2578,13.35,3.6,-1.14,50.4,50.4,12.6,-0.08
2044,31.336,0.979,14.967,31.381,1.026,14.989,0.0684,1.87,49.53,-72.49,0.9553,0.2581,13.34,3.6,-1.14,50.4,50.4,12.6,-0.08
2045,31.334,0.969,14.967,31.379,1.016,14.99,0.0684,1.85,49.55,-72.49,0.9545,0.2583,13.33,3.61,-1.14,50.4,50.4,12.6,-0.08
2046,31.332,0.96,14.967,31.377,1.006,14.99,0.0684,1.85,49.55,-72.51,0.9544,0.2585,13.33,3.61,-1.14,50.4,50.4,12.6,-0.08
2047,31.33,0.95,14.967,31.375,0.996,14.99,0.0684,1.82,49.55,-72.51,0.9542,0.2588,13.32,3.61,-1.14,50.4,50.4,12.6,-0.08
2048,31.328,0.94,14.967,31.373,0.986,14.99,0.0683,1.8,49.55,-72.53,0.954,0.259,13.32,3.62,-1.14,50.4,50.4,12.6,-0.08
2049,31.326,0.93,14.967,31.371,0.976,14.99,0.0683,1.78,49.57,-72.53,0.9538,0.2592,13.32,3.62,-1.14,50.4,50.4,12.6,-0.08
2050,31.324,0.92,14.967,31.372,0.917,14.989,0.0526,1.67,49.57,-72.53,0.9593,0.2536,13.39,3.54,0.13,50.4,50.4,12.6,4.05
2051,31.322,0.911,14.967,31.372,0.889,14.988,0.058,1.63,49.57,-72.55,0.964,0.2488,13.46,3.47,0.59,50.4,50.4,12.6,5.51
2052,31.32,0.901,14.967,31.37,0.93,14.987,0.0608,1.69,49.57,-72.55,0.9687,0.244,13.53,3.41,-0.69,50.4,50.4,12.6,1.38
2053,31.317,0.891,14.967,31.368,0.937,14.986,0.0713,1.71,49.57,-72.55,0.9734,0.2392,13.59,3.34,-1.14,50.4,50.4,12.6,-0.08
2054,31.315,0.882,14.967,31.367,0.928,14.987,0.0723,1.69,49.57,-72.58,0.9743,0.2344,13.6,3.27,-1.14,50.4,50.4,12.6,-0.08
2055,31.312,0.872,14.967,31.365,0.918,14.989,0.0733,1.67,49.59,-72.58,0.9738,0.2296,13.6,3.21,-1.14,50.4,50.4,12.6,-0.08
2056,31.31,0.862,14.967,31.363,0.908,14.991,0.0743,1.67,49.59,-72.58,0.9736,0.2248,13.59,3.14,-1.14,50.4,50.4,12.6,-0.08
2057,31.308,0.852,14.967,31.361,0.899,14.991,0.0743,1.65,49.59,-72.6,0.9734,0.2248,13.59,3.14,-1.14,50.4,50.4,12.6,-0.08
2058,31.305,0.843,14.967,31.358,0.889,14.991,0.0743,1.63,49.61,-72.6,0.9728,0.2252,13.58,3.14,-1.14,50.4,50.4,12.6,-0.08
2059,31.303,0.833,14.967,31.356,0.879,14.992,0.0743,1.6,49.61,-72.62,0.9716,0.2254,13.57,3.15,-1.14,50.4,50.4,12.6,-0.08
2060,31.3,0.823,14.967,31.353,0.87,14.992,0.0743,1.58,49.61,-72.64,0.9716,0.2257,13.57,3.15,-1.14,50.4,50.4,12.6,-0.08
2061,31.298,0.814,14.967,31.351,0.86,14.992,0.0743,1.56,49.64,-72.64,0.9714,0.2259,13.56,3.15,-1.14,50.4,50.4,12.6,-0.08
2062,31.296,0.804,14.967,31.348,0.85,14.992,0.0742,1.56,49.64,-72.66,0.9711,0.2261,13.56,3.16,-1.14,50.4,50.4,12.6,-0.08
2063,31.293,0.794,14.967,31.346,0.84,14.992,0.0742,1.54,49.64,-72.66,0.9709,0.2264,13.56,3.16,-1.14,50.4,50.4,12.6,-0.08
2064,31.291,0.785,14.967,31.343,0.831,14.992,0.0742,1.52,49.66,-72.69,0.9707,0.2266,13.55,3.16,-1.14,50.4,50.4,12.6,-0.08
2065,31.288,0.775,14.967,31.341,0.821,14.992,0.0742,1.49,49.66,-72.71,0.9705,0.2268,13.55,3.17,-1.14,50.4,50.4,12.6,-0.08
2066,31.286,0.765,14.967,31.34,0.796,14.991,0.0666,1.45,49.66,-72.71,0.9739,0.223,13.6,3.11,-0.75,50.4,50.4,12.6,0.99
2067,31.283,0.755,14.967,31.34,0.725,14.99,0.0685,1.32,49.66,-72.71,0.9789,0.2179,13.67,3.04,0.82,50.4,50.4,12.6,5.27
2068,31.281,0.746,14.967,31.339,0.73,14.989,0.0639,1.34,49.66,-72.73,0.9836,0.2131,13.73,2.98,0.44,50.4,50.4,12.6,4.2
2069,31.278,0.736,14.967,31.336,0.782,14.988,0.0769,1.43,49.68,-72.73,0.9882,0.2083,13.8,2.91,-1.13,50.4,50.4,12.6,-0.08
2070,31.275,0.727,14.967,31.334,0.773,14.99,0.078,1.41,49.68,-72.75,0.989,0.2035,13.81,2.84,-1.13,50.4,50.4,12.6,-0.08
2071,31.272,0.717,14.967,31.332,0.763,14.992,0.079,1.38,49.68,-72.75,0.9885,0.1988,13.8,2.78,-1.13,50.4,50.4,12.6,-0.08
2072,31.269,0.708,14.967,31.329,0.753,14.993,0.0801,1.38,49.7,-72.75,0.9882,0.194,13.8,2.71,-1.13,50.4,50.4,12.6,-0.08
2073,31.266,0.698,14.967,31.326,0.744,14.993,0.0801,1.36,49.7,-72.77,0.988,0.194,13.8,2.71,-1.13,50.4,50.4,12.6,-0.08
2074,31.263,0.688,14.967,31.324,0.734,14.993,0.08,1.34,49.7,-72.8,0.9878,0.1944,13.79,2.71,-1.13,50.4,50.4,12.6,-0.08
2075,31.26,0.679,14.967,31.321,0.725,14.993,0.08,1.32,49.72,-72.8,0.9876,0.1946,13.79,2.72,-1.13,50.4,50.4,12.6,-0.08
2076,31.258,0.669,14.967,31.318,0.715,14.993,0.08,1.32,49.72,-72.82,0.9873,0.1948,13.79,2.72,-1.13,50.4,50.4,12.6,-0.08
2077,31.255,0.66,14.967,31.315,0.706,14.993,0.0799,1.3,49.75,-72.84,0.9871,0.1951,13.78,2.72,-1.13,50.4,50.4,12.6,-0.08
2078,31.252,0.65,14.967,31.312,0.696,14.993,0.0799,1.27,49.75,-72.84,0.9869,0.1953,13.78,2.73,-1.13,50.4,50.4,12.6,-0.08
2079,31.249,0.64,14.967,31.309,0.686,14.993,0.0799,1.25,49.75,-72.86,0.9866,0.1955,13.78,2.73,-1.13,50.4,50.4,12.6,-0.08
2080,31.246,0.631,14.967,31.306,0.677,14.993,0.0799,1.23,49.77,-72.88,0.9864,0.1958,13.77,2.73,-1.13,50.4,50.4,12.6,-0.08
2081,31.243,0.621,14.967,31.303,0.667,14.993,0.0798,1.23,49.77,-72.88,0.9862,0.196,13.77,2.74,-1.13,50.4,50.4,12.6,-0.08
2082,31.24,0.612,14.967,31.3,0.658,14.993,0.0798,1.21,49.77,-72.91,0.986,0.1962,13.77,2.74,-1.13,50.4,50.4,12.6,-0.08
2083,31.238,0.602,14.967,31.3,0.607,14.992,0.0672,1.12,49.79,-72.93,0.9915,0.1906,13.84,2.66,-0.09,50.4,50.4,12.6,2.38
2084,31.234,0.593,14.967,31.299,0.554,14.991,0.0789,1.01,49.79,-72.93,0.9962,0.1858,13.91,2.59,1.03,50.4,50.4,12.6,5.01
2085,31.231,0.583,14.967,31.296,0.585,14.99,0.0691,1.08,49.79,-72.93,1.0009,0.181,13.97,2.53,-0.01,50.4,50.4,12.6,2.55
2086,31.228,0.574,14.967,31.293,0.619,14.992,0.0832,1.14,49.79,-72.95,1.0004,0.1762,13.97,2.46,-1.13,50.4,50.4,12.6,-0.08
2087,31.225,0.564,14.967,31.291,0.61,14.992,0.0841,1.12,49.81,-72.95,1.0037,0.1714,14.01,2.39,-1.13,50.4,50.4,12.6,-0.08
2088,31.221,0.555,14.967,31.288,0.6,14.994,0.0852,1.1,49.81,-72.97,1.0029,0.1666,14.0,2.33,-1.13,50.4,50.4,12.6,-0.08
2089,31.218,0.545,14.967,31.285,0.591,14.995,0.0857,1.08,49.83,-72.99,1.0027,0.1646,14.0,2.3,-1.13,50.4,50.4,12.6,-0.08
2090,31.215,0.536,14.967,31.282,0.582,14.995,0.0855,1.05,49.83,-72.99,1.0024,0.1653,14.0,2.31,-1.13,50.4,50.4,12.6,-0.08
2091,31.211,0.527,14.967,31.278,0.572,14.995,0.0855,1.05,49.83,-73.02,1.0022,0.1655,13.99,2.31,-1.13,50.4,50.4,12.6,-0.08
2092,31.208,0.517,14.967,31.275,0.563,14.995,0.0855,1.03,49.86,-73.04,1.0019,0.1657,13.99,2.31,-1.13,50.4,50.4,12.6,-0.08
2093,31.205,0.508,14.967,31.272,0.553,14.995,0.0855,1.01,49.86,-73.06,1.0017,0.166,13.99,2.32,-1.13,50.4,50.4,12.6,-0.08
2094,31.201,0.498,14.967,31.268,0.544,14.995,0.0854,0.99,49.88,-73.06,1.0015,0.1662,13.98,2.32,-1.13,50.4,50.4,12.6,-0.08
2095,31.198,0.489,14.967,31.265,0.534,14.995,0.0854,0.99,49.88,-73.08,1.0012,0.1664,13.98,2.32,-1.13,50.4,50.4,12.6,-0.08
2096,31.195,0.479,14.967,31.262,0.525,14.995,0.0854,0.97,49.9,-73.1,1.001,0.1667,13.98,2.33,-1.13,50.4,50.4,12.6,-0.08
2097,31.192,0.47,14.967,31.258,0.515,14.995,0.0854,0.94,49.9,-73.12,1.0008,0.1669,13.97,2.33,-1.13,50.4,50.4,12.6,-0.08
2098,31.188,0.461,14.967,31.255,0.506,14.995,0.0853,0.92,49.9,-73.15,1.0005,0.1671,13.97,2.33,-1.13,50.4,50.4,12.6,-0.08
2099,31.185,0.451,14.967,31.252,0.496,14.995,0.0853,0.9,49.92,-73.15,1.0003,0.1674,13.97,2.34,-1.13,50.4,50.4,12.6,-0.08
2100,31.182,0.442,14.967,31.251,0.435,14.993,0.0742,0.79,49.92,-73.17,1.0058,0.1617,14.04,2.26,0.2,50.4,50.4,12.6,2.67
2101,31.178,0.432,14.967,31.249,0.387,14.992,0.088,0.7,49.92,-73.17,1.0105,0.1569,14.11,2.19,1.2,50.4,50.4,12.6,4.73
2102,31.174,0.423,14.967,31.246,0.429,14.992,0.0761,0.79,49.92,-73.19,1.0152,0.1521,14.17,2.12,-0.12,50.4,50.4,12.6,1.98
2103,31.171,0.414,14.967,31.242,0.459,14.994,0.0889,0.83,49.94,-73.19,1.0136,0.1473,14.15,2.06,-1.12,50.4,50.4,12.6,-0.08
2104,31.167,0.405,14.967,31.24,0.45,14.994,0.0898,0.83,49.94,-73.21,1.0169,0.1425,14.2,1.99,-1.12,50.4,50.4,12.6,-0.08
2105,31.163,0.395,14.967,31.237,0.44,14.996,0.0909,0.81,49.97,-73.23,1.0162,0.1377,14.19,1.92,-1.12,50.4,50.4,12.6,-0.08
2106,31.159,0.386,14.967,31.233,0.431,14.996,0.0909,0.79,49.97,-73.23,1.0159,0.1379,14.18,1.92,-1.12,50.4,50.4,12.6,-0.08
2107,31.156,0.377,14.967,31.229,0.422,14.996,0.0908,0.77,49.99,-73.26,1.0157,0.1382,14.18,1.93,-1.12,50.4,50.4,12.6,-0.08
2108,31.152,0.367,14.967,31.226,0.412,14.996,0.0908,0.75,49.99,-73.28,1.0154,0.1385,14.18,1.93,-1.12,50.4,50.4,12.6,-0.08
2109,31.148,0.358,14.967,31.222,0.403,14.996,0.0908,0.75,50.01,-73.3,1.0152,0.1387,14.17,1.94,-1.12,50.4,50.4,12.6,-0.08
2110,31.145,0.349,14.967,31.218,0.394,14.996,0.0908,0.73,50.01,-73.32,1.0149,0.1389,14.17,1.94,-1.12,50.4,50.4,12.6,-0.08
2111,31.141,0.34,14.967,31.214,0.384,14.996,0.0907,0.7,50.03,-73.34,1.0147,0.1392,14.17,1.94,-1.12,50.4,50.4,12.6,-0.08
2112,31.137,0.33,14.967,31.211,0.375,14.996,0.0907,0.68,50.03,-73.34,1.0144,0.1394,14.16,1.95,-1.12,50.4,50.4,12.6,-0.08
2113,31.133,0.321,14.967,31.207,0.366,14.996,0.0907,0.68,50.05,-73.37,1.0142,0.1397,14.16,1.95,-1.12,50.4,50.4,12.6,-0.08
2114,31.13,0.312,14.967,31.203,0.357,14.996,0.0907,0.66,50.05,-73.39,1.0139,0.1399,14.16,1.95,-1.12,50.4,50.4,12.6,-0.08
2115,31.126,0.302,14.967,31.199,0.347,14.996,0.0906,0.64,50.05,-73.41,1.0137,0.1401,14.15,1.96,-1.12,50.4,50.4,12.6,-0.08
2116,31.122,0.293,14.967,31.196,0.338,14.996,0.0906,0.62,50.08,-73.43,1.0134,0.1404,14.15,1.96,-1.12,50.4,50.4,12.6,-0.08
2117,31.119,0.284,14.967,31.194,0.286,14.995,0.0802,0.53,50.08,-73.43,1.0189,0.1347,14.23,1.88,-0.02,50.4,50.4,12.6,1.96
2118,31.115,0.275,14.967,31.192,0.224,14.994,0.096,0.42,50.08,-73.45,1.0236,0.1299,14.29,1.81,1.33,50.4,50.4,12.6,4.44
2119,31.111,0.266,14.967,31.189,0.258,14.993,0.0826,0.48,50.1,-73.48,1.0283,0.1251,14.36,1.75,0.23,50.4,50.4,12.6,2.41
2120,31.106,0.256,14.967,31.184,0.301,14.998,0.0945,0.55,50.1,-73.48,1.0217,0.1203,14.27,1.68,-1.11,50.4,50.4,12.6,-0.08
2121,31.102,0.247,14.967,31.181,0.292,14.996,0.0952,0.53,50.12,-73.5,1.028,0.1155,14.35,1.61,-1.11,50.4,50.4,12.6,-0.08
2122,31.098,0.238,14.967,31.178,0.283,14.996,0.0959,0.53,50.12,-73.52,1.0294,0.112,14.37,1.56,-1.11,50.4,50.4,12.6,-0.08
2123,31.094,0.229,14.967,31.174,0.273,14.997,0.0958,0.51,50.14,-73.54,1.0278,0.1129,14.35,1.58,-1.11,50.4,50.4,12.6,-0.08
2124,31.09,0.22,14.967,31.17,0.264,14.997,0.0958,0.48,50.14,-73.56,1.0277,0.1131,14.35,1.58,-1.11,50.4,50.4,12.6,-0.08
2125,31.086,0.211,14.967,31.165,0.255,14.997,0.0958,0.46,50.16,-73.56,1.0274,0.1134,14.35,1.58,-1.11,50.4,50.4,12.6,-0.08
2126,31.082,0.202,14.967,31.161,0.246,14.997,0.0957,0.46,50.16,-73.59,1.0271,0.1136,14.34,1.59,-1.11,50.4,50.4,12.6,-0.08
2127,31.078,0.193,14.967,31.157,0.237,14.997,0.0957,0.44,50.19,-73.61,1.0269,0.1138,14.34,1.59,-1.11,50.4,50.4,12.6,-0.08
2128,31.074,0.184,14.967,31.153,0.228,14.997,0.0957,0.42,50.19,-73.63,1.0266,0.1141,14.33,1.59,-1.11,50.4,50.4,12.6,-0.08
2129,31.069,0.174,14.967,31.149,0.219,14.997,0.0957,0.4,50.21,-73.65,1.0264,0.1143,14.33,1.6,-1.11,50.4,50.4,12.6,-0.08
2130,31.065,0.165,14.967,31.145,0.209,14.997,0.0957,0.4,50.21,-73.67,1.0261,0.1146,14.33,1.6,-1.11,50.4,50.4,12.6,-0.08
2131,31.061,0.156,14.967,31.141,0.2,14.997,0.0956,0.37,50.23,-73.7,1.0258,0.1148,14.32,1.6,-1.11,50.4,50.4,12.6,-0.08
2132,31.057,0.147,14.967,31.136,0.191,14.997,0.0956,0.35,50.23,-73.72,1.0256,0.115,14.32,1.61,-1.11,50.4,50.4,12.6,-0.08
2133,31.053,0.138,14.967,31.132,0.182,14.997,0.0956,0.33,50.25,-73.74,1.0253,0.1153,14.32,1.61,-1.11,50.4,50.4,12.6,-0.08
2134,31.049,0.129,14.967,31.129,0.163,14.996,0.0915,0.31,50.25,-73.74,1.0281,0.1138,14.36,1.59,-0.84,50.4,50.4,12.6,0.37
2135,31.045,0.12,14.967,31.126,0.065,14.995,0.1021,0.11,50.25,-73.76,1.0332,0.1084,14.43,1.51,1.42,50.4,50.4,12.6,4.15
2136,31.04,0.111,14.967,31.123,0.067,14.994,0.098,0.13,50.27,-73.78,1.0378,0.1036,14.49,1.45,1.16,50.4,50.4,12.6,3.7
2137,31.036,0.102,14.967,31.119,0.145,14.998,0.0989,0.26,50.3,-73.81,1.0325,0.0988,14.42,1.38,-1.1,50.4,50.4,12.6,-0.08
2138,31.031,0.093,14.967,31.116,0.137,14.996,0.0996,0.24,50.3,-73.81,1.0387,0.094,14.5,1.31,-1.1,50.4,50.4,12.6,-0.08
2139,31.027,0.084,14.967,31.112,0.128,14.997,0.1006,0.24,50.3,-73.83,1.0409,0.0891,14.53,1.24,-1.1,50.4,50.4,12.6,-0.08
2140,31.022,0.075,14.967,31.108,0.119,14.998,0.1006,0.22,50.32,-73.85,1.0385,0.0896,14.5,1.25,-1.1,50.4,50.4,12.6,-0.08
2141,31.018,0.066,14.967,31.103,0.11,14.998,0.1006,0.2,50.32,-73.87,1.0384,0.09,14.5,1.26,-1.1,50.4,50.4,12.6,-0.08
2142,31.013,0.057,14.967,31.099,0.101,14.998,0.1005,0.18,50.34,-73.89,1.0382,0.0902,14.5,1.26,-1.1,50.4,50.4,12.6,-0.08
2143,31.009,0.048,14.967,31.094,0.092,14.998,0.1005,0.18,50.34,-73.92,1.0379,0.0904,14.49,1.26,-1.1,50.4,50.4,12.6,-0.08
2144,31.004,0.039,14.967,31.09,0.083,14.998,0.1005,0.15,50.36,-73.94,1.0376,0.0907,14.49,1.27,-1.1,50.4,50.4,12.6,-0.08
2145,31.0,0.03,14.967,31.085,0.074,14.998,0.1005,0.13,50.38,-73.96,1.0374,0.0909,14.48,1.27,-1.1,50.4,50.4,12.6,-0.08
2146,30.995,0.022,14.967,31.081,0.065,14.998,0.1005,0.11,50.38,-73.98,1.0371,0.0912,14.48,1.27,-1.1,50.4,50.4,12.6,-0.08
2147,30.991,0.013,14.967,31.076,0.056,14.998,0.1004,0.11,50.41,-74.0,1.0368,0.0914,14.48,1.28,-1.1,50.4,50.4,12.6,-0.08
2148,30.987,0.004,14.967,31.072,0.047,14.998,0.1004,0.09,50.41,-74.03,1.0366,0.0916,14.47,1.28,-1.1,50.4,50.4,12.6,-0.08
2149,30.982,-0.005,14.967,31.067,0.038,14.998,0.1004,0.07,50.43,-74.05,1.0363,0.0919,14.47,1.28,-1.1,50.4,50.4,12.6,-0.08
2150,30.978,-0.014,14.967,31.063,0.029,14.998,0.1004,0.04,50.43,-74.07,1.036,0.0921,14.47,1.29,-1.1,50.4,50.4,12.6,-0.08
2151,30.973,-0.023,14.967,31.058,0.02,14.998,0.1004,0.04,50.45,-74.09,1.0358,0.0924,14.46,1.29,-1.1,50.4,50.4,12.6,-0.08
2152,30.969,-0.032,14.967,31.055,-0.042,14.996,0.092,-0.09,50.45,-74.09,1.0413,0.0867,14.54,1.21,0.26,50.4,50.4,12.6,2.0
2153,30.964,-0.041,14.967,31.052,-0.098,14.996,0.1086,-0.18,50.45,-74.11,1.0459,0.0819,14.6,1.14,1.48,50.4,50.4,12.6,3.85
2154,30.959,-0.05,14.967,31.048,-0.054,14.995,0.0937,-0.11,50.47,-74.14,1.0506,0.077,14.67,1.08,0.13,50.4,50.4,12.6,1.78
2155,30.954,-0.058,14.967,31.044,-0.016,15.0,0.1043,-0.02,50.49,-74.16,1.044,0.0722,14.58,1.01,-1.09,50.4,50.4,12.6,-0.08
2156,30.95,-0.067,14.967,31.04,-0.025,15.001,0.1054,-0.04,50.49,-74.16,1.0441,0.0674,14.58,0.94,-1.09,50.4,50.4,12.6,-0.08
2157,30.945,-0.076,14.967,31.035,-0.033,14.998,0.1049,-0.07,50.52,-74.2,1.0491,0.0685,14.65,0.96,-1.09,50.4,50.4,12.6,-0.08
2158,30.94,-0.085,14.967,31.03,-0.042,14.998,0.1049,-0.09,50.52,-74.22,1.048,0.0687,14.63,0.96,-1.09,50.4,50.4,12.6,-0.08
2159,30.935,-0.094,14.967,31.026,-0.051,14.998,0.1049,-0.09,50.54,-74.25,1.0477,0.069,14.63,0.96,-1.09,50.4,50.4,12.6,-0.08
2160,30.93,-0.102,14.967,31.021,-0.06,14.998,0.1049,-0.11,50.54,-74.27,1.0475,0.0692,14.63,0.97,-1.09,50.4,50.4,12.6,-0.08
2161,30.925,-0.111,14.967,31.016,-0.068,14.998,0.1049,-0.13,50.56,-74.29,1.0472,0.0695,14.62,0.97,-1.09,50.4,50.4,12.6,-0.08
2162,30.921,-0.12,14.966,31.011,-0.077,14.998,0.1048,-0.13,50.58,-74.31,1.0469,0.0697,14.62,0.97,-1.09,50.4,50.4,12.6,-0.08
2163,30.916,-0.129,14.966,31.006,-0.086,14.998,0.1048,-0.15,50.58,-74.33,1.0466,0.0699,14.61,0.98,-1.09,50.4,50.4,12.6,-0.08
2164,30.911,-0.137,14.966,31.001,-0.095,14.998,0.1048,-0.18,50.6,-74.36,1.0464,0.0702,14.61,0.98,-1.09,50.4,50.4,12.6,-0.08
2165,30.906,-0.146,14.966,30.997,-0.104,14.998,0.1048,-0.2,50.6,-74.38,1.0461,0.0704,14.61,0.98,-1.09,50.4,50.4,12.6,-0.08
2166,30.901,-0.155,14.966,30.992,-0.112,14.998,0.1048,-0.2,50.62,-74.4,1.0458,0.0707,14.6,0.99,-1.09,50.4,50.4,12.6,-0.08
2167,30.897,-0.164,14.966,30.987,-0.121,14.998,0.1047,-0.22,50.62,-74.42,1.0455,0.0709,14.6,0.99,-1.09,50.4,50.4,12.6,-0.08
2168,30.892,-0.172,14.966,30.982,-0.13,14.998,0.1047,-0.24,50.65,-74.44,1.0453,0.0711,14.59,0.99,-1.09,50.4,50.4,12.6,-0.08
2169,30.887,-0.181,14.966,30.977,-0.139,14.998,0.1047,-0.26,50.67,-74.47,1.045,0.0714,14.59,1.0,-1.09,50.4,50.4,12.6,-0.08
2170,30.882,-0.19,14.966,30.973,-0.219,14.997,0.1006,-0.4,50.67,-74.49,1.0505,0.0657,14.67,0.92,0.74,50.4,50.4,12.6,2.5
2171,30.877,-0.198,14.966,30.97,-0.257,14.996,0.1134,-0.48,50.67,-74.49,1.0551,0.0609,14.73,0.85,1.51,50.4,50.4,12.6,3.56
2172,30.872,-0.207,14.966,30.966,-0.195,14.995,0.0995,-0.35,50.69,-74.51,1.0598,0.0561,14.8,0.78,-0.32,50.4,50.4,12.6,0.98
2173,30.867,-0.216,14.966,30.961,-0.174,15.0,0.1087,-0.33,50.71,-74.53,1.0532,0.0513,14.71,0.72,-1.08,50.4,50.4,12.6,-0.08
2174,30.862,-0.224,14.966,30.956,-0.182,15.002,0.1094,-0.33,50.71,-74.55,1.0518,0.0487,14.69,0.68,-1.08,50.4,50.4,12.6,-0.08
2175,30.857,-0.233,14.966,30.952,-0.191,14.998,0.109,-0.35,50.73,-74.58,1.0572,0.0494,14.76,0.69,-1.08,50.4,50.4,12.6,-0.08
2176,30.851,-0.241,14.966,30.947,-0.2,14.999,0.109,-0.37,50.73,-74.6,1.0561,0.0497,14.75,0.69,-1.08,50.4,50.4,12.6,-0.08
2177,30.846,-0.25,14.966,30.942,-0.208,14.999,0.109,-0.4,50.76,-74.62,1.0559,0.0499,14.74,0.7,-1.08,50.4,50.4,12.6,-0.08
2178,30.841,-0.259,14.966,30.936,-0.217,14.999,0.1089,-0.4,50.76,-74.64,1.0556,0.0502,14.74,0.7,-1.08,50.4,50.4,12.6,-0.08
2179,30.836,-0.267,14.966,30.931,-0.225,14.999,0.1089,-0.42,50.78,-74.66,1.0553,0.0504,14.73,0.7,-1.08,50.4,50.4,12.6,-0.08
2180,30.831,-0.276,14.966,30.926,-0.234,14.999,0.1089,-0.44,50.8,-74.71,1.055,0.0506,14.73,0.71,-1.08,50.4,50.4,12.6,-0.08
2181,30.826,-0.284,14.966,30.921,-0.243,14.999,0.1089,-0.44,50.8,-74.73,1.0547,0.0509,14.73,0.71,-1.08,50.4,50.4,12.6,-0.08
2182,30.821,-0.293,14.966,30.916,-0.251,14.999,0.1089,-0.46,50.82,-74.75,1.0544,0.0511,14.72,0.71,-1.08,50.4,50.4,12.6,-0.08
2183,30.815,-0.301,14.966,30.911,-0.26,14.999,0.1089,-0.48,50.82,-74.77,1.0541,0.0514,14.72,0.72,-1.08,50.4,50.4,12.6,-0.08
2184,30.81,-0.31,14.966,30.906,-0.268,14.999,0.1088,-0.51,50.84,-74.79,1.0539,0.0516,14.71,0.72,-1.08,50.4,50.4,12.6,-0.08
2185,30.805,-0.319,14.966,30.9,-0.277,14.999,0.1088,-0.51,50.87,-74.82,1.0536,0.0518,14.71,0.72,-1.08,50.4,50.4,12.6,-0.08
2186,30.8,-0.327,14.966,30.895,-0.286,14.999,0.1088,-0.53,50.87,-74.84,1.0533,0.0521,14.71,0.73,-1.08,50.4,50.4,12.6,-0.08
2187,30.795,-0.336,14.966,30.89,-0.294,14.999,0.1088,-0.55,50.89,-74.86,1.053,0.0523,14.7,0.73,-1.08,50.4,50.4,12.6,-0.08
2188,30.79,-0.344,14.966,30.886,-0.367,14.998,0.1034,-0.68,50.89,-74.88,1.0585,0.0466,14.78,0.65,0.57,50.4,50.4,12.6,2.07
2189,30.784,-0.353,14.966,30.881,-0.411,14.997,0.1172,-0.77,50.91,-74.9,1.0631,0.0418,14.84,0.58,1.51,50.4,50.4,12.6,3.28
2190,30.779,-0.361,14.966,30.878,-0.356,14.996,0.1035,-0.66,50.91,-74.93,1.0674,0.037,14.9,0.52,-0.14,50.4,50.4,12.6,1.13
2191,30.774,-0.37,14.966,30.873,-0.329,15.001,0.1128,-0.62,50.93,-74.95,1.0608,0.0322,14.81,0.45,-1.07,50.4,50.4,12.6,-0.08
2192,30.768,-0.378,14.966,30.867,-0.337,15.004,0.1132,-0.62,50.95,-74.97,1.0559,0.0318,14.74,0.44,-1.07,50.4,50.4,12.6,-0.08
2193,30.763,-0.386,14.966,30.862,-0.346,15.0,0.1128,-0.64,50.95,-74.99,1.0622,0.0322,14.83,0.45,-1.07,50.4,50.4,12.6,-0.08
2194,30.757,-0.395,14.966,30.857,-0.354,14.998,0.1126,-0.66,50.98,-75.01,1.0653,0.0325,14.87,0.45,-1.07,50.4,50.4,12.6,-0.08
2195,30.752,-0.403,14.966,30.852,-0.362,14.999,0.1127,-0.68,50.98,-75.04,1.0625,0.0327,14.84,0.46,-1.07,50.4,50.4,12.6,-0.08
2196,30.747,-0.412,14.966,30.846,-0.371,14.999,0.1127,-0.68,51.0,-75.06,1.0625,0.033,14.84,0.46,-1.07,50.4,50.4,12.6,-0.08
2197,30.741,-0.42,14.966,30.841,-0.379,14.999,0.1127,-0.7,51.02,-75.08,1.0622,0.0332,14.83,0.46,-1.07,50.4,50.4,12.6,-0.08
2198,30.736,-0.428,14.966,30.835,-0.388,14.999,0.1126,-0.73,51.02,-75.1,1.0619,0.0334,14.83,0.47,-1.07,50.4,50.4,12.6,-0.08
2199,30.73,-0.437,14.966,30.83,-0.396,14.999,0.1126,-0.73,51.04,-75.15,1.0616,0.0337,14.82,0.47,-1.07,50.4,50.4,12.6,-0.08
2200,30.725,-0.445,14.966,30.825,-0.405,14.999,0.1126,-0.75,51.06,-75.17,1.0614,0.0339,14.82,0.47,-1.07,50.4,50.4,12.6,-0.08
2201,30.719,-0.453,14.966,30.819,-0.413,14.999,0.1126,-0.77,51.06,-75.19,1.0611,0.0342,14.82,0.48,-1.07,50.4,50.4,12.6,-0.08
2202,30.714,-0.462,14.966,30.814,-0.421,14.999,0.1126,-0.79,51.09,-75.21,1.0608,0.0344,14.81,0.48,-1.07,50.4,50.4,12.6,-0.08
2203,30.709,-0.47,14.966,30.808,-0.43,14.999,0.1126,-0.79,51.11,-75.23,1.0605,0.0346,14.81,0.48,-1.07,50.4,50.4,12.6,-0.08
2204,30.703,-0.479,14.966,30.803,-0.438,14.999,0.1125,-0.81,51.11,-75.26,1.0602,0.0349,14.8,0.49,-1.07,50.4,50.4,12.6,-0.08
2205,30.698,-0.487,14.966,30.797,-0.447,14.999,0.1125,-0.83,51.13,-75.28,1.0599,0.0351,14.8,0.49,-1.08,50.4,50.4,12.6,-0.08
2206,30.692,-0.495,14.966,30.793,-0.487,14.998,0.1055,-0.9,51.13,-75.3,1.0644,0.0316,14.86,0.44,-0.25,50.4,50.4,12.6,0.92
2207,30.687,-0.504,14.966,30.787,-0.561,14.997,0.1198,-1.05,51.15,-75.32,1.0692,0.0265,14.93,0.37,1.47,50.4,50.4,12.6,3.0
2208,30.681,-0.512,14.966,30.783,-0.538,14.997,0.1099,-1.01,51.15,-75.34,1.0733,0.0217,14.99,0.3,0.66,50.4,50.4,12.6,2.01
2209,30.675,-0.52,14.966,30.779,-0.48,15.001,0.1162,-0.9,51.17,-75.37,1.0668,0.0168,14.9,0.24,-1.06,50.4,50.4,12.6,-0.08
2210,30.67,-0.528,14.966,30.773,-0.489,15.004,0.1166,-0.9,51.2,-75.39,1.0619,0.0164,14.83,0.23,-1.06,50.4,50.4,12.6,-0.08
2211,30.664,-0.537,14.966,30.768,-0.497,15.001,0.1162,-0.92,51.2,-75.41,1.0667,0.0168,14.89,0.24,-1.06,50.4,50.4,12.6,-0.08
2212,30.658,-0.545,14.966,30.762,-0.505,14.999,0.1161,-0.94,51.22,-75.43,1.0695,0.0171,14.93,0.24,-1.06,50.4,50.4,12.6,-0.08
2213,30.653,-0.553,14.966,30.756,-0.513,15.0,0.1161,-0.97,51.24,-75.48,1.0687,0.0173,14.92,0.24,-1.06,50.4,50.4,12.6,-0.08
2214,30.647,-0.561,14.966,30.751,-0.522,15.0,0.1161,-0.97,51.24,-75.5,1.0684,0.0176,14.92,0.25,-1.06,50.4,50.4,12.6,-0.08
2215,30.641,-0.57,14.966,30.745,-0.53,15.0,0.1161,-0.99,51.26,-75.52,1.0681,0.0178,14.91,0.25,-1.06,50.4,50.4,12.6,-0.08
2216,30.636,-0.578,14.966,30.739,-0.538,15.0,0.1161,-1.01,51.28,-75.54,1.0678,0.018,14.91,0.25,-1.06,50.4,50.4,12.6,-0.08
2217,30.63,-0.586,14.966,30.734,-0.546,15.0,0.116,-1.01,51.28,-75.56,1.0675,0.0183,14.9,0.26,-1.06,50.4,50.4,12.6,-0.08
2218,30.624,-0.594,14.966,30.728,-0.555,15.0,0.116,-1.03,51.31,-75.61,1.0672,0.0185,14.9,0.26,-1.06,50.4,50.4,12.6,-0.08
2219,30.619,-0.602,14.966,30.722,-0.563,15.0,0.116,-1.05,51.33,-75.63,1.0669,0.0188,14.9,0.26,-1.06,50.4,50.4,12.6,-0.08
2220,30.613,-0.611,14.966,30.717,-0.571,15.0,0.116,-1.05,51.33,-75.65,1.0666,0.019,14.89,0.27,-1.06,50.4,50.4,12.6,-0.08
2221,30.607,-0.619,14.966,30.711,-0.579,15.0,0.116,-1.08,51.35,-75.67,1.0663,0.0192,14.89,0.27,-1.06,50.4,50.4,12.6,-0.08
2222,30.601,-0.627,14.966,30.705,-0.588,15.0,0.116,-1.1,51.35,-75.7,1.066,0.0195,14.88,0.27,-1.06,50.4,50.4,12.6,-0.08
2223,30.596,-0.635,14.966,30.699,-0.596,15.0,0.1159,-1.12,51.37,-75.72,1.0657,0.0197,14.88,0.28,-1.07,50.4,50.4,12.6,-0.08
2224,30.59,-0.643,14.966,30.694,-0.604,15.0,0.1159,-1.12,51.39,-75.74,1.0654,0.0199,14.88,0.28,-1.07,50.4,50.4,12.6,-0.08
2225,30.584,-0.652,14.966,30.688,-0.684,14.999,0.1135,-1.27,51.39,-75.76,1.0709,0.0143,14.95,0.2,0.82,50.4,50.4,12.6,2.06
2226,30.579,-0.66,14.966,30.683,-0.716,14.998,0.1227,-1.34,51.42,-75.78,1.0755,0.0094,15.02,0.13,1.42,50.4,50.4,12.6,2.74
2227,30.573,-0.668,14.966,30.68,-0.652,14.998,0.1129,-1.21,51.42,-75.81,1.0777,0.0046,15.05,0.06,-0.45,50.4,50.4,12.6,0.6
2228,30.567,-0.676,14.966,30.674,-0.637,15.002,0.1195,-1.19,51.44,-75.83,1.0714,0.0024,14.96,0.03,-1.05,50.4,50.4,12.6,-0.08
2229,30.561,-0.684,14.966,30.667,-0.645,15.004,0.1196,-1.21,51.46,-75.87,1.0665,0.0031,14.89,0.04,-1.05,50.4,50.4,12.6,-0.08
2230,30.555,-0.692,14.966,30.662,-0.653,15.0,0.1193,-1.23,51.46,-75.89,1.0728,0.0034,14.98,0.05,-1.05,50.4,50.4,12.6,-0.08
2231,30.549,-0.7,14.966,30.657,-0.661,14.999,0.1192,-1.23,51.48,-75.92,1.0749,0.0036,15.01,0.05,-1.05,50.4,50.4,12.6,-0.08
2232,30.543,-0.708,14.966,30.65,-0.669,15.0,0.1192,-1.25,51.5,-75.94,1.073,0.0039,14.98,0.05,-1.05,50.4,50.4,12.6,-0.08
2233,30.537,-0.716,14.966,30.644,-0.677,15.0,0.1192,-1.27,51.5,-75.96,1.0729,0.0041,14.98,0.06,-1.05,50.4,50.4,12.6,-0.08
2234,30.531,-0.724,14.966,30.639,-0.686,15.0,0.1192,-1.27,51.53,-76.0,1.0726,0.0043,14.98,0.06,-1.05,50.4,50.4,12.6,-0.08
2235,30.525,-0.732,14.966,30.633,-0.694,15.0,0.1192,-1.3,51.55,-76.03,1.0723,0.0046,14.97,0.06,-1.05,50.4,50.4,12.6,-0.08
2236,30.519,-0.74,14.966,30.627,-0.702,15.0,0.1192,-1.32,51.57,-76.05,1.072,0.0048,14.97,0.07,-1.05,50.4,50.4,12.6,-0.08
2237,30.513,-0.748,14.966,30.621,-0.71,15.0,0.1191,-1.32,51.57,-76.07,1.0717,0.005,14.96,0.07,-1.05,50.4,50.4,12.6,-0.08
2238,30.507,-0.756,14.966,30.615,-0.718,15.0,0.1191,-1.34,51.59,-76.11,1.0714,0.0053,14.96,0.07,-1.05,50.4,50.4,12.6,-0.08
2239,30.501,-0.764,14.966,30.609,-0.726,15.0,0.1191,-1.36,51.61,-76.14,1.0711,0.0055,14.95,0.08,-1.06,50.4,50.4,12.6,-0.08
2240,30.495,-0.772,14.966,30.603,-0.734,15.0,0.1191,-1.38,51.61,-76.16,1.0708,0.0058,14.95,0.08,-1.06,50.4,50.4,12.6,-0.08
2241,30.49,-0.78,14.966,30.597,-0.742,15.0,0.1191,-1.38,51.64,-76.18,1.0705,0.006,14.95,0.08,-1.06,50.4,50.4,12.6,-0.08
2242,30.484,-0.788,14.966,30.591,-0.75,15.0,0.1191,-1.41,51.66,-76.2,1.0702,0.0062,14.94,0.09,-1.06,50.4,50.4,12.6,-0.08
2243,30.478,-0.796,14.966,30.585,-0.758,15.0,0.1191,-1.43,51.66,-76.22,1.0699,0.0065,14.94,0.09,-1.06,50.4,50.4,12.6,-0.08
2244,30.472,-0.804,14.966,30.578,-0.853,14.999,0.1217,-1.6,51.68,-76.25,1.0753,0.0008,15.01,0.01,1.21,50.4,50.4,12.6,2.36
2245,30.466,-0.812,14.966,30.573,-0.866,14.998,0.1246,-1.63,51.68,-76.27,1.0799,-0.004,15.08,-0.06,1.35,50.4,50.4,12.6,2.49
2246,30.459,-0.82,14.966,30.57,-0.787,14.999,0.1205,-1.47,51.7,-76.29,1.0812,-0.0089,15.1,-0.12,-0.92,50.4,50.4,12.6,0.06
2247,30.453,-0.828,14.966,30.564,-0.79,15.002,0.1223,-1.47,51.72,-76.33,1.0751,-0.0092,15.01,-0.13,-1.04,50.4,50.4,12.6,-0.08
2248,30.447,-0.836,14.966,30.557,-0.798,15.004,0.1225,-1.49,51.75,-76.35,1.0701,-0.0087,14.94,-0.12,-1.04,50.4,50.4,12.6,-0.08
2249,30.441,-0.844,14.966,30.552,-0.806,15.001,0.1221,-1.52,51.75,-76.38,1.0764,-0.0085,15.03,-0.12,-1.04,50.4,50.4,12.6,-0.08
2250,30.435,-0.852,14.966,30.546,-0.814,14.999,0.122,-1.52,51.77,-76.4,1.0794,-0.0082,15.07,-0.12,-1.04,50.4,50.4,12.6,-0.08
2251,30.429,-0.86,14.966,30.54,-0.822,15.0,0.1221,-1.54,51.79,-76.44,1.0764,-0.008,15.03,-0.11,-1.04,50.4,50.4,12.6,-0.08
2252,30.423,-0.867,14.966,30.533,-0.83,15.0,0.1221,-1.56,51.79,-76.46,1.0764,-0.0078,15.03,-0.11,-1.04,50.4,50.4,12.6,-0.08
2253,30.416,-0.875,14.966,30.527,-0.838,15.0,0.1221,-1.58,51.81,-76.49,1.0761,-0.0075,15.03,-0.11,-1.04,50.4,50.4,12.6,-0.08
2254,30.41,-0.883,14.966,30.521,-0.846,15.0,0.1221,-1.58,51.83,-76.51,1.0758,-0.0073,15.02,-0.1,-1.04,50.4,50.4,12.6,-0.08
2255,30.404,-0.891,14.965,30.515,-0.854,15.0,0.122,-1.6,51.83,-76.55,1.0755,-0.0071,15.02,-0.1,-1.05,50.4,50.4,12.6,-0.08
2256,30.398,-0.899,14.965,30.509,-0.862,15.0,0.122,-1.63,51.86,-76.57,1.0752,-0.0068,15.01,-0.1,-1.05,50.4,50.4,12.6,-0.08
2257,30.392,-0.907,14.965,30.503,-0.869,15.0,0.122,-1.63,51.88,-76.6,1.0749,-0.0066,15.01,-0.09,-1.05,50.4,50.4,12.6,-0.08
2258,30.386,-0.915,14.965,30.496,-0.877,15.0,0.122,-1.65,51.88,-76.62,1.0746,-0.0063,15.0,-0.09,-1.05,50.4,50.4,12.6,-0.08
2259,30.379,-0.923,14.965,30.49,-0.885,15.0,0.122,-1.67,51.9,-76.66,1.0743,-0.0061,15.0,-0.09,-1.05,50.4,50.4,12.6,-0.08
2260,30.373,-0.93,14.965,30.484,-0.893,15.0,0.122,-1.67,51.92,-76.68,1.0739,-0.0059,15.0,-0.08,-1.05,50.4,50.4,12.6,-0.08
2261,30.367,-0.938,14.965,30.478,-0.901,15.0,0.122,-1.69,51.94,-76.71,1.0736,-0.0056,14.99,-0.08,-1.05,50.4,50.4,12.6,-0.08
2262,30.361,-0.946,14.965,30.472,-0.909,15.0,0.122,-1.71,51.94,-76.73,1.0733,-0.0054,14.99,-0.08,-1.05,50.4,50.4,12.6,-0.08
2263,30.355,-0.954,14.965,30.465,-0.995,14.999,0.122,-1.87,51.97,-76.75,1.0788,-0.0111,15.06,-0.15,1.01,50.4,50.4,12.6,2.02
2264,30.348,-0.962,14.965,30.459,-1.012,14.998,0.1262,-1.91,51.97,-76.77,1.0834,-0.0159,15.13,-0.22,1.25,50.4,50.4,12.6,2.26
2265,30.342,-0.969,14.965,30.456,-0.942,14.999,0.1223,-1.78,51.99,-76.79,1.0837,-0.0204,15.13,-0.28,-0.8,50.4,50.4,12.6,0.16
2266,30.336,-0.977,14.965,30.449,-0.941,15.002,0.1248,-1.78,52.01,-76.84,1.0777,-0.0193,15.05,-0.27,-1.03,50.4,50.4,12.6,-0.08
2267,30.329,-0.985,14.965,30.442,-0.948,15.004,0.125,-1.78,52.03,-76.86,1.0728,-0.0191,14.98,-0.27,-1.03,50.4,50.4,12.6,-0.08
2268,30.323,-0.993,14.965,30.437,-0.956,15.001,0.1247,-1.8,52.03,-76.88,1.0791,-0.0188,15.07,-0.26,-1.03,50.4,50.4,12.6,-0.08
2269,30.317,-1.0,14.965,30.431,-0.964,15.0,0.1247,-1.82,52.05,-76.9,1.0803,-0.0186,15.08,-0.26,-1.04,50.4,50.4,12.6,-0.08
2270,30.31,-1.008,14.965,30.424,-0.972,15.0,0.1247,-1.82,52.08,-76.95,1.0792,-0.0183,15.07,-0.26,-1.04,50.4,50.4,12.6,-0.08
2271,30.304,-1.016,14.965,30.418,-0.979,15.0,0.1247,-1.85,52.08,-76.97,1.079,-0.0181,15.07,-0.25,-1.04,50.4,50.4,12.6,-0.08
2272,30.298,-1.023,14.965,30.412,-0.987,15.0,0.1247,-1.87,52.1,-76.99,1.0787,-0.0179,15.06,-0.25,-1.04,50.4,50.4,12.6,-0.08
2273,30.291,-1.031,14.965,30.405,-0.995,15.0,0.1246,-1.87,52.12,-77.01,1.0784,-0.0176,15.06,-0.25,-1.04,50.4,50.4,12.6,-0.08
2274,30.285,-1.039,14.965,30.399,-1.002,15.0,0.1246,-1.89,52.12,-77.06,1.0781,-0.0174,15.05,-0.24,-1.04,50.4,50.4,12.6,-0.08
2275,30.279,-1.047,14.965,30.392,-1.01,15.0,0.1246,-1.91,52.14,-77.08,1.0778,-0.0172,15.05,-0.24,-1.04,50.4,50.4,12.6,-0.08
2276,30.272,-1.054,14.965,30.386,-1.018,15.0,0.1246,-1.91,52.16,-77.1,1.0774,-0.0169,15.04,-0.24,-1.04,50.4,50.4,12.6,-0.08
2277,30.266,-1.062,14.965,30.38,-1.026,15.0,0.1246,-1.93,52.19,-77.12,1.0771,-0.0167,15.04,-0.23,-1.04,50.4,50.4,12.6,-0.08
2278,30.259,-1.07,14.965,30.373,-1.033,15.0,0.1246,-1.96,52.19,-77.17,1.0768,-0.0165,15.04,-0.23,-1.04,50.4,50.4,12.6,-0.08
2279,30.253,-1.077,14.965,30.367,-1.041,15.0,0.1246,-1.96,52.21,-77.19,1.0765,-0.0162,15.03,-0.23,-1.04,50.4,50.4,12.6,-0.08
2280,30.247,-1.085,14.965,30.361,-1.049,15.0,0.1246,-1.98,52.23,-77.21,1.0762,-0.016,15.03,-0.22,-1.04,50.4,50.4,12.6,-0.08
2281,30.24,-1.093,14.965,30.354,-1.057,15.0,0.1245,-2.0,52.23,-77.23,1.0759,-0.0158,15.02,-0.22,-1.04,50.4,50.4,12.6,-0.08
2282,30.234,-1.101,14.965,30.347,-1.115,14.999,0.1192,-2.11,52.25,-77.28,1.0814,-0.0204,15.1,-0.28,0.3,50.4,50.4,12.6,1.23
2283,30.228,-1.108,14.965,30.341,-1.155,14.999,0.1271,-2.18,52.27,-77.3,1.0848,-0.0254,15.15,-0.35,1.14,50.4,50.4,12.6,2.04
2284,30.221,-1.116,14.965,30.337,-1.112,15.0,0.121,-2.11,52.27,-77.32,1.0856,-0.0292,15.16,-0.41,-0.19,50.4,50.4,12.6,0.73
2285,30.215,-1.123,14.965,30.331,-1.088,15.002,0.1271,-2.04,52.29,-77.34,1.0796,-0.0282,15.07,-0.39,-1.03,50.4,50.4,12.6,-0.08
2286,30.208,-1.131,14.965,30.324,-1.095,15.005,0.1273,-2.07,52.32,-77.37,1.0746,-0.028,15.0,-0.39,-1.03,50.4,50.4,12.6,-0.08
2287,30.201,-1.138,14.965,30.318,-1.103,15.002,0.1271,-2.09,52.34,-77.41,1.0788,-0.0277,15.06,-0.39,-1.03,50.4,50.4,12.6,-0.08
2288,30.195,-1.146,14.965,30.312,-1.11,15.0,0.127,-2.09,52.34,-77.43,1.0819,-0.0275,15.11,-0.38,-1.03,50.4,50.4,12.6,-0.08
2289,30.188,-1.153,14.965,30.305,-1.118,15.001,0.127,-2.11,52.36,-77.45,1.081,-0.0273,15.09,-0.38,-1.03,50.4,50.4,12.6,-0.08
2290,30.182,-1.161,14.965,30.298,-1.126,15.001,0.127,-2.13,52.38,-77.48,1.0807,-0.027,15.09,-0.38,-1.03,50.4,50.4,12.6,-0.08
2291,30.175,-1.169,14.965,30.292,-1.133,15.001,0.127,-2.15,52.38,-77.52,1.0804,-0.0268,15.09,-0.37,-1.03,50.4,50.4,12.6,-0.08
2292,30.169,-1.176,14.965,30.285,-1.141,15.001,0.1269,-2.15,52.4,-77.54,1.0801,-0.0266,15.08,-0.37,-1.03,50.4,50.4,12.6,-0.08
2293,30.162,-1.184,14.965,30.279,-1.148,15.001,0.1269,-2.18,52.43,-77.56,1.0798,-0.0263,15.08,-0.37,-1.03,50.4,50.4,12.6,-0.08
2294,30.156,-1.191,14.965,30.272,-1.156,15.001,0.1269,-2.2,52.45,-77.61,1.0795,-0.0261,15.07,-0.36,-1.03,50.4,50.4,12.6,-0.08
2295,30.149,-1.199,14.965,30.266,-1.164,15.001,0.1269,-2.2,52.45,-77.63,1.0792,-0.0259,15.07,-0.36,-1.03,50.4,50.4,12.6,-0.08
2296,30.143,-1.206,14.965,30.259,-1.171,15.001,0.1269,-2.22,52.47,-77.65,1.0789,-0.0256,15.06,-0.36,-1.03,50.4,50.4,12.6,-0.08
2297,30.136,-1.214,14.965,30.253,-1.179,15.001,0.1269,-2.24,52.49,-77.67,1.0785,-0.0254,15.06,-0.35,-1.03,50.4,50.4,12.6,-0.08
2298,30.13,-1.221,14.965,30.246,-1.186,15.001,0.1269,-2.24,52.51,-77.72,1.0782,-0.0252,15.05,-0.35,-1.03,50.4,50.4,12.6,-0.08
2299,30.123,-1.229,14.965,30.24,-1.194,15.001,0.1269,-2.26,52.51,-77.74,1.0779,-0.0249,15.05,-0.35,-1.03,50.4,50.4,12.6,-0.08
2300,30.116,-1.237,14.965,30.233,-1.201,15.001,0.1269,-2.29,52.54,-77.76,1.0776,-0.0247,15.05,-0.34,-1.03,50.4,50.4,12.6,-0.08
2301,30.11,-1.244,14.965,30.227,-1.218,14.999,0.1244,-2.31,52.56,-77.81,1.0809,-0.0253,15.09,-0.35,-0.79,50.4,50.4,12.6,0.15
2302,30.103,-1.252,14.965,30.219,-1.294,14.999,0.1274,-2.46,52.56,-77.83,1.0842,-0.0309,15.14,-0.43,1.02,50.4,50.4,12.6,1.83
2303,30.097,-1.259,14.965,30.213,-1.293,14.999,0.1261,-2.46,52.58,-77.85,1.0869,-0.0357,15.18,-0.5,0.79,50.4,50.4,12.6,1.6
2304,30.09,-1.267,14.965,30.209,-1.232,15.002,0.1293,-2.33,52.6,-77.87,1.0806,-0.036,15.09,-0.5,-1.02,50.4,50.4,12.6,-0.08
2305,30.083,-1.274,14.965,30.201,-1.239,15.005,0.1294,-2.35,52.62,-77.89,1.0756,-0.0356,15.02,-0.5,-1.02,50.4,50.4,12.6,-0.08
2306,30.077,-1.281,14.965,30.195,-1.247,15.002,0.1292,-2.37,52.62,-77.94,1.0799,-0.0353,15.08,-0.49,-1.02,50.4,50.4,12.6,-0.08
2307,30.07,-1.289,14.965,30.189,-1.254,15.0,0.1291,-2.37,52.65,-77.96,1.0829,-0.0351,15.12,-0.49,-1.02,50.4,50.4,12.6,-0.08
2308,30.063,-1.296,14.965,30.182,-1.262,15.001,0.1291,-2.4,52.67,-77.98,1.082,-0.0349,15.11,-0.49,-1.02,50.4,50.4,12.6,-0.08
2309,30.056,-1.304,14.965,30.176,-1.269,15.001,0.1291,-2.42,52.67,-78.0,1.0817,-0.0347,15.1,-0.48,-1.02,50.4,50.4,12.6,-0.08
2310,30.05,-1.311,14.965,30.169,-1.277,15.001,0.1291,-2.42,52.69,-78.05,1.0813,-0.0344,15.1,-0.48,-1.02,50.4,50.4,12.6,-0.08
2311,30.043,-1.318,14.965,30.162,-1.284,15.001,0.1291,-2.44,52.71,-78.07,1.081,-0.0342,15.09,-0.48,-1.02,50.4,50.4,12.6,-0.08
2312,30.036,-1.326,14.965,30.155,-1.291,15.001,0.129,-2.46,52.73,-78.09,1.0807,-0.034,15.09,-0.47,-1.02,50.4,50.4,12.6,-0.08
2313,30.03,-1.333,14.965,30.149,-1.299,15.001,0.129,-2.46,52.73,-78.13,1.0804,-0.0337,15.09,-0.47,-1.02,50.4,50.4,12.6,-0.08
2314,30.023,-1.341,14.965,30.142,-1.306,15.001,0.129,-2.48,52.76,-78.16,1.0801,-0.0335,15.08,-0.47,-1.02,50.4,50.4,12.6,-0.08
2315,30.016,-1.348,14.965,30.135,-1.314,15.001,0.129,-2.5,52.78,-78.18,1.0798,-0.0333,15.08,-0.46,-1.02,50.4,50.4,12.6,-0.08
2316,30.01,-1.355,14.965,30.129,-1.321,15.001,0.129,-2.5,52.8,-78.22,1.0795,-0.033,15.07,-0.46,-1.02,50.4,50.4,12.6,-0.08
2317,30.003,-1.363,14.965,30.122,-1.329,15.001,0.129,-2.53,52.8,-78.24,1.0792,-0.0328,15.07,-0.46,-1.02,50.4,50.4,12.6,-0.08
2318,29.996,-1.37,14.965,30.115,-1.336,15.001,0.129,-2.55,52.82,-78.27,1.0788,-0.0326,15.06,-0.45,-1.03,50.4,50.4,12.6,-0.08
2319,29.989,-1.378,14.965,30.109,-1.344,15.001,0.129,-2.55,52.84,-78.31,1.0785,-0.0323,15.06,-0.45,-1.03,50.4,50.4,12.6,-0.08
2320,29.983,-1.385,14.965,30.102,-1.351,15.001,0.129,-2.57,52.87,-78.33,1.0782,-0.0321,15.05,-0.45,-1.03,50.4,50.4,12.6,-0.08
2321,29.976,-1.392,14.965,30.095,-1.388,14.999,0.1236,-2.64,52.87,-78.35,1.0827,-0.0345,15.12,-0.48,-0.23,50.4,50.4,12.6,0.63
2322,29.969,-1.4,14.965,30.087,-1.438,14.999,0.1286,-2.75,52.89,-78.38,1.0853,-0.0398,15.15,-0.56,0.89,50.4,50.4,12.6,1.63
2323,29.962,-1.407,14.965,30.082,-1.416,15.0,0.1251,-2.7,52.89,-78.4,1.0866,-0.0428,15.17,-0.6,0.1,50.4,50.4,12.6,0.92
2324,29.956,-1.414,14.965,30.077,-1.381,15.002,0.1311,-2.64,52.91,-78.44,1.0805,-0.042,15.09,-0.59,-1.01,50.4,50.4,12.6,-0.08
2325,29.949,-1.422,14.965,30.069,-1.388,15.005,0.1312,-2.64,52.93,-78.46,1.0755,-0.0417,15.02,-0.58,-1.01,50.4,50.4,12.6,-0.08
2326,29.942,-1.429,14.965,30.063,-1.395,15.002,0.131,-2.66,52.95,-78.49,1.0799,-0.0415,15.08,-0.58,-1.02,50.4,50.4,12.6,-0.08
2327,29.935,-1.436,14.965,30.056,-1.403,15.0,0.1309,-2.68,52.98,-78.53,1.0827,-0.0413,15.12,-0.58,-1.02,50.4,50.4,12.6,-0.08
2328,29.928,-1.443,14.965,30.05,-1.41,15.001,0.1309,-2.68,52.98,-78.55,1.0819,-0.041,15.11,-0.57,-1.02,50.4,50.4,12.6,-0.08
2329,29.921,-1.451,14.965,30.043,-1.417,15.001,0.1309,-2.7,53.0,-78.57,1.0815,-0.0408,15.1,-0.57,-1.02,50.4,50.4,12.6,-0.08
2330,29.914,-1.458,14.965,30.036,-1.425,15.001,0.1309,-2.72,53.02,-78.62,1.0812,-0.0406,15.1,-0.57,-1.02,50.4,50.4,12.6,-0.08
2331,29.908,-1.465,14.965,30.029,-1.432,15.001,0.1309,-2.72,53.04,-78.64,1.0809,-0.0404,15.09,-0.56,-1.02,50.4,50.4,12.6,-0.08
2332,29.901,-1.473,14.965,30.022,-1.439,15.001,0.1309,-2.75,53.04,-78.66,1.0806,-0.0401,15.09,-0.56,-1.02,50.4,50.4,12.6,-0.08
2333,29.894,-1.48,14.965,30.015,-1.447,15.001,0.1309,-2.77,53.06,-78.68,1.0803,-0.0399,15.08,-0.56,-1.02,50.4,50.4,12.6,-0.08
2334,29.887,-1.487,14.965,30.008,-1.454,15.001,0.1309,-2.77,53.09,-78.73,1.08,-0.0397,15.08,-0.55,-1.02,50.4,50.4,12.6,-0.08
2335,29.88,-1.494,14.965,30.002,-1.461,15.001,0.1309,-2.79,53.11,-78.75,1.0797,-0.0394,15.07,-0.55,-1.02,50.4,50.4,12.6,-0.08
2336,29.873,-1.502,14.965,29.995,-1.469,15.001,0.1309,-2.81,53.11,-78.77,1.0793,-0.0392,15.07,-0.55,-1.02,50.4,50.4,12.6,-0.08
2337,29.867,-1.509,14.965,29.988,-1.476,15.001,0.1309,-2.81,53.13,-78.82,1.079,-0.039,15.07,-0.54,-1.02,50.4,50.4,12.6,-0.08
2338,29.86,-1.516,14.965,29.981,-1.483,15.001,0.1309,-2.83,53.15,-78.84,1.0787,-0.0388,15.06,-0.54,-1.02,50.4,50.4,12.6,-0.08
2339,29.853,-1.523,14.964,29.974,-1.49,15.001,0.1309,-2.86,53.17,-78.86,1.0784,-0.0385,15.06,-0.54,-1.02,50.4,50.4,12.6,-0.08
2340,29.846,-1.531,14.964,29.967,-1.498,15.001,0.1308,-2.86,53.17,-78.9,1.0781,-0.0383,15.05,-0.53,-1.02,50.4,50.4,12.6,-0.08
2341,29.839,-1.538,14.964,29.96,-1.54,14.999,0.1254,-2.94,53.2,-78.93,1.0828,-0.041,15.12,-0.57,-0.09,50.4,50.4,12.6,0.73
2342,29.832,-1.545,14.964,29.952,-1.579,15.0,0.1294,-3.01,53.22,-78.95,1.085,-0.046,15.15,-0.64,0.76,50.4,50.4,12.6,1.45
2343,29.825,-1.552,14.964,29.947,-1.551,15.0,0.1271,-2.97,53.22,-78.97,1.0857,-0.0476,15.16,-0.66,-0.17,50.4,50.4,12.6,0.65
2344,29.818,-1.56,14.964,29.941,-1.527,15.002,0.1327,-2.92,53.24,-79.01,1.0797,-0.047,15.08,-0.66,-1.01,50.4,50.4,12.6,-0.07
2345,29.811,-1.567,14.964,29.934,-1.534,15.005,0.1329,-2.94,53.26,-79.04,1.0748,-0.0468,15.01,-0.65,-1.01,50.4,50.4,12.6,-0.07
2346,29.804,-1.574,14.964,29.927,-1.541,15.002,0.1327,-2.94,53.28,-79.06,1.0793,-0.0465,15.07,-0.65,-1.01,50.4,50.4,12.6,-0.07
2347,29.797,-1.581,14.964,29.921,-1.549,15.0,0.1326,-2.97,53.28,-79.1,1.0819,-0.0463,15.11,-0.65,-1.01,50.4,50.4,12.6,-0.07
2348,29.79,-1.588,14.964,29.914,-1.556,15.001,0.1326,-2.97,53.31,-79.12,1.0811,-0.0461,15.09,-0.64,-1.01,50.4,50.4,12.6,-0.07
2349,29.783,-1.595,14.964,29.907,-1.563,15.001,0.1326,-2.99,53.33,-79.15,1.0807,-0.0458,15.09,-0.64,-1.01,50.4,50.4,12.6,-0.07
2350,29.776,-1.602,14.964,29.9,-1.57,15.001,0.1326,-3.01,53.35,-79.19,1.0804,-0.0456,15.09,-0.64,-1.01,50.4,50.4,12.6,-0.07
2351,29.769,-1.61,14.964,29.893,-1.577,15.001,0.1326,-3.01,53.37,-79.21,1.0801,-0.0454,15.08,-0.63,-1.01,50.4,50.4,12.6,-0.07
2352,29.762,-1.617,14.964,29.886,-1.584,15.001,0.1326,-3.03,53.37,-79.23,1.0798,-0.0452,15.08,-0.63,-1.01,50.4,50.4,12.6,-0.07
2353,29.755,-1.624,14.964,29.879,-1.592,15.001,0.1326,-3.05,53.39,-79.28,1.0795,-0.0449,15.07,-0.63,-1.01,50.4,50.4,12.6,-0.07
2354,29.748,-1.631,14.964,29.872,-1.599,15.001,0.1326,-3.05,53.42,-79.3,1.0792,-0.0447,15.07,-0.62,-1.01,50.4,50.4,12.6,-0.07
2355,29.741,-1.638,14.964,29.865,-1.606,15.001,0.1326,-3.08,53.44,-79.32,1.0788,-0.0445,15.06,-0.62,-1.01,50.4,50.4,12.6,-0.07
2356,29.735,-1.645,14.964,29.858,-1.613,15.001,0.1325,-3.1,53.44,-79.37,1.0785,-0.0443,15.06,-0.62,-1.01,50.4,50.4,12.6,-0.07
2357,29.728,-1.652,14.964,29.851,-1.62,15.001,0.1325,-3.1,53.46,-79.39,1.0782,-0.044,15.05,-0.61,-1.01,50.4,50.4,12.6,-0.07
2358,29.721,-1.66,14.964,29.844,-1.628,15.001,0.1325,-3.12,53.48,-79.41,1.0779,-0.0438,15.05,-0.61,-1.02,50.4,50.4,12.6,-0.07
2359,29.714,-1.667,14.964,29.837,-1.635,15.001,0.1325,-3.14,53.5,-79.45,1.0776,-0.0436,15.05,-0.61,-1.02,50.4,50.4,12.6,-0.07
2360,29.707,-1.674,14.964,29.83,-1.642,15.001,0.1325,-3.14,53.5,-79.48,1.0773,-0.0434,15.04,-0.61,-1.02,50.4,50.4,12.6,-0.07
2361,29.7,-1.681,14.964,29.822,-1.677,14.999,0.1275,-3.23,53.53,-79.5,1.0817,-0.0455,15.1,-0.63,-0.26,50.4,50.4,12.6,0.56
2362,29.693,-1.688,14.964,29.814,-1.717,15.0,0.1299,-3.3,53.55,-79.52,1.0835,-0.0499,15.13,-0.7,0.61,50.4,50.4,12.6,1.28
2363,29.685,-1.695,14.964,29.809,-1.696,15.0,0.1287,-3.25,53.55,-79.54,1.0843,-0.0516,15.14,-0.72,-0.14,50.4,50.4,12.6,0.65
2364,29.678,-1.702,14.964,29.803,-1.671,15.002,0.1342,-3.21,53.57,-79.58,1.0783,-0.0509,15.06,-0.71,-1.01,50.4,50.4,12.6,-0.07
2365,29.671,-1.709,14.964,29.795,-1.678,15.005,0.1344,-3.23,53.59,-79.61,1.0734,-0.0507,14.99,-0.71,-1.01,50.4,50.4,12.6,-0.07
2366,29.664,-1.716,14.964,29.789,-1.685,15.002,0.1342,-3.23,53.61,-79.65,1.078,-0.0505,15.05,-0.71,-1.01,50.4,50.4,12.6,-0.07
2367,29.657,-1.723,14.964,29.782,-1.692,15.001,0.1341,-3.25,53.64,-79.67,1.0804,-0.0503,15.09,-0.7,-1.01,50.4,50.4,12.6,-0.07
2368,29.65,-1.73,14.964,29.775,-1.699,15.001,0.1341,-3.27,53.64,-79.69,1.0796,-0.0501,15.07,-0.7,-1.01,50.4,50.4,12.6,-0.07
2369,29.643,-1.737,14.964,29.768,-1.706,15.001,0.1341,-3.27,53.66,-79.74,1.0793,-0.0498,15.07,-0.7,-1.01,50.4,50.4,12.6,-0.07
2370,29.636,-1.744,14.964,29.761,-1.713,15.001,0.1341,-3.3,53.68,-79.76,1.079,-0.0496,15.07,-0.69,-1.01,50.4,50.4,12.6,-0.07
2371,29.629,-1.751,14.964,29.754,-1.72,15.001,0.1341,-3.32,53.7,-79.78,1.0787,-0.0494,15.06,-0.69,-1.01,50.4,50.4,12.6,-0.07
2372,29.622,-1.758,14.964,29.747,-1.727,15.001,0.1341,-3.32,53.7,-79.83,1.0784,-0.0492,15.06,-0.69,-1.01,50.4,50.4,12.6,-0.07
2373,29.615,-1.766,14.964,29.74,-1.734,15.001,0.1341,-3.34,53.72,-79.85,1.078,-0.0489,15.05,-0.68,-1.01,50.4,50.4,12.6,-0.07
2374,29.607,-1.773,14.964,29.733,-1.741,15.001,0.134,-3.36,53.75,-79.87,1.0777,-0.0487,15.05,-0.68,-1.01,50.4,50.4,12.6,-0.07
2375,29.6,-1.78,14.964,29.725,-1.748,15.001,0.134,-3.36,53.77,-79.91,1.0774,-0.0485,15.04,-0.68,-1.01,50.4,50.4,12.6,-0.07
2376,29.593,-1.787,14.964,29.718,-1.755,15.001,0.134,-3.38,53.77,-79.94,1.0771,-0.0483,15.04,-0.67,-1.01,50.4,50.4,12.6,-0.07
2377,29.586,-1.794,14.964,29.711,-1.763,15.001,0.134,-3.41,53.79,-79.96,1.0768,-0.048,15.03,-0.67,-1.01,50.4,50.4,12.6,-0.07
2378,29.579,-1.801,14.964,29.704,-1.77,15.001,0.134,-3.41,53.81,-80.0,1.0765,-0.0478,15.03,-0.67,-1.01,50.4,50.4,12.6,-0.07
2379,29.572,-1.808,14.964,29.697,-1.777,15.001,0.134,-3.43,53.83,-80.02,1.0761,-0.0476,15.03,-0.66,-1.01,50.4,50.4,12.6,-0.07
2380,29.565,-1.815,14.964,29.69,-1.784,15.001,0.134,-3.43,53.85,-80.05,1.0758,-0.0474,15.02,-0.66,-1.01,50.4,50.4,12.6,-0.07
2381,29.558,-1.822,14.964,29.683,-1.805,14.999,0.1308,-3.47,53.85,-80.09,1.0796,-0.0483,15.07,-0.67,-0.63,50.4,50.4,12.6,0.24
2382,29.551,-1.829,14.964,29.674,-1.853,15.0,0.1304,-3.58,53.88,-80.11,1.0812,-0.0523,15.1,-0.73,0.46,50.4,50.4,12.6,1.12
2383,29.543,-1.836,14.964,29.668,-1.846,15.0,0.13,-3.56,53.9,-80.13,1.0824,-0.0547,15.11,-0.76,0.09,50.4,50.4,12.6,0.81
2384,29.536,-1.843,14.964,29.663,-1.812,15.002,0.1355,-3.49,53.92,-80.16,1.0764,-0.0539,15.03,-0.75,-1.0,50.4,50.4,12.6,-0.07
2385,29.529,-1.85,14.964,29.655,-1.819,15.005,0.1356,-3.52,53.94,-80.2,1.0714,-0.0537,14.96,-0.75,-1.0,50.4,50.4,12.6,-0.07
2386,29.522,-1.856,14.964,29.648,-1.826,15.002,0.1355,-3.52,53.94,-80.22,1.0762,-0.0535,15.03,-0.75,-1.01,50.4,50.4,12.6,-0.07
2387,29.515,-1.863,14.964,29.641,-1.833,15.001,0.1354,-3.54,53.96,-80.24,1.0784,-0.0533,15.06,-0.74,-1.01,50.4,50.4,12.6,-0.07
2388,29.507,-1.87,14.964,29.634,-1.84,15.001,0.1354,-3.56,53.99,-80.29,1.0776,-0.0531,15.05,-0.74,-1.01,50.4,50.4,12.6,-0.07
2389,29.5,-1.877,14.964,29.627,-1.847,15.001,0.1354,-3.56,53.99,-80.31,1.0773,-0.0528,15.04,-0.74,-1.01,50.4,50.4,12.6,-0.07
2390,29.493,-1.884,14.964,29.62,-1.854,15.001,0.1354,-3.58,54.01,-80.33,1.077,-0.0526,15.04,-0.73,-1.01,50.4,50.4,12.6,-0.07
2391,29.486,-1.891,14.964,29.613,-1.861,15.001,0.1354,-3.6,54.03,-80.38,1.0767,-0.0524,15.03,-0.73,-1.01,50.4,50.4,12.6,-0.07
2392,29.479,-1.898,14.964,29.605,-1.868,15.001,0.1354,-3.6,54.05,-80.4,1.0763,-0.0522,15.03,-0.73,-1.01,50.4,50.4,12.6,-0.07
2393,29.471,-1.905,14.964,29.598,-1.875,15.001,0.1354,-3.63,54.05,-80.42,1.076,-0.052,15.02,-0.73,-1.01,50.4,50.4,12.6,-0.07
2394,29.464,-1.912,14.964,29.591,-1.882,15.001,0.1354,-3.65,54.07,-80.46,1.0757,-0.0517,15.02,-0.72,-1.01,50.4,50.4,12.6,-0.07
2395,29.457,-1.919,14.964,29.584,-1.889,15.001,0.1354,-3.65,54.1,-80.49,1.0754,-0.0515,15.02,-0.72,-1.01,50.4,50.4,12.6,-0.07
2396,29.45,-1.926,14.964,29.577,-1.896,15.001,0.1353,-3.67,54.12,-80.51,1.0751,-0.0513,15.01,-0.72,-1.01,50.4,50.4,12.6,-0.07
2397,29.443,-1.933,14.964,29.569,-1.903,15.001,0.1353,-3.69,54.14,-80.55,1.0748,-0.0511,15.01,-0.71,-1.01,50.4,50.4,12.6,-0.07
2398,29.436,-1.94,14.964,29.562,-1.91,15.001,0.1353,-3.69,54.14,-80.57,1.0744,-0.0509,15.0,-0.71,-1.01,50.4,50.4,12.6,-0.07
2399,29.428,-1.947,14.964,29.555,-1.916,15.001,0.1353,-3.71,54.16,-80.6,1.0741,-0.0506,15.0,-0.71,-1.01,50.4,50.4,12.6,-0.07
2400,29.421,-1.954,14.964,29.548,-1.923,15.001,0.1353,-3.74,54.18,-80.64,1.0738,-0.0504,14.99,-0.7,-1.01,50.4,50.4,12.6,-0.07
2401,29.414,-1.96,14.964,29.541,-1.93,15.001,0.1353,-3.74,54.21,-80.66,1.0735,-0.0502,14.99,-0.7,-1.01,50.4,50.4,12.6,-0.07
2402,29.407,-1.967,14.964,29.532,-1.983,14.999,0.1306,-3.85,54.21,-80.68,1.0787,-0.0535,15.06,-0.75,0.22,50.4,50.4,12.6,0.9
2403,29.399,-1.974,14.964,29.525,-1.993,15.0,0.1316,-3.87,54.23,-80.73,1.0798,-0.0566,15.08,-0.79,0.32,50.4,50.4,12.6,0.97
2404,29.392,-1.981,14.964,29.52,-1.955,15.0,0.1356,-3.78,54.25,-80.75,1.0793,-0.0561,15.07,-0.78,-0.91,50.4,50.4,12.6,0.0
2405,29.385,-1.988,14.964,29.513,-1.958,15.002,0.1366,-3.8,54.27,-80.77,1.0735,-0.0558,14.99,-0.78,-1.0,50.4,50.4,12.6,-0.07
2406,29.378,-1.995,14.964,29.505,-1.965,15.005,0.1368,-3.8,54.29,-80.82,1.0686,-0.0556,14.92,-0.78,-1.0,50.4,50.4,12.6,-0.07
2407,29.37,-2.002,14.964,29.498,-1.972,15.002,0.1366,-3.82,54.29,-80.84,1.0734,-0.0554,14.99,-0.77,-1.0,50.4,50.4,12.6,-0.07
2408,29.363,-2.008,14.964,29.491,-1.979,15.001,0.1365,-3.85,54.32,-80.86,1.0755,-0.0552,15.02,-0.77,-1.0,50.4,50.4,12.6,-0.07
2409,29.356,-2.015,14.964,29.484,-1.986,15.001,0.1365,-3.85,54.34,-80.9,1.0747,-0.055,15.01,-0.77,-1.01,50.4,50.4,12.6,-0.07
2410,29.348,-2.022,14.964,29.476,-1.993,15.001,0.1365,-3.87,54.34,-80.93,1.0744,-0.0547,15.0,-0.76,-1.01,50.4,50.4,12.6,-0.07
2411,29.341,-2.029,14.964,29.469,-1.999,15.001,0.1365,-3.89,54.36,-80.95,1.0741,-0.0545,15.0,-0.76,-1.01,50.4,50.4,12.6,-0.07
2412,29.334,-2.036,14.964,29.462,-2.006,15.001,0.1365,-3.89,54.38,-80.99,1.0738,-0.0543,14.99,-0.76,-1.01,50.4,50.4,12.6,-0.07
2413,29.327,-2.043,14.964,29.455,-2.013,15.001,0.1365,-3.91,54.4,-81.01,1.0735,-0.0541,14.99,-0.76,-1.01,50.4,50.4,12.6,-0.07
2414,29.319,-2.049,14.964,29.447,-2.02,15.001,0.1365,-3.93,54.43,-81.04,1.0732,-0.0539,14.98,-0.75,-1.01,50.4,50.4,12.6,-0.07
2415,29.312,-2.056,14.964,29.44,-2.027,15.001,0.1365,-3.93,54.43,-81.08,1.0728,-0.0537,14.98,-0.75,-1.01,50.4,50.4,12.6,-0.07
2416,29.305,-2.063,14.964,29.433,-2.034,15.001,0.1365,-3.96,54.45,-81.1,1.0725,-0.0534,14.98,-0.75,-1.01,50.4,50.4,12.6,-0.07
2417,29.297,-2.07,14.964,29.425,-2.041,15.001,0.1365,-3.98,54.47,-81.12,1.0722,-0.0532,14.97,-0.74,-1.01,50.4,50.4,12.6,-0.07
2418,29.29,-2.077,14.964,29.418,-2.048,15.001,0.1365,-3.98,54.49,-81.17,1.0719,-0.053,14.97,-0.74,-1.01,50.4,50.4,12.6,-0.07
2419,29.283,-2.084,14.964,29.411,-2.054,15.001,0.1365,-4.0,54.49,-81.19,1.0716,-0.0528,14.96,-0.74,-1.01,50.4,50.4,12.6,-0.07
2420,29.276,-2.09,14.964,29.404,-2.061,15.001,0.1365,-4.0,54.51,-81.23,1.0713,-0.0526,14.96,-0.73,-1.01,50.4,50.4,12.6,-0.07
2421,29.268,-2.097,14.964,29.396,-2.068,15.001,0.1365,-4.02,54.54,-81.25,1.0709,-0.0524,14.95,-0.73,-1.01,50.4,50.4,12.6,-0.07
2422,29.261,-2.104,14.963,29.388,-2.096,14.999,0.1324,-4.09,54.56,-81.28,1.0751,-0.0538,15.01,-0.75,-0.43,50.4,50.4,12.6,0.38
2423,29.254,-2.111,14.963,29.38,-2.125,15.0,0.132,-4.13,54.56,-81.3,1.076,-0.0566,15.02,-0.79,0.16,50.4,50.4,12.6,0.84
2424,29.246,-2.118,14.963,29.374,-2.111,15.0,0.1332,-4.11,54.58,-81.34,1.0764,-0.0575,15.03,-0.8,-0.41,50.4,50.4,12.6,0.39
2425,29.239,-2.124,14.963,29.368,-2.096,15.002,0.1376,-4.09,54.6,-81.36,1.0705,-0.0571,14.95,-0.8,-1.0,50.4,50.4,12.6,-0.07
2426,29.232,-2.131,14.963,29.36,-2.102,15.005,0.1377,-4.09,54.62,-81.39,1.0655,-0.0569,14.88,-0.79,-1.0,50.4,50.4,12.6,-0.07
2427,29.224,-2.138,14.963,29.353,-2.109,15.002,0.1376,-4.11,54.65,-81.43,1.0706,-0.0567,14.95,-0.79,-1.0,50.4,50.4,12.6,-0.07
2428,29.217,-2.145,14.963,29.346,-2.116,15.001,0.1375,-4.13,54.65,-81.45,1.0724,-0.0564,14.97,-0.79,-1.0,50.4,50.4,12.6,-0.07
2429,29.21,-2.151,14.963,29.339,-2.123,15.001,0.1375,-4.13,54.67,-81.47,1.0717,-0.0562,14.96,-0.79,-1.01,50.4,50.4,12.6,-0.07
2430,29.202,-2.158,14.963,29.331,-2.13,15.001,0.1375,-4.15,54.69,-81.52,1.0714,-0.056,14.96,-0.78,-1.01,50.4,50.4,12.6,-0.07
2431,29.195,-2.165,14.963,29.324,-2.136,15.001,0.1375,-4.17,54.71,-81.54,1.071,-0.0558,14.95,-0.78,-1.01,50.4,50.4,12.6,-0.07
2432,29.187,-2.172,14.963,29.317,-2.143,15.001,0.1375,-4.17,54.71,-81.56,1.0707,-0.0556,14.95,-0.78,-1.01,50.4,50.4,12.6,-0.07
2433,29.18,-2.178,14.963,29.309,-2.15,15.001,0.1375,-4.2,54.73,-81.61,1.0704,-0.0554,14.95,-0.77,-1.01,50.4,50.4,12.6,-0.07
2434,29.173,-2.185,14.963,29.302,-2.157,15.001,0.1375,-4.22,54.76,-81.63,1.0701,-0.0552,14.94,-0.77,-1.01,50.4,50.4,12.6,-0.07
2435,29.165,-2.192,14.963,29.295,-2.163,15.001,0.1375,-4.22,54.78,-81.65,1.0698,-0.0549,14.94,-0.77,-1.01,50.4,50.4,12.6,-0.07
2436,29.158,-2.199,14.963,29.287,-2.17,15.001,0.1375,-4.24,54.78,-81.69,1.0695,-0.0547,14.93,-0.76,-1.01,50.4,50.4,12.6,-0.07
2437,29.151,-2.205,14.963,29.28,-2.177,15.001,0.1375,-4.26,54.8,-81.72,1.0692,-0.0545,14.93,-0.76,-1.01,50.4,50.4,12.6,-0.07
2438,29.143,-2.212,14.963,29.272,-2.184,15.001,0.1375,-4.26,54.82,-81.76,1.0688,-0.0543,14.92,-0.76,-1.01,50.4,50.4,12.6,-0.07
2439,29.136,-2.219,14.963,29.265,-2.191,15.001,0.1374,-4.28,54.84,-81.78,1.0685,-0.0541,14.92,-0.76,-1.01,50.4,50.4,12.6,-0.07
2440,29.129,-2.226,14.963,29.258,-2.197,15.001,0.1374,-4.28,54.87,-81.8,1.0682,-0.0539,14.92,-0.75,-1.01,50.4,50.4,12.6,-0.07
2441,29.121,-2.232,14.963,29.25,-2.204,15.001,0.1374,-4.31,54.87,-81.85,1.0679,-0.0537,14.91,-0.75,-1.01,50.4,50.4,12.6,-0.07
2442,29.114,-2.239,14.963,29.243,-2.211,15.001,0.1374,-4.33,54.89,-81.87,1.0676,-0.0535,14.91,-0.75,-1.01,50.4,50.4,12.6,-0.07
2443,29.106,-2.246,14.963,29.234,-2.254,14.999,0.1326,-4.42,54.91,-81.89,1.0724,-0.056,14.97,-0.78,-0.01,50.4,50.4,12.6,0.69
2444,29.099,-2.253,14.963,29.227,-2.262,15.0,0.1331,-4.42,54.91,-81.91,1.073,-0.0581,14.98,-0.81,0.01,50.4,50.4,12.6,0.7
2445,29.092,-2.259,14.963,29.222,-2.232,15.0,0.1382,-4.37,54.93,-81.96,1.0724,-0.0576,14.97,-0.8,-0.99,50.4,50.4,12.6,-0.06
2446,29.084,-2.266,14.963,29.214,-2.238,15.002,0.1384,-4.37,54.95,-81.98,1.0667,-0.0573,14.89,-0.8,-1.01,50.4,50.4,12.6,-0.07
2447,29.077,-2.273,14.963,29.206,-2.245,15.005,0.1385,-4.39,54.98,-82.0,1.0617,-0.0571,14.82,-0.8,-1.01,50.4,50.4,12.6,-0.07
2448,29.069,-2.279,14.963,29.199,-2.252,15.002,0.1384,-4.42,55.0,-82.05,1.0669,-0.0569,14.9,-0.79,-1.01,50.4,50.4,12.6,-0.07
2449,29.062,-2.286,14.963,29.192,-2.258,15.001,0.1383,-4.42,55.0,-82.07,1.0686,-0.0567,14.92,-0.79,-1.01,50.4,50.4,12.6,-0.07
2450,29.055,-2.293,14.963,29.185,-2.265,15.001,0.1383,-4.44,55.02,-82.09,1.0678,-0.0565,14.91,-0.79,-1.01,50.4,50.4,12.6,-0.07
2451,29.047,-2.299,14.963,29.177,-2.272,15.001,0.1383,-4.46,55.04,-82.13,1.0675,-0.0563,14.91,-0.79,-1.01,50.4,50.4,12.6,-0.07
2452,29.04,-2.306,14.963,29.17,-2.278,15.001,0.1383,-4.46,55.06,-82.16,1.0672,-0.0561,14.9,-0.78,-1.01,50.4,50.4,12.6,-0.07
2453,29.032,-2.313,14.963,29.162,-2.285,15.001,0.1383,-4.48,55.09,-82.2,1.0669,-0.0559,14.9,-0.78,-1.01,50.4,50.4,12.6,-0.07
2454,29.025,-2.319,14.963,29.155,-2.292,15.001,0.1383,-4.5,55.09,-82.22,1.0666,-0.0557,14.89,-0.78,-1.01,50.4,50.4,12.6,-0.07
2455,29.017,-2.326,14.963,29.148,-2.299,15.001,0.1383,-4.5,55.11,-82.24,1.0663,-0.0554,14.89,-0.77,-1.01,50.4,50.4,12.6,-0.07
2456,29.01,-2.333,14.963,29.14,-2.305,15.001,0.1383,-4.53,55.13,-82.29,1.066,-0.0552,14.88,-0.77,-1.01,50.4,50.4,12.6,-0.07
2457,29.003,-2.339,14.963,29.133,-2.312,15.001,0.1383,-4.55,55.15,-82.31,1.0656,-0.055,14.88,-0.77,-1.01,50.4,50.4,12.6,-0.07
2458,28.995,-2.346,14.963,29.125,-2.319,15.001,0.1383,-4.55,55.17,-82.33,1.0653,-0.0548,14.87,-0.77,-1.01,50.4,50.4,12.6,-0.07
2459,28.988,-2.353,14.963,29.118,-2.325,15.001,0.1383,-4.57,55.17,-82.38,1.065,-0.0546,14.87,-0.76,-1.01,50.4,50.4,12.6,-0.07
2460,28.98,-2.36,14.963,29.11,-2.332,15.001,0.1383,-4.57,55.2,-82.4,1.0647,-0.0544,14.87,-0.76,-1.01,50.4,50.4,12.6,-0.07
2461,28.973,-2.366,14.963,29.103,-2.339,15.001,0.1383,-4.59,55.22,-82.42,1.0644,-0.0542,14.86,-0.76,-1.01,50.4,50.4,12.6,-0.07
2462,28.965,-2.373,14.963,29.095,-2.346,15.001,0.1383,-4.61,55.24,-82.46,1.0641,-0.054,14.86,-0.75,-1.01,50.4,50.4,12.6,-0.07
2463,28.958,-2.38,14.963,29.088,-2.366,14.999,0.1353,-4.66,55.24,-82.49,1.0679,-0.0548,14.91,-0.76,-0.65,50.4,50.4,12.6,0.21
2464,28.951,-2.386,14.963,29.079,-2.39,15.0,0.1338,-4.7,55.26,-82.51,1.0683,-0.0567,14.92,-0.79,-0.15,50.4,50.4,12.6,0.58
2465,28.943,-2.393,14.963,29.073,-2.384,15.0,0.1353,-4.68,55.28,-82.53,1.0686,-0.0575,14.92,-0.8,-0.52,50.4,50.4,12.6,0.3
2466,28.936,-2.399,14.963,29.066,-2.372,15.002,0.1391,-4.66,55.31,-82.57,1.0627,-0.0571,14.84,-0.8,-1.01,50.4,50.4,12.6,-0.07
2467,28.928,-2.406,14.963,29.058,-2.379,15.005,0.1392,-4.68,55.33,-82.6,1.0577,-0.0569,14.77,-0.79,-1.01,50.4,50.4,12.6,-0.07
2468,28.921,-2.413,14.963,29.051,-2.386,15.002,0.139,-4.7,55.33,-82.64,1.0631,-0.0567,14.84,-0.79,-1.01,50.4,50.4,12.6,-0.07
2469,28.913,-2.419,14.963,29.044,-2.392,15.001,0.139,-4.7,55.35,-82.66,1.0646,-0.0565,14.86,-0.79,-1.01,50.4,50.4,12.6,-0.07
2470,28.906,-2.426,14.963,29.037,-2.399,15.001,0.139,-4.72,55.37,-82.68,1.0639,-0.0563,14.85,-0.79,-1.01,50.4,50.4,12.6,-0.07
2471,28.898,-2.433,14.963,29.029,-2.406,15.001,0.139,-4.75,55.39,-82.73,1.0636,-0.056,14.85,-0.78,-1.01,50.4,50.4,12.6,-0.07
2472,28.891,-2.439,14.963,29.022,-2.412,15.001,0.139,-4.75,55.39,-82.75,1.0633,-0.0558,14.85,-0.78,-1.01,50.4,50.4,12.6,-0.07
2473,28.883,-2.446,14.963,29.014,-2.419,15.001,0.139,-4.77,55.42,-82.77,1.063,-0.0556,14.84,-0.78,-1.01,50.4,50.4,12.6,-0.07
2474,28.876,-2.452,14.963,29.007,-2.426,15.001,0.139,-4.79,55.44,-82.81,1.0626,-0.0554,14.84,-0.77,-1.01,50.4,50.4,12.6,-0.07
2475,28.868,-2.459,14.963,28.999,-2.432,15.001,0.139,-4.79,55.46,-82.84,1.0623,-0.0552,14.83,-0.77,-1.01,50.4,50.4,12.6,-0.07
2476,28.861,-2.466,14.963,28.992,-2.439,15.001,0.139,-4.81,55.46,-82.86,1.062,-0.055,14.83,-0.77,-1.01,50.4,50.4,12.6,-0.07
2477,28.853,-2.472,14.963,28.984,-2.446,15.001,0.139,-4.81,55.48,-82.9,1.0617,-0.0548,14.82,-0.77,-1.01,50.4,50.4,12.6,-0.07
2478,28.846,-2.479,14.963,28.977,-2.452,15.001,0.1389,-4.83,55.5,-82.92,1.0614,-0.0546,14.82,-0.76,-1.01,50.4,50.4,12.6,-0.07
2479,28.838,-2.486,14.963,28.969,-2.459,15.001,0.1389,-4.86,55.52,-82.95,1.0611,-0.0544,14.82,-0.76,-1.01,50.4,50.4,12.6,-0.07
2480,28.831,-2.492,14.963,28.962,-2.466,15.001,0.1389,-4.86,55.55,-82.99,1.0608,-0.0542,14.81,-0.76,-1.01,50.4,50.4,12.6,-0.07
2481,28.823,-2.499,14.963,28.954,-2.472,15.001,0.1389,-4.88,55.55,-83.01,1.0604,-0.054,14.81,-0.75,-1.01,50.4,50.4,12.6,-0.07
2482,28.816,-2.505,14.963,28.947,-2.479,15.001,0.1389,-4.9,55.57,-83.03,1.0601,-0.0538,14.8,-0.75,-1.01,50.4,50.4,12.6,-0.07
2483,28.808,-2.512,14.963,28.939,-2.485,15.001,0.1389,-4.9,55.59,-83.08,1.0598,-0.0536,14.8,-0.75,-1.01,50.4,50.4,12.6,-0.07
2484,28.801,-2.519,14.963,28.931,-2.514,14.999,0.1349,-4.97,55.59,-83.1,1.064,-0.0549,14.86,-0.77,-0.42,50.4,50.4,12.6,0.38
2485,28.793,-2.525,14.963,28.923,-2.524,15.0,0.1349,-4.99,55.61,-83.12,1.0642,-0.0564,14.86,-0.79,-0.31,50.4,50.4,12.6,0.46
2486,28.786,-2.532,14.963,28.917,-2.509,15.0,0.1385,-4.97,55.63,-83.17,1.0638,-0.0562,14.85,-0.78,-0.9,50.4,50.4,12.6,0.01
2487,28.778,-2.538,14.963,28.91,-2.512,15.002,0.1396,-4.97,55.66,-83.19,1.058,-0.0559,14.77,-0.78,-1.01,50.4,50.4,12.6,-0.07
2488,28.771,-2.545,14.963,28.902,-2.519,15.005,0.1397,-4.99,55.68,-83.21,1.0531,-0.0557,14.7,-0.78,-1.01,50.4,50.4,12.6,-0.07
2489,28.763,-2.552,14.963,28.895,-2.525,15.002,0.1396,-4.99,55.7,-83.25,1.0586,-0.0555,14.78,-0.78,-1.01,50.4,50.4,12.6,-0.07
2490,28.756,-2.558,14.963,28.887,-2.532,15.001,0.1395,-5.01,55.7,-83.28,1.0599,-0.0553,14.8,-0.77,-1.01,50.4,50.4,12.6,-0.07
2491,28.748,-2.565,14.963,28.88,-2.539,15.001,0.1395,-5.03,55.72,-83.3,1.0592,-0.0551,14.79,-0.77,-1.01,50.4,50.4,12.6,-0.07
2492,28.741,-2.571,14.963,28.872,-2.545,15.001,0.1395,-5.03,55.74,-83.34,1.0589,-0.0549,14.79,-0.77,-1.01,50.4,50.4,12.6,-0.07
2493,28.733,-2.578,14.963,28.865,-2.552,15.001,0.1395,-5.05,55.77,-83.36,1.0586,-0.0547,14.78,-0.76,-1.01,50.4,50.4,12.6,-0.07
2494,28.726,-2.584,14.963,28.857,-2.558,15.001,0.1395,-5.08,55.77,-83.39,1.0583,-0.0545,14.78,-0.76,-1.01,50.4,50.4,12.6,-0.07
2495,28.718,-2.591,14.963,28.85,-2.565,15.001,0.1395,-5.08,55.79,-83.43,1.058,-0.0543,14.77,-0.76,-1.02,50.4,50.4,12.6,-0.07
2496,28.711,-2.598,14.963,28.842,-2.572,15.001,0.1395,-5.1,55.81,-83.45,1.0577,-0.0541,14.77,-0.76,-1.02,50.4,50.4,12.6,-0.07
2497,28.703,-2.604,14.963,28.835,-2.578,15.001,0.1395,-5.12,55.83,-83.47,1.0574,-0.0539,14.76,-0.75,-1.02,50.4,50.4,12.6,-0.07
2498,28.696,-2.611,14.963,28.827,-2.585,15.001,0.1395,-5.12,55.83,-83.52,1.057,-0.0537,14.76,-0.75,-1.02,50.4,50.4,12.6,-0.07
2499,28.688,-2.617,14.963,28.82,-2.591,15.001,0.1395,-5.14,55.85,-83.54,1.0567,-0.0535,14.75,-0.75,-1.02,50.4,50.4,12.6,-0.07
2500,28.681,-2.624,14.963,28.812,-2.598,15.001,0.1395,-5.14,55.88,-83.56,1.0564,-0.0533,14.75,-0.74,-1.02,50.4,50.4,12.6,-0.07
2501,28.673,-2.63,14.963,28.805,-2.605,15.001,0.1395,-5.16,55.9,-83.61,1.0561,-0.0531,14.75,-0.74,-1.02,50.4,50.4,12.6,-0.07
2502,28.666,-2.637,14.963,28.797,-2.611,15.001,0.1395,-5.19,55.92,-83.63,1.0558,-0.0529,14.74,-0.74,-1.02,50.4,50.4,12.6,-0.07
2503,28.658,-2.644,14.963,28.79,-2.618,15.001,0.1394,-5.19,55.92,-83.65,1.0555,-0.0527,14.74,-0.74,-1.02,50.4,50.4,12.6,-0.07
2504,28.65,-2.65,14.963,28.782,-2.63,14.999,0.1381,-5.23,55.94,-83.69,1.059,-0.0529,14.79,-0.74,-0.87,50.4,50.4,12.6,0.05
2505,28.643,-2.657,14.963,28.773,-2.651,15.0,0.1357,-5.27,55.96,-83.72,1.059,-0.054,14.79,-0.75,-0.46,50.4,50.4,12.6,0.35
2506,28.635,-2.663,14.962,28.766,-2.652,15.0,0.1367,-5.27,55.96,-83.74,1.0592,-0.0547,14.79,-0.76,-0.61,50.4,50.4,12.6,0.24
2507,28.628,-2.67,14.962,28.76,-2.644,15.002,0.14,-5.25,55.99,-83.76,1.0533,-0.0543,14.71,-0.76,-1.02,50.4,50.4,12.6,-0.07
2508,28.62,-2.676,14.962,28.751,-2.651,15.005,0.1401,-5.27,56.01,-83.8,1.0483,-0.0541,14.64,-0.76,-1.02,50.4,50.4,12.6,-0.07
2509,28.613,-2.683,14.962,28.745,-2.657,15.001,0.1399,-5.27,56.03,-83.83,1.0541,-0.0539,14.72,-0.75,-1.02,50.4,50.4,12.6,-0.07
2510,28.605,-2.689,14.962,28.737,-2.664,15.001,0.1399,-5.3,56.05,-83.85,1.0551,-0.0537,14.73,-0.75,-1.02,50.4,50.4,12.6,-0.07
2511,28.598,-2.696,14.962,28.73,-2.67,15.001,0.1399,-5.32,56.05,-83.89,1.0545,-0.0535,14.72,-0.75,-1.02,50.4,50.4,12.6,-0.07
2512,28.59,-2.702,14.962,28.722,-2.677,15.001,0.1399,-5.32,56.07,-83.91,1.0542,-0.0533,14.72,-0.74,-1.02,50.4,50.4,12.6,-0.07
2513,28.582,-2.709,14.962,28.715,-2.684,15.001,0.1399,-5.34,56.1,-83.94,1.0539,-0.0531,14.71,-0.74,-1.02,50.4,50.4,12.6,-0.07
2514,28.575,-2.715,14.962,28.707,-2.69,15.001,0.1399,-5.36,56.12,-83.98,1.0536,-0.0529,14.71,-0.74,-1.02,50.4,50.4,12.6,-0.07
2515,28.567,-2.722,14.962,28.699,-2.697,15.001,0.1399,-5.36,56.14,-84.0,1.0533,-0.0527,14.71,-0.74,-1.02,50.4,50.4,12.6,-0.07
2516,28.56,-2.729,14.962,28.692,-2.703,15.001,0.1399,-5.38,56.14,-84.02,1.0529,-0.0525,14.7,-0.73,-1.02,50.4,50.4,12.6,-0.07
2517,28.552,-2.735,14.962,28.684,-2.71,15.001,0.1399,-5.41,56.16,-84.07,1.0526,-0.0523,14.7,-0.73,-1.02,50.4,50.4,12.6,-0.07
2518,28.545,-2.742,14.962,28.677,-2.716,15.001,0.1399,-5.41,56.18,-84.09,1.0523,-0.0521,14.69,-0.73,-1.02,50.4,50.4,12.6,-0.07
2519,28.537,-2.748,14.962,28.669,-2.723,15.001,0.1399,-5.43,56.21,-84.11,1.052,-0.0519,14.69,-0.72,-1.02,50.4,50.4,12.6,-0.07
2520,28.53,-2.755,14.962,28.662,-2.729,15.001,0.1398,-5.45,56.21,-84.16,1.0517,-0.0517,14.68,-0.72,-1.02,50.4,50.4,12.6,-0.07
2521,28.522,-2.761,14.962,28.654,-2.736,15.001,0.1398,-5.45,56.23,-84.18,1.0514,-0.0515,14.68,-0.72,-1.02,50.4,50.4,12.6,-0.07
2522,28.514,-2.768,14.962,28.646,-2.743,15.001,0.1398,-5.47,56.25,-84.2,1.0511,-0.0513,14.68,-0.72,-1.02,50.4,50.4,12.6,-0.07
2523,28.507,-2.774,14.962,28.639,-2.749,15.001,0.1398,-5.49,56.27,-84.24,1.0508,-0.0511,14.67,-0.71,-1.02,50.4,50.4,12.6,-0.07
2524,28.499,-2.781,14.962,28.631,-2.756,15.001,0.1398,-5.49,56.27,-84.27,1.0505,-0.0509,14.67,-0.71,-1.02,50.4,50.4,12.6,-0.07
2525,28.492,-2.787,14.962,28.623,-2.773,14.999,0.1374,-5.54,56.29,-84.29,1.0542,-0.0515,14.72,-0.72,-0.72,50.4,50.4,12.6,0.16
2526,28.484,-2.794,14.962,28.616,-2.784,15.0,0.1369,-5.56,56.32,-84.33,1.0539,-0.0522,14.72,-0.73,-0.62,50.4,50.4,12.6,0.24
2527,28.477,-2.8,14.962,28.609,-2.779,15.0,0.1391,-5.56,56.34,-84.35,1.0537,-0.0521,14.71,-0.73,-0.91,50.4,50.4,12.6,0.02
2528,28.469,-2.807,14.962,28.601,-2.782,15.002,0.1402,-5.56,56.36,-84.38,1.0479,-0.0519,14.63,-0.72,-1.02,50.4,50.4,12.6,-0.07
2529,28.461,-2.813,14.962,28.593,-2.788,15.005,0.1404,-5.56,56.38,-84.42,1.0429,-0.0517,14.56,-0.72,-1.02,50.4,50.4,12.6,-0.07
2530,28.454,-2.82,14.962,28.586,-2.795,15.001,0.1402,-5.58,56.38,-84.44,1.0489,-0.0515,14.65,-0.72,-1.02,50.4,50.4,12.6,-0.07
2531,28.446,-2.826,14.962,28.579,-2.802,15.001,0.1401,-5.6,56.4,-84.46,1.0497,-0.0513,14.66,-0.72,-1.02,50.4,50.4,12.6,-0.07
2532,28.439,-2.833,14.962,28.571,-2.808,15.001,0.1401,-5.6,56.43,-84.51,1.0491,-0.0511,14.65,-0.71,-1.02,50.4,50.4,12.6,-0.07
2533,28.431,-2.839,14.962,28.564,-2.815,15.001,0.1401,-5.62,56.43,-84.53,1.0488,-0.0509,14.64,-0.71,-1.02,50.4,50.4,12.6,-0.07
2534,28.424,-2.846,14.962,28.556,-2.821,15.001,0.1401,-5.65,56.45,-84.55,1.0485,-0.0507,14.64,-0.71,-1.03,50.4,50.4,12.6,-0.07
2535,28.416,-2.852,14.962,28.548,-2.828,15.001,0.1401,-5.65,56.47,-84.57,1.0482,-0.0505,14.64,-0.7,-1.03,50.4,50.4,12.6,-0.07
2536,28.408,-2.859,14.962,28.541,-2.834,15.001,0.1401,-5.67,56.49,-84.62,1.0479,-0.0503,14.63,-0.7,-1.03,50.4,50.4,12.6,-0.07
2537,28.401,-2.865,14.962,28.533,-2.841,15.001,0.1401,-5.69,56.49,-84.64,1.0475,-0.0501,14.63,-0.7,-1.03,50.4,50.4,12.6,-0.07
2538,28.393,-2.872,14.962,28.526,-2.847,15.001,0.1401,-5.69,56.51,-84.66,1.0472,-0.0499,14.62,-0.7,-1.03,50.4,50.4,12.6,-0.07
2539,28.386,-2.878,14.962,28.518,-2.854,15.001,0.1401,-5.71,56.54,-84.7,1.0469,-0.0497,14.62,-0.69,-1.03,50.4,50.4,12.6,-0.07
2540,28.378,-2.885,14.962,28.51,-2.86,15.001,0.1401,-5.73,56.56,-84.73,1.0466,-0.0495,14.61,-0.69,-1.03,50.4,50.4,12.6,-0.07
2541,28.37,-2.891,14.962,28.503,-2.867,15.001,0.1401,-5.73,56.58,-84.75,1.0463,-0.0493,14.61,-0.69,-1.03,50.4,50.4,12.6,-0.07
2542,28.363,-2.898,14.962,28.495,-2.873,15.001,0.1401,-5.76,56.58,-84.79,1.046,-0.0491,14.6,-0.69,-1.03,50.4,50.4,12.6,-0.07
2543,28.355,-2.904,14.962,28.488,-2.88,15.001,0.1401,-5.78,56.6,-84.81,1.0457,-0.0489,14.6,-0.68,-1.03,50.4,50.4,12.6,-0.07
2544,28.348,-2.911,14.962,28.48,-2.887,15.001,0.1401,-5.78,56.62,-84.84,1.0454,-0.0487,14.6,-0.68,-1.03,50.4,50.4,12.6,-0.07
2545,28.34,-2.917,14.962,28.473,-2.896,14.999,0.1394,-5.8,56.62,-84.88,1.0487,-0.0487,14.64,-0.68,-0.96,50.4,50.4,12.6,-0.01
2546,28.333,-2.924,14.962,28.464,-2.909,15.0,0.138,-5.84,56.65,-84.9,1.0483,-0.0491,14.64,-0.69,-0.77,50.4,50.4,12.6,0.14
2547,28.325,-2.93,14.962,28.457,-2.913,15.0,0.1386,-5.84,56.67,-84.92,1.0483,-0.0493,14.64,-0.69,-0.84,50.4,50.4,12.6,0.09
2548,28.317,-2.937,14.962,28.45,-2.913,15.002,0.1403,-5.84,56.69,-84.97,1.0424,-0.049,14.56,-0.68,-1.03,50.4,50.4,12.6,-0.07
2549,28.31,-2.943,14.962,28.441,-2.919,15.005,0.1405,-5.87,56.71,-84.99,1.0375,-0.0488,14.49,-0.68,-1.03,50.4,50.4,12.6,-0.07
2550,28.302,-2.95,14.962,28.435,-2.926,15.001,0.1403,-5.87,56.71,-85.01,1.0437,-0.0486,14.57,-0.68,-1.03,50.4,50.4,12.6,-0.07
2551,28.295,-2.956,14.962,28.427,-2.932,15.001,0.1403,-5.89,56.73,-85.03,1.0442,-0.0485,14.58,-0.68,-1.03,50.4,50.4,12.6,-0.07
2552,28.287,-2.963,14.962,28.42,-2.939,15.001,0.1403,-5.91,56.76,-85.08,1.0437,-0.0483,14.57,-0.67,-1.03,50.4,50.4,12.6,-0.07
2553,28.279,-2.969,14.962,28.412,-2.945,15.001,0.1402,-5.91,56.78,-85.1,1.0434,-0.0481,14.57,-0.67,-1.03,50.4,50.4,12.6,-0.07
2554,28.272,-2.976,14.962,28.404,-2.952,15.001,0.1402,-5.93,56.78,-85.12,1.043,-0.0479,14.56,-0.67,-1.03,50.4,50.4,12.6,-0.07
2555,28.264,-2.982,14.962,28.397,-2.958,15.001,0.1402,-5.95,56.8,-85.17,1.0427,-0.0477,14.56,-0.67,-1.03,50.4,50.4,12.6,-0.07
2556,28.257,-2.989,14.962,28.389,-2.965,15.001,0.1402,-5.95,56.82,-85.19,1.0424,-0.0475,14.56,-0.66,-1.03,50.4,50.4,12.6,-0.07
2557,28.249,-2.995,14.962,28.382,-2.971,15.001,0.1402,-5.98,56.84,-85.21,1.0421,-0.0473,14.55,-0.66,-1.03,50.4,50.4,12.6,-0.07
2558,28.241,-3.002,14.962,28.374,-2.978,15.001,0.1402,-6.0,56.87,-85.25,1.0418,-0.0471,14.55,-0.66,-1.03,50.4,50.4,12.6,-0.07
2559,28.234,-3.008,14.962,28.366,-2.984,15.001,0.1402,-6.0,56.87,-85.28,1.0415,-0.0469,14.54,-0.65,-1.03,50.4,50.4,12.6,-0.07
2560,28.226,-3.015,14.962,28.359,-2.991,15.001,0.1402,-6.02,56.89,-85.3,1.0412,-0.0467,14.54,-0.65,-1.03,50.4,50.4,12.6,-0.07
2561,28.219,-3.021,14.962,28.351,-2.997,15.001,0.1402,-6.04,56.91,-85.34,1.0409,-0.0465,14.53,-0.65,-1.04,50.4,50.4,12.6,-0.07
2562,28.211,-3.028,14.962,28.343,-3.004,15.001,0.1402,-6.04,56.93,-85.36,1.0406,-0.0463,14.53,-0.65,-1.04,50.4,50.4,12.6,-0.07
2563,28.203,-3.034,14.962,28.336,-3.01,15.001,0.1402,-6.06,56.93,-85.39,1.0403,-0.0461,14.53,-0.64,-1.04,50.4,50.4,12.6,-0.07
2564,28.196,-3.041,14.962,28.328,-3.017,15.001,0.1402,-6.09,56.95,-85.41,1.04,-0.0459,14.52,-0.64,-1.04,50.4,50.4,12.6,-0.07
2565,28.188,-3.047,14.962,28.321,-3.023,15.001,0.1402,-6.09,56.98,-85.45,1.0397,-0.0457,14.52,-0.64,-1.04,50.4,50.4,12.6,-0.06
2566,28.181,-3.054,14.962,28.313,-3.034,14.999,0.1392,-6.11,56.98,-85.47,1.0431,-0.0458,14.56,-0.64,-0.93,50.4,50.4,12.6,0.03
2567,28.173,-3.06,14.962,28.305,-3.041,15.0,0.1391,-6.13,57.0,-85.5,1.0425,-0.0458,14.56,-0.64,-0.92,50.4,50.4,12.6,0.04
2568,28.165,-3.067,14.962,28.298,-3.043,15.0,0.1401,-6.13,57.02,-85.54,1.0421,-0.0456,14.55,-0.64,-1.02,50.4,50.4,12.6,-0.05
2569,28.158,-3.073,14.962,28.29,-3.049,15.002,0.1403,-6.15,57.04,-85.56,1.0364,-0.0454,14.47,-0.63,-1.04,50.4,50.4,12.6,-0.06
2570,28.15,-3.079,14.962,28.282,-3.056,15.005,0.1404,-6.17,57.06,-85.58,1.0314,-0.0452,14.4,-0.63,-1.04,50.4,50.4,12.6,-0.06
2571,28.143,-3.086,14.962,28.275,-3.062,15.001,0.1402,-6.17,57.06,-85.63,1.0377,-0.045,14.49,-0.63,-1.04,50.4,50.4,12.6,-0.06
2572,28.135,-3.092,14.962,28.268,-3.069,15.001,0.1402,-6.2,57.08,-85.65,1.0384,-0.0448,14.5,-0.63,-1.04,50.4,50.4,12.6,-0.06
2573,28.127,-3.099,14.962,28.26,-3.075,15.001,0.1402,-6.22,57.11,-85.67,1.0376,-0.0447,14.49,-0.62,-1.04,50.4,50.4,12.6,-0.06
2574,28.12,-3.105,14.962,28.252,-3.082,15.001,0.1402,-6.22,57.13,-85.69,1.0373,-0.0445,14.48,-0.62,-1.04,50.4,50.4,12.6,-0.06
2575,28.112,-3.112,14.962,28.245,-3.088,15.001,0.1402,-6.24,57.13,-85.74,1.037,-0.0443,14.48,-0.62,-1.04,50.4,50.4,12.6,-0.06
2576,28.105,-3.118,14.962,28.237,-3.095,15.001,0.1402,-6.26,57.15,-85.76,1.0367,-0.0441,14.47,-0.62,-1.04,50.4,50.4,12.6,-0.06
2577,28.097,-3.125,14.962,28.229,-3.101,15.001,0.1402,-6.26,57.17,-85.78,1.0364,-0.0439,14.47,-0.61,-1.04,50.4,50.4,12.6,-0.06
2578,28.089,-3.131,14.962,28.222,-3.108,15.001,0.1402,-6.28,57.19,-85.83,1.0361,-0.0437,14.47,-0.61,-1.04,50.4,50.4,12.6,-0.06
2579,28.082,-3.138,14.962,28.214,-3.115,15.001,0.1402,-6.31,57.22,-85.85,1.0358,-0.0435,14.46,-0.61,-1.04,50.4,50.4,12.6,-0.06
2580,28.074,-3.144,14.962,28.207,-3.121,15.001,0.1402,-6.31,57.22,-85.87,1.0355,-0.0433,14.46,-0.6,-1.04,50.4,50.4,12.6,-0.06
2581,28.067,-3.151,14.962,28.199,-3.128,15.001,0.1402,-6.33,57.24,-85.89,1.0352,-0.0431,14.45,-0.6,-1.04,50.4,50.4,12.6,-0.06
2582,28.059,-3.157,14.962,28.191,-3.134,15.001,0.1402,-6.35,57.26,-85.94,1.0348,-0.0429,14.45,-0.6,-1.04,50.4,50.4,12.6,-0.06
2583,28.051,-3.164,14.962,28.184,-3.141,15.001,0.1402,-6.35,57.28,-85.96,1.0345,-0.0427,14.44,-0.6,-1.04,50.4,50.4,12.6,-0.06
2584,28.044,-3.17,14.962,28.176,-3.147,15.001,0.1401,-6.37,57.28,-85.98,1.0342,-0.0425,14.44,-0.59,-1.04,50.4,50.4,12.6,-0.06
2585,28.036,-3.177,14.962,28.169,-3.154,15.001,0.1401,-6.39,57.3,-86.02,1.0339,-0.0423,14.44,-0.59,-1.05,50.4,50.4,12.6,-0.06
2586,28.028,-3.183,14.962,28.161,-3.16,14.999,0.1402,-6.39,57.33,-86.04,1.0372,-0.0421,14.48,-0.59,-1.06,50.4,50.4,12.6,-0.06
2587,28.021,-3.19,14.962,28.154,-3.166,15.0,0.1403,-6.42,57.33,-86.07,1.0353,-0.0418,14.46,-0.58,-1.07,50.4,50.4,12.6,-0.06
2588,28.013,-3.196,14.962,28.145,-3.173,15.003,0.1403,-6.44,57.35,-86.09,1.0297,-0.0416,14.38,-0.58,-1.05,50.4,50.4,12.6,-0.06
2589,28.006,-3.203,14.962,28.138,-3.18,15.002,0.1402,-6.44,57.37,-86.13,1.0302,-0.0414,14.38,-0.58,-1.05,50.4,50.4,12.6,-0.06
2590,27.998,-3.209,14.962,28.131,-3.186,15.001,0.1401,-6.46,57.39,-86.15,1.0329,-0.0413,14.42,-0.58,-1.05,50.4,50.4,12.6,-0.06
2591,27.99,-3.215,14.962,28.123,-3.193,15.001,0.1401,-6.48,57.41,-86.18,1.0321,-0.0411,14.41,-0.57,-1.05,50.4,50.4,12.6,-0.06
2592,27.983,-3.222,14.962,28.115,-3.199,15.001,0.1401,-6.48,57.41,-86.22,1.0318,-0.0409,14.41,-0.57,-1.05,50.4,50.4,12.6,-0.06
2593,27.975,-3.228,14.962,28.108,-3.206,15.001,0.1401,-6.5,57.44,-86.24,1.0315,-0.0407,14.4,-0.57,-1.05,50.4,50.4,12.6,-0.06
2594,27.968,-3.235,14.961,28.1,-3.212,15.001,0.1401,-6.53,57.46,-86.26,1.0312,-0.0405,14.4,-0.57,-1.05,50.4,50.4,12.6,-0.06
2595,27.96,-3.241,14.961,28.092,-3.219,15.001,0.14,-6.53,57.48,-86.29,1.0309,-0.0403,14.39,-0.56,-1.05,50.4,50.4,12.6,-0.06
2596,27.952,-3.248,14.961,28.085,-3.225,15.001,0.14,-6.55,57.48,-86.33,1.0306,-0.0401,14.39,-0.56,-1.05,50.4,50.4,12.6,-0.06
2597,27.945,-3.254,14.961,28.077,-3.232,15.001,0.14,-6.57,57.5,-86.35,1.0303,-0.0399,14.39,-0.56,-1.05,50.4,50.4,12.6,-0.06
2598,27.937,-3.261,14.961,28.07,-3.238,15.001,0.14,-6.57,57.52,-86.37,1.03,-0.0397,14.38,-0.55,-1.05,50.4,50.4,12.6,-0.06
2599,27.93,-3.267,14.961,28.062,-3.245,15.001,0.14,-6.59,57.55,-86.42,1.0297,-0.0395,14.38,-0.55,-1.05,50.4,50.4,12.6,-0.06
2600,27.922,-3.274,14.961,28.054,-3.251,15.001,0.14,-6.61,57.55,-86.44,1.0294,-0.0393,14.37,-0.55,-1.05,50.4,50.4,12.6,-0.06
2601,27.914,-3.28,14.961,28.047,-3.258,15.001,0.14,-6.64,57.57,-86.46,1.0291,-0.0391,14.37,-0.55,-1.05,50.4,50.4,12.6,-0.06
2602,27.907,-3.287,14.961,28.039,-3.264,15.001,0.14,-6.64,57.59,-86.48,1.0288,-0.039,14.36,-0.54,-1.05,50.4,50.4,12.6,-0.06
2603,27.899,-3.293,14.961,28.032,-3.271,15.001,0.14,-6.66,57.61,-86.53,1.0285,-0.0388,14.36,-0.54,-1.05,50.4,50.4,12.6,-0.06
2604,27.892,-3.3,14.961,28.024,-3.277,15.001,0.14,-6.68,57.61,-86.55,1.0282,-0.0386,14.36,-0.54,-1.05,50.4,50.4,12.6,-0.06
2605,27.884,-3.306,14.961,28.016,-3.284,15.001,0.14,-6.68,57.63,-86.57,1.0279,-0.0384,14.35,-0.54,-1.05,50.4,50.4,12.6,-0.06
2606,27.876,-3.313,14.961,28.008,-3.287,15.003,0.1409,-6.7,57.66,-86.62,1.0221,-0.038,14.27,-0.53,-1.14,50.4,50.4,12.6,-0.11
2607,27.869,-3.319,14.961,28.001,-3.291,15.005,0.1417,-6.7,57.68,-86.64,1.0172,-0.0374,14.2,-0.52,-1.21,50.4,50.4,12.6,-0.16
2608,27.861,-3.326,14.961,27.992,-3.3,15.007,0.141,-6.72,57.7,-86.66,1.0122,-0.0371,14.13,-0.52,-1.13,50.4,50.4,12.6,-0.11
2609,27.854,-3.332,14.961,27.985,-3.31,15.004,0.14,-6.75,57.7,-86.68,1.0184,-0.0369,14.22,-0.52,-1.06,50.4,50.4,12.6,-0.06
2610,27.846,-3.339,14.961,27.978,-3.316,15.001,0.1398,-6.77,57.72,-86.73,1.023,-0.0367,14.28,-0.51,-1.06,50.4,50.4,12.6,-0.06
2611,27.838,-3.345,14.961,27.971,-3.323,14.999,0.1397,-6.77,57.72,-86.75,1.0276,-0.0365,14.35,-0.51,-1.06,50.4,50.4,12.6,-0.06
2612,27.831,-3.352,14.961,27.964,-3.329,14.998,0.1397,-6.79,57.74,-86.77,1.0288,-0.0363,14.36,-0.51,-1.06,50.4,50.4,12.6,-0.06
2613,27.823,-3.358,14.961,27.956,-3.336,14.998,0.1397,-6.81,57.77,-86.79,1.0281,-0.0361,14.36,-0.5,-1.06,50.4,50.4,12.6,-0.06
2614,27.816,-3.365,14.961,27.948,-3.342,14.998,0.1397,-6.81,57.79,-86.84,1.0278,-0.036,14.35,-0.5,-1.06,50.4,50.4,12.6,-0.06
2615,27.808,-3.371,14.961,27.941,-3.349,14.999,0.1397,-6.83,57.79,-86.86,1.0275,-0.0358,14.35,-0.5,-1.06,50.4,50.4,12.6,-0.06
2616,27.8,-3.378,14.961,27.933,-3.355,14.999,0.1397,-6.86,57.81,-86.88,1.0272,-0.0356,14.34,-0.5,-1.06,50.4,50.4,12.6,-0.06
2617,27.793,-3.384,14.961,27.926,-3.362,14.999,0.1397,-6.86,57.83,-86.9,1.0269,-0.0354,14.34,-0.49,-1.06,50.4,50.4,12.6,-0.06
2618,27.785,-3.391,14.961,27.918,-3.368,14.999,0.1396,-6.88,57.85,-86.95,1.0266,-0.0352,14.33,-0.49,-1.06,50.4,50.4,12.6,-0.06
2619,27.778,-3.397,14.961,27.91,-3.375,14.999,0.1396,-6.9,57.85,-86.97,1.0263,-0.035,14.33,-0.49,-1.06,50.4,50.4,12.6,-0.06
2620,27.77,-3.404,14.961,27.903,-3.381,14.999,0.1396,-6.9,57.88,-86.99,1.026,-0.0348,14.33,-0.49,-1.06,50.4,50.4,12.6,-0.06
2621,27.762,-3.41,14.961,27.895,-3.388,14.999,0.1396,-6.92,57.9,-87.03,1.0257,-0.0346,14.32,-0.48,-1.06,50.4,50.4,12.6,-0.06
2622,27.755,-3.416,14.961,27.887,-3.394,14.999,0.1396,-6.94,57.92,-87.06,1.0254,-0.0344,14.32,-0.48,-1.06,50.4,50.4,12.6,-0.06
2623,27.747,-3.423,14.961,27.88,-3.401,14.999,0.1396,-6.97,57.92,-87.08,1.0251,-0.0343,14.31,-0.48,-1.06,50.4,50.4,12.6,-0.06
2624,27.74,-3.429,14.961,27.872,-3.407,14.999,0.1396,-6.97,57.94,-87.1,1.0248,-0.0341,14.31,-0.48,-1.06,50.4,50.4,12.6,-0.06
2625,27.732,-3.436,14.961,27.864,-3.414,15.001,0.1397,-6.99,57.96,-87.14,1.0214,-0.0339,14.26,-0.47,-1.06,50.4,50.4,12.6,-0.06
2626,27.724,-3.442,14.961,27.857,-3.414,15.003,0.1415,-6.99,57.99,-87.17,1.0161,-0.0332,14.19,-0.46,-1.24,50.4,50.4,12.6,-0.18
2627,27.717,-3.449,14.961,27.849,-3.417,15.005,0.1427,-6.99,58.01,-87.19,1.0112,-0.0323,14.12,-0.45,-1.35,50.4,50.4,12.6,-0.25
2628,27.709,-3.455,14.961,27.84,-3.429,15.007,0.1409,-7.03,58.03,-87.21,1.0062,-0.032,14.05,-0.45,-1.18,50.4,50.4,12.6,-0.14
2629,27.702,-3.462,14.961,27.833,-3.44,15.003,0.1395,-7.05,58.03,-87.25,1.0125,-0.0318,14.14,-0.44,-1.07,50.4,50.4,12.6,-0.06
2630,27.694,-3.468,14.961,27.826,-3.446,15.001,0.1394,-7.05,58.05,-87.28,1.0171,-0.0316,14.2,-0.44,-1.07,50.4,50.4,12.6,-0.06
2631,27.687,-3.475,14.961,27.819,-3.453,14.998,0.1393,-7.08,58.05,-87.3,1.0216,-0.0315,14.26,-0.44,-1.07,50.4,50.4,12.6,-0.06
2632,27.679,-3.481,14.961,27.811,-3.46,14.998,0.1392,-7.1,58.07,-87.32,1.0219,-0.0313,14.27,-0.44,-1.07,50.4,50.4,12.6,-0.06
2633,27.671,-3.488,14.961,27.804,-3.466,14.998,0.1392,-7.1,58.1,-87.36,1.0214,-0.0311,14.26,-0.43,-1.07,50.4,50.4,12.6,-0.06
2634,27.664,-3.495,14.961,27.796,-3.473,14.999,0.1392,-7.12,58.1,-87.39,1.0211,-0.0309,14.26,-0.43,-1.07,50.4,50.4,12.6,-0.06
2635,27.656,-3.501,14.961,27.789,-3.479,14.999,0.1392,-7.14,58.12,-87.41,1.0208,-0.0307,14.25,-0.43,-1.07,50.4,50.4,12.6,-0.06
2636,27.649,-3.508,14.961,27.781,-3.486,14.999,0.1392,-7.14,58.14,-87.43,1.0205,-0.0305,14.25,-0.43,-1.07,50.4,50.4,12.6,-0.06
2637,27.641,-3.514,14.961,27.773,-3.492,14.999,0.1392,-7.16,58.16,-87.47,1.0202,-0.0303,14.25,-0.42,-1.07,50.4,50.4,12.6,-0.06
2638,27.634,-3.521,14.961,27.766,-3.499,14.999,0.1392,-7.19,58.16,-87.5,1.0199,-0.0301,14.24,-0.42,-1.07,50.4,50.4,12.6,-0.06
2639,27.626,-3.527,14.961,27.758,-3.505,14.999,0.1392,-7.21,58.18,-87.52,1.0196,-0.03,14.24,-0.42,-1.07,50.4,50.4,12.6,-0.06
2640,27.618,-3.534,14.961,27.751,-3.512,14.999,0.1392,-7.21,58.21,-87.54,1.0193,-0.0298,14.23,-0.42,-1.07,50.4,50.4,12.6,-0.06
2641,27.611,-3.54,14.961,27.743,-3.518,14.999,0.1392,-7.23,58.23,-87.58,1.019,-0.0296,14.23,-0.41,-1.07,50.4,50.4,12.6,-0.06
2642,27.603,-3.547,14.961,27.735,-3.525,14.999,0.1392,-7.25,58.23,-87.6,1.0187,-0.0294,14.22,-0.41,-1.07,50.4,50.4,12.6,-0.06
2643,27.596,-3.553,14.961,27.728,-3.532,14.999,0.1392,-7.25,58.25,-87.63,1.0182,-0.0292,14.22,-0.41,-1.07,50.4,50.4,12.6,-0.06
2644,27.588,-3.56,14.961,27.72,-3.538,15.001,0.1393,-7.27,58.27,-87.65,1.0147,-0.029,14.17,-0.41,-1.08,50.4,50.4,12.6,-0.06
2645,27.58,-3.566,14.961,27.712,-3.545,15.001,0.1392,-7.29,58.29,-87.69,1.0149,-0.0288,14.17,-0.4,-1.08,50.4,50.4,12.6,-0.06
2646,27.573,-3.573,14.961,27.705,-3.538,15.003,0.1432,-7.27,58.32,-87.71,1.0091,-0.0277,14.09,-0.39,-1.45,50.4,50.4,12.6,-0.31
2647,27.565,-3.579,14.961,27.697,-3.543,15.005,0.1437,-7.29,58.34,-87.74,1.0042,-0.0265,14.02,-0.37,-1.49,50.4,50.4,12.6,-0.34
2648,27.558,-3.586,14.961,27.688,-3.562,15.007,0.1397,-7.34,58.36,-87.76,0.9992,-0.0264,13.95,-0.37,-1.12,50.4,50.4,12.6,-0.09
2649,27.55,-3.592,14.961,27.681,-3.571,15.003,0.139,-7.36,58.36,-87.8,1.0055,-0.0262,14.04,-0.37,-1.08,50.4,50.4,12.6,-0.06
2650,27.543,-3.599,14.961,27.674,-3.577,15.001,0.1388,-7.36,58.36,-87.82,1.0101,-0.026,14.1,-0.36,-1.08,50.4,50.4,12.6,-0.06
2651,27.535,-3.605,14.961,27.667,-3.584,14.998,0.1387,-7.38,58.38,-87.85,1.0146,-0.0258,14.17,-0.36,-1.08,50.4,50.4,12.6,-0.06
2652,27.528,-3.612,14.961,27.659,-3.59,14.998,0.1387,-7.4,58.4,-87.87,1.0149,-0.0256,14.17,-0.36,-1.08,50.4,50.4,12.6,-0.06
2653,27.52,-3.618,14.961,27.652,-3.597,14.998,0.1387,-7.4,58.4,-87.91,1.0144,-0.0255,14.16,-0.36,-1.08,50.4,50.4,12.6,-0.06
2654,27.512,-3.625,14.961,27.644,-3.604,14.999,0.1387,-7.43,58.43,-87.93,1.0141,-0.0253,14.16,-0.35,-1.08,50.4,50.4,12.6,-0.06
2655,27.505,-3.631,14.961,27.637,-3.61,14.999,0.1387,-7.45,58.45,-87.96,1.0138,-0.0251,14.16,-0.35,-1.08,50.4,50.4,12.6,-0.06
2656,27.497,-3.638,14.961,27.629,-3.617,14.999,0.1387,-7.45,58.47,-87.98,1.0135,-0.0249,14.15,-0.35,-1.08,50.4,50.4,12.6,-0.06
2657,27.49,-3.645,14.961,27.621,-3.623,14.999,0.1386,-7.47,58.47,-88.0,1.0132,-0.0247,14.15,-0.35,-1.08,50.4,50.4,12.6,-0.06
2658,27.482,-3.651,14.961,27.614,-3.63,14.999,0.1386,-7.49,58.49,-88.04,1.0129,-0.0245,14.14,-0.34,-1.08,50.4,50.4,12.6,-0.06
2659,27.475,-3.658,14.961,27.606,-3.636,14.999,0.1386,-7.51,58.51,-88.07,1.0127,-0.0243,14.14,-0.34,-1.08,50.4,50.4,12.6,-0.06
2660,27.467,-3.664,14.961,27.599,-3.643,14.999,0.1386,-7.51,58.54,-88.09,1.0124,-0.0242,14.14,-0.34,-1.09,50.4,50.4,12.6,-0.06
2661,27.46,-3.671,14.961,27.591,-3.649,14.999,0.1386,-7.54,58.54,-88.11,1.0121,-0.024,14.13,-0.33,-1.09,50.4,50.4,12.6,-0.06
2662,27.452,-3.677,14.961,27.584,-3.656,14.999,0.1386,-7.56,58.56,-88.15,1.0118,-0.0238,14.13,-0.33,-1.09,50.4,50.4,12.6,-0.06
2663,27.445,-3.684,14.961,27.576,-3.663,14.999,0.1386,-7.56,58.58,-88.18,1.0115,-0.0236,14.12,-0.33,-1.09,50.4,50.4,12.6,-0.06
2664,27.437,-3.69,14.961,27.568,-3.669,15.001,0.1387,-7.58,58.6,-88.2,1.0082,-0.0234,14.08,-0.33,-1.09,50.4,50.4,12.6,-0.06
2665,27.429,-3.697,14.961,27.561,-3.668,15.003,0.141,-7.58,58.62,-88.22,1.0029,-0.0226,14.0,-0.32,-1.31,50.4,50.4,12.6,-0.22
2666,27.422,-3.703,14.961,27.554,-3.664,15.005,0.1447,-7.58,58.65,-88.26,0.998,-0.0211,13.93,-0.29,-1.62,50.4,50.4,12.6,-0.44
2667,27.414,-3.71,14.961,27.545,-3.678,15.006,0.1418,-7.6,58.65,-88.29,0.993,-0.0203,13.86,-0.28,-1.4,50.4,50.4,12.6,-0.28
2668,27.407,-3.717,14.961,27.537,-3.695,15.003,0.1382,-7.65,58.67,-88.31,0.9993,-0.0202,13.95,-0.28,-1.09,50.4,50.4,12.6,-0.06
2669,27.399,-3.723,14.961,27.53,-3.702,15.0,0.1381,-7.67,58.67,-88.33,1.0039,-0.02,14.02,-0.28,-1.09,50.4,50.4,12.6,-0.06
2670,27.392,-3.73,14.961,27.523,-3.709,14.998,0.138,-7.67,58.69,-88.35,1.0085,-0.0199,14.08,-0.28,-1.09,50.4,50.4,12.6,-0.06
2671,27.384,-3.736,14.961,27.515,-3.715,14.998,0.138,-7.69,58.71,-88.4,1.0078,-0.0197,14.07,-0.27,-1.09,50.4,50.4,12.6,-0.06
2672,27.377,-3.743,14.961,27.508,-3.722,14.998,0.138,-7.71,58.71,-88.42,1.0074,-0.0195,14.07,-0.27,-1.09,50.4,50.4,12.6,-0.06
2673,27.369,-3.749,14.961,27.5,-3.728,14.999,0.138,-7.71,58.73,-88.44,1.0072,-0.0193,14.06,-0.27,-1.09,50.4,50.4,12.6,-0.06
2674,27.362,-3.756,14.961,27.493,-3.735,14.999,0.138,-7.73,58.75,-88.46,1.0069,-0.0191,14.06,-0.27,-1.1,50.4,50.4,12.6,-0.06
2675,27.354,-3.763,14.961,27.485,-3.742,14.999,0.138,-7.76,58.75,-88.48,1.0066,-0.0189,14.05,-0.26,-1.1,50.4,50.4,12.6,-0.06
2676,27.347,-3.769,14.961,27.478,-3.748,14.999,0.138,-7.78,58.78,-88.53,1.0063,-0.0188,14.05,-0.26,-1.1,50.4,50.4,12.6,-0.06
2677,27.339,-3.776,14.961,27.47,-3.755,14.999,0.1379,-7.78,58.8,-88.55,1.006,-0.0186,14.05,-0.26,-1.1,50.4,50.4,12.6,-0.06
2678,27.332,-3.782,14.961,27.462,-3.761,14.999,0.1379,-7.8,58.82,-88.57,1.0057,-0.0184,14.04,-0.26,-1.1,50.4,50.4,12.6,-0.06
2679,27.324,-3.789,14.961,27.455,-3.768,14.999,0.1379,-7.82,58.82,-88.59,1.0054,-0.0182,14.04,-0.25,-1.1,50.4,50.4,12.6,-0.06
2680,27.317,-3.795,14.961,27.447,-3.775,14.999,0.1379,-7.82,58.84,-88.64,1.0051,-0.018,14.03,-0.25,-1.1,50.4,50.4,12.6,-0.06
2681,27.309,-3.802,14.961,27.44,-3.781,14.999,0.1379,-7.84,58.86,-88.66,1.0048,-0.0178,14.03,-0.25,-1.1,50.4,50.4,12.6,-0.06
2682,27.302,-3.809,14.961,27.432,-3.788,15.001,0.138,-7.87,58.89,-88.68,1.0012,-0.0176,13.98,-0.25,-1.1,50.4,50.4,12.6,-0.06
2683,27.294,-3.815,14.961,27.424,-3.794,15.001,0.138,-7.89,58.89,-88.7,1.0013,-0.0175,13.98,-0.24,-1.1,50.4,50.4,12.6,-0.06
2684,27.286,-3.822,14.961,27.417,-3.796,15.003,0.1395,-7.89,58.91,-88.73,0.9956,-0.0169,13.9,-0.24,-1.24,50.4,50.4,12.6,-0.16
2685,27.279,-3.828,14.961,27.411,-3.785,15.005,0.1457,-7.87,58.93,-88.77,0.9906,-0.015,13.83,-0.21,-1.75,50.4,50.4,12.6,-0.53
2686,27.271,-3.835,14.961,27.402,-3.796,15.006,0.1436,-7.89,58.95,-88.79,0.9856,-0.0137,13.76,-0.19,-1.61,50.4,50.4,12.6,-0.43
2687,27.264,-3.842,14.961,27.393,-3.821,15.003,0.1374,-7.93,58.95,-88.81,0.9919,-0.0137,13.85,-0.19,-1.11,50.4,50.4,12.6,-0.06
2688,27.257,-3.848,14.96,27.386,-3.827,15.0,0.1373,-7.95,58.97,-88.84,0.9965,-0.0135,13.91,-0.19,-1.11,50.4,50.4,12.6,-0.06
2689,27.249,-3.855,14.96,27.379,-3.834,14.998,0.1372,-7.98,58.97,-88.86,1.0011,-0.0133,13.98,-0.19,-1.11,50.4,50.4,12.6,-0.06
2690,27.242,-3.861,14.96,27.372,-3.841,14.998,0.1372,-8.0,59.0,-88.9,1.0005,-0.0132,13.97,-0.18,-1.11,50.4,50.4,12.6,-0.06
2691,27.234,-3.868,14.96,27.364,-3.847,14.998,0.1371,-8.0,59.02,-88.92,1.0002,-0.013,13.96,-0.18,-1.11,50.4,50.4,12.6,-0.06
2692,27.227,-3.875,14.96,27.357,-3.854,14.998,0.1371,-8.02,59.04,-88.95,0.9999,-0.0128,13.96,-0.18,-1.11,50.4,50.4,12.6,-0.06
2693,27.219,-3.881,14.96,27.349,-3.861,14.999,0.1371,-8.04,59.04,-88.97,0.9996,-0.0126,13.96,-0.18,-1.11,50.4,50.4,12.6,-0.06
2694,27.212,-3.888,14.96,27.342,-3.867,14.999,0.1371,-8.04,59.06,-88.99,0.9993,-0.0124,13.95,-0.17,-1.11,50.4,50.4,12.6,-0.06
2695,27.204,-3.895,14.96,27.334,-3.874,14.999,0.1371,-8.06,59.08,-89.03,0.999,-0.0122,13.95,-0.17,-1.11,50.4,50.4,12.6,-0.06
2696,27.197,-3.901,14.96,27.327,-3.881,14.999,0.1371,-8.09,59.08,-89.06,0.9987,-0.0121,13.94,-0.17,-1.11,50.4,50.4,12.6,-0.06
2697,27.189,-3.908,14.96,27.319,-3.887,14.999,0.1371,-8.11,59.11,-89.08,0.9984,-0.0119,13.94,-0.17,-1.11,50.4,50.4,12.6,-0.06
2698,27.182,-3.914,14.96,27.312,-3.894,14.999,0.1371,-8.11,59.13,-89.1,0.9981,-0.0117,13.94,-0.16,-1.11,50.4,50.4,12.6,-0.06
2699,27.174,-3.921,14.96,27.304,-3.901,14.999,0.1371,-8.13,59.15,-89.12,0.9978,-0.0115,13.93,-0.16,-1.11,50.4,50.4,12.6,-0.06
2700,27.167,-3.928,14.96,27.297,-3.907,14.999,0.1371,-8.15,59.15,-89.14,0.9975,-0.0113,13.93,-0.16,-1.11,50.4,50.4,12.6,-0.06
2701,27.159,-3.934,14.96,27.289,-3.914,15.0,0.1371,-8.15,59.17,-89.19,0.9961,-0.0112,13.91,-0.16,-1.11,50.4,50.4,12.6,-0.06
2702,27.152,-3.941,14.96,27.281,-3.92,15.001,0.1371,-8.17,59.19,-89.21,0.9938,-0.011,13.88,-0.15,-1.11,50.4,50.4,12.6,-0.06
2703,27.144,-3.948,14.96,27.274,-3.919,15.003,0.1396,-8.17,59.22,-89.23,0.9883,-0.0101,13.8,-0.14,-1.34,50.4,50.4,12.6,-0.23
2704,27.137,-3.954,14.96,27.268,-3.907,15.004,0.1464,-8.15,59.24,-89.25,0.9834,-0.008,13.73,-0.11,-1.88,50.4,50.4,12.6,-0.62
2705,27.129,-3.961,14.96,27.259,-3.922,15.006,0.143,-8.2,59.26,-89.3,0.9784,-0.0066,13.66,-0.09,-1.65,50.4,50.4,12.6,-0.45
2706,27.122,-3.968,14.96,27.25,-3.947,15.003,0.1365,-8.24,59.26,-89.32,0.9847,-0.0067,13.75,-0.09,-1.12,50.4,50.4,12.6,-0.06
2707,27.115,-3.974,14.96,27.243,-3.954,15.0,0.1363,-8.26,59.26,-89.34,0.9893,-0.0065,13.81,-0.09,-1.12,50.4,50.4,12.6,-0.06
2708,27.107,-3.981,14.96,27.236,-3.96,14.998,0.1362,-8.28,59.28,-89.36,0.9939,-0.0063,13.88,-0.09,-1.12,50.4,50.4,12.6,-0.06
2709,27.1,-3.988,14.96,27.229,-3.967,14.998,0.1362,-8.28,59.3,-89.38,0.9929,-0.0061,13.86,-0.09,-1.12,50.4,50.4,12.6,-0.06
2710,27.092,-3.994,14.96,27.221,-3.974,14.998,0.1362,-8.31,59.3,-89.41,0.9926,-0.0059,13.86,-0.08,-1.12,50.4,50.4,12.6,-0.06
2711,27.085,-4.001,14.96,27.214,-3.981,14.998,0.1362,-8.33,59.33,-89.45,0.9923,-0.0057,13.86,-0.08,-1.12,50.4,50.4,12.6,-0.06
2712,27.077,-4.008,14.96,27.206,-3.987,14.999,0.1362,-8.33,59.35,-89.47,0.992,-0.0056,13.85,-0.08,-1.12,50.4,50.4,12.6,-0.06
2713,27.07,-4.014,14.96,27.199,-3.994,14.999,0.1361,-8.35,59.35,-89.49,0.9917,-0.0054,13.85,-0.08,-1.12,50.4,50.4,12.6,-0.06
2714,27.063,-4.021,14.96,27.192,-4.001,14.999,0.1361,-8.37,59.37,-89.52,0.9914,-0.0052,13.84,-0.07,-1.12,50.4,50.4,12.6,-0.06
2715,27.055,-4.028,14.96,27.184,-4.007,14.999,0.1361,-8.39,59.39,-89.54,0.9912,-0.005,13.84,-0.07,-1.12,50.4,50.4,12.6,-0.06
2716,27.048,-4.034,14.96,27.177,-4.014,14.999,0.1361,-8.39,59.41,-89.56,0.9909,-0.0048,13.84,-0.07,-1.12,50.4,50.4,12.6,-0.06
2717,27.04,-4.041,14.96,27.169,-4.021,14.999,0.1361,-8.42,59.41,-89.6,0.9906,-0.0047,13.83,-0.06,-1.12,50.4,50.4,12.6,-0.06
2718,27.033,-4.048,14.96,27.162,-4.027,14.999,0.1361,-8.44,59.44,-89.63,0.9903,-0.0045,13.83,-0.06,-1.13,50.4,50.4,12.6,-0.06
2719,27.025,-4.054,14.96,27.154,-4.034,14.999,0.1361,-8.46,59.46,-89.65,0.99,-0.0043,13.82,-0.06,-1.13,50.4,50.4,12.6,-0.06
2720,27.018,-4.061,14.96,27.146,-4.041,15.0,0.1362,-8.46,59.46,-89.67,0.9872,-0.0041,13.78,-0.06,-1.13,50.4,50.4,12.6,-0.06
2721,27.011,-4.068,14.96,27.139,-4.047,15.001,0.1362,-8.48,59.48,-89.69,0.9865,-0.0039,13.77,-0.05,-1.13,50.4,50.4,12.6,-0.06
2722,27.003,-4.074,14.96,27.134,-4.033,15.003,0.1433,-8.46,59.5,-89.71,0.9808,-0.002,13.7,-0.03,-1.74,50.4,50.4,12.6,-0.52
2723,26.996,-4.081,14.96,27.127,-4.031,15.004,0.1469,-8.46,59.52,-89.76,0.9759,0.0003,13.63,0.0,-2.0,50.4,50.4,12.6,-0.71
2724,26.988,-4.088,14.96,27.116,-4.059,15.006,0.1384,-8.5,59.55,-89.78,0.9709,0.0009,13.56,0.01,-1.39,50.4,50.4,12.6,-0.25
2725,26.981,-4.095,14.96,27.108,-4.074,15.002,0.1353,-8.55,59.55,-89.8,0.9772,0.0009,13.64,0.01,-1.13,50.4,50.4,12.6,-0.06
2726,26.974,-4.101,14.96,27.101,-4.081,15.0,0.1352,-8.57,59.57,-89.82,0.9818,0.0011,13.71,0.02,-1.13,50.4,50.4,12.6,-0.06
2727,26.966,-4.108,14.96,27.094,-4.088,14.998,0.1351,-8.57,59.57,-89.85,0.9861,0.0013,13.77,0.02,-1.14,50.4,50.4,12.6,-0.06
2728,26.959,-4.115,14.96,27.087,-4.095,14.998,0.1351,-8.59,59.59,-89.87,0.985,0.0015,13.75,0.02,-1.14,50.4,50.4,12.6,-0.06
2729,26.951,-4.122,14.96,27.079,-4.101,14.998,0.1351,-8.61,59.59,-89.91,0.9847,0.0017,13.75,0.02,-1.14,50.4,50.4,12.6,-0.06
2730,26.944,-4.128,14.96,27.072,-4.108,14.998,0.135,-8.64,59.61,-89.93,0.9845,0.0019,13.75,0.03,-1.14,50.4,50.4,12.6,-0.06
2731,26.937,-4.135,14.96,27.065,-4.115,14.999,0.135,-8.64,59.63,-89.96,0.9842,0.002,13.74,0.03,-1.14,50.4,50.4,12.6,-0.06
2732,26.929,-4.142,14.96,27.057,-4.122,14.999,0.135,-8.66,59.66,-89.98,0.9839,0.0022,13.74,0.03,-1.14,50.4,50.4,12.6,-0.06
2733,26.922,-4.149,14.96,27.05,-4.128,14.999,0.135,-8.68,59.66,-90.0,0.9836,0.0024,13.73,0.03,-1.14,50.4,50.4,12.6,-0.06
2734,26.915,-4.155,14.96,27.042,-4.135,14.999,0.135,-8.7,59.68,-90.02,0.9833,0.0026,13.73,0.04,-1.14,50.4,50.4,12.6,-0.06
2735,26.907,-4.162,14.96,27.035,-4.142,14.999,0.135,-8.7,59.7,-90.04,0.983,0.0028,13.73,0.04,-1.14,50.4,50.4,12.6,-0.06
2736,26.9,-4.169,14.96,27.027,-4.149,14.999,0.135,-8.72,59.7,-90.09,0.9827,0.0029,13.72,0.04,-1.14,50.4,50.4,12.6,-0.06
2737,26.892,-4.175,14.96,27.02,-4.155,14.999,0.135,-8.75,59.72,-90.11,0.9825,0.0031,13.72,0.04,-1.14,50.4,50.4,12.6,-0.06
2738,26.885,-4.182,14.96,27.013,-4.162,15.0,0.135,-8.77,59.74,-90.13,0.981,0.0033,13.7,0.05,-1.14,50.4,50.4,12.6,-0.06
2739,26.878,-4.189,14.96,27.005,-4.169,15.001,0.135,-8.77,59.77,-90.15,0.9788,0.0035,13.67,0.05,-1.14,50.4,50.4,12.6,-0.06
2740,26.87,-4.196,14.96,26.999,-4.161,15.003,0.1399,-8.77,59.77,-90.18,0.9734,0.0049,13.59,0.07,-1.58,50.4,50.4,12.6,-0.4
2741,26.863,-4.202,14.96,26.993,-4.15,15.004,0.1475,-8.75,59.79,-90.2,0.9684,0.0077,13.52,0.11,-2.11,50.4,50.4,12.6,-0.81
2742,26.856,-4.209,14.96,26.983,-4.171,15.005,0.1408,-8.79,59.81,-90.24,0.9635,0.009,13.45,0.13,-1.68,50.4,50.4,12.6,-0.47
2743,26.848,-4.216,14.96,26.974,-4.196,15.002,0.1341,-8.83,59.81,-90.26,0.9697,0.0089,13.54,0.12,-1.15,50.4,50.4,12.6,-0.06
2744,26.841,-4.223,14.96,26.967,-4.203,15.0,0.1339,-8.85,59.83,-90.29,0.9743,0.0091,13.6,0.13,-1.15,50.4,50.4,12.6,-0.06
2745,26.834,-4.23,14.96,26.96,-4.21,14.998,0.1338,-8.88,59.83,-90.31,0.9782,0.0093,13.66,0.13,-1.15,50.4,50.4,12.6,-0.06
2746,26.826,-4.237,14.96,26.953,-4.216,14.998,0.1338,-8.9,59.85,-90.33,0.9772,0.0095,13.64,0.13,-1.15,50.4,50.4,12.6,-0.06
2747,26.819,-4.243,14.96,26.946,-4.223,14.998,0.1338,-8.9,59.88,-90.35,0.9769,0.0096,13.64,0.13,-1.15,50.4,50.4,12.6,-0.06
2748,26.812,-4.25,14.96,26.938,-4.23,14.998,0.1338,-8.92,59.88,-90.37,0.9766,0.0098,13.64,0.14,-1.15,50.4,50.4,12.6,-0.06
2749,26.804,-4.257,14.96,26.931,-4.237,14.998,0.1338,-8.94,59.9,-90.4,0.9763,0.01,13.63,0.14,-1.15,50.4,50.4,12.6,-0.06
2750,26.797,-4.264,14.96,26.924,-4.244,14.999,0.1338,-8.96,59.92,-90.42,0.976,0.0102,13.63,0.14,-1.15,50.4,50.4,12.6,-0.06
2751,26.79,-4.271,14.96,26.916,-4.251,14.999,0.1338,-8.96,59.92,-90.46,0.9757,0.0104,13.62,0.14,-1.15,50.4,50.4,12.6,-0.06
2752,26.782,-4.277,14.96,26.909,-4.257,14.999,0.1338,-8.99,59.94,-90.48,0.9755,0.0106,13.62,0.15,-1.15,50.4,50.4,12.6,-0.06
2753,26.775,-4.284,14.96,26.902,-4.264,14.999,0.1338,-9.01,59.96,-90.51,0.9752,0.0107,13.62,0.15,-1.15,50.4,50.4,12.6,-0.06
2754,26.768,-4.291,14.96,26.894,-4.271,14.999,0.1337,-9.03,59.99,-90.53,0.9749,0.0109,13.61,0.15,-1.15,50.4,50.4,12.6,-0.06
2755,26.761,-4.298,14.96,26.887,-4.278,14.999,0.1337,-9.03,59.99,-90.55,0.9746,0.0111,13.61,0.15,-1.15,50.4,50.4,12.6,-0.06
2756,26.753,-4.305,14.96,26.879,-4.285,15.0,0.1338,-9.05,60.01,-90.57,0.9731,0.0113,13.59,0.16,-1.15,50.4,50.4,12.6,-0.06
2757,26.746,-4.311,14.96,26.872,-4.292,15.0,0.1338,-9.07,60.03,-90.59,0.971,0.0115,13.56,0.16,-1.16,50.4,50.4,12.6,-0.06
2758,26.739,-4.318,14.96,26.867,-4.278,15.002,0.1408,-9.05,60.05,-90.62,0.9656,0.0134,13.48,0.19,-1.74,50.4,50.4,12.6,-0.53
2759,26.731,-4.325,14.96,26.861,-4.269,15.003,0.1478,-9.03,60.05,-90.66,0.9606,0.0164,13.41,0.23,-2.22,50.4,50.4,12.6,-0.9
2760,26.724,-4.332,14.96,26.85,-4.296,15.005,0.1386,-9.1,60.07,-90.68,0.9557,0.0175,13.34,0.24,-1.63,50.4,50.4,12.6,-0.44
2761,26.717,-4.339,14.96,26.841,-4.319,15.002,0.1327,-9.14,60.1,-90.7,0.962,0.0174,13.43,0.24,-1.16,50.4,50.4,12.6,-0.06
2762,26.71,-4.346,14.96,26.834,-4.326,14.999,0.1325,-9.16,60.1,-90.73,0.9666,0.0176,13.5,0.25,-1.16,50.4,50.4,12.6,-0.06
2763,26.702,-4.353,14.96,26.828,-4.333,14.998,0.1324,-9.18,60.1,-90.75,0.97,0.0178,13.54,0.25,-1.16,50.4,50.4,12.6,-0.06
2764,26.695,-4.359,14.96,26.82,-4.34,14.998,0.1324,-9.18,60.12,-90.77,0.969,0.018,13.53,0.25,-1.17,50.4,50.4,12.6,-0.06
2765,26.688,-4.366,14.96,26.813,-4.346,14.998,0.1324,-9.21,60.14,-90.79,0.9687,0.0182,13.53,0.25,-1.17,50.4,50.4,12.6,-0.06
2766,26.681,-4.373,14.96,26.806,-4.353,14.998,0.1324,-9.23,60.14,-90.81,0.9685,0.0184,13.52,0.26,-1.17,50.4,50.4,12.6,-0.06
2767,26.673,-4.38,14.96,26.798,-4.36,14.998,0.1324,-9.25,60.16,-90.83,0.9682,0.0185,13.52,0.26,-1.17,50.4,50.4,12.6,-0.06
2768,26.666,-4.387,14.96,26.791,-4.367,14.999,0.1324,-9.25,60.18,-90.88,0.9679,0.0187,13.51,0.26,-1.17,50.4,50.4,12.6,-0.06
2769,26.659,-4.394,14.96,26.784,-4.374,14.999,0.1324,-9.27,60.18,-90.9,0.9676,0.0189,13.51,0.26,-1.17,50.4,50.4,12.6,-0.06
2770,26.652,-4.401,14.96,26.777,-4.381,14.999,0.1324,-9.29,60.21,-90.92,0.9673,0.0191,13.51,0.27,-1.17,50.4,50.4,12.6,-0.06
2771,26.644,-4.408,14.96,26.769,-4.388,14.999,0.1324,-9.32,60.23,-90.94,0.967,0.0193,13.5,0.27,-1.17,50.4,50.4,12.6,-0.06
2772,26.637,-4.415,14.96,26.762,-4.395,14.999,0.1323,-9.32,60.23,-90.97,0.9668,0.0194,13.5,0.27,-1.17,50.4,50.4,12.6,-0.06
2773,26.63,-4.421,14.96,26.755,-4.402,14.999,0.1323,-9.34,60.25,-90.99,0.9665,0.0196,13.49,0.27,-1.17,50.4,50.4,12.6,-0.06
2774,26.623,-4.428,14.96,26.747,-4.409,15.0,0.1324,-9.36,60.27,-91.01,0.9639,0.0198,13.46,0.28,-1.17,50.4,50.4,12.6,-0.06
2775,26.615,-4.435,14.96,26.74,-4.414,15.002,0.1331,-9.38,60.29,-91.03,0.9585,0.0202,13.38,0.28,-1.23,50.4,50.4,12.6,-0.11
2776,26.608,-4.442,14.96,26.737,-4.384,15.003,0.1482,-9.32,60.31,-91.05,0.9535,0.0237,13.31,0.33,-2.32,50.4,50.4,12.6,-1.0
2777,26.601,-4.449,14.96,26.729,-4.392,15.004,0.1468,-9.34,60.31,-91.1,0.9486,0.0267,13.24,0.37,-2.27,50.4,50.4,12.6,-0.95
2778,26.594,-4.456,14.96,26.717,-4.436,15.001,0.1312,-9.43,60.34,-91.12,0.9549,0.0264,13.33,0.37,-1.18,50.4,50.4,12.6,-0.06
2779,26.587,-4.463,14.96,26.71,-4.443,14.999,0.131,-9.45,60.34,-91.14,0.9595,0.0265,13.4,0.37,-1.18,50.4,50.4,12.6,-0.06
2780,26.58,-4.47,14.96,26.703,-4.45,14.998,0.1309,-9.47,60.36,-91.16,0.9616,0.0267,13.43,0.37,-1.18,50.4,50.4,12.6,-0.06
2781,26.572,-4.477,14.96,26.696,-4.457,14.998,0.1309,-9.47,60.36,-91.19,0.9608,0.0269,13.42,0.38,-1.18,50.4,50.4,12.6,-0.06
2782,26.565,-4.484,14.96,26.689,-4.464,14.998,0.1309,-9.49,60.38,-91.21,0.9606,0.0271,13.41,0.38,-1.18,50.4,50.4,12.6,-0.06
2783,26.558,-4.491,14.96,26.682,-4.471,14.998,0.1309,-9.51,60.4,-91.23,0.9603,0.0273,13.41,0.38,-1.18,50.4,50.4,12.6,-0.06
2784,26.551,-4.498,14.96,26.674,-4.478,14.998,0.1309,-9.54,60.4,-91.25,0.96,0.0275,13.4,0.38,-1.18,50.4,50.4,12.6,-0.06
2785,26.544,-4.505,14.96,26.667,-4.485,14.999,0.1309,-9.54,60.42,-91.27,0.9597,0.0276,13.4,0.39,-1.18,50.4,50.4,12.6,-0.06
2786,26.537,-4.512,14.96,26.66,-4.492,14.999,0.1309,-9.56,60.45,-91.3,0.9595,0.0278,13.4,0.39,-1.18,50.4,50.4,12.6,-0.06
2787,26.529,-4.519,14.96,26.653,-4.499,14.999,0.1308,-9.58,60.45,-91.32,0.9592,0.028,13.39,0.39,-1.18,50.4,50.4,12.6,-0.06
2788,26.522,-4.526,14.96,26.646,-4.506,14.999,0.1308,-9.6,60.47,-91.34,0.9589,0.0282,13.39,0.39,-1.18,50.4,50.4,12.6,-0.06
2789,26.515,-4.533,14.96,26.638,-4.513,14.999,0.1308,-9.62,60.49,-91.36,0.9586,0.0284,13.38,0.4,-1.18,50.4,50.4,12.6,-0.06
2790,26.508,-4.54,14.96,26.631,-4.52,15.0,0.1309,-9.62,60.49,-91.38,0.9563,0.0285,13.35,0.4,-1.18,50.4,50.4,12.6,-0.06
2791,26.501,-4.547,14.96,26.624,-4.527,15.0,0.1309,-9.65,60.51,-91.41,0.9553,0.0287,13.34,0.4,-1.18,50.4,50.4,12.6,-0.06
2792,26.494,-4.554,14.96,26.617,-4.534,15.0,0.1309,-9.67,60.53,-91.43,0.9552,0.0289,13.34,0.4,-1.19,50.4,50.4,12.6,-0.06
2793,26.487,-4.561,14.96,26.615,-4.502,15.002,0.147,-9.6,60.53,-91.47,0.9494,0.0327,13.26,0.46,-2.34,50.4,50.4,12.6,-1.04
2794,26.479,-4.568,14.96,26.607,-4.507,15.003,0.1476,-9.62,60.56,-91.49,0.9445,0.0361,13.19,0.5,-2.41,50.4,50.4,12.6,-1.09
2795,26.472,-4.575,14.959,26.593,-4.552,15.005,0.1305,-9.71,60.58,-91.52,0.9396,0.0359,13.12,0.5,-1.26,50.4,50.4,12.6,-0.12
2796,26.465,-4.582,14.959,26.586,-4.562,15.001,0.1295,-9.73,60.58,-91.54,0.9458,0.036,13.21,0.5,-1.19,50.4,50.4,12.6,-0.06
2797,26.458,-4.589,14.959,26.58,-4.569,14.999,0.1293,-9.76,60.6,-91.56,0.9505,0.0362,13.27,0.51,-1.2,50.4,50.4,12.6,-0.06
2798,26.451,-4.596,14.959,26.573,-4.576,14.998,0.1292,-9.78,60.6,-91.58,0.9529,0.0364,13.31,0.51,-1.2,50.4,50.4,12.6,-0.06
2799,26.444,-4.603,14.959,26.566,-4.583,14.998,0.1292,-9.78,60.62,-91.6,0.9521,0.0366,13.29,0.51,-1.2,50.4,50.4,12.6,-0.06
2800,26.437,-4.61,14.959,26.559,-4.59,14.998,0.1292,-9.8,60.64,-91.63,0.9518,0.0368,13.29,0.51,-1.2,50.4,50.4,12.6,-0.06
2801,26.43,-4.617,14.959,26.552,-4.597,14.998,0.1292,-9.82,60.64,-91.65,0.9515,0.037,13.29,0.52,-1.2,50.4,50.4,12.6,-0.06
2802,26.423,-4.624,14.959,26.544,-4.604,14.998,0.1292,-9.84,60.67,-91.67,0.9513,0.0371,13.28,0.52,-1.2,50.4,50.4,12.6,-0.06
2803,26.416,-4.631,14.959,26.537,-4.611,14.998,0.1292,-9.87,60.67,-91.69,0.951,0.0373,13.28,0.52,-1.2,50.4,50.4,12.6,-0.06
2804,26.409,-4.638,14.959,26.53,-4.618,14.999,0.1292,-9.87,60.69,-91.71,0.9507,0.0375,13.27,0.52,-1.2,50.4,50.4,12.6,-0.06
2805,26.402,-4.645,14.959,26.523,-4.626,14.999,0.1292,-9.89,60.71,-91.74,0.9504,0.0377,13.27,0.53,-1.2,50.4,50.4,12.6,-0.06
2806,26.395,-4.652,14.959,26.516,-4.633,14.999,0.1291,-9.91,60.71,-91.76,0.9502,0.0379,13.27,0.53,-1.2,50.4,50.4,12.6,-0.06
2807,26.387,-4.659,14.959,26.509,-4.64,14.999,0.1291,-9.93,60.73,-91.78,0.9499,0.038,13.26,0.53,-1.2,50.4,50.4,12.6,-0.06
2808,26.38,-4.666,14.959,26.502,-4.647,15.0,0.1292,-9.95,60.75,-91.8,0.9473,0.0382,13.23,0.53,-1.2,50.4,50.4,12.6,-0.06
2809,26.373,-4.674,14.959,26.496,-4.642,15.002,0.1333,-9.93,60.75,-91.82,0.9419,0.0395,13.15,0.55,-1.55,50.4,50.4,12.6,-0.37
2810,26.366,-4.681,14.959,26.493,-4.618,15.003,0.1478,-9.89,60.78,-91.87,0.9369,0.0436,13.08,0.61,-2.49,50.4,50.4,12.6,-1.19
2811,26.359,-4.688,14.959,26.483,-4.636,15.004,0.1411,-9.93,60.8,-91.89,0.932,0.0462,13.01,0.65,-2.15,50.4,50.4,12.6,-0.88
2812,26.352,-4.695,14.959,26.471,-4.675,15.001,0.1277,-10.02,60.8,-91.91,0.9383,0.0459,13.1,0.64,-1.21,50.4,50.4,12.6,-0.07
2813,26.345,-4.702,14.959,26.465,-4.682,14.999,0.1275,-10.04,60.82,-91.93,0.9429,0.0461,13.17,0.64,-1.21,50.4,50.4,12.6,-0.07
2814,26.338,-4.709,14.959,26.458,-4.689,14.998,0.1274,-10.04,60.82,-91.96,0.9442,0.0463,13.18,0.65,-1.21,50.4,50.4,12.6,-0.07
2815,26.331,-4.716,14.959,26.451,-4.696,14.998,0.1274,-10.06,60.84,-91.98,0.9436,0.0465,13.18,0.65,-1.21,50.4,50.4,12.6,-0.07
2816,26.324,-4.724,14.959,26.444,-4.704,14.998,0.1274,-10.09,60.86,-92.0,0.9433,0.0467,13.17,0.65,-1.21,50.4,50.4,12.6,-0.07
2817,26.317,-4.731,14.959,26.437,-4.711,14.998,0.1274,-10.11,60.86,-92.02,0.9431,0.0469,13.17,0.65,-1.21,50.4,50.4,12.6,-0.07
2818,26.31,-4.738,14.959,26.43,-4.718,14.998,0.1274,-10.13,60.89,-92.04,0.9428,0.047,13.16,0.66,-1.21,50.4,50.4,12.6,-0.07
2819,26.304,-4.745,14.959,26.423,-4.725,14.998,0.1274,-10.13,60.89,-92.07,0.9425,0.0472,13.16,0.66,-1.21,50.4,50.4,12.6,-0.07
2820,26.297,-4.752,14.959,26.416,-4.732,14.998,0.1274,-10.15,60.91,-92.09,0.9422,0.0474,13.16,0.66,-1.21,50.4,50.4,12.6,-0.07
2821,26.29,-4.759,14.959,26.409,-4.739,14.999,0.1273,-10.17,60.93,-92.11,0.942,0.0476,13.15,0.66,-1.21,50.4,50.4,12.6,-0.07
2822,26.283,-4.766,14.959,26.402,-4.747,14.999,0.1273,-10.2,60.93,-92.13,0.9417,0.0478,13.15,0.67,-1.21,50.4,50.4,12.6,-0.07
2823,26.276,-4.774,14.959,26.395,-4.754,14.999,0.1273,-10.22,60.95,-92.15,0.9412,0.048,13.14,0.67,-1.21,50.4,50.4,12.6,-0.07
2824,26.269,-4.781,14.959,26.388,-4.761,15.0,0.1274,-10.22,60.97,-92.18,0.9383,0.0481,13.1,0.67,-1.21,50.4,50.4,12.6,-0.07
2825,26.262,-4.788,14.959,26.38,-4.766,15.002,0.1282,-10.24,60.97,-92.2,0.9329,0.0485,13.03,0.68,-1.27,50.4,50.4,12.6,-0.12
2826,26.255,-4.795,14.959,26.38,-4.73,15.003,0.1475,-10.17,61.0,-92.22,0.928,0.0531,12.96,0.74,-2.57,50.4,50.4,12.6,-1.29
2827,26.248,-4.802,14.959,26.372,-4.739,15.004,0.1459,-10.2,61.02,-92.24,0.9231,0.0569,12.89,0.79,-2.52,50.4,50.4,12.6,-1.24
2828,26.241,-4.81,14.959,26.358,-4.789,15.001,0.1258,-10.31,61.02,-92.26,0.9294,0.0564,12.98,0.79,-1.22,50.4,50.4,12.6,-0.07
2829,26.234,-4.817,14.959,26.352,-4.797,14.998,0.1256,-10.33,61.04,-92.29,0.934,0.0566,13.04,0.79,-1.23,50.4,50.4,12.6,-0.07
2830,26.227,-4.824,14.959,26.345,-4.804,14.998,0.1255,-10.33,61.04,-92.31,0.9355,0.0568,13.06,0.79,-1.23,50.4,50.4,12.6,-0.07
2831,26.22,-4.831,14.959,26.338,-4.811,14.998,0.1255,-10.35,61.06,-92.33,0.9348,0.057,13.05,0.8,-1.23,50.4,50.4,12.6,-0.07
2832,26.213,-4.839,14.959,26.331,-4.819,14.998,0.1255,-10.37,61.06,-92.35,0.9345,0.0572,13.05,0.8,-1.23,50.4,50.4,12.6,-0.07
2833,26.207,-4.846,14.959,26.324,-4.826,14.998,0.1254,-10.39,61.08,-92.37,0.9343,0.0574,13.04,0.8,-1.23,50.4,50.4,12.6,-0.07
2834,26.2,-4.853,14.959,26.317,-4.833,14.998,0.1254,-10.42,61.08,-92.4,0.934,0.0575,13.04,0.8,-1.23,50.4,50.4,12.6,-0.07
2835,26.193,-4.86,14.959,26.31,-4.84,14.998,0.1254,-10.42,61.11,-92.42,0.9337,0.0577,13.04,0.81,-1.23,50.4,50.4,12.6,-0.07
2836,26.186,-4.868,14.959,26.303,-4.848,14.998,0.1254,-10.44,61.13,-92.44,0.9334,0.0579,13.03,0.81,-1.23,50.4,50.4,12.6,-0.07
2837,26.179,-4.875,14.959,26.297,-4.855,14.998,0.1254,-10.46,61.13,-92.46,0.9332,0.0581,13.03,0.81,-1.23,50.4,50.4,12.6,-0.07
2838,26.172,-4.882,14.959,26.29,-4.862,14.998,0.1254,-10.48,61.15,-92.48,0.9329,0.0583,13.03,0.81,-1.23,50.4,50.4,12.6,-0.07
2839,26.165,-4.889,14.959,26.283,-4.87,14.998,0.1254,-10.5,61.15,-92.5,0.9326,0.0585,13.02,0.82,-1.23,50.4,50.4,12.6,-0.07
2840,26.158,-4.897,14.959,26.276,-4.877,14.999,0.1253,-10.52,61.17,-92.53,0.9324,0.0586,13.02,0.82,-1.23,50.4,50.4,12.6,-0.07
2841,26.152,-4.904,14.959,26.27,-4.871,15.001,0.1299,-10.5,61.19,-92.55,0.9266,0.0601,12.94,0.84,-1.61,50.4,50.4,12.6,-0.42
2842,26.145,-4.911,14.959,26.268,-4.845,15.001,0.1465,-10.46,61.22,-92.57,0.9217,0.0649,12.87,0.91,-2.63,50.4,50.4,12.6,-1.39
2843,26.138,-4.919,14.959,26.258,-4.864,15.002,0.1389,-10.5,61.22,-92.59,0.9168,0.0679,12.8,0.95,-2.26,50.4,50.4,12.6,-1.03
2844,26.131,-4.926,14.959,26.246,-4.905,15.0,0.1236,-10.59,61.24,-92.61,0.9231,0.0675,12.89,0.94,-1.24,50.4,50.4,12.6,-0.07
2845,26.124,-4.933,14.959,26.24,-4.913,14.998,0.1234,-10.61,61.24,-92.64,0.927,0.0677,12.94,0.95,-1.24,50.4,50.4,12.6,-0.07
2846,26.118,-4.941,14.959,26.233,-4.92,14.998,0.1234,-10.61,61.26,-92.66,0.9259,0.0679,12.93,0.95,-1.24,50.4,50.4,12.6,-0.07
2847,26.111,-4.948,14.959,26.226,-4.928,14.998,0.1234,-10.63,61.26,-92.68,0.9257,0.0681,12.92,0.95,-1.24,50.4,50.4,12.6,-0.07
2848,26.104,-4.955,14.959,26.219,-4.935,14.998,0.1234,-10.66,61.28,-92.7,0.9254,0.0683,12.92,0.95,-1.24,50.4,50.4,12.6,-0.07
2849,26.097,-4.963,14.959,26.213,-4.942,14.998,0.1234,-10.68,61.28,-92.7,0.9252,0.0684,12.92,0.96,-1.24,50.4,50.4,12.6,-0.07
2850,26.091,-4.97,14.959,26.206,-4.95,14.998,0.1234,-10.7,61.3,-92.72,0.9249,0.0686,12.91,0.96,-1.24,50.4,50.4,12.6,-0.07
2851,26.084,-4.977,14.959,26.199,-4.957,14.998,0.1234,-10.72,61.3,-92.75,0.9246,0.0688,12.91,0.96,-1.24,50.4,50.4,12.6,-0.07
2852,26.077,-4.985,14.959,26.192,-4.965,15.0,0.1234,-10.72,61.33,-92.77,0.9217,0.069,12.87,0.96,-1.24,50.4,50.4,12.6,-0.07
2853,26.07,-4.992,14.959,26.185,-4.972,15.0,0.1234,-10.74,61.35,-92.79,0.9217,0.0692,12.87,0.97,-1.24,50.4,50.4,12.6,-0.07
2854,26.064,-5.0,14.959,26.178,-4.979,15.0,0.1234,-10.77,61.35,-92.81,0.9215,0.0694,12.87,0.97,-1.24,50.4,50.4,12.6,-0.07
2855,26.057,-5.007,14.959,26.172,-4.987,15.0,0.1234,-10.79,61.37,-92.83,0.9212,0.0696,12.86,0.97,-1.24,50.4,50.4,12.6,-0.07
2856,26.05,-5.014,14.959,26.165,-4.994,15.0,0.1233,-10.81,61.37,-92.86,0.921,0.0697,12.86,0.97,-1.24,50.4,50.4,12.6,-0.07
2857,26.043,-5.022,14.959,26.165,-4.956,15.0,0.1448,-10.72,61.39,-92.88,0.9152,0.0749,12.78,1.05,-2.64,50.4,50.4,12.6,-1.45
2858,26.037,-5.029,14.959,26.158,-4.961,15.001,0.1451,-10.74,61.41,-92.9,0.9103,0.0795,12.71,1.11,-2.7,50.4,50.4,12.6,-1.49
2859,26.03,-5.037,14.959,26.142,-5.014,15.003,0.1223,-10.85,61.44,-92.92,0.9054,0.0791,12.64,1.1,-1.29,50.4,50.4,12.6,-0.11
2860,26.023,-5.044,14.959,26.136,-5.023,15.0,0.1215,-10.88,61.44,-92.94,0.9117,0.0792,12.73,1.11,-1.25,50.4,50.4,12.6,-0.07
2861,26.017,-5.052,14.959,26.13,-5.031,14.998,0.1212,-10.9,61.44,-92.97,0.9163,0.0794,12.79,1.11,-1.26,50.4,50.4,12.6,-0.07
2862,26.01,-5.059,14.959,26.123,-5.038,14.998,0.1212,-10.92,61.46,-92.99,0.9168,0.0796,12.8,1.11,-1.26,50.4,50.4,12.6,-0.07
2863,26.004,-5.066,14.959,26.116,-5.046,14.998,0.1212,-10.94,61.46,-93.01,0.9163,0.0798,12.79,1.11,-1.26,50.4,50.4,12.6,-0.07
2864,25.997,-5.074,14.959,26.11,-5.053,14.998,0.1212,-10.96,61.48,-93.03,0.916,0.08,12.79,1.12,-1.26,50.4,50.4,12.6,-0.07
2865,25.99,-5.081,14.959,26.103,-5.061,14.998,0.1211,-10.96,61.48,-93.05,0.9157,0.0802,12.79,1.12,-1.26,50.4,50.4,12.6,-0.07
2866,25.984,-5.089,14.959,26.096,-5.068,14.998,0.1211,-10.99,61.5,-93.05,0.9155,0.0803,12.78,1.12,-1.26,50.4,50.4,12.6,-0.07
2867,25.977,-5.096,14.959,26.09,-5.076,14.998,0.1211,-11.01,61.52,-93.08,0.9152,0.0805,12.78,1.12,-1.26,50.4,50.4,12.6,-0.07
2868,25.97,-5.104,14.959,26.083,-5.083,14.998,0.1211,-11.03,61.52,-93.1,0.9149,0.0807,12.78,1.13,-1.26,50.4,50.4,12.6,-0.07
2869,25.964,-5.111,14.959,26.076,-5.091,14.998,0.1211,-11.05,61.55,-93.12,0.9147,0.0809,12.77,1.13,-1.26,50.4,50.4,12.6,-0.07
2870,25.957,-5.119,14.959,26.07,-5.098,14.998,0.1211,-11.07,61.55,-93.14,0.9141,0.0811,12.76,1.13,-1.26,50.4,50.4,12.6,-0.07
2871,25.95,-5.126,14.959,26.064,-5.098,15.001,0.1241,-11.07,61.57,-93.16,0.9084,0.0822,12.68,1.15,-1.5,50.4,50.4,12.6,-0.32
2872,25.944,-5.134,14.959,26.064,-5.065,15.001,0.1443,-11.01,61.59,-93.19,0.9035,0.0876,12.62,1.22,-2.73,50.4,50.4,12.6,-1.59
2873,25.937,-5.141,14.959,26.054,-5.08,15.002,0.139,-11.03,61.59,-93.21,0.8986,0.0917,12.55,1.28,-2.5,50.4,50.4,12.6,-1.34
2874,25.931,-5.149,14.959,26.041,-5.128,14.999,0.119,-11.14,61.61,-93.23,0.9049,0.0912,12.64,1.27,-1.27,50.4,50.4,12.6,-0.07
2875,25.924,-5.157,14.959,26.035,-5.136,14.997,0.1189,-11.16,61.61,-93.25,0.9082,0.0914,12.68,1.28,-1.27,50.4,50.4,12.6,-0.07
2876,25.918,-5.164,14.959,26.028,-5.143,14.998,0.1189,-11.18,61.63,-93.27,0.9073,0.0915,12.67,1.28,-1.27,50.4,50.4,12.6,-0.07
2877,25.911,-5.172,14.959,26.022,-5.151,14.998,0.1189,-11.21,61.63,-93.3,0.907,0.0917,12.66,1.28,-1.27,50.4,50.4,12.6,-0.07
2878,25.905,-5.179,14.959,26.015,-5.158,14.998,0.1188,-11.21,61.66,-93.3,0.9068,0.0919,12.66,1.28,-1.27,50.4,50.4,12.6,-0.07
2879,25.898,-5.187,14.959,26.009,-5.166,14.998,0.1188,-11.23,61.66,-93.32,0.9065,0.0921,12.66,1.29,-1.27,50.4,50.4,12.6,-0.07
2880,25.892,-5.194,14.959,26.002,-5.174,14.998,0.1188,-11.25,61.68,-93.34,0.9063,0.0923,12.65,1.29,-1.27,50.4,50.4,12.6,-0.07
2881,25.885,-5.202,14.959,25.995,-5.181,14.998,0.1188,-11.27,61.68,-93.36,0.906,0.0925,12.65,1.29,-1.27,50.4,50.4,12.6,-0.07
2882,25.879,-5.21,14.959,25.989,-5.189,14.999,0.1188,-11.29,61.7,-93.38,0.9045,0.0927,12.63,1.29,-1.27,50.4,50.4,12.6,-0.07
2883,25.872,-5.217,14.959,25.982,-5.196,14.999,0.1189,-11.32,61.7,-93.41,0.9031,0.0929,12.61,1.3,-1.27,50.4,50.4,12.6,-0.07
2884,25.866,-5.225,14.959,25.976,-5.204,14.999,0.1188,-11.34,61.72,-93.43,0.9031,0.093,12.61,1.3,-1.27,50.4,50.4,12.6,-0.07
2885,25.859,-5.232,14.959,25.969,-5.212,14.999,0.1188,-11.34,61.72,-93.45,0.9028,0.0932,12.61,1.3,-1.27,50.4,50.4,12.6,-0.07
2886,25.853,-5.24,14.959,25.969,-5.177,15.0,0.1387,-11.27,61.74,-93.47,0.8971,0.0984,12.53,1.37,-2.55,50.4,50.4,12.6,-1.46
2887,25.846,-5.248,14.959,25.963,-5.178,15.001,0.1425,-11.27,61.77,-93.49,0.8922,0.1032,12.46,1.44,-2.78,50.4,50.4,12.6,-1.69
2888,25.84,-5.255,14.959,25.948,-5.227,15.003,0.1197,-11.38,61.79,-93.52,0.8873,0.1039,12.39,1.45,-1.49,50.4,50.4,12.6,-0.3
2889,25.834,-5.263,14.959,25.941,-5.242,14.999,0.1166,-11.43,61.79,-93.52,0.8936,0.1039,12.48,1.45,-1.28,50.4,50.4,12.6,-0.07
2890,25.827,-5.271,14.959,25.935,-5.249,14.997,0.1164,-11.45,61.79,-93.54,0.8982,0.1041,12.54,1.45,-1.28,50.4,50.4,12.6,-0.07
2891,25.821,-5.278,14.959,25.929,-5.257,14.998,0.1164,-11.47,61.81,-93.56,0.8976,0.1043,12.53,1.46,-1.28,50.4,50.4,12.6,-0.07
2892,25.815,-5.286,14.959,25.922,-5.265,14.998,0.1163,-11.49,61.81,-93.58,0.8973,0.1045,12.53,1.46,-1.28,50.4,50.4,12.6,-0.07
2893,25.808,-5.294,14.959,25.916,-5.273,14.998,0.1163,-11.49,61.83,-93.6,0.897,0.1047,12.52,1.46,-1.28,50.4,50.4,12.6,-0.07
2894,25.802,-5.302,14.959,25.909,-5.28,14.998,0.1163,-11.51,61.83,-93.6,0.8968,0.1049,12.52,1.46,-1.28,50.4,50.4,12.6,-0.07
2895,25.795,-5.309,14.959,25.903,-5.288,14.998,0.1163,-11.54,61.85,-93.63,0.8965,0.1051,12.52,1.47,-1.28,50.4,50.4,12.6,-0.07
2896,25.789,-5.317,14.959,25.897,-5.296,14.998,0.1163,-11.56,61.85,-93.65,0.8962,0.1053,12.51,1.47,-1.28,50.4,50.4,12.6,-0.07
2897,25.783,-5.325,14.959,25.89,-5.304,14.998,0.1163,-11.58,61.88,-93.67,0.896,0.1054,12.51,1.47,-1.29,50.4,50.4,12.6,-0.07
2898,25.776,-5.332,14.959,25.884,-5.311,14.998,0.1162,-11.6,61.88,-93.69,0.8957,0.1056,12.51,1.47,-1.29,50.4,50.4,12.6,-0.07
2899,25.77,-5.34,14.959,25.877,-5.316,15.0,0.1176,-11.6,61.9,-93.71,0.89,0.1062,12.43,1.48,-1.39,50.4,50.4,12.6,-0.18
2900,25.764,-5.348,14.959,25.879,-5.278,15.001,0.1412,-11.54,61.92,-93.74,0.8851,0.1117,12.36,1.56,-2.79,50.4,50.4,12.6,-1.8
2901,25.757,-5.356,14.959,25.871,-5.288,15.001,0.1386,-11.56,61.92,-93.76,0.8802,0.1164,12.29,1.63,-2.7,50.4,50.4,12.6,-1.68
2902,25.751,-5.364,14.959,25.856,-5.342,14.998,0.1139,-11.67,61.92,-93.78,0.8865,0.1171,12.38,1.64,-1.29,50.4,50.4,12.6,-0.07
2903,25.745,-5.371,14.959,25.85,-5.35,14.997,0.1138,-11.69,61.94,-93.78,0.8887,0.1171,12.41,1.64,-1.3,50.4,50.4,12.6,-0.07
2904,25.739,-5.379,14.959,25.843,-5.357,14.997,0.1138,-11.71,61.94,-93.8,0.8879,0.1173,12.4,1.64,-1.3,50.4,50.4,12.6,-0.07
2905,25.733,-5.387,14.959,25.837,-5.365,14.998,0.1137,-11.73,61.96,-93.82,0.8877,0.1175,12.39,1.64,-1.3,50.4,50.4,12.6,-0.07
2906,25.726,-5.395,14.959,25.831,-5.373,14.998,0.1137,-11.76,61.96,-93.85,0.8874,0.1177,12.39,1.64,-1.3,50.4,50.4,12.6,-0.07
2907,25.72,-5.403,14.959,25.825,-5.381,14.998,0.1137,-11.78,61.98,-93.85,0.8872,0.1179,12.39,1.65,-1.3,50.4,50.4,12.6,-0.07
2908,25.714,-5.41,14.959,25.818,-5.389,14.998,0.1137,-11.8,61.98,-93.87,0.8869,0.1181,12.38,1.65,-1.3,50.4,50.4,12.6,-0.07
2909,25.708,-5.418,14.959,25.812,-5.397,14.998,0.1137,-11.8,62.01,-93.89,0.8867,0.1183,12.38,1.65,-1.3,50.4,50.4,12.6,-0.07
2910,25.701,-5.426,14.959,25.806,-5.404,14.998,0.1136,-11.82,62.01,-93.91,0.8864,0.1185,12.38,1.65,-1.3,50.4,50.4,12.6,-0.07
2911,25.695,-5.434,14.959,25.799,-5.412,14.999,0.1137,-11.84,62.03,-93.93,0.884,0.1186,12.34,1.66,-1.3,50.4,50.4,12.6,-0.07
2912,25.689,-5.442,14.959,25.793,-5.42,14.999,0.1137,-11.87,62.03,-93.93,0.8839,0.1188,12.34,1.66,-1.3,50.4,50.4,12.6,-0.07
2913,25.683,-5.45,14.959,25.794,-5.389,15.0,0.1326,-11.8,62.05,-93.96,0.8782,0.1242,12.26,1.73,-2.49,50.4,50.4,12.6,-1.52
2914,25.677,-5.458,14.959,25.788,-5.387,15.0,0.1385,-11.8,62.07,-93.98,0.8733,0.129,12.19,1.8,-2.81,50.4,50.4,12.6,-1.9
2915,25.671,-5.466,14.959,25.773,-5.433,15.002,0.1159,-11.91,62.07,-94.0,0.8684,0.1309,12.13,1.83,-1.62,50.4,50.4,12.6,-0.45
2916,25.665,-5.473,14.959,25.766,-5.451,14.999,0.1112,-11.95,62.09,-94.02,0.8748,0.1307,12.21,1.83,-1.31,50.4,50.4,12.6,-0.07
2917,25.659,-5.481,14.959,25.76,-5.459,14.997,0.111,-11.98,62.09,-94.04,0.8788,0.1309,12.27,1.83,-1.31,50.4,50.4,12.6,-0.07
2918,25.653,-5.489,14.959,25.754,-5.467,14.997,0.111,-11.98,62.09,-94.04,0.8778,0.1311,12.26,1.83,-1.31,50.4,50.4,12.6,-0.07
2919,25.646,-5.497,14.959,25.748,-5.475,14.997,0.111,-12.0,62.12,-94.06,0.8775,0.1313,12.25,1.83,-1.31,50.4,50.4,12.6,-0.07
2920,25.64,-5.505,14.959,25.742,-5.483,14.997,0.1109,-12.02,62.12,-94.09,0.8773,0.1315,12.25,1.84,-1.31,50.4,50.4,12.6,-0.07
2921,25.634,-5.513,14.959,25.736,-5.491,14.997,0.1109,-12.04,62.14,-94.11,0.877,0.1317,12.25,1.84,-1.31,50.4,50.4,12.6,-0.07
2922,25.628,-5.521,14.959,25.73,-5.499,14.997,0.1109,-12.06,62.14,-94.11,0.8768,0.1319,12.24,1.84,-1.31,50.4,50.4,12.6,-0.07
2923,25.622,-5.529,14.959,25.724,-5.507,14.998,0.1109,-12.08,62.16,-94.13,0.8765,0.1321,12.24,1.84,-1.31,50.4,50.4,12.6,-0.07
2924,25.616,-5.537,14.959,25.718,-5.515,14.998,0.1109,-12.11,62.16,-94.15,0.8763,0.1323,12.24,1.85,-1.31,50.4,50.4,12.6,-0.07
2925,25.61,-5.545,14.959,25.711,-5.52,15.0,0.1121,-12.11,62.18,-94.17,0.8706,0.1329,12.16,1.86,-1.39,50.4,50.4,12.6,-0.18
2926,25.604,-5.553,14.959,25.714,-5.483,15.0,0.1366,-12.04,62.18,-94.2,0.8657,0.1383,12.09,1.93,-2.8,50.4,50.4,12.6,-2.0
2927,25.598,-5.561,14.959,25.706,-5.493,15.001,0.1344,-12.06,62.2,-94.22,0.8608,0.1431,12.02,2.0,-2.73,50.4,50.4,12.6,-1.9
2928,25.592,-5.569,14.959,25.691,-5.546,14.997,0.1081,-12.17,62.2,-94.22,0.8671,0.1452,12.11,2.03,-1.32,50.4,50.4,12.6,-0.07
2929,25.586,-5.577,14.959,25.685,-5.554,14.997,0.1081,-12.19,62.23,-94.24,0.8684,0.145,12.12,2.02,-1.32,50.4,50.4,12.6,-0.07
2930,25.581,-5.585,14.959,25.679,-5.562,14.997,0.1081,-12.22,62.23,-94.26,0.8678,0.1452,12.12,2.03,-1.32,50.4,50.4,12.6,-0.07
2931,25.575,-5.593,14.959,25.673,-5.571,14.997,0.1081,-12.24,62.23,-94.28,0.8675,0.1454,12.11,2.03,-1.32,50.4,50.4,12.6,-0.07
2932,25.569,-5.601,14.958,25.667,-5.579,14.997,0.1081,-12.26,62.25,-94.28,0.8673,0.1456,12.11,2.03,-1.32,50.4,50.4,12.6,-0.07
2933,25.563,-5.61,14.958,25.661,-5.587,14.997,0.108,-12.28,62.25,-94.31,0.867,0.1458,12.11,2.04,-1.32,50.4,50.4,12.6,-0.07
2934,25.557,-5.618,14.958,25.655,-5.595,14.997,0.108,-12.3,62.27,-94.33,0.8668,0.146,12.1,2.04,-1.32,50.4,50.4,12.6,-0.07
2935,25.551,-5.626,14.958,25.649,-5.603,14.997,0.108,-12.33,62.27,-94.33,0.8666,0.1462,12.1,2.04,-1.32,50.4,50.4,12.6,-0.07
2936,25.545,-5.634,14.958,25.643,-5.611,14.997,0.108,-12.35,62.29,-94.35,0.8663,0.1464,12.1,2.04,-1.32,50.4,50.4,12.6,-0.07
2937,25.539,-5.642,14.958,25.637,-5.619,14.997,0.1079,-12.37,62.29,-94.37,0.8661,0.1466,12.09,2.05,-1.32,50.4,50.4,12.6,-0.07
2938,25.533,-5.65,14.958,25.639,-5.587,14.998,0.1289,-12.28,62.31,-94.39,0.8604,0.1521,12.01,2.12,-2.57,50.4,50.4,12.6,-1.8
2939,25.528,-5.658,14.958,25.633,-5.588,14.999,0.1332,-12.3,62.31,-94.42,0.8555,0.1568,11.94,2.19,-2.8,50.4,50.4,12.6,-2.1
2940,25.522,-5.666,14.958,25.618,-5.636,15.0,0.1087,-12.41,62.34,-94.42,0.8506,0.16,11.88,2.23,-1.55,50.4,50.4,12.6,-0.37
2941,25.516,-5.675,14.958,25.611,-5.651,14.997,0.1052,-12.44,62.34,-94.44,0.857,0.1597,11.97,2.23,-1.33,50.4,50.4,12.6,-0.07
2942,25.511,-5.683,14.958,25.606,-5.659,14.997,0.1051,-12.46,62.34,-94.46,0.8577,0.1599,11.98,2.23,-1.33,50.4,50.4,12.6,-0.07
2943,25.505,-5.691,14.958,25.6,-5.667,14.997,0.1051,-12.48,62.36,-94.46,0.8572,0.1601,11.97,2.23,-1.33,50.4,50.4,12.6,-0.07
2944,25.499,-5.699,14.958,25.594,-5.676,14.997,0.1051,-12.5,62.36,-94.48,0.857,0.1603,11.97,2.24,-1.33,50.4,50.4,12.6,-0.07
2945,25.493,-5.707,14.958,25.588,-5.684,14.997,0.1051,-12.52,62.38,-94.5,0.8568,0.1605,11.96,2.24,-1.33,50.4,50.4,12.6,-0.07
2946,25.488,-5.716,14.958,25.583,-5.692,14.997,0.105,-12.55,62.38,-94.5,0.8565,0.1607,11.96,2.24,-1.33,50.4,50.4,12.6,-0.07
2947,25.482,-5.724,14.958,25.577,-5.7,14.998,0.1051,-12.57,62.4,-94.53,0.8548,0.1609,11.94,2.25,-1.33,50.4,50.4,12.6,-0.07
2948,25.476,-5.732,14.958,25.571,-5.709,14.998,0.1051,-12.59,62.4,-94.55,0.8543,0.1611,11.93,2.25,-1.33,50.4,50.4,12.6,-0.07
2949,25.471,-5.74,14.958,25.566,-5.708,15.0,0.1091,-12.59,62.42,-94.55,0.8487,0.1627,11.85,2.27,-1.61,50.4,50.4,12.6,-0.49
2950,25.465,-5.748,14.958,25.567,-5.679,15.0,0.1306,-12.52,62.42,-94.57,0.8438,0.168,11.78,2.35,-2.76,50.4,50.4,12.6,-2.21
2951,25.459,-5.757,14.958,25.558,-5.696,15.001,0.124,-12.57,62.45,-94.59,0.8389,0.1728,11.71,2.41,-2.49,50.4,50.4,12.6,-1.79
2952,25.454,-5.765,14.958,25.545,-5.741,14.997,0.102,-12.66,62.45,-94.61,0.8453,0.1752,11.8,2.45,-1.34,50.4,50.4,12.6,-0.07
2953,25.448,-5.773,14.958,25.54,-5.749,14.996,0.1019,-12.68,62.45,-94.64,0.8476,0.175,11.83,2.44,-1.34,50.4,50.4,12.6,-0.07
2954,25.443,-5.782,14.958,25.534,-5.758,14.997,0.1019,-12.7,62.47,-94.64,0.8469,0.1752,11.82,2.45,-1.34,50.4,50.4,12.6,-0.07
2955,25.437,-5.79,14.958,25.529,-5.766,14.997,0.1019,-12.72,62.47,-94.66,0.8466,0.1754,11.82,2.45,-1.34,50.4,50.4,12.6,-0.07
2956,25.432,-5.798,14.958,25.523,-5.774,14.997,0.1019,-12.74,62.47,-94.66,0.8464,0.1756,11.82,2.45,-1.34,50.4,50.4,12.6,-0.07
2957,25.426,-5.807,14.958,25.518,-5.783,14.997,0.1019,-12.77,62.49,-94.68,0.8462,0.1758,11.81,2.45,-1.34,50.4,50.4,12.6,-0.07
2958,25.421,-5.815,14.958,25.512,-5.791,14.997,0.1018,-12.79,62.49,-94.7,0.8459,0.176,11.81,2.46,-1.34,50.4,50.4,12.6,-0.07
2959,25.415,-5.823,14.958,25.506,-5.799,14.997,0.1018,-12.81,62.49,-94.7,0.8457,0.1762,11.81,2.46,-1.34,50.4,50.4,12.6,-0.07
2960,25.41,-5.832,14.958,25.501,-5.804,14.999,0.1037,-12.83,62.51,-94.72,0.84,0.177,11.73,2.47,-1.46,50.4,50.4,12.6,-0.27
2961,25.404,-5.84,14.958,25.503,-5.772,14.999,0.127,-12.74,62.53,-94.75,0.8351,0.1825,11.66,2.55,-2.72,50.4,50.4,12.6,-2.31
2962,25.399,-5.849,14.958,25.496,-5.783,15.0,0.1239,-12.79,62.53,-94.77,0.8303,0.1872,11.59,2.61,-2.61,50.4,50.4,12.6,-2.12
2963,25.394,-5.857,14.958,25.481,-5.832,14.996,0.0986,-12.9,62.53,-94.77,0.8366,0.1911,11.68,2.67,-1.35,50.4,50.4,12.6,-0.08
2964,25.388,-5.866,14.958,25.476,-5.841,14.996,0.0987,-12.92,62.56,-94.79,0.8365,0.1907,11.68,2.66,-1.35,50.4,50.4,12.6,-0.08
2965,25.383,-5.874,14.958,25.471,-5.849,14.996,0.0987,-12.94,62.56,-94.79,0.8362,0.1909,11.68,2.67,-1.35,50.4,50.4,12.6,-0.08
2966,25.378,-5.882,14.958,25.462,-5.87,14.999,0.0939,-12.99,62.58,-94.81,0.8305,0.1914,11.6,2.67,-0.94,50.4,50.4,12.6,-0.16
2967,25.372,-5.891,14.958,25.45,-5.904,15.0,0.089,-13.05,62.58,-94.83,0.8256,0.1924,11.53,2.69,-0.13,50.4,50.4,12.6,-0.32
2968,25.367,-5.899,14.958,25.441,-5.926,15.002,0.0894,-13.12,62.6,-94.83,0.8208,0.1936,11.46,2.7,0.28,50.4,50.4,12.6,-0.41
2969,25.362,-5.908,14.958,25.435,-5.934,15.003,0.0895,-13.14,62.6,-94.86,0.8159,0.1948,11.39,2.72,0.29,50.4,50.4,12.6,-0.4
2970,25.357,-5.916,14.958,25.429,-5.943,15.004,0.0897,-13.16,62.62,-94.86,0.811,0.196,11.32,2.74,0.3,50.4,50.4,12.6,-0.4
2971,25.351,-5.924,14.958,25.427,-5.932,15.004,0.0886,-13.14,62.62,-94.88,0.8062,0.2008,11.26,2.8,-0.28,50.4,50.4,12.6,-1.43
2972,25.346,-5.933,14.958,25.425,-5.918,15.005,0.0927,-13.1,62.64,-94.9,0.8013,0.2057,11.19,2.87,-0.97,50.4,50.4,12.6,-2.66
2973,25.341,-5.941,14.958,25.415,-5.945,15.005,0.0869,-13.16,62.64,-94.92,0.7965,0.2104,11.12,2.94,-0.38,50.4,50.4,12.6,-1.62
2974,25.336,-5.949,14.958,25.403,-5.976,15.005,0.0857,-13.23,62.64,-94.92,0.7916,0.2148,11.05,3.0,0.33,50.4,50.4,12.6,-0.38
2975,25.332,-5.957,14.958,25.398,-5.984,15.006,0.086,-13.25,62.67,-94.94,0.7868,0.2153,10.99,3.01,0.34,50.4,50.4,12.6,-0.38
2976,25.327,-5.966,14.958,25.393,-5.992,15.007,0.0861,-13.27,62.67,-94.94,0.7819,0.2164,10.92,3.02,0.34,50.4,50.4,12.6,-0.37
2977,25.322,-5.974,14.958,25.387,-6.001,15.007,0.0861,-13.29,62.69,-94.97,0.777,0.2175,10.85,3.04,0.35,50.4,50.4,12.6,-0.37
2978,25.317,-5.982,14.958,25.382,-6.009,15.008,0.0862,-13.32,62.69,-94.99,0.7722,0.2186,10.78,3.05,0.36,50.4,50.4,12.6,-0.37
2979,25.312,-5.99,14.958,25.378,-6.017,15.004,0.0845,-13.34,62.69,-94.99,0.7786,0.2197,10.87,3.07,0.36,50.4,50.4,12.6,-0.37
2980,25.307,-5.998,14.958,25.374,-6.026,15.0,0.0833,-13.36,62.69,-95.01,0.7833,0.2208,10.94,3.08,0.37,50.4,50.4,12.6,-0.37
2981,25.303,-6.006,14.958,25.37,-6.034,14.997,0.0823,-13.38,62.69,-95.01,0.788,0.2218,11.0,3.1,0.38,50.4,50.4,12.6,-0.37
2982,25.298,-6.014,14.958,25.371,-6.01,14.997,0.0829,-13.34,62.69,-95.03,0.7814,0.2272,10.91,3.17,-0.62,50.4,50.4,12.6,-2.33
2983,25.293,-6.022,14.958,25.366,-6.014,14.997,0.0829,-13.34,62.71,-95.05,0.7766,0.232,10.84,3.24,-0.75,50.4,50.4,12.6,-2.58
2984,25.289,-6.03,14.958,25.353,-6.054,14.997,0.0784,-13.43,62.71,-95.05,0.7718,0.2368,10.78,3.31,0.27,50.4,50.4,12.6,-0.6
2985,25.285,-6.038,14.958,25.348,-6.066,14.992,0.0773,-13.47,62.71,-95.08,0.7781,0.2398,10.86,3.35,0.41,50.4,50.4,12.6,-0.34
2986,25.28,-6.045,14.958,25.344,-6.074,14.989,0.0767,-13.47,62.71,-95.08,0.7828,0.2404,10.93,3.36,0.42,50.4,50.4,12.6,-0.34
2987,25.276,-6.053,14.958,25.34,-6.083,14.987,0.0761,-13.49,62.71,-95.1,0.7875,0.2414,11.0,3.37,0.43,50.4,50.4,12.6,-0.34
2988,25.271,-6.061,14.958,25.336,-6.091,14.984,0.0756,-13.51,62.71,-95.1,0.7922,0.2424,11.06,3.38,0.43,50.4,50.4,12.6,-0.34
2989,25.267,-6.069,14.958,25.332,-6.099,14.981,0.0752,-13.54,62.71,-95.12,0.797,0.2433,11.13,3.4,0.44,50.4,50.4,12.6,-0.34
2990,25.263,-6.076,14.958,25.328,-6.107,14.979,0.0749,-13.56,62.71,-95.12,0.8017,0.2443,11.19,3.41,0.45,50.4,50.4,12.6,-0.34
2991,25.258,-6.084,14.958,25.323,-6.114,14.979,0.0747,-13.58,62.73,-95.14,0.8009,0.2453,11.18,3.43,0.45,50.4,50.4,12.6,-0.34
2992,25.254,-6.092,14.958,25.32,-6.112,14.98,0.0727,-13.58,62.73,-95.14,0.7952,0.2487,11.1,3.47,0.15,50.4,50.4,12.6,-1.02
2993,25.25,-6.099,14.958,25.32,-6.098,14.981,0.0735,-13.54,62.73,-95.16,0.7904,0.2538,11.04,3.54,-0.53,50.4,50.4,12.6,-2.51
2994,25.246,-6.107,14.958,25.312,-6.115,14.981,0.0705,-13.58,62.75,-95.16,0.7855,0.2585,10.97,3.61,-0.21,50.4,50.4,12.6,-1.81
2995,25.242,-6.115,14.958,25.302,-6.145,14.978,0.0706,-13.65,62.75,-95.19,0.791,0.2628,11.05,3.67,0.49,50.4,50.4,12.6,-0.31
2996,25.238,-6.122,14.958,25.298,-6.153,14.978,0.0706,-13.67,62.75,-95.19,0.7896,0.2631,11.03,3.67,0.5,50.4,50.4,12.6,-0.31
2997,25.234,-6.13,14.958,25.294,-6.16,14.978,0.0704,-13.69,62.75,-95.21,0.789,0.264,11.02,3.69,0.5,50.4,50.4,12.6,-0.3
2998,25.23,-6.137,14.958,25.29,-6.168,14.978,0.0702,-13.71,62.78,-95.21,0.7884,0.2648,11.01,3.7,0.51,50.4,50.4,12.6,-0.3
2999,25.226,-6.144,14.958,25.286,-6.175,14.978,0.0701,-13.73,62.78,-95.21,0.7878,0.2657,11.0,3.71,0.52,50.4,50.4,12.6,-0.3
3000,25.222,-6.152,14.958,25.281,-6.183,14.978,0.0699,-13.73,62.78,-95.23,0.7872,0.2666,10.99,3.72,0.52,50.4,50.4,12.6,-0.3
3001,25.218,-6.159,14.958,25.277,-6.19,14.978,0.0698,-13.75,62.78,-95.23,0.7866,0.2675,10.98,3.73,0.53,50.4,50.4,12.6,-0.3
3002,25.214,-6.166,14.958,25.273,-6.198,14.978,0.0696,-13.78,62.8,-95.25,0.786,0.2684,10.97,3.75,0.54,50.4,50.4,12.6,-0.3
3003,25.211,-6.174,14.958,25.273,-6.185,14.979,0.0664,-13.75,62.8,-95.25,0.7804,0.2738,10.9,3.82,-0.1,50.4,50.4,12.6,-1.87
3004,25.207,-6.181,14.958,25.269,-6.185,14.98,0.066,-13.75,62.8,-95.27,0.7756,0.2786,10.83,3.89,-0.31,50.4,50.4,12.6,-2.4
3005,25.203,-6.188,14.958,25.259,-6.212,14.981,0.0648,-13.82,62.82,-95.27,0.7708,0.2833,10.76,3.96,0.34,50.4,50.4,12.6,-0.81
3006,25.2,-6.195,14.958,25.254,-6.227,14.977,0.0659,-13.84,62.82,-95.3,0.7769,0.2846,10.85,3.97,0.57,50.4,50.4,12.6,-0.27
3007,25.196,-6.202,14.958,25.251,-6.234,14.978,0.0658,-13.86,62.82,-95.3,0.7755,0.2852,10.83,3.98,0.58,50.4,50.4,12.6,-0.27
3008,25.193,-6.21,14.958,25.247,-6.241,14.978,0.0657,-13.89,62.82,-95.3,0.7749,0.286,10.82,3.99,0.58,50.4,50.4,12.6,-0.27
3009,25.189,-6.217,14.958,25.243,-6.249,14.978,0.0656,-13.91,62.82,-95.32,0.7744,0.2867,10.81,4.0,0.59,50.4,50.4,12.6,-0.27
3010,25.186,-6.224,14.958,25.239,-6.256,14.978,0.0654,-13.93,62.84,-95.32,0.7739,0.2875,10.81,4.01,0.6,50.4,50.4,12.6,-0.27
3011,25.182,-6.231,14.958,25.236,-6.263,14.978,0.0653,-13.93,62.84,-95.32,0.7733,0.2883,10.8,4.03,0.6,50.4,50.4,12.6,-0.27
3012,25.179,-6.237,14.958,25.232,-6.27,14.978,0.0652,-13.95,62.84,-95.34,0.7728,0.2891,10.79,4.04,0.61,50.4,50.4,12.6,-0.26
3013,25.176,-6.244,14.958,25.228,-6.273,14.98,0.0638,-13.95,62.84,-95.34,0.7672,0.2911,10.71,4.07,0.49,50.4,50.4,12.6,-0.63
3014,25.172,-6.251,14.958,25.228,-6.261,14.98,0.061,-13.93,62.86,-95.34,0.7624,0.2964,10.65,4.14,-0.1,50.4,50.4,12.6,-2.3
3015,25.169,-6.258,14.958,25.223,-6.272,14.981,0.0597,-13.97,62.86,-95.36,0.7576,0.3012,10.58,4.21,0.05,50.4,50.4,12.6,-1.92
3016,25.166,-6.265,14.958,25.215,-6.298,14.977,0.0617,-14.02,62.86,-95.36,0.764,0.3048,10.67,4.26,0.64,50.4,50.4,12.6,-0.23
3017,25.163,-6.272,14.958,25.211,-6.305,14.977,0.0617,-14.04,62.86,-95.38,0.7629,0.305,10.65,4.26,0.65,50.4,50.4,12.6,-0.23
3018,25.16,-6.278,14.958,25.208,-6.311,14.977,0.0616,-14.06,62.86,-95.38,0.7624,0.3056,10.65,4.27,0.66,50.4,50.4,12.6,-0.23
3019,25.157,-6.285,14.958,25.205,-6.318,14.977,0.0616,-14.06,62.89,-95.38,0.762,0.3063,10.64,4.28,0.66,50.4,50.4,12.6,-0.23
3020,25.154,-6.292,14.958,25.202,-6.325,14.977,0.0615,-14.08,62.89,-95.38,0.7615,0.307,10.63,4.29,0.67,50.4,50.4,12.6,-0.23
3021,25.15,-6.298,14.958,25.198,-6.332,14.977,0.0614,-14.11,62.89,-95.41,0.7611,0.3077,10.63,4.3,0.68,50.4,50.4,12.6,-0.23
3022,25.147,-6.305,14.958,25.195,-6.339,14.977,0.0613,-14.13,62.89,-95.41,0.7606,0.3083,10.62,4.31,0.68,50.4,50.4,12.6,-0.23
3023,25.144,-6.311,14.958,25.192,-6.345,14.977,0.0612,-14.13,62.89,-95.41,0.7602,0.309,10.61,4.31,0.69,50.4,50.4,12.6,-0.23
3024,25.141,-6.318,14.958,25.19,-6.34,14.978,0.0571,-14.13,62.91,-95.43,0.7546,0.314,10.54,4.38,0.33,50.4,50.4,12.6,-1.45
3025,25.139,-6.324,14.958,25.188,-6.34,14.979,0.0553,-14.13,62.91,-95.43,0.7498,0.3188,10.47,4.45,0.12,50.4,50.4,12.6,-2.18
3026,25.136,-6.331,14.958,25.18,-6.357,14.98,0.0562,-14.17,62.91,-95.43,0.745,0.3233,10.4,4.51,0.5,50.4,50.4,12.6,-0.94
3027,25.133,-6.337,14.958,25.177,-6.371,14.977,0.0583,-14.19,62.91,-95.45,0.7514,0.3232,10.49,4.51,0.72,50.4,50.4,12.6,-0.2
3028,25.13,-6.344,14.958,25.174,-6.378,14.977,0.0582,-14.22,62.91,-95.45,0.7511,0.3238,10.49,4.52,0.73,50.4,50.4,12.6,-0.2
3029,25.128,-6.35,14.958,25.171,-6.384,14.977,0.0582,-14.24,62.91,-95.45,0.7506,0.3244,10.48,4.53,0.74,50.4,50.4,12.6,-0.2
3030,25.125,-6.356,14.958,25.168,-6.391,14.977,0.0581,-14.24,62.91,-95.45,0.7502,0.3249,10.47,4.54,0.74,50.4,50.4,12.6,-0.2
3031,25.122,-6.362,14.958,25.165,-6.397,14.977,0.0581,-14.26,62.93,-95.45,0.7498,0.3255,10.47,4.54,0.75,50.4,50.4,12.6,-0.19
3032,25.12,-6.369,14.958,25.162,-6.403,14.977,0.058,-14.28,62.93,-95.47,0.7494,0.3261,10.46,4.55,0.76,50.4,50.4,12.6,-0.19
3033,25.117,-6.375,14.958,25.159,-6.41,14.977,0.058,-14.28,62.93,-95.47,0.749,0.3266,10.46,4.56,0.76,50.4,50.4,12.6,-0.19
3034,25.114,-6.381,14.958,25.157,-6.415,14.977,0.0574,-14.3,62.93,-95.47,0.7484,0.3276,10.45,4.57,0.74,50.4,50.4,12.6,-0.32
3035,25.112,-6.387,14.958,25.156,-6.407,14.978,0.0524,-14.28,62.93,-95.47,0.7429,0.3331,10.37,4.65,0.32,50.4,50.4,12.6,-2.05
3036,25.109,-6.393,14.958,25.152,-6.414,14.978,0.0516,-14.3,62.95,-95.49,0.7381,0.3378,10.31,4.72,0.36,50.4,50.4,12.6,-1.91
3037,25.107,-6.399,14.958,25.146,-6.434,14.976,0.0552,-14.35,62.95,-95.49,0.7413,0.3403,10.35,4.75,0.79,50.4,50.4,12.6,-0.16
3038,25.105,-6.405,14.958,25.143,-6.44,14.976,0.0553,-14.37,62.95,-95.49,0.7405,0.3404,10.34,4.75,0.8,50.4,50.4,12.6,-0.16
3039,25.102,-6.411,14.958,25.141,-6.446,14.976,0.0553,-14.37,62.95,-95.49,0.7402,0.3408,10.34,4.76,0.81,50.4,50.4,12.6,-0.16
3040,25.1,-6.417,14.958,25.138,-6.452,14.976,0.0553,-14.39,62.95,-95.52,0.7399,0.3413,10.33,4.77,0.81,50.4,50.4,12.6,-0.16
3041,25.098,-6.423,14.958,25.136,-6.458,14.976,0.0553,-14.41,62.95,-95.52,0.7396,0.3417,10.33,4.77,0.82,50.4,50.4,12.6,-0.16
3042,25.096,-6.428,14.958,25.134,-6.464,14.976,0.0553,-14.41,62.95,-95.52,0.7393,0.3422,10.32,4.78,0.83,50.4,50.4,12.6,-0.16
3043,25.093,-6.434,14.958,25.131,-6.47,14.976,0.0553,-14.44,62.95,-95.52,0.739,0.3427,10.32,4.78,0.83,50.4,50.4,12.6,-0.16
3044,25.091,-6.44,14.958,25.129,-6.476,14.976,0.0553,-14.46,62.95,-95.52,0.7387,0.3431,10.31,4.79,0.84,50.4,50.4,12.6,-0.16
3045,25.089,-6.446,14.958,25.127,-6.476,14.978,0.0524,-14.46,62.97,-95.52,0.7331,0.3468,10.24,4.84,0.67,50.4,50.4,12.6,-1.07
3046,25.087,-6.451,14.958,25.124,-6.477,14.978,0.0496,-14.46,62.97,-95.54,0.7283,0.3518,10.17,4.91,0.52,50.4,50.4,12.6,-1.9
3047,25.085,-6.457,14.958,25.119,-6.488,14.979,0.0511,-14.48,62.97,-95.54,0.7235,0.3555,10.1,4.96,0.71,50.4,50.4,12.6,-0.97
3048,25.083,-6.462,14.958,25.117,-6.499,14.976,0.0531,-14.5,62.97,-95.54,0.73,0.3552,10.19,4.96,0.87,50.4,50.4,12.6,-0.12
3049,25.081,-6.468,14.958,25.115,-6.504,14.976,0.0531,-14.52,62.97,-95.54,0.7314,0.3556,10.21,4.97,0.88,50.4,50.4,12.6,-0.12
3050,25.079,-6.473,14.958,25.113,-6.51,14.976,0.0531,-14.52,62.97,-95.54,0.7307,0.356,10.2,4.97,0.88,50.4,50.4,12.6,-0.12
3051,25.077,-6.479,14.958,25.111,-6.516,14.976,0.0531,-14.55,62.97,-95.54,0.7305,0.3563,10.2,4.97,0.89,50.4,50.4,12.6,-0.12
3052,25.075,-6.484,14.958,25.109,-6.521,14.976,0.0531,-14.57,62.97,-95.56,0.7303,0.3567,10.2,4.98,0.9,50.4,50.4,12.6,-0.12
3053,25.073,-6.49,14.958,25.107,-6.527,14.976,0.0532,-14.57,62.97,-95.56,0.73,0.357,10.19,4.98,0.9,50.4,50.4,12.6,-0.12
3054,25.071,-6.495,14.958,25.105,-6.532,14.976,0.0532,-14.59,62.97,-95.56,0.7298,0.3574,10.19,4.99,0.91,50.4,50.4,12.6,-0.12
3055,25.069,-6.5,14.958,25.103,-6.537,14.976,0.0532,-14.59,62.97,-95.56,0.7296,0.3577,10.19,4.99,0.92,50.4,50.4,12.6,-0.12
3056,25.067,-6.505,14.958,25.101,-6.536,14.977,0.049,-14.59,63.0,-95.56,0.724,0.3632,10.11,5.07,0.71,50.4,50.4,12.6,-1.72
3057,25.065,-6.51,14.958,25.098,-6.541,14.977,0.0481,-14.61,63.0,-95.56,0.7192,0.368,10.04,5.14,0.71,50.4,50.4,12.6,-1.74
3058,25.064,-6.516,14.958,25.095,-6.553,14.975,0.0512,-14.63,63.0,-95.58,0.7236,0.3685,10.1,5.15,0.93,50.4,50.4,12.6,-0.12
3059,25.062,-6.521,14.958,25.093,-6.558,14.975,0.0514,-14.66,63.0,-95.58,0.7229,0.3686,10.09,5.15,0.94,50.4,50.4,12.6,-0.09
3060,25.06,-6.526,14.958,25.091,-6.563,14.975,0.0515,-14.66,63.0,-95.58,0.7227,0.3689,10.09,5.15,0.95,50.4,50.4,12.6,-0.09
3061,25.059,-6.531,14.958,25.089,-6.569,14.975,0.0515,-14.68,63.0,-95.58,0.7225,0.3691,10.09,5.15,0.96,50.4,50.4,12.6,-0.09
3062,25.057,-6.536,14.958,25.087,-6.574,14.975,0.0516,-14.68,63.0,-95.58,0.7224,0.3694,10.09,5.16,0.96,50.4,50.4,12.6,-0.08
3063,25.056,-6.541,14.958,25.086,-6.579,14.975,0.0516,-14.7,63.0,-95.58,0.7222,0.3696,10.08,5.16,0.97,50.4,50.4,12.6,-0.08
3064,25.054,-6.546,14.958,25.084,-6.584,14.975,0.0517,-14.7,63.0,-95.58,0.722,0.3699,10.08,5.16,0.98,50.4,50.4,12.6,-0.08
3065,25.052,-6.55,14.958,25.082,-6.589,14.975,0.0517,-14.72,63.0,-95.58,0.7219,0.3701,10.08,5.17,0.98,50.4,50.4,12.6,-0.08
3066,25.051,-6.555,14.958,25.08,-6.592,14.977,0.0506,-14.72,63.0,-95.58,0.7163,0.3727,10.0,5.2,0.94,50.4,50.4,12.6,-0.76
3067,25.049,-6.56,14.958,25.078,-6.594,14.978,0.0487,-14.74,63.0,-95.58,0.7115,0.3779,9.93,5.28,0.88,50.4,50.4,12.6,-1.58
3068,25.048,-6.565,14.958,25.067,-6.599,15.008,0.0632,-14.74,63.08,-95.6,0.6431,0.3802,8.98,5.31,0.94,50.4,50.4,12.6,-0.88
3069,25.047,-6.569,14.958,25.074,-6.608,14.976,0.0504,-14.77,63.0,-95.6,0.7132,0.3799,9.96,5.3,1.01,50.4,50.4,12.6,-0.05
3070,25.045,-6.574,14.958,25.073,-6.613,14.974,0.0503,-14.77,63.0,-95.6,0.7164,0.38,10.0,5.31,1.02,50.4,50.4,12.6,-0.05
3071,25.044,-6.579,14.958,25.071,-6.618,14.975,0.0504,-14.79,63.0,-95.6,0.7157,0.3802,9.99,5.31,1.02,50.4,50.4,12.6,-0.05
3072,25.042,-6.583,14.958,25.07,-6.622,14.975,0.0505,-14.79,63.0,-95.6,0.7156,0.3803,9.99,5.31,1.03,50.4,50.4,12.6,-0.05
3073,25.041,-6.588,14.958,25.068,-6.627,14.975,0.0506,-14.81,63.0,-95.6,0.7155,0.3804,9.99,5.31,1.04,50.4,50.4,12.6,-0.05
3074,25.04,-6.592,14.958,25.067,-6.631,14.975,0.0507,-14.81,63.0,-95.6,0.7154,0.3806,9.99,5.31,1.04,50.4,50.4,12.6,-0.05
3075,25.039,-6.596,14.958,25.065,-6.636,14.975,0.0508,-14.83,63.0,-95.6,0.7154,0.3807,9.99,5.32,1.05,50.4,50.4,12.6,-0.05
3076,25.037,-6.601,14.958,25.064,-6.641,14.975,0.0508,-14.83,63.0,-95.6,0.7153,0.3808,9.99,5.32,1.05,50.4,50.4,12.6,-0.05
3077,25.036,-6.605,14.958,25.062,-6.644,14.976,0.0497,-14.85,63.02,-95.6,0.7097,0.3854,9.91,5.38,1.03,50.4,50.4,12.6,-1.31
3078,25.035,-6.609,14.958,25.052,-6.646,15.003,0.0607,-14.85,63.06,-95.6,0.6467,0.3891,9.03,5.43,1.04,50.4,50.4,12.6,-1.4
3079,25.034,-6.613,14.958,25.059,-6.653,14.975,0.0498,-14.88,63.02,-95.6,0.7109,0.388,9.93,5.42,1.07,50.4,50.4,12.6,-0.12
3080,25.033,-6.618,14.958,25.057,-6.658,14.975,0.05,-14.88,63.02,-95.6,0.7109,0.388,9.93,5.42,1.08,50.4,50.4,12.6,-0.01
3081,25.032,-6.622,14.958,25.056,-6.662,14.975,0.0501,-14.9,63.02,-95.6,0.7109,0.388,9.93,5.42,1.09,50.4,50.4,12.6,-0.01
3082,25.031,-6.626,14.958,25.055,-6.666,14.975,0.0502,-14.9,63.02,-95.6,0.7109,0.388,9.93,5.42,1.09,50.4,50.4,12.6,-0.01
3083,25.029,-6.63,14.958,25.054,-6.671,14.975,0.0503,-14.92,63.02,-95.6,0.7109,0.388,9.93,5.42,1.1,50.4,50.4,12.6,-0.01
3084,25.028,-6.634,14.958,25.053,-6.675,14.975,0.0504,-14.92,63.02,-95.6,0.7109,0.3879,9.93,5.42,1.11,50.4,50.4,12.6,-0.01
3085,25.027,-6.638,14.958,25.052,-6.679,14.975,0.0505,-14.92,63.02,-95.6,0.711,0.3879,9.93,5.42,1.11,50.4,50.4,12.6,-0.01
3086,25.026,-6.642,14.958,25.051,-6.683,14.975,0.0506,-14.94,63.02,-95.6,0.711,0.3879,9.93,5.42,1.12,50.4,50.4,12.6,-0.01
3087,25.025,-6.646,14.958,25.05,-6.688,14.975,0.0513,-14.94,63.0,-95.6,0.712,0.3861,9.94,5.39,1.14,50.4,50.4,12.6,-0.5
3088,25.024,-6.649,14.958,25.041,-6.69,15.007,0.0658,-14.96,63.08,-95.6,0.6426,0.3821,8.97,5.33,1.17,50.4,50.4,12.6,-1.22
3089,25.024,-6.653,14.958,25.04,-6.694,15.008,0.0662,-14.96,63.08,-95.6,0.6416,0.3802,8.96,5.31,1.16,50.4,50.4,12.6,-0.72
3090,25.023,-6.657,14.958,25.04,-6.697,15.005,0.0638,-14.96,63.06,-95.6,0.6475,0.3807,9.04,5.32,1.14,50.4,50.4,12.6,0.02
3091,25.022,-6.661,14.958,25.047,-6.703,14.974,0.0517,-14.99,63.0,-95.6,0.7159,0.3807,10.0,5.32,1.15,50.4,50.4,12.6,0.02
3092,25.021,-6.664,14.958,25.046,-6.707,14.974,0.0516,-14.99,63.0,-95.6,0.7153,0.3808,9.99,5.32,1.16,50.4,50.4,12.6,0.02
3093,25.02,-6.668,14.958,25.045,-6.71,14.974,0.0515,-15.01,63.0,-95.6,0.7153,0.3809,9.99,5.32,1.16,50.4,50.4,12.6,0.02
3094,25.019,-6.671,14.958,25.044,-6.714,14.974,0.0515,-15.01,63.0,-95.6,0.7152,0.381,9.99,5.32,1.17,50.4,50.4,12.6,0.03
3095,25.019,-6.675,14.958,25.042,-6.718,14.974,0.0514,-15.01,63.0,-95.6,0.7152,0.3811,9.99,5.32,1.17,50.4,50.4,12.6,0.03
3096,25.018,-6.678,14.958,25.041,-6.721,14.974,0.0513,-15.03,63.0,-95.6,0.7151,0.3811,9.99,5.32,1.18,50.4,50.4,12.6,0.03
3097,25.017,-6.682,14.958,25.04,-6.725,14.974,0.0513,-15.03,63.0,-95.6,0.7151,0.3812,9.98,5.32,1.19,50.4,50.4,12.6,0.03
3098,25.016,-6.685,14.958,25.031,-6.729,15.006,0.0663,-15.05,63.08,-95.6,0.6458,0.378,9.02,5.28,1.28,50.4,50.4,12.6,-0.91
3099,25.016,-6.688,14.958,25.03,-6.732,15.009,0.0684,-15.05,63.08,-95.6,0.6411,0.3749,8.95,5.23,1.29,50.4,50.4,12.6,-1.02
3100,25.015,-6.692,14.958,25.03,-6.733,15.005,0.0647,-15.05,63.06,-95.6,0.6475,0.3752,9.04,5.24,1.21,50.4,50.4,12.6,-0.07
3101,25.014,-6.695,14.958,25.037,-6.738,14.974,0.0517,-15.07,63.0,-95.6,0.7159,0.3754,10.0,5.24,1.21,50.4,50.4,12.6,0.06
3102,25.014,-6.698,14.958,25.036,-6.742,14.973,0.0513,-15.07,63.0,-95.6,0.7192,0.3756,10.04,5.24,1.21,50.4,50.4,12.6,0.06
3103,25.013,-6.701,14.958,25.035,-6.745,14.973,0.0511,-15.07,63.0,-95.6,0.7184,0.3758,10.03,5.25,1.22,50.4,50.4,12.6,0.06
3104,25.012,-6.704,14.958,25.034,-6.748,14.973,0.0509,-15.1,63.0,-95.6,0.7183,0.376,10.03,5.25,1.23,50.4,50.4,12.6,0.06
3105,25.012,-6.707,14.958,25.033,-6.751,14.973,0.0508,-15.1,63.0,-95.6,0.7182,0.3762,10.03,5.25,1.23,50.4,50.4,12.6,0.06
3106,25.011,-6.71,14.958,25.032,-6.754,14.973,0.0506,-15.1,63.0,-95.6,0.7181,0.3763,10.03,5.25,1.24,50.4,50.4,12.6,0.06
3107,25.011,-6.713,14.958,25.031,-6.757,14.973,0.0504,-15.12,63.0,-95.6,0.718,0.3765,10.03,5.26,1.25,50.4,50.4,12.6,0.06
3108,25.01,-6.716,14.958,25.03,-6.761,14.973,0.0516,-15.12,63.0,-95.6,0.7186,0.3756,10.03,5.24,1.3,50.4,50.4,12.6,-0.26
3109,25.01,-6.719,14.958,25.028,-6.767,14.976,0.0544,-15.14,63.02,-95.6,0.7129,0.3728,9.95,5.21,1.39,50.4,50.4,12.6,-0.84
3110,25.009,-6.722,14.958,25.019,-6.766,15.007,0.0668,-15.14,63.08,-95.6,0.6445,0.3715,9.0,5.19,1.35,50.4,50.4,12.6,-0.5
3111,25.009,-6.724,14.958,25.027,-6.768,14.975,0.0506,-15.14,63.02,-95.6,0.7146,0.3721,9.98,5.2,1.27,50.4,50.4,12.6,0.1
3112,25.008,-6.727,14.958,25.027,-6.771,14.972,0.0501,-15.14,63.0,-95.6,0.7194,0.3724,10.04,5.2,1.27,50.4,50.4,12.6,0.1
3113,25.008,-6.73,14.958,25.026,-6.774,14.972,0.0497,-15.14,63.0,-95.6,0.7208,0.3727,10.06,5.2,1.28,50.4,50.4,12.6,0.1
3114,25.007,-6.732,14.958,25.025,-6.776,14.972,0.0495,-15.16,63.0,-95.6,0.7203,0.3729,10.06,5.21,1.28,50.4,50.4,12.6,0.1
3115,25.007,-6.735,14.958,25.024,-6.779,14.972,0.0493,-15.16,63.0,-95.6,0.7201,0.3732,10.05,5.21,1.29,50.4,50.4,12.6,0.1
3116,25.007,-6.737,14.958,25.023,-6.782,14.972,0.0491,-15.16,63.02,-95.6,0.7199,0.3735,10.05,5.22,1.3,50.4,50.4,12.6,0.1
3117,25.006,-6.74,14.958,25.022,-6.784,14.972,0.0489,-15.16,63.02,-95.62,0.7198,0.3738,10.05,5.22,1.3,50.4,50.4,12.6,0.1
3118,25.006,-6.742,14.958,25.021,-6.786,14.972,0.0487,-15.18,63.02,-95.62,0.7196,0.3741,10.05,5.22,1.31,50.4,50.4,12.6,0.1
3119,25.005,-6.744,14.958,25.019,-6.793,14.974,0.0525,-15.18,63.02,-95.62,0.714,0.3723,9.97,5.2,1.44,50.4,50.4,12.6,-0.51
3120,25.005,-6.747,14.958,25.01,-6.794,15.006,0.0668,-15.21,63.08,-95.62,0.6456,0.3703,9.01,5.17,1.47,50.4,50.4,12.6,-0.63
3121,25.005,-6.749,14.958,25.018,-6.794,14.974,0.0496,-15.18,63.02,-95.62,0.7157,0.3706,9.99,5.18,1.35,50.4,50.4,12.6,-0.0
3122,25.005,-6.751,14.958,25.018,-6.796,14.971,0.0483,-15.21,63.02,-95.62,0.7205,0.3711,10.06,5.18,1.33,50.4,50.4,12.6,0.13
3123,25.004,-6.753,14.958,25.017,-6.798,14.971,0.048,-15.21,63.02,-95.62,0.7215,0.3715,10.07,5.19,1.33,50.4,50.4,12.6,0.13
3124,25.004,-6.755,14.958,25.016,-6.8,14.971,0.0478,-15.21,63.02,-95.62,0.721,0.3719,10.07,5.19,1.34,50.4,50.4,12.6,0.13
3125,25.004,-6.757,14.958,25.015,-6.802,14.971,0.0476,-15.21,63.02,-95.62,0.7208,0.3723,10.06,5.2,1.35,50.4,50.4,12.6,0.13
3126,25.003,-6.759,14.958,25.014,-6.804,14.971,0.0474,-15.23,63.02,-95.62,0.7205,0.3727,10.06,5.2,1.35,50.4,50.4,12.6,0.13
3127,25.003,-6.761,14.958,25.013,-6.806,14.97,0.0473,-15.23,63.02,-95.62,0.7203,0.3731,10.06,5.21,1.36,50.4,50.4,12.6,0.13
3128,25.003,-6.763,14.958,25.013,-6.808,14.97,0.0471,-15.23,63.02,-95.62,0.7201,0.3735,10.05,5.21,1.36,50.4,50.4,12.6,0.13
3129,25.003,-6.765,14.958,25.012,-6.811,14.97,0.0482,-15.23,63.02,-95.62,0.7201,0.3733,10.06,5.21,1.41,50.4,50.4,12.6,-0.02
3130,25.002,-6.767,14.958,25.009,-6.816,14.973,0.0518,-15.25,63.02,-95.62,0.7145,0.3718,9.98,5.19,1.52,50.4,50.4,12.6,-0.43
3131,25.002,-6.769,14.958,25.001,-6.814,15.004,0.0647,-15.25,63.08,-95.62,0.6461,0.3711,9.02,5.18,1.49,50.4,50.4,12.6,-0.27
3132,25.002,-6.771,14.958,25.01,-6.815,14.972,0.047,-15.25,63.02,-95.62,0.7162,0.3718,10.0,5.19,1.38,50.4,50.4,12.6,0.17
3133,25.002,-6.772,14.958,25.009,-6.817,14.97,0.0465,-15.25,63.02,-95.62,0.721,0.3723,10.07,5.2,1.39,50.4,50.4,12.6,0.17
3134,25.002,-6.774,14.958,25.008,-6.818,14.969,0.0464,-15.25,63.02,-95.62,0.7206,0.3728,10.06,5.21,1.39,50.4,50.4,12.6,0.17
3135,25.002,-6.775,14.958,25.008,-6.82,14.97,0.0463,-15.25,63.02,-95.62,0.7202,0.3733,10.06,5.21,1.4,50.4,50.4,12.6,0.17
3136,25.002,-6.777,14.958,25.007,-6.821,14.969,0.0462,-15.25,63.02,-95.62,0.7199,0.3738,10.05,5.22,1.4,50.4,50.4,12.6,0.17
3137,25.001,-6.778,14.958,25.006,-6.823,14.969,0.0461,-15.27,63.02,-95.62,0.7196,0.3743,10.05,5.23,1.41,50.4,50.4,12.6,0.17
3138,25.001,-6.78,14.958,25.005,-6.824,14.969,0.046,-15.27,63.02,-95.65,0.7193,0.3748,10.04,5.23,1.42,50.4,50.4,12.6,0.17
3139,25.001,-6.781,14.958,25.004,-6.826,14.969,0.046,-15.27,63.02,-95.65,0.719,0.3753,10.04,5.24,1.42,50.4,50.4,12.6,0.17
3140,25.001,-6.782,14.958,25.003,-6.829,14.972,0.0489,-15.27,63.02,-95.65,0.7135,0.3749,9.96,5.23,1.51,50.4,50.4,12.6,-0.09
3141,25.001,-6.784,14.958,24.993,-6.83,15.001,0.0632,-15.29,63.08,-95.65,0.645,0.3806,9.01,5.31,1.56,50.4,50.4,12.6,-0.22
3142,25.001,-6.785,14.958,25.002,-6.831,14.971,0.0475,-15.27,63.02,-95.65,0.7152,0.3741,9.99,5.22,1.48,50.4,50.4,12.6,0.05
3143,25.001,-6.786,14.958,25.003,-6.831,14.968,0.0457,-15.27,63.02,-95.65,0.7199,0.3751,10.05,5.24,1.44,50.4,50.4,12.6,0.2
3144,25.001,-6.787,14.958,25.002,-6.832,14.969,0.0457,-15.29,63.02,-95.65,0.7188,0.3757,10.04,5.25,1.44,50.4,50.4,12.6,0.2
3145,25.001,-6.788,14.958,25.001,-6.833,14.969,0.0457,-15.29,63.02,-95.65,0.7184,0.3763,10.03,5.25,1.45,50.4,50.4,12.6,0.2
3146,25.001,-6.789,14.958,25.0,-6.834,14.969,0.0457,-15.29,63.02,-95.65,0.7181,0.3769,10.03,5.26,1.45,50.4,50.4,12.6,0.2
3147,25.0,-6.79,14.958,25.0,-6.835,14.969,0.0457,-15.29,63.02,-95.65,0.7177,0.3775,10.02,5.27,1.46,50.4,50.4,12.6,0.2
3148,25.0,-6.791,14.958,24.999,-6.836,14.968,0.0454,-15.29,63.02,-95.65,0.7174,0.3809,10.02,5.32,1.47,50.4,50.4,12.6,0.2
3149,25.0,-6.792,14.958,24.997,-6.836,14.967,0.0451,-15.29,63.02,-95.65,0.717,0.386,10.01,5.39,1.47,50.4,50.4,12.6,0.2
3150,25.0,-6.793,14.958,24.985,-6.834,14.947,0.0452,-15.29,63.02,-95.73,0.7166,0.4545,10.01,6.35,1.48,50.4,50.4,12.6,0.2
3151,25.0,-6.794,14.958,24.982,-6.836,14.948,0.0474,-15.31,63.04,-95.73,0.7111,0.4592,9.93,6.41,1.55,50.4,50.4,12.6,0.02
3152,25.0,-6.794,14.958,24.973,-6.835,14.978,0.0527,-15.31,63.11,-95.73,0.6427,0.4626,8.97,6.46,1.57,50.4,50.4,12.6,-0.01
3153,25.0,-6.795,14.958,24.982,-6.836,14.947,0.0461,-15.29,63.04,-95.73,0.7128,0.4613,9.95,6.44,1.5,50.4,50.4,12.6,0.18
3154,25.0,-6.796,14.958,24.983,-6.837,14.946,0.046,-15.31,63.02,-95.73,0.7166,0.4606,10.01,6.43,1.49,50.4,50.4,12.6,0.23
3155,25.0,-6.796,14.958,24.983,-6.837,14.947,0.0459,-15.31,63.02,-95.73,0.7154,0.4599,9.99,6.42,1.5,50.4,50.4,12.6,0.23
3156,25.0,-6.797,14.958,24.983,-6.838,14.947,0.0459,-15.31,63.02,-95.73,0.715,0.4592,9.98,6.41,1.5,50.4,50.4,12.6,0.23
3157,25.0,-6.797,14.958,24.983,-6.839,14.948,0.0459,-15.31,63.02,-95.73,0.7146,0.4585,9.98,6.4,1.51,50.4,50.4,12.6,0.23
3158,25.0,-6.798,14.958,24.983,-6.839,14.948,0.046,-15.31,63.04,-95.73,0.7142,0.4578,9.97,6.39,1.52,50.4,50.4,12.6,0.23
3159,25.0,-6.798,14.958,24.983,-6.84,14.949,0.046,-15.31,63.04,-95.71,0.7138,0.4571,9.97,6.38,1.52,50.4,50.4,12.6,0.23
3160,25.0,-6.798,14.958,24.983,-6.84,14.95,0.0461,-15.31,63.04,-95.71,0.7134,0.4565,9.96,6.37,1.53,50.4,50.4,12.6,0.23
3161,25.0,-6.799,14.958,24.983,-6.841,14.95,0.0461,-15.31,63.04,-95.71,0.7129,0.4558,9.95,6.36,1.53,50.4,50.4,12.6,0.23
3162,25.0,-6.799,14.958,24.983,-6.841,14.951,0.0462,-15.31,63.04,-95.71,0.7125,0.4551,9.95,6.35,1.54,50.4,50.4,12.6,0.23
3163,25.0,-6.799,14.958,24.983,-6.841,14.951,0.0463,-15.31,63.04,-95.71,0.7121,0.4544,9.94,6.34,1.55,50.4,50.4,12.6,0.23
3164,25.0,-6.799,14.958,24.983,-6.842,14.951,0.0464,-15.31,63.04,-95.71,0.7117,0.4537,9.94,6.33,1.55,50.4,50.4,12.6,0.23
3165,25.0,-6.799,14.958,24.983,-6.842,14.952,0.0465,-15.31,63.04,-95.71,0.7113,0.453,9.93,6.33,1.56,50.4,50.4,12.6,0.23
3166,25.0,-6.799,14.958,24.982,-6.814,14.981,0.0324,-15.25,63.11,-95.71,0.6469,0.4527,9.03,6.32,0.72,50.4,50.4,12.6,0.12
3166,25.0,-6.799,14.958,24.995,-6.845,14.971,0.0475,-15.31,63.04,-95.65,0.7113,0.3882,9.93,5.42,1.54,50.4,50.4,12.6,0.27
3167,25.0,-6.799,14.958,24.982,-6.813,14.981,0.0321,-15.25,63.11,-95.71,0.6466,0.4536,9.03,6.33,0.7,50.4,50.4,12.6,0.15
3168,25.0,-6.799,14.958,24.995,-6.844,14.971,0.0469,-15.31,63.04,-95.65,0.7123,0.3865,9.95,5.4,1.51,50.4,50.4,12.6,0.3
3169,25.0,-6.799,14.958,24.995,-6.844,14.971,0.047,-15.31,63.04,-95.65,0.7126,0.3859,9.95,5.39,1.51,50.4,50.4,12.6,0.3
3170,25.0,-6.799,14.958,24.996,-6.844,14.971,0.0472,-15.31,63.04,-95.65,0.7132,0.385,9.96,5.38,1.5,50.4,50.4,12.6,0.3
3171,25.0,-6.799,14.958,24.996,-6.844,14.971,0.0475,-15.31,63.04,-95.65,0.7137,0.3841,9.97,5.36,1.49,50.4,50.4,12.6,0.3
3172,25.0,-6.798,14.958,24.996,-6.844,14.971,0.0479,-15.31,63.04,-95.65,0.7143,0.3833,9.97,5.35,1.49,50.4,50.4,12.6,0.3
3173,25.0,-6.798,14.958,24.996,-6.845,14.971,0.0483,-15.31,63.04,-95.65,0.7148,0.3824,9.98,5.34,1.48,50.4,50.4,12.6,0.3
3174,25.0,-6.798,14.958,24.996,-6.845,14.971,0.0489,-15.31,63.04,-95.65,0.7154,0.3815,9.99,5.33,1.48,50.4,50.4,12.6,0.3
3175,25.0,-6.797,14.958,24.996,-6.845,14.971,0.0496,-15.31,63.04,-95.65,0.7159,0.3806,10.0,5.31,1.47,50.4,50.4,12.6,0.3
3176,25.0,-6.797,14.958,24.995,-6.847,14.971,0.0522,-15.31,63.04,-95.65,0.7165,0.3797,10.0,5.3,1.54,50.4,50.4,12.6,0.3
3177,25.0,-6.796,14.958,24.993,-6.857,14.971,0.062,-15.34,63.04,-95.65,0.717,0.3788,10.01,5.29,1.85,50.4,50.4,12.6,0.3
3178,25.0,-6.796,14.958,24.993,-6.856,14.971,0.0616,-15.34,63.04,-95.65,0.7175,0.3779,10.02,5.28,1.83,50.4,50.4,12.6,0.3
3179,25.0,-6.795,14.958,24.994,-6.855,14.971,0.0615,-15.34,63.04,-95.65,0.7181,0.377,10.03,5.26,1.83,50.4,50.4,12.6,0.3
3180,25.0,-6.794,14.958,24.994,-6.854,14.971,0.0609,-15.34,63.02,-95.65,0.7187,0.3759,10.04,5.25,1.81,50.4,50.4,12.6,0.34
3181,25.0,-6.794,14.958,24.995,-6.85,14.971,0.0579,-15.31,63.02,-95.65,0.7197,0.3742,10.05,5.23,1.71,50.4,50.4,12.6,0.53
3182,25.0,-6.793,14.958,24.995,-6.85,14.971,0.0585,-15.31,63.02,-95.65,0.7206,0.3728,10.06,5.2,1.73,50.4,50.4,12.6,0.5
3183,25.0,-6.792,14.958,24.995,-6.852,14.971,0.0618,-15.34,63.02,-95.65,0.7212,0.3719,10.07,5.19,1.83,50.4,50.4,12.6,0.33
3184,25.0,-6.791,14.958,24.995,-6.852,14.971,0.062,-15.34,63.02,-95.65,0.7218,0.3709,10.08,5.18,1.84,50.4,50.4,12.6,0.33
3185,25.0,-6.79,14.958,24.995,-6.851,14.971,0.0623,-15.34,63.02,-95.65,0.7224,0.3699,10.09,5.16,1.85,50.4,50.4,12.6,0.33
3186,24.999,-6.789,14.958,24.995,-6.85,14.971,0.0625,-15.34,63.02,-95.65,0.7229,0.3689,10.09,5.15,1.85,50.4,50.4,12.6,0.33
3187,24.999,-6.788,14.958,24.995,-6.849,14.971,0.0627,-15.31,63.02,-95.65,0.7235,0.3679,10.1,5.14,1.86,50.4,50.4,12.6,0.33
3188,24.999,-6.787,14.958,24.995,-6.849,14.971,0.063,-15.31,63.04,-95.65,0.7241,0.367,10.11,5.12,1.86,50.4,50.4,12.6,0.33
3189,24.999,-6.786,14.958,24.995,-6.848,14.971,0.0632,-15.31,63.04,-95.65,0.7247,0.366,10.12,5.11,1.87,50.4,50.4,12.6,0.33
3190,24.999,-6.785,14.958,24.995,-6.847,14.971,0.0634,-15.31,63.04,-95.65,0.7253,0.365,10.13,5.1,1.88,50.4,50.4,12.6,0.33
3191,24.999,-6.784,14.958,24.996,-6.843,14.971,0.061,-15.31,63.04,-95.65,0.7262,0.3635,10.14,5.08,1.79,50.4,50.4,12.6,0.47
3192,24.999,-6.782,14.958,24.998,-6.837,14.971,0.0564,-15.29,63.04,-95.65,0.7276,0.3612,10.16,5.04,1.64,50.4,50.4,12.6,0.73
3193,24.999,-6.781,14.958,24.998,-6.839,14.971,0.059,-15.29,63.04,-95.65,0.7286,0.3595,10.17,5.02,1.72,50.4,50.4,12.6,0.6
3194,24.999,-6.78,14.958,24.997,-6.842,14.971,0.0639,-15.31,63.04,-95.65,0.7292,0.3585,10.18,5.01,1.88,50.4,50.4,12.6,0.36
3195,24.999,-6.778,14.958,24.997,-6.841,14.971,0.0642,-15.31,63.04,-95.65,0.7298,0.3574,10.19,4.99,1.88,50.4,50.4,12.6,0.36
3196,24.998,-6.777,14.958,24.997,-6.84,14.972,0.0644,-15.29,63.04,-95.65,0.7305,0.3564,10.2,4.98,1.89,50.4,50.4,12.6,0.36
3197,24.998,-6.775,14.958,24.997,-6.839,14.972,0.0647,-15.29,63.04,-95.65,0.7311,0.3553,10.21,4.96,1.9,50.4,50.4,12.6,0.36
3198,24.998,-6.774,14.958,24.997,-6.837,14.972,0.0649,-15.29,63.04,-95.65,0.7318,0.3542,10.22,4.95,1.9,50.4,50.4,12.6,0.36
3199,24.998,-6.772,14.958,24.997,-6.836,14.972,0.0652,-15.29,63.04,-95.65,0.7324,0.3532,10.23,4.93,1.91,50.4,50.4,12.6,0.36
3200,24.998,-6.771,14.958,24.997,-6.835,14.972,0.0654,-15.29,63.04,-95.65,0.733,0.3521,10.24,4.92,1.91,50.4,50.4,12.6,0.36
3201,24.998,-6.769,14.958,24.997,-6.833,14.972,0.0657,-15.29,63.04,-95.65,0.7337,0.351,10.24,4.9,1.92,50.4,50.4,12.6,0.36
3202,24.998,-6.767,14.958,25.0,-6.823,14.972,0.0577,-15.27,63.04,-95.65,0.7352,0.3485,10.26,4.87,1.65,50.4,50.4,12.6,0.77
3203,24.997,-6.765,14.958,25.001,-6.818,14.972,0.0548,-15.25,63.04,-95.65,0.7369,0.3457,10.29,4.83,1.55,50.4,50.4,12.6,0.92
3204,24.997,-6.763,14.958,24.999,-6.825,14.972,0.0631,-15.27,63.04,-95.65,0.7377,0.3443,10.3,4.81,1.82,50.4,50.4,12.6,0.53
3205,24.997,-6.761,14.958,24.998,-6.826,14.972,0.0663,-15.27,63.04,-95.67,0.7383,0.3432,10.31,4.79,1.92,50.4,50.4,12.6,0.39
3206,24.997,-6.759,14.958,24.998,-6.825,14.972,0.0665,-15.27,63.04,-95.67,0.739,0.3421,10.32,4.78,1.93,50.4,50.4,12.6,0.39
3207,24.996,-6.757,14.958,24.998,-6.823,14.972,0.0668,-15.27,63.04,-95.67,0.7397,0.3409,10.33,4.76,1.93,50.4,50.4,12.6,0.39
3208,24.996,-6.755,14.958,24.998,-6.821,14.972,0.0671,-15.27,63.04,-95.67,0.7404,0.3398,10.34,4.74,1.94,50.4,50.4,12.6,0.39
3209,24.996,-6.753,14.958,24.998,-6.819,14.972,0.0673,-15.25,63.04,-95.67,0.7411,0.3386,10.35,4.73,1.95,50.4,50.4,12.6,0.39
3210,24.995,-6.751,14.958,24.998,-6.817,14.972,0.0676,-15.25,63.04,-95.67,0.7417,0.3375,10.36,4.71,1.95,50.4,50.4,12.6,0.39
3211,24.995,-6.749,14.958,24.998,-6.815,14.972,0.0679,-15.25,63.04,-95.67,0.7424,0.3363,10.37,4.7,1.96,50.4,50.4,12.6,0.38
3212,24.995,-6.747,14.958,24.999,-6.81,14.972,0.0654,-15.25,63.04,-95.67,0.7434,0.3347,10.38,4.67,1.87,50.4,50.4,12.6,0.51
3213,24.995,-6.744,14.958,25.003,-6.795,14.972,0.0534,-15.21,63.04,-95.67,0.7455,0.3312,10.41,4.62,1.45,50.4,50.4,12.6,1.09
3214,24.994,-6.742,14.958,25.002,-6.796,14.972,0.0561,-15.21,63.04,-95.67,0.7472,0.3283,10.43,4.58,1.53,50.4,50.4,12.6,0.98
3215,24.994,-6.74,14.958,24.999,-6.807,14.972,0.0686,-15.23,63.04,-95.67,0.7478,0.3274,10.44,4.57,1.96,50.4,50.4,12.6,0.41
3216,24.993,-6.737,14.958,24.999,-6.804,14.972,0.0689,-15.23,63.04,-95.67,0.7485,0.3261,10.45,4.55,1.96,50.4,50.4,12.6,0.41
3217,24.993,-6.735,14.958,24.998,-6.802,14.972,0.0692,-15.23,63.04,-95.69,0.7492,0.3249,10.46,4.54,1.97,50.4,50.4,12.6,0.41
3218,24.993,-6.732,14.958,24.998,-6.8,14.972,0.0694,-15.23,63.06,-95.69,0.75,0.3236,10.47,4.52,1.97,50.4,50.4,12.6,0.41
3219,24.992,-6.73,14.958,24.998,-6.798,14.972,0.0697,-15.21,63.06,-95.69,0.7507,0.3224,10.48,4.5,1.98,50.4,50.4,12.6,0.41
3220,24.992,-6.727,14.958,24.998,-6.795,14.972,0.07,-15.21,63.06,-95.69,0.7514,0.3212,10.49,4.48,1.99,50.4,50.4,12.6,0.41
3221,24.991,-6.724,14.958,24.998,-6.793,14.972,0.0703,-15.21,63.06,-95.69,0.7521,0.3199,10.5,4.47,1.99,50.4,50.4,12.6,0.41
3222,24.991,-6.722,14.958,24.998,-6.79,14.972,0.0706,-15.21,63.06,-95.69,0.7528,0.3187,10.51,4.45,2.0,50.4,50.4,12.6,0.41
3223,24.99,-6.719,14.958,25.001,-6.774,14.973,0.0586,-15.16,63.06,-95.69,0.7547,0.3156,10.54,4.41,1.57,50.4,50.4,12.6,0.95
3224,24.99,-6.716,14.958,25.004,-6.764,14.973,0.0523,-15.14,63.06,-95.69,0.7571,0.3117,10.57,4.35,1.33,50.4,50.4,12.6,1.26
3225,24.989,-6.713,14.958,25.0,-6.775,14.973,0.0644,-15.16,63.06,-95.69,0.7582,0.3097,10.59,4.32,1.75,50.4,50.4,12.6,0.73
3226,24.989,-6.71,14.958,24.998,-6.779,14.973,0.0715,-15.18,63.06,-95.71,0.7589,0.3086,10.6,4.31,1.99,50.4,50.4,12.6,0.44
3227,24.988,-6.707,14.958,24.998,-6.777,14.973,0.0718,-15.16,63.06,-95.71,0.7596,0.3073,10.61,4.29,2.0,50.4,50.4,12.6,0.44
3228,24.988,-6.704,14.958,24.997,-6.774,14.973,0.0721,-15.16,63.06,-95.71,0.7604,0.3059,10.62,4.27,2.01,50.4,50.4,12.6,0.44
3229,24.987,-6.701,14.958,24.997,-6.771,14.973,0.0724,-15.16,63.08,-95.71,0.7612,0.3046,10.63,4.25,2.01,50.4,50.4,12.6,0.44
3230,24.986,-6.698,14.958,24.997,-6.768,14.973,0.0727,-15.16,63.08,-95.71,0.7619,0.3033,10.64,4.24,2.02,50.4,50.4,12.6,0.44
3231,24.986,-6.695,14.958,24.996,-6.765,14.973,0.073,-15.14,63.08,-95.73,0.7627,0.302,10.65,4.22,2.02,50.4,50.4,12.6,0.44
3232,24.985,-6.692,14.958,24.996,-6.763,14.973,0.0733,-15.14,63.08,-95.73,0.7634,0.3007,10.66,4.2,2.03,50.4,50.4,12.6,0.44
3233,24.984,-6.688,14.958,24.997,-6.756,14.973,0.0708,-15.12,63.08,-95.73,0.7645,0.299,10.67,4.17,1.94,50.4,50.4,12.6,0.55
3234,24.984,-6.685,14.958,25.003,-6.73,14.973,0.0517,-15.07,63.08,-95.73,0.7672,0.2943,10.71,4.11,1.2,50.4,50.4,12.6,1.41
3235,24.983,-6.682,14.958,25.003,-6.73,14.973,0.0544,-15.07,63.08,-95.73,0.7695,0.2905,10.74,4.06,1.29,50.4,50.4,12.6,1.3
3236,24.982,-6.678,14.958,24.996,-6.75,14.973,0.0744,-15.12,63.08,-95.73,0.7701,0.2895,10.75,4.04,2.03,50.4,50.4,12.6,0.46
3237,24.981,-6.675,14.958,24.995,-6.747,14.973,0.0747,-15.1,63.08,-95.76,0.7709,0.2881,10.76,4.02,2.03,50.4,50.4,12.6,0.46
3238,24.981,-6.671,14.958,24.995,-6.743,14.973,0.075,-15.1,63.08,-95.76,0.7717,0.2867,10.77,4.0,2.04,50.4,50.4,12.6,0.46
3239,24.98,-6.668,14.958,24.994,-6.74,14.973,0.0754,-15.1,63.11,-95.76,0.7725,0.2854,10.79,3.98,2.04,50.4,50.4,12.6,0.46
3240,24.979,-6.664,14.958,24.994,-6.737,14.973,0.0757,-15.1,63.11,-95.76,0.7733,0.284,10.8,3.96,2.05,50.4,50.4,12.6,0.46
3241,24.978,-6.661,14.958,24.993,-6.734,14.973,0.076,-15.07,63.11,-95.76,0.7741,0.2826,10.81,3.95,2.06,50.4,50.4,12.6,0.46
3242,24.977,-6.657,14.958,24.993,-6.73,14.973,0.0764,-15.07,63.11,-95.78,0.7749,0.2812,10.82,3.93,2.06,50.4,50.4,12.6,0.46
3243,24.976,-6.653,14.958,24.992,-6.727,14.973,0.0767,-15.07,63.11,-95.78,0.7757,0.2798,10.83,3.91,2.07,50.4,50.4,12.6,0.46
3244,24.976,-6.649,14.958,24.997,-6.704,14.974,0.0611,-15.01,63.11,-95.78,0.7778,0.2762,10.86,3.86,1.47,50.4,50.4,12.6,1.11
3245,24.975,-6.646,14.958,25.001,-6.688,14.974,0.0523,-14.99,63.11,-95.78,0.7808,0.2713,10.9,3.79,1.05,50.4,50.4,12.6,1.56
3246,24.974,-6.642,14.958,24.996,-6.703,14.974,0.0668,-15.01,63.13,-95.78,0.7822,0.2689,10.92,3.75,1.65,50.4,50.4,12.6,0.92
3247,24.973,-6.638,14.958,24.992,-6.712,14.974,0.078,-15.03,63.13,-95.8,0.7829,0.2676,10.93,3.74,2.06,50.4,50.4,12.6,0.49
3248,24.972,-6.634,14.958,24.991,-6.708,14.974,0.0783,-15.03,63.13,-95.8,0.7837,0.2662,10.94,3.72,2.07,50.4,50.4,12.6,0.49
3249,24.971,-6.63,14.958,24.99,-6.704,14.974,0.0787,-15.01,63.13,-95.8,0.7846,0.2647,10.95,3.7,2.07,50.4,50.4,12.6,0.49
3250,24.969,-6.626,14.958,24.989,-6.701,14.974,0.079,-15.01,63.13,-95.82,0.7854,0.2632,10.97,3.68,2.08,50.4,50.4,12.6,0.49
3251,24.968,-6.622,14.958,24.989,-6.697,14.974,0.0794,-15.01,63.13,-95.82,0.7862,0.2618,10.98,3.66,2.08,50.4,50.4,12.6,0.49
3252,24.967,-6.618,14.958,24.988,-6.693,14.974,0.0797,-14.99,63.15,-95.82,0.787,0.2603,10.99,3.63,2.09,50.4,50.4,12.6,0.49
3253,24.966,-6.614,14.958,24.987,-6.689,14.974,0.0801,-14.99,63.15,-95.84,0.7879,0.2589,11.0,3.61,2.1,50.4,50.4,12.6,0.49
3254,24.965,-6.609,14.958,24.987,-6.683,14.974,0.0781,-14.96,63.15,-95.84,0.7889,0.2571,11.01,3.59,2.02,50.4,50.4,12.6,0.57
3255,24.964,-6.605,14.958,24.996,-6.644,14.974,0.0533,-14.88,63.15,-95.84,0.7922,0.2518,11.06,3.52,0.91,50.4,50.4,12.6,1.68
3256,24.963,-6.601,14.958,24.996,-6.642,14.974,0.0556,-14.88,63.15,-95.84,0.7951,0.247,11.1,3.45,0.98,50.4,50.4,12.6,1.61
3257,24.961,-6.596,14.958,24.986,-6.673,14.974,0.0816,-14.94,63.15,-95.84,0.7956,0.2458,11.11,3.43,2.09,50.4,50.4,12.6,0.51
3258,24.96,-6.592,14.958,24.985,-6.668,14.975,0.082,-14.94,63.17,-95.87,0.7965,0.2443,11.12,3.41,2.09,50.4,50.4,12.6,0.51
3259,24.959,-6.588,14.958,24.984,-6.664,14.975,0.0823,-14.94,63.17,-95.87,0.7973,0.2427,11.13,3.39,2.1,50.4,50.4,12.6,0.51
3260,24.958,-6.583,14.958,24.983,-6.66,14.975,0.0827,-14.92,63.17,-95.89,0.7982,0.2412,11.14,3.37,2.11,50.4,50.4,12.6,0.51
3261,24.956,-6.579,14.958,24.982,-6.656,14.975,0.0831,-14.92,63.17,-95.89,0.7991,0.2397,11.16,3.35,2.11,50.4,50.4,12.6,0.51
3262,24.955,-6.574,14.958,24.981,-6.652,14.975,0.0835,-14.92,63.19,-95.89,0.7999,0.2382,11.17,3.33,2.12,50.4,50.4,12.6,0.51
3263,24.953,-6.569,14.958,24.98,-6.647,14.975,0.0838,-14.9,63.19,-95.91,0.8008,0.2366,11.18,3.3,2.12,50.4,50.4,12.6,0.51
3264,24.952,-6.565,14.958,24.979,-6.643,14.975,0.0842,-14.9,63.19,-95.91,0.8016,0.2351,11.19,3.28,2.13,50.4,50.4,12.6,0.51
3265,24.951,-6.56,14.958,24.984,-6.615,14.975,0.0668,-14.83,63.19,-95.91,0.804,0.2311,11.23,3.23,1.39,50.4,50.4,12.6,1.21
3266,24.949,-6.555,14.958,24.989,-6.591,14.975,0.0562,-14.77,63.19,-95.91,0.8074,0.2261,11.27,3.16,0.75,50.4,50.4,12.6,1.81
3267,24.948,-6.55,14.958,24.983,-6.609,14.975,0.0705,-14.81,63.19,-95.93,0.8091,0.2224,11.3,3.1,1.48,50.4,50.4,12.6,1.12
3268,24.946,-6.546,14.958,24.976,-6.624,14.975,0.086,-14.85,63.22,-95.93,0.8099,0.2212,11.31,3.09,2.12,50.4,50.4,12.6,0.53
3269,24.945,-6.541,14.958,24.975,-6.62,14.975,0.0863,-14.85,63.22,-95.95,0.8107,0.2196,11.32,3.07,2.13,50.4,50.4,12.6,0.53
3270,24.943,-6.536,14.958,24.974,-6.615,14.975,0.0867,-14.83,63.22,-95.95,0.8116,0.218,11.33,3.04,2.13,50.4,50.4,12.6,0.53
3271,24.941,-6.531,14.958,24.972,-6.61,14.975,0.0871,-14.83,63.24,-95.95,0.8125,0.2164,11.35,3.02,2.14,50.4,50.4,12.6,0.53
3272,24.94,-6.526,14.958,24.971,-6.606,14.975,0.0875,-14.81,63.24,-95.98,0.8134,0.2148,11.36,3.0,2.14,50.4,50.4,12.6,0.53
3273,24.938,-6.521,14.958,24.97,-6.601,14.976,0.0879,-14.81,63.24,-95.98,0.8143,0.2132,11.37,2.98,2.15,50.4,50.4,12.6,0.53
3274,24.936,-6.516,14.958,24.968,-6.596,14.976,0.0883,-14.79,63.24,-96.0,0.8152,0.2116,11.38,2.96,2.16,50.4,50.4,12.6,0.53
3275,24.935,-6.511,14.958,24.967,-6.591,14.976,0.0885,-14.79,63.26,-96.0,0.8161,0.21,11.39,2.93,2.15,50.4,50.4,12.6,0.54
3276,24.933,-6.505,14.958,24.98,-6.537,14.976,0.0594,-14.66,63.26,-96.0,0.8199,0.2047,11.45,2.86,0.6,50.4,50.4,12.6,1.91
3277,24.931,-6.5,14.958,24.979,-6.532,14.975,0.0605,-14.66,63.26,-96.02,0.8233,0.1999,11.5,2.79,0.59,50.4,50.4,12.6,1.91
3278,24.929,-6.495,14.958,24.965,-6.576,14.976,0.0903,-14.77,63.26,-96.02,0.8238,0.1967,11.5,2.75,2.14,50.4,50.4,12.6,0.55
3279,24.927,-6.49,14.958,24.964,-6.571,14.976,0.0907,-14.74,63.28,-96.04,0.8247,0.1953,11.52,2.73,2.15,50.4,50.4,12.6,0.55
3280,24.925,-6.484,14.958,24.962,-6.566,14.976,0.0912,-14.74,63.28,-96.04,0.8256,0.1937,11.53,2.7,2.16,50.4,50.4,12.6,0.55
3281,24.923,-6.479,14.958,24.96,-6.561,14.976,0.0916,-14.72,63.28,-96.06,0.8266,0.192,11.54,2.68,2.16,50.4,50.4,12.6,0.55
3282,24.921,-6.473,14.958,24.959,-6.555,14.976,0.092,-14.72,63.28,-96.06,0.8275,0.1904,11.55,2.66,2.17,50.4,50.4,12.6,0.55
3283,24.919,-6.468,14.958,24.957,-6.55,14.976,0.0924,-14.7,63.3,-96.09,0.8284,0.1887,11.57,2.64,2.17,50.4,50.4,12.6,0.55
3284,24.917,-6.462,14.958,24.956,-6.545,14.976,0.0928,-14.7,63.3,-96.09,0.8293,0.1871,11.58,2.61,2.18,50.4,50.4,12.6,0.55
3285,24.915,-6.457,14.958,24.954,-6.54,14.977,0.0933,-14.68,63.3,-96.11,0.8302,0.1855,11.59,2.59,2.19,50.4,50.4,12.6,0.55
3286,24.913,-6.451,14.958,24.96,-6.509,14.977,0.0763,-14.61,63.33,-96.11,0.8326,0.1815,11.62,2.53,1.38,50.4,50.4,12.6,1.22
3287,24.911,-6.446,14.958,24.966,-6.474,14.976,0.0648,-14.55,63.33,-96.11,0.8364,0.1765,11.68,2.46,0.42,50.4,50.4,12.6,2.01
3288,24.909,-6.44,14.958,24.959,-6.494,14.977,0.0757,-14.59,63.33,-96.13,0.8385,0.1717,11.71,2.4,1.23,50.4,50.4,12.6,1.35
3289,24.907,-6.434,14.958,24.949,-6.518,14.977,0.0955,-14.63,63.33,-96.13,0.8392,0.17,11.72,2.37,2.17,50.4,50.4,12.6,0.57
3290,24.905,-6.429,14.958,24.947,-6.512,14.977,0.0959,-14.63,63.35,-96.15,0.8402,0.1684,11.73,2.35,2.18,50.4,50.4,12.6,0.57
3291,24.902,-6.423,14.958,24.946,-6.507,14.977,0.0964,-14.61,63.35,-96.15,0.8411,0.1667,11.74,2.33,2.18,50.4,50.4,12.6,0.57
3292,24.9,-6.417,14.958,24.944,-6.501,14.977,0.0968,-14.61,63.35,-96.17,0.842,0.165,11.76,2.3,2.19,50.4,50.4,12.6,0.57
3293,24.898,-6.411,14.958,24.942,-6.495,14.977,0.0972,-14.59,63.37,-96.2,0.843,0.1633,11.77,2.28,2.2,50.4,50.4,12.6,0.57
3294,24.895,-6.405,14.958,24.94,-6.49,14.977,0.0977,-14.59,63.37,-96.2,0.8439,0.1616,11.78,2.26,2.2,50.4,50.4,12.6,0.57
3295,24.893,-6.399,14.958,24.938,-6.484,14.977,0.0981,-14.57,63.39,-96.22,0.8448,0.1599,11.8,2.23,2.21,50.4,50.4,12.6,0.57
3296,24.891,-6.393,14.958,24.936,-6.478,14.978,0.0986,-14.57,63.39,-96.22,0.8458,0.1582,11.81,2.21,2.22,50.4,50.4,12.6,0.57
3297,24.888,-6.387,14.958,24.949,-6.417,14.977,0.0708,-14.41,63.39,-96.24,0.8497,0.1529,11.86,2.13,0.44,50.4,50.4,12.6,1.96
3298,24.886,-6.381,14.958,24.949,-6.406,14.977,0.0711,-14.39,63.39,-96.24,0.8534,0.1481,11.92,2.07,0.25,50.4,50.4,12.6,2.1
3299,24.883,-6.375,14.958,24.933,-6.455,14.978,0.097,-14.52,63.41,-96.26,0.8542,0.1435,11.93,2.0,2.03,50.4,50.4,12.6,0.72
3300,24.88,-6.369,14.958,24.93,-6.454,14.978,0.101,-14.52,63.41,-96.26,0.8551,0.1422,11.94,1.99,2.2,50.4,50.4,12.6,0.59
3301,24.878,-6.363,14.958,24.928,-6.449,14.978,0.1015,-14.5,63.44,-96.28,0.8561,0.1405,11.95,1.96,2.21,50.4,50.4,12.6,0.59
3302,24.875,-6.356,14.958,24.925,-6.443,14.978,0.1019,-14.5,63.44,-96.28,0.857,0.1387,11.97,1.94,2.21,50.4,50.4,12.6,0.59
3303,24.872,-6.35,14.958,24.923,-6.437,14.978,0.1024,-14.48,63.44,-96.31,0.858,0.137,11.98,1.91,2.22,50.4,50.4,12.6,0.59
3304,24.87,-6.344,14.958,24.921,-6.431,14.978,0.1029,-14.48,63.46,-96.33,0.8589,0.1352,11.99,1.89,2.23,50.4,50.4,12.6,0.59
3305,24.867,-6.337,14.958,24.918,-6.425,14.978,0.1033,-14.46,63.46,-96.33,0.8599,0.1335,12.01,1.86,2.23,50.4,50.4,12.6,0.58
3306,24.864,-6.331,14.958,24.916,-6.418,14.979,0.1038,-14.44,63.48,-96.35,0.8608,0.1317,12.02,1.84,2.24,50.4,50.4,12.6,0.58
3307,24.861,-6.325,14.958,24.92,-6.389,14.979,0.0895,-14.37,63.48,-96.37,0.863,0.128,12.05,1.79,1.48,50.4,50.4,12.6,1.15
3308,24.859,-6.318,14.958,24.93,-6.34,14.978,0.0771,-14.26,63.48,-96.37,0.8671,0.123,12.11,1.72,0.1,50.4,50.4,12.6,2.16
3309,24.856,-6.312,14.958,24.922,-6.357,14.979,0.083,-14.3,63.48,-96.39,0.8698,0.1182,12.14,1.65,0.85,50.4,50.4,12.6,1.61
3310,24.853,-6.305,14.958,24.909,-6.393,14.979,0.1065,-14.39,63.5,-96.39,0.8704,0.115,12.15,1.61,2.22,50.4,50.4,12.6,0.6
3311,24.85,-6.299,14.958,24.906,-6.387,14.979,0.1069,-14.39,63.5,-96.42,0.8714,0.1135,12.17,1.58,2.23,50.4,50.4,12.6,0.6
3312,24.847,-6.292,14.958,24.903,-6.38,14.979,0.1074,-14.37,63.52,-96.44,0.8724,0.1117,12.18,1.56,2.23,50.4,50.4,12.6,0.6
3313,24.843,-6.285,14.958,24.901,-6.374,14.979,0.1079,-14.35,63.52,-96.44,0.8734,0.1099,12.19,1.53,2.24,50.4,50.4,12.6,0.6
3314,24.84,-6.279,14.958,24.898,-6.368,14.979,0.1084,-14.35,63.54,-96.46,0.8743,0.1081,12.21,1.51,2.25,50.4,50.4,12.6,0.6
3315,24.837,-6.272,14.958,24.895,-6.361,14.98,0.1088,-14.33,63.54,-96.48,0.8753,0.1063,12.22,1.48,2.25,50.4,50.4,12.6,0.6
3316,24.834,-6.265,14.958,24.893,-6.355,14.98,0.1093,-14.33,63.57,-96.5,0.8763,0.1045,12.23,1.46,2.26,50.4,50.4,12.6,0.6
3317,24.831,-6.258,14.958,24.89,-6.348,14.98,0.1098,-14.3,63.57,-96.5,0.8772,0.1027,12.25,1.43,2.27,50.4,50.4,12.6,0.6
3318,24.828,-6.251,14.958,24.903,-6.284,14.98,0.0848,-14.17,63.57,-96.53,0.881,0.0974,12.3,1.36,0.43,50.4,50.4,12.6,1.89
3319,24.824,-6.245,14.958,24.905,-6.263,14.979,0.0849,-14.11,63.59,-96.55,0.885,0.0926,12.36,1.29,-0.06,50.4,50.4,12.6,2.23
3320,24.821,-6.238,14.958,24.888,-6.313,14.98,0.1032,-14.24,63.59,-96.55,0.8862,0.0878,12.37,1.23,1.77,50.4,50.4,12.6,0.95
3321,24.818,-6.231,14.958,24.881,-6.321,14.98,0.1127,-14.26,63.61,-96.57,0.8871,0.0858,12.39,1.2,2.25,50.4,50.4,12.6,0.62
3322,24.814,-6.224,14.958,24.878,-6.314,14.98,0.1132,-14.24,63.61,-96.59,0.8881,0.084,12.4,1.17,2.25,50.4,50.4,12.6,0.62
3323,24.811,-6.217,14.958,24.875,-6.308,14.981,0.1137,-14.24,63.63,-96.61,0.889,0.0822,12.41,1.15,2.26,50.4,50.4,12.6,0.62
3324,24.807,-6.21,14.958,24.872,-6.301,14.981,0.1142,-14.22,63.63,-96.61,0.89,0.0803,12.43,1.12,2.27,50.4,50.4,12.6,0.62
3325,24.804,-6.203,14.958,24.869,-6.294,14.981,0.1147,-14.19,63.65,-96.64,0.891,0.0785,12.44,1.1,2.27,50.4,50.4,12.6,0.62
3326,24.8,-6.195,14.958,24.866,-6.287,14.981,0.1151,-14.19,63.65,-96.66,0.892,0.0767,12.45,1.07,2.28,50.4,50.4,12.6,0.62
3327,24.797,-6.188,14.958,24.863,-6.28,14.981,0.1156,-14.17,63.68,-96.68,0.893,0.0748,12.47,1.04,2.29,50.4,50.4,12.6,0.62
3328,24.793,-6.181,14.958,24.864,-6.256,14.981,0.1059,-14.13,63.68,-96.68,0.8948,0.0717,12.49,1.0,1.73,50.4,50.4,12.6,0.99
3329,24.789,-6.174,14.958,24.877,-6.189,14.981,0.0919,-13.97,63.68,-96.7,0.8992,0.0665,12.55,0.93,-0.2,50.4,50.4,12.6,2.27
3330,24.786,-6.167,14.958,24.87,-6.199,14.981,0.0936,-14.0,63.7,-96.72,0.9024,0.0617,12.6,0.86,0.35,50.4,50.4,12.6,1.91
3331,24.782,-6.159,14.958,24.852,-6.252,14.982,0.1188,-14.13,63.7,-96.75,0.903,0.0572,12.61,0.8,2.27,50.4,50.4,12.6,0.63
3332,24.778,-6.152,14.958,24.849,-6.245,14.982,0.1192,-14.11,63.72,-96.75,0.904,0.0558,12.62,0.78,2.27,50.4,50.4,12.6,0.63
3333,24.774,-6.145,14.958,24.846,-6.238,14.982,0.1197,-14.08,63.74,-96.77,0.905,0.0539,12.64,0.75,2.28,50.4,50.4,12.6,0.63
3334,24.77,-6.137,14.958,24.842,-6.23,14.982,0.1202,-14.08,63.74,-96.79,0.906,0.052,12.65,0.73,2.29,50.4,50.4,12.6,0.63
3335,24.766,-6.13,14.958,24.839,-6.223,14.982,0.1207,-14.06,63.76,-96.81,0.907,0.0501,12.66,0.7,2.29,50.4,50.4,12.6,0.63
3336,24.762,-6.122,14.958,24.835,-6.216,14.982,0.1213,-14.06,63.76,-96.83,0.908,0.0482,12.68,0.67,2.3,50.4,50.4,12.6,0.63
3337,24.758,-6.115,14.958,24.832,-6.209,14.982,0.1218,-14.04,63.79,-96.86,0.909,0.0464,12.69,0.65,2.31,50.4,50.4,12.6,0.63
3338,24.754,-6.107,14.958,24.828,-6.202,14.982,0.1223,-14.02,63.79,-96.88,0.91,0.0445,12.71,0.62,2.31,50.4,50.4,12.6,0.63
3339,24.75,-6.1,14.958,24.839,-6.14,14.982,0.1005,-13.89,63.81,-96.88,0.9133,0.0392,12.75,0.55,0.58,50.4,50.4,12.6,1.73
3340,24.746,-6.092,14.958,24.843,-6.104,14.982,0.1007,-13.8,63.81,-96.9,0.9175,0.0344,12.81,0.48,-0.35,50.4,50.4,12.6,2.31
3341,24.742,-6.084,14.958,24.827,-6.151,14.983,0.1105,-13.91,63.83,-96.92,0.9193,0.0295,12.84,0.41,1.38,50.4,50.4,12.6,1.22
3342,24.737,-6.077,14.958,24.816,-6.171,14.983,0.1256,-13.97,63.83,-96.94,0.9201,0.0269,12.85,0.38,2.29,50.4,50.4,12.6,0.65
3343,24.733,-6.069,14.958,24.812,-6.164,14.983,0.126,-13.95,63.85,-96.97,0.9211,0.0251,12.86,0.35,2.3,50.4,50.4,12.6,0.65
3344,24.729,-6.061,14.958,24.808,-6.157,14.983,0.1265,-13.93,63.87,-96.99,0.9221,0.0232,12.88,0.32,2.3,50.4,50.4,12.6,0.65
3345,24.724,-6.054,14.958,24.804,-6.149,14.983,0.1271,-13.93,63.87,-97.01,0.9231,0.0213,12.89,0.3,2.31,50.4,50.4,12.6,0.64
3346,24.72,-6.046,14.957,24.8,-6.142,14.983,0.1276,-13.91,63.9,-97.03,0.9241,0.0194,12.9,0.27,2.32,50.4,50.4,12.6,0.64
3347,24.716,-6.038,14.957,24.796,-6.134,14.983,0.1281,-13.89,63.9,-97.05,0.9251,0.0175,12.92,0.24,2.33,50.4,50.4,12.6,0.64
3348,24.711,-6.03,14.957,24.792,-6.126,14.984,0.1286,-13.89,63.92,-97.08,0.9261,0.0156,12.93,0.22,2.33,50.4,50.4,12.6,0.64
3349,24.707,-6.022,14.957,24.79,-6.112,14.984,0.1252,-13.84,63.94,-97.1,0.9274,0.0132,12.95,0.18,2.11,50.4,50.4,12.6,0.78
3350,24.702,-6.014,14.957,24.807,-6.024,14.983,0.1081,-13.65,63.94,-97.12,0.932,0.008,13.01,0.11,-0.48,50.4,50.4,12.6,2.34
3351,24.698,-6.006,14.957,24.802,-6.023,14.983,0.1087,-13.65,63.94,-97.12,0.9358,0.0031,13.07,0.04,-0.27,50.4,50.4,12.6,2.21
3352,24.693,-5.998,14.957,24.779,-6.095,14.984,0.132,-13.82,63.96,-97.14,0.9364,-0.0017,13.07,-0.02,2.31,50.4,50.4,12.6,0.66
3353,24.688,-5.99,14.957,24.774,-6.087,14.984,0.1326,-13.8,63.98,-97.16,0.9374,-0.0041,13.09,-0.06,2.32,50.4,50.4,12.6,0.66
3354,24.683,-5.982,14.957,24.77,-6.079,14.985,0.1331,-13.8,63.98,-97.19,0.9384,-0.0059,13.1,-0.08,2.32,50.4,50.4,12.6,0.66
3355,24.678,-5.974,14.957,24.766,-6.071,14.985,0.1337,-13.78,64.01,-97.21,0.9394,-0.0079,13.12,-0.11,2.33,50.4,50.4,12.6,0.66
3356,24.674,-5.966,14.957,24.761,-6.064,14.985,0.1342,-13.75,64.03,-97.23,0.9404,-0.0098,13.13,-0.14,2.34,50.4,50.4,12.6,0.66
3357,24.669,-5.958,14.957,24.757,-6.056,14.985,0.1347,-13.75,64.03,-97.25,0.9414,-0.0117,13.14,-0.16,2.34,50.4,50.4,12.6,0.66
3358,24.664,-5.949,14.957,24.752,-6.048,14.985,0.1353,-13.73,64.05,-97.27,0.9425,-0.0137,13.16,-0.19,2.35,50.4,50.4,12.6,0.66
3359,24.659,-5.941,14.957,24.748,-6.04,14.985,0.1358,-13.71,64.07,-97.32,0.9435,-0.0156,13.17,-0.22,2.36,50.4,50.4,12.6,0.65
3360,24.654,-5.933,14.957,24.755,-5.986,14.985,0.1178,-13.6,64.07,-97.32,0.9463,-0.0205,13.21,-0.29,0.87,50.4,50.4,12.6,1.51
3361,24.649,-5.925,14.957,24.763,-5.932,14.985,0.1174,-13.47,64.09,-97.34,0.9507,-0.0254,13.27,-0.35,-0.61,50.4,50.4,12.6,2.36
3362,24.644,-5.916,14.957,24.748,-5.97,14.985,0.1204,-13.56,64.09,-97.36,0.953,-0.0302,13.31,-0.42,0.88,50.4,50.4,12.6,1.51
3363,24.638,-5.908,14.957,24.732,-6.007,14.986,0.1394,-13.65,64.12,-97.38,0.9537,-0.0336,13.32,-0.47,2.34,50.4,50.4,12.6,0.67
3364,24.633,-5.9,14.957,24.728,-5.999,14.986,0.1398,-13.65,64.14,-97.43,0.9548,-0.0353,13.33,-0.49,2.34,50.4,50.4,12.6,0.67
3365,24.628,-5.891,14.957,24.723,-5.991,14.986,0.1404,-13.62,64.16,-97.45,0.9558,-0.0373,13.35,-0.52,2.35,50.4,50.4,12.6,0.67
3366,24.623,-5.883,14.957,24.719,-5.972,14.989,0.1356,-13.58,64.18,-97.47,0.9498,-0.0386,13.26,-0.54,2.03,50.4,50.4,12.6,0.48
3367,24.617,-5.874,14.957,24.717,-5.945,14.989,0.1262,-13.51,64.18,-97.49,0.9448,-0.0328,13.19,-0.46,1.42,50.4,50.4,12.6,0.12
3368,24.612,-5.866,14.957,24.713,-5.927,14.99,0.1222,-13.49,64.2,-97.54,0.9398,-0.0281,13.12,-0.39,1.13,50.4,50.4,12.6,-0.05
3369,24.607,-5.857,14.957,24.706,-5.918,14.99,0.1213,-13.47,64.23,-97.56,0.9348,-0.0233,13.05,-0.33,1.13,50.4,50.4,12.6,-0.05
3370,24.601,-5.849,14.957,24.7,-5.909,14.991,0.1205,-13.45,64.25,-97.58,0.9299,-0.0186,12.98,-0.26,1.13,50.4,50.4,12.6,-0.05
3371,24.596,-5.841,14.957,24.716,-5.821,14.99,0.126,-13.25,64.27,-97.6,0.9361,-0.0251,13.07,-0.35,-1.49,50.4,50.4,12.6,1.38
3372,24.59,-5.832,14.957,24.715,-5.8,14.989,0.1327,-13.21,64.27,-97.62,0.9407,-0.0299,13.13,-0.42,-1.89,50.4,50.4,12.6,1.6
3373,24.585,-5.824,14.957,24.689,-5.872,14.99,0.1194,-13.38,64.29,-97.67,0.9341,-0.0235,13.04,-0.33,0.72,50.4,50.4,12.6,0.17
3374,24.579,-5.816,14.957,24.68,-5.876,14.99,0.1217,-13.38,64.31,-97.69,0.9291,-0.0188,12.97,-0.26,1.11,50.4,50.4,12.6,-0.05
3375,24.574,-5.807,14.957,24.674,-5.867,14.991,0.1211,-13.38,64.34,-97.71,0.9241,-0.0141,12.9,-0.2,1.11,50.4,50.4,12.6,-0.05
3376,24.568,-5.799,14.957,24.668,-5.859,14.991,0.1205,-13.36,64.36,-97.76,0.9191,-0.0094,12.83,-0.13,1.11,50.4,50.4,12.6,-0.05
3377,24.563,-5.791,14.957,24.661,-5.85,14.991,0.12,-13.34,64.38,-97.78,0.9142,-0.0046,12.76,-0.06,1.11,50.4,50.4,12.6,-0.05
3378,24.557,-5.782,14.957,24.657,-5.842,14.994,0.1222,-13.34,64.4,-97.8,0.9092,-0.0103,12.69,-0.14,1.11,50.4,50.4,12.6,-0.05
3379,24.552,-5.774,14.957,24.653,-5.834,14.997,0.1241,-13.32,64.4,-97.82,0.9042,-0.0153,12.63,-0.21,1.11,50.4,50.4,12.6,-0.05
3380,24.546,-5.766,14.957,24.648,-5.826,15.0,0.1259,-13.29,64.42,-97.84,0.8992,-0.0201,12.56,-0.28,1.12,50.4,50.4,12.6,-0.05
3381,24.541,-5.757,14.957,24.644,-5.818,15.002,0.1277,-13.29,64.45,-97.87,0.8943,-0.0249,12.49,-0.35,1.12,50.4,50.4,12.6,-0.05
3382,24.535,-5.749,14.957,24.657,-5.741,14.999,0.1289,-13.12,64.45,-97.89,0.9005,-0.0298,12.57,-0.42,-1.12,50.4,50.4,12.6,1.12
3383,24.53,-5.741,14.957,24.659,-5.71,14.997,0.1385,-13.03,64.47,-97.91,0.9051,-0.0346,12.64,-0.48,-1.87,50.4,50.4,12.6,1.51
3384,24.524,-5.732,14.957,24.639,-5.771,14.996,0.1274,-13.18,64.47,-97.93,0.9096,-0.0394,12.7,-0.55,0.36,50.4,50.4,12.6,0.34
3385,24.518,-5.724,14.957,24.63,-5.786,14.994,0.1329,-13.23,64.49,-97.95,0.9142,-0.0442,12.76,-0.62,1.1,50.4,50.4,12.6,-0.05
3386,24.513,-5.716,14.957,24.626,-5.778,14.992,0.1343,-13.21,64.49,-97.98,0.9188,-0.0491,12.83,-0.68,1.1,50.4,50.4,12.6,-0.05
3387,24.507,-5.708,14.957,24.622,-5.771,14.99,0.1355,-13.18,64.49,-98.0,0.9233,-0.0539,12.89,-0.75,1.1,50.4,50.4,12.6,-0.05
3388,24.501,-5.7,14.957,24.618,-5.762,14.988,0.1358,-13.18,64.51,-98.02,0.9279,-0.0544,12.96,-0.76,1.1,50.4,50.4,12.6,-0.05
3389,24.495,-5.691,14.957,24.613,-5.754,14.985,0.1359,-13.16,64.51,-98.04,0.9325,-0.054,13.02,-0.75,1.1,50.4,50.4,12.6,-0.05
3390,24.49,-5.683,14.957,24.608,-5.746,14.982,0.136,-13.14,64.53,-98.06,0.9371,-0.0539,13.08,-0.75,1.1,50.4,50.4,12.6,-0.05
3391,24.484,-5.675,14.957,24.603,-5.738,14.979,0.1363,-13.14,64.53,-98.11,0.9416,-0.0537,13.15,-0.75,1.1,50.4,50.4,12.6,-0.05
3392,24.478,-5.667,14.957,24.598,-5.73,14.977,0.1365,-13.12,64.56,-98.13,0.9462,-0.0536,13.21,-0.75,1.1,50.4,50.4,12.6,-0.05
3393,24.473,-5.659,14.957,24.594,-5.715,14.975,0.1351,-13.07,64.56,-98.15,0.9508,-0.0539,13.28,-0.75,0.85,50.4,50.4,12.6,0.08
3394,24.467,-5.65,14.957,24.609,-5.624,14.974,0.1455,-12.88,64.58,-98.17,0.9553,-0.0587,13.34,-0.82,-1.83,50.4,50.4,12.6,1.42
3395,24.461,-5.642,14.957,24.603,-5.624,14.973,0.1439,-12.88,64.6,-98.2,0.9599,-0.0624,13.4,-0.87,-1.59,50.4,50.4,12.6,1.3
3396,24.455,-5.634,14.957,24.579,-5.698,14.97,0.1395,-13.05,64.6,-98.24,0.9645,-0.0615,13.47,-0.86,1.08,50.4,50.4,12.6,-0.05
3397,24.449,-5.626,14.957,24.573,-5.69,14.97,0.1395,-13.03,64.62,-98.26,0.9648,-0.0614,13.47,-0.86,1.08,50.4,50.4,12.6,-0.05
3398,24.443,-5.618,14.957,24.567,-5.682,14.97,0.1394,-13.03,64.64,-98.28,0.9643,-0.0612,13.46,-0.85,1.08,50.4,50.4,12.6,-0.05
3399,24.437,-5.61,14.957,24.561,-5.674,14.971,0.1394,-13.01,64.67,-98.33,0.964,-0.0611,13.46,-0.85,1.08,50.4,50.4,12.6,-0.05
3400,24.432,-5.602,14.957,24.555,-5.666,14.971,0.1394,-12.99,64.67,-98.35,0.9637,-0.0609,13.46,-0.85,1.08,50.4,50.4,12.6,-0.05
3401,24.426,-5.594,14.957,24.549,-5.657,14.971,0.1394,-12.99,64.69,-98.37,0.9634,-0.0608,13.45,-0.85,1.08,50.4,50.4,12.6,-0.05
3402,24.42,-5.586,14.957,24.543,-5.649,14.971,0.1393,-12.96,64.71,-98.39,0.9631,-0.0606,13.45,-0.85,1.08,50.4,50.4,12.6,-0.05
3403,24.414,-5.578,14.957,24.537,-5.641,14.971,0.1393,-12.94,64.73,-98.44,0.9628,-0.0605,13.44,-0.84,1.09,50.4,50.4,12.6,-0.05
3404,24.408,-5.57,14.957,24.531,-5.633,14.971,0.1393,-12.94,64.75,-98.46,0.9625,-0.0604,13.44,-0.84,1.09,50.4,50.4,12.6,-0.05
3405,24.402,-5.562,14.957,24.525,-5.625,14.971,0.1393,-12.92,64.75,-98.48,0.9622,-0.0602,13.44,-0.84,1.09,50.4,50.4,12.6,-0.05
3406,24.396,-5.554,14.957,24.538,-5.54,14.971,0.143,-12.72,64.78,-98.5,0.9645,-0.0642,13.47,-0.9,-1.42,50.4,50.4,12.6,1.16
3407,24.39,-5.546,14.957,24.536,-5.521,14.971,0.148,-12.68,64.8,-98.53,0.9668,-0.0681,13.5,-0.95,-1.79,50.4,50.4,12.6,1.34
3408,24.384,-5.538,14.957,24.512,-5.59,14.971,0.1389,-12.85,64.82,-98.57,0.9665,-0.0679,13.49,-0.95,0.71,50.4,50.4,12.6,0.13
3409,24.378,-5.53,14.957,24.504,-5.593,14.972,0.1411,-12.85,64.82,-98.59,0.9661,-0.0676,13.49,-0.94,1.07,50.4,50.4,12.6,-0.04
3410,24.372,-5.522,14.957,24.497,-5.585,14.972,0.141,-12.83,64.84,-98.61,0.9658,-0.0675,13.49,-0.94,1.07,50.4,50.4,12.6,-0.04
3411,24.366,-5.514,14.957,24.491,-5.577,14.972,0.141,-12.83,64.86,-98.66,0.9655,-0.0673,13.48,-0.94,1.07,50.4,50.4,12.6,-0.04
3412,24.36,-5.506,14.957,24.485,-5.569,14.972,0.141,-12.81,64.89,-98.68,0.9652,-0.0672,13.48,-0.94,1.07,50.4,50.4,12.6,-0.04
3413,24.354,-5.498,14.957,24.479,-5.561,14.972,0.141,-12.79,64.91,-98.7,0.9649,-0.0671,13.47,-0.94,1.07,50.4,50.4,12.6,-0.04
3414,24.348,-5.49,14.957,24.473,-5.553,14.972,0.141,-12.79,64.91,-98.72,0.9647,-0.0669,13.47,-0.93,1.07,50.4,50.4,12.6,-0.04
3415,24.342,-5.482,14.957,24.467,-5.545,14.972,0.1409,-12.77,64.93,-98.77,0.9644,-0.0668,13.47,-0.93,1.07,50.4,50.4,12.6,-0.04
3416,24.336,-5.474,14.957,24.461,-5.537,14.972,0.1409,-12.74,64.95,-98.79,0.9641,-0.0666,13.46,-0.93,1.07,50.4,50.4,12.6,-0.04
3417,24.33,-5.466,14.957,24.455,-5.529,14.972,0.1409,-12.74,64.97,-98.81,0.9638,-0.0665,13.46,-0.93,1.07,50.4,50.4,12.6,-0.04
3418,24.324,-5.458,14.957,24.451,-5.51,14.972,0.1388,-12.7,65.0,-98.85,0.9638,-0.0669,13.46,-0.93,0.73,50.4,50.4,12.6,0.12
3419,24.318,-5.45,14.957,24.463,-5.428,14.973,0.148,-12.5,65.0,-98.88,0.9663,-0.0711,13.49,-0.99,-1.73,50.4,50.4,12.6,1.25
3420,24.311,-5.442,14.957,24.455,-5.43,14.973,0.1454,-12.52,65.02,-98.9,0.968,-0.0741,13.52,-1.03,-1.39,50.4,50.4,12.6,1.09
3421,24.305,-5.435,14.957,24.432,-5.497,14.973,0.1426,-12.68,65.04,-98.92,0.9673,-0.0734,13.51,-1.02,1.05,50.4,50.4,12.6,-0.04
3422,24.299,-5.427,14.957,24.426,-5.489,14.973,0.1426,-12.66,65.06,-98.94,0.967,-0.0733,13.5,-1.02,1.05,50.4,50.4,12.6,-0.04
3423,24.293,-5.419,14.957,24.42,-5.481,14.973,0.1425,-12.66,65.08,-98.99,0.9668,-0.0731,13.5,-1.02,1.05,50.4,50.4,12.6,-0.04
3424,24.287,-5.411,14.957,24.414,-5.474,14.973,0.1425,-12.63,65.08,-99.01,0.9665,-0.073,13.49,-1.02,1.06,50.4,50.4,12.6,-0.04
3425,24.28,-5.403,14.957,24.407,-5.466,14.973,0.1425,-12.61,65.1,-99.03,0.9662,-0.0728,13.49,-1.02,1.06,50.4,50.4,12.6,-0.04
3426,24.274,-5.396,14.957,24.401,-5.458,14.973,0.1425,-12.61,65.13,-99.07,0.9659,-0.0727,13.49,-1.02,1.06,50.4,50.4,12.6,-0.04
3427,24.268,-5.388,14.957,24.395,-5.45,14.973,0.1425,-12.59,65.15,-99.1,0.9656,-0.0726,13.48,-1.01,1.06,50.4,50.4,12.6,-0.04
3428,24.262,-5.38,14.957,24.389,-5.442,14.974,0.1424,-12.57,65.17,-99.12,0.9653,-0.0724,13.48,-1.01,1.06,50.4,50.4,12.6,-0.04
3429,24.256,-5.372,14.957,24.382,-5.434,14.974,0.1424,-12.57,65.19,-99.16,0.965,-0.0723,13.47,-1.01,1.06,50.4,50.4,12.6,-0.04
3430,24.249,-5.364,14.957,24.376,-5.426,14.974,0.1424,-12.55,65.19,-99.18,0.9647,-0.0721,13.47,-1.01,1.06,50.4,50.4,12.6,-0.04
3431,24.243,-5.356,14.957,24.37,-5.419,14.974,0.1424,-12.55,65.21,-99.21,0.9644,-0.072,13.47,-1.01,1.06,50.4,50.4,12.6,-0.04
3432,24.237,-5.349,14.957,24.38,-5.341,14.974,0.1444,-12.35,65.24,-99.23,0.9663,-0.0753,13.49,-1.05,-1.23,50.4,50.4,12.6,0.98
3433,24.231,-5.341,14.957,24.378,-5.32,14.974,0.1494,-12.3,65.26,-99.27,0.9683,-0.0788,13.52,-1.1,-1.67,50.4,50.4,12.6,1.17
3434,24.224,-5.333,14.957,24.356,-5.382,14.974,0.1416,-12.46,65.26,-99.29,0.968,-0.0787,13.52,-1.1,0.62,50.4,50.4,12.6,0.15
3435,24.218,-5.325,14.957,24.347,-5.387,14.974,0.144,-12.48,65.28,-99.32,0.9677,-0.0784,13.51,-1.1,1.04,50.4,50.4,12.6,-0.04
3436,24.211,-5.318,14.957,24.34,-5.38,14.974,0.1439,-12.46,65.3,-99.36,0.9674,-0.0783,13.51,-1.09,1.04,50.4,50.4,12.6,-0.04
3437,24.205,-5.31,14.957,24.334,-5.372,14.975,0.1439,-12.46,65.32,-99.38,0.9671,-0.0782,13.5,-1.09,1.04,50.4,50.4,12.6,-0.04
3438,24.199,-5.302,14.957,24.327,-5.364,14.975,0.1439,-12.44,65.35,-99.4,0.9668,-0.078,13.5,-1.09,1.04,50.4,50.4,12.6,-0.04
3439,24.192,-5.295,14.957,24.321,-5.356,14.975,0.1439,-12.41,65.37,-99.43,0.9665,-0.0779,13.5,-1.09,1.04,50.4,50.4,12.6,-0.04
3440,24.186,-5.287,14.957,24.315,-5.349,14.975,0.1439,-12.41,65.39,-99.47,0.9662,-0.0777,13.49,-1.09,1.04,50.4,50.4,12.6,-0.04
3441,24.18,-5.279,14.957,24.308,-5.341,14.975,0.1438,-12.39,65.39,-99.49,0.9659,-0.0776,13.49,-1.08,1.05,50.4,50.4,12.6,-0.04
3442,24.173,-5.272,14.957,24.302,-5.333,14.975,0.1438,-12.37,65.41,-99.51,0.9656,-0.0775,13.48,-1.08,1.05,50.4,50.4,12.6,-0.04
3443,24.167,-5.264,14.957,24.296,-5.325,14.975,0.1438,-12.37,65.43,-99.56,0.9653,-0.0773,13.48,-1.08,1.05,50.4,50.4,12.6,-0.04
3444,24.161,-5.256,14.957,24.289,-5.318,14.975,0.1438,-12.35,65.46,-99.58,0.965,-0.0772,13.47,-1.08,1.05,50.4,50.4,12.6,-0.04
3445,24.154,-5.248,14.957,24.284,-5.307,14.975,0.1431,-12.33,65.48,-99.6,0.9649,-0.0772,13.47,-1.08,0.94,50.4,50.4,12.6,0.0
3446,24.148,-5.241,14.957,24.295,-5.223,14.976,0.1492,-12.13,65.48,-99.65,0.967,-0.0809,13.5,-1.13,-1.59,50.4,50.4,12.6,1.09
3447,24.141,-5.233,14.957,24.288,-5.218,14.976,0.149,-12.13,65.5,-99.67,0.9687,-0.0838,13.53,-1.17,-1.49,50.4,50.4,12.6,1.05
3448,24.135,-5.226,14.957,24.265,-5.287,14.976,0.1453,-12.28,65.52,-99.69,0.968,-0.0831,13.52,-1.16,1.03,50.4,50.4,12.6,-0.04
3449,24.128,-5.218,14.956,24.259,-5.279,14.976,0.1452,-12.28,65.54,-99.71,0.9677,-0.083,13.51,-1.16,1.03,50.4,50.4,12.6,-0.04
3450,24.122,-5.21,14.956,24.252,-5.272,14.976,0.1452,-12.26,65.57,-99.76,0.9674,-0.0829,13.51,-1.16,1.03,50.4,50.4,12.6,-0.04
3451,24.115,-5.203,14.956,24.246,-5.264,14.976,0.1452,-12.24,65.59,-99.78,0.9671,-0.0827,13.5,-1.16,1.03,50.4,50.4,12.6,-0.04
3452,24.109,-5.195,14.956,24.239,-5.256,14.976,0.1452,-12.24,65.59,-99.8,0.9669,-0.0826,13.5,-1.15,1.03,50.4,50.4,12.6,-0.04
3453,24.102,-5.188,14.956,24.233,-5.249,14.976,0.1452,-12.22,65.61,-99.84,0.9666,-0.0825,13.5,-1.15,1.03,50.4,50.4,12.6,-0.04
3454,24.096,-5.18,14.956,24.226,-5.241,14.976,0.1452,-12.22,65.63,-99.87,0.9663,-0.0823,13.49,-1.15,1.03,50.4,50.4,12.6,-0.04
3455,24.089,-5.172,14.956,24.22,-5.234,14.976,0.1451,-12.19,65.65,-99.89,0.966,-0.0822,13.49,-1.15,1.03,50.4,50.4,12.6,-0.04
3456,24.083,-5.165,14.956,24.213,-5.226,14.977,0.1451,-12.17,65.68,-99.93,0.9657,-0.0821,13.48,-1.15,1.03,50.4,50.4,12.6,-0.04
3457,24.076,-5.157,14.956,24.206,-5.218,14.977,0.1451,-12.17,65.7,-99.95,0.9654,-0.0819,13.48,-1.14,1.03,50.4,50.4,12.6,-0.04
3458,24.07,-5.15,14.956,24.2,-5.211,14.977,0.1451,-12.15,65.7,-99.98,0.9651,-0.0818,13.48,-1.14,1.04,50.4,50.4,12.6,-0.04
3459,24.063,-5.142,14.956,24.193,-5.203,14.977,0.1451,-12.13,65.72,-100.02,0.9648,-0.0817,13.47,-1.14,1.04,50.4,50.4,12.6,-0.04
3460,24.057,-5.135,14.956,24.199,-5.14,14.977,0.1441,-12.0,65.74,-100.04,0.9662,-0.0841,13.49,-1.17,-0.8,50.4,50.4,12.6,0.73
3461,24.05,-5.127,14.956,24.198,-5.111,14.977,0.1502,-11.93,65.76,-100.06,0.9679,-0.0871,13.51,-1.22,-1.51,50.4,50.4,12.6,1.02
3462,24.044,-5.12,14.956,24.18,-5.159,14.977,0.1434,-12.04,65.79,-100.09,0.9679,-0.0874,13.51,-1.22,0.32,50.4,50.4,12.6,0.25
3463,24.037,-5.112,14.956,24.168,-5.173,14.98,0.1462,-12.08,65.81,-100.13,0.962,-0.0872,13.43,-1.22,1.02,50.4,50.4,12.6,-0.04
3464,24.03,-5.105,14.956,24.162,-5.165,14.979,0.1463,-12.06,65.83,-100.15,0.9632,-0.087,13.45,-1.22,1.02,50.4,50.4,12.6,-0.04
3465,24.024,-5.097,14.956,24.155,-5.158,14.979,0.1463,-12.06,65.83,-100.17,0.9634,-0.0869,13.45,-1.21,1.02,50.4,50.4,12.6,-0.04
3466,24.017,-5.09,14.956,24.148,-5.15,14.979,0.1463,-12.04,65.85,-100.22,0.963,-0.0868,13.45,-1.21,1.02,50.4,50.4,12.6,-0.04
3467,24.01,-5.082,14.956,24.142,-5.143,14.979,0.1463,-12.02,65.87,-100.24,0.9627,-0.0866,13.44,-1.21,1.02,50.4,50.4,12.6,-0.04
3468,24.004,-5.075,14.956,24.135,-5.135,14.979,0.1463,-12.02,65.9,-100.26,0.9624,-0.0865,13.44,-1.21,1.02,50.4,50.4,12.6,-0.04
3469,23.997,-5.067,14.956,24.129,-5.128,14.979,0.1463,-12.0,65.92,-100.31,0.9622,-0.0864,13.43,-1.21,1.02,50.4,50.4,12.6,-0.04
3470,23.991,-5.06,14.956,24.122,-5.12,14.979,0.1463,-11.98,65.94,-100.33,0.9619,-0.0862,13.43,-1.2,1.02,50.4,50.4,12.6,-0.04
3471,23.984,-5.052,14.956,24.115,-5.113,14.979,0.1463,-11.98,65.94,-100.35,0.9616,-0.0861,13.43,-1.2,1.02,50.4,50.4,12.6,-0.04
3472,23.977,-5.045,14.956,24.109,-5.105,14.979,0.1463,-11.95,65.96,-100.39,0.9613,-0.086,13.42,-1.2,1.02,50.4,50.4,12.6,-0.04
3473,23.971,-5.037,14.956,24.102,-5.098,14.979,0.1462,-11.95,65.98,-100.42,0.961,-0.0858,13.42,-1.2,1.03,50.4,50.4,12.6,-0.04
3474,23.964,-5.03,14.956,24.095,-5.09,14.979,0.1462,-11.93,66.01,-100.44,0.9607,-0.0857,13.41,-1.2,1.03,50.4,50.4,12.6,-0.04
3475,23.957,-5.023,14.956,24.104,-5.016,14.977,0.1481,-11.76,66.01,-100.48,0.9661,-0.0885,13.49,-1.24,-1.18,50.4,50.4,12.6,0.85
3476,23.951,-5.015,14.956,24.099,-5.002,14.977,0.1507,-11.73,66.03,-100.5,0.9675,-0.0912,13.51,-1.27,-1.42,50.4,50.4,12.6,0.94
3477,23.944,-5.008,14.956,24.079,-5.061,14.978,0.1464,-11.87,66.05,-100.52,0.967,-0.0909,13.5,-1.27,0.78,50.4,50.4,12.6,0.05
3478,23.937,-5.0,14.956,24.07,-5.06,14.98,0.1474,-11.87,66.07,-100.57,0.9612,-0.0908,13.42,-1.27,1.01,50.4,50.4,12.6,-0.04
3479,23.93,-4.993,14.956,24.063,-5.053,14.982,0.1472,-11.87,66.09,-100.59,0.9562,-0.0906,13.35,-1.27,1.01,50.4,50.4,12.6,-0.04
3480,23.924,-4.986,14.956,24.056,-5.046,14.98,0.1474,-11.84,66.12,-100.61,0.9587,-0.0905,13.39,-1.26,1.01,50.4,50.4,12.6,-0.04
3481,23.917,-4.978,14.956,24.05,-5.038,14.979,0.1476,-11.82,66.14,-100.66,0.9629,-0.0904,13.44,-1.26,1.01,50.4,50.4,12.6,-0.04
3482,23.91,-4.971,14.956,24.043,-5.031,14.979,0.1476,-11.82,66.16,-100.68,0.9619,-0.0902,13.43,-1.26,1.01,50.4,50.4,12.6,-0.04
3483,23.903,-4.964,14.956,24.036,-5.023,14.979,0.1476,-11.8,66.16,-100.7,0.9616,-0.0901,13.43,-1.26,1.01,50.4,50.4,12.6,-0.04
3484,23.897,-4.956,14.956,24.03,-5.016,14.979,0.1476,-11.8,66.18,-100.74,0.9613,-0.09,13.42,-1.26,1.01,50.4,50.4,12.6,-0.04
3485,23.89,-4.949,14.956,24.023,-5.009,14.979,0.1476,-11.78,66.2,-100.77,0.961,-0.0898,13.42,-1.25,1.01,50.4,50.4,12.6,-0.04
3486,23.883,-4.942,14.956,24.016,-5.001,14.979,0.1476,-11.76,66.23,-100.79,0.9608,-0.0897,13.41,-1.25,1.01,50.4,50.4,12.6,-0.04
3487,23.876,-4.934,14.956,24.009,-4.994,14.979,0.1476,-11.76,66.25,-100.83,0.9605,-0.0896,13.41,-1.25,1.02,50.4,50.4,12.6,-0.04
3488,23.87,-4.927,14.956,24.003,-4.987,14.979,0.1476,-11.73,66.27,-100.85,0.9602,-0.0895,13.41,-1.25,1.02,50.4,50.4,12.6,-0.04
3489,23.863,-4.92,14.956,23.996,-4.979,14.979,0.1475,-11.73,66.27,-100.88,0.9599,-0.0893,13.4,-1.25,1.02,50.4,50.4,12.6,-0.04
3490,23.856,-4.912,14.956,23.999,-4.93,14.977,0.1453,-11.6,66.29,-100.92,0.965,-0.091,13.47,-1.27,-0.38,50.4,50.4,12.6,0.51
3491,23.849,-4.905,14.956,23.998,-4.895,14.978,0.1508,-11.54,66.31,-100.94,0.9659,-0.0936,13.49,-1.31,-1.32,50.4,50.4,12.6,0.87
3492,23.842,-4.898,14.956,23.983,-4.929,14.978,0.1457,-11.62,66.34,-100.96,0.9661,-0.0943,13.49,-1.32,0.07,50.4,50.4,12.6,0.33
3493,23.836,-4.89,14.956,23.97,-4.95,14.98,0.1487,-11.67,66.36,-101.01,0.9601,-0.094,13.41,-1.31,1.0,50.4,50.4,12.6,-0.04
3494,23.829,-4.883,14.956,23.962,-4.942,14.982,0.1485,-11.65,66.38,-101.03,0.9551,-0.0938,13.34,-1.31,1.0,50.4,50.4,12.6,-0.04
3495,23.822,-4.876,14.956,23.956,-4.935,14.981,0.1486,-11.65,66.4,-101.05,0.9571,-0.0937,13.36,-1.31,1.0,50.4,50.4,12.6,-0.04
3496,23.815,-4.869,14.956,23.95,-4.928,14.979,0.1488,-11.62,66.4,-101.1,0.9619,-0.0936,13.43,-1.31,1.0,50.4,50.4,12.6,-0.04
3497,23.808,-4.861,14.956,23.943,-4.921,14.979,0.1488,-11.62,66.42,-101.12,0.9608,-0.0934,13.42,-1.3,1.0,50.4,50.4,12.6,-0.04
3498,23.801,-4.854,14.956,23.936,-4.913,14.979,0.1488,-11.6,66.45,-101.14,0.9605,-0.0933,13.41,-1.3,1.0,50.4,50.4,12.6,-0.04
3499,23.794,-4.847,14.956,23.929,-4.906,14.979,0.1488,-11.58,66.47,-101.18,0.9603,-0.0932,13.41,-1.3,1.0,50.4,50.4,12.6,-0.04
3500,23.787,-4.84,14.956,23.922,-4.899,14.979,0.1488,-11.58,66.49,-101.21,0.96,-0.0931,13.4,-1.3,1.01,50.4,50.4,12.6,-0.04
3501,23.781,-4.832,14.956,23.915,-4.892,14.979,0.1488,-11.56,66.51,-101.23,0.9597,-0.0929,13.4,-1.3,1.01,50.4,50.4,12.6,-0.04
3502,23.774,-4.825,14.956,23.908,-4.884,14.979,0.1488,-11.54,66.51,-101.27,0.9594,-0.0928,13.4,-1.3,1.01,50.4,50.4,12.6,-0.04
3503,23.767,-4.818,14.956,23.901,-4.877,14.979,0.1488,-11.54,66.53,-101.29,0.9591,-0.0927,13.39,-1.29,1.01,50.4,50.4,12.6,-0.04
3504,23.76,-4.811,14.956,23.895,-4.87,14.979,0.1488,-11.51,66.56,-101.32,0.9588,-0.0925,13.39,-1.29,1.01,50.4,50.4,12.6,-0.04
3505,23.753,-4.803,14.956,23.888,-4.862,14.979,0.1488,-11.51,66.58,-101.36,0.9585,-0.0924,13.38,-1.29,1.01,50.4,50.4,12.6,-0.04
3506,23.746,-4.796,14.956,23.893,-4.801,14.977,0.1482,-11.36,66.6,-101.38,0.9639,-0.0946,13.46,-1.32,-0.8,50.4,50.4,12.6,0.65
3507,23.739,-4.789,14.956,23.889,-4.782,14.978,0.1513,-11.32,66.6,-101.4,0.9647,-0.0969,13.47,-1.35,-1.21,50.4,50.4,12.6,0.81
3508,23.732,-4.782,14.956,23.871,-4.829,14.978,0.1481,-11.43,66.62,-101.45,0.9644,-0.0968,13.47,-1.35,0.59,50.4,50.4,12.6,0.12
3509,23.725,-4.775,14.956,23.861,-4.833,14.98,0.1498,-11.45,66.64,-101.47,0.9585,-0.0966,13.38,-1.35,0.99,50.4,50.4,12.6,-0.03
3510,23.718,-4.767,14.956,23.854,-4.826,14.982,0.1496,-11.45,66.67,-101.49,0.9535,-0.0965,13.31,-1.35,0.99,50.4,50.4,12.6,-0.03
3511,23.711,-4.76,14.956,23.847,-4.819,14.981,0.1497,-11.43,66.69,-101.54,0.9555,-0.0964,13.34,-1.35,0.99,50.4,50.4,12.6,-0.03
3512,23.704,-4.753,14.956,23.841,-4.812,14.979,0.1499,-11.4,66.71,-101.56,0.9603,-0.0963,13.41,-1.34,1.0,50.4,50.4,12.6,-0.03
3513,23.698,-4.746,14.956,23.833,-4.805,14.979,0.1499,-11.4,66.73,-101.58,0.9592,-0.0961,13.39,-1.34,1.0,50.4,50.4,12.6,-0.03
3514,23.691,-4.739,14.956,23.827,-4.797,14.979,0.1499,-11.38,66.75,-101.62,0.9589,-0.096,13.39,-1.34,1.0,50.4,50.4,12.6,-0.03
3515,23.684,-4.732,14.956,23.82,-4.79,14.979,0.1499,-11.38,66.75,-101.65,0.9587,-0.0959,13.39,-1.34,1.0,50.4,50.4,12.6,-0.03
3516,23.677,-4.725,14.956,23.813,-4.783,14.979,0.1499,-11.36,66.77,-101.69,0.9584,-0.0958,13.38,-1.34,1.0,50.4,50.4,12.6,-0.03
3517,23.67,-4.717,14.956,23.806,-4.776,14.979,0.1499,-11.34,66.8,-101.71,0.9581,-0.0956,13.38,-1.34,1.0,50.4,50.4,12.6,-0.03
3518,23.663,-4.71,14.956,23.799,-4.769,14.979,0.1499,-11.34,66.82,-101.73,0.9578,-0.0955,13.37,-1.33,1.0,50.4,50.4,12.6,-0.03
3519,23.656,-4.703,14.956,23.792,-4.762,14.979,0.1499,-11.32,66.84,-101.78,0.9575,-0.0954,13.37,-1.33,1.0,50.4,50.4,12.6,-0.03
3520,23.649,-4.696,14.956,23.785,-4.754,14.979,0.1499,-11.29,66.86,-101.8,0.9572,-0.0953,13.37,-1.33,1.0,50.4,50.4,12.6,-0.03
3521,23.642,-4.689,14.956,23.778,-4.747,14.979,0.1499,-11.29,66.88,-101.82,0.9569,-0.0951,13.36,-1.33,1.0,50.4,50.4,12.6,-0.03
3522,23.635,-4.682,14.956,23.779,-4.705,14.977,0.1474,-11.18,66.88,-101.87,0.9619,-0.0965,13.43,-1.35,-0.2,50.4,50.4,12.6,0.41
3523,23.628,-4.675,14.956,23.777,-4.671,14.978,0.1514,-11.12,66.91,-101.89,0.9625,-0.0987,13.44,-1.38,-1.09,50.4,50.4,12.6,0.74
3524,23.621,-4.668,14.956,23.764,-4.7,14.978,0.1481,-11.18,66.93,-101.91,0.9627,-0.0992,13.44,-1.39,0.11,50.4,50.4,12.6,0.29
3525,23.614,-4.66,14.956,23.751,-4.719,14.98,0.1508,-11.23,66.95,-101.95,0.9567,-0.099,13.36,-1.38,0.99,50.4,50.4,12.6,-0.03
3526,23.607,-4.653,14.956,23.743,-4.711,14.982,0.1506,-11.23,66.97,-101.98,0.9517,-0.0988,13.29,-1.38,0.99,50.4,50.4,12.6,-0.03
3527,23.599,-4.646,14.956,23.736,-4.704,14.981,0.1507,-11.21,66.99,-102.0,0.9535,-0.0987,13.31,-1.38,0.99,50.4,50.4,12.6,-0.03
3528,23.592,-4.639,14.956,23.73,-4.697,14.979,0.151,-11.21,66.99,-102.04,0.9585,-0.0986,13.38,-1.38,0.99,50.4,50.4,12.6,-0.03
3529,23.585,-4.632,14.956,23.723,-4.69,14.979,0.1509,-11.18,67.02,-102.06,0.9574,-0.0985,13.37,-1.37,0.99,50.4,50.4,12.6,-0.03
3530,23.578,-4.625,14.956,23.716,-4.683,14.979,0.1509,-11.16,67.04,-102.08,0.9571,-0.0983,13.36,-1.37,0.99,50.4,50.4,12.6,-0.03
3531,23.571,-4.618,14.956,23.709,-4.676,14.979,0.1509,-11.16,67.06,-102.13,0.9568,-0.0982,13.36,-1.37,0.99,50.4,50.4,12.6,-0.03
3532,23.564,-4.611,14.956,23.701,-4.669,14.979,0.1509,-11.14,67.08,-102.15,0.9565,-0.0981,13.36,-1.37,0.99,50.4,50.4,12.6,-0.03
3533,23.557,-4.604,14.956,23.694,-4.662,14.979,0.1509,-11.14,67.1,-102.17,0.9562,-0.098,13.35,-1.37,0.99,50.4,50.4,12.6,-0.03
3534,23.55,-4.597,14.956,23.687,-4.655,14.979,0.1509,-11.12,67.13,-102.22,0.9559,-0.0978,13.35,-1.37,0.99,50.4,50.4,12.6,-0.03
3535,23.543,-4.59,14.956,23.68,-4.648,14.979,0.1509,-11.1,67.15,-102.24,0.9557,-0.0977,13.34,-1.36,0.99,50.4,50.4,12.6,-0.03
3536,23.536,-4.583,14.956,23.673,-4.641,14.979,0.1509,-11.1,67.15,-102.28,0.9554,-0.0976,13.34,-1.36,0.99,50.4,50.4,12.6,-0.03
3537,23.529,-4.576,14.956,23.666,-4.634,14.979,0.1509,-11.07,67.17,-102.3,0.9551,-0.0975,13.34,-1.36,0.99,50.4,50.4,12.6,-0.03
3538,23.522,-4.569,14.956,23.659,-4.627,14.979,0.1509,-11.07,67.19,-102.33,0.9548,-0.0974,13.33,-1.36,1.0,50.4,50.4,12.6,-0.03
3539,23.515,-4.562,14.956,23.663,-4.568,14.977,0.1502,-10.92,67.21,-102.37,0.9602,-0.0993,13.41,-1.39,-0.75,50.4,50.4,12.6,0.6
3540,23.507,-4.555,14.956,23.658,-4.555,14.978,0.1518,-10.9,67.24,-102.39,0.9606,-0.1012,13.41,-1.41,-0.96,50.4,50.4,12.6,0.67
3541,23.5,-4.548,14.956,23.64,-4.599,14.978,0.1509,-11.01,67.26,-102.41,0.9602,-0.101,13.41,-1.41,0.77,50.4,50.4,12.6,0.04
3542,23.493,-4.541,14.956,23.631,-4.598,14.98,0.1518,-11.01,67.28,-102.46,0.9544,-0.1008,13.33,-1.41,0.98,50.4,50.4,12.6,-0.03
3543,23.486,-4.534,14.956,23.624,-4.591,14.982,0.1516,-11.01,67.3,-102.48,0.9494,-0.1007,13.26,-1.41,0.98,50.4,50.4,12.6,-0.03
3544,23.479,-4.527,14.956,23.617,-4.584,14.981,0.1517,-10.99,67.3,-102.5,0.9511,-0.1005,13.28,-1.4,0.98,50.4,50.4,12.6,-0.03
3545,23.472,-4.52,14.956,23.61,-4.577,14.979,0.1519,-10.96,67.32,-102.55,0.9561,-0.1004,13.35,-1.4,0.98,50.4,50.4,12.6,-0.03
3546,23.465,-4.513,14.956,23.603,-4.57,14.979,0.1519,-10.96,67.35,-102.57,0.955,-0.1003,13.33,-1.4,0.99,50.4,50.4,12.6,-0.03
3547,23.457,-4.506,14.955,23.596,-4.563,14.979,0.1519,-10.94,67.37,-102.59,0.9548,-0.1002,13.33,-1.4,0.99,50.4,50.4,12.6,-0.03
3548,23.45,-4.499,14.955,23.589,-4.556,14.979,0.1519,-10.94,67.39,-102.63,0.9545,-0.1001,13.33,-1.4,0.99,50.4,50.4,12.6,-0.03
3549,23.443,-4.492,14.955,23.582,-4.549,14.979,0.1519,-10.92,67.41,-102.66,0.9542,-0.0999,13.32,-1.4,0.99,50.4,50.4,12.6,-0.03
3550,23.436,-4.485,14.955,23.575,-4.542,14.979,0.1519,-10.9,67.41,-102.68,0.9539,-0.0998,13.32,-1.39,0.99,50.4,50.4,12.6,-0.03
3551,23.429,-4.478,14.955,23.567,-4.535,14.979,0.1519,-10.9,67.43,-102.72,0.9536,-0.0997,13.31,-1.39,0.99,50.4,50.4,12.6,-0.03
3552,23.422,-4.471,14.955,23.56,-4.528,14.979,0.1519,-10.88,67.46,-102.74,0.9533,-0.0996,13.31,-1.39,0.99,50.4,50.4,12.6,-0.03
3553,23.414,-4.464,14.955,23.553,-4.521,14.979,0.1519,-10.88,67.48,-102.79,0.953,-0.0995,13.31,-1.39,0.99,50.4,50.4,12.6,-0.03
3554,23.407,-4.457,14.955,23.546,-4.514,14.979,0.1519,-10.85,67.5,-102.81,0.9527,-0.0993,13.3,-1.39,0.99,50.4,50.4,12.6,-0.03
3555,23.4,-4.45,14.955,23.539,-4.507,14.979,0.1519,-10.83,67.52,-102.83,0.9525,-0.0992,13.3,-1.39,0.99,50.4,50.4,12.6,-0.03
3556,23.393,-4.443,14.955,23.54,-4.459,14.978,0.15,-10.72,67.52,-102.88,0.9576,-0.1007,13.37,-1.41,-0.43,50.4,50.4,12.6,0.47
3557,23.386,-4.436,14.955,23.536,-4.44,14.978,0.1519,-10.68,67.54,-102.9,0.9579,-0.1024,13.37,-1.43,-0.83,50.4,50.4,12.6,0.61
3558,23.379,-4.43,14.955,23.521,-4.475,14.978,0.1511,-10.77,67.57,-102.92,0.9577,-0.1025,13.37,-1.43,0.58,50.4,50.4,12.6,0.11
3559,23.371,-4.423,14.955,23.511,-4.479,14.98,0.1526,-10.79,67.59,-102.96,0.9518,-0.1023,13.29,-1.43,0.98,50.4,50.4,12.6,-0.03
3560,23.364,-4.416,14.955,23.503,-4.472,14.982,0.1524,-10.77,67.61,-102.99,0.9468,-0.1022,13.22,-1.43,0.98,50.4,50.4,12.6,-0.03
3561,23.357,-4.409,14.955,23.496,-4.466,14.981,0.1525,-10.77,67.63,-103.01,0.9484,-0.102,13.24,-1.42,0.98,50.4,50.4,12.6,-0.03
3562,23.35,-4.402,14.955,23.489,-4.459,14.979,0.1528,-10.74,67.65,-103.05,0.9536,-0.1019,13.31,-1.42,0.98,50.4,50.4,12.6,-0.03
3563,23.342,-4.395,14.955,23.482,-4.452,14.979,0.1527,-10.74,67.68,-103.07,0.9525,-0.1018,13.3,-1.42,0.98,50.4,50.4,12.6,-0.03
3564,23.335,-4.388,14.955,23.475,-4.445,14.979,0.1527,-10.72,67.7,-103.1,0.9522,-0.1017,13.3,-1.42,0.98,50.4,50.4,12.6,-0.03
3565,23.328,-4.381,14.955,23.468,-4.438,14.979,0.1528,-10.7,67.7,-103.14,0.9519,-0.1016,13.29,-1.42,0.98,50.4,50.4,12.6,-0.03
3566,23.321,-4.374,14.955,23.46,-4.431,14.979,0.1528,-10.7,67.72,-103.16,0.9516,-0.1014,13.29,-1.42,0.98,50.4,50.4,12.6,-0.03
3567,23.313,-4.368,14.955,23.453,-4.424,14.979,0.1528,-10.68,67.74,-103.21,0.9513,-0.1013,13.28,-1.41,0.98,50.4,50.4,12.6,-0.03
3568,23.306,-4.361,14.955,23.446,-4.417,14.979,0.1528,-10.68,67.76,-103.23,0.951,-0.1012,13.28,-1.41,0.98,50.4,50.4,12.6,-0.03
3569,23.299,-4.354,14.955,23.439,-4.41,14.979,0.1528,-10.66,67.79,-103.25,0.9508,-0.1011,13.28,-1.41,0.99,50.4,50.4,12.6,-0.03
3570,23.292,-4.347,14.955,23.431,-4.404,14.979,0.1528,-10.63,67.81,-103.29,0.9505,-0.101,13.27,-1.41,0.99,50.4,50.4,12.6,-0.03
3571,23.284,-4.34,14.955,23.424,-4.397,14.979,0.1528,-10.63,67.83,-103.32,0.9502,-0.1008,13.27,-1.41,0.99,50.4,50.4,12.6,-0.03
3572,23.277,-4.333,14.955,23.417,-4.39,14.979,0.1528,-10.61,67.85,-103.34,0.9499,-0.1007,13.26,-1.41,0.99,50.4,50.4,12.6,-0.03
3573,23.27,-4.326,14.955,23.413,-4.37,14.978,0.1511,-10.57,67.85,-103.38,0.9544,-0.1011,13.33,-1.41,0.55,50.4,50.4,12.6,0.12
3574,23.263,-4.319,14.955,23.413,-4.327,14.978,0.1519,-10.48,67.87,-103.4,0.9546,-0.1028,13.33,-1.43,-0.68,50.4,50.4,12.6,0.55
3575,23.255,-4.313,14.955,23.403,-4.333,14.978,0.151,-10.48,67.9,-103.43,0.955,-0.1037,13.33,-1.45,-0.25,50.4,50.4,12.6,0.4
3576,23.248,-4.306,14.955,23.389,-4.362,14.98,0.1534,-10.57,67.92,-103.47,0.9491,-0.1034,13.25,-1.44,0.98,50.4,50.4,12.6,-0.03
3577,23.241,-4.299,14.955,23.381,-4.355,14.982,0.1532,-10.55,67.94,-103.49,0.9441,-0.1033,13.18,-1.44,0.98,50.4,50.4,12.6,-0.03
3578,23.233,-4.292,14.955,23.374,-4.348,14.981,0.1533,-10.55,67.96,-103.51,0.9456,-0.1032,13.2,-1.44,0.98,50.4,50.4,12.6,-0.03
3579,23.226,-4.285,14.955,23.367,-4.342,14.979,0.1536,-10.52,67.98,-103.56,0.9508,-0.1031,13.28,-1.44,0.98,50.4,50.4,12.6,-0.03
3580,23.219,-4.279,14.955,23.36,-4.335,14.979,0.1535,-10.5,67.98,-103.58,0.9497,-0.103,13.26,-1.44,0.98,50.4,50.4,12.6,-0.03
3581,23.212,-4.272,14.955,23.352,-4.328,14.979,0.1535,-10.5,68.01,-103.62,0.9494,-0.1028,13.26,-1.44,0.98,50.4,50.4,12.6,-0.03
3582,23.204,-4.265,14.955,23.345,-4.321,14.979,0.1535,-10.48,68.03,-103.65,0.9491,-0.1027,13.25,-1.43,0.98,50.4,50.4,12.6,-0.03
3583,23.197,-4.258,14.955,23.338,-4.314,14.979,0.1535,-10.48,68.05,-103.67,0.9488,-0.1026,13.25,-1.43,0.98,50.4,50.4,12.6,-0.03
3584,23.19,-4.251,14.955,23.33,-4.307,14.979,0.1535,-10.46,68.07,-103.71,0.9486,-0.1025,13.24,-1.43,0.98,50.4,50.4,12.6,-0.03
3585,23.182,-4.245,14.955,23.323,-4.301,14.979,0.1535,-10.44,68.09,-103.73,0.9483,-0.1024,13.24,-1.43,0.98,50.4,50.4,12.6,-0.03
3586,23.175,-4.238,14.955,23.316,-4.294,14.979,0.1535,-10.44,68.12,-103.75,0.948,-0.1022,13.24,-1.43,0.98,50.4,50.4,12.6,-0.03
3587,23.168,-4.231,14.955,23.309,-4.287,14.979,0.1535,-10.42,68.14,-103.8,0.9477,-0.1021,13.23,-1.43,0.98,50.4,50.4,12.6,-0.03
3588,23.16,-4.224,14.955,23.301,-4.28,14.979,0.1535,-10.42,68.14,-103.82,0.9474,-0.102,13.23,-1.42,0.98,50.4,50.4,12.6,-0.03
3589,23.153,-4.217,14.955,23.294,-4.273,14.979,0.1535,-10.39,68.16,-103.84,0.9471,-0.1019,13.22,-1.42,0.99,50.4,50.4,12.6,-0.03
3590,23.146,-4.211,14.955,23.287,-4.266,14.979,0.1535,-10.39,68.18,-103.89,0.9469,-0.1018,13.22,-1.42,0.99,50.4,50.4,12.6,-0.03
3591,23.138,-4.204,14.955,23.283,-4.244,14.978,0.1516,-10.33,68.2,-103.91,0.9514,-0.1023,13.28,-1.43,0.44,50.4,50.4,12.6,0.16
3592,23.131,-4.197,14.955,23.281,-4.209,14.978,0.1522,-10.24,68.23,-103.93,0.9515,-0.1037,13.29,-1.45,-0.53,50.4,50.4,12.6,0.49
3593,23.124,-4.19,14.955,23.271,-4.218,14.978,0.1516,-10.28,68.25,-103.97,0.9518,-0.1044,13.29,-1.46,0.01,50.4,50.4,12.6,0.3
3594,23.116,-4.183,14.955,23.258,-4.239,14.98,0.1541,-10.33,68.27,-104.0,0.9458,-0.1041,13.21,-1.45,0.98,50.4,50.4,12.6,-0.03
3595,23.109,-4.177,14.955,23.25,-4.232,14.982,0.1539,-10.33,68.29,-104.02,0.9408,-0.104,13.14,-1.45,0.98,50.4,50.4,12.6,-0.03
3596,23.102,-4.17,14.955,23.243,-4.225,14.981,0.154,-10.31,68.31,-104.06,0.9423,-0.1039,13.16,-1.45,0.98,50.4,50.4,12.6,-0.03
3597,23.094,-4.163,14.955,23.236,-4.219,14.979,0.1543,-10.28,68.31,-104.08,0.9476,-0.1038,13.23,-1.45,0.98,50.4,50.4,12.6,-0.03
3598,23.087,-4.157,14.955,23.229,-4.212,14.979,0.1542,-10.28,68.33,-104.13,0.9465,-0.1037,13.22,-1.45,0.98,50.4,50.4,12.6,-0.03
3599,23.08,-4.15,14.955,23.221,-4.205,14.98,0.1542,-10.26,68.36,-104.15,0.9462,-0.1035,13.21,-1.45,0.98,50.4,50.4,12.6,-0.03
3600,23.072,-4.143,14.955,23.214,-4.199,14.98,0.1542,-10.26,68.38,-104.17,0.9459,-0.1034,13.21,-1.44,0.98,50.4,50.4,12.6,-0.03
3601,23.065,-4.136,14.955,23.207,-4.192,14.98,0.1542,-10.24,68.4,-104.22,0.9456,-0.1033,13.2,-1.44,0.98,50.4,50.4,12.6,-0.03
3602,23.057,-4.13,14.955,23.199,-4.185,14.98,0.1543,-10.22,68.42,-104.24,0.9453,-0.1032,13.2,-1.44,0.98,50.4,50.4,12.6,-0.03
3603,23.05,-4.123,14.955,23.192,-4.178,14.98,0.1543,-10.22,68.44,-104.26,0.945,-0.1031,13.2,-1.44,0.98,50.4,50.4,12.6,-0.03
3604,23.043,-4.116,14.955,23.185,-4.171,14.98,0.1543,-10.2,68.44,-104.3,0.9447,-0.103,13.19,-1.44,0.98,50.4,50.4,12.6,-0.03
3605,23.035,-4.109,14.955,23.177,-4.165,14.98,0.1543,-10.2,68.47,-104.33,0.9445,-0.1028,13.19,-1.44,0.98,50.4,50.4,12.6,-0.03
3606,23.028,-4.103,14.955,23.17,-4.158,14.98,0.1543,-10.17,68.49,-104.37,0.9442,-0.1027,13.18,-1.43,0.98,50.4,50.4,12.6,-0.03
3607,23.021,-4.096,14.955,23.162,-4.151,14.98,0.1543,-10.15,68.51,-104.39,0.9439,-0.1026,13.18,-1.43,0.98,50.4,50.4,12.6,-0.03
3608,23.013,-4.089,14.955,23.155,-4.144,14.98,0.1543,-10.15,68.53,-104.41,0.9436,-0.1025,13.18,-1.43,0.99,50.4,50.4,12.6,-0.03
3609,23.006,-4.082,14.955,23.149,-4.134,14.978,0.1538,-10.13,68.55,-104.46,0.9479,-0.1025,13.23,-1.43,0.86,50.4,50.4,12.6,0.02
3610,22.998,-4.076,14.955,23.148,-4.092,14.978,0.1524,-10.02,68.58,-104.48,0.9479,-0.1038,13.24,-1.45,-0.37,50.4,50.4,12.6,0.43
3611,22.991,-4.069,14.955,23.14,-4.089,14.978,0.1525,-10.02,68.58,-104.5,0.9483,-0.1048,13.24,-1.46,-0.24,50.4,50.4,12.6,0.39
3612,22.984,-4.062,14.955,23.126,-4.117,14.981,0.1547,-10.09,68.62,-104.55,0.9424,-0.1045,13.16,-1.46,0.98,50.4,50.4,12.6,-0.03
3613,22.976,-4.056,14.955,23.118,-4.111,14.982,0.1546,-10.09,68.64,-104.57,0.9374,-0.1044,13.09,-1.46,0.98,50.4,50.4,12.6,-0.03
3614,22.969,-4.049,14.955,23.111,-4.104,14.981,0.1546,-10.06,68.64,-104.59,0.9388,-0.1043,13.11,-1.46,0.98,50.4,50.4,12.6,-0.03
3615,22.961,-4.042,14.955,23.104,-4.097,14.979,0.1549,-10.06,68.66,-104.63,0.9441,-0.1042,13.18,-1.45,0.98,50.4,50.4,12.6,-0.03
3616,22.954,-4.036,14.955,23.097,-4.091,14.98,0.1549,-10.04,68.69,-104.66,0.9431,-0.104,13.17,-1.45,0.98,50.4,50.4,12.6,-0.03
3617,22.946,-4.029,14.955,23.089,-4.084,14.98,0.1549,-10.02,68.71,-104.68,0.9427,-0.1039,13.16,-1.45,0.98,50.4,50.4,12.6,-0.03
3618,22.939,-4.022,14.955,23.082,-4.077,14.98,0.1549,-10.02,68.73,-104.72,0.9424,-0.1038,13.16,-1.45,0.98,50.4,50.4,12.6,-0.03
3619,22.932,-4.016,14.955,23.074,-4.07,14.98,0.1549,-10.0,68.75,-104.74,0.9421,-0.1037,13.15,-1.45,0.98,50.4,50.4,12.6,-0.03
3620,22.924,-4.009,14.955,23.067,-4.064,14.98,0.1549,-10.0,68.75,-104.77,0.9419,-0.1036,13.15,-1.45,0.98,50.4,50.4,12.6,-0.03
3621,22.917,-4.002,14.955,23.059,-4.057,14.98,0.1549,-9.98,68.77,-104.81,0.9416,-0.1035,13.15,-1.44,0.98,50.4,50.4,12.6,-0.03
3622,22.909,-3.996,14.955,23.052,-4.05,14.98,0.1549,-9.98,68.8,-104.83,0.9413,-0.1034,13.14,-1.44,0.98,50.4,50.4,12.6,-0.03
3623,22.902,-3.989,14.955,23.045,-4.044,14.98,0.1549,-9.95,68.82,-104.88,0.941,-0.1032,13.14,-1.44,0.98,50.4,50.4,12.6,-0.03
3624,22.894,-3.982,14.955,23.037,-4.037,14.98,0.1549,-9.93,68.84,-104.9,0.9407,-0.1031,13.14,-1.44,0.99,50.4,50.4,12.6,-0.03
3625,22.887,-3.976,14.955,23.03,-4.03,14.98,0.1549,-9.93,68.86,-104.92,0.9405,-0.103,13.13,-1.44,0.99,50.4,50.4,12.6,-0.03
3626,22.88,-3.969,14.955,23.022,-4.024,14.98,0.1549,-9.91,68.88,-104.96,0.9402,-0.1029,13.13,-1.44,0.99,50.4,50.4,12.6,-0.03
3627,22.872,-3.962,14.955,23.015,-4.017,14.98,0.1549,-9.91,68.91,-104.99,0.9399,-0.1028,13.12,-1.44,0.99,50.4,50.4,12.6,-0.03
3628,22.865,-3.956,14.955,23.011,-3.994,14.978,0.153,-9.84,68.91,-105.01,0.9445,-0.1033,13.19,-1.44,0.41,50.4,50.4,12.6,0.17
3629,22.857,-3.949,14.955,23.007,-3.969,14.978,0.1528,-9.8,68.93,-105.05,0.9443,-0.1043,13.19,-1.46,-0.2,50.4,50.4,12.6,0.37
3630,22.85,-3.942,14.955,22.997,-3.979,14.978,0.1533,-9.82,68.95,-105.07,0.9444,-0.1046,13.19,-1.46,0.37,50.4,50.4,12.6,0.18
3631,22.842,-3.936,14.955,22.985,-3.99,14.981,0.1553,-9.84,68.97,-105.1,0.9385,-0.1044,13.1,-1.46,0.98,50.4,50.4,12.6,-0.03
3632,22.835,-3.929,14.955,22.977,-3.983,14.982,0.1551,-9.84,68.99,-105.14,0.9334,-0.1043,13.03,-1.46,0.98,50.4,50.4,12.6,-0.03
3633,22.827,-3.922,14.955,22.97,-3.977,14.982,0.1552,-9.82,69.02,-105.16,0.9349,-0.1042,13.05,-1.46,0.98,50.4,50.4,12.6,-0.03
3634,22.82,-3.916,14.955,22.963,-3.97,14.979,0.1555,-9.8,69.04,-105.18,0.9401,-0.1041,13.13,-1.45,0.98,50.4,50.4,12.6,-0.03
3635,22.812,-3.909,14.955,22.956,-3.963,14.98,0.1554,-9.8,69.06,-105.23,0.9392,-0.104,13.11,-1.45,0.98,50.4,50.4,12.6,-0.03
3636,22.805,-3.903,14.955,22.948,-3.957,14.98,0.1554,-9.78,69.08,-105.25,0.9388,-0.1039,13.11,-1.45,0.98,50.4,50.4,12.6,-0.03
3637,22.797,-3.896,14.955,22.941,-3.95,14.98,0.1554,-9.78,69.08,-105.29,0.9385,-0.1038,13.1,-1.45,0.98,50.4,50.4,12.6,-0.03
3638,22.79,-3.889,14.955,22.933,-3.944,14.98,0.1554,-9.76,69.1,-105.31,0.9382,-0.1036,13.1,-1.45,0.99,50.4,50.4,12.6,-0.03
3639,22.782,-3.883,14.955,22.926,-3.937,14.98,0.1554,-9.73,69.13,-105.34,0.9379,-0.1035,13.1,-1.45,0.99,50.4,50.4,12.6,-0.03
3640,22.775,-3.876,14.955,22.919,-3.93,14.98,0.1554,-9.73,69.15,-105.38,0.9377,-0.1034,13.09,-1.44,0.99,50.4,50.4,12.6,-0.03
3641,22.768,-3.87,14.955,22.911,-3.924,14.98,0.1554,-9.71,69.17,-105.4,0.9374,-0.1033,13.09,-1.44,0.99,50.4,50.4,12.6,-0.03
3642,22.76,-3.863,14.955,22.904,-3.917,14.98,0.1554,-9.71,69.19,-105.42,0.9371,-0.1032,13.08,-1.44,0.99,50.4,50.4,12.6,-0.03
3643,22.753,-3.856,14.955,22.896,-3.91,14.98,0.1554,-9.69,69.21,-105.47,0.9368,-0.1031,13.08,-1.44,0.99,50.4,50.4,12.6,-0.03
3644,22.745,-3.85,14.955,22.889,-3.904,14.98,0.1554,-9.67,69.24,-105.49,0.9365,-0.103,13.08,-1.44,0.99,50.4,50.4,12.6,-0.03
3645,22.738,-3.843,14.955,22.881,-3.897,14.98,0.1554,-9.67,69.24,-105.51,0.9363,-0.1029,13.07,-1.44,0.99,50.4,50.4,12.6,-0.03
3646,22.73,-3.836,14.954,22.874,-3.89,14.98,0.1554,-9.65,69.26,-105.56,0.936,-0.1027,13.07,-1.43,0.99,50.4,50.4,12.6,-0.03
3647,22.723,-3.83,14.954,22.87,-3.867,14.978,0.1536,-9.6,69.28,-105.58,0.9406,-0.1032,13.13,-1.44,0.42,50.4,50.4,12.6,0.17
3648,22.715,-3.823,14.954,22.864,-3.848,14.978,0.1533,-9.56,69.3,-105.6,0.9403,-0.1041,13.13,-1.45,-0.02,50.4,50.4,12.6,0.31
3649,22.708,-3.817,14.954,22.854,-3.858,14.978,0.1542,-9.58,69.32,-105.64,0.9402,-0.1042,13.13,-1.46,0.55,50.4,50.4,12.6,0.12
3650,22.7,-3.81,14.954,22.844,-3.864,14.981,0.1558,-9.6,69.35,-105.67,0.9343,-0.1041,13.05,-1.45,0.99,50.4,50.4,12.6,-0.03
3651,22.693,-3.803,14.954,22.836,-3.857,14.982,0.1556,-9.58,69.37,-105.69,0.9293,-0.1039,12.98,-1.45,0.99,50.4,50.4,12.6,-0.03
3652,22.685,-3.797,14.954,22.829,-3.85,14.982,0.1557,-9.58,69.39,-105.73,0.9307,-0.1038,13.0,-1.45,0.99,50.4,50.4,12.6,-0.03
3653,22.678,-3.79,14.954,22.822,-3.844,14.979,0.1559,-9.56,69.39,-105.75,0.936,-0.1037,13.07,-1.45,0.99,50.4,50.4,12.6,-0.03
3654,22.67,-3.784,14.954,22.814,-3.837,14.98,0.1559,-9.56,69.41,-105.8,0.9351,-0.1036,13.06,-1.45,0.99,50.4,50.4,12.6,-0.03
3655,22.663,-3.777,14.954,22.807,-3.831,14.98,0.1559,-9.54,69.43,-105.82,0.9347,-0.1035,13.05,-1.45,0.99,50.4,50.4,12.6,-0.03
3656,22.655,-3.771,14.954,22.799,-3.824,14.98,0.1559,-9.51,69.46,-105.84,0.9344,-0.1034,13.05,-1.44,0.99,50.4,50.4,12.6,-0.03
3657,22.647,-3.764,14.954,22.792,-3.818,14.98,0.1559,-9.51,69.48,-105.89,0.9341,-0.1033,13.04,-1.44,0.99,50.4,50.4,12.6,-0.03
3658,22.64,-3.757,14.954,22.784,-3.811,14.98,0.1559,-9.49,69.5,-105.91,0.9338,-0.1032,13.04,-1.44,0.99,50.4,50.4,12.6,-0.03
3659,22.632,-3.751,14.954,22.777,-3.804,14.98,0.1559,-9.49,69.52,-105.93,0.9336,-0.1031,13.03,-1.44,0.99,50.4,50.4,12.6,-0.03
3660,22.625,-3.744,14.954,22.769,-3.798,14.98,0.1559,-9.47,69.54,-105.97,0.9333,-0.1029,13.03,-1.44,0.99,50.4,50.4,12.6,-0.03
3661,22.617,-3.738,14.954,22.762,-3.791,14.98,0.1559,-9.45,69.57,-106.0,0.933,-0.1028,13.03,-1.44,0.99,50.4,50.4,12.6,-0.03
3662,22.61,-3.731,14.954,22.754,-3.785,14.98,0.1559,-9.45,69.57,-106.02,0.9327,-0.1027,13.02,-1.43,0.99,50.4,50.4,12.6,-0.03
3663,22.602,-3.725,14.954,22.747,-3.778,14.98,0.1559,-9.43,69.59,-106.06,0.9324,-0.1026,13.02,-1.43,0.99,50.4,50.4,12.6,-0.03
3664,22.595,-3.718,14.954,22.739,-3.771,14.98,0.1559,-9.43,69.61,-106.08,0.9322,-0.1025,13.02,-1.43,0.99,50.4,50.4,12.6,-0.03
3665,22.587,-3.711,14.954,22.732,-3.765,14.98,0.1559,-9.4,69.63,-106.11,0.9319,-0.1024,13.01,-1.43,1.0,50.4,50.4,12.6,-0.03
3666,22.58,-3.705,14.954,22.726,-3.75,14.978,0.1549,-9.36,69.65,-106.15,0.9363,-0.1026,13.07,-1.43,0.7,50.4,50.4,12.6,0.07
3667,22.572,-3.698,14.954,22.721,-3.728,14.978,0.1537,-9.32,69.68,-106.17,0.9359,-0.1032,13.07,-1.44,0.16,50.4,50.4,12.6,0.25
3668,22.565,-3.692,14.954,22.712,-3.73,14.978,0.1543,-9.32,69.7,-106.19,0.9359,-0.1036,13.07,-1.45,0.45,50.4,50.4,12.6,0.16
3669,22.557,-3.685,14.954,22.702,-3.738,14.981,0.1561,-9.36,69.72,-106.24,0.93,-0.1034,12.99,-1.44,0.99,50.4,50.4,12.6,-0.02
3670,22.55,-3.679,14.954,22.694,-3.732,14.982,0.1559,-9.34,69.74,-106.26,0.925,-0.1032,12.92,-1.44,0.99,50.4,50.4,12.6,-0.02
3671,22.542,-3.672,14.954,22.686,-3.725,14.982,0.156,-9.32,69.76,-106.3,0.9264,-0.1031,12.94,-1.44,0.99,50.4,50.4,12.6,-0.02
3672,22.535,-3.666,14.954,22.679,-3.719,14.979,0.1563,-9.32,69.76,-106.33,0.9317,-0.103,13.01,-1.44,0.99,50.4,50.4,12.6,-0.02
3673,22.527,-3.659,14.954,22.672,-3.712,14.98,0.1563,-9.29,69.79,-106.35,0.9308,-0.1029,13.0,-1.44,0.99,50.4,50.4,12.6,-0.02
3674,22.519,-3.653,14.954,22.664,-3.706,14.98,0.1563,-9.29,69.81,-106.39,0.9304,-0.1028,12.99,-1.44,1.0,50.4,50.4,12.6,-0.02
3675,22.512,-3.646,14.954,22.657,-3.699,14.98,0.1563,-9.27,69.83,-106.41,0.9301,-0.1027,12.99,-1.43,1.0,50.4,50.4,12.6,-0.02
3676,22.504,-3.64,14.954,22.649,-3.692,14.98,0.1563,-9.25,69.85,-106.44,0.9298,-0.1026,12.98,-1.43,1.0,50.4,50.4,12.6,-0.02
3677,22.497,-3.633,14.954,22.642,-3.686,14.98,0.1563,-9.25,69.87,-106.48,0.9295,-0.1025,12.98,-1.43,1.0,50.4,50.4,12.6,-0.02
3678,22.489,-3.626,14.954,22.634,-3.679,14.98,0.1563,-9.23,69.9,-106.5,0.9293,-0.1024,12.97,-1.43,1.0,50.4,50.4,12.6,-0.02
3679,22.482,-3.62,14.954,22.627,-3.673,14.98,0.1563,-9.23,69.9,-106.52,0.929,-0.1022,12.97,-1.43,1.0,50.4,50.4,12.6,-0.02
3680,22.474,-3.613,14.954,22.619,-3.666,14.98,0.1563,-9.21,69.92,-106.57,0.9287,-0.1021,12.97,-1.43,1.0,50.4,50.4,12.6,-0.02
3681,22.467,-3.607,14.954,22.611,-3.66,14.98,0.1563,-9.18,69.94,-106.59,0.9284,-0.102,12.96,-1.42,1.0,50.4,50.4,12.6,-0.02
3682,22.459,-3.6,14.954,22.604,-3.653,14.98,0.1563,-9.18,69.96,-106.61,0.9281,-0.1019,12.96,-1.42,1.0,50.4,50.4,12.6,-0.02
3683,22.452,-3.594,14.954,22.596,-3.646,14.98,0.1563,-9.16,69.98,-106.66,0.9279,-0.1018,12.96,-1.42,1.0,50.4,50.4,12.6,-0.02
3684,22.444,-3.587,14.954,22.589,-3.64,14.98,0.1563,-9.16,70.0,-106.68,0.9276,-0.1017,12.95,-1.42,1.0,50.4,50.4,12.6,-0.02
3685,22.436,-3.581,14.954,22.581,-3.633,14.98,0.1563,-9.14,70.03,-106.7,0.9273,-0.1016,12.95,-1.42,1.0,50.4,50.4,12.6,-0.02
3686,22.429,-3.574,14.954,22.577,-3.611,14.978,0.1545,-9.1,70.03,-106.74,0.9319,-0.102,13.01,-1.42,0.44,50.4,50.4,12.6,0.17
3687,22.421,-3.568,14.954,22.57,-3.602,14.978,0.1544,-9.07,70.05,-106.77,0.9314,-0.1025,13.0,-1.43,0.36,50.4,50.4,12.6,0.2
3688,22.414,-3.561,14.954,22.56,-3.611,14.978,0.1563,-9.1,70.07,-106.79,0.9311,-0.1023,13.0,-1.43,0.92,50.4,50.4,12.6,0.0
3689,22.406,-3.555,14.954,22.551,-3.607,14.981,0.1564,-9.1,70.09,-106.83,0.9253,-0.1022,12.92,-1.43,1.0,50.4,50.4,12.6,-0.02
3690,22.399,-3.548,14.954,22.543,-3.6,14.982,0.1562,-9.07,70.11,-106.85,0.9203,-0.1021,12.85,-1.43,1.0,50.4,50.4,12.6,-0.02
3691,22.391,-3.542,14.954,22.536,-3.594,14.982,0.1563,-9.05,70.14,-106.88,0.9217,-0.102,12.87,-1.42,1.0,50.4,50.4,12.6,-0.02
3692,22.383,-3.535,14.954,22.529,-3.588,14.979,0.1566,-9.05,70.16,-106.92,0.9269,-0.1019,12.94,-1.42,1.0,50.4,50.4,12.6,-0.02
3693,22.376,-3.529,14.954,22.521,-3.581,14.98,0.1566,-9.03,70.18,-106.94,0.926,-0.1018,12.93,-1.42,1.0,50.4,50.4,12.6,-0.02
3694,22.368,-3.522,14.954,22.514,-3.574,14.98,0.1566,-9.03,70.2,-106.96,0.9256,-0.1017,12.92,-1.42,1.0,50.4,50.4,12.6,-0.02
3695,22.361,-3.516,14.954,22.506,-3.568,14.98,0.1566,-9.01,70.22,-107.01,0.9253,-0.1016,12.92,-1.42,1.0,50.4,50.4,12.6,-0.02
3696,22.353,-3.509,14.954,22.498,-3.561,14.98,0.1566,-8.99,70.22,-107.03,0.9251,-0.1015,12.92,-1.42,1.01,50.4,50.4,12.6,-0.02
3697,22.346,-3.503,14.954,22.491,-3.555,14.98,0.1566,-8.99,70.25,-107.07,0.9248,-0.1013,12.91,-1.41,1.01,50.4,50.4,12.6,-0.02
3698,22.338,-3.496,14.954,22.483,-3.548,14.98,0.1566,-8.96,70.27,-107.09,0.9245,-0.1012,12.91,-1.41,1.01,50.4,50.4,12.6,-0.02
3699,22.33,-3.49,14.954,22.476,-3.542,14.98,0.1566,-8.96,70.29,-107.12,0.9242,-0.1011,12.9,-1.41,1.01,50.4,50.4,12.6,-0.02
3700,22.323,-3.483,14.954,22.468,-3.535,14.98,0.1566,-8.94,70.31,-107.16,0.9239,-0.101,12.9,-1.41,1.01,50.4,50.4,12.6,-0.02
3701,22.315,-3.477,14.954,22.461,-3.529,14.98,0.1566,-8.92,70.33,-107.18,0.9237,-0.1009,12.9,-1.41,1.01,50.4,50.4,12.6,-0.02
3702,22.308,-3.47,14.954,22.453,-3.522,14.98,0.1566,-8.92,70.36,-107.2,0.9234,-0.1008,12.89,-1.41,1.01,50.4,50.4,12.6,-0.02
3703,22.3,-3.464,14.954,22.445,-3.516,14.98,0.1566,-8.9,70.38,-107.25,0.9231,-0.1007,12.89,-1.41,1.01,50.4,50.4,12.6,-0.02
3704,22.292,-3.457,14.954,22.438,-3.509,14.98,0.1566,-8.9,70.38,-107.27,0.9228,-0.1006,12.89,-1.4,1.01,50.4,50.4,12.6,-0.02
3705,22.285,-3.451,14.954,22.431,-3.501,14.978,0.1565,-8.88,70.4,-107.29,0.9271,-0.1005,12.94,-1.4,0.94,50.4,50.4,12.6,0.0
3706,22.277,-3.444,14.954,22.425,-3.484,14.978,0.155,-8.83,70.42,-107.34,0.9265,-0.1008,12.94,-1.41,0.57,50.4,50.4,12.6,0.13
3707,22.27,-3.438,14.954,22.417,-3.479,14.979,0.1553,-8.81,70.44,-107.36,0.9264,-0.101,12.94,-1.41,0.64,50.4,50.4,12.6,0.11
3708,22.262,-3.431,14.954,22.407,-3.483,14.981,0.1566,-8.83,70.47,-107.38,0.9206,-0.1009,12.85,-1.41,1.01,50.4,50.4,12.6,-0.02
3709,22.255,-3.425,14.954,22.399,-3.476,14.982,0.1564,-8.81,70.49,-107.42,0.9156,-0.1008,12.78,-1.41,1.01,50.4,50.4,12.6,-0.02
3710,22.247,-3.418,14.954,22.392,-3.47,14.982,0.1565,-8.81,70.51,-107.45,0.917,-0.1006,12.8,-1.41,1.01,50.4,50.4,12.6,-0.02
3711,22.239,-3.412,14.954,22.385,-3.463,14.979,0.1568,-8.79,70.53,-107.47,0.9222,-0.1005,12.88,-1.4,1.01,50.4,50.4,12.6,-0.02
3712,22.232,-3.405,14.954,22.377,-3.457,14.98,0.1568,-8.79,70.53,-107.51,0.9213,-0.1004,12.86,-1.4,1.01,50.4,50.4,12.6,-0.02
3713,22.224,-3.399,14.954,22.37,-3.45,14.98,0.1568,-8.77,70.55,-107.53,0.9209,-0.1003,12.86,-1.4,1.01,50.4,50.4,12.6,-0.02
3714,22.217,-3.392,14.954,22.362,-3.444,14.98,0.1568,-8.75,70.58,-107.56,0.9206,-0.1002,12.85,-1.4,1.01,50.4,50.4,12.6,-0.02
3715,22.209,-3.386,14.954,22.355,-3.437,14.98,0.1568,-8.75,70.6,-107.6,0.9204,-0.1001,12.85,-1.4,1.02,50.4,50.4,12.6,-0.02
3716,22.201,-3.379,14.954,22.347,-3.431,14.98,0.1568,-8.72,70.62,-107.62,0.9201,-0.1,12.85,-1.4,1.02,50.4,50.4,12.6,-0.02
3717,22.194,-3.373,14.954,22.34,-3.424,14.98,0.1568,-8.72,70.64,-107.64,0.9198,-0.0999,12.84,-1.39,1.02,50.4,50.4,12.6,-0.02
3718,22.186,-3.366,14.954,22.332,-3.418,14.98,0.1568,-8.7,70.66,-107.69,0.9195,-0.0998,12.84,-1.39,1.02,50.4,50.4,12.6,-0.02
3719,22.179,-3.36,14.954,22.324,-3.411,14.98,0.1568,-8.68,70.69,-107.71,0.9193,-0.0997,12.84,-1.39,1.02,50.4,50.4,12.6,-0.02
3720,22.171,-3.353,14.954,22.317,-3.405,14.98,0.1568,-8.68,70.71,-107.73,0.919,-0.0995,12.83,-1.39,1.02,50.4,50.4,12.6,-0.02
3721,22.163,-3.347,14.954,22.309,-3.398,14.98,0.1568,-8.66,70.71,-107.78,0.9187,-0.0994,12.83,-1.39,1.02,50.4,50.4,12.6,-0.02
3722,22.156,-3.34,14.954,22.302,-3.392,14.98,0.1568,-8.66,70.73,-107.8,0.9184,-0.0993,12.82,-1.39,1.02,50.4,50.4,12.6,-0.02
3723,22.148,-3.334,14.954,22.294,-3.385,14.98,0.1568,-8.64,70.75,-107.82,0.9182,-0.0992,12.82,-1.39,1.02,50.4,50.4,12.6,-0.02
3724,22.141,-3.327,14.954,22.286,-3.379,14.98,0.1568,-8.61,70.77,-107.86,0.9179,-0.0991,12.82,-1.38,1.02,50.4,50.4,12.6,-0.02
3725,22.133,-3.321,14.954,22.28,-3.371,14.978,0.1567,-8.61,70.8,-107.89,0.9221,-0.0991,12.88,-1.38,0.97,50.4,50.4,12.6,-0.0
3726,22.125,-3.314,14.954,22.273,-3.359,14.978,0.1559,-8.57,70.82,-107.91,0.9214,-0.0992,12.87,-1.38,0.78,50.4,50.4,12.6,0.07
3727,22.118,-3.308,14.954,22.265,-3.354,14.979,0.1562,-8.57,70.84,-107.95,0.9213,-0.0992,12.86,-1.38,0.84,50.4,50.4,12.6,0.05
3728,22.11,-3.301,14.954,22.256,-3.353,14.981,0.1567,-8.57,70.86,-107.97,0.9154,-0.0991,12.78,-1.38,1.02,50.4,50.4,12.6,-0.02
3729,22.103,-3.295,14.954,22.248,-3.346,14.982,0.1565,-8.55,70.88,-108.0,0.9104,-0.0989,12.71,-1.38,1.02,50.4,50.4,12.6,-0.02
3730,22.095,-3.288,14.954,22.24,-3.34,14.982,0.1566,-8.55,70.91,-108.04,0.9118,-0.0988,12.73,-1.38,1.02,50.4,50.4,12.6,-0.02
3731,22.087,-3.282,14.954,22.233,-3.333,14.979,0.1569,-8.53,70.91,-108.06,0.9171,-0.0987,12.8,-1.38,1.03,50.4,50.4,12.6,-0.02
3732,22.08,-3.275,14.954,22.226,-3.327,14.98,0.1569,-8.5,70.93,-108.08,0.9161,-0.0986,12.79,-1.38,1.03,50.4,50.4,12.6,-0.02
3733,22.072,-3.269,14.954,22.218,-3.32,14.98,0.1569,-8.5,70.95,-108.13,0.9157,-0.0985,12.79,-1.38,1.03,50.4,50.4,12.6,-0.02
3734,22.065,-3.262,14.954,22.211,-3.314,14.98,0.1569,-8.48,70.97,-108.15,0.9155,-0.0984,12.78,-1.37,1.03,50.4,50.4,12.6,-0.02
3735,22.057,-3.256,14.954,22.203,-3.307,14.98,0.1569,-8.48,70.99,-108.17,0.9152,-0.0983,12.78,-1.37,1.03,50.4,50.4,12.6,-0.02
3736,22.049,-3.25,14.954,22.195,-3.301,14.98,0.1569,-8.46,71.02,-108.22,0.9149,-0.0982,12.77,-1.37,1.03,50.4,50.4,12.6,-0.02
3737,22.042,-3.243,14.954,22.188,-3.294,14.98,0.1569,-8.44,71.04,-108.24,0.9147,-0.0981,12.77,-1.37,1.03,50.4,50.4,12.6,-0.02
3738,22.034,-3.237,14.954,22.18,-3.288,14.98,0.1569,-8.44,71.04,-108.26,0.9144,-0.098,12.77,-1.37,1.03,50.4,50.4,12.6,-0.02
3739,22.027,-3.23,14.954,22.173,-3.281,14.98,0.1569,-8.42,71.06,-108.3,0.9141,-0.0978,12.76,-1.37,1.03,50.4,50.4,12.6,-0.02
3740,22.019,-3.224,14.954,22.165,-3.275,14.98,0.1569,-8.39,71.08,-108.33,0.9138,-0.0977,12.76,-1.36,1.03,50.4,50.4,12.6,-0.02
3741,22.011,-3.217,14.954,22.157,-3.268,14.98,0.1569,-8.39,71.1,-108.35,0.9136,-0.0976,12.76,-1.36,1.03,50.4,50.4,12.6,-0.02
3742,22.004,-3.211,14.954,22.15,-3.262,14.98,0.1569,-8.37,71.13,-108.39,0.9133,-0.0975,12.75,-1.36,1.03,50.4,50.4,12.6,-0.02
3743,21.996,-3.204,14.954,22.142,-3.255,14.98,0.1569,-8.37,71.15,-108.41,0.913,-0.0974,12.75,-1.36,1.03,50.4,50.4,12.6,-0.02
3744,21.989,-3.198,14.954,22.135,-3.249,14.98,0.1569,-8.35,71.17,-108.44,0.9127,-0.0973,12.74,-1.36,1.03,50.4,50.4,12.6,-0.02
3745,21.981,-3.191,14.954,22.128,-3.242,14.978,0.1571,-8.33,71.17,-108.48,0.917,-0.0972,12.8,-1.36,1.03,50.4,50.4,12.6,-0.02
3746,21.973,-3.185,14.954,22.12,-3.235,14.978,0.1569,-8.33,71.19,-108.5,0.9161,-0.0971,12.79,-1.36,1.01,50.4,50.4,12.6,0.01
3747,21.966,-3.178,14.954,22.112,-3.228,14.979,0.1569,-8.31,71.21,-108.52,0.9159,-0.097,12.79,-1.35,1.01,50.4,50.4,12.6,0.0
3748,21.958,-3.172,14.954,22.104,-3.223,14.981,0.1568,-8.31,71.24,-108.57,0.91,-0.0969,12.71,-1.35,1.04,50.4,50.4,12.6,-0.02
3749,21.951,-3.165,14.954,22.096,-3.216,14.982,0.1566,-8.28,71.26,-108.59,0.905,-0.0968,12.64,-1.35,1.04,50.4,50.4,12.6,-0.02
3750,21.943,-3.159,14.954,22.089,-3.209,14.982,0.1566,-8.26,71.28,-108.61,0.9065,-0.0967,12.66,-1.35,1.04,50.4,50.4,12.6,-0.02
3751,21.935,-3.152,14.953,22.082,-3.203,14.979,0.1569,-8.26,71.3,-108.65,0.9117,-0.0966,12.73,-1.35,1.04,50.4,50.4,12.6,-0.02
3752,21.928,-3.146,14.953,22.074,-3.197,14.98,0.1569,-8.24,71.32,-108.68,0.9107,-0.0964,12.72,-1.35,1.04,50.4,50.4,12.6,-0.02
3753,21.92,-3.139,14.953,22.066,-3.19,14.98,0.1569,-8.22,71.35,-108.7,0.9104,-0.0963,12.71,-1.35,1.04,50.4,50.4,12.6,-0.02
3754,21.913,-3.133,14.953,22.059,-3.184,14.98,0.1569,-8.22,71.37,-108.72,0.9101,-0.0962,12.71,-1.34,1.04,50.4,50.4,12.6,-0.02
3755,21.905,-3.126,14.953,22.051,-3.177,14.98,0.1569,-8.2,71.37,-108.76,0.9098,-0.0961,12.7,-1.34,1.04,50.4,50.4,12.6,-0.02
3756,21.897,-3.12,14.953,22.044,-3.171,14.98,0.1569,-8.17,71.39,-108.79,0.9096,-0.096,12.7,-1.34,1.04,50.4,50.4,12.6,-0.02
3757,21.89,-3.114,14.953,22.036,-3.164,14.98,0.1569,-8.17,71.41,-108.81,0.9093,-0.0959,12.7,-1.34,1.04,50.4,50.4,12.6,-0.02
3758,21.882,-3.107,14.953,22.028,-3.158,14.98,0.1569,-8.15,71.43,-108.85,0.909,-0.0958,12.69,-1.34,1.04,50.4,50.4,12.6,-0.02
3759,21.875,-3.101,14.953,22.021,-3.151,14.98,0.1569,-8.15,71.46,-108.87,0.9088,-0.0957,12.69,-1.34,1.05,50.4,50.4,12.6,-0.02
3760,21.867,-3.094,14.953,22.013,-3.145,14.98,0.1569,-8.13,71.48,-108.9,0.9085,-0.0956,12.68,-1.33,1.05,50.4,50.4,12.6,-0.02
3761,21.859,-3.088,14.953,22.006,-3.138,14.98,0.1569,-8.11,71.5,-108.94,0.9082,-0.0955,12.68,-1.33,1.05,50.4,50.4,12.6,-0.02
3762,21.852,-3.081,14.953,21.998,-3.132,14.98,0.1569,-8.11,71.52,-108.96,0.9079,-0.0954,12.68,-1.33,1.05,50.4,50.4,12.6,-0.02
3763,21.844,-3.075,14.953,21.99,-3.125,14.98,0.1569,-8.09,71.52,-108.98,0.9077,-0.0952,12.67,-1.33,1.05,50.4,50.4,12.6,-0.02
3764,21.837,-3.068,14.953,21.983,-3.119,14.98,0.1569,-8.06,71.54,-109.03,0.9074,-0.0951,12.67,-1.33,1.05,50.4,50.4,12.6,-0.02
3765,21.829,-3.062,14.953,21.975,-3.112,14.98,0.1569,-8.06,71.56,-109.05,0.9071,-0.095,12.67,-1.33,1.05,50.4,50.4,12.6,-0.02
3766,21.821,-3.055,14.953,21.966,-3.11,14.982,0.1575,-8.06,71.59,-109.07,0.9013,-0.0947,12.58,-1.32,1.22,50.4,50.4,12.6,-0.05
3767,21.814,-3.049,14.953,21.958,-3.104,14.983,0.1574,-8.04,71.61,-109.12,0.8963,-0.0944,12.51,-1.32,1.24,50.4,50.4,12.6,-0.06
3768,21.806,-3.042,14.953,21.952,-3.093,14.981,0.1568,-8.02,71.63,-109.14,0.9025,-0.0943,12.6,-1.32,1.08,50.4,50.4,12.6,-0.03
3769,21.799,-3.036,14.953,21.945,-3.086,14.979,0.1569,-8.0,71.65,-109.16,0.907,-0.0942,12.66,-1.32,1.05,50.4,50.4,12.6,-0.02
3770,21.791,-3.029,14.953,21.938,-3.08,14.978,0.157,-8.0,71.65,-109.2,0.91,-0.0941,12.71,-1.31,1.06,50.4,50.4,12.6,-0.02
3771,21.783,-3.023,14.953,21.93,-3.073,14.978,0.157,-7.98,71.67,-109.23,0.9091,-0.094,12.69,-1.31,1.06,50.4,50.4,12.6,-0.02
3772,21.776,-3.016,14.953,21.922,-3.067,14.978,0.157,-7.95,71.7,-109.25,0.9089,-0.0939,12.69,-1.31,1.06,50.4,50.4,12.6,-0.02
3773,21.768,-3.01,14.953,21.915,-3.06,14.978,0.157,-7.95,71.72,-109.27,0.9086,-0.0938,12.69,-1.31,1.06,50.4,50.4,12.6,-0.02
3774,21.761,-3.003,14.953,21.907,-3.054,14.979,0.1569,-7.93,71.74,-109.31,0.9075,-0.0937,12.67,-1.31,1.06,50.4,50.4,12.6,-0.02
3775,21.753,-2.997,14.953,21.899,-3.047,14.98,0.1567,-7.91,71.76,-109.34,0.9037,-0.0936,12.62,-1.31,1.06,50.4,50.4,12.6,-0.02
3776,21.745,-2.99,14.953,21.892,-3.04,14.98,0.1568,-7.91,71.78,-109.36,0.904,-0.0935,12.62,-1.31,1.06,50.4,50.4,12.6,-0.02
3777,21.738,-2.984,14.953,21.884,-3.034,14.98,0.1568,-7.89,71.81,-109.4,0.9037,-0.0934,12.62,-1.3,1.06,50.4,50.4,12.6,-0.02
3778,21.73,-2.977,14.953,21.876,-3.027,14.98,0.1568,-7.89,71.83,-109.42,0.9034,-0.0932,12.61,-1.3,1.06,50.4,50.4,12.6,-0.02
3779,21.723,-2.971,14.953,21.869,-3.021,14.98,0.1568,-7.87,71.83,-109.45,0.9032,-0.0931,12.61,-1.3,1.06,50.4,50.4,12.6,-0.02
3780,21.715,-2.964,14.953,21.861,-3.014,14.98,0.1568,-7.84,71.85,-109.49,0.9029,-0.093,12.61,-1.3,1.06,50.4,50.4,12.6,-0.02
3781,21.707,-2.958,14.953,21.854,-3.008,14.98,0.1568,-7.84,71.87,-109.51,0.9026,-0.0929,12.6,-1.3,1.06,50.4,50.4,12.6,-0.02
3782,21.7,-2.952,14.953,21.846,-3.001,14.98,0.1568,-7.82,71.89,-109.53,0.9024,-0.0928,12.6,-1.3,1.06,50.4,50.4,12.6,-0.02
3783,21.692,-2.945,14.953,21.838,-2.995,14.98,0.1568,-7.8,71.92,-109.58,0.9021,-0.0927,12.6,-1.29,1.07,50.4,50.4,12.6,-0.02
3784,21.685,-2.939,14.953,21.831,-2.988,14.98,0.1568,-7.8,71.94,-109.6,0.9018,-0.0926,12.59,-1.29,1.07,50.4,50.4,12.6,-0.02
3785,21.677,-2.932,14.953,21.823,-2.982,14.98,0.1568,-7.78,71.96,-109.62,0.9015,-0.0925,12.59,-1.29,1.07,50.4,50.4,12.6,-0.02
3786,21.669,-2.926,14.953,21.814,-2.981,14.982,0.1576,-7.78,71.98,-109.67,0.8957,-0.0922,12.51,-1.29,1.27,50.4,50.4,12.6,-0.07
3787,21.662,-2.919,14.953,21.805,-2.98,14.983,0.1588,-7.78,72.0,-109.69,0.8907,-0.0916,12.44,-1.28,1.49,50.4,50.4,12.6,-0.13
3788,21.654,-2.913,14.953,21.798,-2.968,14.985,0.1573,-7.76,72.03,-109.71,0.8857,-0.0914,12.37,-1.28,1.29,50.4,50.4,12.6,-0.08
3789,21.647,-2.906,14.953,21.792,-2.956,14.982,0.1563,-7.73,72.03,-109.73,0.8919,-0.0913,12.45,-1.27,1.07,50.4,50.4,12.6,-0.02
3790,21.639,-2.9,14.953,21.785,-2.949,14.98,0.1565,-7.71,72.05,-109.78,0.8964,-0.0912,12.52,-1.27,1.07,50.4,50.4,12.6,-0.02
3791,21.632,-2.893,14.953,21.778,-2.943,14.978,0.1568,-7.69,72.07,-109.8,0.901,-0.0911,12.58,-1.27,1.07,50.4,50.4,12.6,-0.02
3792,21.624,-2.887,14.953,21.771,-2.936,14.977,0.1569,-7.69,72.09,-109.82,0.9036,-0.091,12.62,-1.27,1.08,50.4,50.4,12.6,-0.02
3793,21.616,-2.88,14.953,21.763,-2.93,14.978,0.1569,-7.67,72.09,-109.86,0.9028,-0.0909,12.6,-1.27,1.08,50.4,50.4,12.6,-0.02
3794,21.609,-2.874,14.953,21.756,-2.923,14.978,0.1568,-7.65,72.11,-109.89,0.9025,-0.0907,12.6,-1.27,1.08,50.4,50.4,12.6,-0.02
3795,21.601,-2.867,14.953,21.748,-2.917,14.978,0.1568,-7.65,72.14,-109.91,0.9022,-0.0906,12.6,-1.27,1.08,50.4,50.4,12.6,-0.02
3796,21.594,-2.861,14.953,21.74,-2.91,14.978,0.1568,-7.62,72.16,-109.95,0.902,-0.0905,12.59,-1.26,1.08,50.4,50.4,12.6,-0.02
3797,21.586,-2.854,14.953,21.733,-2.904,14.978,0.1568,-7.6,72.18,-109.97,0.9017,-0.0904,12.59,-1.26,1.08,50.4,50.4,12.6,-0.02
3798,21.578,-2.848,14.953,21.725,-2.897,14.978,0.1568,-7.6,72.2,-110.0,0.9014,-0.0903,12.59,-1.26,1.08,50.4,50.4,12.6,-0.02
3799,21.571,-2.841,14.953,21.718,-2.891,14.978,0.1568,-7.58,72.22,-110.02,0.9011,-0.0902,12.58,-1.26,1.08,50.4,50.4,12.6,-0.02
3800,21.563,-2.835,14.953,21.71,-2.884,14.978,0.1568,-7.56,72.25,-110.06,0.9009,-0.0901,12.58,-1.26,1.08,50.4,50.4,12.6,-0.02
3801,21.556,-2.828,14.953,21.702,-2.877,14.978,0.1567,-7.56,72.27,-110.08,0.9006,-0.09,12.57,-1.26,1.08,50.4,50.4,12.6,-0.02
3802,21.548,-2.822,14.953,21.695,-2.871,14.979,0.1566,-7.54,72.27,-110.1,0.8987,-0.0899,12.55,-1.25,1.08,50.4,50.4,12.6,-0.02
3803,21.541,-2.815,14.953,21.687,-2.864,14.98,0.1565,-7.51,72.29,-110.15,0.8959,-0.0898,12.51,-1.25,1.08,50.4,50.4,12.6,-0.02
3804,21.533,-2.809,14.953,21.679,-2.858,14.98,0.1565,-7.51,72.31,-110.17,0.896,-0.0896,12.51,-1.25,1.09,50.4,50.4,12.6,-0.02
3805,21.525,-2.802,14.953,21.672,-2.851,14.98,0.1565,-7.49,72.33,-110.19,0.8957,-0.0895,12.51,-1.25,1.09,50.4,50.4,12.6,-0.02
3806,21.518,-2.796,14.953,21.664,-2.845,14.98,0.1565,-7.47,72.36,-110.24,0.8955,-0.0894,12.5,-1.25,1.09,50.4,50.4,12.6,-0.02
3807,21.51,-2.789,14.953,21.653,-2.856,14.982,0.1604,-7.51,72.38,-110.26,0.8896,-0.0886,12.42,-1.24,1.74,50.4,50.4,12.6,-0.2
3808,21.503,-2.783,14.953,21.645,-2.849,14.983,0.1602,-7.49,72.4,-110.28,0.8846,-0.0879,12.35,-1.23,1.75,50.4,50.4,12.6,-0.21
3809,21.495,-2.776,14.953,21.641,-2.825,14.981,0.1561,-7.45,72.42,-110.3,0.8908,-0.0879,12.44,-1.23,1.1,50.4,50.4,12.6,-0.02
3810,21.488,-2.769,14.953,21.634,-2.819,14.979,0.1564,-7.43,72.42,-110.35,0.8954,-0.0878,12.5,-1.23,1.1,50.4,50.4,12.6,-0.02
3811,21.48,-2.763,14.953,21.626,-2.812,14.978,0.1565,-7.4,72.44,-110.37,0.8977,-0.0877,12.53,-1.22,1.1,50.4,50.4,12.6,-0.02
3812,21.472,-2.756,14.953,21.619,-2.806,14.978,0.1564,-7.4,72.47,-110.39,0.8969,-0.0876,12.52,-1.22,1.1,50.4,50.4,12.6,-0.02
3813,21.465,-2.75,14.953,21.611,-2.799,14.978,0.1564,-7.38,72.49,-110.43,0.8967,-0.0875,12.52,-1.22,1.1,50.4,50.4,12.6,-0.02
3814,21.457,-2.743,14.953,21.604,-2.792,14.978,0.1564,-7.36,72.51,-110.46,0.8964,-0.0874,12.52,-1.22,1.1,50.4,50.4,12.6,-0.02
3815,21.45,-2.737,14.953,21.596,-2.786,14.979,0.1563,-7.36,72.53,-110.48,0.8932,-0.0873,12.47,-1.22,1.1,50.4,50.4,12.6,-0.02
3816,21.442,-2.73,14.953,21.588,-2.779,14.98,0.1562,-7.34,72.55,-110.5,0.8919,-0.0872,12.45,-1.22,1.1,50.4,50.4,12.6,-0.02
3817,21.435,-2.724,14.953,21.581,-2.773,14.98,0.1562,-7.32,72.58,-110.54,0.8918,-0.0871,12.45,-1.22,1.1,50.4,50.4,12.6,-0.02
3818,21.427,-2.717,14.953,21.573,-2.766,14.98,0.1562,-7.32,72.6,-110.57,0.8916,-0.0869,12.45,-1.21,1.1,50.4,50.4,12.6,-0.02
3819,21.42,-2.711,14.953,21.565,-2.76,14.98,0.1562,-7.29,72.6,-110.59,0.8913,-0.0868,12.44,-1.21,1.1,50.4,50.4,12.6,-0.02
3820,21.412,-2.704,14.953,21.558,-2.753,14.98,0.1562,-7.27,72.62,-110.63,0.891,-0.0867,12.44,-1.21,1.1,50.4,50.4,12.6,-0.02
3821,21.404,-2.698,14.953,21.55,-2.746,14.98,0.1562,-7.27,72.64,-110.65,0.8908,-0.0866,12.44,-1.21,1.1,50.4,50.4,12.6,-0.02
3822,21.397,-2.691,14.953,21.543,-2.74,14.98,0.1562,-7.25,72.66,-110.68,0.8905,-0.0865,12.43,-1.21,1.1,50.4,50.4,12.6,-0.02
3823,21.389,-2.685,14.953,21.535,-2.733,14.98,0.1562,-7.23,72.69,-110.7,0.8902,-0.0864,12.43,-1.21,1.11,50.4,50.4,12.6,-0.02
3824,21.382,-2.678,14.953,21.528,-2.727,14.98,0.1562,-7.23,72.71,-110.74,0.8899,-0.0863,12.43,-1.2,1.11,50.4,50.4,12.6,-0.02
3825,21.374,-2.672,14.953,21.52,-2.72,14.98,0.1562,-7.21,72.73,-110.76,0.8897,-0.0862,12.42,-1.2,1.11,50.4,50.4,12.6,-0.02
3826,21.367,-2.665,14.953,21.513,-2.714,14.98,0.1562,-7.19,72.73,-110.79,0.8894,-0.0861,12.42,-1.2,1.11,50.4,50.4,12.6,-0.02
3827,21.359,-2.658,14.953,21.503,-2.718,14.982,0.1583,-7.21,72.77,-110.83,0.8836,-0.0855,12.34,-1.19,1.52,50.4,50.4,12.6,-0.14
3828,21.352,-2.652,14.953,21.493,-2.724,14.983,0.1619,-7.23,72.8,-110.85,0.8786,-0.0845,12.27,-1.18,2.01,50.4,50.4,12.6,-0.29
3829,21.344,-2.645,14.953,21.486,-2.707,14.984,0.1583,-7.19,72.82,-110.87,0.8736,-0.0841,12.2,-1.17,1.61,50.4,50.4,12.6,-0.17
3830,21.337,-2.639,14.953,21.481,-2.687,14.982,0.1555,-7.14,72.82,-110.9,0.8798,-0.084,12.28,-1.17,1.12,50.4,50.4,12.6,-0.02
3831,21.329,-2.632,14.953,21.474,-2.681,14.98,0.1557,-7.12,72.84,-110.94,0.8843,-0.0839,12.35,-1.17,1.12,50.4,50.4,12.6,-0.02
3832,21.322,-2.626,14.953,21.468,-2.674,14.978,0.156,-7.1,72.86,-110.96,0.8889,-0.0838,12.41,-1.17,1.12,50.4,50.4,12.6,-0.02
3833,21.314,-2.619,14.953,21.46,-2.668,14.977,0.1561,-7.08,72.86,-110.98,0.8908,-0.0837,12.44,-1.17,1.12,50.4,50.4,12.6,-0.02
3834,21.306,-2.612,14.953,21.453,-2.661,14.978,0.156,-7.08,72.88,-111.03,0.89,-0.0836,12.43,-1.17,1.12,50.4,50.4,12.6,-0.02
3835,21.299,-2.606,14.953,21.445,-2.654,14.978,0.156,-7.05,72.91,-111.05,0.8898,-0.0835,12.42,-1.17,1.12,50.4,50.4,12.6,-0.02
3836,21.291,-2.599,14.953,21.438,-2.648,14.978,0.156,-7.03,72.93,-111.07,0.8895,-0.0834,12.42,-1.16,1.12,50.4,50.4,12.6,-0.02
3837,21.284,-2.593,14.953,21.43,-2.641,14.978,0.156,-7.03,72.95,-111.09,0.8892,-0.0832,12.42,-1.16,1.12,50.4,50.4,12.6,-0.02
3838,21.276,-2.586,14.953,21.422,-2.635,14.978,0.156,-7.01,72.97,-111.14,0.889,-0.0831,12.41,-1.16,1.12,50.4,50.4,12.6,-0.02
3839,21.269,-2.58,14.953,21.415,-2.628,14.978,0.156,-6.99,72.99,-111.16,0.8887,-0.083,12.41,-1.16,1.13,50.4,50.4,12.6,-0.02
3840,21.261,-2.573,14.953,21.407,-2.621,14.978,0.1559,-6.99,72.99,-111.18,0.8884,-0.0829,12.4,-1.16,1.13,50.4,50.4,12.6,-0.02
3841,21.254,-2.566,14.953,21.4,-2.615,14.978,0.1559,-6.97,73.02,-111.2,0.8882,-0.0828,12.4,-1.16,1.13,50.4,50.4,12.6,-0.02
3842,21.246,-2.56,14.953,21.392,-2.608,14.978,0.1559,-6.94,73.04,-111.25,0.8878,-0.0827,12.4,-1.15,1.13,50.4,50.4,12.6,-0.02
3843,21.239,-2.553,14.953,21.384,-2.602,14.98,0.1557,-6.94,73.06,-111.27,0.8832,-0.0826,12.33,-1.15,1.13,50.4,50.4,12.6,-0.02
3844,21.231,-2.547,14.953,21.377,-2.595,14.98,0.1557,-6.92,73.08,-111.29,0.8836,-0.0825,12.34,-1.15,1.13,50.4,50.4,12.6,-0.02
3845,21.224,-2.54,14.953,21.369,-2.588,14.98,0.1557,-6.9,73.1,-111.34,0.8834,-0.0823,12.33,-1.15,1.13,50.4,50.4,12.6,-0.02
3846,21.216,-2.534,14.953,21.362,-2.582,14.98,0.1557,-6.9,73.12,-111.36,0.8831,-0.0822,12.33,-1.15,1.13,50.4,50.4,12.6,-0.02
3847,21.209,-2.527,14.953,21.354,-2.575,14.98,0.1557,-6.88,73.15,-111.38,0.8828,-0.0821,12.33,-1.15,1.13,50.4,50.4,12.6,-0.02
3848,21.201,-2.52,14.953,21.343,-2.595,14.981,0.1626,-6.94,73.17,-111.4,0.877,-0.081,12.25,-1.13,2.14,50.4,50.4,12.6,-0.33
3849,21.194,-2.514,14.953,21.334,-2.592,14.983,0.1636,-6.92,73.19,-111.45,0.872,-0.0798,12.18,-1.11,2.28,50.4,50.4,12.6,-0.37
3850,21.186,-2.507,14.953,21.329,-2.559,14.984,0.1554,-6.83,73.21,-111.47,0.867,-0.0797,12.11,-1.11,1.29,50.4,50.4,12.6,-0.07
3851,21.179,-2.501,14.953,21.323,-2.549,14.982,0.1549,-6.81,73.21,-111.49,0.8732,-0.0796,12.19,-1.11,1.14,50.4,50.4,12.6,-0.02
3852,21.171,-2.494,14.953,21.316,-2.542,14.98,0.1551,-6.81,73.23,-111.51,0.8777,-0.0795,12.26,-1.11,1.15,50.4,50.4,12.6,-0.02
3853,21.164,-2.487,14.953,21.309,-2.536,14.978,0.1554,-6.79,73.26,-111.56,0.8823,-0.0794,12.32,-1.11,1.15,50.4,50.4,12.6,-0.02
3854,21.156,-2.481,14.953,21.302,-2.529,14.977,0.1555,-6.77,73.26,-111.58,0.8838,-0.0793,12.34,-1.11,1.15,50.4,50.4,12.6,-0.02
3855,21.149,-2.474,14.953,21.294,-2.522,14.978,0.1554,-6.75,73.28,-111.6,0.8831,-0.0792,12.33,-1.11,1.15,50.4,50.4,12.6,-0.02
3856,21.141,-2.468,14.953,21.287,-2.516,14.978,0.1554,-6.75,73.3,-111.64,0.8829,-0.0791,12.33,-1.1,1.15,50.4,50.4,12.6,-0.02
3857,21.134,-2.461,14.953,21.279,-2.509,14.978,0.1554,-6.72,73.32,-111.67,0.8826,-0.0789,12.32,-1.1,1.15,50.4,50.4,12.6,-0.02
3858,21.126,-2.454,14.953,21.272,-2.502,14.978,0.1554,-6.7,73.34,-111.69,0.8823,-0.0788,12.32,-1.1,1.15,50.4,50.4,12.6,-0.02
3859,21.119,-2.448,14.953,21.264,-2.496,14.978,0.1553,-6.7,73.37,-111.71,0.8821,-0.0787,12.32,-1.1,1.15,50.4,50.4,12.6,-0.02
3860,21.111,-2.441,14.953,21.257,-2.489,14.978,0.1553,-6.68,73.39,-111.75,0.8818,-0.0786,12.31,-1.1,1.15,50.4,50.4,12.6,-0.02
3861,21.104,-2.434,14.953,21.249,-2.482,14.978,0.1553,-6.66,73.41,-111.77,0.8815,-0.0785,12.31,-1.1,1.15,50.4,50.4,12.6,-0.02
3862,21.096,-2.428,14.953,21.242,-2.476,14.978,0.1553,-6.66,73.41,-111.8,0.8812,-0.0784,12.3,-1.09,1.15,50.4,50.4,12.6,-0.02
3863,21.089,-2.421,14.952,21.234,-2.469,14.979,0.1552,-6.64,73.43,-111.82,0.8788,-0.0783,12.27,-1.09,1.15,50.4,50.4,12.6,-0.02
3864,21.081,-2.415,14.952,21.226,-2.462,14.98,0.1551,-6.61,73.45,-111.86,0.8767,-0.0782,12.24,-1.09,1.16,50.4,50.4,12.6,-0.02
3865,21.074,-2.408,14.952,21.219,-2.456,14.98,0.1551,-6.59,73.48,-111.88,0.8767,-0.078,12.24,-1.09,1.16,50.4,50.4,12.6,-0.02
3866,21.067,-2.401,14.952,21.212,-2.449,14.98,0.1551,-6.59,73.5,-111.91,0.8765,-0.0779,12.24,-1.09,1.16,50.4,50.4,12.6,-0.02
3867,21.059,-2.395,14.952,21.204,-2.442,14.98,0.1551,-6.57,73.52,-111.93,0.8762,-0.0778,12.23,-1.09,1.16,50.4,50.4,12.6,-0.02
3868,21.052,-2.388,14.952,21.195,-2.446,14.981,0.1573,-6.59,73.54,-111.97,0.8704,-0.0773,12.15,-1.08,1.57,50.4,50.4,12.6,-0.15
3869,21.044,-2.381,14.952,21.183,-2.466,14.983,0.1657,-6.64,73.56,-111.99,0.8654,-0.0757,12.08,-1.06,2.56,50.4,50.4,12.6,-0.47
3870,21.037,-2.375,14.952,21.177,-2.449,14.984,0.1612,-6.59,73.59,-112.02,0.8604,-0.0748,12.01,-1.04,2.16,50.4,50.4,12.6,-0.34
3871,21.029,-2.368,14.952,21.173,-2.416,14.981,0.1542,-6.5,73.61,-112.04,0.8666,-0.0748,12.1,-1.04,1.17,50.4,50.4,12.6,-0.02
3872,21.022,-2.361,14.952,21.166,-2.409,14.979,0.1544,-6.5,73.61,-112.08,0.8711,-0.0747,12.16,-1.04,1.17,50.4,50.4,12.6,-0.02
3873,21.014,-2.355,14.952,21.159,-2.402,14.978,0.1546,-6.48,73.63,-112.1,0.8757,-0.0746,12.23,-1.04,1.17,50.4,50.4,12.6,-0.02
3874,21.007,-2.348,14.952,21.152,-2.396,14.977,0.1547,-6.46,73.65,-112.13,0.8767,-0.0745,12.24,-1.04,1.17,50.4,50.4,12.6,-0.02
3875,21.0,-2.341,14.952,21.145,-2.389,14.978,0.1547,-6.44,73.67,-112.15,0.8762,-0.0744,12.23,-1.04,1.18,50.4,50.4,12.6,-0.02
3876,20.992,-2.335,14.952,21.137,-2.382,14.978,0.1546,-6.44,73.67,-112.19,0.8759,-0.0742,12.23,-1.04,1.18,50.4,50.4,12.6,-0.02
3877,20.985,-2.328,14.952,21.13,-2.376,14.978,0.1546,-6.42,73.7,-112.21,0.8756,-0.0741,12.23,-1.04,1.18,50.4,50.4,12.6,-0.02
3878,20.977,-2.321,14.952,21.122,-2.369,14.978,0.1546,-6.39,73.72,-112.24,0.8753,-0.074,12.22,-1.03,1.18,50.4,50.4,12.6,-0.02
3879,20.97,-2.315,14.952,21.115,-2.362,14.978,0.1546,-6.39,73.74,-112.26,0.8751,-0.0739,12.22,-1.03,1.18,50.4,50.4,12.6,-0.02
3880,20.962,-2.308,14.952,21.107,-2.355,14.978,0.1546,-6.37,73.76,-112.3,0.8748,-0.0738,12.21,-1.03,1.18,50.4,50.4,12.6,-0.02
3881,20.955,-2.301,14.952,21.1,-2.349,14.978,0.1545,-6.35,73.78,-112.32,0.8745,-0.0737,12.21,-1.03,1.18,50.4,50.4,12.6,-0.02
3882,20.948,-2.295,14.952,21.092,-2.342,14.978,0.1545,-6.33,73.81,-112.35,0.8743,-0.0736,12.21,-1.03,1.18,50.4,50.4,12.6,-0.02
3883,20.94,-2.288,14.952,21.085,-2.335,14.979,0.1544,-6.33,73.83,-112.37,0.8711,-0.0734,12.16,-1.03,1.18,50.4,50.4,12.6,-0.02
3884,20.933,-2.281,14.952,21.077,-2.329,14.98,0.1543,-6.31,73.83,-112.41,0.8699,-0.0733,12.15,-1.02,1.18,50.4,50.4,12.6,-0.02
3885,20.925,-2.275,14.952,21.07,-2.322,14.98,0.1543,-6.28,73.85,-112.43,0.8698,-0.0732,12.14,-1.02,1.18,50.4,50.4,12.6,-0.02
3886,20.918,-2.268,14.952,21.062,-2.315,14.98,0.1543,-6.26,73.87,-112.46,0.8695,-0.0731,12.14,-1.02,1.18,50.4,50.4,12.6,-0.02
3887,20.91,-2.261,14.952,21.055,-2.308,14.98,0.1543,-6.26,73.89,-112.48,0.8693,-0.073,12.14,-1.02,1.19,50.4,50.4,12.6,-0.02
3888,20.903,-2.255,14.952,21.047,-2.302,14.98,0.1543,-6.24,73.92,-112.52,0.869,-0.0729,12.13,-1.02,1.19,50.4,50.4,12.6,-0.02
3889,20.896,-2.248,14.952,21.036,-2.327,14.981,0.1632,-6.31,73.94,-112.54,0.8632,-0.0714,12.05,-1.0,2.39,50.4,50.4,12.6,-0.42
3890,20.888,-2.241,14.952,21.026,-2.332,14.982,0.1677,-6.33,73.96,-112.57,0.8582,-0.0697,11.98,-0.97,2.86,50.4,50.4,12.6,-0.57
3891,20.881,-2.234,14.952,21.022,-2.293,14.984,0.1559,-6.22,73.98,-112.59,0.8532,-0.0694,11.91,-0.97,1.65,50.4,50.4,12.6,-0.17
3892,20.874,-2.228,14.952,21.016,-2.275,14.981,0.1533,-6.17,73.98,-112.63,0.8594,-0.0693,12.0,-0.97,1.2,50.4,50.4,12.6,-0.02
3893,20.866,-2.221,14.952,21.01,-2.268,14.979,0.1535,-6.15,74.0,-112.65,0.8639,-0.0692,12.06,-0.97,1.2,50.4,50.4,12.6,-0.02
3894,20.859,-2.214,14.952,21.003,-2.261,14.978,0.1537,-6.15,74.03,-112.68,0.8685,-0.0691,12.13,-0.96,1.2,50.4,50.4,12.6,-0.02
3895,20.851,-2.207,14.952,20.996,-2.255,14.977,0.1538,-6.13,74.05,-112.7,0.8691,-0.069,12.13,-0.96,1.21,50.4,50.4,12.6,-0.02
3896,20.844,-2.201,14.952,20.988,-2.248,14.978,0.1537,-6.11,74.05,-112.72,0.8686,-0.0689,12.13,-0.96,1.21,50.4,50.4,12.6,-0.02
3897,20.837,-2.194,14.952,20.981,-2.241,14.978,0.1537,-6.09,74.07,-112.76,0.8683,-0.0687,12.12,-0.96,1.21,50.4,50.4,12.6,-0.02
3898,20.829,-2.187,14.952,20.973,-2.234,14.978,0.1537,-6.09,74.09,-112.79,0.868,-0.0686,12.12,-0.96,1.21,50.4,50.4,12.6,-0.02
3899,20.822,-2.18,14.952,20.966,-2.227,14.978,0.1537,-6.06,74.11,-112.81,0.8678,-0.0685,12.12,-0.96,1.21,50.4,50.4,12.6,-0.02
3900,20.815,-2.174,14.952,20.959,-2.221,14.978,0.1536,-6.04,74.14,-112.83,0.8675,-0.0684,12.11,-0.95,1.21,50.4,50.4,12.6,-0.02
3901,20.807,-2.167,14.952,20.951,-2.214,14.978,0.1536,-6.04,74.16,-112.87,0.8672,-0.0683,12.11,-0.95,1.21,50.4,50.4,12.6,-0.02
3902,20.8,-2.16,14.952,20.944,-2.207,14.978,0.1536,-6.02,74.18,-112.9,0.8669,-0.0682,12.1,-0.95,1.21,50.4,50.4,12.6,-0.02
3903,20.793,-2.153,14.952,20.936,-2.2,14.979,0.1535,-6.0,74.18,-112.92,0.8653,-0.068,12.08,-0.95,1.21,50.4,50.4,12.6,-0.02
3904,20.785,-2.147,14.952,20.929,-2.193,14.98,0.1534,-5.98,74.2,-112.94,0.8623,-0.0679,12.04,-0.95,1.21,50.4,50.4,12.6,-0.02
3905,20.778,-2.14,14.952,20.921,-2.187,14.979,0.1534,-5.98,74.22,-112.96,0.8625,-0.0678,12.04,-0.95,1.21,50.4,50.4,12.6,-0.02
3906,20.77,-2.133,14.952,20.914,-2.18,14.979,0.1534,-5.95,74.25,-113.01,0.8622,-0.0677,12.04,-0.95,1.22,50.4,50.4,12.6,-0.02
3907,20.763,-2.126,14.952,20.907,-2.173,14.979,0.1534,-5.93,74.27,-113.03,0.862,-0.0676,12.04,-0.94,1.22,50.4,50.4,12.6,-0.02
3908,20.756,-2.12,14.952,20.899,-2.166,14.979,0.1534,-5.91,74.29,-113.05,0.8617,-0.0675,12.03,-0.94,1.22,50.4,50.4,12.6,-0.02
3909,20.748,-2.113,14.952,20.89,-2.17,14.981,0.1557,-5.93,74.31,-113.07,0.8559,-0.0669,11.95,-0.93,1.64,50.4,50.4,12.6,-0.17
3910,20.741,-2.106,14.952,20.878,-2.203,14.982,0.1701,-6.02,74.33,-113.12,0.8509,-0.0647,11.88,-0.9,3.14,50.4,50.4,12.6,-0.68
3911,20.734,-2.099,14.952,20.871,-2.185,14.983,0.1648,-5.98,74.36,-113.14,0.8459,-0.0632,11.81,-0.88,2.74,50.4,50.4,12.6,-0.53
3912,20.726,-2.092,14.952,20.868,-2.139,14.981,0.1522,-5.84,74.36,-113.16,0.8521,-0.0634,11.9,-0.88,1.24,50.4,50.4,12.6,-0.03
3913,20.719,-2.086,14.952,20.862,-2.132,14.979,0.1524,-5.84,74.38,-113.18,0.8567,-0.0632,11.96,-0.88,1.24,50.4,50.4,12.6,-0.03
3914,20.712,-2.079,14.952,20.855,-2.126,14.977,0.1527,-5.82,74.4,-113.23,0.8612,-0.0631,12.03,-0.88,1.24,50.4,50.4,12.6,-0.03
3915,20.705,-2.072,14.952,20.848,-2.119,14.977,0.1527,-5.8,74.4,-113.25,0.8613,-0.063,12.03,-0.88,1.24,50.4,50.4,12.6,-0.03
3916,20.697,-2.065,14.952,20.84,-2.112,14.978,0.1526,-5.78,74.42,-113.27,0.8608,-0.0629,12.02,-0.88,1.24,50.4,50.4,12.6,-0.03
3917,20.69,-2.058,14.952,20.833,-2.105,14.978,0.1526,-5.78,74.44,-113.29,0.8606,-0.0628,12.02,-0.88,1.24,50.4,50.4,12.6,-0.03
3918,20.683,-2.051,14.952,20.826,-2.098,14.978,0.1526,-5.76,74.47,-113.31,0.8603,-0.0626,12.01,-0.87,1.24,50.4,50.4,12.6,-0.03
3919,20.675,-2.045,14.952,20.818,-2.091,14.978,0.1526,-5.73,74.49,-113.36,0.86,-0.0625,12.01,-0.87,1.24,50.4,50.4,12.6,-0.03
3920,20.668,-2.038,14.952,20.811,-2.084,14.978,0.1526,-5.71,74.51,-113.38,0.8598,-0.0624,12.0,-0.87,1.24,50.4,50.4,12.6,-0.03
3921,20.661,-2.031,14.952,20.804,-2.078,14.978,0.1525,-5.71,74.53,-113.4,0.8595,-0.0623,12.0,-0.87,1.24,50.4,50.4,12.6,-0.03
3922,20.654,-2.024,14.952,20.796,-2.071,14.978,0.1525,-5.69,74.53,-113.42,0.8592,-0.0622,12.0,-0.87,1.24,50.4,50.4,12.6,-0.03
3923,20.646,-2.017,14.952,20.789,-2.064,14.979,0.1524,-5.67,74.55,-113.44,0.857,-0.062,11.97,-0.87,1.25,50.4,50.4,12.6,-0.03
3924,20.639,-2.01,14.952,20.781,-2.057,14.979,0.1523,-5.65,74.58,-113.49,0.8548,-0.0619,11.93,-0.86,1.25,50.4,50.4,12.6,-0.03
3925,20.632,-2.004,14.952,20.774,-2.05,14.979,0.1523,-5.62,74.6,-113.51,0.8548,-0.0618,11.94,-0.86,1.25,50.4,50.4,12.6,-0.03
3926,20.624,-1.997,14.952,20.767,-2.043,14.979,0.1523,-5.62,74.62,-113.53,0.8546,-0.0617,11.93,-0.86,1.25,50.4,50.4,12.6,-0.03
3927,20.617,-1.99,14.952,20.76,-2.036,14.979,0.1523,-5.6,74.64,-113.55,0.8543,-0.0616,11.93,-0.86,1.25,50.4,50.4,12.6,-0.03
3928,20.61,-1.983,14.952,20.752,-2.029,14.979,0.1523,-5.58,74.66,-113.58,0.854,-0.0614,11.92,-0.86,1.25,50.4,50.4,12.6,-0.03
3929,20.603,-1.976,14.952,20.745,-2.023,14.979,0.1523,-5.56,74.66,-113.62,0.8538,-0.0613,11.92,-0.86,1.25,50.4,50.4,12.6,-0.03
3930,20.595,-1.969,14.952,20.732,-2.06,14.981,0.1668,-5.67,74.69,-113.64,0.848,-0.0593,11.84,-0.83,2.96,50.4,50.4,12.6,-0.63
3931,20.588,-1.962,14.952,20.723,-2.066,14.982,0.1724,-5.69,74.71,-113.66,0.843,-0.0569,11.77,-0.79,3.46,50.4,50.4,12.6,-0.79
3932,20.581,-1.956,14.952,20.72,-2.014,14.983,0.1538,-5.56,74.73,-113.69,0.838,-0.0566,11.7,-0.79,1.74,50.4,50.4,12.6,-0.19
3933,20.574,-1.949,14.952,20.714,-1.995,14.981,0.151,-5.49,74.75,-113.71,0.8442,-0.0566,11.79,-0.79,1.27,50.4,50.4,12.6,-0.03
3934,20.567,-1.942,14.952,20.708,-1.988,14.979,0.1512,-5.49,74.77,-113.75,0.8488,-0.0565,11.85,-0.79,1.27,50.4,50.4,12.6,-0.03
3935,20.559,-1.935,14.952,20.701,-1.981,14.977,0.1514,-5.47,74.77,-113.77,0.8533,-0.0564,11.91,-0.79,1.27,50.4,50.4,12.6,-0.03
3936,20.552,-1.928,14.952,20.694,-1.974,14.977,0.1514,-5.45,74.79,-113.8,0.8528,-0.0562,11.91,-0.79,1.27,50.4,50.4,12.6,-0.03
3937,20.545,-1.921,14.952,20.687,-1.967,14.977,0.1513,-5.43,74.82,-113.82,0.8524,-0.0561,11.9,-0.78,1.28,50.4,50.4,12.6,-0.03
3938,20.538,-1.914,14.952,20.679,-1.96,14.978,0.1513,-5.41,74.84,-113.84,0.8522,-0.056,11.9,-0.78,1.28,50.4,50.4,12.6,-0.03
3939,20.531,-1.907,14.952,20.672,-1.953,14.978,0.1513,-5.41,74.86,-113.88,0.8519,-0.0559,11.89,-0.78,1.28,50.4,50.4,12.6,-0.03
3940,20.523,-1.9,14.952,20.665,-1.946,14.978,0.1513,-5.38,74.86,-113.91,0.8516,-0.0557,11.89,-0.78,1.28,50.4,50.4,12.6,-0.03
3941,20.516,-1.893,14.952,20.658,-1.94,14.978,0.1512,-5.36,74.88,-113.93,0.8514,-0.0556,11.89,-0.78,1.28,50.4,50.4,12.6,-0.03
3942,20.509,-1.886,14.952,20.651,-1.933,14.978,0.1512,-5.34,74.9,-113.95,0.8511,-0.0555,11.88,-0.77,1.28,50.4,50.4,12.6,-0.03
3943,20.502,-1.879,14.952,20.643,-1.926,14.979,0.1511,-5.34,74.93,-113.97,0.8492,-0.0554,11.86,-0.77,1.28,50.4,50.4,12.6,-0.03
3944,20.495,-1.872,14.952,20.636,-1.919,14.979,0.151,-5.32,74.95,-113.99,0.8466,-0.0552,11.82,-0.77,1.28,50.4,50.4,12.6,-0.03
3945,20.487,-1.865,14.952,20.629,-1.912,14.979,0.151,-5.3,74.97,-114.04,0.8467,-0.0551,11.82,-0.77,1.28,50.4,50.4,12.6,-0.03
3946,20.48,-1.859,14.952,20.621,-1.905,14.979,0.151,-5.27,74.97,-114.06,0.8465,-0.055,11.82,-0.77,1.28,50.4,50.4,12.6,-0.03
3947,20.473,-1.852,14.952,20.614,-1.898,14.979,0.151,-5.25,74.99,-114.08,0.8462,-0.0549,11.82,-0.77,1.28,50.4,50.4,12.6,-0.03
3948,20.466,-1.845,14.952,20.607,-1.891,14.979,0.151,-5.25,75.01,-114.1,0.8459,-0.0547,11.81,-0.76,1.29,50.4,50.4,12.6,-0.03
3949,20.459,-1.838,14.952,20.6,-1.884,14.979,0.151,-5.23,75.04,-114.13,0.8457,-0.0546,11.81,-0.76,1.29,50.4,50.4,12.6,-0.03
3950,20.451,-1.831,14.952,20.589,-1.905,14.981,0.1591,-5.3,75.06,-114.17,0.8399,-0.0532,11.73,-0.74,2.39,50.4,50.4,12.6,-0.43
3951,20.444,-1.824,14.952,20.578,-1.933,14.982,0.1749,-5.36,75.08,-114.19,0.8349,-0.0504,11.66,-0.7,3.75,50.4,50.4,12.6,-0.92
3952,20.437,-1.817,14.952,20.572,-1.898,14.983,0.1606,-5.27,75.1,-114.21,0.8299,-0.0491,11.59,-0.69,2.66,50.4,50.4,12.6,-0.52
3953,20.43,-1.81,14.952,20.569,-1.856,14.98,0.1495,-5.16,75.12,-114.24,0.8361,-0.0492,11.67,-0.69,1.31,50.4,50.4,12.6,-0.03
3954,20.423,-1.803,14.952,20.563,-1.849,14.979,0.1497,-5.14,75.12,-114.26,0.8407,-0.0491,11.74,-0.69,1.31,50.4,50.4,12.6,-0.03
3955,20.416,-1.796,14.952,20.556,-1.842,14.977,0.1499,-5.12,75.15,-114.3,0.8452,-0.049,11.8,-0.68,1.31,50.4,50.4,12.6,-0.03
3956,20.409,-1.789,14.952,20.549,-1.835,14.977,0.1499,-5.1,75.17,-114.32,0.8441,-0.0489,11.79,-0.68,1.31,50.4,50.4,12.6,-0.03
3957,20.402,-1.782,14.952,20.542,-1.828,14.977,0.1498,-5.08,75.17,-114.35,0.8438,-0.0487,11.78,-0.68,1.31,50.4,50.4,12.6,-0.03
3958,20.395,-1.775,14.952,20.535,-1.821,14.977,0.1498,-5.08,75.19,-114.37,0.8436,-0.0486,11.78,-0.68,1.31,50.4,50.4,12.6,-0.03
3959,20.388,-1.768,14.952,20.528,-1.814,14.978,0.1498,-5.05,75.21,-114.39,0.8433,-0.0485,11.77,-0.68,1.31,50.4,50.4,12.6,-0.03
3960,20.38,-1.761,14.952,20.521,-1.807,14.978,0.1498,-5.03,75.23,-114.41,0.843,-0.0484,11.77,-0.68,1.31,50.4,50.4,12.6,-0.03
3961,20.373,-1.753,14.952,20.513,-1.8,14.978,0.1497,-5.01,75.26,-114.46,0.8428,-0.0482,11.77,-0.67,1.32,50.4,50.4,12.6,-0.03
3962,20.366,-1.746,14.952,20.506,-1.792,14.978,0.1497,-4.99,75.26,-114.48,0.8425,-0.0481,11.76,-0.67,1.32,50.4,50.4,12.6,-0.03
3963,20.359,-1.739,14.952,20.499,-1.785,14.979,0.1496,-4.99,75.28,-114.5,0.8394,-0.048,11.72,-0.67,1.32,50.4,50.4,12.6,-0.03
3964,20.352,-1.732,14.952,20.492,-1.778,14.979,0.1495,-4.97,75.3,-114.52,0.8383,-0.0478,11.7,-0.67,1.32,50.4,50.4,12.6,-0.03
3965,20.345,-1.725,14.952,20.485,-1.771,14.979,0.1495,-4.94,75.32,-114.54,0.8382,-0.0477,11.7,-0.67,1.32,50.4,50.4,12.6,-0.03
3966,20.338,-1.718,14.952,20.477,-1.764,14.979,0.1495,-4.92,75.34,-114.57,0.8379,-0.0476,11.7,-0.66,1.32,50.4,50.4,12.6,-0.03
3967,20.331,-1.711,14.952,20.47,-1.757,14.979,0.1495,-4.9,75.37,-114.59,0.8377,-0.0475,11.7,-0.66,1.32,50.4,50.4,12.6,-0.03
3968,20.324,-1.704,14.952,20.463,-1.75,14.979,0.1495,-4.88,75.39,-114.63,0.8374,-0.0473,11.69,-0.66,1.32,50.4,50.4,12.6,-0.03
3969,20.317,-1.697,14.952,20.456,-1.743,14.979,0.1495,-4.88,75.39,-114.65,0.8371,-0.0472,11.69,-0.66,1.32,50.4,50.4,12.6,-0.03
3970,20.309,-1.69,14.952,20.447,-1.753,14.981,0.1537,-4.9,75.41,-114.68,0.8313,-0.0463,11.61,-0.65,1.98,50.4,50.4,12.6,-0.28
3971,20.302,-1.683,14.952,20.434,-1.798,14.981,0.1774,-5.03,75.43,-114.7,0.8263,-0.043,11.54,-0.6,4.05,50.4,50.4,12.6,-1.07
3972,20.295,-1.676,14.952,20.428,-1.775,14.982,0.1678,-4.97,75.45,-114.72,0.8213,-0.0409,11.47,-0.57,3.41,50.4,50.4,12.6,-0.82
3973,20.288,-1.669,14.952,20.426,-1.715,14.98,0.1478,-4.79,75.48,-114.76,0.8276,-0.0411,11.56,-0.57,1.35,50.4,50.4,12.6,-0.03
3974,20.281,-1.662,14.952,20.42,-1.708,14.978,0.148,-4.79,75.48,-114.79,0.8321,-0.041,11.62,-0.57,1.35,50.4,50.4,12.6,-0.03
3975,20.274,-1.655,14.952,20.413,-1.701,14.977,0.1482,-4.77,75.5,-114.81,0.836,-0.0408,11.67,-0.57,1.35,50.4,50.4,12.6,-0.03
3976,20.268,-1.647,14.952,20.406,-1.693,14.977,0.1481,-4.75,75.52,-114.83,0.835,-0.0407,11.66,-0.57,1.35,50.4,50.4,12.6,-0.03
3977,20.261,-1.64,14.952,20.399,-1.686,14.977,0.1481,-4.72,75.54,-114.85,0.8347,-0.0406,11.65,-0.57,1.35,50.4,50.4,12.6,-0.03
3978,20.254,-1.633,14.952,20.392,-1.679,14.977,0.1481,-4.7,75.54,-114.87,0.8344,-0.0405,11.65,-0.56,1.35,50.4,50.4,12.6,-0.03
3979,20.247,-1.626,14.952,20.385,-1.672,14.977,0.1481,-4.68,75.56,-114.9,0.8342,-0.0403,11.65,-0.56,1.35,50.4,50.4,12.6,-0.03
3980,20.24,-1.619,14.952,20.378,-1.665,14.978,0.148,-4.68,75.59,-114.92,0.8339,-0.0402,11.64,-0.56,1.35,50.4,50.4,12.6,-0.03
3981,20.233,-1.612,14.952,20.371,-1.657,14.978,0.148,-4.66,75.61,-114.96,0.8336,-0.0401,11.64,-0.56,1.36,50.4,50.4,12.6,-0.03
3982,20.226,-1.604,14.952,20.364,-1.65,14.978,0.148,-4.64,75.63,-114.98,0.8334,-0.0399,11.64,-0.56,1.36,50.4,50.4,12.6,-0.03
3983,20.219,-1.597,14.952,20.357,-1.643,14.979,0.1478,-4.61,75.65,-115.0,0.8293,-0.0398,11.58,-0.56,1.36,50.4,50.4,12.6,-0.03
3984,20.212,-1.59,14.952,20.35,-1.636,14.979,0.1478,-4.59,75.65,-115.03,0.8293,-0.0397,11.58,-0.55,1.36,50.4,50.4,12.6,-0.03
3985,20.205,-1.583,14.952,20.343,-1.629,14.979,0.1478,-4.57,75.67,-115.05,0.8291,-0.0395,11.58,-0.55,1.36,50.4,50.4,12.6,-0.03
3986,20.198,-1.576,14.952,20.336,-1.621,14.979,0.1478,-4.55,75.7,-115.07,0.8289,-0.0394,11.57,-0.55,1.36,50.4,50.4,12.6,-0.03
3987,20.191,-1.569,14.952,20.329,-1.614,14.979,0.1477,-4.55,75.72,-115.09,0.8286,-0.0393,11.57,-0.55,1.36,50.4,50.4,12.6,-0.03
3988,20.184,-1.562,14.952,20.322,-1.607,14.979,0.1477,-4.53,75.74,-115.14,0.8283,-0.0391,11.57,-0.55,1.36,50.4,50.4,12.6,-0.03
3989,20.177,-1.554,14.951,20.315,-1.6,14.979,0.1477,-4.5,75.74,-115.16,0.8281,-0.039,11.56,-0.54,1.36,50.4,50.4,12.6,-0.03
3990,20.17,-1.547,14.951,20.306,-1.607,14.981,0.1512,-4.53,75.76,-115.18,0.8222,-0.0382,11.48,-0.53,1.91,50.4,50.4,12.6,-0.25
3991,20.163,-1.54,14.951,20.293,-1.661,14.981,0.1798,-4.68,75.78,-115.2,0.8173,-0.0344,11.41,-0.48,4.35,50.4,50.4,12.6,-1.22
3992,20.156,-1.533,14.951,20.286,-1.64,14.982,0.1713,-4.61,75.81,-115.22,0.8123,-0.0318,11.34,-0.44,3.83,50.4,50.4,12.6,-1.0
3993,20.149,-1.526,14.951,20.285,-1.571,14.98,0.1459,-4.44,75.83,-115.25,0.8185,-0.0321,11.43,-0.45,1.39,50.4,50.4,12.6,-0.03
3994,20.142,-1.518,14.951,20.279,-1.564,14.978,0.1461,-4.42,75.83,-115.29,0.8231,-0.032,11.49,-0.45,1.39,50.4,50.4,12.6,-0.03
3995,20.135,-1.511,14.951,20.272,-1.557,14.977,0.1462,-4.39,75.85,-115.31,0.8262,-0.0319,11.54,-0.44,1.39,50.4,50.4,12.6,-0.03
3996,20.129,-1.504,14.951,20.265,-1.549,14.977,0.1462,-4.37,75.87,-115.33,0.8253,-0.0317,11.52,-0.44,1.39,50.4,50.4,12.6,-0.03
3997,20.122,-1.496,14.951,20.258,-1.542,14.977,0.1461,-4.35,75.89,-115.36,0.825,-0.0316,11.52,-0.44,1.39,50.4,50.4,12.6,-0.04
3998,20.115,-1.489,14.951,20.251,-1.535,14.977,0.1461,-4.33,75.89,-115.38,0.8247,-0.0314,11.52,-0.44,1.39,50.4,50.4,12.6,-0.04
3999,20.108,-1.482,14.951,20.244,-1.527,14.977,0.1461,-4.31,75.92,-115.4,0.8245,-0.0313,11.51,-0.44,1.39,50.4,50.4,12.6,-0.04
4000,20.101,-1.475,14.951,20.238,-1.52,14.977,0.1461,-4.31,75.94,-115.42,0.8242,-0.0312,11.51,-0.44,1.4,50.4,50.4,12.6,-0.04
4001,20.094,-1.467,14.951,20.231,-1.513,14.978,0.146,-4.28,75.96,-115.44,0.8239,-0.031,11.5,-0.43,1.4,50.4,50.4,12.6,-0.04
4002,20.088,-1.46,14.951,20.224,-1.506,14.978,0.1459,-4.26,75.98,-115.47,0.8224,-0.0309,11.48,-0.43,1.4,50.4,50.4,12.6,-0.04
4003,20.081,-1.453,14.951,20.217,-1.498,14.979,0.1458,-4.24,76.0,-115.49,0.8196,-0.0308,11.44,-0.43,1.4,50.4,50.4,12.6,-0.04
4004,20.074,-1.446,14.951,20.21,-1.491,14.979,0.1458,-4.22,76.0,-115.53,0.8198,-0.0306,11.45,-0.43,1.4,50.4,50.4,12.6,-0.04
4005,20.067,-1.438,14.951,20.203,-1.484,14.979,0.1458,-4.2,76.03,-115.55,0.8195,-0.0305,11.44,-0.43,1.4,50.4,50.4,12.6,-0.04
4006,20.06,-1.431,14.951,20.196,-1.476,14.979,0.1458,-4.17,76.05,-115.58,0.8192,-0.0304,11.44,-0.42,1.4,50.4,50.4,12.6,-0.04
4007,20.053,-1.424,14.951,20.189,-1.469,14.979,0.1458,-4.15,76.07,-115.6,0.819,-0.0302,11.43,-0.42,1.4,50.4,50.4,12.6,-0.04
4008,20.046,-1.416,14.951,20.182,-1.462,14.979,0.1457,-4.15,76.07,-115.62,0.8187,-0.0301,11.43,-0.42,1.4,50.4,50.4,12.6,-0.04
4009,20.04,-1.409,14.951,20.175,-1.454,14.979,0.1457,-4.13,76.09,-115.64,0.8184,-0.0299,11.43,-0.42,1.4,50.4,50.4,12.6,-0.04
4010,20.033,-1.402,14.951,20.166,-1.471,14.98,0.1528,-4.17,76.11,-115.66,0.8126,-0.0286,11.35,-0.4,2.35,50.4,50.4,12.6,-0.43
4011,20.026,-1.395,14.951,20.154,-1.521,14.981,0.1821,-4.31,76.14,-115.69,0.8076,-0.0244,11.28,-0.34,4.64,50.4,50.4,12.6,-1.39
4012,20.019,-1.387,14.951,20.148,-1.49,14.982,0.1674,-4.24,76.16,-115.73,0.8027,-0.0219,11.21,-0.31,3.72,50.4,50.4,12.6,-0.99
4013,20.013,-1.38,14.951,20.146,-1.425,14.979,0.1437,-4.04,76.18,-115.75,0.8089,-0.0222,11.29,-0.31,1.43,50.4,50.4,12.6,-0.04
4014,20.006,-1.372,14.951,20.14,-1.418,14.978,0.1439,-4.02,76.18,-115.77,0.8135,-0.0221,11.36,-0.31,1.43,50.4,50.4,12.6,-0.04
4015,19.999,-1.365,14.951,20.133,-1.41,14.977,0.144,-4.0,76.2,-115.8,0.8157,-0.0219,11.39,-0.31,1.43,50.4,50.4,12.6,-0.04
4016,19.992,-1.358,14.951,20.127,-1.403,14.977,0.1439,-3.98,76.22,-115.82,0.815,-0.0218,11.38,-0.3,1.43,50.4,50.4,12.6,-0.04
4017,19.986,-1.35,14.951,20.12,-1.395,14.977,0.1439,-3.98,76.22,-115.84,0.8147,-0.0217,11.38,-0.3,1.44,50.4,50.4,12.6,-0.04
4018,19.979,-1.343,14.951,20.113,-1.388,14.977,0.1439,-3.96,76.25,-115.86,0.8144,-0.0215,11.37,-0.3,1.44,50.4,50.4,12.6,-0.04
4019,19.972,-1.335,14.951,20.106,-1.381,14.977,0.1438,-3.93,76.27,-115.88,0.8142,-0.0214,11.37,-0.3,1.44,50.4,50.4,12.6,-0.04
4020,19.966,-1.328,14.951,20.1,-1.373,14.977,0.1438,-3.91,76.29,-115.91,0.8139,-0.0212,11.36,-0.3,1.44,50.4,50.4,12.6,-0.04
4021,19.959,-1.321,14.951,20.093,-1.366,14.977,0.1438,-3.89,76.31,-115.93,0.8136,-0.0211,11.36,-0.29,1.44,50.4,50.4,12.6,-0.04
4022,19.952,-1.313,14.951,20.086,-1.358,14.979,0.1436,-3.87,76.31,-115.95,0.8095,-0.0209,11.3,-0.29,1.44,50.4,50.4,12.6,-0.04
4023,19.946,-1.306,14.951,20.079,-1.351,14.979,0.1436,-3.85,76.33,-115.97,0.8098,-0.0208,11.31,-0.29,1.44,50.4,50.4,12.6,-0.04
4024,19.939,-1.298,14.951,20.072,-1.343,14.979,0.1436,-3.82,76.35,-116.02,0.8095,-0.0207,11.3,-0.29,1.44,50.4,50.4,12.6,-0.04
4025,19.932,-1.291,14.951,20.066,-1.336,14.979,0.1435,-3.8,76.38,-116.04,0.8093,-0.0205,11.3,-0.29,1.44,50.4,50.4,12.6,-0.04
4026,19.925,-1.283,14.951,20.059,-1.328,14.979,0.1435,-3.78,76.38,-116.06,0.809,-0.0204,11.3,-0.28,1.44,50.4,50.4,12.6,-0.04
4027,19.919,-1.276,14.951,20.052,-1.321,14.979,0.1435,-3.78,76.4,-116.08,0.8087,-0.0202,11.29,-0.28,1.44,50.4,50.4,12.6,-0.04
4028,19.912,-1.269,14.951,20.046,-1.314,14.979,0.1435,-3.76,76.42,-116.1,0.8085,-0.0201,11.29,-0.28,1.45,50.4,50.4,12.6,-0.04
4029,19.905,-1.261,14.951,20.039,-1.306,14.979,0.1435,-3.74,76.44,-116.13,0.8082,-0.02,11.28,-0.28,1.45,50.4,50.4,12.6,-0.04
4030,19.899,-1.254,14.951,20.027,-1.35,14.98,0.1633,-3.85,76.46,-116.15,0.8024,-0.017,11.2,-0.24,3.5,50.4,50.4,12.6,-0.95
4031,19.892,-1.246,14.951,20.017,-1.378,14.98,0.1839,-3.93,76.49,-116.17,0.7974,-0.0119,11.13,-0.17,4.94,50.4,50.4,12.6,-1.57
4032,19.885,-1.239,14.951,20.013,-1.319,14.981,0.1541,-3.78,76.51,-116.19,0.7925,-0.0113,11.06,-0.16,2.9,50.4,50.4,12.6,-0.67
4033,19.879,-1.231,14.951,20.01,-1.276,14.979,0.1412,-3.65,76.51,-116.21,0.7987,-0.0113,11.15,-0.16,1.48,50.4,50.4,12.6,-0.04
4034,19.872,-1.224,14.951,20.004,-1.269,14.977,0.1414,-3.63,76.53,-116.24,0.8033,-0.0112,11.22,-0.16,1.48,50.4,50.4,12.6,-0.04
4035,19.866,-1.216,14.951,19.997,-1.261,14.977,0.1414,-3.6,76.53,-116.28,0.8046,-0.011,11.23,-0.15,1.48,50.4,50.4,12.6,-0.04
4036,19.859,-1.209,14.951,19.991,-1.254,14.977,0.1414,-3.58,76.55,-116.3,0.804,-0.0109,11.23,-0.15,1.48,50.4,50.4,12.6,-0.04
4037,19.853,-1.201,14.951,19.984,-1.246,14.977,0.1414,-3.56,76.57,-116.32,0.8037,-0.0107,11.22,-0.15,1.48,50.4,50.4,12.6,-0.04
4038,19.846,-1.193,14.951,19.978,-1.238,14.977,0.1413,-3.54,76.6,-116.35,0.8035,-0.0106,11.22,-0.15,1.48,50.4,50.4,12.6,-0.04
4039,19.84,-1.186,14.951,19.971,-1.231,14.977,0.1413,-3.54,76.6,-116.37,0.8032,-0.0104,11.21,-0.15,1.48,50.4,50.4,12.6,-0.04
4040,19.833,-1.178,14.951,19.964,-1.223,14.977,0.1412,-3.52,76.62,-116.39,0.8024,-0.0103,11.2,-0.14,1.48,50.4,50.4,12.6,-0.04
4041,19.827,-1.171,14.951,19.958,-1.216,14.978,0.1411,-3.49,76.64,-116.41,0.799,-0.0101,11.16,-0.14,1.48,50.4,50.4,12.6,-0.04
4042,19.82,-1.163,14.951,19.951,-1.208,14.978,0.1411,-3.47,76.66,-116.43,0.7992,-0.01,11.16,-0.14,1.48,50.4,50.4,12.6,-0.04
4043,19.814,-1.156,14.951,19.944,-1.2,14.978,0.1411,-3.45,76.66,-116.46,0.7989,-0.0098,11.15,-0.14,1.49,50.4,50.4,12.6,-0.04
4044,19.807,-1.148,14.951,19.938,-1.193,14.978,0.141,-3.43,76.68,-116.48,0.7986,-0.0097,11.15,-0.14,1.49,50.4,50.4,12.6,-0.04
4045,19.8,-1.141,14.951,19.931,-1.185,14.978,0.141,-3.41,76.71,-116.5,0.7984,-0.0096,11.15,-0.13,1.49,50.4,50.4,12.6,-0.04
4046,19.794,-1.133,14.951,19.925,-1.178,14.978,0.141,-3.38,76.73,-116.52,0.7981,-0.0094,11.14,-0.13,1.49,50.4,50.4,12.6,-0.04
4047,19.787,-1.125,14.951,19.918,-1.17,14.978,0.141,-3.36,76.73,-116.54,0.7978,-0.0093,11.14,-0.13,1.49,50.4,50.4,12.6,-0.04
4048,19.781,-1.118,14.951,19.912,-1.163,14.978,0.1409,-3.34,76.75,-116.56,0.7976,-0.0091,11.14,-0.13,1.49,50.4,50.4,12.6,-0.04
4049,19.774,-1.11,14.951,19.904,-1.164,14.98,0.1431,-3.34,76.77,-116.59,0.7918,-0.0085,11.06,-0.12,1.84,50.4,50.4,12.6,-0.21
4050,19.768,-1.103,14.951,19.891,-1.239,14.98,0.1859,-3.56,76.79,-116.61,0.7868,-0.003,10.99,-0.04,5.19,50.4,50.4,12.6,-1.77
4051,19.761,-1.095,14.951,19.883,-1.223,14.98,0.1795,-3.52,76.82,-116.65,0.7818,0.0017,10.92,0.02,4.88,50.4,50.4,12.6,-1.61
4052,19.755,-1.087,14.951,19.883,-1.132,14.978,0.1385,-3.25,76.82,-116.67,0.7881,0.0004,11.0,0.01,1.52,50.4,50.4,12.6,-0.05
4053,19.749,-1.08,14.951,19.877,-1.125,14.977,0.1386,-3.23,76.84,-116.7,0.7927,0.0007,11.07,0.01,1.52,50.4,50.4,12.6,-0.05
4054,19.742,-1.072,14.951,19.871,-1.117,14.977,0.1386,-3.21,76.86,-116.72,0.793,0.0008,11.07,0.01,1.52,50.4,50.4,12.6,-0.05
4055,19.736,-1.064,14.951,19.865,-1.109,14.977,0.1386,-3.19,76.86,-116.74,0.7926,0.001,11.07,0.01,1.52,50.4,50.4,12.6,-0.05
4056,19.73,-1.057,14.951,19.858,-1.101,14.977,0.1385,-3.16,76.88,-116.76,0.7923,0.0011,11.06,0.02,1.52,50.4,50.4,12.6,-0.05
4057,19.723,-1.049,14.951,19.852,-1.094,14.977,0.1385,-3.14,76.9,-116.78,0.792,0.0013,11.06,0.02,1.52,50.4,50.4,12.6,-0.05
4058,19.717,-1.041,14.951,19.845,-1.086,14.977,0.1385,-3.14,76.93,-116.81,0.7917,0.0014,11.05,0.02,1.53,50.4,50.4,12.6,-0.05
4059,19.711,-1.033,14.951,19.839,-1.078,14.977,0.1384,-3.12,76.93,-116.83,0.7915,0.0016,11.05,0.02,1.53,50.4,50.4,12.6,-0.05
4060,19.704,-1.026,14.951,19.832,-1.07,14.978,0.1383,-3.1,76.95,-116.85,0.7879,0.0017,11.0,0.02,1.53,50.4,50.4,12.6,-0.05
4061,19.698,-1.018,14.951,19.826,-1.063,14.978,0.1383,-3.08,76.97,-116.87,0.7878,0.0019,11.0,0.03,1.53,50.4,50.4,12.6,-0.05
4062,19.691,-1.01,14.951,19.82,-1.055,14.978,0.1382,-3.05,76.99,-116.89,0.7876,0.002,11.0,0.03,1.53,50.4,50.4,12.6,-0.05
4063,19.685,-1.003,14.951,19.813,-1.047,14.978,0.1382,-3.03,76.99,-116.92,0.7873,0.0022,10.99,0.03,1.53,50.4,50.4,12.6,-0.05
4064,19.679,-0.995,14.951,19.807,-1.039,14.978,0.1382,-3.01,77.01,-116.94,0.787,0.0023,10.99,0.03,1.53,50.4,50.4,12.6,-0.05
4065,19.672,-0.987,14.951,19.8,-1.032,14.978,0.1382,-2.99,77.04,-116.96,0.7867,0.0025,10.98,0.03,1.53,50.4,50.4,12.6,-0.05
4066,19.666,-0.979,14.951,19.794,-1.024,14.978,0.1381,-2.97,77.04,-116.98,0.7865,0.0027,10.98,0.04,1.53,50.4,50.4,12.6,-0.05
4067,19.66,-0.972,14.951,19.788,-1.016,14.978,0.1381,-2.94,77.06,-117.0,0.7862,0.0028,10.98,0.04,1.53,50.4,50.4,12.6,-0.05
4068,19.653,-0.964,14.951,19.781,-1.008,14.978,0.1381,-2.92,77.08,-117.03,0.7859,0.003,10.97,0.04,1.53,50.4,50.4,12.6,-0.05
4069,19.647,-0.956,14.951,19.769,-1.079,14.978,0.1752,-3.12,77.1,-117.05,0.7801,0.0085,10.89,0.12,4.71,50.4,50.4,12.6,-1.62
4070,19.641,-0.948,14.951,19.76,-1.09,14.979,0.187,-3.16,77.12,-117.07,0.7752,0.0132,10.82,0.18,5.46,50.4,50.4,12.6,-1.98
4071,19.635,-0.941,14.951,19.758,-1.003,14.98,0.1411,-2.9,77.15,-117.09,0.7702,0.0136,10.75,0.19,2.28,50.4,50.4,12.6,-0.41
4072,19.628,-0.933,14.951,19.753,-0.977,14.978,0.1353,-2.83,77.15,-117.11,0.7765,0.0136,10.84,0.19,1.56,50.4,50.4,12.6,-0.05
4073,19.622,-0.925,14.951,19.748,-0.969,14.976,0.1355,-2.81,77.17,-117.14,0.7811,0.0138,10.91,0.19,1.57,50.4,50.4,12.6,-0.05
4074,19.616,-0.917,14.951,19.741,-0.962,14.977,0.1354,-2.79,77.17,-117.16,0.7804,0.014,10.9,0.19,1.57,50.4,50.4,12.6,-0.05
4075,19.61,-0.909,14.951,19.735,-0.954,14.977,0.1354,-2.77,77.19,-117.18,0.7801,0.0141,10.89,0.2,1.57,50.4,50.4,12.6,-0.05
4076,19.604,-0.901,14.951,19.729,-0.946,14.977,0.1354,-2.75,77.21,-117.2,0.7798,0.0143,10.89,0.2,1.57,50.4,50.4,12.6,-0.05
4077,19.598,-0.893,14.951,19.723,-0.938,14.977,0.1353,-2.72,77.21,-117.22,0.7784,0.0144,10.87,0.2,1.57,50.4,50.4,12.6,-0.05
4078,19.592,-0.885,14.951,19.716,-0.93,14.978,0.1352,-2.7,77.23,-117.25,0.7759,0.0146,10.83,0.2,1.57,50.4,50.4,12.6,-0.05
4079,19.585,-0.878,14.951,19.71,-0.922,14.978,0.1351,-2.68,77.26,-117.27,0.776,0.0148,10.83,0.21,1.57,50.4,50.4,12.6,-0.05
4080,19.579,-0.87,14.951,19.704,-0.914,14.978,0.1351,-2.66,77.28,-117.29,0.7757,0.0149,10.83,0.21,1.57,50.4,50.4,12.6,-0.05
4081,19.573,-0.862,14.951,19.698,-0.906,14.978,0.1351,-2.64,77.28,-117.31,0.7754,0.0151,10.83,0.21,1.57,50.4,50.4,12.6,-0.05
4082,19.567,-0.854,14.951,19.692,-0.898,14.978,0.1351,-2.61,77.3,-117.33,0.7752,0.0152,10.82,0.21,1.57,50.4,50.4,12.6,-0.05
4083,19.561,-0.846,14.951,19.685,-0.89,14.978,0.135,-2.59,77.32,-117.36,0.7749,0.0154,10.82,0.21,1.58,50.4,50.4,12.6,-0.05
4084,19.555,-0.838,14.951,19.679,-0.882,14.978,0.135,-2.57,77.32,-117.38,0.7746,0.0156,10.82,0.22,1.58,50.4,50.4,12.6,-0.05
4085,19.548,-0.83,14.951,19.673,-0.875,14.978,0.135,-2.55,77.34,-117.4,0.7743,0.0157,10.81,0.22,1.58,50.4,50.4,12.6,-0.05
4086,19.542,-0.822,14.951,19.667,-0.867,14.978,0.1349,-2.53,77.37,-117.4,0.7741,0.0159,10.81,0.22,1.58,50.4,50.4,12.6,-0.05
4087,19.536,-0.815,14.951,19.661,-0.859,14.978,0.1349,-2.5,77.37,-117.42,0.7738,0.016,10.8,0.22,1.58,50.4,50.4,12.6,-0.05
4088,19.53,-0.807,14.951,19.649,-0.927,14.978,0.1718,-2.7,77.39,-117.47,0.768,0.0216,10.72,0.3,4.7,50.4,50.4,12.6,-1.71
4089,19.524,-0.799,14.951,19.641,-0.943,14.979,0.1878,-2.75,77.41,-117.49,0.7631,0.0263,10.65,0.37,5.68,50.4,50.4,12.6,-2.21
4090,19.518,-0.791,14.951,19.638,-0.858,14.98,0.1403,-2.5,77.43,-117.51,0.7581,0.028,10.59,0.39,2.56,50.4,50.4,12.6,-0.56
4091,19.512,-0.783,14.951,19.633,-0.827,14.977,0.1318,-2.42,77.45,-117.53,0.7644,0.0278,10.67,0.39,1.61,50.4,50.4,12.6,-0.06
4092,19.506,-0.775,14.951,19.628,-0.819,14.976,0.132,-2.4,77.45,-117.55,0.7683,0.028,10.73,0.39,1.61,50.4,50.4,12.6,-0.06
4093,19.5,-0.767,14.951,19.622,-0.811,14.976,0.1319,-2.37,77.48,-117.58,0.7673,0.0282,10.71,0.39,1.61,50.4,50.4,12.6,-0.06
4094,19.494,-0.759,14.951,19.616,-0.803,14.976,0.1319,-2.35,77.48,-117.58,0.767,0.0283,10.71,0.4,1.61,50.4,50.4,12.6,-0.06
4095,19.488,-0.75,14.951,19.61,-0.795,14.977,0.1318,-2.33,77.5,-117.6,0.7666,0.0285,10.7,0.4,1.61,50.4,50.4,12.6,-0.06
4096,19.482,-0.742,14.951,19.604,-0.787,14.978,0.1317,-2.31,77.52,-117.62,0.7631,0.0287,10.65,0.4,1.61,50.4,50.4,12.6,-0.06
4097,19.477,-0.734,14.951,19.598,-0.779,14.977,0.1317,-2.29,77.54,-117.64,0.7633,0.0288,10.66,0.4,1.62,50.4,50.4,12.6,-0.06
4098,19.471,-0.726,14.951,19.592,-0.771,14.977,0.1316,-2.26,77.54,-117.66,0.763,0.029,10.65,0.4,1.62,50.4,50.4,12.6,-0.06
4099,19.465,-0.718,14.951,19.586,-0.762,14.977,0.1316,-2.22,77.56,-117.69,0.7627,0.0292,10.65,0.41,1.62,50.4,50.4,12.6,-0.06
4100,19.459,-0.71,14.951,19.58,-0.754,14.977,0.1316,-2.2,77.59,-117.71,0.7625,0.0293,10.65,0.41,1.62,50.4,50.4,12.6,-0.06
4101,19.453,-0.702,14.951,19.574,-0.746,14.977,0.1315,-2.18,77.59,-117.73,0.7622,0.0295,10.64,0.41,1.62,50.4,50.4,12.6,-0.06
4102,19.447,-0.694,14.951,19.568,-0.738,14.977,0.1315,-2.15,77.61,-117.75,0.7619,0.0297,10.64,0.41,1.62,50.4,50.4,12.6,-0.06
4103,19.441,-0.686,14.951,19.562,-0.73,14.977,0.1315,-2.13,77.63,-117.77,0.7617,0.0298,10.63,0.42,1.62,50.4,50.4,12.6,-0.06
4104,19.435,-0.678,14.951,19.556,-0.722,14.977,0.1314,-2.11,77.63,-117.8,0.7614,0.03,10.63,0.42,1.62,50.4,50.4,12.6,-0.06
4105,19.429,-0.67,14.951,19.55,-0.714,14.977,0.1314,-2.09,77.65,-117.82,0.7611,0.0302,10.63,0.42,1.62,50.4,50.4,12.6,-0.06
4106,19.423,-0.662,14.951,19.544,-0.706,14.977,0.1314,-2.07,77.67,-117.84,0.7608,0.0303,10.62,0.42,1.62,50.4,50.4,12.6,-0.06
4107,19.417,-0.654,14.951,19.533,-0.796,14.978,0.1849,-2.33,77.67,-117.86,0.7551,0.0359,10.54,0.5,5.65,50.4,50.4,12.6,-2.35
4108,19.412,-0.646,14.951,19.525,-0.793,14.978,0.1879,-2.33,77.7,-117.88,0.7501,0.0406,10.47,0.57,5.87,50.4,50.4,12.6,-2.45
4109,19.406,-0.638,14.951,19.522,-0.686,14.979,0.129,-2.02,77.72,-117.91,0.7452,0.0437,10.4,0.61,1.83,50.4,50.4,12.6,-0.16
4110,19.4,-0.629,14.951,19.517,-0.674,14.977,0.1279,-1.98,77.72,-117.93,0.7515,0.0433,10.49,0.6,1.65,50.4,50.4,12.6,-0.06
4111,19.394,-0.621,14.951,19.512,-0.665,14.976,0.128,-1.96,77.74,-117.95,0.7541,0.0435,10.53,0.61,1.65,50.4,50.4,12.6,-0.06
4112,19.389,-0.613,14.951,19.506,-0.657,14.976,0.128,-1.93,77.76,-117.95,0.7533,0.0437,10.52,0.61,1.66,50.4,50.4,12.6,-0.06
4113,19.383,-0.605,14.951,19.5,-0.649,14.977,0.1279,-1.91,77.76,-117.97,0.7515,0.0438,10.49,0.61,1.66,50.4,50.4,12.6,-0.06
4114,19.377,-0.596,14.951,19.494,-0.64,14.977,0.1278,-1.89,77.78,-117.99,0.7498,0.044,10.47,0.61,1.66,50.4,50.4,12.6,-0.06
4115,19.372,-0.588,14.951,19.489,-0.632,14.977,0.1277,-1.87,77.81,-118.02,0.7497,0.0442,10.47,0.62,1.66,50.4,50.4,12.6,-0.06
4116,19.366,-0.58,14.951,19.483,-0.624,14.977,0.1277,-1.82,77.81,-118.04,0.7495,0.0444,10.46,0.62,1.66,50.4,50.4,12.6,-0.06
4117,19.36,-0.572,14.951,19.477,-0.616,14.977,0.1277,-1.8,77.83,-118.06,0.7492,0.0445,10.46,0.62,1.66,50.4,50.4,12.6,-0.06
4118,19.355,-0.564,14.951,19.472,-0.607,14.977,0.1276,-1.78,77.85,-118.08,0.7489,0.0447,10.46,0.62,1.66,50.4,50.4,12.6,-0.06
4119,19.349,-0.555,14.951,19.466,-0.599,14.977,0.1276,-1.76,77.85,-118.1,0.7486,0.0449,10.45,0.63,1.66,50.4,50.4,12.6,-0.06
4120,19.343,-0.547,14.951,19.46,-0.591,14.977,0.1276,-1.74,77.87,-118.1,0.7484,0.0451,10.45,0.63,1.66,50.4,50.4,12.6,-0.06
4121,19.338,-0.539,14.951,19.454,-0.583,14.977,0.1275,-1.71,77.89,-118.12,0.7481,0.0452,10.45,0.63,1.66,50.4,50.4,12.6,-0.06
4122,19.332,-0.531,14.951,19.449,-0.574,14.977,0.1275,-1.69,77.89,-118.15,0.7478,0.0454,10.44,0.63,1.66,50.4,50.4,12.6,-0.06
4123,19.326,-0.523,14.951,19.443,-0.566,14.977,0.1275,-1.67,77.92,-118.17,0.7475,0.0456,10.44,0.64,1.66,50.4,50.4,12.6,-0.06
4124,19.32,-0.514,14.951,19.437,-0.558,14.977,0.1274,-1.65,77.92,-118.19,0.7473,0.0458,10.43,0.64,1.67,50.4,50.4,12.6,-0.06
4125,19.315,-0.506,14.951,19.429,-0.591,14.978,0.1449,-1.74,77.94,-118.21,0.7415,0.0491,10.35,0.69,3.36,50.4,50.4,12.6,-1.11
4126,19.309,-0.498,14.951,19.42,-0.646,14.978,0.1868,-1.91,77.96,-118.23,0.7366,0.0542,10.28,0.76,5.97,50.4,50.4,12.6,-2.71
4127,19.304,-0.489,14.951,19.414,-0.596,14.978,0.1563,-1.76,77.98,-118.26,0.7316,0.0589,10.22,0.82,4.29,50.4,50.4,12.6,-1.66
4128,19.298,-0.481,14.951,19.411,-0.525,14.976,0.1236,-1.56,77.98,-118.28,0.7379,0.0603,10.3,0.84,1.69,50.4,50.4,12.6,-0.07
4129,19.293,-0.473,14.951,19.406,-0.517,14.975,0.1237,-1.52,78.0,-118.3,0.7393,0.0602,10.32,0.84,1.7,50.4,50.4,12.6,-0.07
4130,19.288,-0.464,14.951,19.4,-0.508,14.976,0.1237,-1.49,78.0,-118.32,0.7387,0.0604,10.31,0.84,1.7,50.4,50.4,12.6,-0.07
4131,19.282,-0.456,14.951,19.395,-0.5,14.976,0.1236,-1.47,78.02,-118.32,0.7384,0.0605,10.31,0.85,1.7,50.4,50.4,12.6,-0.07
4132,19.277,-0.447,14.951,19.389,-0.491,14.976,0.1235,-1.45,78.05,-118.34,0.7368,0.0607,10.29,0.85,1.7,50.4,50.4,12.6,-0.07
4133,19.271,-0.439,14.951,19.384,-0.483,14.977,0.1234,-1.43,78.05,-118.37,0.735,0.0609,10.26,0.85,1.7,50.4,50.4,12.6,-0.07
4134,19.266,-0.431,14.951,19.378,-0.474,14.977,0.1234,-1.41,78.07,-118.39,0.735,0.0611,10.26,0.85,1.7,50.4,50.4,12.6,-0.07
4135,19.26,-0.422,14.951,19.373,-0.466,14.977,0.1234,-1.38,78.09,-118.41,0.7347,0.0613,10.26,0.86,1.7,50.4,50.4,12.6,-0.07
4136,19.255,-0.414,14.951,19.367,-0.457,14.977,0.1233,-1.36,78.09,-118.43,0.7344,0.0615,10.25,0.86,1.7,50.4,50.4,12.6,-0.07
4137,19.25,-0.405,14.951,19.362,-0.449,14.977,0.1233,-1.32,78.11,-118.43,0.7341,0.0616,10.25,0.86,1.7,50.4,50.4,12.6,-0.07
4138,19.244,-0.397,14.951,19.356,-0.441,14.977,0.1233,-1.3,78.11,-118.45,0.7339,0.0618,10.25,0.86,1.7,50.4,50.4,12.6,-0.07
4139,19.239,-0.389,14.951,19.351,-0.432,14.977,0.1232,-1.27,78.13,-118.48,0.7336,0.062,10.24,0.87,1.7,50.4,50.4,12.6,-0.07
4140,19.233,-0.38,14.951,19.346,-0.424,14.977,0.1232,-1.25,78.16,-118.5,0.7333,0.0622,10.24,0.87,1.71,50.4,50.4,12.6,-0.07
4141,19.228,-0.372,14.951,19.34,-0.415,14.977,0.1232,-1.23,78.16,-118.52,0.733,0.0624,10.24,0.87,1.71,50.4,50.4,12.6,-0.07
4142,19.222,-0.363,14.951,19.335,-0.407,14.977,0.1231,-1.21,78.18,-118.54,0.7328,0.0626,10.23,0.87,1.71,50.4,50.4,12.6,-0.07
4143,19.217,-0.355,14.951,19.328,-0.407,14.978,0.1259,-1.21,78.2,-118.54,0.727,0.0635,10.15,0.89,2.06,50.4,50.4,12.6,-0.31
4144,19.212,-0.347,14.951,19.319,-0.494,14.978,0.1847,-1.47,78.2,-118.56,0.7221,0.0689,10.08,0.96,6.03,50.4,50.4,12.6,-2.98
4145,19.206,-0.338,14.951,19.312,-0.478,14.978,0.1778,-1.43,78.22,-118.59,0.7172,0.0737,10.01,1.03,5.72,50.4,50.4,12.6,-2.74
4146,19.201,-0.329,14.951,19.309,-0.373,14.975,0.1189,-1.1,78.24,-118.61,0.7235,0.0784,10.1,1.09,1.73,50.4,50.4,12.6,-0.07
4147,19.196,-0.321,14.951,19.304,-0.365,14.975,0.1189,-1.08,78.24,-118.63,0.7235,0.0784,10.1,1.09,1.74,50.4,50.4,12.6,-0.07
4148,19.191,-0.312,14.951,19.299,-0.356,14.975,0.1189,-1.05,78.27,-118.65,0.7231,0.0785,10.1,1.1,1.74,50.4,50.4,12.6,-0.07
4149,19.186,-0.304,14.951,19.294,-0.347,14.975,0.1189,-1.03,78.27,-118.67,0.7228,0.0787,10.09,1.1,1.74,50.4,50.4,12.6,-0.07
4150,19.181,-0.295,14.951,19.289,-0.339,14.975,0.1188,-1.01,78.29,-118.7,0.7225,0.0788,10.09,1.1,1.74,50.4,50.4,12.6,-0.07
4151,19.176,-0.287,14.95,19.283,-0.33,14.976,0.1187,-0.99,78.29,-118.7,0.7196,0.079,10.05,1.1,1.74,50.4,50.4,12.6,-0.07
4152,19.171,-0.278,14.95,19.278,-0.322,14.976,0.1187,-0.94,78.31,-118.72,0.7195,0.0792,10.05,1.11,1.74,50.4,50.4,12.6,-0.07
4153,19.165,-0.269,14.95,19.273,-0.313,14.976,0.1186,-0.92,78.33,-118.74,0.7192,0.0794,10.04,1.11,1.74,50.4,50.4,12.6,-0.07
4154,19.16,-0.261,14.95,19.268,-0.304,14.976,0.1186,-0.9,78.33,-118.76,0.719,0.0796,10.04,1.11,1.74,50.4,50.4,12.6,-0.07
4155,19.155,-0.252,14.95,19.262,-0.296,14.976,0.1185,-0.88,78.35,-118.76,0.7187,0.0798,10.03,1.11,1.74,50.4,50.4,12.6,-0.07
4156,19.15,-0.244,14.95,19.257,-0.287,14.976,0.1185,-0.86,78.35,-118.78,0.7184,0.08,10.03,1.12,1.74,50.4,50.4,12.6,-0.07
4157,19.145,-0.235,14.95,19.252,-0.278,14.976,0.1185,-0.83,78.38,-118.81,0.7181,0.0802,10.03,1.12,1.74,50.4,50.4,12.6,-0.07
4158,19.14,-0.227,14.95,19.247,-0.27,14.976,0.1184,-0.81,78.38,-118.83,0.7179,0.0804,10.02,1.12,1.74,50.4,50.4,12.6,-0.07
4159,19.135,-0.218,14.95,19.242,-0.261,14.976,0.1184,-0.77,78.4,-118.83,0.7176,0.0806,10.02,1.13,1.74,50.4,50.4,12.6,-0.07
4160,19.129,-0.209,14.95,19.237,-0.253,14.976,0.1183,-0.75,78.42,-118.85,0.7173,0.0808,10.02,1.13,1.75,50.4,50.4,12.6,-0.07
4161,19.124,-0.201,14.95,19.231,-0.246,14.978,0.1188,-0.73,78.42,-118.87,0.7116,0.0811,9.94,1.13,1.83,50.4,50.4,12.6,-0.13
4162,19.119,-0.192,14.95,19.223,-0.339,14.978,0.1812,-1.01,78.44,-118.89,0.7067,0.0867,9.87,1.21,6.04,50.4,50.4,12.6,-3.26
4163,19.114,-0.183,14.95,19.216,-0.329,14.978,0.1795,-0.99,78.46,-118.92,0.7017,0.0914,9.8,1.28,6.01,50.4,50.4,12.6,-3.2
4164,19.11,-0.175,14.95,19.212,-0.218,14.975,0.1142,-0.66,78.46,-118.94,0.7078,0.0962,9.88,1.34,1.77,50.4,50.4,12.6,-0.08
4165,19.105,-0.166,14.95,19.207,-0.209,14.974,0.1136,-0.62,78.49,-118.96,0.7067,0.0982,9.87,1.37,1.77,50.4,50.4,12.6,-0.08
4166,19.1,-0.157,14.95,19.202,-0.201,14.975,0.1137,-0.59,78.49,-118.96,0.7064,0.098,9.86,1.37,1.77,50.4,50.4,12.6,-0.08
4167,19.095,-0.148,14.95,19.197,-0.192,14.975,0.1136,-0.57,78.51,-118.98,0.7062,0.0982,9.86,1.37,1.77,50.4,50.4,12.6,-0.08
4168,19.09,-0.14,14.95,19.192,-0.183,14.975,0.1136,-0.55,78.51,-119.0,0.7053,0.0984,9.85,1.37,1.77,50.4,50.4,12.6,-0.08
4169,19.086,-0.131,14.95,19.187,-0.174,14.976,0.1135,-0.53,78.53,-119.03,0.703,0.0986,9.82,1.38,1.77,50.4,50.4,12.6,-0.08
4170,19.081,-0.122,14.95,19.183,-0.165,14.975,0.1134,-0.48,78.53,-119.03,0.7031,0.0988,9.82,1.38,1.78,50.4,50.4,12.6,-0.08
4171,19.076,-0.113,14.95,19.178,-0.157,14.975,0.1134,-0.46,78.55,-119.05,0.7028,0.099,9.81,1.38,1.78,50.4,50.4,12.6,-0.08
4172,19.071,-0.105,14.95,19.173,-0.148,14.975,0.1133,-0.44,78.57,-119.07,0.7025,0.0992,9.81,1.39,1.78,50.4,50.4,12.6,-0.08
4173,19.066,-0.096,14.95,19.168,-0.139,14.975,0.1133,-0.42,78.57,-119.07,0.7022,0.0994,9.81,1.39,1.78,50.4,50.4,12.6,-0.08
4174,19.061,-0.087,14.95,19.163,-0.13,14.975,0.1132,-0.4,78.6,-119.09,0.702,0.0996,9.8,1.39,1.78,50.4,50.4,12.6,-0.08
4175,19.057,-0.078,14.95,19.158,-0.121,14.975,0.1132,-0.37,78.6,-119.11,0.7017,0.0998,9.8,1.39,1.78,50.4,50.4,12.6,-0.08
4176,19.052,-0.07,14.95,19.153,-0.113,14.975,0.1132,-0.33,78.62,-119.14,0.7014,0.1,9.79,1.4,1.78,50.4,50.4,12.6,-0.08
4177,19.047,-0.061,14.95,19.149,-0.104,14.975,0.1131,-0.31,78.62,-119.14,0.7011,0.1002,9.79,1.4,1.78,50.4,50.4,12.6,-0.08
4178,19.042,-0.052,14.95,19.144,-0.095,14.975,0.1131,-0.29,78.64,-119.16,0.7009,0.1004,9.79,1.4,1.78,50.4,50.4,12.6,-0.08
4179,19.037,-0.043,14.95,19.138,-0.107,14.977,0.1215,-0.33,78.64,-119.18,0.6951,0.1027,9.71,1.43,2.63,50.4,50.4,12.6,-0.78
4180,19.033,-0.035,14.95,19.131,-0.178,14.977,0.1759,-0.53,78.66,-119.2,0.6902,0.1079,9.64,1.51,6.0,50.4,50.4,12.6,-3.54
4181,19.028,-0.026,14.95,19.125,-0.149,14.977,0.1594,-0.44,78.68,-119.22,0.6853,0.1127,9.57,1.57,5.18,50.4,50.4,12.6,-2.84
4182,19.024,-0.017,14.95,19.12,-0.06,14.974,0.1085,-0.18,78.68,-119.25,0.69,0.1174,9.63,1.64,1.8,50.4,50.4,12.6,-0.08
4183,19.019,-0.008,14.95,19.115,-0.051,14.974,0.108,-0.15,78.71,-119.25,0.6891,0.1192,9.62,1.66,1.8,50.4,50.4,12.6,-0.08
4184,19.015,0.001,14.95,19.111,-0.042,14.974,0.108,-0.13,78.71,-119.27,0.6888,0.1191,9.62,1.66,1.8,50.4,50.4,12.6,-0.08
4185,19.01,0.01,14.95,19.106,-0.033,14.975,0.108,-0.09,78.73,-119.29,0.6875,0.1193,9.6,1.67,1.81,50.4,50.4,12.6,-0.08
4186,19.006,0.019,14.95,19.102,-0.024,14.975,0.1079,-0.07,78.73,-119.29,0.686,0.1195,9.58,1.67,1.81,50.4,50.4,12.6,-0.08
4187,19.001,0.028,14.95,19.097,-0.015,14.975,0.1078,-0.04,78.75,-119.31,0.6859,0.1197,9.58,1.67,1.81,50.4,50.4,12.6,-0.08
4188,18.997,0.037,14.95,19.093,-0.006,14.975,0.1078,-0.02,78.75,-119.33,0.6856,0.1199,9.57,1.67,1.81,50.4,50.4,12.6,-0.08
4189,18.992,0.046,14.95,19.088,0.003,14.975,0.1077,0.0,78.77,-119.33,0.6854,0.1201,9.57,1.68,1.81,50.4,50.4,12.6,-0.08
4190,18.988,0.055,14.95,19.084,0.012,14.975,0.1077,0.04,78.77,-119.36,0.6851,0.1203,9.57,1.68,1.81,50.4,50.4,12.6,-0.08
4191,18.983,0.064,14.95,19.079,0.021,14.975,0.1077,0.07,78.79,-119.38,0.6848,0.1205,9.56,1.68,1.81,50.4,50.4,12.6,-0.08
4192,18.979,0.073,14.95,19.074,0.03,14.975,0.1076,0.09,78.79,-119.38,0.6845,0.1207,9.56,1.69,1.81,50.4,50.4,12.6,-0.08
4193,18.974,0.082,14.95,19.07,0.039,14.975,0.1076,0.11,78.82,-119.4,0.6843,0.121,9.55,1.69,1.81,50.4,50.4,12.6,-0.09
4194,18.97,0.091,14.95,19.065,0.048,14.975,0.1075,0.15,78.82,-119.42,0.684,0.1212,9.55,1.69,1.81,50.4,50.4,12.6,-0.09
4195,18.965,0.1,14.95,19.061,0.057,14.975,0.1075,0.18,78.84,-119.42,0.6837,0.1214,9.55,1.69,1.81,50.4,50.4,12.6,-0.09
4196,18.961,0.108,14.95,19.056,0.066,14.975,0.1074,0.2,78.84,-119.44,0.6834,0.1216,9.54,1.7,1.81,50.4,50.4,12.6,-0.09
4197,18.956,0.117,14.95,19.05,0.014,14.975,0.1416,0.04,78.86,-119.47,0.6777,0.1271,9.46,1.78,4.35,50.4,50.4,12.6,-2.43
4198,18.952,0.126,14.95,19.044,-0.013,14.975,0.169,-0.04,78.86,-119.49,0.6728,0.1319,9.39,1.84,5.88,50.4,50.4,12.6,-3.83
4199,18.948,0.136,14.95,19.039,0.057,14.976,0.1227,0.18,78.88,-119.49,0.6679,0.1366,9.33,1.91,3.34,50.4,50.4,12.6,-1.48
4200,18.944,0.145,14.95,19.034,0.102,14.974,0.102,0.31,78.88,-119.51,0.6694,0.1414,9.35,1.97,1.83,50.4,50.4,12.6,-0.09
4201,18.94,0.154,14.95,19.029,0.111,14.974,0.102,0.33,78.9,-119.53,0.6685,0.1415,9.33,1.98,1.83,50.4,50.4,12.6,-0.09
4202,18.936,0.163,14.95,19.025,0.12,14.974,0.102,0.35,78.9,-119.53,0.6683,0.1416,9.33,1.98,1.83,50.4,50.4,12.6,-0.09
4203,18.932,0.172,14.95,19.021,0.129,14.974,0.1019,0.4,78.93,-119.55,0.668,0.1418,9.33,1.98,1.83,50.4,50.4,12.6,-0.09
4204,18.928,0.181,14.95,19.017,0.138,14.974,0.1019,0.42,78.93,-119.58,0.6678,0.142,9.32,1.98,1.83,50.4,50.4,12.6,-0.09
4205,18.923,0.19,14.95,19.013,0.148,14.974,0.1018,0.44,78.95,-119.58,0.6675,0.1423,9.32,1.99,1.83,50.4,50.4,12.6,-0.09
4206,18.919,0.199,14.95,19.009,0.157,14.974,0.1018,0.48,78.95,-119.6,0.6672,0.1425,9.32,1.99,1.83,50.4,50.4,12.6,-0.09
4207,18.915,0.209,14.95,19.004,0.166,14.974,0.1017,0.51,78.97,-119.6,0.6669,0.1427,9.31,1.99,1.83,50.4,50.4,12.6,-0.09
4208,18.911,0.218,14.95,19.0,0.175,14.974,0.1017,0.53,78.97,-119.62,0.6667,0.1429,9.31,2.0,1.84,50.4,50.4,12.6,-0.09
4209,18.907,0.227,14.95,18.996,0.184,14.974,0.1016,0.55,78.97,-119.62,0.6664,0.1431,9.3,2.0,1.84,50.4,50.4,12.6,-0.09
4210,18.903,0.236,14.95,18.992,0.193,14.974,0.1016,0.59,78.99,-119.64,0.6661,0.1434,9.3,2.0,1.84,50.4,50.4,12.6,-0.09
4211,18.899,0.245,14.95,18.988,0.203,14.974,0.1015,0.62,78.99,-119.66,0.6658,0.1436,9.3,2.0,1.84,50.4,50.4,12.6,-0.09
4212,18.895,0.254,14.95,18.984,0.212,14.974,0.1015,0.64,79.01,-119.66,0.6655,0.1438,9.29,2.01,1.84,50.4,50.4,12.6,-0.09
4213,18.891,0.263,14.95,18.98,0.221,14.974,0.1014,0.66,79.01,-119.69,0.6653,0.144,9.29,2.01,1.84,50.4,50.4,12.6,-0.09
4214,18.886,0.272,14.95,18.974,0.204,14.975,0.114,0.62,79.04,-119.71,0.6596,0.1476,9.21,2.06,2.93,50.4,50.4,12.6,-1.25
4215,18.882,0.281,14.95,18.969,0.149,14.975,0.1604,0.44,79.06,-119.71,0.6547,0.1527,9.14,2.13,5.64,50.4,50.4,12.6,-4.11
4216,18.879,0.291,14.95,18.964,0.184,14.975,0.139,0.55,79.06,-119.73,0.6498,0.1574,9.07,2.2,4.57,50.4,50.4,12.6,-2.96
4217,18.875,0.3,14.95,18.958,0.257,14.974,0.0965,0.77,79.06,-119.75,0.6515,0.1622,9.1,2.26,1.85,50.4,50.4,12.6,-0.1
4218,18.871,0.309,14.95,18.954,0.267,14.973,0.0955,0.81,79.08,-119.77,0.6511,0.1658,9.09,2.32,1.85,50.4,50.4,12.6,-0.1
4219,18.868,0.319,14.95,18.95,0.276,14.973,0.0956,0.83,79.08,-119.77,0.6496,0.1654,9.07,2.31,1.85,50.4,50.4,12.6,-0.1
4220,18.864,0.328,14.95,18.946,0.285,14.973,0.0955,0.86,79.1,-119.79,0.6488,0.1656,9.06,2.31,1.85,50.4,50.4,12.6,-0.1
4221,18.86,0.337,14.95,18.942,0.295,14.973,0.0955,0.9,79.1,-119.79,0.6486,0.1659,9.06,2.32,1.85,50.4,50.4,12.6,-0.1
4222,18.856,0.346,14.95,18.939,0.304,14.973,0.0954,0.92,79.1,-119.82,0.6484,0.1661,9.05,2.32,1.85,50.4,50.4,12.6,-0.1
4223,18.853,0.356,14.95,18.935,0.313,14.973,0.0954,0.94,79.12,-119.82,0.6481,0.1663,9.05,2.32,1.86,50.4,50.4,12.6,-0.1
4224,18.849,0.365,14.95,18.931,0.323,14.973,0.0953,0.97,79.12,-119.84,0.6478,0.1665,9.05,2.33,1.86,50.4,50.4,12.6,-0.1
4225,18.845,0.374,14.95,18.927,0.332,14.973,0.0953,1.01,79.15,-119.84,0.6475,0.1668,9.04,2.33,1.86,50.4,50.4,12.6,-0.1
4226,18.842,0.384,14.95,18.924,0.341,14.973,0.0952,1.03,79.15,-119.86,0.6473,0.167,9.04,2.33,1.86,50.4,50.4,12.6,-0.1
4227,18.838,0.393,14.95,18.92,0.351,14.973,0.0952,1.05,79.15,-119.86,0.647,0.1672,9.03,2.33,1.86,50.4,50.4,12.6,-0.1
4228,18.834,0.402,14.95,18.916,0.36,14.973,0.0951,1.1,79.17,-119.88,0.6467,0.1674,9.03,2.34,1.86,50.4,50.4,12.6,-0.1
4229,18.83,0.411,14.95,18.912,0.369,14.973,0.0951,1.12,79.17,-119.88,0.6464,0.1677,9.03,2.34,1.86,50.4,50.4,12.6,-0.1
4230,18.827,0.421,14.95,18.909,0.379,14.973,0.095,1.14,79.19,-119.9,0.6462,0.1679,9.02,2.34,1.86,50.4,50.4,12.6,-0.1
4231,18.823,0.43,14.95,18.904,0.374,14.975,0.1016,1.14,79.19,-119.9,0.6405,0.1703,8.94,2.38,2.45,50.4,50.4,12.6,-0.83
4232,18.819,0.439,14.95,18.9,0.315,14.975,0.15,0.94,79.21,-119.93,0.6356,0.1755,8.88,2.45,5.33,50.4,50.4,12.6,-4.38
4233,18.816,0.449,14.95,18.895,0.338,14.975,0.138,1.03,79.21,-119.95,0.6308,0.1803,8.81,2.52,4.76,50.4,50.4,12.6,-3.65
4234,18.813,0.458,14.95,18.889,0.416,14.973,0.0903,1.25,79.23,-119.97,0.631,0.185,8.81,2.58,1.87,50.4,50.4,12.6,-0.1
4235,18.809,0.468,14.95,18.885,0.425,14.972,0.089,1.3,79.23,-119.97,0.6308,0.1898,8.81,2.65,1.87,50.4,50.4,12.6,-0.1
4236,18.806,0.477,14.95,18.881,0.435,14.972,0.0888,1.32,79.23,-119.99,0.6305,0.1909,8.8,2.66,1.87,50.4,50.4,12.6,-0.1
4237,18.803,0.486,14.95,18.878,0.444,14.972,0.0888,1.34,79.26,-119.99,0.6292,0.1909,8.79,2.66,1.87,50.4,50.4,12.6,-0.1
4238,18.799,0.496,14.95,18.874,0.454,14.973,0.0887,1.38,79.26,-120.01,0.6285,0.1911,8.78,2.67,1.87,50.4,50.4,12.6,-0.1
4239,18.796,0.505,14.95,18.871,0.463,14.973,0.0886,1.41,79.26,-120.01,0.6283,0.1913,8.77,2.67,1.87,50.4,50.4,12.6,-0.1
4240,18.793,0.515,14.95,18.867,0.473,14.973,0.0886,1.43,79.28,-120.01,0.628,0.1916,8.77,2.67,1.87,50.4,50.4,12.6,-0.1
4241,18.79,0.524,14.95,18.864,0.482,14.973,0.0885,1.47,79.28,-120.04,0.6278,0.1918,8.77,2.68,1.87,50.4,50.4,12.6,-0.1
4242,18.786,0.534,14.95,18.861,0.492,14.973,0.0885,1.49,79.28,-120.04,0.6275,0.192,8.76,2.68,1.87,50.4,50.4,12.6,-0.1
4243,18.783,0.543,14.95,18.857,0.501,14.973,0.0884,1.52,79.3,-120.06,0.6272,0.1923,8.76,2.68,1.87,50.4,50.4,12.6,-0.1
4244,18.78,0.553,14.95,18.854,0.511,14.973,0.0884,1.56,79.3,-120.06,0.627,0.1925,8.75,2.69,1.87,50.4,50.4,12.6,-0.1
4245,18.776,0.562,14.95,18.851,0.52,14.973,0.0883,1.58,79.3,-120.08,0.6267,0.1927,8.75,2.69,1.87,50.4,50.4,12.6,-0.1
4246,18.773,0.571,14.95,18.847,0.53,14.973,0.0883,1.6,79.32,-120.08,0.6264,0.193,8.75,2.69,1.87,50.4,50.4,12.6,-0.1
4247,18.77,0.581,14.95,18.844,0.539,14.973,0.0882,1.65,79.32,-120.1,0.6262,0.1932,8.74,2.7,1.87,50.4,50.4,12.6,-0.1
4248,18.766,0.59,14.95,18.84,0.53,14.973,0.0981,1.6,79.34,-120.1,0.6205,0.1969,8.66,2.75,2.68,50.4,50.4,12.6,-1.3
4249,18.763,0.6,14.95,18.837,0.486,14.974,0.1374,1.47,79.34,-120.12,0.6157,0.202,8.6,2.82,4.93,50.4,50.4,12.6,-4.64
4250,18.76,0.609,14.95,18.831,0.514,14.974,0.1211,1.56,79.37,-120.15,0.6108,0.2067,8.53,2.89,4.14,50.4,50.4,12.6,-3.45
4251,18.757,0.619,14.95,18.826,0.577,14.973,0.0833,1.76,79.37,-120.15,0.6097,0.2115,8.51,2.95,1.88,50.4,50.4,12.6,-0.11
4252,18.755,0.628,14.95,18.822,0.587,14.971,0.082,1.78,79.37,-120.17,0.6096,0.2162,8.51,3.02,1.88,50.4,50.4,12.6,-0.11
4253,18.752,0.638,14.95,18.819,0.596,14.972,0.0817,1.82,79.39,-120.17,0.6083,0.2174,8.49,3.04,1.88,50.4,50.4,12.6,-0.11
4254,18.749,0.648,14.95,18.816,0.606,14.972,0.0817,1.85,79.39,-120.17,0.6079,0.2174,8.49,3.04,1.88,50.4,50.4,12.6,-0.11
4255,18.746,0.657,14.95,18.813,0.615,14.972,0.0817,1.87,79.39,-120.19,0.6077,0.2177,8.49,3.04,1.88,50.4,50.4,12.6,-0.11
4256,18.743,0.667,14.95,18.81,0.625,14.972,0.0816,1.91,79.39,-120.19,0.6075,0.2179,8.48,3.04,1.88,50.4,50.4,12.6,-0.11
4257,18.74,0.676,14.95,18.807,0.635,14.972,0.0816,1.93,79.41,-120.21,0.6072,0.2181,8.48,3.05,1.88,50.4,50.4,12.6,-0.11
4258,18.737,0.686,14.95,18.804,0.644,14.972,0.0815,1.96,79.41,-120.21,0.6069,0.2184,8.47,3.05,1.88,50.4,50.4,12.6,-0.11
4259,18.735,0.696,14.95,18.801,0.654,14.972,0.0814,2.0,79.41,-120.21,0.6067,0.2186,8.47,3.05,1.88,50.4,50.4,12.6,-0.11
4260,18.732,0.705,14.95,18.798,0.663,14.972,0.0814,2.02,79.43,-120.23,0.6064,0.2189,8.47,3.06,1.88,50.4,50.4,12.6,-0.11
4261,18.729,0.715,14.95,18.795,0.673,14.972,0.0813,2.04,79.43,-120.23,0.6061,0.2191,8.46,3.06,1.88,50.4,50.4,12.6,-0.11
4262,18.726,0.724,14.95,18.792,0.683,14.972,0.0813,2.09,79.43,-120.23,0.6059,0.2194,8.46,3.06,1.88,50.4,50.4,12.6,-0.11
4263,18.723,0.734,14.95,18.789,0.692,14.972,0.0812,2.11,79.43,-120.26,0.6056,0.2196,8.46,3.07,1.88,50.4,50.4,12.6,-0.11
4264,18.72,0.743,14.95,18.786,0.702,14.972,0.0812,2.13,79.45,-120.26,0.6053,0.2198,8.45,3.07,1.88,50.4,50.4,12.6,-0.11
4265,18.717,0.753,14.95,18.783,0.678,14.972,0.1018,2.07,79.45,-120.28,0.5997,0.2254,8.37,3.15,3.28,50.4,50.4,12.6,-2.73
4266,18.715,0.763,14.95,18.78,0.661,14.972,0.1227,2.02,79.48,-120.28,0.5949,0.2302,8.31,3.21,4.44,50.4,50.4,12.6,-4.88
4267,18.712,0.772,14.95,18.774,0.704,14.972,0.0953,2.15,79.48,-120.3,0.59,0.2349,8.24,3.28,3.03,50.4,50.4,12.6,-2.26
4268,18.71,0.782,14.95,18.769,0.74,14.973,0.0759,2.26,79.5,-120.3,0.5852,0.2397,8.17,3.35,1.88,50.4,50.4,12.6,-0.11
4269,18.707,0.792,14.95,18.766,0.75,14.971,0.0747,2.29,79.5,-120.32,0.585,0.2445,8.17,3.41,1.88,50.4,50.4,12.6,-0.11
4270,18.705,0.802,14.95,18.763,0.76,14.971,0.0745,2.33,79.5,-120.32,0.5869,0.2451,8.2,3.42,1.88,50.4,50.4,12.6,-0.11
4271,18.703,0.811,14.95,18.761,0.77,14.971,0.0745,2.35,79.5,-120.34,0.5864,0.2452,8.19,3.42,1.88,50.4,50.4,12.6,-0.11
4272,18.7,0.821,14.95,18.759,0.779,14.971,0.0745,2.37,79.5,-120.34,0.5861,0.2455,8.18,3.43,1.88,50.4,50.4,12.6,-0.11
4273,18.698,0.831,14.95,18.756,0.789,14.971,0.0744,2.42,79.52,-120.34,0.5859,0.2457,8.18,3.43,1.88,50.4,50.4,12.6,-0.11
4274,18.695,0.84,14.95,18.754,0.799,14.971,0.0744,2.44,79.52,-120.34,0.5856,0.246,8.18,3.43,1.88,50.4,50.4,12.6,-0.11
4275,18.693,0.85,14.95,18.751,0.809,14.971,0.0743,2.46,79.52,-120.37,0.5854,0.2462,8.17,3.44,1.88,50.4,50.4,12.6,-0.11
4276,18.691,0.86,14.95,18.749,0.818,14.971,0.0742,2.5,79.52,-120.37,0.5851,0.2465,8.17,3.44,1.88,50.4,50.4,12.6,-0.11
4277,18.688,0.869,14.95,18.746,0.828,14.971,0.0742,2.53,79.52,-120.37,0.5848,0.2467,8.17,3.44,1.88,50.4,50.4,12.6,-0.11
4278,18.686,0.879,14.95,18.744,0.838,14.971,0.0741,2.55,79.54,-120.39,0.5846,0.247,8.16,3.45,1.88,50.4,50.4,12.6,-0.11
4279,18.683,0.889,14.95,18.741,0.848,14.971,0.0741,2.59,79.54,-120.39,0.5843,0.2472,8.16,3.45,1.88,50.4,50.4,12.6,-0.11
4280,18.681,0.899,14.95,18.739,0.857,14.971,0.074,2.61,79.54,-120.39,0.5841,0.2475,8.16,3.46,1.88,50.4,50.4,12.6,-0.11
4281,18.679,0.908,14.95,18.736,0.866,14.972,0.0744,2.64,79.56,-120.41,0.5784,0.2479,8.08,3.46,1.91,50.4,50.4,12.6,-0.18
4282,18.676,0.918,14.95,18.734,0.83,14.972,0.1071,2.55,79.56,-120.41,0.5736,0.2534,8.01,3.54,3.85,50.4,50.4,12.6,-5.09
4283,18.674,0.928,14.95,18.73,0.841,14.972,0.1059,2.57,79.56,-120.41,0.5688,0.2582,7.94,3.61,3.83,50.4,50.4,12.6,-5.02
4284,18.672,0.938,14.95,18.724,0.896,14.972,0.07,2.75,79.58,-120.43,0.5651,0.263,7.89,3.67,1.87,50.4,50.4,12.6,-0.11
4285,18.67,0.947,14.95,18.721,0.906,14.971,0.0687,2.77,79.58,-120.43,0.5655,0.2677,7.9,3.74,1.87,50.4,50.4,12.6,-0.11
4286,18.668,0.957,14.95,18.718,0.916,14.97,0.0675,2.81,79.58,-120.45,0.5653,0.2725,7.89,3.81,1.87,50.4,50.4,12.6,-0.11
4287,18.667,0.967,14.95,18.716,0.926,14.969,0.0671,2.83,79.58,-120.45,0.565,0.2742,7.89,3.83,1.87,50.4,50.4,12.6,-0.11
4288,18.665,0.977,14.95,18.714,0.936,14.969,0.0672,2.86,79.58,-120.45,0.5648,0.2741,7.89,3.83,1.87,50.4,50.4,12.6,-0.11
4289,18.663,0.987,14.95,18.712,0.945,14.969,0.0671,2.9,79.58,-120.48,0.5645,0.2744,7.88,3.83,1.87,50.4,50.4,12.6,-0.11
4290,18.661,0.997,14.95,18.71,0.955,14.969,0.067,2.92,79.61,-120.48,0.5643,0.2746,7.88,3.83,1.87,50.4,50.4,12.6,-0.11
4291,18.659,1.006,14.95,18.708,0.965,14.969,0.067,2.94,79.61,-120.48,0.564,0.2749,7.88,3.84,1.87,50.4,50.4,12.6,-0.11
4292,18.657,1.016,14.95,18.706,0.975,14.969,0.0669,2.99,79.61,-120.48,0.5638,0.2751,7.87,3.84,1.87,50.4,50.4,12.6,-0.11
4293,18.655,1.026,14.95,18.704,0.985,14.969,0.0669,3.01,79.61,-120.48,0.5635,0.2754,7.87,3.85,1.87,50.4,50.4,12.6,-0.11
4294,18.653,1.036,14.95,18.702,0.995,14.969,0.0668,3.05,79.61,-120.5,0.5632,0.2756,7.86,3.85,1.87,50.4,50.4,12.6,-0.11
4295,18.651,1.046,14.95,18.7,1.005,14.97,0.0668,3.08,79.61,-120.5,0.5624,0.2759,7.85,3.85,1.87,50.4,50.4,12.6,-0.11
4296,18.649,1.055,14.95,18.698,1.014,14.97,0.0667,3.1,79.63,-120.5,0.5622,0.2762,7.85,3.86,1.87,50.4,50.4,12.6,-0.11
4297,18.647,1.065,14.95,18.696,1.024,14.97,0.0667,3.14,79.63,-120.5,0.562,0.2764,7.85,3.86,1.87,50.4,50.4,12.6,-0.11
4298,18.645,1.075,14.95,18.693,1.014,14.97,0.0801,3.1,79.63,-120.52,0.5564,0.282,7.77,3.94,2.72,50.4,50.4,12.6,-3.4
4299,18.644,1.085,14.95,18.691,1.013,14.97,0.0885,3.1,79.65,-120.52,0.5516,0.2867,7.7,4.0,3.2,50.4,50.4,12.6,-5.27
4300,18.642,1.095,14.95,18.686,1.043,14.97,0.0713,3.19,79.65,-120.52,0.5468,0.2915,7.63,4.07,2.34,50.4,50.4,12.6,-1.99
4301,18.641,1.105,14.95,18.683,1.064,14.97,0.0619,3.25,79.65,-120.54,0.542,0.2963,7.57,4.14,1.85,50.4,50.4,12.6,-0.12
4302,18.639,1.115,14.95,18.68,1.074,14.971,0.0609,3.3,79.65,-120.54,0.5372,0.301,7.5,4.2,1.85,50.4,50.4,12.6,-0.12
4303,18.638,1.124,14.95,18.678,1.083,14.968,0.0601,3.32,79.65,-120.54,0.5416,0.3039,7.56,4.24,1.85,50.4,50.4,12.6,-0.12
4304,18.637,1.134,14.95,18.677,1.093,14.968,0.0602,3.34,79.65,-120.54,0.5419,0.3037,7.57,4.24,1.85,50.4,50.4,12.6,-0.12
4305,18.635,1.144,14.95,18.675,1.103,14.968,0.0601,3.38,79.65,-120.56,0.5415,0.3039,7.56,4.24,1.85,50.4,50.4,12.6,-0.12
4306,18.634,1.154,14.95,18.674,1.113,14.968,0.0601,3.41,79.67,-120.56,0.5413,0.3042,7.56,4.25,1.85,50.4,50.4,12.6,-0.12
4307,18.632,1.164,14.95,18.672,1.123,14.968,0.06,3.45,79.67,-120.56,0.5411,0.3044,7.55,4.25,1.85,50.4,50.4,12.6,-0.12
4308,18.631,1.174,14.95,18.671,1.133,14.968,0.06,3.47,79.67,-120.56,0.5408,0.3047,7.55,4.25,1.85,50.4,50.4,12.6,-0.12
4309,18.629,1.184,14.95,18.669,1.143,14.968,0.0599,3.49,79.67,-120.56,0.5406,0.305,7.55,4.26,1.85,50.4,50.4,12.6,-0.12
4310,18.628,1.194,14.95,18.668,1.153,14.968,0.0599,3.54,79.67,-120.56,0.5404,0.3052,7.55,4.26,1.85,50.4,50.4,12.6,-0.12
4311,18.627,1.204,14.95,18.666,1.163,14.968,0.0598,3.56,79.67,-120.56,0.5401,0.3055,7.54,4.27,1.85,50.4,50.4,12.6,-0.12
4312,18.625,1.214,14.95,18.665,1.173,14.968,0.0598,3.6,79.67,-120.56,0.5399,0.3057,7.54,4.27,1.85,50.4,50.4,12.6,-0.12
4313,18.624,1.223,14.95,18.663,1.183,14.968,0.0597,3.63,79.67,-120.59,0.5397,0.306,7.54,4.27,1.85,50.4,50.4,12.6,-0.12
4314,18.622,1.233,14.95,18.66,1.187,14.969,0.0631,3.65,79.69,-120.59,0.5341,0.3116,7.46,4.35,2.1,50.4,50.4,12.6,-2.22
4315,18.621,1.243,14.95,18.658,1.188,14.969,0.0694,3.65,79.69,-120.59,0.5293,0.3163,7.39,4.42,2.47,50.4,50.4,12.6,-5.41
4316,18.62,1.253,14.95,18.655,1.204,14.969,0.0635,3.69,79.69,-120.61,0.5245,0.3211,7.32,4.48,2.21,50.4,50.4,12.6,-3.3
4317,18.619,1.263,14.95,18.652,1.223,14.969,0.0555,3.76,79.69,-120.61,0.5197,0.3259,7.26,4.55,1.83,50.4,50.4,12.6,-0.12
4318,18.618,1.273,14.95,18.65,1.232,14.969,0.0546,3.78,79.69,-120.61,0.5183,0.3307,7.24,4.62,1.83,50.4,50.4,12.6,-0.12
4319,18.617,1.283,14.95,18.648,1.242,14.967,0.0537,3.8,79.69,-120.61,0.5195,0.3343,7.25,4.67,1.83,50.4,50.4,12.6,-0.12
4320,18.616,1.293,14.95,18.647,1.252,14.967,0.0538,3.85,79.69,-120.61,0.5191,0.3339,7.25,4.66,1.83,50.4,50.4,12.6,-0.12
4321,18.616,1.303,14.95,18.646,1.262,14.967,0.0538,3.87,79.72,-120.61,0.5189,0.3342,7.24,4.67,1.83,50.4,50.4,12.6,-0.12
4322,18.615,1.313,14.95,18.645,1.272,14.967,0.0537,3.91,79.72,-120.61,0.5187,0.3345,7.24,4.67,1.83,50.4,50.4,12.6,-0.12
4323,18.614,1.323,14.95,18.644,1.282,14.967,0.0537,3.93,79.72,-120.61,0.5184,0.3347,7.24,4.67,1.83,50.4,50.4,12.6,-0.12
4324,18.613,1.333,14.95,18.643,1.292,14.967,0.0536,3.96,79.72,-120.61,0.5182,0.335,7.24,4.68,1.83,50.4,50.4,12.6,-0.12
4325,18.612,1.343,14.95,18.642,1.302,14.967,0.0536,4.0,79.72,-120.63,0.518,0.3353,7.23,4.68,1.83,50.4,50.4,12.6,-0.12
4326,18.611,1.353,14.95,18.641,1.312,14.967,0.0535,4.02,79.72,-120.63,0.5178,0.3355,7.23,4.68,1.83,50.4,50.4,12.6,-0.12
4327,18.61,1.363,14.95,18.64,1.322,14.967,0.0535,4.06,79.72,-120.63,0.5176,0.3358,7.23,4.69,1.83,50.4,50.4,12.6,-0.12
4328,18.609,1.373,14.95,18.639,1.332,14.967,0.0535,4.09,79.72,-120.63,0.5173,0.3361,7.22,4.69,1.83,50.4,50.4,12.6,-0.12
4329,18.608,1.383,14.95,18.638,1.342,14.967,0.0534,4.11,79.72,-120.63,0.5171,0.3363,7.22,4.7,1.83,50.4,50.4,12.6,-0.12
4330,18.607,1.393,14.95,18.636,1.353,14.968,0.0522,4.15,79.72,-120.63,0.5115,0.3409,7.14,4.76,1.79,50.4,50.4,12.6,-1.6
4331,18.607,1.403,14.95,18.626,1.364,14.989,0.058,4.2,79.78,-120.63,0.4431,0.3458,6.19,4.83,1.7,50.4,50.4,12.6,-5.5
4332,18.606,1.413,14.95,18.609,1.373,14.972,0.0458,4.22,79.78,-120.7,0.4383,0.4142,6.12,5.78,1.72,50.4,50.4,12.6,-4.02
4333,18.606,1.423,14.95,18.624,1.382,14.991,0.061,4.24,79.78,-120.63,0.4357,0.3441,6.08,4.81,1.8,50.4,50.4,12.6,-0.12
4334,18.605,1.433,14.95,18.624,1.392,14.993,0.0624,4.28,79.8,-120.63,0.4325,0.3394,6.04,4.74,1.8,50.4,50.4,12.6,-0.12
4335,18.605,1.443,14.95,18.625,1.402,14.994,0.063,4.31,79.78,-120.63,0.4329,0.3346,6.04,4.67,1.8,50.4,50.4,12.6,-0.12
4336,18.605,1.453,14.95,18.625,1.412,14.995,0.0637,4.33,79.78,-120.61,0.4327,0.3298,6.04,4.61,1.8,50.4,50.4,12.6,-0.12
4337,18.604,1.463,14.95,18.625,1.422,14.995,0.0643,4.37,79.78,-120.61,0.4325,0.325,6.04,4.54,1.8,50.4,50.4,12.6,-0.12
4338,18.604,1.473,14.95,18.624,1.432,14.995,0.0637,4.39,79.78,-120.61,0.4323,0.3254,6.04,4.54,1.8,50.4,50.4,12.6,-0.12
4339,18.603,1.483,14.95,18.623,1.442,14.994,0.0631,4.44,79.78,-120.61,0.4321,0.3251,6.03,4.54,1.8,50.4,50.4,12.6,-0.12
4340,18.603,1.493,14.95,18.622,1.452,14.994,0.0626,4.46,79.78,-120.61,0.4319,0.3249,6.03,4.54,1.8,50.4,50.4,12.6,-0.12
4341,18.603,1.503,14.95,18.621,1.462,14.993,0.0621,4.48,79.78,-120.63,0.4317,0.3246,6.03,4.53,1.79,50.4,50.4,12.6,-0.12
4342,18.602,1.513,14.95,18.62,1.472,14.993,0.0616,4.53,79.78,-120.63,0.4315,0.3243,6.02,4.53,1.79,50.4,50.4,12.6,-0.12
4343,18.602,1.523,14.95,18.619,1.482,14.992,0.061,4.55,79.78,-120.63,0.4313,0.3241,6.02,4.53,1.79,50.4,50.4,12.6,-0.12
4344,18.601,1.533,14.95,18.618,1.492,14.992,0.0605,4.59,79.78,-120.63,0.4311,0.3238,6.02,4.52,1.79,50.4,50.4,12.6,-0.12
4345,18.601,1.543,14.95,18.617,1.502,14.991,0.06,4.61,79.78,-120.63,0.4309,0.3236,6.02,4.52,1.79,50.4,50.4,12.6,-0.12
4346,18.601,1.553,14.95,18.614,1.517,14.99,0.0552,4.66,79.78,-120.63,0.4274,0.3292,5.97,4.6,1.57,50.4,50.4,12.6,-1.47
4347,18.6,1.563,14.95,18.611,1.543,14.99,0.0454,4.75,79.78,-120.63,0.4223,0.334,5.9,4.66,0.88,50.4,50.4,12.6,-5.55
4348,18.6,1.573,14.95,18.609,1.548,14.989,0.047,4.75,79.8,-120.65,0.4176,0.3388,5.83,4.73,1.09,50.4,50.4,12.6,-4.2
4349,18.601,1.583,14.95,18.61,1.542,14.991,0.0586,4.75,79.8,-120.63,0.4128,0.3323,5.76,4.64,1.76,50.4,50.4,12.6,-0.12
4350,18.601,1.593,14.95,18.608,1.552,14.99,0.0573,4.77,79.8,-120.65,0.4091,0.3388,5.71,4.73,1.76,50.4,50.4,12.6,-0.12
4351,18.601,1.603,14.95,18.606,1.562,14.988,0.0557,4.79,79.8,-120.65,0.4096,0.3436,5.72,4.8,1.76,50.4,50.4,12.6,-0.12
4352,18.601,1.613,14.95,18.59,1.57,14.969,0.0475,4.83,79.78,-120.72,0.4094,0.412,5.72,5.75,1.76,50.4,50.4,12.6,-0.12
4353,18.601,1.623,14.95,18.588,1.58,14.967,0.0473,4.86,79.78,-120.72,0.4092,0.4168,5.71,5.82,1.76,50.4,50.4,12.6,-0.12
4354,18.601,1.633,14.95,18.587,1.59,14.965,0.0473,4.9,79.78,-120.72,0.409,0.4216,5.71,5.89,1.76,50.4,50.4,12.6,-0.12
4355,18.601,1.643,14.95,18.585,1.6,14.963,0.0474,4.92,79.78,-120.72,0.4088,0.4263,5.71,5.95,1.76,50.4,50.4,12.6,-0.12
4356,18.601,1.653,14.95,18.584,1.61,14.962,0.0476,4.94,79.78,-120.74,0.4087,0.4311,5.71,6.02,1.76,50.4,50.4,12.6,-0.12
4357,18.602,1.663,14.95,18.583,1.62,14.96,0.0479,4.99,79.78,-120.74,0.4092,0.4359,5.71,6.09,1.75,50.4,50.4,12.6,-0.12
4358,18.602,1.673,14.95,18.581,1.63,14.958,0.0483,5.01,79.78,-120.74,0.4089,0.4407,5.71,6.15,1.75,50.4,50.4,12.6,-0.12
4359,18.602,1.683,14.95,18.58,1.639,14.957,0.0487,5.03,79.78,-120.74,0.4087,0.4455,5.71,6.22,1.75,50.4,50.4,12.6,-0.12
4360,18.602,1.693,14.95,18.579,1.649,14.955,0.0492,5.08,79.78,-120.74,0.4085,0.4502,5.7,6.29,1.75,50.4,50.4,12.6,-0.12
4361,18.602,1.703,14.95,18.578,1.659,14.954,0.0498,5.1,79.78,-120.74,0.4084,0.455,5.7,6.35,1.75,50.4,50.4,12.6,-0.12
4362,18.602,1.713,14.95,18.575,1.681,14.954,0.0418,5.16,79.78,-120.74,0.404,0.4598,5.64,6.42,1.25,50.4,50.4,12.6,-1.74
4363,18.603,1.723,14.95,18.571,1.718,14.954,0.0317,5.3,79.78,-120.74,0.3991,0.4646,5.57,6.49,0.05,50.4,50.4,12.6,-5.56
4364,18.603,1.733,14.95,18.571,1.717,14.954,0.0359,5.27,79.78,-120.74,0.3943,0.4694,5.51,6.55,0.54,50.4,50.4,12.6,-3.93
4365,18.604,1.743,14.95,18.572,1.699,14.954,0.0536,5.23,79.78,-120.74,0.3896,0.4741,5.44,6.62,1.71,50.4,50.4,12.6,-0.11
4366,18.605,1.752,14.95,18.572,1.709,14.954,0.0546,5.25,79.78,-120.74,0.3866,0.4789,5.4,6.69,1.71,50.4,50.4,12.6,-0.11
4367,18.605,1.762,14.95,18.571,1.719,14.952,0.0552,5.3,79.78,-120.74,0.3879,0.4837,5.42,6.75,1.71,50.4,50.4,12.6,-0.11
4368,18.606,1.772,14.95,18.571,1.729,14.951,0.056,5.32,79.76,-120.74,0.3876,0.4885,5.41,6.82,1.71,50.4,50.4,12.6,-0.11
4369,18.607,1.782,14.95,18.571,1.739,14.95,0.0564,5.34,79.76,-120.74,0.3875,0.4914,5.41,6.86,1.71,50.4,50.4,12.6,-0.11
4370,18.607,1.792,14.95,18.571,1.749,14.95,0.0564,5.38,79.76,-120.74,0.3873,0.4912,5.41,6.86,1.71,50.4,50.4,12.6,-0.11
4371,18.608,1.802,14.95,18.572,1.759,14.95,0.0565,5.41,79.76,-120.74,0.3871,0.4914,5.41,6.86,1.71,50.4,50.4,12.6,-0.11
4372,18.609,1.812,14.95,18.573,1.769,14.95,0.0565,5.45,79.76,-120.74,0.387,0.4917,5.4,6.87,1.71,50.4,50.4,12.6,-0.11
4373,18.609,1.822,14.95,18.573,1.779,14.95,0.0566,5.47,79.76,-120.72,0.3868,0.492,5.4,6.87,1.71,50.4,50.4,12.6,-0.11
4374,18.61,1.832,14.95,18.574,1.789,14.95,0.0566,5.49,79.74,-120.72,0.3867,0.4922,5.4,6.87,1.71,50.4,50.4,12.6,-0.11
4375,18.611,1.842,14.95,18.574,1.799,14.951,0.0567,5.54,79.74,-120.72,0.3865,0.4925,5.4,6.88,1.71,50.4,50.4,12.6,-0.11
4376,18.611,1.852,14.95,18.575,1.809,14.951,0.0567,5.56,79.74,-120.72,0.3863,0.4928,5.39,6.88,1.71,50.4,50.4,12.6,-0.11
4377,18.612,1.862,14.95,18.576,1.819,14.951,0.0568,5.58,79.74,-120.72,0.3862,0.493,5.39,6.88,1.71,50.4,50.4,12.6,-0.11
4378,18.613,1.872,14.95,18.572,1.852,14.951,0.0453,5.69,79.74,-120.72,0.3807,0.4986,5.32,6.96,0.7,50.4,50.4,12.6,-2.3
4379,18.613,1.882,14.95,18.568,1.896,14.951,0.0475,5.82,79.74,-120.7,0.3759,0.5034,5.25,7.03,-0.79,50.4,50.4,12.6,-5.52
4380,18.615,1.892,14.95,18.57,1.883,14.951,0.0459,5.8,79.74,-120.7,0.3712,0.5082,5.18,7.1,0.19,50.4,50.4,12.6,-3.33
4381,18.616,1.902,14.95,18.573,1.859,14.951,0.0611,5.71,79.74,-120.7,0.3695,0.513,5.16,7.16,1.66,50.4,50.4,12.6,-0.11
4382,18.617,1.912,14.95,18.572,1.868,14.951,0.0624,5.73,79.74,-120.7,0.3654,0.5177,5.1,7.23,1.66,50.4,50.4,12.6,-0.11
4383,18.618,1.922,14.95,18.573,1.878,14.949,0.0631,5.78,79.72,-120.7,0.3659,0.522,5.11,7.29,1.66,50.4,50.4,12.6,-0.11
4384,18.619,1.932,14.95,18.574,1.888,14.95,0.0631,5.8,79.72,-120.7,0.3657,0.5216,5.11,7.28,1.66,50.4,50.4,12.6,-0.11
4385,18.621,1.942,14.95,18.575,1.898,14.95,0.0631,5.84,79.72,-120.67,0.3656,0.5219,5.1,7.29,1.66,50.4,50.4,12.6,-0.11
4386,18.622,1.952,14.95,18.576,1.908,14.95,0.0632,5.87,79.72,-120.67,0.3655,0.5221,5.1,7.29,1.66,50.4,50.4,12.6,-0.11
4387,18.623,1.962,14.95,18.577,1.918,14.95,0.0632,5.89,79.72,-120.67,0.3653,0.5224,5.1,7.29,1.66,50.4,50.4,12.6,-0.11
4388,18.624,1.972,14.95,18.579,1.928,14.95,0.0633,5.93,79.69,-120.67,0.3652,0.5227,5.1,7.3,1.66,50.4,50.4,12.6,-0.11
4389,18.625,1.981,14.95,18.58,1.938,14.95,0.0634,5.95,79.69,-120.65,0.3651,0.5229,5.1,7.3,1.66,50.4,50.4,12.6,-0.11
4390,18.627,1.991,14.95,18.581,1.947,14.95,0.0634,5.98,79.69,-120.65,0.3649,0.5232,5.1,7.31,1.66,50.4,50.4,12.6,-0.11
4391,18.628,2.001,14.95,18.582,1.957,14.95,0.0635,6.02,79.69,-120.65,0.3648,0.5235,5.09,7.31,1.66,50.4,50.4,12.6,-0.11
4392,18.629,2.011,14.95,18.583,1.967,14.95,0.0635,6.04,79.67,-120.63,0.3647,0.5237,5.09,7.31,1.65,50.4,50.4,12.6,-0.11
4393,18.63,2.021,14.95,18.584,1.977,14.95,0.0636,6.06,79.67,-120.63,0.3645,0.524,5.09,7.32,1.65,50.4,50.4,12.6,-0.11
4394,18.631,2.031,14.95,18.579,2.028,14.95,0.0522,6.24,79.67,-120.63,0.359,0.5296,5.01,7.39,-0.12,50.4,50.4,12.6,-3.01
4395,18.633,2.041,14.95,18.575,2.072,14.95,0.0657,6.37,79.67,-120.63,0.3543,0.5344,4.95,7.46,-1.62,50.4,50.4,12.6,-5.44
4396,18.635,2.051,14.95,18.58,2.041,14.95,0.0559,6.26,79.67,-120.63,0.3496,0.5391,4.88,7.53,0.13,50.4,50.4,12.6,-2.53
4397,18.636,2.061,14.95,18.584,2.017,14.95,0.0686,6.2,79.67,-120.61,0.3468,0.5439,4.84,7.59,1.6,50.4,50.4,12.6,-0.1
4398,18.638,2.071,14.95,18.584,2.027,14.949,0.0699,6.22,79.67,-120.61,0.3443,0.5487,4.81,7.66,1.6,50.4,50.4,12.6,-0.1
4399,18.64,2.08,14.95,18.585,2.036,14.948,0.0706,6.26,79.65,-120.61,0.3446,0.5526,4.81,7.72,1.6,50.4,50.4,12.6,-0.1
4400,18.642,2.09,14.95,18.587,2.046,14.949,0.0705,6.28,79.65,-120.61,0.3445,0.5522,4.81,7.71,1.6,50.4,50.4,12.6,-0.1
4401,18.643,2.1,14.95,18.588,2.056,14.949,0.0706,6.31,79.65,-120.59,0.3444,0.5525,4.81,7.71,1.6,50.4,50.4,12.6,-0.1
4402,18.645,2.11,14.95,18.59,2.066,14.949,0.0706,6.35,79.63,-120.59,0.3443,0.5527,4.81,7.72,1.6,50.4,50.4,12.6,-0.1
4403,18.647,2.12,14.95,18.592,2.076,14.949,0.0707,6.37,79.63,-120.56,0.3442,0.553,4.81,7.72,1.6,50.4,50.4,12.6,-0.1
4404,18.649,2.13,14.95,18.593,2.085,14.949,0.0708,6.39,79.63,-120.56,0.3441,0.5533,4.8,7.72,1.6,50.4,50.4,12.6,-0.1
4405,18.65,2.139,14.95,18.595,2.095,14.949,0.0708,6.44,79.63,-120.56,0.344,0.5535,4.8,7.73,1.6,50.4,50.4,12.6,-0.1
4406,18.652,2.149,14.95,18.597,2.105,14.949,0.0709,6.46,79.61,-120.54,0.3439,0.5538,4.8,7.73,1.6,50.4,50.4,12.6,-0.1
4407,18.654,2.159,14.95,18.598,2.115,14.949,0.071,6.48,79.61,-120.54,0.3438,0.5541,4.8,7.74,1.6,50.4,50.4,12.6,-0.1
4408,18.655,2.169,14.95,18.6,2.125,14.949,0.071,6.53,79.61,-120.52,0.3437,0.5543,4.8,7.74,1.6,50.4,50.4,12.6,-0.1
4409,18.657,2.179,14.95,18.602,2.135,14.949,0.0711,6.55,79.58,-120.52,0.3435,0.5546,4.8,7.74,1.6,50.4,50.4,12.6,-0.1
4410,18.659,2.189,14.95,18.594,2.21,14.949,0.0682,6.77,79.58,-120.52,0.3381,0.5602,4.72,7.82,-1.22,50.4,50.4,12.6,-3.78
4411,18.661,2.199,14.95,18.591,2.247,14.949,0.0852,6.9,79.58,-120.52,0.3334,0.5649,4.65,7.89,-2.42,50.4,50.4,12.6,-5.32
4412,18.663,2.208,14.95,18.599,2.192,14.949,0.0664,6.72,79.58,-120.5,0.3287,0.5697,4.59,7.96,0.37,50.4,50.4,12.6,-1.64
4413,18.665,2.218,14.95,18.603,2.174,14.949,0.0767,6.66,79.58,-120.5,0.3248,0.5745,4.54,8.02,1.54,50.4,50.4,12.6,-0.1
4414,18.668,2.228,14.95,18.604,2.183,14.948,0.0778,6.7,79.58,-120.5,0.3241,0.5793,4.53,8.09,1.54,50.4,50.4,12.6,-0.1
4415,18.67,2.237,14.95,18.605,2.193,14.947,0.0784,6.72,79.56,-120.48,0.3242,0.5825,4.53,8.13,1.54,50.4,50.4,12.6,-0.1
4416,18.672,2.247,14.95,18.608,2.203,14.948,0.0784,6.75,79.56,-120.48,0.3241,0.5822,4.53,8.13,1.54,50.4,50.4,12.6,-0.1
4417,18.675,2.257,14.95,18.61,2.212,14.948,0.0784,6.79,79.54,-120.45,0.3241,0.5825,4.52,8.13,1.54,50.4,50.4,12.6,-0.1
4418,18.677,2.267,14.95,18.612,2.222,14.948,0.0785,6.81,79.54,-120.45,0.324,0.5828,4.52,8.14,1.54,50.4,50.4,12.6,-0.1
4419,18.679,2.276,14.95,18.614,2.232,14.948,0.0786,6.83,79.54,-120.45,0.3239,0.583,4.52,8.14,1.54,50.4,50.4,12.6,-0.1
4420,18.681,2.286,14.95,18.617,2.242,14.948,0.0786,6.86,79.52,-120.43,0.3238,0.5833,4.52,8.14,1.54,50.4,50.4,12.6,-0.1
4421,18.684,2.296,14.95,18.619,2.251,14.948,0.0787,6.9,79.52,-120.43,0.3237,0.5835,4.52,8.15,1.54,50.4,50.4,12.6,-0.1
4422,18.686,2.306,14.95,18.621,2.261,14.948,0.0788,6.92,79.52,-120.41,0.3237,0.5838,4.52,8.15,1.54,50.4,50.4,12.6,-0.1
4423,18.688,2.315,14.95,18.623,2.271,14.948,0.0788,6.94,79.5,-120.41,0.3236,0.5841,4.52,8.16,1.54,50.4,50.4,12.6,-0.1
4424,18.69,2.325,14.95,18.625,2.28,14.948,0.0789,6.99,79.5,-120.39,0.3235,0.5843,4.52,8.16,1.54,50.4,50.4,12.6,-0.1
4425,18.693,2.335,14.95,18.628,2.29,14.948,0.079,7.01,79.5,-120.39,0.3234,0.5846,4.52,8.16,1.54,50.4,50.4,12.6,-0.1
4426,18.695,2.345,14.95,18.616,2.394,14.948,0.0931,7.34,79.48,-120.37,0.3179,0.5902,4.44,8.24,-2.54,50.4,50.4,12.6,-4.5
4427,18.697,2.354,14.95,18.615,2.419,14.948,0.1047,7.4,79.48,-120.37,0.3133,0.595,4.37,8.31,-3.18,50.4,50.4,12.6,-5.16
4428,18.7,2.364,14.95,18.628,2.334,14.948,0.0784,7.14,79.48,-120.37,0.3086,0.5998,4.31,8.37,0.87,50.4,50.4,12.6,-0.76
4429,18.703,2.373,14.95,18.631,2.329,14.949,0.0849,7.12,79.48,-120.34,0.304,0.6045,4.24,8.44,1.48,50.4,50.4,12.6,-0.09
4430,18.706,2.383,14.95,18.633,2.338,14.947,0.0859,7.16,79.45,-120.34,0.3049,0.6093,4.26,8.51,1.48,50.4,50.4,12.6,-0.09
4431,18.709,2.393,14.95,18.635,2.348,14.947,0.0864,7.19,79.45,-120.34,0.3048,0.6117,4.26,8.54,1.48,50.4,50.4,12.6,-0.09
4432,18.711,2.402,14.95,18.638,2.357,14.947,0.0864,7.21,79.45,-120.32,0.3047,0.6115,4.25,8.54,1.48,50.4,50.4,12.6,-0.09
4433,18.714,2.412,14.95,18.64,2.367,14.947,0.0865,7.23,79.43,-120.3,0.3047,0.6118,4.25,8.54,1.48,50.4,50.4,12.6,-0.09
4434,18.717,2.422,14.95,18.643,2.377,14.947,0.0865,7.27,79.43,-120.3,0.3046,0.612,4.25,8.55,1.48,50.4,50.4,12.6,-0.09
4435,18.72,2.431,14.95,18.646,2.386,14.947,0.0866,7.29,79.41,-120.28,0.3046,0.6123,4.25,8.55,1.47,50.4,50.4,12.6,-0.09
4436,18.722,2.441,14.95,18.648,2.396,14.947,0.0867,7.32,79.41,-120.28,0.3045,0.6126,4.25,8.55,1.47,50.4,50.4,12.6,-0.09
4437,18.725,2.45,14.95,18.651,2.405,14.947,0.0867,7.34,79.39,-120.26,0.3045,0.6128,4.25,8.56,1.47,50.4,50.4,12.6,-0.09
4438,18.728,2.46,14.95,18.654,2.415,14.947,0.0868,7.38,79.39,-120.26,0.3044,0.6131,4.25,8.56,1.47,50.4,50.4,12.6,-0.09
4439,18.731,2.47,14.95,18.657,2.424,14.947,0.0869,7.4,79.39,-120.23,0.3044,0.6133,4.25,8.56,1.47,50.4,50.4,12.6,-0.09
4440,18.733,2.479,14.95,18.659,2.434,14.947,0.0869,7.43,79.37,-120.21,0.3043,0.6136,4.25,8.57,1.47,50.4,50.4,12.6,-0.09
4441,18.736,2.489,14.95,18.661,2.446,14.947,0.0863,7.47,79.37,-120.21,0.3017,0.6141,4.21,8.58,1.36,50.4,50.4,12.6,-0.19
4442,18.739,2.498,14.95,18.646,2.577,14.948,0.122,7.87,79.37,-120.21,0.2966,0.6197,4.14,8.65,-3.87,50.4,50.4,12.6,-4.98
4443,18.742,2.508,14.95,18.648,2.584,14.948,0.1218,7.89,79.34,-120.19,0.2919,0.6245,4.08,8.72,-3.79,50.4,50.4,12.6,-4.88
4444,18.746,2.517,14.95,18.667,2.472,14.945,0.091,7.54,79.34,-120.19,0.2966,0.6293,4.14,8.79,1.41,50.4,50.4,12.6,-0.08
4445,18.749,2.527,14.95,18.668,2.482,14.946,0.0927,7.58,79.34,-120.17,0.2906,0.6341,4.06,8.85,1.41,50.4,50.4,12.6,-0.08
4446,18.752,2.536,14.95,18.67,2.491,14.946,0.0943,7.6,79.32,-120.17,0.2859,0.6389,3.99,8.92,1.41,50.4,50.4,12.6,-0.08
4447,18.755,2.546,14.95,18.672,2.5,14.947,0.0947,7.62,79.32,-120.15,0.2838,0.6399,3.96,8.94,1.41,50.4,50.4,12.6,-0.08
4448,18.759,2.555,14.95,18.676,2.51,14.947,0.0946,7.65,79.3,-120.15,0.2842,0.6399,3.97,8.94,1.41,50.4,50.4,12.6,-0.08
4449,18.762,2.565,14.95,18.679,2.519,14.946,0.0945,7.69,79.3,-120.12,0.286,0.6402,3.99,8.94,1.41,50.4,50.4,12.6,-0.08
4450,18.765,2.574,14.95,18.682,2.528,14.946,0.0946,7.71,79.28,-120.1,0.2865,0.6405,4.0,8.94,1.41,50.4,50.4,12.6,-0.08
4451,18.768,2.583,14.95,18.686,2.538,14.946,0.0946,7.73,79.28,-120.1,0.2863,0.6407,4.0,8.95,1.41,50.4,50.4,12.6,-0.08
4452,18.772,2.593,14.95,18.689,2.547,14.946,0.0947,7.76,79.26,-120.08,0.2863,0.641,4.0,8.95,1.41,50.4,50.4,12.6,-0.08
4453,18.775,2.602,14.95,18.692,2.557,14.946,0.0948,7.78,79.26,-120.06,0.2863,0.6412,4.0,8.95,1.41,50.4,50.4,12.6,-0.08
4454,18.778,2.612,14.95,18.695,2.566,14.946,0.0948,7.82,79.23,-120.06,0.2863,0.6415,4.0,8.96,1.41,50.4,50.4,12.6,-0.08
4455,18.782,2.621,14.95,18.699,2.575,14.946,0.0949,7.84,79.23,-120.04,0.2862,0.6417,4.0,8.96,1.41,50.4,50.4,12.6,-0.08
4456,18.785,2.631,14.95,18.702,2.585,14.946,0.0949,7.87,79.21,-120.01,0.2862,0.642,4.0,8.96,1.4,50.4,50.4,12.6,-0.08
4457,18.788,2.64,14.95,18.701,2.615,14.947,0.0905,7.95,79.21,-120.01,0.282,0.6443,3.94,9.0,0.51,50.4,50.4,12.6,-0.79
4458,18.791,2.649,14.95,18.686,2.742,14.947,0.1403,8.35,79.21,-119.99,0.2772,0.6496,3.87,9.07,-4.53,50.4,50.4,12.6,-4.78
4459,18.795,2.659,14.95,18.691,2.731,14.947,0.1268,8.31,79.21,-119.99,0.2726,0.6544,3.81,9.14,-3.67,50.4,50.4,12.6,-4.07
4460,18.799,2.668,14.95,18.711,2.623,14.944,0.0994,7.98,79.19,-119.97,0.2791,0.6592,3.9,9.2,1.35,50.4,50.4,12.6,-0.08
4461,18.803,2.677,14.95,18.713,2.632,14.945,0.1011,8.0,79.17,-119.97,0.2728,0.664,3.81,9.27,1.34,50.4,50.4,12.6,-0.08
4462,18.807,2.687,14.95,18.715,2.641,14.945,0.1023,8.04,79.17,-119.95,0.2682,0.6675,3.74,9.32,1.34,50.4,50.4,12.6,-0.08
4463,18.81,2.696,14.95,18.719,2.65,14.945,0.1022,8.06,79.17,-119.95,0.2686,0.6671,3.75,9.31,1.34,50.4,50.4,12.6,-0.08
4464,18.814,2.705,14.95,18.723,2.659,14.945,0.1022,8.09,79.15,-119.93,0.2694,0.6674,3.76,9.32,1.34,50.4,50.4,12.6,-0.08
4465,18.818,2.714,14.95,18.727,2.668,14.945,0.1023,8.11,79.15,-119.9,0.2693,0.6676,3.76,9.32,1.34,50.4,50.4,12.6,-0.08
4466,18.822,2.724,14.95,18.73,2.678,14.945,0.1023,8.13,79.12,-119.88,0.2693,0.6678,3.76,9.32,1.34,50.4,50.4,12.6,-0.08
4467,18.825,2.733,14.95,18.734,2.687,14.945,0.1024,8.15,79.1,-119.88,0.2693,0.6681,3.76,9.33,1.34,50.4,50.4,12.6,-0.08
4468,18.829,2.742,14.95,18.738,2.696,14.945,0.1025,8.2,79.1,-119.86,0.2693,0.6683,3.76,9.33,1.34,50.4,50.4,12.6,-0.08
4469,18.833,2.751,14.95,18.741,2.705,14.945,0.1025,8.22,79.08,-119.84,0.2693,0.6686,3.76,9.34,1.34,50.4,50.4,12.6,-0.08
4470,18.837,2.761,14.95,18.745,2.714,14.945,0.1026,8.24,79.08,-119.84,0.2693,0.6688,3.76,9.34,1.34,50.4,50.4,12.6,-0.08
4471,18.84,2.77,14.95,18.749,2.724,14.945,0.1026,8.26,79.06,-119.82,0.2693,0.6691,3.76,9.34,1.34,50.4,50.4,12.6,-0.08
4472,18.844,2.779,14.95,18.753,2.733,14.945,0.1027,8.28,79.06,-119.79,0.2693,0.6693,3.76,9.35,1.34,50.4,50.4,12.6,-0.08
4473,18.848,2.788,14.95,18.749,2.78,14.946,0.0989,8.44,79.04,-119.79,0.264,0.6728,3.69,9.39,-0.28,50.4,50.4,12.6,-1.19
4474,18.852,2.798,14.95,18.734,2.902,14.946,0.1574,8.81,79.04,-119.77,0.2593,0.678,3.62,9.47,-5.14,50.4,50.4,12.6,-4.56
4475,18.856,2.807,14.95,18.743,2.874,14.946,0.132,8.72,79.04,-119.75,0.2547,0.6828,3.56,9.53,-3.56,50.4,50.4,12.6,-3.43
4476,18.86,2.816,14.95,18.763,2.77,14.943,0.1075,8.39,79.01,-119.75,0.2613,0.6876,3.65,9.6,1.28,50.4,50.4,12.6,-0.07
4477,18.864,2.825,14.95,18.766,2.779,14.942,0.1087,8.42,78.99,-119.73,0.2614,0.6924,3.65,9.67,1.28,50.4,50.4,12.6,-0.07
4478,18.869,2.834,14.95,18.77,2.787,14.944,0.1094,8.44,78.99,-119.73,0.2558,0.6934,3.57,9.68,1.27,50.4,50.4,12.6,-0.07
4479,18.873,2.843,14.95,18.774,2.796,14.945,0.1099,8.48,78.99,-119.71,0.2512,0.6934,3.51,9.68,1.27,50.4,50.4,12.6,-0.07
4480,18.877,2.852,14.95,18.778,2.805,14.945,0.1099,8.5,78.97,-119.69,0.2512,0.6937,3.51,9.69,1.27,50.4,50.4,12.6,-0.07
4481,18.881,2.861,14.95,18.782,2.814,14.944,0.1097,8.53,78.95,-119.66,0.2537,0.6939,3.54,9.69,1.27,50.4,50.4,12.6,-0.07
4482,18.886,2.87,14.95,18.786,2.823,14.945,0.1098,8.55,78.95,-119.64,0.2534,0.6941,3.54,9.69,1.27,50.4,50.4,12.6,-0.07
4483,18.89,2.879,14.95,18.791,2.832,14.945,0.1099,8.57,78.93,-119.64,0.2534,0.6944,3.54,9.7,1.27,50.4,50.4,12.6,-0.07
4484,18.894,2.888,14.95,18.795,2.841,14.945,0.1099,8.59,78.93,-119.62,0.2535,0.6946,3.54,9.7,1.27,50.4,50.4,12.6,-0.07
4485,18.898,2.897,14.95,18.799,2.85,14.945,0.11,8.61,78.9,-119.6,0.2535,0.6949,3.54,9.7,1.27,50.4,50.4,12.6,-0.07
4486,18.903,2.906,14.95,18.803,2.86,14.945,0.1101,8.66,78.88,-119.58,0.2535,0.6951,3.54,9.71,1.27,50.4,50.4,12.6,-0.07
4487,18.907,2.915,14.95,18.807,2.869,14.945,0.1101,8.68,78.88,-119.55,0.2536,0.6953,3.54,9.71,1.27,50.4,50.4,12.6,-0.07
4488,18.911,2.924,14.95,18.812,2.878,14.945,0.1102,8.7,78.86,-119.55,0.2536,0.6956,3.54,9.71,1.27,50.4,50.4,12.6,-0.07
4489,18.915,2.933,14.95,18.806,2.937,14.945,0.109,8.88,78.86,-119.53,0.2482,0.6997,3.46,9.77,-0.89,50.4,50.4,12.6,-1.38
4490,18.92,2.942,14.95,18.791,3.058,14.946,0.1731,9.25,78.84,-119.51,0.2435,0.7047,3.4,9.84,-5.69,50.4,50.4,12.6,-4.32
4491,18.924,2.951,14.95,18.802,3.017,14.946,0.1389,9.12,78.84,-119.51,0.2389,0.7095,3.34,9.91,-3.57,50.4,50.4,12.6,-3.0
4492,18.929,2.96,14.95,18.824,2.913,14.942,0.1151,8.79,78.82,-119.49,0.2455,0.7143,3.43,9.97,1.21,50.4,50.4,12.6,-0.06
4493,18.934,2.969,14.95,18.828,2.922,14.94,0.116,8.81,78.79,-119.47,0.2488,0.7189,3.47,10.04,1.21,50.4,50.4,12.6,-0.06
4494,18.938,2.978,14.95,18.832,2.931,14.943,0.1164,8.85,78.79,-119.44,0.2428,0.7183,3.39,10.03,1.2,50.4,50.4,12.6,-0.06
4495,18.943,2.987,14.95,18.836,2.94,14.944,0.1169,8.88,78.79,-119.44,0.2382,0.7186,3.33,10.03,1.2,50.4,50.4,12.6,-0.06
4496,18.948,2.995,14.951,18.841,2.948,14.945,0.1172,8.9,78.77,-119.42,0.2352,0.7188,3.28,10.04,1.2,50.4,50.4,12.6,-0.06
4497,18.953,3.004,14.951,18.845,2.957,14.945,0.1171,8.92,78.75,-119.4,0.2362,0.719,3.3,10.04,1.2,50.4,50.4,12.6,-0.06
4498,18.957,3.013,14.951,18.85,2.966,14.944,0.1169,8.94,78.75,-119.38,0.2393,0.7193,3.34,10.04,1.2,50.4,50.4,12.6,-0.06
4499,18.962,3.022,14.951,18.855,2.975,14.944,0.117,8.96,78.73,-119.36,0.2389,0.7195,3.34,10.05,1.2,50.4,50.4,12.6,-0.06
4500,18.967,3.031,14.951,18.86,2.983,14.944,0.1171,8.99,78.71,-119.33,0.2389,0.7197,3.34,10.05,1.2,50.4,50.4,12.6,-0.06
4501,18.971,3.039,14.951,18.864,2.992,14.944,0.1171,9.01,78.71,-119.31,0.239,0.72,3.34,10.05,1.2,50.4,50.4,12.6,-0.06
4502,18.976,3.048,14.951,18.869,3.001,14.944,0.1172,9.03,78.68,-119.29,0.239,0.7202,3.34,10.06,1.2,50.4,50.4,12.6,-0.06
4503,18.981,3.057,14.951,18.874,3.01,14.944,0.1172,9.05,78.66,-119.29,0.2391,0.7204,3.34,10.06,1.2,50.4,50.4,12.6,-0.06
4504,18.985,3.066,14.951,18.878,3.019,14.944,0.1173,9.07,78.66,-119.27,0.2392,0.7207,3.34,10.06,1.2,50.4,50.4,12.6,-0.06
4505,18.99,3.075,14.951,18.872,3.084,14.945,0.1182,9.27,78.64,-119.25,0.2337,0.7248,3.26,10.12,-1.22,50.4,50.4,12.6,-1.37
4506,18.995,3.084,14.951,18.856,3.21,14.945,0.1876,9.67,78.64,-119.22,0.2291,0.7298,3.2,10.19,-6.19,50.4,50.4,12.6,-4.08
4507,19.0,3.092,14.951,18.869,3.162,14.945,0.1486,9.51,78.62,-119.22,0.2245,0.7346,3.14,10.26,-3.81,50.4,50.4,12.6,-2.76
4508,19.005,3.101,14.951,18.893,3.053,14.942,0.1222,9.18,78.6,-119.2,0.2312,0.7394,3.23,10.32,1.14,50.4,50.4,12.6,-0.05
4509,19.01,3.109,14.951,18.898,3.062,14.94,0.1227,9.21,78.6,-119.18,0.2361,0.7426,3.3,10.37,1.14,50.4,50.4,12.6,-0.05
4510,19.015,3.118,14.951,18.902,3.07,14.942,0.1231,9.23,78.57,-119.16,0.2299,0.7423,3.21,10.36,1.14,50.4,50.4,12.6,-0.05
4511,19.021,3.126,14.951,18.907,3.079,14.944,0.1236,9.25,78.57,-119.14,0.2253,0.7425,3.15,10.37,1.13,50.4,50.4,12.6,-0.05
4512,19.026,3.135,14.951,18.911,3.087,14.945,0.124,9.27,78.55,-119.11,0.2216,0.7427,3.09,10.37,1.13,50.4,50.4,12.6,-0.05
4513,19.031,3.144,14.951,18.917,3.096,14.944,0.1239,9.29,78.53,-119.09,0.2238,0.743,3.12,10.37,1.13,50.4,50.4,12.6,-0.05
4514,19.036,3.152,14.951,18.922,3.104,14.944,0.1237,9.32,78.53,-119.07,0.2258,0.7432,3.15,10.38,1.13,50.4,50.4,12.6,-0.05
4515,19.041,3.161,14.951,18.927,3.113,14.944,0.1238,9.34,78.51,-119.05,0.2256,0.7434,3.15,10.38,1.13,50.4,50.4,12.6,-0.05
4516,19.046,3.169,14.951,18.932,3.121,14.944,0.1239,9.36,78.49,-119.05,0.2257,0.7436,3.15,10.38,1.13,50.4,50.4,12.6,-0.05
4517,19.051,3.178,14.951,18.937,3.13,14.944,0.1239,9.38,78.49,-119.03,0.2258,0.7439,3.15,10.39,1.13,50.4,50.4,12.6,-0.05
4518,19.057,3.186,14.951,18.942,3.138,14.944,0.124,9.4,78.46,-119.0,0.2258,0.7441,3.15,10.39,1.13,50.4,50.4,12.6,-0.05
4519,19.062,3.195,14.951,18.948,3.147,14.944,0.124,9.43,78.44,-118.98,0.2259,0.7443,3.15,10.39,1.13,50.4,50.4,12.6,-0.05
4520,19.067,3.204,14.951,18.953,3.156,14.944,0.1241,9.45,78.42,-118.96,0.226,0.7445,3.16,10.4,1.13,50.4,50.4,12.6,-0.05
4521,19.072,3.212,14.951,18.947,3.219,14.945,0.1251,9.65,78.42,-118.94,0.2206,0.7481,3.08,10.45,-1.2,50.4,50.4,12.6,-1.18
4522,19.077,3.221,14.951,18.928,3.356,14.945,0.2009,10.06,78.42,-118.92,0.216,0.7532,3.02,10.52,-6.63,50.4,50.4,12.6,-3.83
4523,19.083,3.229,14.951,18.942,3.309,14.945,0.1623,9.91,78.4,-118.89,0.2114,0.7581,2.95,10.58,-4.34,50.4,50.4,12.6,-2.69
4524,19.088,3.237,14.951,18.969,3.189,14.942,0.1289,9.54,78.38,-118.89,0.2181,0.7629,3.04,10.65,1.07,50.4,50.4,12.6,-0.04
4525,19.094,3.246,14.951,18.974,3.198,14.94,0.1291,9.56,78.35,-118.87,0.223,0.7652,3.11,10.68,1.07,50.4,50.4,12.6,-0.04
4526,19.099,3.254,14.951,18.979,3.206,14.942,0.1296,9.58,78.35,-118.85,0.2171,0.765,3.03,10.68,1.07,50.4,50.4,12.6,-0.04
4527,19.105,3.262,14.951,18.984,3.214,14.944,0.1301,9.6,78.33,-118.83,0.2125,0.7652,2.97,10.68,1.07,50.4,50.4,12.6,-0.04
4528,19.111,3.27,14.951,18.99,3.222,14.944,0.1301,9.62,78.31,-118.81,0.213,0.7654,2.97,10.69,1.06,50.4,50.4,12.6,-0.04
4529,19.116,3.279,14.951,18.995,3.23,14.943,0.1301,9.65,78.31,-118.78,0.2134,0.7657,2.98,10.69,1.06,50.4,50.4,12.6,-0.04
4530,19.122,3.287,14.951,19.001,3.239,14.943,0.1302,9.67,78.29,-118.76,0.2135,0.7659,2.98,10.69,1.06,50.4,50.4,12.6,-0.04
4531,19.127,3.295,14.951,19.007,3.247,14.943,0.1302,9.69,78.27,-118.74,0.2136,0.7661,2.98,10.7,1.06,50.4,50.4,12.6,-0.04
4532,19.133,3.304,14.951,19.012,3.255,14.943,0.1303,9.71,78.24,-118.72,0.2137,0.7663,2.98,10.7,1.06,50.4,50.4,12.6,-0.04
4533,19.138,3.312,14.951,19.018,3.264,14.943,0.1303,9.73,78.24,-118.7,0.2138,0.7665,2.99,10.7,1.06,50.4,50.4,12.6,-0.04
4534,19.144,3.32,14.951,19.023,3.272,14.943,0.1304,9.76,78.22,-118.67,0.2139,0.7667,2.99,10.71,1.06,50.4,50.4,12.6,-0.04
4535,19.149,3.329,14.951,19.029,3.28,14.943,0.1304,9.78,78.2,-118.65,0.214,0.767,2.99,10.71,1.06,50.4,50.4,12.6,-0.04
4536,19.155,3.337,14.951,19.034,3.288,14.943,0.1305,9.8,78.2,-118.63,0.2142,0.7672,2.99,10.71,1.06,50.4,50.4,12.6,-0.04
4537,19.161,3.345,14.951,19.031,3.34,14.945,0.1298,9.95,78.18,-118.61,0.2087,0.7698,2.91,10.75,-0.78,50.4,50.4,12.6,-0.85
4538,19.166,3.353,14.951,19.008,3.496,14.945,0.2131,10.42,78.16,-118.59,0.2042,0.7751,2.85,10.82,-7.03,50.4,50.4,12.6,-3.58
4539,19.172,3.361,14.951,19.02,3.461,14.945,0.1817,10.31,78.16,-118.56,0.1996,0.7799,2.79,10.89,-5.22,50.4,50.4,12.6,-2.77
4540,19.178,3.369,14.951,19.052,3.321,14.942,0.1351,9.89,78.13,-118.54,0.2062,0.7847,2.88,10.96,1.0,50.4,50.4,12.6,-0.04
4541,19.184,3.377,14.951,19.058,3.329,14.94,0.1352,9.91,78.11,-118.52,0.2112,0.7866,2.95,10.98,1.0,50.4,50.4,12.6,-0.04
4542,19.19,3.386,14.951,19.064,3.337,14.94,0.1352,9.93,78.09,-118.5,0.2109,0.7864,2.95,10.98,1.0,50.4,50.4,12.6,-0.04
4543,19.196,3.394,14.951,19.07,3.345,14.942,0.1358,9.95,78.09,-118.48,0.2055,0.7867,2.87,10.98,1.0,50.4,50.4,12.6,-0.04
4544,19.202,3.402,14.951,19.075,3.353,14.944,0.1363,9.98,78.07,-118.45,0.2009,0.7869,2.81,10.99,1.0,50.4,50.4,12.6,-0.04
4545,19.208,3.41,14.951,19.081,3.361,14.944,0.1365,10.0,78.05,-118.43,0.1989,0.7871,2.78,10.99,1.0,50.4,50.4,12.6,-0.04
4546,19.214,3.418,14.951,19.087,3.369,14.943,0.1362,10.02,78.02,-118.41,0.2033,0.7873,2.84,10.99,1.0,50.4,50.4,12.6,-0.04
4547,19.22,3.426,14.951,19.093,3.377,14.943,0.1363,10.02,78.02,-118.39,0.2029,0.7875,2.83,11.0,0.99,50.4,50.4,12.6,-0.04
4548,19.226,3.434,14.951,19.099,3.385,14.943,0.1363,10.04,78.0,-118.37,0.203,0.7877,2.83,11.0,0.99,50.4,50.4,12.6,-0.04
4549,19.232,3.442,14.951,19.105,3.393,14.943,0.1363,10.06,77.98,-118.34,0.2031,0.7879,2.84,11.0,0.99,50.4,50.4,12.6,-0.04
4550,19.238,3.45,14.951,19.111,3.401,14.943,0.1364,10.09,77.96,-118.32,0.2033,0.7881,2.84,11.0,0.99,50.4,50.4,12.6,-0.04
4551,19.244,3.458,14.951,19.117,3.409,14.943,0.1364,10.11,77.96,-118.3,0.2034,0.7884,2.84,11.01,0.99,50.4,50.4,12.6,-0.04
4552,19.25,3.466,14.951,19.123,3.417,14.943,0.1365,10.13,77.94,-118.28,0.2036,0.7886,2.84,11.01,0.99,50.4,50.4,12.6,-0.04
4553,19.256,3.474,14.951,19.124,3.447,14.944,0.1347,10.22,77.92,-118.26,0.1989,0.7899,2.78,11.03,0.04,50.4,50.4,12.6,-0.41
4554,19.262,3.482,14.951,19.095,3.632,14.945,0.2243,10.77,77.92,-118.23,0.1942,0.7954,2.71,11.11,-7.39,50.4,50.4,12.6,-3.33
4555,19.268,3.489,14.951,19.104,3.617,14.945,0.2081,10.72,77.89,-118.21,0.1896,0.8002,2.65,11.17,-6.47,50.4,50.4,12.6,-2.95
4556,19.274,3.497,14.951,19.143,3.448,14.941,0.1408,10.22,77.87,-118.19,0.1963,0.805,2.74,11.24,0.93,50.4,50.4,12.6,-0.03
4557,19.281,3.505,14.951,19.149,3.456,14.94,0.1409,10.24,77.85,-118.17,0.2013,0.8068,2.81,11.26,0.93,50.4,50.4,12.6,-0.03
4558,19.287,3.513,14.951,19.155,3.464,14.939,0.1408,10.24,77.83,-118.15,0.2026,0.8066,2.83,11.26,0.93,50.4,50.4,12.6,-0.03
4559,19.293,3.52,14.951,19.161,3.471,14.942,0.1414,10.26,77.83,-118.12,0.1969,0.8068,2.75,11.27,0.93,50.4,50.4,12.6,-0.03
4560,19.3,3.528,14.951,19.167,3.479,14.943,0.1419,10.28,77.81,-118.1,0.1924,0.8071,2.69,11.27,0.93,50.4,50.4,12.6,-0.03
4561,19.306,3.536,14.951,19.173,3.486,14.944,0.1422,10.31,77.78,-118.08,0.1889,0.8073,2.64,11.27,0.93,50.4,50.4,12.6,-0.03
4562,19.312,3.543,14.951,19.179,3.494,14.943,0.142,10.33,77.76,-118.04,0.1918,0.8075,2.68,11.27,0.93,50.4,50.4,12.6,-0.03
4563,19.319,3.551,14.951,19.186,3.502,14.943,0.1419,10.35,77.76,-118.02,0.1937,0.8077,2.7,11.28,0.93,50.4,50.4,12.6,-0.03
4564,19.325,3.559,14.951,19.192,3.509,14.943,0.1419,10.37,77.74,-117.99,0.1935,0.8079,2.7,11.28,0.93,50.4,50.4,12.6,-0.03
4565,19.331,3.567,14.951,19.199,3.517,14.943,0.142,10.37,77.72,-117.97,0.1937,0.8081,2.7,11.28,0.93,50.4,50.4,12.6,-0.03
4566,19.338,3.574,14.951,19.205,3.525,14.943,0.142,10.39,77.7,-117.95,0.1939,0.8083,2.71,11.29,0.93,50.4,50.4,12.6,-0.03
4567,19.344,3.582,14.951,19.211,3.532,14.943,0.1421,10.42,77.67,-117.93,0.194,0.8085,2.71,11.29,0.93,50.4,50.4,12.6,-0.03
4568,19.35,3.59,14.951,19.218,3.54,14.943,0.1421,10.44,77.67,-117.91,0.1942,0.8087,2.71,11.29,0.92,50.4,50.4,12.6,-0.03
4569,19.357,3.597,14.951,19.224,3.548,14.943,0.1421,10.46,77.65,-117.88,0.1944,0.8089,2.71,11.29,0.92,50.4,50.4,12.6,-0.03
4570,19.363,3.605,14.951,19.191,3.754,14.943,0.2277,11.07,77.63,-117.86,0.189,0.8145,2.64,11.37,-7.36,50.4,50.4,12.6,-2.96
4571,19.37,3.613,14.951,19.194,3.77,14.944,0.2361,11.12,77.61,-117.84,0.1844,0.8194,2.57,11.44,-7.73,50.4,50.4,12.6,-3.08
4572,19.377,3.62,14.951,19.237,3.579,14.944,0.1458,10.55,77.61,-117.82,0.1799,0.8242,2.51,11.51,0.52,50.4,50.4,12.6,-0.14
4573,19.383,3.627,14.951,19.246,3.578,14.941,0.1467,10.52,77.59,-117.8,0.1865,0.8257,2.6,11.53,0.87,50.4,50.4,12.6,-0.02
4574,19.39,3.635,14.951,19.253,3.585,14.94,0.1463,10.55,77.56,-117.77,0.1915,0.8256,2.67,11.53,0.86,50.4,50.4,12.6,-0.02
4575,19.397,3.642,14.951,19.259,3.593,14.941,0.1464,10.57,77.54,-117.73,0.1904,0.8258,2.66,11.53,0.86,50.4,50.4,12.6,-0.02
4576,19.403,3.65,14.951,19.265,3.6,14.943,0.147,10.59,77.52,-117.71,0.1851,0.826,2.58,11.53,0.86,50.4,50.4,12.6,-0.02
4577,19.41,3.657,14.951,19.272,3.607,14.943,0.1472,10.59,77.52,-117.69,0.183,0.8262,2.55,11.54,0.86,50.4,50.4,12.6,-0.02
4578,19.417,3.664,14.951,19.279,3.614,14.943,0.1471,10.61,77.5,-117.66,0.1852,0.8264,2.59,11.54,0.86,50.4,50.4,12.6,-0.02
4579,19.424,3.672,14.951,19.285,3.622,14.943,0.1471,10.63,77.48,-117.64,0.1851,0.8266,2.58,11.54,0.86,50.4,50.4,12.6,-0.02
4580,19.43,3.679,14.951,19.292,3.629,14.943,0.1472,10.66,77.45,-117.62,0.1853,0.8268,2.59,11.54,0.86,50.4,50.4,12.6,-0.02
4581,19.437,3.687,14.951,19.299,3.636,14.943,0.1472,10.68,77.43,-117.58,0.1855,0.827,2.59,11.55,0.86,50.4,50.4,12.6,-0.02
4582,19.444,3.694,14.951,19.305,3.644,14.943,0.1473,10.68,77.41,-117.55,0.1857,0.8272,2.59,11.55,0.86,50.4,50.4,12.6,-0.02
4583,19.45,3.701,14.951,19.312,3.651,14.943,0.1473,10.7,77.39,-117.53,0.1859,0.8274,2.6,11.55,0.86,50.4,50.4,12.6,-0.02
4584,19.457,3.709,14.951,19.319,3.659,14.943,0.1473,10.72,77.39,-117.51,0.186,0.8276,2.6,11.56,0.86,50.4,50.4,12.6,-0.02
4585,19.464,3.716,14.951,19.326,3.666,14.943,0.1474,10.74,77.37,-117.49,0.1862,0.8278,2.6,11.56,0.86,50.4,50.4,12.6,-0.02
4586,19.471,3.724,14.951,19.298,3.838,14.943,0.2069,11.25,77.34,-117.47,0.1808,0.8334,2.53,11.64,-5.99,50.4,50.4,12.6,-2.2
4587,19.477,3.731,14.951,19.294,3.894,14.944,0.2457,11.4,77.32,-117.44,0.1763,0.8382,2.46,11.7,-8.01,50.4,50.4,12.6,-2.84
4588,19.485,3.738,14.951,19.332,3.736,14.944,0.1528,10.94,77.32,-117.42,0.1721,0.8431,2.4,11.77,-1.2,50.4,50.4,12.6,-0.65
4589,19.492,3.745,14.951,19.349,3.695,14.942,0.1515,10.81,77.3,-117.4,0.1787,0.8432,2.49,11.77,0.8,50.4,50.4,12.6,-0.02
4590,19.499,3.752,14.951,19.357,3.702,14.94,0.1511,10.83,77.28,-117.36,0.1837,0.8433,2.56,11.77,0.8,50.4,50.4,12.6,-0.02
4591,19.506,3.759,14.951,19.364,3.709,14.939,0.1508,10.83,77.23,-117.33,0.1884,0.8435,2.63,11.78,0.8,50.4,50.4,12.6,-0.02
4592,19.513,3.766,14.951,19.37,3.716,14.941,0.1514,10.85,77.23,-117.31,0.1822,0.8437,2.54,11.78,0.8,50.4,50.4,12.6,-0.02
4593,19.52,3.773,14.951,19.377,3.723,14.943,0.1519,10.88,77.21,-117.29,0.1777,0.8439,2.48,11.78,0.8,50.4,50.4,12.6,-0.02
4594,19.527,3.78,14.951,19.383,3.73,14.944,0.1524,10.9,77.21,-117.25,0.1732,0.8441,2.42,11.79,0.8,50.4,50.4,12.6,-0.02
4595,19.534,3.787,14.951,19.391,3.737,14.943,0.1522,10.9,77.19,-117.22,0.1756,0.8443,2.45,11.79,0.8,50.4,50.4,12.6,-0.02
4596,19.541,3.794,14.951,19.398,3.744,14.942,0.1519,10.92,77.17,-117.2,0.1787,0.8445,2.5,11.79,0.8,50.4,50.4,12.6,-0.02
4597,19.548,3.801,14.951,19.405,3.751,14.943,0.152,10.94,77.15,-117.18,0.1785,0.8447,2.49,11.79,0.8,50.4,50.4,12.6,-0.02
4598,19.555,3.808,14.951,19.412,3.758,14.943,0.152,10.96,77.12,-117.16,0.1787,0.8449,2.49,11.8,0.8,50.4,50.4,12.6,-0.02
4599,19.562,3.815,14.951,19.419,3.765,14.943,0.1521,10.96,77.1,-117.11,0.1789,0.8451,2.5,11.8,0.8,50.4,50.4,12.6,-0.02
4600,19.569,3.822,14.951,19.426,3.772,14.943,0.1521,10.99,77.08,-117.09,0.1791,0.8453,2.5,11.8,0.79,50.4,50.4,12.6,-0.02
4601,19.576,3.83,14.951,19.433,3.779,14.943,0.1521,11.01,77.06,-117.07,0.1793,0.8455,2.5,11.8,0.79,50.4,50.4,12.6,-0.02
4602,19.583,3.837,14.951,19.414,3.909,14.943,0.184,11.38,77.06,-117.05,0.1739,0.8501,2.43,11.87,-4.28,50.4,50.4,12.6,-1.47
4603,19.591,3.843,14.951,19.4,4.012,14.944,0.2544,11.69,77.04,-117.03,0.1694,0.855,2.36,11.94,-8.27,50.4,50.4,12.6,-2.6
4604,19.598,3.85,14.951,19.431,3.896,14.944,0.1733,11.34,77.01,-117.0,0.166,0.8599,2.32,12.01,-3.22,50.4,50.4,12.6,-1.15
4605,19.605,3.857,14.951,19.458,3.807,14.941,0.1558,11.07,76.99,-116.98,0.1725,0.8597,2.41,12.0,0.74,50.4,50.4,12.6,-0.01
4606,19.613,3.864,14.951,19.466,3.813,14.94,0.1555,11.07,76.97,-116.94,0.1775,0.8598,2.48,12.01,0.74,50.4,50.4,12.6,-0.01
4607,19.62,3.87,14.951,19.474,3.82,14.939,0.1551,11.1,76.95,-116.92,0.1825,0.86,2.55,12.01,0.74,50.4,50.4,12.6,-0.01
4608,19.628,3.877,14.951,19.481,3.827,14.941,0.1558,11.12,76.93,-116.89,0.1763,0.8602,2.46,12.01,0.74,50.4,50.4,12.6,-0.01
4609,19.635,3.884,14.951,19.487,3.833,14.943,0.1562,11.12,76.9,-116.85,0.1718,0.8604,2.4,12.01,0.73,50.4,50.4,12.6,-0.01
4610,19.642,3.891,14.951,19.494,3.84,14.944,0.1567,11.14,76.9,-116.83,0.1673,0.8606,2.34,12.02,0.73,50.4,50.4,12.6,-0.01
4611,19.65,3.897,14.951,19.502,3.847,14.942,0.1563,11.16,76.88,-116.81,0.1723,0.8608,2.41,12.02,0.73,50.4,50.4,12.6,-0.01
4612,19.657,3.904,14.951,19.51,3.853,14.943,0.1563,11.16,76.86,-116.78,0.1724,0.861,2.41,12.02,0.73,50.4,50.4,12.6,-0.01
4613,19.665,3.911,14.951,19.517,3.86,14.943,0.1563,11.18,76.84,-116.74,0.1726,0.8611,2.41,12.02,0.73,50.4,50.4,12.6,-0.01
4614,19.672,3.917,14.951,19.524,3.867,14.943,0.1564,11.21,76.82,-116.72,0.1728,0.8613,2.41,12.03,0.73,50.4,50.4,12.6,-0.01
4615,19.679,3.924,14.951,19.532,3.873,14.943,0.1564,11.21,76.79,-116.7,0.173,0.8615,2.42,12.03,0.73,50.4,50.4,12.6,-0.01
4616,19.687,3.931,14.951,19.539,3.88,14.943,0.1564,11.23,76.77,-116.67,0.1732,0.8617,2.42,12.03,0.73,50.4,50.4,12.6,-0.01
4617,19.694,3.938,14.951,19.546,3.887,14.943,0.1565,11.25,76.75,-116.63,0.1734,0.8619,2.42,12.03,0.73,50.4,50.4,12.6,-0.01
4618,19.702,3.944,14.951,19.538,3.967,14.944,0.1655,11.47,76.75,-116.61,0.1681,0.8645,2.35,12.07,-2.32,50.4,50.4,12.6,-0.79
4619,19.709,3.951,14.951,19.512,4.124,14.944,0.2624,11.93,76.73,-116.59,0.1635,0.8698,2.28,12.14,-8.5,50.4,50.4,12.6,-2.36
4620,19.717,3.957,14.951,19.534,4.057,14.944,0.2081,11.73,76.71,-116.56,0.1611,0.8746,2.25,12.21,-5.48,50.4,50.4,12.6,-1.58
4621,19.724,3.964,14.951,19.573,3.913,14.941,0.1599,11.32,76.68,-116.54,0.1675,0.8751,2.34,12.22,0.67,50.4,50.4,12.6,-0.0
4622,19.732,3.97,14.951,19.581,3.919,14.94,0.1594,11.32,76.66,-116.5,0.1725,0.8751,2.41,12.22,0.67,50.4,50.4,12.6,-0.0
4623,19.74,3.976,14.951,19.589,3.926,14.938,0.1591,11.34,76.64,-116.48,0.1775,0.8753,2.48,12.22,0.67,50.4,50.4,12.6,-0.0
4624,19.747,3.983,14.951,19.596,3.932,14.941,0.1597,11.34,76.62,-116.46,0.1713,0.8755,2.39,12.22,0.67,50.4,50.4,12.6,-0.0
4625,19.755,3.989,14.951,19.604,3.938,14.943,0.1602,11.36,76.6,-116.43,0.1668,0.8757,2.33,12.23,0.67,50.4,50.4,12.6,-0.0
4626,19.763,3.995,14.951,19.611,3.944,14.943,0.1604,11.38,76.57,-116.39,0.1651,0.8758,2.31,12.23,0.67,50.4,50.4,12.6,-0.0
4627,19.771,4.002,14.951,19.619,3.951,14.942,0.1602,11.38,76.55,-116.37,0.1675,0.876,2.34,12.23,0.67,50.4,50.4,12.6,-0.0
4628,19.778,4.008,14.951,19.627,3.957,14.943,0.1603,11.4,76.53,-116.35,0.1675,0.8762,2.34,12.23,0.67,50.4,50.4,12.6,-0.0
4629,19.786,4.014,14.951,19.634,3.963,14.943,0.1603,11.4,76.53,-116.3,0.1677,0.8764,2.34,12.24,0.67,50.4,50.4,12.6,-0.0
4630,19.794,4.021,14.951,19.642,3.97,14.943,0.1603,11.43,76.51,-116.28,0.168,0.8766,2.35,12.24,0.67,50.4,50.4,12.6,-0.0
4631,19.801,4.027,14.951,19.65,3.976,14.943,0.1604,11.45,76.49,-116.26,0.1682,0.8768,2.35,12.24,0.67,50.4,50.4,12.6,-0.0
4632,19.809,4.033,14.951,19.657,3.982,14.943,0.1604,11.45,76.46,-116.21,0.1685,0.877,2.35,12.24,0.67,50.4,50.4,12.6,-0.0
4633,19.817,4.04,14.951,19.665,3.989,14.943,0.1604,11.47,76.44,-116.19,0.1687,0.8772,2.36,12.25,0.67,50.4,50.4,12.6,-0.0
4634,19.825,4.046,14.951,19.668,4.016,14.944,0.1598,11.54,76.42,-116.17,0.1638,0.8779,2.29,12.26,-0.18,50.4,50.4,12.6,-0.2
4635,19.832,4.053,14.951,19.63,4.231,14.944,0.2698,12.17,76.4,-116.15,0.1603,0.8835,2.24,12.34,-8.71,50.4,50.4,12.6,-2.13
4636,19.84,4.059,14.952,19.641,4.217,14.944,0.2545,12.11,76.4,-116.13,0.157,0.8883,2.19,12.4,-7.89,50.4,50.4,12.6,-1.94
4637,19.848,4.065,14.952,19.693,4.014,14.941,0.1635,11.51,76.35,-116.08,0.1635,0.8892,2.28,12.42,0.61,50.4,50.4,12.6,0.0
4638,19.856,4.07,14.952,19.702,4.02,14.94,0.1631,11.54,76.33,-116.06,0.1685,0.8892,2.35,12.42,0.61,50.4,50.4,12.6,0.0
4639,19.864,4.076,14.952,19.71,4.026,14.938,0.1627,11.54,76.31,-116.04,0.1736,0.8894,2.42,12.42,0.61,50.4,50.4,12.6,-0.0
4640,19.872,4.082,14.952,19.717,4.032,14.941,0.1633,11.56,76.29,-115.99,0.1674,0.8896,2.34,12.42,0.61,50.4,50.4,12.6,-0.0
4641,19.88,4.088,14.952,19.725,4.037,14.943,0.1638,11.56,76.29,-115.97,0.1629,0.8897,2.27,12.42,0.61,50.4,50.4,12.6,-0.0
4642,19.888,4.094,14.952,19.733,4.043,14.943,0.164,11.58,76.27,-115.95,0.1619,0.8899,2.26,12.43,0.61,50.4,50.4,12.6,-0.0
4643,19.896,4.1,14.952,19.741,4.049,14.942,0.1638,11.6,76.25,-115.91,0.1637,0.8901,2.29,12.43,0.61,50.4,50.4,12.6,-0.0
4644,19.904,4.106,14.952,19.749,4.055,14.942,0.1639,11.6,76.22,-115.88,0.1637,0.8903,2.29,12.43,0.61,50.4,50.4,12.6,-0.0
4645,19.912,4.112,14.952,19.757,4.061,14.942,0.1639,11.62,76.2,-115.86,0.164,0.8905,2.29,12.43,0.61,50.4,50.4,12.6,-0.0
4646,19.92,4.118,14.952,19.765,4.067,14.942,0.1639,11.62,76.18,-115.82,0.1642,0.8907,2.29,12.44,0.61,50.4,50.4,12.6,-0.0
4647,19.928,4.124,14.952,19.773,4.073,14.942,0.1639,11.65,76.16,-115.8,0.1645,0.8909,2.3,12.44,0.61,50.4,50.4,12.6,-0.0
4648,19.936,4.13,14.952,19.781,4.079,14.942,0.164,11.65,76.14,-115.77,0.1647,0.891,2.3,12.44,0.61,50.4,50.4,12.6,-0.0
4649,19.944,4.136,14.952,19.789,4.085,14.942,0.164,11.67,76.11,-115.73,0.165,0.8912,2.3,12.44,0.61,50.4,50.4,12.6,-0.0
4650,19.952,4.142,14.952,19.797,4.091,14.942,0.164,11.67,76.09,-115.71,0.1653,0.8914,2.31,12.45,0.61,50.4,50.4,12.6,-0.0
4651,19.96,4.148,14.952,19.761,4.297,14.943,0.2488,12.26,76.07,-115.69,0.1599,0.8966,2.23,12.52,-7.49,50.4,50.4,12.6,-1.62
4652,19.968,4.154,14.952,19.759,4.337,14.943,0.2782,12.37,76.07,-115.66,0.1554,0.9015,2.17,12.59,-8.93,50.4,50.4,12.6,-1.9
4653,19.977,4.16,14.952,19.81,4.143,14.944,0.1674,11.82,76.05,-115.62,0.1547,0.9021,2.16,12.6,-0.86,50.4,50.4,12.6,-0.28
4654,19.985,4.165,14.952,19.826,4.114,14.942,0.1667,11.73,76.0,-115.6,0.1609,0.9021,2.25,12.6,0.55,50.4,50.4,12.6,0.0
4655,19.993,4.171,14.952,19.835,4.12,14.94,0.1663,11.73,75.98,-115.55,0.1659,0.9023,2.32,12.6,0.55,50.4,50.4,12.6,0.0
4656,20.001,4.176,14.952,19.844,4.126,14.939,0.166,11.73,75.96,-115.53,0.1709,0.9025,2.39,12.6,0.55,50.4,50.4,12.6,0.0
4657,20.01,4.182,14.952,19.851,4.131,14.941,0.1666,11.76,75.94,-115.51,0.1647,0.9027,2.3,12.6,0.55,50.4,50.4,12.6,0.0
4658,20.018,4.188,14.952,19.859,4.136,14.943,0.1671,11.76,75.94,-115.47,0.1602,0.9028,2.24,12.61,0.55,50.4,50.4,12.6,0.0
4659,20.026,4.193,14.952,19.867,4.142,14.944,0.1675,11.78,75.92,-115.44,0.1558,0.903,2.17,12.61,0.55,50.4,50.4,12.6,0.0
4660,20.035,4.199,14.952,19.876,4.148,14.942,0.167,11.78,75.89,-115.42,0.1614,0.9032,2.25,12.61,0.55,50.4,50.4,12.6,0.0
4661,20.043,4.204,14.952,19.884,4.153,14.942,0.1671,11.8,75.87,-115.38,0.1613,0.9034,2.25,12.61,0.55,50.4,50.4,12.6,0.0
4662,20.051,4.21,14.952,19.892,4.159,14.942,0.1671,11.8,75.85,-115.36,0.1615,0.9036,2.26,12.62,0.55,50.4,50.4,12.6,0.0
4663,20.059,4.215,14.952,19.901,4.164,14.942,0.1671,11.82,75.83,-115.31,0.1618,0.9038,2.26,12.62,0.55,50.4,50.4,12.6,0.0
4664,20.068,4.221,14.952,19.909,4.17,14.942,0.1671,11.82,75.81,-115.29,0.1621,0.9039,2.26,12.62,0.55,50.4,50.4,12.6,0.0
4665,20.076,4.227,14.952,19.917,4.175,14.942,0.1672,11.84,75.78,-115.27,0.1623,0.9041,2.27,12.62,0.55,50.4,50.4,12.6,0.0
4666,20.084,4.232,14.952,19.925,4.181,14.942,0.1672,11.84,75.76,-115.22,0.1626,0.9043,2.27,12.63,0.55,50.4,50.4,12.6,0.0
4667,20.092,4.238,14.952,19.9,4.335,14.944,0.2154,12.28,75.74,-115.2,0.1572,0.9077,2.2,12.67,-5.44,50.4,50.4,12.6,-1.04
4668,20.101,4.243,14.952,19.887,4.431,14.944,0.2846,12.57,75.72,-115.18,0.1532,0.9126,2.14,12.74,-9.1,50.4,50.4,12.6,-1.67
4669,20.109,4.248,14.952,19.928,4.288,14.944,0.1858,12.15,75.7,-115.14,0.1529,0.914,2.13,12.76,-3.14,50.4,50.4,12.6,-0.63
4670,20.118,4.254,14.952,19.956,4.203,14.942,0.1695,11.89,75.67,-115.11,0.159,0.9139,2.22,12.76,0.49,50.4,50.4,12.6,0.01
4671,20.126,4.259,14.952,19.965,4.208,14.94,0.1691,11.91,75.65,-115.09,0.164,0.914,2.29,12.76,0.49,50.4,50.4,12.6,0.01
4672,20.135,4.264,14.952,19.974,4.213,14.939,0.1688,11.91,75.63,-115.05,0.169,0.9142,2.36,12.76,0.49,50.4,50.4,12.6,0.01
4673,20.143,4.269,14.952,19.982,4.218,14.941,0.1694,11.93,75.61,-115.03,0.1629,0.9144,2.27,12.77,0.49,50.4,50.4,12.6,0.01
4674,20.152,4.274,14.952,19.99,4.223,14.943,0.1699,11.93,75.59,-114.98,0.1584,0.9146,2.21,12.77,0.49,50.4,50.4,12.6,0.01
4675,20.16,4.28,14.952,19.998,4.228,14.944,0.1702,11.93,75.56,-114.96,0.1556,0.9148,2.17,12.77,0.49,50.4,50.4,12.6,0.01
4676,20.169,4.285,14.952,20.007,4.234,14.942,0.1698,11.95,75.54,-114.94,0.1597,0.9149,2.23,12.77,0.49,50.4,50.4,12.6,0.01
4677,20.178,4.29,14.952,20.016,4.239,14.942,0.1699,11.95,75.52,-114.9,0.1595,0.9151,2.23,12.78,0.49,50.4,50.4,12.6,0.01
4678,20.186,4.295,14.952,20.024,4.244,14.942,0.1699,11.98,75.5,-114.87,0.1598,0.9153,2.23,12.78,0.49,50.4,50.4,12.6,0.01
4679,20.195,4.3,14.952,20.033,4.249,14.942,0.1699,11.98,75.48,-114.83,0.1601,0.9155,2.23,12.78,0.49,50.4,50.4,12.6,0.01
4680,20.203,4.306,14.952,20.041,4.254,14.942,0.1699,11.98,75.45,-114.81,0.1603,0.9157,2.24,12.79,0.49,50.4,50.4,12.6,0.01
4681,20.212,4.311,14.952,20.05,4.26,14.942,0.17,12.0,75.43,-114.79,0.1606,0.9158,2.24,12.79,0.49,50.4,50.4,12.6,0.01
4682,20.22,4.316,14.952,20.058,4.265,14.942,0.17,12.0,75.41,-114.74,0.1609,0.916,2.25,12.79,0.49,50.4,50.4,12.6,0.01
4683,20.229,4.321,14.952,20.044,4.37,14.944,0.1911,12.3,75.41,-114.72,0.1555,0.9181,2.17,12.82,-3.53,50.4,50.4,12.6,-0.59
4684,20.237,4.326,14.952,20.02,4.519,14.944,0.2905,12.72,75.39,-114.7,0.1529,0.9225,2.14,12.88,-9.26,50.4,50.4,12.6,-1.44
4685,20.246,4.331,14.952,20.05,4.423,14.944,0.2166,12.44,75.37,-114.65,0.1519,0.9247,2.12,12.91,-5.27,50.4,50.4,12.6,-0.84
4686,20.255,4.336,14.952,20.091,4.285,14.942,0.172,12.04,75.32,-114.63,0.1581,0.9244,2.21,12.91,0.44,50.4,50.4,12.6,0.01
4687,20.264,4.341,14.952,20.1,4.29,14.94,0.1716,12.04,75.3,-114.59,0.1631,0.9246,2.28,12.91,0.44,50.4,50.4,12.6,0.01
4688,20.272,4.345,14.952,20.109,4.295,14.939,0.1712,12.06,75.28,-114.57,0.1681,0.9248,2.35,12.91,0.44,50.4,50.4,12.6,0.01
4689,20.281,4.35,14.952,20.117,4.299,14.941,0.1719,12.06,75.26,-114.52,0.162,0.925,2.26,12.92,0.43,50.4,50.4,12.6,0.01
4690,20.29,4.355,14.952,20.125,4.304,14.943,0.1723,12.06,75.26,-114.5,0.1575,0.9251,2.2,12.92,0.43,50.4,50.4,12.6,0.01
4691,20.299,4.36,14.952,20.134,4.309,14.944,0.1726,12.08,75.23,-114.48,0.1551,0.9253,2.17,12.92,0.43,50.4,50.4,12.6,0.01
4692,20.307,4.365,14.952,20.143,4.314,14.942,0.1723,12.08,75.19,-114.43,0.1589,0.9255,2.22,12.92,0.43,50.4,50.4,12.6,0.01
4693,20.316,4.369,14.952,20.152,4.318,14.942,0.1723,12.08,75.17,-114.41,0.1587,0.9257,2.22,12.93,0.43,50.4,50.4,12.6,0.01
4694,20.325,4.374,14.952,20.161,4.323,14.942,0.1723,12.11,75.15,-114.37,0.159,0.9259,2.22,12.93,0.43,50.4,50.4,12.6,0.01
4695,20.334,4.379,14.952,20.169,4.328,14.942,0.1724,12.11,75.12,-114.35,0.1593,0.926,2.22,12.93,0.43,50.4,50.4,12.6,0.01
4696,20.342,4.384,14.952,20.178,4.333,14.942,0.1724,12.13,75.1,-114.3,0.1596,0.9262,2.23,12.93,0.43,50.4,50.4,12.6,0.01
4697,20.351,4.388,14.952,20.187,4.337,14.942,0.1724,12.13,75.08,-114.28,0.1599,0.9264,2.23,12.93,0.43,50.4,50.4,12.6,0.01
4698,20.36,4.393,14.952,20.196,4.342,14.942,0.1724,12.13,75.06,-114.24,0.1601,0.9266,2.24,12.94,0.43,50.4,50.4,12.6,0.01
4699,20.369,4.398,14.952,20.191,4.405,14.944,0.178,12.3,75.06,-114.21,0.1548,0.9277,2.16,12.95,-1.86,50.4,50.4,12.6,-0.28
4700,20.377,4.403,14.952,20.156,4.599,14.944,0.2959,12.85,75.04,-114.19,0.1533,0.9315,2.14,13.01,-9.41,50.4,50.4,12.6,-1.22
4701,20.386,4.407,14.952,20.178,4.546,14.944,0.2512,12.7,75.01,-114.15,0.1519,0.9341,2.12,13.04,-7.14,50.4,50.4,12.6,-0.93
4702,20.395,4.411,14.952,20.229,4.361,14.942,0.1741,12.17,74.99,-114.13,0.1581,0.9338,2.21,13.04,0.38,50.4,50.4,12.6,0.01
4703,20.404,4.416,14.952,20.239,4.365,14.94,0.1737,12.17,74.95,-114.1,0.1631,0.934,2.28,13.04,0.38,50.4,50.4,12.6,0.01
4704,20.413,4.42,14.952,20.248,4.37,14.939,0.1733,12.17,74.93,-114.06,0.1682,0.9342,2.35,13.04,0.38,50.4,50.4,12.6,0.01
4705,20.422,4.425,14.952,20.256,4.374,14.941,0.174,12.19,74.9,-114.04,0.162,0.9344,2.26,13.05,0.38,50.4,50.4,12.6,0.01
4706,20.431,4.429,14.952,20.265,4.378,14.943,0.1744,12.19,74.9,-113.99,0.1575,0.9345,2.2,13.05,0.38,50.4,50.4,12.6,0.01
4707,20.44,4.433,14.952,20.273,4.383,14.944,0.1747,12.19,74.88,-113.97,0.1551,0.9347,2.17,13.05,0.38,50.4,50.4,12.6,0.01
4708,20.449,4.438,14.952,20.283,4.387,14.942,0.1743,12.19,74.84,-113.93,0.159,0.9349,2.22,13.05,0.38,50.4,50.4,12.6,0.01
4709,20.458,4.442,14.952,20.292,4.391,14.942,0.1744,12.22,74.82,-113.91,0.1589,0.9351,2.22,13.06,0.38,50.4,50.4,12.6,0.01
4710,20.467,4.446,14.952,20.301,4.396,14.942,0.1744,12.22,74.79,-113.86,0.1592,0.9353,2.22,13.06,0.38,50.4,50.4,12.6,0.01
4711,20.476,4.451,14.952,20.31,4.4,14.942,0.1744,12.22,74.77,-113.84,0.1594,0.9354,2.23,13.06,0.38,50.4,50.4,12.6,0.01
4712,20.485,4.455,14.952,20.319,4.404,14.943,0.1744,12.24,74.75,-113.8,0.1597,0.9356,2.23,13.06,0.38,50.4,50.4,12.6,0.01
4713,20.494,4.46,14.952,20.328,4.409,14.943,0.1745,12.24,74.73,-113.77,0.16,0.9358,2.23,13.07,0.38,50.4,50.4,12.6,0.01
4714,20.503,4.464,14.952,20.337,4.413,14.943,0.1745,12.24,74.71,-113.73,0.1603,0.936,2.24,13.07,0.38,50.4,50.4,12.6,0.01
4715,20.512,4.468,14.952,20.34,4.441,14.944,0.1747,12.33,74.71,-113.71,0.1553,0.9364,2.17,13.08,-0.55,50.4,50.4,12.6,-0.08
4716,20.521,4.473,14.952,20.297,4.673,14.944,0.301,12.96,74.69,-113.69,0.1542,0.9397,2.15,13.12,-9.54,50.4,50.4,12.6,-0.99
4717,20.53,4.476,14.952,20.31,4.654,14.944,0.2828,12.9,74.66,-113.64,0.1529,0.9423,2.13,13.16,-8.64,50.4,50.4,12.6,-0.9
4718,20.539,4.48,14.952,20.371,4.43,14.942,0.1758,12.26,74.62,-113.62,0.1591,0.9421,2.22,13.15,0.32,50.4,50.4,12.6,0.01
4719,20.549,4.484,14.952,20.381,4.434,14.94,0.1754,12.28,74.6,-113.58,0.1641,0.9422,2.29,13.16,0.32,50.4,50.4,12.6,0.01
4720,20.558,4.488,14.952,20.391,4.438,14.939,0.1751,12.28,74.58,-113.55,0.1692,0.9424,2.36,13.16,0.32,50.4,50.4,12.6,0.01
4721,20.567,4.492,14.952,20.399,4.442,14.941,0.1757,12.28,74.55,-113.51,0.163,0.9426,2.28,13.16,0.32,50.4,50.4,12.6,0.01
4722,20.576,4.496,14.952,20.408,4.446,14.943,0.1761,12.28,74.53,-113.49,0.1585,0.9428,2.21,13.16,0.32,50.4,50.4,12.6,0.01
4723,20.585,4.5,14.952,20.416,4.45,14.944,0.1765,12.3,74.53,-113.44,0.1554,0.9429,2.17,13.17,0.32,50.4,50.4,12.6,0.01
4724,20.595,4.504,14.952,20.426,4.454,14.942,0.176,12.3,74.49,-113.42,0.1602,0.9431,2.24,13.17,0.32,50.4,50.4,12.6,0.01
4725,20.604,4.508,14.952,20.435,4.458,14.943,0.1761,12.3,74.47,-113.38,0.1599,0.9433,2.23,13.17,0.32,50.4,50.4,12.6,0.01
4726,20.613,4.512,14.952,20.444,4.462,14.943,0.1761,12.3,74.44,-113.36,0.1602,0.9435,2.24,13.17,0.32,50.4,50.4,12.6,0.01
4727,20.622,4.516,14.952,20.454,4.466,14.943,0.1761,12.33,74.42,-113.31,0.1605,0.9437,2.24,13.18,0.32,50.4,50.4,12.6,0.01
4728,20.631,4.52,14.952,20.463,4.469,14.943,0.1761,12.33,74.4,-113.29,0.1608,0.9438,2.25,13.18,0.32,50.4,50.4,12.6,0.01
4729,20.64,4.524,14.952,20.472,4.473,14.943,0.1762,12.33,74.38,-113.25,0.1611,0.944,2.25,13.18,0.32,50.4,50.4,12.6,0.01
4730,20.65,4.528,14.952,20.481,4.477,14.943,0.1762,12.33,74.36,-113.23,0.1614,0.9442,2.25,13.18,0.32,50.4,50.4,12.6,0.01
4731,20.659,4.532,14.952,20.49,4.481,14.943,0.1763,12.33,74.33,-113.18,0.1603,0.9444,2.24,13.19,0.31,50.4,50.4,12.6,0.01
4732,20.668,4.535,14.952,20.441,4.74,14.944,0.3057,13.05,74.31,-113.16,0.1554,0.947,2.17,13.22,-9.65,50.4,50.4,12.6,-0.76
4733,20.677,4.539,14.952,20.449,4.744,14.944,0.3064,13.05,74.29,-113.14,0.1548,0.9493,2.16,13.25,-9.67,50.4,50.4,12.6,-0.76
4734,20.687,4.542,14.952,20.517,4.493,14.942,0.1772,12.35,74.27,-113.09,0.1609,0.9491,2.25,13.25,0.27,50.4,50.4,12.6,0.01
4735,20.696,4.546,14.952,20.527,4.497,14.94,0.1768,12.35,74.25,-113.07,0.166,0.9493,2.32,13.25,0.27,50.4,50.4,12.6,0.01
4736,20.705,4.549,14.952,20.536,4.5,14.939,0.1766,12.37,74.22,-113.03,0.1688,0.9494,2.36,13.26,0.27,50.4,50.4,12.6,0.01
4737,20.715,4.553,14.952,20.545,4.503,14.942,0.1772,12.37,74.2,-113.01,0.1629,0.9496,2.27,13.26,0.27,50.4,50.4,12.6,0.01
4738,20.724,4.556,14.952,20.554,4.507,14.943,0.1777,12.37,74.18,-112.96,0.1584,0.9498,2.21,13.26,0.27,50.4,50.4,12.6,0.01
4739,20.733,4.56,14.952,20.563,4.51,14.943,0.1776,12.37,74.16,-112.94,0.1598,0.95,2.23,13.26,0.27,50.4,50.4,12.6,0.01
4740,20.743,4.563,14.953,20.573,4.514,14.942,0.1774,12.37,74.14,-112.9,0.1618,0.9502,2.26,13.27,0.27,50.4,50.4,12.6,0.01
4741,20.752,4.567,14.953,20.582,4.517,14.943,0.1775,12.37,74.11,-112.87,0.1618,0.9503,2.26,13.27,0.27,50.4,50.4,12.6,0.01
4742,20.761,4.57,14.953,20.591,4.521,14.943,0.1775,12.39,74.09,-112.83,0.1621,0.9505,2.26,13.27,0.27,50.4,50.4,12.6,0.01
4743,20.771,4.574,14.953,20.601,4.524,14.943,0.1775,12.39,74.07,-112.81,0.1624,0.9507,2.27,13.27,0.27,50.4,50.4,12.6,0.01
4744,20.78,4.577,14.953,20.61,4.528,14.943,0.1775,12.39,74.05,-112.76,0.1627,0.9509,2.27,13.28,0.27,50.4,50.4,12.6,0.01
4745,20.79,4.581,14.953,20.619,4.531,14.943,0.1775,12.39,74.03,-112.74,0.163,0.951,2.28,13.28,0.27,50.4,50.4,12.6,0.01
4746,20.799,4.584,14.953,20.629,4.535,14.943,0.1775,12.39,74.0,-112.7,0.1633,0.9512,2.28,13.28,0.27,50.4,50.4,12.6,0.01
4747,20.808,4.588,14.953,20.638,4.538,14.943,0.1775,12.39,73.98,-112.68,0.1636,0.9514,2.28,13.28,0.27,50.4,50.4,12.6,0.01
4748,20.818,4.591,14.953,20.59,4.79,14.944,0.3025,13.1,73.96,-112.63,0.1583,0.9533,2.21,13.31,-9.41,50.4,50.4,12.6,-0.51
4749,20.827,4.594,14.953,20.597,4.803,14.944,0.3107,13.12,73.94,-112.61,0.1576,0.9549,2.2,13.33,-9.78,50.4,50.4,12.6,-0.53
4750,20.837,4.597,14.953,20.663,4.557,14.944,0.1784,12.44,73.92,-112.57,0.1581,0.9549,2.21,13.33,-0.13,50.4,50.4,12.6,-0.01
4751,20.846,4.6,14.953,20.675,4.552,14.942,0.1782,12.41,73.89,-112.54,0.164,0.9551,2.29,13.34,0.21,50.4,50.4,12.6,0.01
4752,20.856,4.603,14.953,20.685,4.555,14.94,0.1778,12.41,73.85,-112.5,0.169,0.9553,2.36,13.34,0.21,50.4,50.4,12.6,0.01
4753,20.865,4.606,14.953,20.695,4.558,14.939,0.1774,12.41,73.83,-112.48,0.1739,0.9554,2.43,13.34,0.21,50.4,50.4,12.6,0.01
4754,20.875,4.609,14.953,20.704,4.561,14.941,0.178,12.41,73.81,-112.43,0.1678,0.9556,2.34,13.34,0.21,50.4,50.4,12.6,0.01
4755,20.884,4.613,14.953,20.713,4.564,14.943,0.1785,12.41,73.81,-112.41,0.1633,0.9558,2.28,13.35,0.21,50.4,50.4,12.6,0.01
4756,20.894,4.616,14.953,20.722,4.566,14.944,0.1789,12.44,73.78,-112.37,0.1591,0.956,2.22,13.35,0.21,50.4,50.4,12.6,0.01
4757,20.903,4.619,14.953,20.732,4.57,14.942,0.1784,12.44,73.74,-112.35,0.1648,0.9562,2.3,13.35,0.21,50.4,50.4,12.6,0.01
4758,20.913,4.622,14.953,20.741,4.573,14.943,0.1784,12.44,73.72,-112.3,0.165,0.9563,2.3,13.35,0.21,50.4,50.4,12.6,0.01
4759,20.922,4.625,14.953,20.751,4.576,14.943,0.1784,12.44,73.7,-112.28,0.1652,0.9565,2.31,13.36,0.21,50.4,50.4,12.6,0.01
4760,20.932,4.628,14.953,20.76,4.579,14.943,0.1785,12.44,73.67,-112.24,0.1655,0.9567,2.31,13.36,0.21,50.4,50.4,12.6,0.01
4761,20.941,4.631,14.953,20.77,4.582,14.943,0.1785,12.44,73.65,-112.21,0.1658,0.9569,2.32,13.36,0.21,50.4,50.4,12.6,0.01
4762,20.951,4.634,14.953,20.779,4.585,14.943,0.1785,12.44,73.63,-112.17,0.1661,0.9571,2.32,13.36,0.21,50.4,50.4,12.6,0.01
4763,20.96,4.637,14.953,20.789,4.588,14.943,0.1785,12.44,73.61,-112.15,0.1664,0.9572,2.32,13.37,0.21,50.4,50.4,12.6,0.01
4764,20.97,4.64,14.953,20.739,4.85,14.944,0.3123,13.16,73.59,-112.1,0.1611,0.9584,2.25,13.38,-9.78,50.4,50.4,12.6,-0.3
4765,20.979,4.642,14.953,20.748,4.854,14.944,0.3141,13.16,73.56,-112.08,0.1613,0.9595,2.25,13.4,-9.86,50.4,50.4,12.6,-0.3
4766,20.989,4.645,14.953,20.817,4.598,14.942,0.1787,12.46,73.54,-112.04,0.1673,0.9595,2.34,13.4,0.11,50.4,50.4,12.6,0.01
4767,20.999,4.648,14.953,20.827,4.6,14.94,0.1784,12.46,73.52,-112.02,0.1724,0.9597,2.41,13.4,0.16,50.4,50.4,12.6,0.01
4768,21.008,4.65,14.953,20.837,4.602,14.941,0.1786,12.46,73.5,-111.97,0.1713,0.9599,2.39,13.4,0.16,50.4,50.4,12.6,0.01
4769,21.018,4.653,14.953,20.846,4.605,14.943,0.1791,12.46,73.48,-111.93,0.1662,0.9601,2.32,13.4,0.16,50.4,50.4,12.6,0.01
4770,21.028,4.655,14.953,20.855,4.607,14.943,0.179,12.46,73.45,-111.91,0.1674,0.9602,2.34,13.41,0.16,50.4,50.4,12.6,0.01
4771,21.037,4.658,14.953,20.865,4.61,14.943,0.179,12.46,73.43,-111.86,0.1677,0.9604,2.34,13.41,0.16,50.4,50.4,12.6,0.01
4772,21.047,4.66,14.953,20.875,4.612,14.943,0.179,12.46,73.41,-111.84,0.1679,0.9606,2.34,13.41,0.16,50.4,50.4,12.6,0.01
4773,21.057,4.663,14.953,20.884,4.615,14.943,0.179,12.46,73.39,-111.8,0.1682,0.9608,2.35,13.42,0.16,50.4,50.4,12.6,0.01
4774,21.066,4.666,14.953,20.894,4.617,14.943,0.179,12.46,73.37,-111.77,0.1685,0.961,2.35,13.42,0.16,50.4,50.4,12.6,0.01
4775,21.076,4.668,14.953,20.904,4.62,14.943,0.1791,12.46,73.34,-111.73,0.1688,0.9611,2.36,13.42,0.16,50.4,50.4,12.6,0.01
4776,21.085,4.671,14.953,20.913,4.623,14.943,0.1791,12.46,73.32,-111.71,0.1691,0.9613,2.36,13.42,0.16,50.4,50.4,12.6,0.01
4777,21.095,4.673,14.953,20.923,4.625,14.943,0.1791,12.46,73.3,-111.67,0.1694,0.9615,2.37,13.43,0.16,50.4,50.4,12.6,0.01
4778,21.105,4.676,14.953,20.933,4.628,14.943,0.1791,12.46,73.28,-111.64,0.1697,0.9617,2.37,13.43,0.16,50.4,50.4,12.6,0.01
4779,21.114,4.678,14.953,20.936,4.655,14.944,0.18,12.52,73.26,-111.6,0.1648,0.9619,2.3,13.43,-0.79,50.4,50.4,12.6,0.0
4780,21.124,4.681,14.953,20.892,4.895,14.944,0.3163,13.18,73.23,-111.58,0.1657,0.9624,2.31,13.44,-9.89,50.4,50.4,12.6,-0.07
4781,21.134,4.683,14.953,20.907,4.872,14.944,0.2956,13.12,73.21,-111.53,0.1659,0.9628,2.32,13.44,-8.93,50.4,50.4,12.6,-0.06
4782,21.144,4.685,14.953,20.971,4.638,14.942,0.179,12.48,73.17,-111.51,0.1718,0.9629,2.4,13.44,0.12,50.4,50.4,12.6,0.01
4783,21.153,4.687,14.953,20.981,4.64,14.94,0.1786,12.48,73.15,-111.47,0.1768,0.9631,2.47,13.45,0.12,50.4,50.4,12.6,0.01
4784,21.163,4.689,14.953,20.991,4.642,14.939,0.1784,12.48,73.12,-111.45,0.1801,0.9633,2.51,13.45,0.12,50.4,50.4,12.6,0.01
4785,21.173,4.691,14.953,21.0,4.645,14.942,0.179,12.48,73.1,-111.4,0.1742,0.9634,2.43,13.45,0.12,50.4,50.4,12.6,0.01
4786,21.183,4.693,14.953,21.01,4.647,14.943,0.1795,12.48,73.08,-111.38,0.1697,0.9636,2.37,13.45,0.12,50.4,50.4,12.6,0.01
4787,21.192,4.696,14.953,21.019,4.649,14.943,0.1795,12.48,73.06,-111.34,0.1698,0.9638,2.37,13.46,0.12,50.4,50.4,12.6,0.01
4788,21.202,4.698,14.953,21.029,4.651,14.942,0.1792,12.48,73.04,-111.29,0.1728,0.964,2.41,13.46,0.12,50.4,50.4,12.6,0.01
4789,21.212,4.7,14.953,21.039,4.653,14.943,0.1792,12.48,73.02,-111.27,0.1727,0.9642,2.41,13.46,0.12,50.4,50.4,12.6,0.01
4790,21.222,4.702,14.953,21.049,4.656,14.943,0.1793,12.48,72.99,-111.23,0.173,0.9644,2.42,13.46,0.12,50.4,50.4,12.6,0.01
4791,21.231,4.704,14.953,21.058,4.658,14.943,0.1793,12.48,72.97,-111.2,0.1733,0.9645,2.42,13.47,0.12,50.4,50.4,12.6,0.01
4792,21.241,4.706,14.953,21.068,4.66,14.943,0.1793,12.48,72.95,-111.16,0.1736,0.9647,2.42,13.47,0.12,50.4,50.4,12.6,0.01
4793,21.251,4.708,14.953,21.078,4.662,14.943,0.1793,12.48,72.93,-111.14,0.1739,0.9649,2.43,13.47,0.12,50.4,50.4,12.6,0.01
4794,21.261,4.71,14.953,21.088,4.664,14.943,0.1793,12.48,72.91,-111.09,0.1742,0.9651,2.43,13.48,0.12,50.4,50.4,12.6,0.01
4795,21.27,4.712,14.953,21.082,4.737,14.941,0.1902,12.66,72.88,-111.07,0.1801,0.9651,2.51,13.48,-2.56,50.4,50.4,12.6,0.05
4796,21.28,4.714,14.953,21.049,4.93,14.939,0.3166,13.18,72.86,-111.03,0.1851,0.9649,2.58,13.47,-9.76,50.4,50.4,12.6,0.17
4797,21.29,4.716,14.953,21.076,4.861,14.938,0.2594,12.99,72.82,-111.01,0.1902,0.9648,2.66,13.47,-7.04,50.4,50.4,12.6,0.13
4798,21.3,4.718,14.953,21.128,4.672,14.94,0.1785,12.48,72.82,-110.96,0.184,0.965,2.57,13.47,0.21,50.4,50.4,12.6,0.01
4799,21.31,4.719,14.953,21.137,4.675,14.942,0.179,12.48,72.8,-110.94,0.1795,0.9652,2.51,13.48,0.21,50.4,50.4,12.6,0.01
4800,21.32,4.721,14.953,21.145,4.68,14.944,0.1794,12.48,72.77,-110.9,0.175,0.9654,2.44,13.48,0.1,50.4,50.4,12.6,0.01
4801,21.329,4.722,14.953,21.153,4.689,14.945,0.1798,12.5,72.75,-110.85,0.1717,0.9656,2.4,13.48,-0.19,50.4,50.4,12.6,0.01
4802,21.339,4.724,14.953,21.163,4.691,14.945,0.1797,12.5,72.73,-110.83,0.1726,0.9658,2.41,13.48,-0.19,50.4,50.4,12.6,0.01
4803,21.349,4.726,14.953,21.173,4.692,14.945,0.1797,12.5,72.71,-110.79,0.1729,0.9659,2.41,13.49,-0.17,50.4,50.4,12.6,0.01
4804,21.359,4.727,14.953,21.183,4.694,14.945,0.1796,12.5,72.69,-110.76,0.1732,0.9661,2.42,13.49,-0.17,50.4,50.4,12.6,0.01
4805,21.369,4.729,14.953,21.193,4.695,14.945,0.1796,12.5,72.66,-110.72,0.1735,0.9663,2.42,13.49,-0.17,50.4,50.4,12.6,0.01
4806,21.379,4.73,14.953,21.202,4.697,14.945,0.1796,12.48,72.64,-110.7,0.1738,0.9665,2.43,13.49,-0.17,50.4,50.4,12.6,0.01
4807,21.389,4.732,14.953,21.212,4.699,14.945,0.1796,12.48,72.62,-110.65,0.1741,0.9667,2.43,13.5,-0.17,50.4,50.4,12.6,0.01
4808,21.398,4.734,14.953,21.222,4.7,14.944,0.1796,12.48,72.6,-110.63,0.1744,0.9669,2.43,13.5,-0.17,50.4,50.4,12.6,0.01
4809,21.408,4.735,14.953,21.232,4.702,14.944,0.1796,12.48,72.58,-110.59,0.1747,0.9671,2.44,13.5,-0.17,50.4,50.4,12.6,0.01
4810,21.418,4.737,14.953,21.242,4.704,14.943,0.1791,12.48,72.53,-110.57,0.1795,0.9672,2.51,13.51,-0.17,50.4,50.4,12.6,0.01
4811,21.428,4.739,14.953,21.222,4.845,14.941,0.2326,12.85,72.51,-110.52,0.1847,0.9668,2.58,13.5,-5.43,50.4,50.4,12.6,0.22
4812,21.438,4.74,14.953,21.203,4.972,14.94,0.3302,13.21,72.49,-110.5,0.1897,0.9658,2.65,13.49,-10.16,50.4,50.4,12.6,0.4
4813,21.448,4.741,14.953,21.246,4.834,14.938,0.223,12.81,72.47,-110.46,0.1948,0.9656,2.72,13.48,-4.92,50.4,50.4,12.6,0.19
4814,21.458,4.742,14.953,21.283,4.71,14.941,0.1782,12.48,72.44,-110.41,0.1886,0.9659,2.63,13.49,-0.22,50.4,50.4,12.6,0.01
4815,21.468,4.743,14.953,21.292,4.711,14.943,0.1787,12.48,72.42,-110.39,0.1841,0.9661,2.57,13.49,-0.22,50.4,50.4,12.6,0.01
4816,21.477,4.744,14.953,21.301,4.712,14.945,0.1791,12.48,72.4,-110.35,0.1796,0.9663,2.51,13.49,-0.22,50.4,50.4,12.6,0.01
4817,21.487,4.746,14.953,21.311,4.713,14.945,0.1793,12.48,72.38,-110.32,0.178,0.9665,2.49,13.49,-0.22,50.4,50.4,12.6,0.01
4818,21.497,4.747,14.953,21.321,4.715,14.945,0.1792,12.46,72.36,-110.28,0.1787,0.9666,2.5,13.5,-0.22,50.4,50.4,12.6,0.01
4819,21.507,4.748,14.953,21.331,4.716,14.945,0.1792,12.46,72.33,-110.26,0.179,0.9668,2.5,13.5,-0.22,50.4,50.4,12.6,0.01
4820,21.517,4.749,14.953,21.341,4.717,14.945,0.1792,12.46,72.31,-110.21,0.1793,0.967,2.5,13.5,-0.22,50.4,50.4,12.6,0.01
4821,21.527,4.75,14.953,21.351,4.718,14.945,0.1792,12.46,72.29,-110.19,0.1796,0.9672,2.51,13.5,-0.22,50.4,50.4,12.6,0.01
4822,21.537,4.751,14.953,21.361,4.719,14.945,0.1792,12.46,72.27,-110.15,0.1799,0.9674,2.51,13.51,-0.22,50.4,50.4,12.6,0.01
4823,21.547,4.752,14.953,21.371,4.72,14.944,0.1791,12.46,72.25,-110.13,0.1802,0.9676,2.52,13.51,-0.22,50.4,50.4,12.6,0.01
4824,21.557,4.753,14.953,21.381,4.722,14.944,0.1789,12.46,72.22,-110.08,0.1827,0.9678,2.55,13.51,-0.22,50.4,50.4,12.6,0.01
4825,21.567,4.755,14.953,21.391,4.723,14.942,0.1787,12.46,72.2,-110.06,0.1856,0.968,2.59,13.52,-0.22,50.4,50.4,12.6,0.01
4826,21.577,4.756,14.953,21.401,4.724,14.943,0.1787,12.44,72.18,-110.02,0.1854,0.9681,2.59,13.52,-0.22,50.4,50.4,12.6,0.01
4827,21.587,4.757,14.953,21.36,4.955,14.941,0.3014,13.05,72.14,-109.97,0.1913,0.9666,2.67,13.5,-8.83,50.4,50.4,12.6,0.56
4828,21.597,4.758,14.953,21.363,4.991,14.94,0.3309,13.14,72.11,-109.95,0.1964,0.965,2.74,13.47,-10.14,50.4,50.4,12.6,0.64
4829,21.606,4.758,14.953,21.425,4.762,14.938,0.1819,12.52,72.09,-109.91,0.2014,0.9653,2.81,13.48,-1.56,50.4,50.4,12.6,0.09
4830,21.616,4.759,14.953,21.442,4.729,14.941,0.1774,12.44,72.07,-109.89,0.1952,0.9655,2.73,13.48,-0.27,50.4,50.4,12.6,0.0
4831,21.626,4.759,14.953,21.451,4.729,14.943,0.1779,12.44,72.07,-109.84,0.1907,0.9657,2.66,13.48,-0.27,50.4,50.4,12.6,0.0
4832,21.636,4.76,14.953,21.461,4.73,14.945,0.1784,12.44,72.05,-109.82,0.1862,0.9659,2.6,13.49,-0.27,50.4,50.4,12.6,0.0
4833,21.646,4.761,14.953,21.471,4.73,14.945,0.1785,12.41,72.03,-109.78,0.1849,0.9661,2.58,13.49,-0.27,50.4,50.4,12.6,0.0
4834,21.656,4.761,14.954,21.481,4.731,14.945,0.1785,12.41,72.0,-109.75,0.1856,0.9663,2.59,13.49,-0.27,50.4,50.4,12.6,0.0
4835,21.666,4.762,14.954,21.491,4.731,14.945,0.1785,12.41,71.98,-109.71,0.1859,0.9665,2.6,13.49,-0.27,50.4,50.4,12.6,0.0
4836,21.676,4.763,14.954,21.501,4.732,14.945,0.1784,12.41,71.96,-109.69,0.1861,0.9666,2.6,13.5,-0.27,50.4,50.4,12.6,0.0
4837,21.686,4.763,14.954,21.511,4.733,14.945,0.1784,12.41,71.94,-109.64,0.1864,0.9668,2.6,13.5,-0.27,50.4,50.4,12.6,0.0
4838,21.696,4.764,14.954,21.521,4.733,14.945,0.1784,12.41,71.92,-109.6,0.1867,0.967,2.61,13.5,-0.27,50.4,50.4,12.6,0.0
4839,21.706,4.765,14.954,21.531,4.734,14.944,0.1784,12.39,71.89,-109.58,0.187,0.9672,2.61,13.5,-0.27,50.4,50.4,12.6,0.0
4840,21.716,4.765,14.954,21.541,4.735,14.943,0.1781,12.39,71.85,-109.53,0.1897,0.9674,2.65,13.51,-0.27,50.4,50.4,12.6,0.0
4841,21.726,4.766,14.954,21.551,4.736,14.943,0.1779,12.39,71.83,-109.51,0.1923,0.9676,2.69,13.51,-0.27,50.4,50.4,12.6,0.0
4842,21.736,4.766,14.954,21.544,4.815,14.941,0.1983,12.59,71.81,-109.47,0.1978,0.967,2.76,13.5,-3.21,50.4,50.4,12.6,0.27
4843,21.746,4.767,14.954,21.513,5.001,14.94,0.3302,13.1,71.78,-109.45,0.2029,0.9645,2.83,13.47,-10.07,50.4,50.4,12.6,0.88
4844,21.756,4.767,14.954,21.542,4.923,14.939,0.2651,12.88,71.76,-109.4,0.2079,0.9632,2.9,13.45,-7.16,50.4,50.4,12.6,0.61
4845,21.766,4.767,14.954,21.592,4.739,14.941,0.1764,12.37,71.74,-109.38,0.2017,0.9636,2.82,13.46,-0.33,50.4,50.4,12.6,0.0
4846,21.776,4.767,14.954,21.602,4.739,14.943,0.1769,12.37,71.72,-109.34,0.1972,0.9638,2.75,13.46,-0.33,50.4,50.4,12.6,0.0
4847,21.786,4.768,14.954,21.611,4.739,14.945,0.1773,12.37,71.7,-109.31,0.1927,0.964,2.69,13.46,-0.33,50.4,50.4,12.6,0.0
4848,21.796,4.768,14.954,21.621,4.739,14.945,0.1774,12.37,71.67,-109.27,0.1924,0.9642,2.69,13.46,-0.33,50.4,50.4,12.6,0.0
4849,21.806,4.768,14.954,21.631,4.739,14.945,0.1773,12.35,71.65,-109.23,0.1929,0.9644,2.69,13.47,-0.33,50.4,50.4,12.6,0.0
4850,21.816,4.768,14.954,21.641,4.739,14.945,0.1773,12.35,71.63,-109.2,0.1932,0.9646,2.7,13.47,-0.33,50.4,50.4,12.6,0.0
4851,21.826,4.768,14.954,21.651,4.739,14.945,0.1773,12.35,71.61,-109.16,0.1935,0.9648,2.7,13.47,-0.33,50.4,50.4,12.6,0.0
4852,21.836,4.768,14.954,21.661,4.739,14.945,0.1773,12.35,71.59,-109.14,0.1937,0.965,2.71,13.47,-0.32,50.4,50.4,12.6,0.0
4853,21.846,4.768,14.954,21.671,4.74,14.945,0.1773,12.33,71.56,-109.09,0.194,0.9652,2.71,13.48,-0.32,50.4,50.4,12.6,0.0
4854,21.856,4.769,14.954,21.681,4.74,14.944,0.1773,12.33,71.54,-109.07,0.1943,0.9654,2.71,13.48,-0.32,50.4,50.4,12.6,0.0
4855,21.866,4.769,14.954,21.692,4.74,14.943,0.1769,12.33,71.52,-109.03,0.1988,0.9656,2.78,13.48,-0.32,50.4,50.4,12.6,0.0
4856,21.876,4.769,14.954,21.702,4.74,14.943,0.1769,12.33,71.5,-109.01,0.1993,0.9658,2.78,13.48,-0.32,50.4,50.4,12.6,0.0
4857,21.886,4.769,14.954,21.711,4.74,14.943,0.1769,12.33,71.48,-108.96,0.1995,0.966,2.78,13.49,-0.32,50.4,50.4,12.6,0.0
4858,21.896,4.769,14.954,21.675,4.955,14.941,0.2888,12.88,71.46,-108.94,0.2053,0.9633,2.87,13.45,-8.22,50.4,50.4,12.6,0.91
4859,21.906,4.769,14.954,21.675,5.003,14.941,0.329,13.01,71.41,-108.9,0.2104,0.9604,2.94,13.41,-9.99,50.4,50.4,12.6,1.11
4860,21.916,4.768,14.954,21.734,4.789,14.939,0.1838,12.44,71.39,-108.85,0.2154,0.9604,3.01,13.41,-2.11,50.4,50.4,12.6,0.2
4861,21.926,4.768,14.954,21.753,4.741,14.942,0.175,12.3,71.37,-108.83,0.2092,0.9607,2.92,13.41,-0.38,50.4,50.4,12.6,-0.0
4862,21.936,4.768,14.954,21.762,4.741,14.944,0.1755,12.28,71.37,-108.79,0.2047,0.9609,2.86,13.42,-0.38,50.4,50.4,12.6,-0.0
4863,21.946,4.767,14.954,21.772,4.74,14.945,0.1759,12.28,71.35,-108.76,0.2002,0.9611,2.8,13.42,-0.38,50.4,50.4,12.6,-0.0
4864,21.956,4.767,14.954,21.782,4.74,14.945,0.1759,12.28,71.32,-108.72,0.2009,0.9613,2.81,13.42,-0.38,50.4,50.4,12.6,-0.0
4865,21.965,4.767,14.954,21.792,4.74,14.945,0.1759,12.26,71.3,-108.7,0.2013,0.9615,2.81,13.43,-0.38,50.4,50.4,12.6,-0.0
4866,21.975,4.766,14.954,21.802,4.739,14.945,0.1758,12.26,71.28,-108.65,0.2015,0.9617,2.81,13.43,-0.38,50.4,50.4,12.6,-0.0
4867,21.985,4.766,14.954,21.812,4.739,14.945,0.1758,12.26,71.26,-108.63,0.2018,0.9619,2.82,13.43,-0.38,50.4,50.4,12.6,-0.0
4868,21.995,4.766,14.954,21.822,4.739,14.945,0.1758,12.26,71.24,-108.59,0.202,0.9621,2.82,13.43,-0.38,50.4,50.4,12.6,-0.0
4869,22.005,4.765,14.954,21.832,4.738,14.944,0.1758,12.24,71.21,-108.57,0.2023,0.9623,2.82,13.44,-0.37,50.4,50.4,12.6,-0.0
4870,22.015,4.765,14.954,21.842,4.738,14.943,0.1754,12.24,71.19,-108.52,0.2074,0.9625,2.9,13.44,-0.37,50.4,50.4,12.6,-0.0
4871,22.025,4.765,14.954,21.852,4.738,14.943,0.1754,12.24,71.17,-108.5,0.2072,0.9627,2.89,13.44,-0.37,50.4,50.4,12.6,-0.0
4872,22.035,4.764,14.954,21.862,4.738,14.943,0.1754,12.22,71.15,-108.46,0.2074,0.9629,2.9,13.44,-0.37,50.4,50.4,12.6,-0.0
4873,22.045,4.764,14.954,21.849,4.849,14.941,0.2144,12.5,71.1,-108.44,0.2133,0.9613,2.98,13.42,-4.45,50.4,50.4,12.6,0.58
4874,22.055,4.763,14.954,21.827,4.996,14.941,0.3262,12.9,71.08,-108.39,0.2183,0.9574,3.05,13.37,-9.84,50.4,50.4,12.6,1.33
4875,22.065,4.762,14.954,21.863,4.885,14.939,0.2374,12.59,71.06,-108.35,0.2234,0.9558,3.12,13.35,-5.81,50.4,50.4,12.6,0.76
4876,22.075,4.762,14.954,21.904,4.737,14.942,0.1733,12.19,71.04,-108.33,0.2172,0.9564,3.03,13.35,-0.43,50.4,50.4,12.6,-0.01
4877,22.085,4.761,14.954,21.913,4.736,14.944,0.1738,12.19,71.02,-108.3,0.2127,0.9566,2.97,13.36,-0.43,50.4,50.4,12.6,-0.01
4878,22.095,4.76,14.954,21.923,4.735,14.945,0.1742,12.19,71.02,-108.26,0.2088,0.9568,2.91,13.36,-0.43,50.4,50.4,12.6,-0.01
4879,22.105,4.759,14.954,21.933,4.734,14.945,0.1741,12.17,70.99,-108.24,0.2098,0.957,2.93,13.36,-0.43,50.4,50.4,12.6,-0.01
4880,22.115,4.758,14.954,21.943,4.733,14.945,0.1741,12.17,70.97,-108.19,0.21,0.9572,2.93,13.36,-0.43,50.4,50.4,12.6,-0.01
4881,22.125,4.757,14.954,21.953,4.733,14.945,0.1741,12.17,70.95,-108.17,0.2103,0.9574,2.94,13.37,-0.42,50.4,50.4,12.6,-0.01
4882,22.135,4.757,14.954,21.963,4.732,14.945,0.174,12.15,70.93,-108.13,0.2105,0.9576,2.94,13.37,-0.42,50.4,50.4,12.6,-0.01
4883,22.145,4.756,14.954,21.973,4.731,14.945,0.174,12.15,70.91,-108.11,0.2108,0.9578,2.94,13.37,-0.42,50.4,50.4,12.6,-0.01
4884,22.155,4.755,14.954,21.983,4.73,14.944,0.174,12.15,70.88,-108.06,0.2118,0.958,2.96,13.38,-0.42,50.4,50.4,12.6,-0.01
4885,22.165,4.754,14.954,21.993,4.729,14.943,0.1736,12.13,70.84,-108.04,0.2162,0.9582,3.02,13.38,-0.42,50.4,50.4,12.6,-0.01
4886,22.175,4.753,14.954,22.003,4.729,14.943,0.1737,12.13,70.82,-108.0,0.2158,0.9584,3.01,13.38,-0.42,50.4,50.4,12.6,-0.01
4887,22.185,4.752,14.954,22.013,4.728,14.943,0.1737,12.13,70.8,-107.97,0.2161,0.9586,3.02,13.38,-0.42,50.4,50.4,12.6,-0.01
4888,22.194,4.751,14.954,22.016,4.762,14.941,0.1791,12.19,70.77,-107.93,0.2219,0.9581,3.1,13.38,-1.68,50.4,50.4,12.6,0.21
4889,22.204,4.751,14.954,21.979,4.981,14.941,0.3223,12.77,70.75,-107.89,0.227,0.9534,3.17,13.31,-9.66,50.4,50.4,12.6,1.56
4890,22.214,4.749,14.954,21.997,4.947,14.94,0.2942,12.68,70.73,-107.86,0.232,0.95,3.24,13.26,-8.49,50.4,50.4,12.6,1.34
4891,22.224,4.748,14.954,22.055,4.725,14.942,0.1713,12.08,70.71,-107.82,0.2258,0.9508,3.15,13.28,-0.47,50.4,50.4,12.6,-0.01
4892,22.234,4.746,14.954,22.064,4.724,14.944,0.1717,12.08,70.69,-107.8,0.2213,0.951,3.09,13.28,-0.47,50.4,50.4,12.6,-0.01
4893,22.244,4.745,14.954,22.074,4.723,14.945,0.172,12.08,70.69,-107.75,0.2184,0.9512,3.05,13.28,-0.47,50.4,50.4,12.6,-0.01
4894,22.254,4.744,14.954,22.084,4.721,14.945,0.172,12.06,70.66,-107.73,0.2192,0.9514,3.06,13.28,-0.47,50.4,50.4,12.6,-0.01
4895,22.264,4.742,14.954,22.094,4.72,14.945,0.172,12.06,70.64,-107.69,0.2195,0.9516,3.06,13.29,-0.47,50.4,50.4,12.6,-0.01
4896,22.274,4.741,14.954,22.103,4.719,14.945,0.172,12.04,70.62,-107.67,0.2197,0.9519,3.07,13.29,-0.47,50.4,50.4,12.6,-0.01
4897,22.284,4.74,14.954,22.113,4.717,14.945,0.172,12.04,70.6,-107.62,0.2199,0.9521,3.07,13.29,-0.47,50.4,50.4,12.6,-0.01
4898,22.293,4.738,14.954,22.123,4.716,14.945,0.1719,12.04,70.58,-107.6,0.2202,0.9523,3.07,13.3,-0.47,50.4,50.4,12.6,-0.01
4899,22.303,4.737,14.954,22.133,4.715,14.944,0.1718,12.02,70.55,-107.56,0.2214,0.9525,3.09,13.3,-0.47,50.4,50.4,12.6,-0.01
4900,22.313,4.736,14.954,22.144,4.713,14.943,0.1715,12.02,70.51,-107.53,0.2255,0.9527,3.15,13.3,-0.47,50.4,50.4,12.6,-0.01
4901,22.323,4.734,14.954,22.153,4.712,14.943,0.1716,12.0,70.51,-107.49,0.2251,0.9529,3.14,13.3,-0.47,50.4,50.4,12.6,-0.01
4902,22.333,4.733,14.954,22.163,4.711,14.943,0.1716,12.0,70.49,-107.47,0.2254,0.9531,3.15,13.31,-0.47,50.4,50.4,12.6,-0.01
4903,22.343,4.732,14.954,22.173,4.709,14.943,0.1716,12.0,70.47,-107.42,0.2256,0.9533,3.15,13.31,-0.47,50.4,50.4,12.6,-0.01
4904,22.353,4.73,14.954,22.134,4.941,14.942,0.3042,12.59,70.42,-107.4,0.2315,0.9481,3.23,13.24,-8.88,50.4,50.4,12.6,1.65
4905,22.363,4.729,14.954,22.141,4.959,14.942,0.3197,12.63,70.4,-107.36,0.2365,0.9433,3.3,13.17,-9.56,50.4,50.4,12.6,1.77
4906,22.372,4.727,14.954,22.202,4.723,14.94,0.1707,12.02,70.38,-107.34,0.2415,0.944,3.37,13.18,-1.12,50.4,50.4,12.6,0.1
4907,22.382,4.725,14.954,22.215,4.705,14.943,0.1689,11.95,70.36,-107.29,0.2354,0.9443,3.29,13.18,-0.52,50.4,50.4,12.6,-0.01
4908,22.392,4.723,14.954,22.224,4.703,14.944,0.1694,11.95,70.36,-107.27,0.2308,0.9445,3.22,13.19,-0.52,50.4,50.4,12.6,-0.01
4909,22.402,4.721,14.954,22.234,4.701,14.945,0.1696,11.93,70.33,-107.23,0.2288,0.9447,3.2,13.19,-0.52,50.4,50.4,12.6,-0.01
4910,22.412,4.719,14.954,22.244,4.699,14.945,0.1696,11.93,70.31,-107.2,0.2295,0.9449,3.2,13.19,-0.52,50.4,50.4,12.6,-0.01
4911,22.422,4.718,14.954,22.253,4.697,14.945,0.1695,11.91,70.29,-107.16,0.2297,0.9451,3.21,13.2,-0.52,50.4,50.4,12.6,-0.01
4912,22.431,4.716,14.954,22.263,4.696,14.945,0.1695,11.91,70.27,-107.14,0.23,0.9453,3.21,13.2,-0.52,50.4,50.4,12.6,-0.01
4913,22.441,4.714,14.954,22.273,4.694,14.945,0.1695,11.91,70.25,-107.09,0.2302,0.9456,3.21,13.2,-0.52,50.4,50.4,12.6,-0.01
4914,22.451,4.712,14.954,22.283,4.692,14.943,0.1692,11.89,70.22,-107.07,0.2344,0.9458,3.27,13.21,-0.52,50.4,50.4,12.6,-0.01
4915,22.461,4.71,14.954,22.293,4.69,14.943,0.1692,11.89,70.2,-107.05,0.235,0.946,3.28,13.21,-0.52,50.4,50.4,12.6,-0.01
4916,22.471,4.708,14.954,22.303,4.688,14.943,0.1692,11.87,70.18,-107.01,0.2351,0.9462,3.28,13.21,-0.52,50.4,50.4,12.6,-0.01
4917,22.48,4.707,14.954,22.313,4.687,14.943,0.1692,11.87,70.16,-106.98,0.2353,0.9464,3.29,13.21,-0.52,50.4,50.4,12.6,-0.01
4918,22.49,4.705,14.954,22.323,4.685,14.943,0.1692,11.84,70.14,-106.94,0.2355,0.9466,3.29,13.22,-0.52,50.4,50.4,12.6,-0.01
4919,22.5,4.703,14.954,22.291,4.885,14.942,0.2775,12.37,70.11,-106.9,0.2414,0.9415,3.37,13.15,-7.74,50.4,50.4,12.6,1.63
4920,22.51,4.701,14.954,22.292,4.927,14.942,0.3143,12.46,70.09,-106.88,0.2464,0.9367,3.44,13.08,-9.33,50.4,50.4,12.6,1.97
4921,22.519,4.698,14.954,22.346,4.723,14.94,0.1754,11.93,70.05,-106.83,0.2514,0.936,3.51,13.07,-2.09,50.4,50.4,12.6,0.33
4922,22.529,4.696,14.954,22.364,4.678,14.943,0.1663,11.82,70.05,-106.81,0.2452,0.9364,3.42,13.08,-0.57,50.4,50.4,12.6,-0.02
4923,22.539,4.694,14.954,22.373,4.676,14.945,0.1668,11.8,70.03,-106.77,0.2407,0.9367,3.36,13.08,-0.57,50.4,50.4,12.6,-0.02
4924,22.549,4.691,14.954,22.383,4.674,14.945,0.1669,11.8,70.0,-106.74,0.2396,0.9369,3.35,13.08,-0.57,50.4,50.4,12.6,-0.02
4925,22.558,4.689,14.954,22.393,4.671,14.945,0.1669,11.78,69.98,-106.72,0.2401,0.9371,3.35,13.08,-0.57,50.4,50.4,12.6,-0.02
4926,22.568,4.687,14.954,22.402,4.669,14.945,0.1669,11.78,69.96,-106.68,0.2404,0.9373,3.36,13.09,-0.57,50.4,50.4,12.6,-0.02
4927,22.578,4.684,14.955,22.412,4.667,14.945,0.1669,11.76,69.94,-106.66,0.2406,0.9375,3.36,13.09,-0.57,50.4,50.4,12.6,-0.02
4928,22.587,4.682,14.955,22.422,4.664,14.944,0.1668,11.76,69.92,-106.61,0.2415,0.9377,3.37,13.09,-0.57,50.4,50.4,12.6,-0.02
4929,22.597,4.68,14.955,22.432,4.662,14.943,0.1664,11.73,69.9,-106.59,0.2457,0.9379,3.43,13.1,-0.57,50.4,50.4,12.6,-0.02
4930,22.607,4.678,14.955,22.442,4.66,14.943,0.1665,11.73,69.87,-106.55,0.2453,0.9382,3.43,13.1,-0.57,50.4,50.4,12.6,-0.02
4931,22.617,4.675,14.955,22.451,4.658,14.943,0.1665,11.71,69.85,-106.52,0.2455,0.9384,3.43,13.1,-0.57,50.4,50.4,12.6,-0.02
4932,22.626,4.673,14.955,22.461,4.655,14.943,0.1666,11.71,69.83,-106.5,0.2458,0.9386,3.43,13.11,-0.57,50.4,50.4,12.6,-0.02
4933,22.636,4.671,14.955,22.471,4.653,14.943,0.1666,11.69,69.81,-106.46,0.246,0.9388,3.43,13.11,-0.57,50.4,50.4,12.6,-0.02
4934,22.646,4.668,14.955,22.441,4.844,14.942,0.27,12.17,69.79,-106.41,0.2518,0.9332,3.52,13.03,-7.44,50.4,50.4,12.6,1.76
4935,22.655,4.666,14.955,22.443,4.888,14.942,0.3081,12.28,69.76,-106.39,0.2569,0.9285,3.59,12.96,-9.08,50.4,50.4,12.6,2.16
4936,22.665,4.663,14.955,22.494,4.692,14.941,0.1737,11.78,69.74,-106.35,0.2619,0.9269,3.66,12.94,-2.19,50.4,50.4,12.6,0.38
4937,22.675,4.66,14.955,22.512,4.645,14.943,0.1634,11.67,69.72,-106.33,0.2557,0.9275,3.57,12.95,-0.62,50.4,50.4,12.6,-0.02
4938,22.684,4.657,14.955,22.521,4.642,14.945,0.1639,11.65,69.72,-106.3,0.2511,0.9277,3.51,12.95,-0.61,50.4,50.4,12.6,-0.02
4939,22.694,4.654,14.955,22.531,4.639,14.945,0.1639,11.65,69.7,-106.26,0.2509,0.928,3.5,12.96,-0.61,50.4,50.4,12.6,-0.02
4940,22.703,4.652,14.955,22.54,4.636,14.945,0.1639,11.62,69.68,-106.24,0.2513,0.9282,3.51,12.96,-0.61,50.4,50.4,12.6,-0.02
4941,22.713,4.649,14.955,22.55,4.634,14.945,0.1639,11.6,69.65,-106.19,0.2515,0.9284,3.51,12.96,-0.61,50.4,50.4,12.6,-0.02
4942,22.722,4.646,14.955,22.56,4.631,14.945,0.1639,11.6,69.63,-106.17,0.2517,0.9286,3.51,12.97,-0.61,50.4,50.4,12.6,-0.02
4943,22.732,4.643,14.955,22.569,4.628,14.944,0.1636,11.58,69.61,-106.15,0.2548,0.9288,3.56,12.97,-0.61,50.4,50.4,12.6,-0.02
4944,22.742,4.64,14.955,22.579,4.625,14.943,0.1635,11.58,69.59,-106.11,0.2564,0.9291,3.58,12.97,-0.61,50.4,50.4,12.6,-0.02
4945,22.751,4.638,14.955,22.589,4.623,14.943,0.1636,11.56,69.57,-106.08,0.2563,0.9293,3.58,12.98,-0.61,50.4,50.4,12.6,-0.02
4946,22.761,4.635,14.955,22.598,4.62,14.943,0.1636,11.56,69.54,-106.04,0.2565,0.9295,3.58,12.98,-0.61,50.4,50.4,12.6,-0.02
4947,22.77,4.632,14.955,22.608,4.617,14.943,0.1636,11.54,69.52,-106.02,0.2567,0.9297,3.58,12.98,-0.61,50.4,50.4,12.6,-0.02
4948,22.78,4.629,14.955,22.617,4.614,14.943,0.1637,11.54,69.5,-106.0,0.2569,0.9299,3.59,12.98,-0.61,50.4,50.4,12.6,-0.02
4949,22.79,4.627,14.955,22.586,4.818,14.943,0.2802,12.04,69.48,-105.95,0.2628,0.9244,3.67,12.91,-7.92,50.4,50.4,12.6,2.1
4950,22.799,4.623,14.955,22.591,4.841,14.942,0.3013,12.08,69.46,-105.91,0.2678,0.9196,3.74,12.84,-8.82,50.4,50.4,12.6,2.33
4951,22.808,4.62,14.955,22.645,4.631,14.941,0.1642,11.56,69.43,-105.89,0.2728,0.9168,3.81,12.8,-1.49,50.4,50.4,12.6,0.21
4952,22.818,4.617,14.955,22.659,4.604,14.944,0.1603,11.49,69.41,-105.84,0.2666,0.9176,3.72,12.81,-0.66,50.4,50.4,12.6,-0.02
4953,22.827,4.614,14.955,22.667,4.601,14.945,0.1607,11.47,69.41,-105.82,0.2621,0.9178,3.66,12.82,-0.66,50.4,50.4,12.6,-0.03
4954,22.837,4.61,14.955,22.677,4.597,14.945,0.1607,11.47,69.39,-105.8,0.2626,0.9181,3.67,12.82,-0.66,50.4,50.4,12.6,-0.03
4955,22.846,4.607,14.955,22.686,4.594,14.945,0.1607,11.45,69.37,-105.75,0.2629,0.9183,3.67,12.82,-0.66,50.4,50.4,12.6,-0.03
4956,22.856,4.604,14.955,22.696,4.591,14.945,0.1607,11.43,69.35,-105.73,0.2631,0.9185,3.67,12.82,-0.66,50.4,50.4,12.6,-0.03
4957,22.865,4.601,14.955,22.705,4.588,14.944,0.1606,11.43,69.32,-105.71,0.2645,0.9187,3.69,12.83,-0.66,50.4,50.4,12.6,-0.03
4958,22.875,4.597,14.955,22.715,4.585,14.943,0.1603,11.4,69.3,-105.67,0.2679,0.919,3.74,12.83,-0.66,50.4,50.4,12.6,-0.03
4959,22.884,4.594,14.955,22.725,4.581,14.943,0.1604,11.4,69.28,-105.64,0.2676,0.9192,3.74,12.83,-0.66,50.4,50.4,12.6,-0.03
4960,22.893,4.591,14.955,22.734,4.578,14.943,0.1604,11.38,69.26,-105.6,0.2678,0.9194,3.74,12.84,-0.66,50.4,50.4,12.6,-0.03
4961,22.903,4.588,14.955,22.743,4.575,14.943,0.1604,11.38,69.24,-105.58,0.268,0.9196,3.74,12.84,-0.66,50.4,50.4,12.6,-0.03
4962,22.912,4.584,14.955,22.753,4.572,14.943,0.1605,11.36,69.21,-105.56,0.2681,0.9198,3.74,12.84,-0.66,50.4,50.4,12.6,-0.03
4963,22.922,4.581,14.955,22.759,4.587,14.941,0.1631,11.4,69.19,-105.51,0.274,0.9194,3.83,12.84,-1.29,50.4,50.4,12.6,0.18
4964,22.931,4.578,14.955,22.728,4.788,14.941,0.2922,11.89,69.17,-105.49,0.279,0.9139,3.9,12.76,-8.46,50.4,50.4,12.6,2.5
4965,22.94,4.574,14.955,22.742,4.769,14.941,0.278,11.84,69.15,-105.45,0.284,0.9092,3.97,12.69,-7.91,50.4,50.4,12.6,2.29
4966,22.95,4.57,14.955,22.794,4.56,14.944,0.1568,11.32,69.15,-105.42,0.2778,0.906,3.88,12.65,-0.7,50.4,50.4,12.6,-0.03
4967,22.959,4.567,14.955,22.802,4.556,14.946,0.1573,11.29,69.13,-105.38,0.2736,0.9068,3.82,12.66,-0.7,50.4,50.4,12.6,-0.03
4968,22.968,4.563,14.955,22.812,4.553,14.945,0.1572,11.29,69.1,-105.36,0.2745,0.907,3.83,12.66,-0.7,50.4,50.4,12.6,-0.03
4969,22.978,4.559,14.955,22.821,4.549,14.945,0.1572,11.27,69.08,-105.34,0.2747,0.9073,3.84,12.67,-0.7,50.4,50.4,12.6,-0.03
4970,22.987,4.556,14.955,22.83,4.545,14.945,0.1573,11.25,69.06,-105.29,0.2749,0.9075,3.84,12.67,-0.7,50.4,50.4,12.6,-0.03
4971,22.996,4.552,14.955,22.839,4.542,14.945,0.1573,11.25,69.04,-105.27,0.2751,0.9077,3.84,12.67,-0.7,50.4,50.4,12.6,-0.03
4972,23.005,4.548,14.955,22.849,4.538,14.945,0.1573,11.23,69.04,-105.25,0.2752,0.9079,3.84,12.68,-0.7,50.4,50.4,12.6,-0.03
4973,23.015,4.544,14.955,22.858,4.534,14.944,0.157,11.23,68.99,-105.21,0.2786,0.9082,3.89,12.68,-0.7,50.4,50.4,12.6,-0.03
4974,23.024,4.541,14.955,22.868,4.531,14.943,0.1569,11.21,68.99,-105.18,0.2796,0.9084,3.9,12.68,-0.7,50.4,50.4,12.6,-0.03
4975,23.033,4.537,14.955,22.877,4.527,14.944,0.157,11.18,68.97,-105.16,0.2796,0.9086,3.9,12.69,-0.7,50.4,50.4,12.6,-0.03
4976,23.042,4.533,14.955,22.886,4.523,14.944,0.157,11.18,68.95,-105.12,0.2798,0.9089,3.91,12.69,-0.7,50.4,50.4,12.6,-0.03
4977,23.052,4.53,14.955,22.895,4.52,14.944,0.157,11.16,68.93,-105.1,0.2799,0.9091,3.91,12.69,-0.7,50.4,50.4,12.6,-0.03
4978,23.061,4.526,14.955,22.89,4.594,14.942,0.1841,11.34,68.91,-105.05,0.2858,0.9061,3.99,12.65,-3.42,50.4,50.4,12.6,0.94
4979,23.07,4.522,14.955,22.874,4.727,14.942,0.2841,11.67,68.88,-105.03,0.2908,0.901,4.06,12.58,-8.17,50.4,50.4,12.6,2.64
4980,23.079,4.518,14.955,22.9,4.646,14.941,0.2212,11.47,68.86,-104.99,0.2958,0.8963,4.13,12.51,-5.5,50.4,50.4,12.6,1.66
4981,23.088,4.514,14.955,22.936,4.506,14.945,0.1532,11.12,68.84,-104.96,0.2896,0.8945,4.04,12.49,-0.75,50.4,50.4,12.6,-0.03
4982,23.097,4.51,14.955,22.944,4.502,14.946,0.1537,11.1,68.84,-104.94,0.286,0.8952,3.99,12.5,-0.74,50.4,50.4,12.6,-0.03
4983,23.107,4.505,14.955,22.953,4.498,14.946,0.1536,11.1,68.82,-104.9,0.2869,0.8954,4.01,12.5,-0.74,50.4,50.4,12.6,-0.03
4984,23.116,4.501,14.955,22.963,4.494,14.945,0.1536,11.07,68.8,-104.88,0.287,0.8957,4.01,12.51,-0.74,50.4,50.4,12.6,-0.03
4985,23.125,4.497,14.955,22.972,4.49,14.945,0.1536,11.05,68.77,-104.85,0.2872,0.8959,4.01,12.51,-0.74,50.4,50.4,12.6,-0.03
4986,23.134,4.493,14.955,22.981,4.485,14.945,0.1536,11.05,68.75,-104.81,0.2874,0.8961,4.01,12.51,-0.74,50.4,50.4,12.6,-0.03
4987,23.143,4.489,14.955,22.99,4.481,14.944,0.1534,11.03,68.73,-104.79,0.2899,0.8963,4.05,12.52,-0.74,50.4,50.4,12.6,-0.03
4988,23.152,4.485,14.955,22.999,4.477,14.944,0.1533,11.01,68.71,-104.77,0.2917,0.8966,4.07,12.52,-0.74,50.4,50.4,12.6,-0.03
4989,23.161,4.481,14.955,23.008,4.473,14.944,0.1534,11.01,68.69,-104.74,0.2916,0.8968,4.07,12.52,-0.74,50.4,50.4,12.6,-0.03
4990,23.17,4.476,14.955,23.017,4.469,14.944,0.1534,10.99,68.69,-104.7,0.2917,0.897,4.07,12.52,-0.74,50.4,50.4,12.6,-0.03
4991,23.179,4.472,14.955,23.026,4.465,14.944,0.1534,10.96,68.66,-104.68,0.2919,0.8973,4.08,12.53,-0.74,50.4,50.4,12.6,-0.03
4992,23.188,4.468,14.955,23.036,4.461,14.944,0.1535,10.96,68.64,-104.66,0.2921,0.8975,4.08,12.53,-0.74,50.4,50.4,12.6,-0.03
4993,23.197,4.464,14.955,23.016,4.611,14.943,0.2336,11.34,68.62,-104.61,0.2979,0.8919,4.16,12.45,-6.08,50.4,50.4,12.6,2.08
4994,23.206,4.46,14.955,23.016,4.659,14.943,0.2756,11.45,68.6,-104.59,0.3029,0.8872,4.23,12.39,-7.88,50.4,50.4,12.6,2.76
4995,23.215,4.455,14.955,23.057,4.501,14.942,0.1652,11.05,68.58,-104.55,0.3079,0.8825,4.3,12.32,-2.54,50.4,50.4,12.6,0.65
4996,23.224,4.45,14.955,23.075,4.445,14.945,0.1495,10.9,68.55,-104.52,0.3017,0.8824,4.21,12.32,-0.79,50.4,50.4,12.6,-0.04
4997,23.233,4.446,14.955,23.084,4.441,14.946,0.1499,10.9,68.55,-104.5,0.2988,0.8828,4.17,12.33,-0.78,50.4,50.4,12.6,-0.04
4998,23.242,4.441,14.955,23.093,4.436,14.946,0.1498,10.88,68.53,-104.46,0.2995,0.8831,4.18,12.33,-0.78,50.4,50.4,12.6,-0.04
4999,23.251,4.437,14.955,23.101,4.432,14.946,0.1498,10.85,68.51,-104.44,0.2996,0.8833,4.18,12.33,-0.78,50.4,50.4,12.6,-0.04
5000,23.26,4.432,14.955,23.11,4.427,14.945,0.1498,10.85,68.49,-104.41,0.2998,0.8835,4.19,12.34,-0.78,50.4,50.4,12.6,-0.04
5001,23.269,4.428,14.955,23.119,4.423,14.944,0.1496,10.83,68.47,-104.37,0.3031,0.8838,4.23,12.34,-0.78,50.4,50.4,12.6,-0.04
5002,23.277,4.423,14.955,23.128,4.418,14.944,0.1496,10.81,68.44,-104.35,0.3038,0.884,4.24,12.34,-0.78,50.4,50.4,12.6,-0.04
5003,23.286,4.419,14.955,23.137,4.414,14.944,0.1496,10.81,68.42,-104.33,0.3038,0.8842,4.24,12.35,-0.78,50.4,50.4,12.6,-0.04
5004,23.295,4.414,14.955,23.146,4.409,14.944,0.1496,10.79,68.42,-104.3,0.304,0.8845,4.24,12.35,-0.78,50.4,50.4,12.6,-0.04
5005,23.304,4.409,14.955,23.155,4.405,14.944,0.1497,10.77,68.4,-104.26,0.3041,0.8847,4.25,12.35,-0.78,50.4,50.4,12.6,-0.04
5006,23.313,4.405,14.955,23.164,4.4,14.944,0.1497,10.74,68.38,-104.24,0.3043,0.8849,4.25,12.36,-0.78,50.4,50.4,12.6,-0.04
5007,23.322,4.4,14.955,23.164,4.445,14.942,0.1642,10.85,68.36,-104.22,0.3101,0.8827,4.33,12.33,-2.47,50.4,50.4,12.6,0.7
5008,23.331,4.396,14.955,23.146,4.586,14.942,0.2654,11.21,68.33,-104.17,0.3151,0.8775,4.4,12.25,-7.5,50.4,50.4,12.6,2.87
5009,23.339,4.391,14.955,23.166,4.534,14.942,0.2255,11.07,68.31,-104.15,0.3201,0.8728,4.47,12.19,-5.87,50.4,50.4,12.6,2.14
5010,23.348,4.386,14.955,23.203,4.383,14.946,0.1455,10.7,68.29,-104.11,0.3139,0.8686,4.38,12.13,-0.82,50.4,50.4,12.6,-0.04
5011,23.357,4.381,14.955,23.211,4.378,14.946,0.1459,10.68,68.29,-104.08,0.3115,0.8696,4.35,12.14,-0.82,50.4,50.4,12.6,-0.04
5012,23.365,4.376,14.955,23.22,4.373,14.946,0.1459,10.66,68.27,-104.06,0.3121,0.8699,4.36,12.15,-0.82,50.4,50.4,12.6,-0.04
5013,23.374,4.371,14.955,23.228,4.368,14.946,0.1459,10.66,68.25,-104.04,0.3123,0.8701,4.36,12.15,-0.82,50.4,50.4,12.6,-0.04
5014,23.383,4.366,14.955,23.237,4.363,14.946,0.1459,10.63,68.23,-104.02,0.3124,0.8703,4.36,12.15,-0.82,50.4,50.4,12.6,-0.04
5015,23.391,4.361,14.955,23.246,4.358,14.946,0.1459,10.61,68.23,-103.97,0.3125,0.8706,4.36,12.16,-0.82,50.4,50.4,12.6,-0.04
5016,23.4,4.356,14.955,23.255,4.353,14.945,0.1458,10.61,68.2,-103.95,0.3144,0.8708,4.39,12.16,-0.82,50.4,50.4,12.6,-0.04
5017,23.409,4.351,14.955,23.264,4.349,14.944,0.1457,10.59,68.18,-103.93,0.3167,0.871,4.42,12.16,-0.82,50.4,50.4,12.6,-0.04
5018,23.417,4.346,14.955,23.272,4.344,14.944,0.1457,10.57,68.16,-103.91,0.3164,0.8713,4.42,12.17,-0.82,50.4,50.4,12.6,-0.04
5019,23.426,4.341,14.955,23.281,4.339,14.944,0.1458,10.55,68.14,-103.86,0.3166,0.8715,4.42,12.17,-0.82,50.4,50.4,12.6,-0.04
5020,23.435,4.336,14.955,23.289,4.334,14.944,0.1458,10.55,68.12,-103.84,0.3167,0.8717,4.42,12.17,-0.82,50.4,50.4,12.6,-0.04
5021,23.443,4.331,14.955,23.298,4.329,14.944,0.1458,10.52,68.12,-103.82,0.3168,0.872,4.42,12.18,-0.82,50.4,50.4,12.6,-0.04
5022,23.452,4.326,14.955,23.278,4.484,14.944,0.2354,10.9,68.09,-103.78,0.3227,0.8664,4.51,12.1,-6.31,50.4,50.4,12.6,2.57
5023,23.46,4.321,14.955,23.283,4.505,14.943,0.2563,10.94,68.07,-103.75,0.3277,0.8617,4.57,12.03,-7.21,50.4,50.4,12.6,2.96
5024,23.469,4.315,14.955,23.324,4.34,14.943,0.148,10.55,68.05,-103.73,0.3326,0.8569,4.64,11.97,-1.71,50.4,50.4,12.6,0.36
5025,23.477,4.31,14.955,23.336,4.31,14.946,0.1416,10.46,68.03,-103.69,0.3264,0.8555,4.56,11.94,-0.86,50.4,50.4,12.6,-0.04
5026,23.486,4.305,14.955,23.344,4.305,14.946,0.1418,10.44,68.01,-103.67,0.3245,0.8561,4.53,11.95,-0.86,50.4,50.4,12.6,-0.04
5027,23.494,4.299,14.955,23.353,4.299,14.946,0.1418,10.44,68.01,-103.65,0.3251,0.8563,4.54,11.96,-0.86,50.4,50.4,12.6,-0.04
5028,23.503,4.294,14.955,23.361,4.294,14.946,0.1418,10.42,67.98,-103.62,0.3252,0.8566,4.54,11.96,-0.86,50.4,50.4,12.6,-0.04
5029,23.511,4.289,14.956,23.37,4.289,14.945,0.1417,10.39,67.96,-103.6,0.327,0.8568,4.57,11.96,-0.86,50.4,50.4,12.6,-0.04
5030,23.52,4.283,14.956,23.378,4.283,14.944,0.1416,10.39,67.94,-103.56,0.3291,0.8571,4.6,11.97,-0.86,50.4,50.4,12.6,-0.04
5031,23.528,4.278,14.956,23.387,4.278,14.945,0.1416,10.37,67.94,-103.54,0.3289,0.8573,4.59,11.97,-0.86,50.4,50.4,12.6,-0.04
5032,23.536,4.272,14.956,23.395,4.273,14.945,0.1417,10.35,67.92,-103.51,0.329,0.8575,4.59,11.97,-0.86,50.4,50.4,12.6,-0.04
5033,23.545,4.267,14.956,23.404,4.267,14.945,0.1417,10.33,67.9,-103.49,0.3292,0.8578,4.6,11.98,-0.86,50.4,50.4,12.6,-0.04
5034,23.553,4.262,14.956,23.412,4.262,14.945,0.1417,10.33,67.87,-103.47,0.3293,0.858,4.6,11.98,-0.86,50.4,50.4,12.6,-0.04
5035,23.562,4.256,14.956,23.42,4.257,14.945,0.1418,10.31,67.85,-103.45,0.3294,0.8582,4.6,11.98,-0.86,50.4,50.4,12.6,-0.04
5036,23.57,4.251,14.956,23.411,4.358,14.944,0.1919,10.55,67.83,-103.4,0.3352,0.8527,4.68,11.91,-4.48,50.4,50.4,12.6,1.83
5037,23.578,4.245,14.956,23.408,4.422,14.943,0.2458,10.7,67.83,-103.38,0.3402,0.8479,4.75,11.84,-6.85,50.4,50.4,12.6,3.04
5038,23.587,4.24,14.956,23.437,4.311,14.943,0.166,10.42,67.81,-103.34,0.3452,0.8432,4.82,11.77,-3.25,50.4,50.4,12.6,1.16
5039,23.595,4.234,14.956,23.458,4.237,14.946,0.1375,10.24,67.79,-103.32,0.3389,0.8412,4.73,11.75,-0.9,50.4,50.4,12.6,-0.05
5040,23.603,4.228,14.956,23.466,4.231,14.947,0.1377,10.22,67.76,-103.29,0.3375,0.8419,4.71,11.76,-0.9,50.4,50.4,12.6,-0.05
5041,23.611,4.223,14.956,23.474,4.225,14.946,0.1377,10.2,67.76,-103.27,0.3379,0.8421,4.72,11.76,-0.9,50.4,50.4,12.6,-0.05
5042,23.619,4.217,14.956,23.482,4.219,14.946,0.1378,10.2,67.74,-103.25,0.3381,0.8424,4.72,11.76,-0.9,50.4,50.4,12.6,-0.05
5043,23.627,4.211,14.956,23.49,4.214,14.946,0.1378,10.17,67.72,-103.23,0.3382,0.8426,4.72,11.77,-0.9,50.4,50.4,12.6,-0.05
5044,23.636,4.205,14.956,23.499,4.208,14.945,0.1376,10.15,67.7,-103.18,0.3409,0.8429,4.76,11.77,-0.89,50.4,50.4,12.6,-0.05
5045,23.644,4.2,14.956,23.507,4.202,14.945,0.1375,10.13,67.7,-103.16,0.3418,0.8431,4.77,11.77,-0.89,50.4,50.4,12.6,-0.05
5046,23.652,4.194,14.956,23.515,4.197,14.945,0.1376,10.13,67.68,-103.14,0.3417,0.8433,4.77,11.78,-0.89,50.4,50.4,12.6,-0.05
5047,23.66,4.188,14.956,23.523,4.191,14.945,0.1376,10.11,67.65,-103.12,0.3418,0.8436,4.77,11.78,-0.89,50.4,50.4,12.6,-0.05
5048,23.668,4.182,14.956,23.531,4.185,14.945,0.1377,10.09,67.63,-103.1,0.342,0.8438,4.77,11.78,-0.89,50.4,50.4,12.6,-0.05
5049,23.677,4.177,14.956,23.539,4.18,14.945,0.1377,10.06,67.63,-103.07,0.3421,0.8441,4.78,11.79,-0.89,50.4,50.4,12.6,-0.05
5050,23.685,4.171,14.956,23.535,4.253,14.944,0.1715,10.24,67.61,-103.03,0.3479,0.8392,4.86,11.72,-3.59,50.4,50.4,12.6,1.47
5051,23.693,4.165,14.956,23.529,4.334,14.943,0.2354,10.44,67.59,-103.01,0.3528,0.8344,4.93,11.65,-6.5,50.4,50.4,12.6,3.1
5052,23.701,4.159,14.956,23.553,4.249,14.943,0.174,10.22,67.57,-102.99,0.3578,0.8297,5.0,11.58,-3.83,50.4,50.4,12.6,1.58
5053,23.709,4.153,14.956,23.576,4.158,14.947,0.1333,10.0,67.54,-102.94,0.3516,0.8265,4.91,11.54,-0.93,50.4,50.4,12.6,-0.05
5054,23.717,4.147,14.956,23.583,4.152,14.947,0.1336,9.98,67.54,-102.92,0.3505,0.8274,4.89,11.55,-0.93,50.4,50.4,12.6,-0.05
5055,23.725,4.141,14.956,23.591,4.146,14.947,0.1336,9.98,67.52,-102.9,0.3509,0.8276,4.9,11.56,-0.93,50.4,50.4,12.6,-0.05
5056,23.732,4.135,14.956,23.599,4.14,14.947,0.1336,9.95,67.5,-102.88,0.3509,0.8278,4.9,11.56,-0.93,50.4,50.4,12.6,-0.05
5057,23.74,4.129,14.956,23.607,4.134,14.946,0.1336,9.93,67.5,-102.85,0.351,0.8281,4.9,11.56,-0.93,50.4,50.4,12.6,-0.05
5058,23.748,4.123,14.956,23.615,4.128,14.946,0.1336,9.91,67.48,-102.83,0.3521,0.8283,4.92,11.57,-0.93,50.4,50.4,12.6,-0.05
5059,23.756,4.116,14.956,23.623,4.122,14.945,0.1334,9.89,67.46,-102.81,0.3548,0.8286,4.95,11.57,-0.93,50.4,50.4,12.6,-0.05
5060,23.764,4.11,14.956,23.631,4.116,14.945,0.1335,9.89,67.43,-102.79,0.3545,0.8288,4.95,11.57,-0.93,50.4,50.4,12.6,-0.05
5061,23.772,4.104,14.956,23.639,4.11,14.945,0.1335,9.87,67.43,-102.77,0.3546,0.8291,4.95,11.58,-0.93,50.4,50.4,12.6,-0.05
5062,23.78,4.098,14.956,23.647,4.103,14.945,0.1336,9.84,67.41,-102.74,0.3546,0.8293,4.95,11.58,-0.93,50.4,50.4,12.6,-0.05
5063,23.788,4.092,14.956,23.655,4.097,14.945,0.1336,9.82,67.39,-102.7,0.3547,0.8295,4.95,11.58,-0.93,50.4,50.4,12.6,-0.05
5064,23.796,4.086,14.956,23.651,4.169,14.944,0.1676,10.0,67.37,-102.68,0.3606,0.8244,5.03,11.51,-3.55,50.4,50.4,12.6,1.55
5065,23.804,4.08,14.956,23.647,4.241,14.944,0.2252,10.17,67.35,-102.66,0.3655,0.8196,5.1,11.44,-6.16,50.4,50.4,12.6,3.14
5066,23.811,4.073,14.956,23.669,4.158,14.943,0.1657,9.95,67.35,-102.61,0.3705,0.8149,5.17,11.38,-3.57,50.4,50.4,12.6,1.53
5067,23.819,4.067,14.956,23.69,4.074,14.947,0.1292,9.76,67.32,-102.59,0.3642,0.8117,5.09,11.33,-0.96,50.4,50.4,12.6,-0.05
5068,23.827,4.061,14.956,23.698,4.068,14.947,0.1294,9.73,67.32,-102.57,0.3634,0.8125,5.07,11.35,-0.96,50.4,50.4,12.6,-0.05
5069,23.834,4.054,14.956,23.705,4.062,14.947,0.1294,9.71,67.3,-102.55,0.3637,0.8128,5.08,11.35,-0.96,50.4,50.4,12.6,-0.05
5070,23.842,4.048,14.956,23.713,4.055,14.947,0.1295,9.71,67.28,-102.52,0.3638,0.813,5.08,11.35,-0.96,50.4,50.4,12.6,-0.05
5071,23.85,4.041,14.956,23.721,4.049,14.947,0.1295,9.69,67.28,-102.5,0.3639,0.8133,5.08,11.36,-0.96,50.4,50.4,12.6,-0.05
5072,23.857,4.035,14.956,23.729,4.042,14.946,0.1294,9.67,67.26,-102.48,0.3651,0.8135,5.1,11.36,-0.96,50.4,50.4,12.6,-0.05
5073,23.865,4.028,14.956,23.736,4.036,14.945,0.1293,9.65,67.24,-102.46,0.3674,0.8138,5.13,11.36,-0.96,50.4,50.4,12.6,-0.05
5074,23.873,4.022,14.956,23.744,4.03,14.945,0.1294,9.62,67.21,-102.44,0.3671,0.814,5.13,11.37,-0.96,50.4,50.4,12.6,-0.05
5075,23.88,4.016,14.956,23.752,4.023,14.945,0.1294,9.62,67.21,-102.41,0.3672,0.8143,5.13,11.37,-0.96,50.4,50.4,12.6,-0.05
5076,23.888,4.009,14.956,23.759,4.017,14.945,0.1294,9.6,67.19,-102.39,0.3673,0.8145,5.13,11.37,-0.96,50.4,50.4,12.6,-0.05
5077,23.896,4.003,14.956,23.767,4.011,14.945,0.1295,9.58,67.17,-102.37,0.3674,0.8147,5.13,11.38,-0.96,50.4,50.4,12.6,-0.05
5078,23.903,3.996,14.956,23.759,4.103,14.945,0.1795,9.8,67.15,-102.33,0.3732,0.8091,5.21,11.3,-4.28,50.4,50.4,12.6,2.14
5079,23.911,3.99,14.956,23.76,4.143,14.944,0.2153,9.89,67.15,-102.3,0.3781,0.8044,5.28,11.23,-5.85,50.4,50.4,12.6,3.16
5080,23.918,3.983,14.956,23.786,4.039,14.944,0.1437,9.65,67.13,-102.28,0.3831,0.7997,5.35,11.17,-2.54,50.4,50.4,12.6,0.96
5081,23.926,3.976,14.956,23.801,3.986,14.947,0.125,9.51,67.1,-102.26,0.3768,0.7967,5.26,11.12,-0.99,50.4,50.4,12.6,-0.06
5082,23.933,3.97,14.956,23.808,3.979,14.947,0.1252,9.49,67.1,-102.24,0.3762,0.7976,5.25,11.14,-0.99,50.4,50.4,12.6,-0.06
5083,23.94,3.963,14.956,23.816,3.973,14.947,0.1253,9.47,67.08,-102.22,0.3765,0.7978,5.26,11.14,-0.99,50.4,50.4,12.6,-0.06
5084,23.948,3.956,14.956,23.823,3.966,14.947,0.1253,9.45,67.06,-102.19,0.3766,0.798,5.26,11.14,-0.99,50.4,50.4,12.6,-0.06
5085,23.955,3.949,14.956,23.831,3.959,14.947,0.1253,9.43,67.06,-102.17,0.3767,0.7983,5.26,11.15,-0.99,50.4,50.4,12.6,-0.06
5086,23.963,3.943,14.956,23.838,3.953,14.946,0.1251,9.4,67.04,-102.15,0.38,0.7985,5.31,11.15,-0.99,50.4,50.4,12.6,-0.06
5087,23.97,3.936,14.956,23.846,3.946,14.946,0.1252,9.4,67.02,-102.13,0.3797,0.7988,5.3,11.15,-0.99,50.4,50.4,12.6,-0.06
5088,23.977,3.929,14.956,23.853,3.939,14.946,0.1252,9.38,67.02,-102.11,0.3798,0.799,5.3,11.16,-0.99,50.4,50.4,12.6,-0.06
5089,23.985,3.923,14.956,23.86,3.933,14.946,0.1252,9.36,66.99,-102.08,0.3798,0.7993,5.3,11.16,-0.99,50.4,50.4,12.6,-0.06
5090,23.992,3.916,14.956,23.868,3.926,14.946,0.1253,9.34,66.97,-102.06,0.3799,0.7995,5.3,11.16,-0.99,50.4,50.4,12.6,-0.06
5091,23.999,3.909,14.956,23.875,3.924,14.944,0.1262,9.34,66.97,-102.04,0.3857,0.7993,5.39,11.16,-1.16,50.4,50.4,12.6,0.07
5092,24.007,3.902,14.956,23.862,4.047,14.943,0.2052,9.62,66.95,-102.0,0.3906,0.7938,5.45,11.08,-5.5,50.4,50.4,12.6,3.18
5093,24.014,3.895,14.956,23.872,4.037,14.943,0.2012,9.6,66.93,-101.98,0.3956,0.7891,5.52,11.02,-5.37,50.4,50.4,12.6,3.05
5094,24.021,3.888,14.956,23.901,3.9,14.947,0.1215,9.27,66.93,-101.95,0.3893,0.7843,5.44,10.95,-1.02,50.4,50.4,12.6,-0.06
5095,24.028,3.881,14.956,23.908,3.893,14.948,0.1209,9.25,66.91,-101.93,0.3889,0.7816,5.43,10.91,-1.02,50.4,50.4,12.6,-0.06
5096,24.035,3.874,14.956,23.915,3.886,14.948,0.121,9.23,66.88,-101.91,0.3891,0.7825,5.43,10.93,-1.02,50.4,50.4,12.6,-0.06
5097,24.042,3.867,14.956,23.922,3.879,14.948,0.1211,9.21,66.88,-101.89,0.3892,0.7827,5.43,10.93,-1.02,50.4,50.4,12.6,-0.06
5098,24.05,3.86,14.956,23.929,3.872,14.947,0.1211,9.18,66.86,-101.87,0.3893,0.7829,5.44,10.93,-1.02,50.4,50.4,12.6,-0.06
5099,24.057,3.853,14.956,23.936,3.865,14.947,0.1211,9.16,66.86,-101.84,0.3893,0.7832,5.44,10.94,-1.02,50.4,50.4,12.6,-0.06
5100,24.064,3.846,14.956,23.944,3.858,14.947,0.1211,9.16,66.84,-101.82,0.3894,0.7834,5.44,10.94,-1.02,50.4,50.4,12.6,-0.06
5101,24.071,3.839,14.956,23.951,3.851,14.947,0.1211,9.14,66.82,-101.8,0.39,0.7837,5.45,10.94,-1.02,50.4,50.4,12.6,-0.06
5102,24.078,3.832,14.956,23.958,3.844,14.946,0.121,9.12,66.82,-101.78,0.3926,0.7839,5.48,10.95,-1.02,50.4,50.4,12.6,-0.06
5103,24.085,3.825,14.956,23.965,3.837,14.946,0.121,9.1,66.8,-101.76,0.3923,0.7842,5.48,10.95,-1.02,50.4,50.4,12.6,-0.06
5104,24.092,3.818,14.956,23.972,3.83,14.946,0.1211,9.07,66.77,-101.73,0.3923,0.7844,5.48,10.95,-1.02,50.4,50.4,12.6,-0.06
5105,24.099,3.811,14.956,23.969,3.897,14.945,0.1562,9.23,66.75,-101.71,0.3981,0.7788,5.56,10.87,-3.46,50.4,50.4,12.6,1.83
5106,24.106,3.804,14.956,23.969,3.942,14.945,0.1954,9.34,66.75,-101.69,0.4031,0.7741,5.63,10.81,-5.21,50.4,50.4,12.6,3.18
5107,24.113,3.797,14.956,23.989,3.863,14.944,0.1409,9.14,66.73,-101.67,0.408,0.7693,5.7,10.74,-2.79,50.4,50.4,12.6,1.28
5108,24.12,3.789,14.956,24.004,3.803,14.948,0.1167,9.01,66.73,-101.65,0.4017,0.7662,5.61,10.7,-1.05,50.4,50.4,12.6,-0.06
5109,24.127,3.782,14.956,24.011,3.796,14.948,0.1169,8.99,66.71,-101.62,0.4015,0.7671,5.61,10.71,-1.05,50.4,50.4,12.6,-0.06
5110,24.134,3.775,14.956,24.018,3.789,14.948,0.1169,8.96,66.69,-101.6,0.4017,0.7673,5.61,10.71,-1.05,50.4,50.4,12.6,-0.06
5111,24.14,3.767,14.956,24.025,3.782,14.948,0.1169,8.94,66.69,-101.58,0.4017,0.7676,5.61,10.72,-1.05,50.4,50.4,12.6,-0.06
5112,24.147,3.76,14.956,24.031,3.774,14.948,0.117,8.92,66.67,-101.56,0.4017,0.7678,5.61,10.72,-1.05,50.4,50.4,12.6,-0.06
5113,24.154,3.753,14.956,24.038,3.767,14.947,0.1169,8.9,66.67,-101.54,0.4028,0.7681,5.62,10.72,-1.05,50.4,50.4,12.6,-0.06
5114,24.161,3.745,14.956,24.045,3.76,14.946,0.1168,8.88,66.64,-101.51,0.4048,0.7683,5.65,10.73,-1.05,50.4,50.4,12.6,-0.06
5115,24.168,3.738,14.956,24.052,3.753,14.946,0.1169,8.88,66.62,-101.49,0.4045,0.7686,5.65,10.73,-1.05,50.4,50.4,12.6,-0.06
5116,24.175,3.731,14.956,24.059,3.745,14.946,0.1169,8.85,66.62,-101.47,0.4045,0.7688,5.65,10.73,-1.05,50.4,50.4,12.6,-0.06
5117,24.181,3.724,14.956,24.066,3.738,14.946,0.117,8.83,66.6,-101.45,0.4046,0.769,5.65,10.74,-1.05,50.4,50.4,12.6,-0.06
5118,24.188,3.716,14.956,24.068,3.771,14.945,0.1327,8.9,66.58,-101.43,0.4104,0.7656,5.73,10.69,-2.37,50.4,50.4,12.6,1.04
5119,24.195,3.709,14.956,24.064,3.84,14.945,0.1858,9.07,66.58,-101.4,0.4153,0.7605,5.8,10.62,-4.91,50.4,50.4,12.6,3.17
5120,24.201,3.701,14.956,24.078,3.794,14.944,0.1548,8.96,66.56,-101.38,0.4202,0.7558,5.87,10.55,-3.62,50.4,50.4,12.6,2.06
5121,24.208,3.694,14.956,24.097,3.71,14.948,0.1127,8.75,66.56,-101.36,0.4139,0.751,5.78,10.49,-1.08,50.4,50.4,12.6,-0.06
5122,24.215,3.686,14.956,24.103,3.702,14.948,0.1128,8.72,66.53,-101.34,0.4138,0.7516,5.78,10.49,-1.08,50.4,50.4,12.6,-0.06
5123,24.221,3.679,14.956,24.11,3.695,14.948,0.1128,8.72,66.51,-101.32,0.4139,0.7519,5.78,10.5,-1.08,50.4,50.4,12.6,-0.06
5124,24.228,3.671,14.956,24.116,3.687,14.948,0.1129,8.7,66.51,-101.29,0.414,0.7522,5.78,10.5,-1.08,50.4,50.4,12.6,-0.06
5125,24.234,3.664,14.956,24.123,3.68,14.948,0.1129,8.68,66.49,-101.27,0.414,0.7524,5.78,10.51,-1.07,50.4,50.4,12.6,-0.06
5126,24.241,3.656,14.956,24.129,3.672,14.948,0.1129,8.66,66.49,-101.27,0.414,0.7527,5.78,10.51,-1.07,50.4,50.4,12.6,-0.06
5127,24.247,3.648,14.956,24.136,3.665,14.948,0.113,8.64,66.47,-101.25,0.4141,0.7529,5.78,10.51,-1.07,50.4,50.4,12.6,-0.06
5128,24.254,3.641,14.956,24.143,3.657,14.947,0.1128,8.61,66.47,-101.23,0.417,0.7532,5.82,10.52,-1.07,50.4,50.4,12.6,-0.06
5129,24.26,3.633,14.956,24.149,3.65,14.947,0.1129,8.59,66.45,-101.21,0.4166,0.7534,5.82,10.52,-1.07,50.4,50.4,12.6,-0.06
5130,24.267,3.626,14.956,24.156,3.642,14.947,0.1129,8.57,66.42,-101.18,0.4167,0.7537,5.82,10.52,-1.07,50.4,50.4,12.6,-0.06
5131,24.273,3.618,14.956,24.158,3.67,14.945,0.127,8.64,66.42,-101.16,0.4224,0.7504,5.9,10.48,-2.24,50.4,50.4,12.6,0.99
5132,24.28,3.611,14.956,24.155,3.735,14.945,0.1766,8.79,66.4,-101.14,0.4274,0.7453,5.97,10.41,-4.63,50.4,50.4,12.6,3.15
5133,24.286,3.603,14.956,24.168,3.693,14.945,0.149,8.68,66.38,-101.12,0.4323,0.7405,6.04,10.34,-3.49,50.4,50.4,12.6,2.09
5134,24.292,3.595,14.956,24.186,3.613,14.949,0.1087,8.5,66.38,-101.1,0.426,0.7358,5.95,10.27,-1.1,50.4,50.4,12.6,-0.07
5135,24.299,3.587,14.956,24.192,3.605,14.949,0.1088,8.48,66.36,-101.07,0.4258,0.7363,5.95,10.28,-1.1,50.4,50.4,12.6,-0.07
5136,24.305,3.579,14.956,24.198,3.598,14.948,0.1088,8.46,66.36,-101.05,0.426,0.7366,5.95,10.29,-1.1,50.4,50.4,12.6,-0.07
5137,24.311,3.572,14.956,24.204,3.59,14.948,0.1089,8.44,66.34,-101.03,0.426,0.7369,5.95,10.29,-1.1,50.4,50.4,12.6,-0.07
5138,24.317,3.564,14.956,24.21,3.582,14.948,0.1089,8.42,66.34,-101.03,0.426,0.7371,5.95,10.29,-1.1,50.4,50.4,12.6,-0.07
5139,24.324,3.556,14.956,24.217,3.574,14.948,0.1089,8.39,66.31,-101.01,0.4261,0.7374,5.95,10.3,-1.1,50.4,50.4,12.6,-0.07
5140,24.33,3.548,14.956,24.223,3.567,14.948,0.109,8.37,66.31,-100.99,0.4261,0.7376,5.95,10.3,-1.1,50.4,50.4,12.6,-0.07
5141,24.336,3.54,14.956,24.229,3.559,14.947,0.1089,8.35,66.29,-100.96,0.4279,0.7379,5.97,10.3,-1.1,50.4,50.4,12.6,-0.07
5142,24.342,3.533,14.956,24.236,3.551,14.947,0.1088,8.33,66.29,-100.94,0.4286,0.7381,5.99,10.31,-1.1,50.4,50.4,12.6,-0.07
5143,24.349,3.525,14.956,24.242,3.543,14.947,0.1089,8.31,66.27,-100.92,0.4285,0.7384,5.98,10.31,-1.1,50.4,50.4,12.6,-0.07
5144,24.355,3.517,14.956,24.241,3.592,14.946,0.1364,8.44,66.25,-100.9,0.4343,0.7328,6.06,10.23,-2.95,50.4,50.4,12.6,1.75
5145,24.361,3.509,14.956,24.243,3.627,14.946,0.1677,8.5,66.25,-100.88,0.4392,0.728,6.13,10.17,-4.37,50.4,50.4,12.6,3.13
5146,24.367,3.501,14.956,24.258,3.564,14.945,0.1259,8.35,66.23,-100.85,0.4441,0.7233,6.2,10.1,-2.53,50.4,50.4,12.6,1.31
5147,24.373,3.493,14.956,24.271,3.513,14.949,0.1047,8.24,66.23,-100.83,0.4378,0.7204,6.11,10.06,-1.12,50.4,50.4,12.6,-0.07
5148,24.379,3.485,14.956,24.276,3.505,14.949,0.1049,8.22,66.2,-100.83,0.4377,0.7212,6.11,10.07,-1.12,50.4,50.4,12.6,-0.07
5149,24.385,3.477,14.956,24.282,3.497,14.949,0.1049,8.2,66.2,-100.81,0.4378,0.7215,6.11,10.07,-1.12,50.4,50.4,12.6,-0.07
5150,24.391,3.469,14.956,24.288,3.489,14.949,0.1049,8.17,66.18,-100.79,0.4378,0.7217,6.11,10.08,-1.12,50.4,50.4,12.6,-0.07
5151,24.397,3.461,14.956,24.294,3.481,14.949,0.105,8.15,66.18,-100.77,0.4379,0.722,6.11,10.08,-1.12,50.4,50.4,12.6,-0.07
5152,24.403,3.453,14.956,24.3,3.473,14.948,0.105,8.13,66.16,-100.74,0.4379,0.7222,6.11,10.08,-1.12,50.4,50.4,12.6,-0.07
5153,24.409,3.445,14.956,24.306,3.465,14.948,0.1049,8.11,66.16,-100.74,0.4392,0.7225,6.13,10.09,-1.12,50.4,50.4,12.6,-0.07
5154,24.415,3.437,14.956,24.312,3.457,14.947,0.1049,8.09,66.14,-100.72,0.4403,0.7227,6.15,10.09,-1.12,50.4,50.4,12.6,-0.07
5155,24.421,3.429,14.956,24.318,3.449,14.947,0.105,8.06,66.14,-100.7,0.4401,0.723,6.15,10.09,-1.12,50.4,50.4,12.6,-0.07
5156,24.427,3.421,14.956,24.324,3.449,14.945,0.1072,8.06,66.12,-100.68,0.4459,0.7223,6.23,10.09,-1.37,50.4,50.4,12.6,0.2
5157,24.433,3.413,14.956,24.319,3.524,14.945,0.1594,8.24,66.09,-100.66,0.4508,0.7168,6.29,10.01,-4.11,50.4,50.4,12.6,3.1
5158,24.438,3.405,14.956,24.328,3.51,14.945,0.1532,8.22,66.07,-100.63,0.4557,0.7121,6.36,9.94,-3.89,50.4,50.4,12.6,2.83
5159,24.444,3.396,14.956,24.345,3.418,14.949,0.1013,8.0,66.07,-100.61,0.4494,0.7073,6.27,9.88,-1.15,50.4,50.4,12.6,-0.07
5160,24.45,3.388,14.956,24.351,3.41,14.949,0.1009,7.98,66.07,-100.59,0.4493,0.7055,6.27,9.85,-1.15,50.4,50.4,12.6,-0.07
5161,24.455,3.38,14.956,24.357,3.402,14.949,0.101,7.95,66.05,-100.59,0.4494,0.7062,6.28,9.86,-1.14,50.4,50.4,12.6,-0.07
5162,24.461,3.372,14.957,24.363,3.394,14.949,0.101,7.93,66.05,-100.57,0.4494,0.7064,6.27,9.86,-1.14,50.4,50.4,12.6,-0.07
5163,24.467,3.363,14.957,24.368,3.385,14.949,0.1011,7.91,66.03,-100.55,0.4494,0.7067,6.27,9.87,-1.14,50.4,50.4,12.6,-0.07
5164,24.472,3.355,14.957,24.374,3.377,14.949,0.1011,7.89,66.03,-100.55,0.4494,0.7069,6.27,9.87,-1.14,50.4,50.4,12.6,-0.07
5165,24.478,3.347,14.957,24.38,3.369,14.949,0.1011,7.87,66.01,-100.52,0.4494,0.7072,6.27,9.87,-1.14,50.4,50.4,12.6,-0.07
5166,24.484,3.339,14.957,24.385,3.361,14.949,0.1012,7.84,66.01,-100.5,0.4494,0.7074,6.27,9.88,-1.14,50.4,50.4,12.6,-0.07
5167,24.489,3.331,14.957,24.391,3.353,14.949,0.1012,7.82,66.01,-100.48,0.4494,0.7077,6.27,9.88,-1.14,50.4,50.4,12.6,-0.07
5168,24.495,3.322,14.957,24.397,3.344,14.948,0.1011,7.8,65.98,-100.48,0.4508,0.7079,6.29,9.88,-1.14,50.4,50.4,12.6,-0.07
5169,24.501,3.314,14.957,24.394,3.411,14.948,0.1449,7.95,65.96,-100.46,0.4563,0.7023,6.37,9.81,-3.6,50.4,50.4,12.6,2.74
5170,24.506,3.306,14.957,24.4,3.412,14.947,0.1512,7.95,65.96,-100.44,0.4612,0.6976,6.44,9.74,-3.9,50.4,50.4,12.6,3.06
5171,24.512,3.297,14.957,24.417,3.329,14.946,0.1006,7.76,65.94,-100.42,0.4661,0.6928,6.51,9.67,-1.44,50.4,50.4,12.6,0.24
5172,24.517,3.289,14.957,24.423,3.313,14.95,0.097,7.73,65.94,-100.39,0.46,0.6903,6.42,9.64,-1.17,50.4,50.4,12.6,-0.07
5173,24.522,3.28,14.957,24.428,3.304,14.949,0.0971,7.71,65.92,-100.37,0.4607,0.6911,6.43,9.65,-1.17,50.4,50.4,12.6,-0.07
5174,24.528,3.272,14.957,24.434,3.296,14.949,0.0971,7.69,65.92,-100.37,0.4607,0.6913,6.43,9.65,-1.16,50.4,50.4,12.6,-0.07
5175,24.533,3.264,14.957,24.439,3.287,14.949,0.0971,7.67,65.9,-100.35,0.4616,0.6916,6.44,9.66,-1.16,50.4,50.4,12.6,-0.07
5176,24.539,3.255,14.957,24.445,3.279,14.948,0.0971,7.65,65.9,-100.33,0.4629,0.6918,6.46,9.66,-1.16,50.4,50.4,12.6,-0.07
5177,24.544,3.247,14.957,24.45,3.271,14.948,0.0971,7.62,65.87,-100.31,0.4627,0.6921,6.46,9.66,-1.16,50.4,50.4,12.6,-0.07
5178,24.549,3.238,14.957,24.455,3.262,14.948,0.0972,7.6,65.87,-100.31,0.4627,0.6923,6.46,9.67,-1.16,50.4,50.4,12.6,-0.07
5179,24.555,3.23,14.957,24.461,3.254,14.948,0.0972,7.58,65.87,-100.28,0.4627,0.6926,6.46,9.67,-1.16,50.4,50.4,12.6,-0.07
5180,24.56,3.221,14.957,24.466,3.248,14.946,0.098,7.56,65.85,-100.26,0.4684,0.6924,6.54,9.67,-1.26,50.4,50.4,12.6,0.05
5181,24.565,3.213,14.957,24.464,3.313,14.946,0.1434,7.71,65.83,-100.24,0.4733,0.6868,6.61,9.59,-3.65,50.4,50.4,12.6,3.02
5182,24.571,3.204,14.957,24.471,3.303,14.945,0.1408,7.69,65.83,-100.22,0.4782,0.6821,6.68,9.52,-3.58,50.4,50.4,12.6,2.9
5183,24.576,3.196,14.957,24.486,3.221,14.95,0.0937,7.49,65.83,-100.22,0.4719,0.6774,6.59,9.46,-1.19,50.4,50.4,12.6,-0.07
5184,24.581,3.187,14.957,24.491,3.213,14.95,0.0933,7.47,65.81,-100.2,0.4717,0.6755,6.59,9.43,-1.18,50.4,50.4,12.6,-0.07
5185,24.586,3.179,14.957,24.496,3.204,14.95,0.0934,7.45,65.81,-100.17,0.4718,0.6762,6.59,9.44,-1.18,50.4,50.4,12.6,-0.07
5186,24.591,3.17,14.957,24.501,3.195,14.95,0.0935,7.43,65.79,-100.17,0.4718,0.6764,6.59,9.44,-1.18,50.4,50.4,12.6,-0.07
5187,24.596,3.161,14.957,24.506,3.187,14.95,0.0935,7.4,65.79,-100.15,0.4718,0.6767,6.59,9.45,-1.18,50.4,50.4,12.6,-0.07
5188,24.601,3.153,14.957,24.511,3.178,14.95,0.0936,7.38,65.76,-100.13,0.4717,0.6769,6.59,9.45,-1.18,50.4,50.4,12.6,-0.07
5189,24.606,3.144,14.957,24.516,3.17,14.95,0.0936,7.36,65.76,-100.13,0.4717,0.6772,6.59,9.46,-1.18,50.4,50.4,12.6,-0.07
5190,24.611,3.136,14.957,24.522,3.161,14.95,0.0936,7.34,65.76,-100.11,0.4717,0.6774,6.59,9.46,-1.18,50.4,50.4,12.6,-0.07
5191,24.617,3.127,14.957,24.527,3.153,14.95,0.0937,7.32,65.74,-100.09,0.4717,0.6777,6.59,9.46,-1.18,50.4,50.4,12.6,-0.07
5192,24.622,3.118,14.957,24.529,3.181,14.949,0.1123,7.38,65.74,-100.06,0.4774,0.6724,6.67,9.39,-2.38,50.4,50.4,12.6,1.55
5193,24.627,3.11,14.957,24.531,3.205,14.948,0.1356,7.45,65.72,-100.06,0.4823,0.6676,6.73,9.32,-3.46,50.4,50.4,12.6,2.98
5194,24.631,3.101,14.957,24.542,3.161,14.948,0.1078,7.34,65.7,-100.04,0.4872,0.6629,6.8,9.26,-2.27,50.4,50.4,12.6,1.36
5195,24.636,3.092,14.957,24.551,3.119,14.95,0.0897,7.25,65.7,-100.02,0.482,0.6605,6.73,9.22,-1.2,50.4,50.4,12.6,-0.08
5196,24.641,3.084,14.957,24.556,3.11,14.95,0.0898,7.23,65.7,-100.0,0.4826,0.6612,6.74,9.23,-1.2,50.4,50.4,12.6,-0.08
5197,24.646,3.075,14.957,24.56,3.102,14.95,0.0899,7.21,65.68,-100.0,0.4826,0.6615,6.74,9.24,-1.2,50.4,50.4,12.6,-0.08
5198,24.651,3.066,14.957,24.565,3.093,14.95,0.0899,7.19,65.68,-99.98,0.4826,0.6617,6.74,9.24,-1.2,50.4,50.4,12.6,-0.08
5199,24.655,3.057,14.957,24.57,3.084,14.95,0.0899,7.16,65.68,-99.98,0.4825,0.662,6.74,9.24,-1.2,50.4,50.4,12.6,-0.08
5200,24.66,3.048,14.957,24.575,3.075,14.95,0.09,7.14,65.65,-99.95,0.4825,0.6622,6.74,9.25,-1.2,50.4,50.4,12.6,-0.07
5201,24.665,3.04,14.957,24.58,3.067,14.95,0.09,7.12,65.65,-99.93,0.4825,0.6625,6.74,9.25,-1.2,50.4,50.4,12.6,-0.07
5202,24.67,3.031,14.957,24.585,3.058,14.949,0.0899,7.1,65.63,-99.93,0.4845,0.6627,6.76,9.25,-1.2,50.4,50.4,12.6,-0.07
5203,24.675,3.022,14.957,24.588,3.075,14.948,0.1022,7.12,65.63,-99.91,0.4899,0.6589,6.84,9.2,-2.02,50.4,50.4,12.6,1.13
5204,24.679,3.013,14.957,24.589,3.104,14.947,0.1285,7.19,65.61,-99.89,0.4948,0.6539,6.91,9.13,-3.26,50.4,50.4,12.6,2.93
5205,24.684,3.004,14.957,24.598,3.071,14.947,0.1088,7.12,65.61,-99.87,0.4997,0.6491,6.98,9.06,-2.46,50.4,50.4,12.6,1.73
5206,24.689,2.996,14.957,24.607,3.024,14.951,0.0862,7.01,65.61,-99.87,0.4933,0.6456,6.89,9.01,-1.22,50.4,50.4,12.6,-0.08
5207,24.693,2.987,14.957,24.612,3.015,14.95,0.0864,6.99,65.59,-99.84,0.493,0.6465,6.88,9.03,-1.22,50.4,50.4,12.6,-0.08
5208,24.698,2.978,14.957,24.616,3.006,14.95,0.0864,6.97,65.59,-99.82,0.4931,0.6468,6.89,9.03,-1.22,50.4,50.4,12.6,-0.08
5209,24.702,2.969,14.957,24.621,2.997,14.95,0.0865,6.94,65.59,-99.82,0.4931,0.647,6.88,9.03,-1.22,50.4,50.4,12.6,-0.08
5210,24.707,2.96,14.957,24.625,2.988,14.95,0.0865,6.92,65.57,-99.8,0.493,0.6473,6.88,9.04,-1.22,50.4,50.4,12.6,-0.08
5211,24.711,2.951,14.957,24.632,2.967,14.948,0.0815,6.88,65.57,-99.8,0.4988,0.6472,6.96,9.04,-0.82,50.4,50.4,12.6,0.01
5212,24.716,2.942,14.957,24.64,2.933,14.946,0.0769,6.79,65.54,-99.78,0.5036,0.6467,7.03,9.03,0.02,50.4,50.4,12.6,0.18
5213,24.72,2.933,14.957,24.647,2.91,14.945,0.0779,6.72,65.52,-99.78,0.5085,0.6458,7.1,9.02,0.47,50.4,50.4,12.6,0.27
5214,24.725,2.924,14.957,24.649,2.938,14.945,0.0782,6.79,65.52,-99.76,0.5134,0.6404,7.17,8.94,-0.7,50.4,50.4,12.6,2.15
5215,24.729,2.916,14.957,24.652,2.949,14.944,0.0847,6.81,65.5,-99.73,0.5182,0.6356,7.24,8.88,-1.34,50.4,50.4,12.6,3.17
5216,24.733,2.907,14.957,24.662,2.903,14.944,0.0725,6.72,65.5,-99.71,0.5231,0.6309,7.3,8.81,-0.16,50.4,50.4,12.6,1.27
5217,24.737,2.898,14.957,24.67,2.875,14.944,0.0726,6.66,65.48,-99.71,0.528,0.6261,7.37,8.74,0.49,50.4,50.4,12.6,0.24
5218,24.741,2.889,14.957,24.674,2.866,14.943,0.0722,6.64,65.48,-99.69,0.5328,0.6252,7.44,8.73,0.5,50.4,50.4,12.6,0.25
5219,24.746,2.881,14.957,24.679,2.857,14.942,0.072,6.61,65.46,-99.67,0.5377,0.6247,7.51,8.72,0.5,50.4,50.4,12.6,0.25
5220,24.75,2.872,14.957,24.684,2.849,14.941,0.0718,6.59,65.46,-99.67,0.5425,0.624,7.58,8.71,0.51,50.4,50.4,12.6,0.25
5221,24.754,2.863,14.957,24.688,2.84,14.94,0.0717,6.57,65.46,-99.65,0.5474,0.6233,7.64,8.7,0.51,50.4,50.4,12.6,0.25
5222,24.758,2.855,14.957,24.693,2.831,14.939,0.0715,6.55,65.43,-99.65,0.5523,0.6225,7.71,8.69,0.52,50.4,50.4,12.6,0.25
5223,24.762,2.846,14.957,24.697,2.823,14.938,0.0713,6.53,65.43,-99.62,0.5571,0.6218,7.78,8.68,0.52,50.4,50.4,12.6,0.25
5224,24.766,2.838,14.957,24.701,2.814,14.938,0.0712,6.5,65.41,-99.62,0.562,0.6211,7.85,8.67,0.53,50.4,50.4,12.6,0.25
5225,24.77,2.829,14.957,24.702,2.848,14.939,0.0729,6.57,65.41,-99.6,0.5668,0.6156,7.91,8.6,-0.84,50.4,50.4,12.6,2.65
5226,24.773,2.821,14.957,24.706,2.845,14.94,0.0738,6.57,65.41,-99.58,0.5717,0.6109,7.98,8.53,-1.02,50.4,50.4,12.6,2.95
5227,24.777,2.812,14.957,24.716,2.794,14.94,0.0662,6.46,65.39,-99.58,0.5765,0.6061,8.05,8.46,0.36,50.4,50.4,12.6,0.54
5228,24.781,2.804,14.957,24.72,2.78,14.946,0.0666,6.42,65.39,-99.56,0.5702,0.6021,7.96,8.41,0.55,50.4,50.4,12.6,0.23
5229,24.784,2.795,14.957,24.722,2.772,14.949,0.067,6.39,65.41,-99.56,0.5655,0.6021,7.9,8.41,0.55,50.4,50.4,12.6,0.23
5230,24.788,2.787,14.957,24.725,2.763,14.952,0.0675,6.37,65.41,-99.54,0.5608,0.6014,7.83,8.4,0.56,50.4,50.4,12.6,0.23
5231,24.792,2.779,14.957,24.728,2.755,14.955,0.068,6.35,65.41,-99.54,0.5561,0.6007,7.76,8.39,0.56,50.4,50.4,12.6,0.23
5232,24.795,2.771,14.957,24.731,2.746,14.958,0.0687,6.33,65.41,-99.51,0.5514,0.6001,7.7,8.38,0.57,50.4,50.4,12.6,0.23
5233,24.799,2.762,14.957,24.734,2.738,14.961,0.0694,6.31,65.41,-99.51,0.5467,0.5994,7.63,8.37,0.57,50.4,50.4,12.6,0.23
5234,24.802,2.754,14.957,24.737,2.729,14.964,0.0702,6.31,65.41,-99.49,0.5419,0.5987,7.57,8.36,0.58,50.4,50.4,12.6,0.23
5235,24.806,2.746,14.957,24.74,2.721,14.966,0.0711,6.28,65.41,-99.49,0.5372,0.5981,7.5,8.35,0.59,50.4,50.4,12.6,0.23
5236,24.809,2.738,14.957,24.741,2.753,14.965,0.0707,6.35,65.39,-99.47,0.5438,0.5926,7.59,8.27,-0.7,50.4,50.4,12.6,2.71
5237,24.812,2.73,14.957,24.745,2.746,14.965,0.0694,6.33,65.39,-99.45,0.5486,0.5878,7.66,8.21,-0.71,50.4,50.4,12.6,2.73
5238,24.816,2.722,14.957,24.753,2.697,14.97,0.0684,6.22,65.39,-99.45,0.5422,0.5831,7.57,8.14,0.58,50.4,50.4,12.6,0.24
5239,24.819,2.714,14.957,24.756,2.689,14.972,0.0692,6.2,65.39,-99.43,0.5375,0.5806,7.51,8.11,0.61,50.4,50.4,12.6,0.21
5240,24.822,2.706,14.957,24.76,2.681,14.972,0.0693,6.17,65.37,-99.43,0.5375,0.5804,7.5,8.1,0.61,50.4,50.4,12.6,0.21
5241,24.825,2.698,14.957,24.763,2.673,14.972,0.0691,6.15,65.37,-99.43,0.5381,0.5798,7.51,8.1,0.62,50.4,50.4,12.6,0.21
5242,24.828,2.69,14.957,24.766,2.665,14.972,0.069,6.13,65.37,-99.4,0.5386,0.5792,7.52,8.09,0.62,50.4,50.4,12.6,0.21
5243,24.832,2.682,14.957,24.77,2.657,14.972,0.0689,6.13,65.37,-99.4,0.539,0.5786,7.53,8.08,0.63,50.4,50.4,12.6,0.21
5244,24.835,2.675,14.957,24.773,2.649,14.972,0.0687,6.11,65.35,-99.38,0.5395,0.578,7.53,8.07,0.63,50.4,50.4,12.6,0.21
5245,24.838,2.667,14.957,24.776,2.641,14.972,0.0686,6.09,65.35,-99.38,0.5399,0.5773,7.54,8.06,0.64,50.4,50.4,12.6,0.22
5246,24.841,2.659,14.957,24.779,2.633,14.972,0.0685,6.06,65.35,-99.36,0.5404,0.5767,7.55,8.05,0.65,50.4,50.4,12.6,0.22
5247,24.844,2.652,14.957,24.781,2.658,14.971,0.0652,6.13,65.32,-99.36,0.546,0.5712,7.62,7.98,-0.39,50.4,50.4,12.6,2.43
5248,24.847,2.644,14.957,24.785,2.652,14.971,0.0639,6.11,65.32,-99.34,0.5508,0.5665,7.69,7.91,-0.44,50.4,50.4,12.6,2.52
5249,24.849,2.636,14.957,24.792,2.612,14.973,0.0645,6.02,65.32,-99.34,0.55,0.5617,7.68,7.84,0.61,50.4,50.4,12.6,0.29
5250,24.852,2.629,14.957,24.795,2.603,14.973,0.0648,6.0,65.32,-99.32,0.5505,0.5608,7.69,7.83,0.67,50.4,50.4,12.6,0.19
5251,24.855,2.621,14.957,24.798,2.595,14.973,0.0647,5.98,65.3,-99.32,0.5509,0.5604,7.69,7.82,0.67,50.4,50.4,12.6,0.19
5252,24.858,2.614,14.957,24.801,2.587,14.973,0.0646,5.95,65.3,-99.32,0.5513,0.5599,7.7,7.82,0.68,50.4,50.4,12.6,0.19
5253,24.86,2.606,14.957,24.804,2.58,14.973,0.0645,5.93,65.3,-99.29,0.5517,0.5593,7.7,7.81,0.68,50.4,50.4,12.6,0.19
5254,24.863,2.599,14.957,24.807,2.572,14.973,0.0644,5.91,65.3,-99.29,0.5521,0.5587,7.71,7.8,0.69,50.4,50.4,12.6,0.2
5255,24.866,2.591,14.957,24.809,2.565,14.973,0.0643,5.91,65.28,-99.29,0.5525,0.5582,7.72,7.79,0.7,50.4,50.4,12.6,0.2
5256,24.869,2.584,14.957,24.812,2.557,14.973,0.0642,5.89,65.28,-99.27,0.553,0.5576,7.72,7.79,0.7,50.4,50.4,12.6,0.2
5257,24.871,2.577,14.957,24.815,2.55,14.973,0.0641,5.87,65.28,-99.27,0.5534,0.557,7.73,7.78,0.71,50.4,50.4,12.6,0.2
5258,24.874,2.57,14.957,24.817,2.565,14.972,0.0587,5.91,65.28,-99.25,0.559,0.5515,7.8,7.7,-0.01,50.4,50.4,12.6,1.9
5259,24.876,2.562,14.957,24.821,2.563,14.971,0.0575,5.89,65.26,-99.25,0.5638,0.5468,7.87,7.63,-0.18,50.4,50.4,12.6,2.31
5260,24.879,2.555,14.957,24.826,2.534,14.973,0.0592,5.82,65.26,-99.23,0.5621,0.5424,7.85,7.57,0.55,50.4,50.4,12.6,0.59
5261,24.881,2.548,14.957,24.829,2.521,14.973,0.0609,5.8,65.26,-99.23,0.5626,0.5426,7.86,7.58,0.73,50.4,50.4,12.6,0.17
5262,24.883,2.541,14.957,24.831,2.514,14.973,0.0608,5.78,65.26,-99.23,0.563,0.5421,7.86,7.57,0.74,50.4,50.4,12.6,0.17
5263,24.886,2.534,14.957,24.834,2.507,14.973,0.0608,5.76,65.26,-99.23,0.5634,0.5416,7.87,7.56,0.74,50.4,50.4,12.6,0.18
5264,24.888,2.527,14.957,24.836,2.499,14.973,0.0607,5.76,65.24,-99.21,0.5637,0.541,7.87,7.55,0.75,50.4,50.4,12.6,0.18
5265,24.89,2.52,14.957,24.839,2.492,14.973,0.0606,5.73,65.24,-99.21,0.5641,0.5405,7.88,7.55,0.75,50.4,50.4,12.6,0.18
5266,24.893,2.513,14.957,24.841,2.485,14.973,0.0606,5.71,65.24,-99.21,0.5645,0.54,7.88,7.54,0.76,50.4,50.4,12.6,0.18
5267,24.895,2.506,14.957,24.844,2.478,14.973,0.0605,5.69,65.24,-99.18,0.5648,0.5395,7.89,7.53,0.76,50.4,50.4,12.6,0.18
5268,24.897,2.499,14.957,24.846,2.471,14.973,0.0604,5.69,65.24,-99.18,0.5652,0.539,7.89,7.53,0.77,50.4,50.4,12.6,0.18
5269,24.9,2.493,14.957,24.849,2.477,14.972,0.0553,5.69,65.21,-99.18,0.5708,0.5349,7.97,7.47,0.39,50.4,50.4,12.6,1.21
5270,24.902,2.486,14.957,24.851,2.481,14.971,0.0527,5.69,65.21,-99.16,0.5756,0.53,8.04,7.4,0.05,50.4,50.4,12.6,2.11
5271,24.904,2.479,14.957,24.856,2.462,14.97,0.0527,5.65,65.21,-99.16,0.5804,0.5255,8.1,7.34,0.44,50.4,50.4,12.6,1.07
5272,24.906,2.473,14.957,24.858,2.444,14.973,0.0577,5.62,65.21,-99.16,0.574,0.5258,8.01,7.34,0.79,50.4,50.4,12.6,0.16
5273,24.908,2.466,14.957,24.86,2.437,14.973,0.0578,5.6,65.21,-99.14,0.5738,0.5253,8.01,7.33,0.8,50.4,50.4,12.6,0.16
5274,24.91,2.459,14.957,24.862,2.431,14.973,0.0577,5.58,65.19,-99.14,0.5743,0.5249,8.02,7.33,0.81,50.4,50.4,12.6,0.16
5275,24.912,2.453,14.957,24.864,2.424,14.973,0.0577,5.56,65.19,-99.14,0.5746,0.5244,8.02,7.32,0.81,50.4,50.4,12.6,0.16
5276,24.914,2.446,14.957,24.867,2.418,14.973,0.0577,5.56,65.19,-99.14,0.5749,0.5239,8.03,7.32,0.82,50.4,50.4,12.6,0.16
5277,24.916,2.44,14.957,24.869,2.411,14.973,0.0576,5.54,65.19,-99.12,0.5753,0.5235,8.03,7.31,0.82,50.4,50.4,12.6,0.16
5278,24.918,2.434,14.957,24.871,2.404,14.973,0.0576,5.52,65.19,-99.12,0.5756,0.523,8.04,7.3,0.83,50.4,50.4,12.6,0.16
5279,24.92,2.427,14.957,24.873,2.398,14.973,0.0575,5.52,65.19,-99.12,0.5759,0.5225,8.04,7.3,0.84,50.4,50.4,12.6,0.16
5280,24.921,2.421,14.957,24.875,2.394,14.973,0.0562,5.49,65.17,-99.12,0.5768,0.5212,8.05,7.28,0.76,50.4,50.4,12.6,0.42
5281,24.923,2.415,14.957,24.877,2.403,14.973,0.0503,5.52,65.17,-99.1,0.5823,0.5158,8.13,7.2,0.27,50.4,50.4,12.6,1.92
5282,24.925,2.408,14.957,24.88,2.394,14.972,0.0492,5.49,65.17,-99.1,0.5871,0.5111,8.2,7.14,0.36,50.4,50.4,12.6,1.65
5283,24.927,2.402,14.957,24.883,2.373,14.974,0.0554,5.45,65.17,-99.1,0.583,0.5104,8.14,7.13,0.86,50.4,50.4,12.6,0.14
5284,24.928,2.396,14.957,24.885,2.366,14.974,0.0552,5.43,65.17,-99.07,0.5838,0.5102,8.15,7.12,0.87,50.4,50.4,12.6,0.14
5285,24.93,2.39,14.957,24.887,2.36,14.974,0.0552,5.43,65.17,-99.07,0.5841,0.5098,8.16,7.12,0.87,50.4,50.4,12.6,0.14
5286,24.932,2.384,14.957,24.889,2.354,14.974,0.0552,5.41,65.15,-99.07,0.5844,0.5094,8.16,7.11,0.88,50.4,50.4,12.6,0.14
5287,24.933,2.378,14.957,24.89,2.348,14.974,0.0552,5.38,65.15,-99.07,0.5847,0.5089,8.16,7.11,0.88,50.4,50.4,12.6,0.14
5288,24.935,2.372,14.957,24.892,2.342,14.974,0.0551,5.38,65.15,-99.07,0.585,0.5085,8.17,7.1,0.89,50.4,50.4,12.6,0.14
5289,24.937,2.366,14.957,24.894,2.336,14.974,0.0551,5.36,65.15,-99.05,0.5853,0.5081,8.17,7.09,0.9,50.4,50.4,12.6,0.14
5290,24.938,2.36,14.957,24.895,2.33,14.974,0.0551,5.34,65.15,-99.05,0.5856,0.5077,8.18,7.09,0.9,50.4,50.4,12.6,0.14
5291,24.94,2.354,14.957,24.897,2.324,14.974,0.0551,5.34,65.15,-99.05,0.5858,0.5073,8.18,7.08,0.91,50.4,50.4,12.6,0.14
5292,24.941,2.349,14.957,24.899,2.327,14.972,0.0497,5.34,65.13,-99.05,0.5914,0.5033,8.26,7.03,0.62,50.4,50.4,12.6,1.18
5293,24.943,2.343,14.957,24.902,2.326,14.972,0.0467,5.34,65.13,-99.03,0.5962,0.4983,8.33,6.96,0.47,50.4,50.4,12.6,1.71
5294,24.944,2.337,14.957,24.905,2.311,14.97,0.049,5.3,65.13,-99.03,0.601,0.4966,8.39,6.93,0.77,50.4,50.4,12.6,0.66
5295,24.946,2.331,14.957,24.906,2.3,14.973,0.053,5.27,65.13,-99.03,0.5946,0.4966,8.3,6.93,0.93,50.4,50.4,12.6,0.12
5296,24.947,2.326,14.957,24.907,2.295,14.974,0.0536,5.27,65.13,-99.03,0.5924,0.4962,8.27,6.93,0.94,50.4,50.4,12.6,0.12
5297,24.948,2.32,14.957,24.909,2.289,14.974,0.0535,5.25,65.13,-99.03,0.5931,0.4959,8.28,6.92,0.95,50.4,50.4,12.6,0.12
5298,24.95,2.315,14.957,24.91,2.283,14.974,0.0535,5.23,65.13,-99.01,0.5934,0.4955,8.29,6.92,0.95,50.4,50.4,12.6,0.12
5299,24.951,2.309,14.957,24.912,2.278,14.974,0.0535,5.23,65.13,-99.01,0.5936,0.4952,8.29,6.91,0.96,50.4,50.4,12.6,0.12
5300,24.952,2.304,14.957,24.913,2.272,14.974,0.0535,5.21,65.13,-99.01,0.5939,0.4948,8.29,6.91,0.96,50.4,50.4,12.6,0.12
5301,24.954,2.299,14.957,24.914,2.267,14.974,0.0535,5.21,65.13,-99.01,0.5941,0.4945,8.3,6.9,0.97,50.4,50.4,12.6,0.12
5302,24.955,2.293,14.957,24.916,2.261,14.974,0.0535,5.19,65.13,-99.01,0.5944,0.4941,8.3,6.9,0.98,50.4,50.4,12.6,0.12
5303,24.956,2.288,14.957,24.917,2.256,14.974,0.0531,5.16,65.1,-99.01,0.5948,0.4934,8.31,6.89,0.96,50.4,50.4,12.6,0.23
5304,24.958,2.283,14.957,24.919,2.261,14.973,0.047,5.19,65.1,-98.99,0.6004,0.4883,8.38,6.82,0.65,50.4,50.4,12.6,1.53
5305,24.959,2.278,14.957,24.922,2.255,14.973,0.0459,5.16,65.1,-98.99,0.6052,0.4842,8.45,6.76,0.68,50.4,50.4,12.6,1.42
5306,24.96,2.272,14.957,24.923,2.24,14.975,0.0523,5.14,65.1,-98.99,0.5997,0.4846,8.37,6.77,1.0,50.4,50.4,12.6,0.1
5307,24.961,2.267,14.957,24.924,2.234,14.975,0.0522,5.12,65.1,-98.99,0.6006,0.4843,8.39,6.76,1.01,50.4,50.4,12.6,0.1
5308,24.962,2.262,14.957,24.926,2.229,14.975,0.0522,5.12,65.1,-98.99,0.6008,0.484,8.39,6.76,1.01,50.4,50.4,12.6,0.1
5309,24.963,2.257,14.957,24.927,2.224,14.975,0.0522,5.1,65.1,-98.99,0.601,0.4837,8.39,6.75,1.02,50.4,50.4,12.6,0.1
5310,24.964,2.252,14.957,24.928,2.219,14.975,0.0523,5.1,65.1,-98.96,0.6012,0.4834,8.39,6.75,1.03,50.4,50.4,12.6,0.1
5311,24.965,2.247,14.957,24.929,2.214,14.975,0.0523,5.08,65.1,-98.96,0.6014,0.4831,8.4,6.75,1.03,50.4,50.4,12.6,0.1
5312,24.966,2.242,14.957,24.93,2.209,14.975,0.0523,5.05,65.1,-98.96,0.6016,0.4828,8.4,6.74,1.04,50.4,50.4,12.6,0.1
5313,24.967,2.238,14.957,24.931,2.204,14.975,0.0524,5.05,65.08,-98.96,0.6018,0.4825,8.4,6.74,1.04,50.4,50.4,12.6,0.1
5314,24.968,2.233,14.957,24.932,2.199,14.975,0.0524,5.03,65.08,-98.96,0.602,0.4822,8.41,6.73,1.05,50.4,50.4,12.6,0.11
5315,24.969,2.228,14.957,24.934,2.197,14.975,0.0503,5.03,65.08,-98.96,0.6033,0.4801,8.42,6.7,0.96,50.4,50.4,12.6,0.6
5316,24.97,2.223,14.957,24.936,2.197,14.973,0.0465,5.03,65.08,-98.94,0.6087,0.4759,8.5,6.64,0.82,50.4,50.4,12.6,1.34
5317,24.971,2.219,14.957,24.938,2.189,14.972,0.0471,5.01,65.08,-98.94,0.6135,0.4737,8.57,6.61,0.92,50.4,50.4,12.6,0.83
5318,24.972,2.214,14.957,24.938,2.18,14.975,0.0514,4.99,65.08,-98.94,0.6071,0.4739,8.48,6.62,1.08,50.4,50.4,12.6,0.08
5319,24.973,2.21,14.957,24.939,2.175,14.975,0.0515,4.99,65.08,-98.94,0.6073,0.4736,8.48,6.61,1.08,50.4,50.4,12.6,0.08
5320,24.974,2.205,14.957,24.94,2.171,14.975,0.0515,4.97,65.08,-98.94,0.6076,0.4734,8.48,6.61,1.09,50.4,50.4,12.6,0.08
5321,24.975,2.201,14.957,24.941,2.166,14.975,0.0516,4.97,65.08,-98.94,0.6078,0.4731,8.49,6.61,1.09,50.4,50.4,12.6,0.08
5322,24.976,2.196,14.957,24.942,2.161,14.975,0.0516,4.94,65.08,-98.94,0.6079,0.4729,8.49,6.6,1.1,50.4,50.4,12.6,0.08
5323,24.976,2.192,14.957,24.943,2.157,14.975,0.0517,4.94,65.08,-98.94,0.6081,0.4726,8.49,6.6,1.11,50.4,50.4,12.6,0.08
5324,24.977,2.188,14.957,24.944,2.152,14.975,0.0517,4.92,65.08,-98.94,0.6083,0.4724,8.49,6.6,1.11,50.4,50.4,12.6,0.08
5325,24.978,2.183,14.957,24.945,2.148,14.975,0.0518,4.92,65.08,-98.94,0.6084,0.4721,8.5,6.59,1.12,50.4,50.4,12.6,0.09
5326,24.979,2.179,14.957,24.946,2.144,14.975,0.0519,4.92,65.08,-98.94,0.6086,0.4719,8.5,6.59,1.13,50.4,50.4,12.6,0.09
5327,24.98,2.175,14.957,24.947,2.143,14.973,0.0485,4.9,65.06,-98.92,0.6142,0.4692,8.58,6.55,1.02,50.4,50.4,12.6,0.78
5328,24.98,2.171,14.957,24.949,2.141,14.972,0.0463,4.9,65.06,-98.92,0.619,0.4657,8.64,6.5,0.97,50.4,50.4,12.6,1.15
5329,24.981,2.167,14.957,24.949,2.133,14.975,0.0501,4.88,65.06,-98.92,0.6126,0.4648,8.55,6.49,1.09,50.4,50.4,12.6,0.44
5330,24.982,2.163,14.957,24.95,2.127,14.975,0.0513,4.88,65.06,-98.92,0.613,0.4648,8.56,6.49,1.15,50.4,50.4,12.6,0.06
5331,24.982,2.159,14.957,24.951,2.123,14.975,0.0513,4.86,65.06,-98.92,0.6132,0.4646,8.56,6.49,1.16,50.4,50.4,12.6,0.06
5332,24.983,2.155,14.957,24.952,2.119,14.975,0.0514,4.86,65.06,-98.92,0.6133,0.4644,8.56,6.48,1.16,50.4,50.4,12.6,0.06
5333,24.984,2.151,14.957,24.952,2.114,14.975,0.0515,4.83,65.06,-98.92,0.6135,0.4642,8.57,6.48,1.17,50.4,50.4,12.6,0.06
5334,24.984,2.147,14.957,24.953,2.11,14.975,0.0515,4.83,65.06,-98.92,0.6136,0.464,8.57,6.48,1.18,50.4,50.4,12.6,0.06
5335,24.985,2.144,14.957,24.954,2.107,14.975,0.0516,4.83,65.06,-98.92,0.6137,0.4638,8.57,6.48,1.18,50.4,50.4,12.6,0.06
5336,24.985,2.14,14.957,24.954,2.103,14.975,0.0517,4.81,65.06,-98.92,0.6138,0.4637,8.57,6.47,1.19,50.4,50.4,12.6,0.07
5337,24.986,2.136,14.957,24.955,2.099,14.975,0.0518,4.81,65.06,-98.92,0.614,0.4635,8.57,6.47,1.2,50.4,50.4,12.6,0.07
5338,24.987,2.133,14.957,24.956,2.095,14.975,0.0519,4.79,65.06,-98.9,0.6141,0.4633,8.57,6.47,1.2,50.4,50.4,12.6,0.07
5339,24.987,2.129,14.957,24.957,2.094,14.974,0.0489,4.79,65.06,-98.9,0.6197,0.4605,8.65,6.43,1.12,50.4,50.4,12.6,0.82
5340,24.988,2.125,14.957,24.959,2.091,14.973,0.0475,4.79,65.04,-98.9,0.6245,0.4576,8.72,6.39,1.11,50.4,50.4,12.6,0.97
5341,24.988,2.122,14.957,24.959,2.085,14.976,0.051,4.77,65.06,-98.9,0.618,0.4574,8.63,6.39,1.2,50.4,50.4,12.6,0.2
5342,24.989,2.118,14.957,24.959,2.08,14.976,0.0516,4.77,65.06,-98.9,0.6176,0.4574,8.62,6.39,1.23,50.4,50.4,12.6,0.04
5343,24.989,2.115,14.957,24.96,2.077,14.976,0.0517,4.75,65.06,-98.9,0.6179,0.4572,8.63,6.38,1.23,50.4,50.4,12.6,0.04
5344,24.99,2.112,14.957,24.96,2.073,14.976,0.0517,4.75,65.06,-98.9,0.618,0.4571,8.63,6.38,1.24,50.4,50.4,12.6,0.04
5345,24.99,2.108,14.957,24.961,2.07,14.976,0.0518,4.75,65.06,-98.9,0.6181,0.457,8.63,6.38,1.25,50.4,50.4,12.6,0.04
5346,24.99,2.105,14.957,24.961,2.066,14.976,0.0519,4.72,65.06,-98.9,0.6181,0.4568,8.63,6.38,1.25,50.4,50.4,12.6,0.04
5347,24.991,2.102,14.957,24.962,2.063,14.976,0.052,4.72,65.06,-98.9,0.6182,0.4567,8.63,6.38,1.26,50.4,50.4,12.6,0.04
5348,24.991,2.099,14.957,24.962,2.06,14.976,0.0521,4.72,65.06,-98.9,0.6183,0.4566,8.63,6.38,1.27,50.4,50.4,12.6,0.04
5349,24.992,2.096,14.957,24.963,2.057,14.976,0.0522,4.7,65.06,-98.9,0.6184,0.4564,8.63,6.37,1.27,50.4,50.4,12.6,0.05
5350,24.992,2.093,14.957,24.963,2.053,14.976,0.0523,4.7,65.06,-98.9,0.6185,0.4563,8.64,6.37,1.28,50.4,50.4,12.6,0.05
5351,24.993,2.09,14.957,24.965,2.052,14.974,0.0501,4.7,65.04,-98.9,0.6241,0.4537,8.71,6.34,1.23,50.4,50.4,12.6,0.76
5352,24.993,2.087,14.957,24.974,2.05,14.945,0.0436,4.7,64.97,-98.9,0.692,0.4514,9.66,6.3,1.24,50.4,50.4,12.6,0.78
5353,24.993,2.084,14.957,24.965,2.044,14.976,0.052,4.68,65.04,-98.9,0.622,0.4516,8.68,6.31,1.3,50.4,50.4,12.6,0.06
5354,24.994,2.081,14.957,24.966,2.041,14.976,0.0523,4.68,65.04,-98.9,0.6212,0.4516,8.67,6.31,1.3,50.4,50.4,12.6,0.02
5355,24.994,2.078,14.957,24.966,2.038,14.976,0.0524,4.66,65.04,-98.9,0.6215,0.4515,8.68,6.3,1.31,50.4,50.4,12.6,0.02
5356,24.994,2.075,14.957,24.966,2.035,14.976,0.0525,4.66,65.04,-98.9,0.6215,0.4514,8.68,6.3,1.32,50.4,50.4,12.6,0.02
5357,24.995,2.073,14.957,24.967,2.032,14.976,0.0526,4.66,65.04,-98.88,0.6216,0.4514,8.68,6.3,1.32,50.4,50.4,12.6,0.02
5358,24.995,2.07,14.957,24.967,2.029,14.976,0.0527,4.64,65.04,-98.88,0.6216,0.4513,8.68,6.3,1.33,50.4,50.4,12.6,0.02
5359,24.995,2.067,14.957,24.967,2.027,14.976,0.0529,4.64,65.04,-98.88,0.6217,0.4512,8.68,6.3,1.34,50.4,50.4,12.6,0.02
5360,24.995,2.065,14.957,24.968,2.024,14.976,0.053,4.64,65.04,-98.88,0.6217,0.4512,8.68,6.3,1.34,50.4,50.4,12.6,0.02
5361,24.996,2.062,14.957,24.968,2.021,14.976,0.0531,4.64,65.04,-98.88,0.6218,0.4511,8.68,6.3,1.35,50.4,50.4,12.6,0.02
5362,24.996,2.06,14.957,24.968,2.019,14.976,0.0532,4.61,65.04,-98.88,0.6218,0.451,8.68,6.3,1.35,50.4,50.4,12.6,0.04
5363,24.996,2.057,14.957,24.969,2.017,14.976,0.0526,4.61,65.04,-98.88,0.6232,0.4489,8.7,6.27,1.34,50.4,50.4,12.6,0.62
5364,24.996,2.055,14.957,24.97,2.014,14.976,0.0525,4.61,65.04,-98.88,0.6242,0.4471,8.72,6.24,1.35,50.4,50.4,12.6,0.59
5365,24.997,2.053,14.957,24.97,2.011,14.976,0.0531,4.61,65.04,-98.88,0.624,0.4474,8.71,6.25,1.37,50.4,50.4,12.6,0.0
5366,24.997,2.051,14.957,24.97,2.009,14.976,0.0532,4.59,65.04,-98.88,0.624,0.4474,8.71,6.25,1.38,50.4,50.4,12.6,0.0
5367,24.997,2.048,14.957,24.97,2.006,14.976,0.0533,4.59,65.04,-98.88,0.624,0.4474,8.71,6.25,1.39,50.4,50.4,12.6,0.0
5368,24.997,2.046,14.957,24.971,2.004,14.976,0.0535,4.59,65.04,-98.88,0.6241,0.4474,8.71,6.25,1.39,50.4,50.4,12.6,0.0
5369,24.997,2.044,14.957,24.971,2.002,14.976,0.0536,4.59,65.04,-98.88,0.6241,0.4474,8.71,6.25,1.4,50.4,50.4,12.6,0.0
5370,24.998,2.042,14.957,24.971,1.999,14.976,0.0537,4.57,65.04,-98.88,0.6241,0.4474,8.71,6.25,1.41,50.4,50.4,12.6,0.0
5371,24.998,2.04,14.957,24.971,1.997,14.976,0.0539,4.57,65.04,-98.88,0.6241,0.4474,8.71,6.25,1.41,50.4,50.4,12.6,0.0
5372,24.998,2.038,14.957,24.971,1.995,14.976,0.054,4.57,65.04,-98.88,0.6241,0.4474,8.71,6.25,1.42,50.4,50.4,12.6,0.0
5373,24.998,2.036,14.957,24.972,1.993,14.976,0.0541,4.57,65.04,-98.88,0.6241,0.4474,8.71,6.25,1.42,50.4,50.4,12.6,0.0
5374,24.998,2.034,14.957,24.972,1.991,14.976,0.0542,4.55,65.04,-98.88,0.6241,0.4473,8.71,6.25,1.43,50.4,50.4,12.6,0.03
5375,24.998,2.032,14.957,24.972,1.989,14.976,0.0545,4.55,65.04,-98.88,0.624,0.4475,8.71,6.25,1.44,50.4,50.4,12.6,0.44
5376,24.999,2.031,14.957,24.972,1.987,14.976,0.0548,4.55,65.04,-98.88,0.6231,0.4489,8.7,6.27,1.45,50.4,50.4,12.6,0.41
5377,24.999,2.029,14.957,24.972,1.985,14.976,0.0547,4.55,65.04,-98.88,0.6233,0.4486,8.7,6.26,1.45,50.4,50.4,12.6,-0.02
5378,24.999,2.027,14.957,24.972,1.983,14.976,0.0548,4.55,65.04,-98.88,0.6234,0.4485,8.7,6.26,1.46,50.4,50.4,12.6,-0.02
5379,24.999,2.026,14.957,24.972,1.981,14.976,0.0549,4.53,65.04,-98.88,0.6234,0.4485,8.7,6.26,1.46,50.4,50.4,12.6,-0.02
5380,24.999,2.024,14.957,24.972,1.98,14.976,0.055,4.53,65.04,-98.88,0.6234,0.4484,8.7,6.26,1.47,50.4,50.4,12.6,-0.02
5381,24.999,2.022,14.957,24.973,1.978,14.976,0.0551,4.53,65.04,-98.88,0.6235,0.4484,8.71,6.26,1.48,50.4,50.4,12.6,-0.02
5382,24.999,2.021,14.957,24.973,1.976,14.976,0.0552,4.53,65.04,-98.88,0.6235,0.4483,8.71,6.26,1.48,50.4,50.4,12.6,-0.02
5383,24.999,2.02,14.957,24.973,1.975,14.976,0.0553,4.53,65.04,-98.88,0.6235,0.4482,8.71,6.26,1.49,50.4,50.4,12.6,-0.02
5384,24.999,2.018,14.957,24.973,1.973,14.976,0.0554,4.53,65.04,-98.88,0.6236,0.4482,8.71,6.26,1.49,50.4,50.4,12.6,-0.02
5385,24.999,2.017,14.957,24.973,1.972,14.976,0.0555,4.5,65.04,-98.88,0.6236,0.4481,8.71,6.26,1.5,50.4,50.4,12.6,-0.02
5386,24.999,2.016,14.957,24.973,1.97,14.976,0.0556,4.5,65.04,-98.88,0.6236,0.4481,8.71,6.26,1.51,50.4,50.4,12.6,-0.0
5387,25.0,2.014,14.957,24.973,1.968,14.976,0.0562,4.5,65.04,-98.88,0.623,0.449,8.7,6.27,1.53,50.4,50.4,12.6,0.27
5388,25.0,2.013,14.957,24.973,1.967,14.976,0.0564,4.5,65.04,-98.88,0.6226,0.4497,8.69,6.28,1.53,50.4,50.4,12.6,0.24
5389,25.0,2.012,14.957,24.974,1.966,14.976,0.056,4.5,65.04,-98.88,0.6228,0.4495,8.7,6.28,1.52,50.4,50.4,12.6,-0.04
5390,25.0,2.011,14.957,24.974,1.965,14.976,0.0561,4.5,65.04,-98.88,0.6229,0.4493,8.7,6.27,1.53,50.4,50.4,12.6,-0.04
5391,25.0,2.01,14.957,24.974,1.964,14.976,0.0562,4.5,65.04,-98.88,0.6229,0.4492,8.7,6.27,1.54,50.4,50.4,12.6,-0.04
5392,25.0,2.009,14.957,24.974,1.963,14.976,0.0563,4.5,65.04,-98.88,0.623,0.4491,8.7,6.27,1.54,50.4,50.4,12.6,-0.04
5393,25.0,2.008,14.957,24.974,1.962,14.976,0.0564,4.48,65.04,-98.88,0.6231,0.4489,8.7,6.27,1.55,50.4,50.4,12.6,-0.04
5394,25.0,2.007,14.957,24.974,1.961,14.976,0.0564,4.48,65.04,-98.88,0.6232,0.4488,8.7,6.27,1.56,50.4,50.4,12.6,-0.04
5395,25.0,2.006,14.957,24.974,1.96,14.976,0.0565,4.48,65.04,-98.88,0.6232,0.4487,8.7,6.26,1.56,50.4,50.4,12.6,-0.04
5396,25.0,2.006,14.957,24.975,1.959,14.976,0.0566,4.48,65.04,-98.88,0.6233,0.4486,8.7,6.26,1.57,50.4,50.4,12.6,-0.04
5397,25.0,2.005,14.957,24.975,1.958,14.976,0.0567,4.48,65.04,-98.88,0.6234,0.4484,8.7,6.26,1.58,50.4,50.4,12.6,-0.04
5398,25.0,2.004,14.957,24.975,1.957,14.976,0.0568,4.48,65.04,-98.88,0.6235,0.4483,8.71,6.26,1.58,50.4,50.4,12.6,-0.04
5399,25.0,2.004,14.957,24.975,1.956,14.976,0.0573,4.48,65.04,-98.88,0.6233,0.4486,8.7,6.26,1.6,50.4,50.4,12.6,0.08
5400,25.0,2.003,14.957,24.975,1.955,14.976,0.0574,4.48,65.04,-98.88,0.6231,0.4488,8.7,6.27,1.61,50.4,50.4,12.6,0.07
5401,25.0,2.003,14.957,24.975,1.955,14.976,0.0571,4.48,65.04,-98.88,0.6233,0.4486,8.7,6.26,1.6,50.4,50.4,12.6,-0.06
5402,25.0,2.002,14.957,24.975,1.954,14.976,0.0572,4.48,65.04,-98.88,0.6234,0.4484,8.7,6.26,1.61,50.4,50.4,12.6,-0.06
5403,25.0,2.002,14.957,24.975,1.954,14.976,0.0573,4.48,65.04,-98.88,0.6235,0.4482,8.71,6.26,1.61,50.4,50.4,12.6,-0.06
5404,25.0,2.001,14.957,24.975,1.953,14.976,0.0574,4.46,65.04,-98.88,0.6237,0.448,8.71,6.26,1.62,50.4,50.4,12.6,-0.06
5405,25.0,2.001,14.957,24.976,1.953,14.976,0.0575,4.46,65.04,-98.88,0.6238,0.4478,8.71,6.25,1.62,50.4,50.4,12.6,-0.06
5406,25.0,2.001,14.957,24.976,1.952,14.976,0.0576,4.46,65.04,-98.88,0.6239,0.4476,8.71,6.25,1.63,50.4,50.4,12.6,-0.06
5407,25.0,2.0,14.957,24.976,1.952,14.976,0.0577,4.46,65.04,-98.88,0.624,0.4475,8.71,6.25,1.64,50.4,50.4,12.6,-0.06
5408,25.0,2.0,14.957,24.976,1.951,14.976,0.0578,4.46,65.04,-98.88,0.6241,0.4473,8.71,6.25,1.64,50.4,50.4,12.6,-0.06
5409,25.0,2.0,14.957,24.976,1.951,14.976,0.0579,4.46,65.04,-98.88,0.6242,0.4471,8.72,6.24,1.65,50.4,50.4,12.6,-0.06
5410,25.0,2.0,14.957,24.976,1.951,14.976,0.058,4.46,65.04,-98.88,0.6243,0.4469,8.72,6.24,1.66,50.4,50.4,12.6,-0.06
5411,25.0,2.0,14.957,24.974,1.978,14.976,0.039,4.53,65.04,-98.88,0.6244,0.4468,8.72,6.24,0.77,50.4,50.4,12.6,-0.03
