timestamp_ms,target_x,target_y,target_z,real_x,real_y,real_z,error,base_deg,shoulder_deg,elbow_deg,stretch_shoulder,stretch_elbow,torque_shoulder,torque_elbow,torque_base,limit_shoulder,limit_elbow,limit_base,inertia_torque
0,20.0,0.0,19.966,20.006,-0.017,19.912,0.0568,-0.04,84.95,-109.14,0.538,0.4888,7.51,6.82,0.69,50.4,50.4,12.6,-0.21
1,20.0,0.0,19.966,20.006,-0.02,19.912,0.0579,-0.07,84.95,-109.14,0.5384,0.4894,7.52,6.83,0.8,50.4,50.4,12.6,-0.21
2,20.0,0.0,19.966,20.006,-0.037,19.911,0.0664,-0.11,84.95,-109.14,0.5392,0.4906,7.53,6.85,1.49,50.4,50.4,12.6,-0.42
3,20.0,0.0,19.965,20.006,-0.037,19.91,0.0668,-0.11,84.95,-109.14,0.54,0.4917,7.54,6.87,1.5,50.4,50.4,12.6,-0.42
4,20.0,0.0,19.965,20.006,-0.037,19.91,0.0671,-0.11,84.95,-109.14,0.5408,0.4928,7.55,6.88,1.5,50.4,50.4,12.6,-0.42
5,20.0,0.0,19.965,20.006,-0.037,19.91,0.0674,-0.11,84.95,-109.14,0.5415,0.4939,7.56,6.9,1.51,50.4,50.4,12.6,-0.42
6,20.0,0.001,19.965,20.006,-0.037,19.909,0.0676,-0.11,84.95,-109.14,0.5423,0.495,7.57,6.91,1.51,50.4,50.4,12.6,-0.42
7,20.0,0.001,19.965,20.006,-0.037,19.909,0.0678,-0.11,84.95,-109.14,0.5431,0.4962,7.58,6.93,1.52,50.4,50.4,12.6,-0.42
8,20.0,0.001,19.964,20.006,-0.037,19.909,0.0679,-0.11,84.95,-109.14,0.5439,0.4973,7.59,6.94,1.52,50.4,50.4,12.6,-0.42
9,20.0,0.001,19.964,20.006,-0.037,19.908,0.0679,-0.11,84.95,-109.14,0.5446,0.4984,7.6,6.96,1.53,50.4,50.4,12.6,-0.42
10,20.0,0.002,19.964,20.006,-0.037,19.908,0.0678,-0.11,84.95,-109.14,0.5454,0.4995,7.62,6.97,1.53,50.4,50.4,12.6,-0.42
11,20.0,0.002,19.963,20.006,-0.037,19.908,0.0677,-0.11,84.95,-109.14,0.5462,0.5006,7.63,6.99,1.54,50.4,50.4,12.6,-0.42
12,20.0,0.002,19.963,20.006,-0.036,19.908,0.0675,-0.11,84.95,-109.14,0.547,0.5017,7.64,7.01,1.54,50.4,50.4,12.6,-0.43
13,20.0,0.003,19.962,20.006,-0.036,19.908,0.0673,-0.11,84.95,-109.14,0.5478,0.5028,7.65,7.02,1.55,50.4,50.4,12.6,-0.43
14,20.0,0.003,19.962,20.006,-0.036,19.908,0.067,-0.11,84.95,-109.14,0.5485,0.5039,7.66,7.04,1.55,50.4,50.4,12.6,-0.43
15,20.0,0.003,19.961,20.006,-0.035,19.907,0.0666,-0.11,84.95,-109.14,0.5493,0.5051,7.67,7.05,1.56,50.4,50.4,12.6,-0.43
16,20.0,0.004,19.961,20.006,-0.035,19.908,0.0662,-0.11,84.95,-109.14,0.5501,0.5062,7.68,7.07,1.56,50.4,50.4,12.6,-0.43
17,20.0,0.004,19.96,20.006,-0.035,19.908,0.0657,-0.11,84.95,-109.14,0.5509,0.5073,7.69,7.08,1.57,50.4,50.4,12.6,-0.43
18,20.0,0.005,19.959,20.006,-0.034,19.908,0.0652,-0.09,84.95,-109.14,0.5516,0.5084,7.7,7.1,1.57,50.4,50.4,12.6,-0.43
19,20.0,0.006,19.959,20.006,-0.034,19.908,0.0646,-0.09,84.95,-109.14,0.5524,0.5095,7.71,7.11,1.58,50.4,50.4,12.6,-0.43
20,20.0,0.006,19.958,20.006,-0.033,19.908,0.0639,-0.09,84.95,-109.14,0.5532,0.5106,7.72,7.13,1.58,50.4,50.4,12.6,-0.43
21,20.0,0.007,19.957,20.006,-0.033,19.908,0.0632,-0.09,84.95,-109.14,0.554,0.5117,7.73,7.14,1.59,50.4,50.4,12.6,-0.43
22,20.0,0.007,19.956,20.006,-0.032,19.908,0.0625,-0.09,84.95,-109.14,0.5548,0.5128,7.75,7.16,1.59,50.4,50.4,12.6,-0.43
23,20.0,0.008,19.955,20.006,-0.032,19.909,0.0617,-0.09,84.95,-109.14,0.5555,0.5139,7.76,7.18,1.6,50.4,50.4,12.6,-0.43
24,20.0,0.009,19.954,20.006,-0.031,19.909,0.0608,-0.09,84.95,-109.14,0.5563,0.515,7.77,7.19,1.6,50.4,50.4,12.6,-0.43
25,20.0,0.01,19.954,20.006,-0.031,19.909,0.0599,-0.09,84.95,-109.14,0.5571,0.5161,7.78,7.21,1.61,50.4,50.4,12.6,-0.43
26,20.0,0.01,19.953,20.006,-0.03,19.911,0.0585,-0.09,84.95,-109.14,0.5579,0.5151,7.79,7.19,1.61,50.4,50.4,12.6,-0.43
27,20.0,0.011,19.952,20.007,-0.029,19.913,0.0563,-0.09,84.95,-109.14,0.5587,0.5096,7.8,7.12,1.62,50.4,50.4,12.6,-0.43
28,20.0,0.012,19.95,20.006,-0.028,19.917,0.0528,-0.09,84.95,-109.14,0.5529,0.5048,7.72,7.05,1.62,50.4,50.4,12.6,-0.43
29,20.0,0.013,19.949,20.006,-0.028,19.921,0.05,-0.09,84.95,-109.12,0.5481,0.5,7.65,6.98,1.63,50.4,50.4,12.6,-0.43
30,20.0,0.014,19.948,20.006,-0.027,19.924,0.0476,-0.09,84.97,-109.12,0.5434,0.4952,7.59,6.91,1.63,50.4,50.4,12.6,-0.43
31,20.0,0.015,19.947,20.006,-0.026,19.928,0.0456,-0.07,84.97,-109.12,0.5386,0.4905,7.52,6.85,1.64,50.4,50.4,12.6,-0.43
32,20.0,0.016,19.946,20.001,-0.025,19.973,0.0494,-0.07,85.03,-109.05,0.4702,0.422,6.56,5.89,1.64,50.4,50.4,12.6,-0.43
33,20.0,0.017,19.945,20.001,-0.024,19.976,0.052,-0.07,85.03,-109.03,0.4654,0.4172,6.5,5.83,1.65,50.4,50.4,12.6,-0.43
34,20.0,0.018,19.943,20.001,-0.023,19.979,0.0546,-0.07,85.03,-109.03,0.4606,0.4124,6.43,5.76,1.65,50.4,50.4,12.6,-0.43
35,20.0,0.019,19.942,20.001,-0.022,19.982,0.0573,-0.07,85.03,-109.03,0.4558,0.4076,6.36,5.69,1.66,50.4,50.4,12.6,-0.43
36,20.0,0.02,19.941,20.0,-0.022,19.984,0.06,-0.07,85.06,-109.03,0.4511,0.4029,6.3,5.62,1.66,50.4,50.4,12.6,-0.43
37,20.0,0.021,19.939,20.0,-0.021,19.986,0.0627,-0.07,85.06,-109.03,0.4463,0.3981,6.23,5.56,1.67,50.4,50.4,12.6,-0.43
38,20.0,0.022,19.938,20.0,-0.019,19.987,0.0647,-0.07,85.06,-109.03,0.4439,0.3933,6.2,5.49,1.67,50.4,50.4,12.6,-0.43
39,20.0,0.023,19.936,20.001,-0.018,19.987,0.0662,-0.04,85.06,-109.03,0.4434,0.3885,6.19,5.42,1.68,50.4,50.4,12.6,-0.43
40,20.0,0.025,19.935,20.002,-0.017,19.988,0.0678,-0.04,85.06,-109.01,0.4426,0.3837,6.18,5.36,1.68,50.4,50.4,12.6,-0.43
41,20.0,0.026,19.933,20.002,-0.016,19.988,0.0693,-0.04,85.06,-109.01,0.4419,0.3789,6.17,5.29,1.68,50.4,50.4,12.6,-0.43
42,20.0,0.027,19.931,20.002,-0.015,19.987,0.0701,-0.04,85.06,-109.01,0.4411,0.3769,6.16,5.26,1.69,50.4,50.4,12.6,-0.43
43,20.0,0.029,19.93,20.002,-0.014,19.986,0.0706,-0.04,85.03,-109.03,0.4403,0.376,6.15,5.25,1.69,50.4,50.4,12.6,-0.43
44,20.0,0.03,19.928,20.002,-0.013,19.985,0.0712,-0.04,85.03,-109.03,0.4395,0.3749,6.14,5.23,1.7,50.4,50.4,12.6,-0.43
45,20.0,0.031,19.926,20.002,-0.011,19.984,0.0717,-0.02,85.03,-109.03,0.4387,0.3737,6.13,5.22,1.7,50.4,50.4,12.6,-0.43
46,20.0,0.033,19.925,20.002,-0.01,19.983,0.0723,-0.02,85.03,-109.03,0.4379,0.3726,6.11,5.2,1.71,50.4,50.4,12.6,-0.43
47,20.0,0.034,19.923,20.002,-0.009,19.982,0.0729,-0.02,85.03,-109.03,0.4371,0.3715,6.1,5.19,1.71,50.4,50.4,12.6,-0.44
48,20.0,0.036,19.921,20.002,-0.007,19.981,0.0734,-0.02,85.03,-109.03,0.4363,0.3704,6.09,5.17,1.72,50.4,50.4,12.6,-0.44
49,20.0,0.037,19.919,20.002,-0.006,19.979,0.074,-0.02,85.03,-109.03,0.4355,0.3693,6.08,5.16,1.72,50.4,50.4,12.6,-0.44
50,20.0,0.039,19.917,20.002,-0.005,19.978,0.0746,-0.02,85.03,-109.03,0.4347,0.3681,6.07,5.14,1.73,50.4,50.4,12.6,-0.44
51,20.0,0.04,19.915,20.002,-0.003,19.977,0.0751,0.0,85.03,-109.03,0.4339,0.367,6.06,5.12,1.73,50.4,50.4,12.6,-0.44
52,20.0,0.042,19.913,20.002,-0.002,19.975,0.0757,0.0,85.03,-109.03,0.4332,0.3659,6.05,5.11,1.74,50.4,50.4,12.6,-0.44
53,20.0,0.043,19.911,20.002,-0.0,19.974,0.0763,0.0,85.03,-109.05,0.4324,0.3648,6.04,5.09,1.74,50.4,50.4,12.6,-0.44
54,20.0,0.045,19.909,20.002,0.001,19.972,0.0769,0.0,85.03,-109.05,0.4316,0.3637,6.03,5.08,1.75,50.4,50.4,12.6,-0.44
55,20.0,0.047,19.907,20.002,0.003,19.971,0.0774,0.0,85.03,-109.05,0.4308,0.3625,6.01,5.06,1.75,50.4,50.4,12.6,-0.44
56,20.0,0.048,19.905,20.002,0.004,19.969,0.078,0.02,85.01,-109.05,0.43,0.3614,6.0,5.05,1.76,50.4,50.4,12.6,-0.44
57,20.0,0.05,19.903,20.002,0.006,19.968,0.0786,0.02,85.01,-109.05,0.4292,0.3603,5.99,5.03,1.76,50.4,50.4,12.6,-0.44
58,20.0,0.052,19.901,20.002,0.008,19.966,0.0792,0.02,85.01,-109.05,0.4284,0.3592,5.98,5.02,1.77,50.4,50.4,12.6,-0.44
59,20.0,0.054,19.898,20.002,0.009,19.964,0.0797,0.02,85.01,-109.05,0.4276,0.3581,5.97,5.0,1.77,50.4,50.4,12.6,-0.44
60,20.0,0.056,19.896,20.002,0.011,19.963,0.0803,0.02,85.01,-109.05,0.4268,0.357,5.96,4.98,1.78,50.4,50.4,12.6,-0.44
61,20.0,0.057,19.894,20.002,0.013,19.961,0.0809,0.04,85.01,-109.07,0.426,0.3559,5.95,4.97,1.78,50.4,50.4,12.6,-0.44
62,20.0,0.059,19.891,20.002,0.015,19.959,0.0815,0.04,85.01,-109.07,0.4251,0.3547,5.94,4.95,1.79,50.4,50.4,12.6,-0.44
63,20.0,0.061,19.889,20.002,0.016,19.957,0.0821,0.04,85.01,-109.07,0.4243,0.3536,5.92,4.94,1.79,50.4,50.4,12.6,-0.44
64,20.0,0.063,19.886,20.002,0.018,19.956,0.0826,0.04,85.01,-109.07,0.4235,0.3525,5.91,4.92,1.8,50.4,50.4,12.6,-0.44
65,20.0,0.065,19.884,20.003,0.02,19.954,0.0832,0.07,85.01,-109.07,0.4227,0.3514,5.9,4.91,1.8,50.4,50.4,12.6,-0.45
66,20.0,0.067,19.881,20.003,0.022,19.952,0.0838,0.07,84.99,-109.07,0.4219,0.3503,5.89,4.89,1.81,50.4,50.4,12.6,-0.45
67,20.0,0.069,19.879,20.003,0.024,19.95,0.0844,0.07,84.99,-109.09,0.4211,0.3492,5.88,4.88,1.81,50.4,50.4,12.6,-0.45
68,20.0,0.071,19.876,20.003,0.026,19.948,0.085,0.07,84.99,-109.09,0.4203,0.3481,5.87,4.86,1.82,50.4,50.4,12.6,-0.45
69,20.0,0.073,19.873,20.003,0.028,19.946,0.0856,0.09,84.99,-109.09,0.4195,0.347,5.86,4.84,1.82,50.4,50.4,12.6,-0.45
70,20.0,0.076,19.871,20.003,0.03,19.944,0.0861,0.09,84.99,-109.09,0.4187,0.3459,5.85,4.83,1.83,50.4,50.4,12.6,-0.45
71,20.0,0.078,19.868,20.003,0.032,19.942,0.0867,0.09,84.99,-109.09,0.4179,0.3447,5.83,4.81,1.83,50.4,50.4,12.6,-0.45
72,20.0,0.08,19.865,20.003,0.034,19.94,0.0873,0.09,84.99,-109.09,0.417,0.3436,5.82,4.8,1.84,50.4,50.4,12.6,-0.45
73,20.0,0.082,19.862,20.003,0.036,19.937,0.0879,0.11,84.99,-109.12,0.4162,0.3425,5.81,4.78,1.84,50.4,50.4,12.6,-0.45
74,20.0,0.084,19.86,20.003,0.038,19.935,0.0885,0.11,84.97,-109.12,0.4154,0.3414,5.8,4.77,1.85,50.4,50.4,12.6,-0.45
75,20.0,0.087,19.857,20.003,0.04,19.933,0.0891,0.11,84.97,-109.12,0.4146,0.3403,5.79,4.75,1.85,50.4,50.4,12.6,-0.45
76,20.0,0.089,19.854,20.003,0.043,19.931,0.0897,0.13,84.97,-109.12,0.4138,0.3392,5.78,4.74,1.86,50.4,50.4,12.6,-0.45
77,20.0,0.091,19.851,20.003,0.045,19.928,0.0903,0.13,84.97,-109.12,0.4129,0.3381,5.77,4.72,1.86,50.4,50.4,12.6,-0.45
78,20.0,0.094,19.848,20.003,0.047,19.926,0.0909,0.13,84.97,-109.14,0.4121,0.337,5.75,4.71,1.87,50.4,50.4,12.6,-0.45
79,20.0,0.096,19.845,20.003,0.05,19.923,0.0914,0.13,84.97,-109.14,0.4113,0.3359,5.74,4.69,1.87,50.4,50.4,12.6,-0.45
80,20.0,0.099,19.842,20.003,0.052,19.921,0.092,0.15,84.97,-109.14,0.4105,0.3348,5.73,4.67,1.88,50.4,50.4,12.6,-0.46
81,20.0,0.101,19.839,20.003,0.054,19.918,0.0926,0.15,84.97,-109.14,0.4096,0.3337,5.72,4.66,1.88,50.4,50.4,12.6,-0.46
82,20.0,0.104,19.835,20.003,0.057,19.916,0.0932,0.15,84.95,-109.14,0.4088,0.3326,5.71,4.64,1.89,50.4,50.4,12.6,-0.46
83,20.0,0.106,19.832,20.003,0.059,19.913,0.0938,0.18,84.95,-109.16,0.408,0.3315,5.7,4.63,1.89,50.4,50.4,12.6,-0.46
84,20.0,0.109,19.829,20.003,0.061,19.911,0.0944,0.18,84.95,-109.16,0.4072,0.3304,5.68,4.61,1.9,50.4,50.4,12.6,-0.46
85,20.0,0.111,19.826,20.003,0.064,19.908,0.095,0.18,84.95,-109.16,0.4063,0.3293,5.67,4.6,1.9,50.4,50.4,12.6,-0.46
86,20.0,0.114,19.822,20.003,0.066,19.905,0.0956,0.2,84.95,-109.16,0.4055,0.3282,5.66,4.58,1.91,50.4,50.4,12.6,-0.46
87,20.0,0.117,19.819,20.003,0.069,19.903,0.0962,0.2,84.95,-109.16,0.4046,0.3271,5.65,4.57,1.91,50.4,50.4,12.6,-0.46
88,20.0,0.119,19.816,20.003,0.072,19.9,0.0968,0.2,84.92,-109.18,0.4038,0.326,5.64,4.55,1.92,50.4,50.4,12.6,-0.46
89,20.0,0.122,19.812,20.003,0.074,19.897,0.0974,0.22,84.92,-109.18,0.403,0.325,5.63,4.54,1.92,50.4,50.4,12.6,-0.46
90,20.0,0.125,19.809,20.003,0.077,19.894,0.098,0.22,84.92,-109.18,0.4021,0.3239,5.61,4.52,1.93,50.4,50.4,12.6,-0.46
91,20.0,0.128,19.805,20.003,0.08,19.891,0.0986,0.22,84.92,-109.18,0.4013,0.3228,5.6,4.51,1.93,50.4,50.4,12.6,-0.46
92,20.0,0.131,19.802,20.003,0.082,19.888,0.0992,0.24,84.92,-109.2,0.4004,0.3217,5.59,4.49,1.94,50.4,50.4,12.6,-0.47
93,20.0,0.133,19.798,20.003,0.085,19.885,0.0998,0.24,84.92,-109.2,0.3996,0.3206,5.58,4.48,1.94,50.4,50.4,12.6,-0.47
94,20.0,0.136,19.795,20.003,0.088,19.882,0.1004,0.24,84.9,-109.2,0.3988,0.3195,5.57,4.46,1.94,50.4,50.4,12.6,-0.47
95,20.0,0.139,19.791,20.003,0.091,19.879,0.101,0.26,84.9,-109.2,0.3979,0.3184,5.56,4.45,1.95,50.4,50.4,12.6,-0.47
96,20.0,0.142,19.787,20.003,0.093,19.876,0.1016,0.26,84.9,-109.23,0.3971,0.3173,5.54,4.43,1.95,50.4,50.4,12.6,-0.47
97,20.0,0.145,19.784,20.003,0.096,19.873,0.1022,0.29,84.9,-109.23,0.3962,0.3163,5.53,4.42,1.96,50.4,50.4,12.6,-0.47
98,20.0,0.148,19.78,20.003,0.099,19.87,0.1028,0.29,84.9,-109.23,0.3953,0.3152,5.52,4.4,1.96,50.4,50.4,12.6,-0.47
99,20.0,0.151,19.776,20.003,0.102,19.867,0.1034,0.29,84.88,-109.23,0.3945,0.3141,5.51,4.39,1.97,50.4,50.4,12.6,-0.47
100,20.0,0.154,19.772,20.003,0.105,19.864,0.104,0.31,84.88,-109.25,0.3936,0.313,5.5,4.37,1.97,50.4,50.4,12.6,-0.47
101,20.0,0.157,19.768,20.003,0.108,19.86,0.1046,0.31,84.88,-109.25,0.3928,0.3119,5.48,4.36,1.98,50.4,50.4,12.6,-0.47
102,20.0,0.161,19.764,20.003,0.111,19.857,0.1052,0.31,84.88,-109.25,0.3919,0.3109,5.47,4.34,1.98,50.4,50.4,12.6,-0.48
103,20.0,0.164,19.76,20.003,0.114,19.854,0.1057,0.33,84.88,-109.25,0.3911,0.3098,5.46,4.33,1.99,50.4,50.4,12.6,-0.48
104,20.0,0.167,19.756,20.003,0.117,19.85,0.1064,0.33,84.88,-109.27,0.3902,0.3087,5.45,4.31,1.99,50.4,50.4,12.6,-0.48
105,20.0,0.17,19.752,20.003,0.12,19.847,0.107,0.35,84.86,-109.27,0.3893,0.3076,5.44,4.3,2.0,50.4,50.4,12.6,-0.48
106,20.0,0.173,19.748,20.003,0.123,19.843,0.1076,0.35,84.86,-109.27,0.3885,0.3066,5.42,4.28,2.0,50.4,50.4,12.6,-0.48
107,20.0,0.177,19.744,20.003,0.126,19.84,0.1082,0.35,84.86,-109.29,0.3876,0.3055,5.41,4.27,2.01,50.4,50.4,12.6,-0.48
108,20.0,0.18,19.74,20.003,0.13,19.836,0.1088,0.37,84.86,-109.29,0.3867,0.3044,5.4,4.25,2.01,50.4,50.4,12.6,-0.48
109,20.0,0.183,19.736,20.003,0.133,19.833,0.1094,0.37,84.84,-109.29,0.3858,0.3034,5.39,4.24,2.02,50.4,50.4,12.6,-0.48
110,20.0,0.187,19.731,20.003,0.136,19.829,0.11,0.4,84.84,-109.29,0.385,0.3023,5.38,4.22,2.02,50.4,50.4,12.6,-0.48
111,20.0,0.19,19.727,20.003,0.139,19.825,0.1106,0.4,84.84,-109.31,0.3841,0.3012,5.36,4.21,2.03,50.4,50.4,12.6,-0.48
112,20.0,0.194,19.723,20.003,0.143,19.822,0.1112,0.42,84.84,-109.31,0.3832,0.3002,5.35,4.19,2.03,50.4,50.4,12.6,-0.49
113,20.0,0.197,19.718,20.003,0.146,19.818,0.1118,0.42,84.84,-109.31,0.3823,0.2991,5.34,4.18,2.04,50.4,50.4,12.6,-0.49
114,20.0,0.201,19.714,20.003,0.149,19.814,0.1124,0.42,84.81,-109.34,0.3814,0.298,5.33,4.16,2.04,50.4,50.4,12.6,-0.49
115,20.0,0.204,19.71,20.003,0.153,19.81,0.113,0.44,84.81,-109.34,0.3806,0.297,5.31,4.15,2.05,50.4,50.4,12.6,-0.49
116,20.0,0.208,19.705,20.003,0.156,19.807,0.1136,0.44,84.81,-109.34,0.3797,0.2959,5.3,4.13,2.05,50.4,50.4,12.6,-0.49
117,20.0,0.211,19.701,20.003,0.16,19.803,0.1143,0.46,84.81,-109.36,0.3788,0.2949,5.29,4.12,2.06,50.4,50.4,12.6,-0.49
118,20.0,0.215,19.696,20.003,0.163,19.799,0.1149,0.46,84.79,-109.36,0.3779,0.2938,5.28,4.1,2.06,50.4,50.4,12.6,-0.49
119,20.0,0.218,19.692,20.003,0.167,19.795,0.1155,0.48,84.79,-109.36,0.377,0.2928,5.26,4.09,2.07,50.4,50.4,12.6,-0.49
120,20.0,0.222,19.687,20.003,0.17,19.791,0.1161,0.48,84.79,-109.36,0.3761,0.2917,5.25,4.07,2.07,50.4,50.4,12.6,-0.5
121,20.0,0.226,19.682,20.003,0.174,19.787,0.1167,0.51,84.79,-109.38,0.3752,0.2907,5.24,4.06,2.08,50.4,50.4,12.6,-0.5
122,20.0,0.23,19.678,20.003,0.178,19.783,0.1173,0.51,84.77,-109.38,0.3743,0.2896,5.23,4.04,2.08,50.4,50.4,12.6,-0.5
123,20.0,0.233,19.673,20.003,0.181,19.779,0.1179,0.53,84.77,-109.38,0.3734,0.2886,5.21,4.03,2.09,50.4,50.4,12.6,-0.5
124,20.0,0.237,19.668,20.003,0.185,19.774,0.1185,0.53,84.77,-109.4,0.3725,0.2875,5.2,4.01,2.09,50.4,50.4,12.6,-0.5
125,20.0,0.241,19.663,20.003,0.189,19.77,0.1191,0.55,84.77,-109.4,0.3716,0.2865,5.19,4.0,2.1,50.4,50.4,12.6,-0.5
126,20.0,0.245,19.658,20.003,0.192,19.766,0.1197,0.55,84.75,-109.4,0.3707,0.2854,5.18,3.99,2.1,50.4,50.4,12.6,-0.5
127,20.0,0.249,19.653,20.003,0.196,19.762,0.1203,0.57,84.75,-109.42,0.3698,0.2844,5.16,3.97,2.11,50.4,50.4,12.6,-0.5
128,20.0,0.253,19.649,20.003,0.2,19.757,0.121,0.57,84.75,-109.42,0.3689,0.2834,5.15,3.96,2.11,50.4,50.4,12.6,-0.5
129,20.0,0.257,19.644,20.003,0.204,19.753,0.1216,0.59,84.75,-109.45,0.368,0.2823,5.14,3.94,2.12,50.4,50.4,12.6,-0.51
130,20.0,0.261,19.639,20.003,0.208,19.749,0.1222,0.59,84.73,-109.45,0.367,0.2813,5.12,3.93,2.12,50.4,50.4,12.6,-0.51
131,20.0,0.265,19.633,20.003,0.212,19.744,0.1228,0.62,84.73,-109.45,0.3661,0.2803,5.11,3.91,2.13,50.4,50.4,12.6,-0.51
132,20.0,0.269,19.628,20.003,0.216,19.74,0.1234,0.62,84.73,-109.47,0.3652,0.2792,5.1,3.9,2.13,50.4,50.4,12.6,-0.51
133,20.0,0.273,19.623,20.003,0.22,19.735,0.124,0.64,84.73,-109.47,0.3643,0.2782,5.09,3.88,2.14,50.4,50.4,12.6,-0.51
134,20.0,0.277,19.618,20.003,0.224,19.731,0.1246,0.64,84.7,-109.47,0.3634,0.2772,5.07,3.87,2.14,50.4,50.4,12.6,-0.51
135,20.0,0.281,19.613,20.003,0.228,19.726,0.1252,0.66,84.7,-109.49,0.3624,0.2761,5.06,3.86,2.14,50.4,50.4,12.6,-0.51
136,20.0,0.285,19.608,20.003,0.232,19.721,0.1259,0.66,84.7,-109.49,0.3615,0.2751,5.05,3.84,2.15,50.4,50.4,12.6,-0.52
137,20.0,0.29,19.602,20.003,0.236,19.717,0.1265,0.68,84.68,-109.49,0.3606,0.2741,5.03,3.83,2.15,50.4,50.4,12.6,-0.52
138,20.0,0.294,19.597,20.003,0.24,19.712,0.1271,0.68,84.68,-109.51,0.3596,0.2731,5.02,3.81,2.16,50.4,50.4,12.6,-0.52
139,20.0,0.298,19.592,20.003,0.244,19.707,0.1277,0.7,84.68,-109.51,0.3587,0.2721,5.01,3.8,2.16,50.4,50.4,12.6,-0.52
140,20.0,0.302,19.586,20.003,0.248,19.703,0.1283,0.7,84.68,-109.53,0.3578,0.271,5.0,3.78,2.17,50.4,50.4,12.6,-0.52
141,20.0,0.307,19.581,20.003,0.252,19.698,0.1289,0.73,84.66,-109.53,0.3568,0.27,4.98,3.77,2.17,50.4,50.4,12.6,-0.52
142,20.0,0.311,19.575,20.003,0.257,19.693,0.1295,0.73,84.66,-109.53,0.3559,0.269,4.97,3.76,2.18,50.4,50.4,12.6,-0.52
143,20.0,0.315,19.57,20.003,0.261,19.688,0.1302,0.75,84.66,-109.56,0.3549,0.268,4.96,3.74,2.18,50.4,50.4,12.6,-0.52
144,20.0,0.32,19.564,20.003,0.265,19.683,0.1308,0.77,84.64,-109.56,0.354,0.267,4.94,3.73,2.19,50.4,50.4,12.6,-0.53
145,20.0,0.324,19.559,20.003,0.27,19.678,0.1314,0.77,84.64,-109.56,0.353,0.266,4.93,3.71,2.19,50.4,50.4,12.6,-0.53
146,20.0,0.329,19.553,20.003,0.274,19.673,0.132,0.79,84.64,-109.58,0.3521,0.265,4.92,3.7,2.19,50.4,50.4,12.6,-0.53
147,20.0,0.333,19.547,20.003,0.278,19.668,0.1326,0.79,84.64,-109.58,0.3511,0.264,4.9,3.69,2.2,50.4,50.4,12.6,-0.53
148,20.0,0.338,19.542,20.003,0.283,19.663,0.1332,0.81,84.62,-109.6,0.3501,0.263,4.89,3.67,2.21,50.4,50.4,12.6,-0.53
149,20.0,0.343,19.536,20.003,0.287,19.658,0.1339,0.81,84.62,-109.6,0.3492,0.262,4.88,3.66,2.21,50.4,50.4,12.6,-0.53
150,20.0,0.347,19.53,20.003,0.292,19.653,0.1345,0.83,84.62,-109.6,0.3482,0.261,4.86,3.64,2.22,50.4,50.4,12.6,-0.53
151,20.0,0.352,19.524,20.003,0.296,19.647,0.1351,0.86,84.59,-109.62,0.3473,0.26,4.85,3.63,2.22,50.4,50.4,12.6,-0.54
152,20.0,0.356,19.518,20.003,0.301,19.642,0.1357,0.86,84.59,-109.62,0.3463,0.259,4.84,3.62,2.23,50.4,50.4,12.6,-0.54
153,20.0,0.361,19.513,20.003,0.305,19.637,0.1363,0.88,84.59,-109.64,0.3453,0.258,4.82,3.6,2.23,50.4,50.4,12.6,-0.54
154,20.0,0.366,19.507,20.003,0.31,19.632,0.1369,0.88,84.57,-109.64,0.3443,0.257,4.81,3.59,2.24,50.4,50.4,12.6,-0.54
155,20.0,0.371,19.501,20.003,0.315,19.626,0.1376,0.9,84.57,-109.67,0.3434,0.256,4.79,3.57,2.24,50.4,50.4,12.6,-0.54
156,20.0,0.375,19.495,20.003,0.319,19.621,0.1382,0.92,84.57,-109.67,0.3424,0.255,4.78,3.56,2.25,50.4,50.4,12.6,-0.54
157,20.0,0.38,19.489,20.003,0.324,19.615,0.1388,0.92,84.55,-109.67,0.3414,0.2541,4.77,3.55,2.25,50.4,50.4,12.6,-0.55
158,20.0,0.385,19.482,20.003,0.329,19.61,0.1394,0.94,84.55,-109.69,0.3404,0.2531,4.75,3.53,2.26,50.4,50.4,12.6,-0.55
159,20.0,0.39,19.476,20.003,0.334,19.604,0.14,0.94,84.55,-109.69,0.3394,0.2521,4.74,3.52,2.26,50.4,50.4,12.6,-0.55
160,20.0,0.395,19.47,20.003,0.338,19.599,0.1407,0.97,84.53,-109.71,0.3384,0.2511,4.73,3.51,2.27,50.4,50.4,12.6,-0.55
161,20.0,0.4,19.464,20.003,0.343,19.593,0.1413,0.99,84.53,-109.71,0.3374,0.2502,4.71,3.49,2.27,50.4,50.4,12.6,-0.55
162,20.0,0.405,19.458,20.003,0.348,19.588,0.1419,0.99,84.53,-109.73,0.3364,0.2492,4.7,3.48,2.28,50.4,50.4,12.6,-0.55
163,20.0,0.41,19.451,20.003,0.353,19.582,0.1425,1.01,84.51,-109.73,0.3354,0.2482,4.68,3.47,2.28,50.4,50.4,12.6,-0.55
164,20.0,0.415,19.445,20.003,0.358,19.576,0.1431,1.03,84.51,-109.73,0.3344,0.2472,4.67,3.45,2.29,50.4,50.4,12.6,-0.56
165,20.0,0.42,19.439,20.003,0.363,19.571,0.1437,1.03,84.48,-109.75,0.3334,0.2463,4.66,3.44,2.29,50.4,50.4,12.6,-0.56
166,20.0,0.425,19.432,20.003,0.368,19.565,0.1444,1.05,84.48,-109.75,0.3324,0.2453,4.64,3.43,2.3,50.4,50.4,12.6,-0.56
167,20.0,0.43,19.426,20.003,0.373,19.559,0.145,1.08,84.48,-109.78,0.3314,0.2444,4.63,3.41,2.3,50.4,50.4,12.6,-0.56
168,20.0,0.435,19.419,20.003,0.378,19.553,0.1456,1.08,84.46,-109.78,0.3304,0.2434,4.61,3.4,2.3,50.4,50.4,12.6,-0.56
169,20.0,0.441,19.413,20.003,0.383,19.547,0.1462,1.1,84.46,-109.8,0.3294,0.2424,4.6,3.39,2.31,50.4,50.4,12.6,-0.56
170,20.0,0.446,19.406,20.003,0.388,19.541,0.1469,1.12,84.46,-109.8,0.3284,0.2415,4.58,3.37,2.31,50.4,50.4,12.6,-0.57
171,20.0,0.451,19.4,20.003,0.393,19.535,0.1475,1.12,84.44,-109.82,0.3274,0.2405,4.57,3.36,2.32,50.4,50.4,12.6,-0.57
172,20.0,0.456,19.393,20.003,0.398,19.529,0.1481,1.14,84.44,-109.82,0.3263,0.2396,4.56,3.35,2.32,50.4,50.4,12.6,-0.57
173,20.0,0.462,19.386,20.003,0.404,19.523,0.1487,1.16,84.44,-109.84,0.3253,0.2386,4.54,3.33,2.33,50.4,50.4,12.6,-0.57
174,20.0,0.467,19.38,20.003,0.409,19.517,0.1493,1.16,84.42,-109.84,0.3243,0.2377,4.53,3.32,2.33,50.4,50.4,12.6,-0.57
175,20.0,0.472,19.373,20.003,0.414,19.511,0.15,1.19,84.42,-109.86,0.3232,0.2368,4.51,3.31,2.34,50.4,50.4,12.6,-0.57
176,20.0,0.478,19.366,20.003,0.419,19.505,0.1506,1.21,84.4,-109.86,0.3222,0.2358,4.5,3.29,2.34,50.4,50.4,12.6,-0.58
177,20.0,0.483,19.359,20.003,0.425,19.499,0.1512,1.21,84.4,-109.89,0.3212,0.2349,4.48,3.28,2.35,50.4,50.4,12.6,-0.58
178,20.0,0.489,19.352,20.003,0.43,19.492,0.1518,1.23,84.4,-109.89,0.3201,0.234,4.47,3.27,2.35,50.4,50.4,12.6,-0.58
179,20.0,0.494,19.346,20.003,0.436,19.486,0.1524,1.25,84.38,-109.89,0.3191,0.233,4.45,3.25,2.35,50.4,50.4,12.6,-0.58
180,20.0,0.5,19.339,20.003,0.441,19.48,0.1531,1.25,84.38,-109.91,0.318,0.2321,4.44,3.24,2.36,50.4,50.4,12.6,-0.58
181,20.0,0.505,19.332,20.003,0.446,19.473,0.1537,1.27,84.35,-109.91,0.317,0.2312,4.43,3.23,2.37,50.4,50.4,12.6,-0.59
182,20.0,0.511,19.325,20.003,0.452,19.467,0.1543,1.3,84.35,-109.93,0.3159,0.2302,4.41,3.21,2.37,50.4,50.4,12.6,-0.59
183,20.0,0.517,19.318,20.003,0.457,19.461,0.1549,1.32,84.35,-109.93,0.3149,0.2293,4.4,3.2,2.38,50.4,50.4,12.6,-0.59
184,20.0,0.522,19.31,20.003,0.463,19.454,0.1556,1.32,84.33,-109.95,0.3138,0.2284,4.38,3.19,2.38,50.4,50.4,12.6,-0.59
185,20.0,0.528,19.303,20.003,0.468,19.448,0.1562,1.34,84.33,-109.95,0.3127,0.2275,4.37,3.18,2.39,50.4,50.4,12.6,-0.59
186,20.0,0.534,19.296,20.003,0.474,19.441,0.1568,1.36,84.31,-109.97,0.3117,0.2266,4.35,3.16,2.39,50.4,50.4,12.6,-0.59
187,20.0,0.54,19.289,20.003,0.48,19.434,0.1574,1.38,84.31,-109.97,0.3106,0.2257,4.34,3.15,2.4,50.4,50.4,12.6,-0.6
188,20.0,0.545,19.282,20.003,0.485,19.428,0.1581,1.38,84.29,-110.0,0.3095,0.2248,4.32,3.14,2.4,50.4,50.4,12.6,-0.6
189,20.0,0.551,19.274,20.003,0.491,19.421,0.1587,1.41,84.29,-110.0,0.3084,0.2239,4.31,3.13,2.41,50.4,50.4,12.6,-0.6
190,20.0,0.557,19.267,20.003,0.497,19.414,0.1593,1.43,84.29,-110.02,0.3074,0.223,4.29,3.11,2.41,50.4,50.4,12.6,-0.6
191,20.0,0.563,19.26,20.003,0.502,19.408,0.1599,1.43,84.27,-110.02,0.3063,0.2221,4.28,3.1,2.42,50.4,50.4,12.6,-0.6
192,20.0,0.569,19.252,20.003,0.508,19.401,0.1606,1.45,84.27,-110.04,0.3052,0.2212,4.26,3.09,2.42,50.4,50.4,12.6,-0.61
193,20.0,0.575,19.245,20.003,0.514,19.394,0.1612,1.47,84.24,-110.06,0.3041,0.2203,4.25,3.08,2.42,50.4,50.4,12.6,-0.61
194,20.0,0.581,19.237,20.003,0.52,19.387,0.1618,1.49,84.24,-110.06,0.303,0.2194,4.23,3.06,2.43,50.4,50.4,12.6,-0.61
195,20.0,0.587,19.23,20.003,0.526,19.38,0.1624,1.52,84.22,-110.08,0.3019,0.2185,4.22,3.05,2.43,50.4,50.4,12.6,-0.61
196,20.0,0.593,19.222,20.003,0.532,19.373,0.1631,1.52,84.22,-110.08,0.3008,0.2176,4.2,3.04,2.44,50.4,50.4,12.6,-0.61
197,20.0,0.599,19.215,20.003,0.538,19.366,0.1637,1.54,84.22,-110.1,0.2997,0.2167,4.18,3.03,2.44,50.4,50.4,12.6,-0.61
198,20.0,0.605,19.207,20.003,0.544,19.359,0.1643,1.56,84.2,-110.1,0.2986,0.2158,4.17,3.01,2.45,50.4,50.4,12.6,-0.62
199,20.0,0.611,19.199,20.003,0.55,19.352,0.1649,1.58,84.2,-110.13,0.2975,0.215,4.15,3.0,2.45,50.4,50.4,12.6,-0.62
200,20.0,0.617,19.192,20.003,0.556,19.345,0.1656,1.58,84.18,-110.13,0.2964,0.2141,4.14,2.99,2.46,50.4,50.4,12.6,-0.62
201,20.0,0.623,19.184,20.003,0.562,19.338,0.1662,1.6,84.18,-110.15,0.2953,0.2132,4.12,2.98,2.46,50.4,50.4,12.6,-0.62
202,20.0,0.63,19.176,20.003,0.568,19.331,0.1668,1.63,84.16,-110.15,0.2941,0.2124,4.11,2.97,2.47,50.4,50.4,12.6,-0.62
203,20.0,0.636,19.168,20.003,0.574,19.324,0.1674,1.65,84.16,-110.17,0.293,0.2115,4.09,2.95,2.47,50.4,50.4,12.6,-0.63
204,20.0,0.642,19.16,20.004,0.58,19.316,0.1681,1.67,84.13,-110.17,0.2919,0.2106,4.08,2.94,2.48,50.4,50.4,12.6,-0.63
205,20.0,0.648,19.152,20.004,0.586,19.309,0.1687,1.67,84.13,-110.19,0.2908,0.2098,4.06,2.93,2.48,50.4,50.4,12.6,-0.63
206,20.0,0.655,19.144,20.004,0.593,19.302,0.1693,1.69,84.11,-110.19,0.2896,0.2089,4.04,2.92,2.48,50.4,50.4,12.6,-0.63
207,20.0,0.661,19.136,20.004,0.599,19.295,0.1699,1.71,84.11,-110.21,0.2885,0.2081,4.03,2.91,2.49,50.4,50.4,12.6,-0.63
208,20.0,0.667,19.128,20.004,0.605,19.287,0.1706,1.74,84.09,-110.24,0.2873,0.2072,4.01,2.89,2.5,50.4,50.4,12.6,-0.64
209,20.0,0.674,19.12,20.004,0.611,19.28,0.1712,1.76,84.09,-110.24,0.2862,0.2064,4.0,2.88,2.5,50.4,50.4,12.6,-0.64
210,20.0,0.68,19.112,20.004,0.618,19.272,0.1718,1.78,84.07,-110.26,0.285,0.2055,3.98,2.87,2.51,50.4,50.4,12.6,-0.64
211,20.0,0.687,19.104,20.004,0.624,19.265,0.1725,1.78,84.07,-110.26,0.2839,0.2047,3.96,2.86,2.51,50.4,50.4,12.6,-0.64
212,20.0,0.693,19.096,20.004,0.631,19.257,0.1731,1.8,84.05,-110.28,0.2827,0.2038,3.95,2.85,2.51,50.4,50.4,12.6,-0.64
213,20.0,0.7,19.088,20.004,0.637,19.25,0.1737,1.82,84.05,-110.28,0.2816,0.203,3.93,2.83,2.52,50.4,50.4,12.6,-0.65
214,20.0,0.707,19.079,20.004,0.643,19.242,0.1743,1.85,84.02,-110.3,0.2804,0.2022,3.92,2.82,2.52,50.4,50.4,12.6,-0.65
215,20.0,0.713,19.071,20.004,0.65,19.234,0.175,1.87,84.02,-110.32,0.2792,0.2014,3.9,2.81,2.53,50.4,50.4,12.6,-0.65
216,20.0,0.72,19.063,20.004,0.656,19.227,0.1756,1.89,84.0,-110.32,0.2781,0.2005,3.88,2.8,2.53,50.4,50.4,12.6,-0.65
217,20.0,0.726,19.054,20.004,0.663,19.219,0.1762,1.89,84.0,-110.35,0.2769,0.1997,3.87,2.79,2.54,50.4,50.4,12.6,-0.65
218,20.0,0.733,19.046,20.004,0.67,19.211,0.1769,1.91,83.98,-110.35,0.2757,0.1989,3.85,2.78,2.54,50.4,50.4,12.6,-0.66
219,20.0,0.74,19.038,20.004,0.676,19.203,0.1775,1.93,83.98,-110.37,0.2745,0.1981,3.83,2.77,2.55,50.4,50.4,12.6,-0.66
220,20.0,0.747,19.029,20.004,0.683,19.195,0.1781,1.96,83.96,-110.37,0.2734,0.1973,3.82,2.75,2.55,50.4,50.4,12.6,-0.66
221,20.0,0.754,19.02,20.004,0.69,19.187,0.1787,1.98,83.96,-110.39,0.2722,0.1965,3.8,2.74,2.56,50.4,50.4,12.6,-0.66
222,20.0,0.76,19.012,20.004,0.696,19.179,0.1794,2.0,83.94,-110.41,0.271,0.1956,3.78,2.73,2.56,50.4,50.4,12.6,-0.67
223,20.0,0.767,19.003,20.004,0.703,19.171,0.18,2.02,83.94,-110.41,0.2698,0.1948,3.77,2.72,2.57,50.4,50.4,12.6,-0.67
224,20.0,0.774,18.995,20.004,0.71,19.163,0.1806,2.02,83.91,-110.43,0.2686,0.194,3.75,2.71,2.57,50.4,50.4,12.6,-0.67
225,20.0,0.781,18.986,20.004,0.717,19.155,0.1813,2.04,83.91,-110.43,0.2674,0.1933,3.73,2.7,2.58,50.4,50.4,12.6,-0.67
226,20.0,0.788,18.977,20.004,0.724,19.147,0.1819,2.07,83.89,-110.46,0.2662,0.1925,3.72,2.69,2.58,50.4,50.4,12.6,-0.67
227,20.0,0.795,18.968,20.004,0.73,19.139,0.1825,2.09,83.89,-110.48,0.265,0.1917,3.7,2.68,2.59,50.4,50.4,12.6,-0.68
228,20.0,0.802,18.96,20.004,0.737,19.131,0.1832,2.11,83.87,-110.48,0.2638,0.1909,3.68,2.67,2.59,50.4,50.4,12.6,-0.68
229,20.0,0.809,18.951,20.004,0.744,19.123,0.1838,2.13,83.85,-110.5,0.2625,0.1901,3.67,2.65,2.59,50.4,50.4,12.6,-0.68
230,20.0,0.816,18.942,20.004,0.751,19.115,0.1844,2.15,83.85,-110.5,0.2613,0.1893,3.65,2.64,2.6,50.4,50.4,12.6,-0.68
231,20.0,0.823,18.933,20.004,0.758,19.106,0.185,2.18,83.83,-110.52,0.2601,0.1885,3.63,2.63,2.6,50.4,50.4,12.6,-0.69
232,20.0,0.83,18.924,20.004,0.765,19.098,0.1857,2.2,83.83,-110.54,0.2589,0.1878,3.61,2.62,2.61,50.4,50.4,12.6,-0.69
233,20.0,0.838,18.915,20.004,0.772,19.09,0.1863,2.22,83.8,-110.54,0.2576,0.187,3.6,2.61,2.61,50.4,50.4,12.6,-0.69
234,20.0,0.845,18.906,20.004,0.779,19.081,0.1869,2.24,83.8,-110.57,0.2564,0.1862,3.58,2.6,2.62,50.4,50.4,12.6,-0.69
235,20.0,0.852,18.897,20.004,0.786,19.073,0.1876,2.24,83.78,-110.57,0.2551,0.1855,3.56,2.59,2.62,50.4,50.4,12.6,-0.69
236,20.0,0.859,18.888,20.004,0.794,19.064,0.1882,2.26,83.76,-110.59,0.2539,0.1847,3.55,2.58,2.63,50.4,50.4,12.6,-0.7
237,20.0,0.867,18.879,20.004,0.801,19.056,0.1888,2.29,83.76,-110.61,0.2526,0.184,3.53,2.57,2.63,50.4,50.4,12.6,-0.7
238,20.0,0.874,18.87,20.004,0.808,19.047,0.1895,2.31,83.74,-110.61,0.2514,0.1832,3.51,2.56,2.64,50.4,50.4,12.6,-0.7
239,20.0,0.881,18.86,20.004,0.815,19.039,0.1901,2.33,83.74,-110.63,0.2501,0.1825,3.49,2.55,2.64,50.4,50.4,12.6,-0.7
240,20.0,0.889,18.851,20.004,0.823,19.03,0.1907,2.35,83.72,-110.63,0.2489,0.1817,3.47,2.54,2.65,50.4,50.4,12.6,-0.71
241,20.0,0.896,18.842,20.004,0.83,19.021,0.1914,2.37,83.69,-110.65,0.2476,0.181,3.46,2.53,2.65,50.4,50.4,12.6,-0.71
242,20.0,0.903,18.832,20.004,0.837,19.012,0.192,2.4,83.69,-110.68,0.2463,0.1803,3.44,2.52,2.66,50.4,50.4,12.6,-0.71
243,20.0,0.911,18.823,20.004,0.845,19.004,0.1926,2.42,83.67,-110.68,0.2451,0.1795,3.42,2.51,2.66,50.4,50.4,12.6,-0.71
244,20.0,0.918,18.814,20.004,0.852,18.995,0.1932,2.44,83.67,-110.7,0.2438,0.1788,3.4,2.5,2.66,50.4,50.4,12.6,-0.71
245,20.0,0.926,18.804,20.004,0.859,18.986,0.1939,2.46,83.65,-110.72,0.2425,0.1781,3.39,2.49,2.67,50.4,50.4,12.6,-0.72
246,20.0,0.934,18.795,20.004,0.867,18.977,0.1945,2.48,83.63,-110.72,0.2412,0.1773,3.37,2.48,2.67,50.4,50.4,12.6,-0.72
247,20.0,0.941,18.785,20.004,0.874,18.968,0.1951,2.5,83.63,-110.74,0.2399,0.1766,3.35,2.47,2.68,50.4,50.4,12.6,-0.72
248,20.0,0.949,18.775,20.004,0.882,18.959,0.1958,2.53,83.61,-110.76,0.2386,0.1759,3.33,2.46,2.68,50.4,50.4,12.6,-0.72
249,20.0,0.957,18.766,20.004,0.889,18.95,0.1964,2.55,83.61,-110.76,0.2373,0.1752,3.31,2.45,2.69,50.4,50.4,12.6,-0.73
250,20.0,0.964,18.756,20.004,0.897,18.941,0.197,2.57,83.58,-110.79,0.236,0.1745,3.3,2.44,2.69,50.4,50.4,12.6,-0.73
251,20.0,0.972,18.747,20.004,0.905,18.932,0.1977,2.59,83.56,-110.79,0.2347,0.1738,3.28,2.43,2.7,50.4,50.4,12.6,-0.73
252,20.0,0.98,18.737,20.004,0.912,18.923,0.1983,2.61,83.56,-110.81,0.2334,0.1731,3.26,2.42,2.7,50.4,50.4,12.6,-0.73
253,20.0,0.987,18.727,20.004,0.92,18.914,0.1989,2.64,83.54,-110.83,0.2321,0.1724,3.24,2.41,2.7,50.4,50.4,12.6,-0.74
254,20.0,0.995,18.717,20.004,0.928,18.905,0.1996,2.66,83.52,-110.83,0.2308,0.1717,3.22,2.4,2.71,50.4,50.4,12.6,-0.74
255,20.0,1.003,18.707,20.004,0.935,18.896,0.2002,2.68,83.52,-110.85,0.2295,0.171,3.2,2.39,2.72,50.4,50.4,12.6,-0.74
256,20.0,1.011,18.697,20.004,0.943,18.886,0.2008,2.7,83.5,-110.87,0.2281,0.1703,3.19,2.38,2.72,50.4,50.4,12.6,-0.74
257,20.0,1.019,18.688,20.004,0.951,18.877,0.2015,2.72,83.47,-110.87,0.2268,0.1697,3.17,2.37,2.72,50.4,50.4,12.6,-0.75
258,20.0,1.027,18.678,20.004,0.959,18.868,0.2021,2.75,83.47,-110.9,0.2255,0.169,3.15,2.36,2.73,50.4,50.4,12.6,-0.75
259,20.0,1.035,18.668,20.004,0.967,18.858,0.2027,2.77,83.45,-110.92,0.2241,0.1683,3.13,2.35,2.73,50.4,50.4,12.6,-0.75
260,20.0,1.043,18.658,20.004,0.974,18.849,0.2034,2.79,83.43,-110.92,0.2228,0.1676,3.11,2.34,2.74,50.4,50.4,12.6,-0.75
261,20.0,1.051,18.647,20.004,0.982,18.84,0.204,2.81,83.43,-110.94,0.2214,0.167,3.09,2.33,2.74,50.4,50.4,12.6,-0.76
262,20.0,1.059,18.637,20.004,0.99,18.83,0.2046,2.83,83.41,-110.96,0.2201,0.1663,3.07,2.32,2.75,50.4,50.4,12.6,-0.76
263,20.0,1.067,18.627,20.004,0.998,18.821,0.2053,2.86,83.39,-110.96,0.2187,0.1657,3.05,2.31,2.75,50.4,50.4,12.6,-0.76
264,20.0,1.075,18.617,20.004,1.006,18.811,0.2059,2.88,83.39,-110.98,0.2174,0.165,3.03,2.3,2.76,50.4,50.4,12.6,-0.76
265,20.0,1.083,18.607,20.004,1.014,18.801,0.2065,2.9,83.36,-111.01,0.216,0.1644,3.02,2.29,2.76,50.4,50.4,12.6,-0.77
266,20.0,1.092,18.597,20.004,1.022,18.792,0.2072,2.92,83.34,-111.01,0.2146,0.1637,3.0,2.29,2.77,50.4,50.4,12.6,-0.77
267,20.0,1.1,18.586,20.003,1.031,18.782,0.2078,2.94,83.34,-111.03,0.2133,0.1631,2.98,2.28,2.77,50.4,50.4,12.6,-0.77
268,20.0,1.108,18.576,20.003,1.039,18.772,0.2084,2.97,83.32,-111.05,0.2119,0.1624,2.96,2.27,2.77,50.4,50.4,12.6,-0.77
269,20.0,1.116,18.565,20.003,1.047,18.763,0.2091,2.99,83.3,-111.05,0.2105,0.1618,2.94,2.26,2.78,50.4,50.4,12.6,-0.78
270,20.0,1.125,18.555,20.003,1.055,18.753,0.2097,3.01,83.3,-111.07,0.2091,0.1612,2.92,2.25,2.78,50.4,50.4,12.6,-0.78
271,20.0,1.133,18.545,20.003,1.063,18.743,0.2103,3.03,83.28,-111.09,0.2077,0.1606,2.9,2.24,2.79,50.4,50.4,12.6,-0.78
272,20.0,1.141,18.534,20.003,1.072,18.733,0.211,3.08,83.25,-111.09,0.2063,0.1599,2.88,2.23,2.79,50.4,50.4,12.6,-0.78
273,20.0,1.15,18.524,20.003,1.08,18.723,0.2116,3.1,83.25,-111.12,0.2049,0.1593,2.86,2.22,2.79,50.4,50.4,12.6,-0.79
274,20.0,1.158,18.513,20.003,1.088,18.713,0.2122,3.12,83.23,-111.14,0.2035,0.1587,2.84,2.22,2.8,50.4,50.4,12.6,-0.79
275,20.0,1.167,18.502,20.003,1.096,18.703,0.2129,3.14,83.21,-111.14,0.2021,0.1581,2.82,2.21,2.81,50.4,50.4,12.6,-0.79
276,20.0,1.175,18.492,20.003,1.105,18.693,0.2135,3.16,83.19,-111.16,0.2007,0.1575,2.8,2.2,2.81,50.4,50.4,12.6,-0.79
277,20.0,1.184,18.481,20.003,1.113,18.683,0.2141,3.19,83.19,-111.18,0.1993,0.1569,2.78,2.19,2.81,50.4,50.4,12.6,-0.8
278,20.0,1.192,18.47,20.003,1.122,18.673,0.2148,3.21,83.17,-111.2,0.1978,0.1563,2.76,2.18,2.82,50.4,50.4,12.6,-0.8
279,20.0,1.201,18.459,20.003,1.13,18.663,0.2154,3.23,83.14,-111.2,0.1964,0.1557,2.74,2.17,2.82,50.4,50.4,12.6,-0.8
280,20.0,1.209,18.449,20.003,1.139,18.653,0.2161,3.25,83.12,-111.23,0.195,0.1551,2.72,2.17,2.83,50.4,50.4,12.6,-0.8
281,20.0,1.218,18.438,20.003,1.147,18.643,0.2167,3.27,83.12,-111.25,0.1935,0.1546,2.7,2.16,2.83,50.4,50.4,12.6,-0.81
282,20.0,1.227,18.427,20.003,1.156,18.632,0.2173,3.32,83.1,-111.25,0.1921,0.154,2.68,2.15,2.84,50.4,50.4,12.6,-0.81
283,20.0,1.236,18.416,20.003,1.164,18.622,0.218,3.34,83.08,-111.27,0.1907,0.1534,2.66,2.14,2.84,50.4,50.4,12.6,-0.81
284,20.0,1.244,18.405,20.003,1.173,18.612,0.2186,3.36,83.06,-111.29,0.1892,0.1528,2.64,2.13,2.85,50.4,50.4,12.6,-0.81
285,20.0,1.253,18.394,20.003,1.182,18.601,0.2192,3.38,83.06,-111.29,0.1877,0.1523,2.62,2.13,2.85,50.4,50.4,12.6,-0.82
286,20.0,1.262,18.383,20.003,1.19,18.591,0.2199,3.41,83.03,-111.31,0.1863,0.1517,2.6,2.12,2.86,50.4,50.4,12.6,-0.82
287,20.0,1.271,18.372,20.003,1.199,18.58,0.2205,3.43,83.01,-111.34,0.1848,0.1512,2.58,2.11,2.86,50.4,50.4,12.6,-0.82
288,20.0,1.28,18.361,20.003,1.208,18.57,0.2211,3.45,82.99,-111.34,0.1834,0.1506,2.56,2.1,2.86,50.4,50.4,12.6,-0.83
289,20.0,1.288,18.35,20.003,1.217,18.559,0.2218,3.47,82.99,-111.36,0.1819,0.1501,2.54,2.1,2.87,50.4,50.4,12.6,-0.83
290,20.0,1.297,18.338,20.003,1.226,18.549,0.2224,3.52,82.97,-111.38,0.1804,0.1495,2.52,2.09,2.87,50.4,50.4,12.6,-0.83
291,20.0,1.306,18.327,20.003,1.234,18.538,0.223,3.54,82.95,-111.4,0.1789,0.149,2.5,2.08,2.88,50.4,50.4,12.6,-0.83
292,20.0,1.315,18.316,20.003,1.243,18.528,0.2237,3.56,82.92,-111.4,0.1774,0.1485,2.48,2.07,2.88,50.4,50.4,12.6,-0.84
293,20.0,1.324,18.305,20.003,1.252,18.517,0.2243,3.58,82.9,-111.42,0.1759,0.1479,2.46,2.07,2.89,50.4,50.4,12.6,-0.84
294,20.0,1.333,18.293,20.003,1.261,18.506,0.2249,3.6,82.9,-111.45,0.1744,0.1474,2.44,2.06,2.89,50.4,50.4,12.6,-0.84
295,20.0,1.343,18.282,20.003,1.27,18.495,0.2256,3.63,82.88,-111.45,0.1729,0.1469,2.41,2.05,2.89,50.4,50.4,12.6,-0.84
296,20.0,1.352,18.27,20.003,1.279,18.485,0.2262,3.67,82.86,-111.47,0.1714,0.1464,2.39,2.04,2.9,50.4,50.4,12.6,-0.85
297,20.0,1.361,18.259,20.003,1.288,18.474,0.2269,3.69,82.84,-111.49,0.1699,0.1459,2.37,2.04,2.9,50.4,50.4,12.6,-0.85
298,20.0,1.37,18.247,20.003,1.297,18.463,0.2275,3.71,82.81,-111.51,0.1684,0.1454,2.35,2.03,2.91,50.4,50.4,12.6,-0.85
299,20.0,1.379,18.236,20.003,1.306,18.452,0.2281,3.74,82.81,-111.51,0.1669,0.1449,2.33,2.02,2.91,50.4,50.4,12.6,-0.85
300,20.0,1.388,18.224,20.003,1.326,18.441,0.2254,3.8,82.79,-111.53,0.1657,0.1447,2.31,2.02,2.49,50.4,50.4,12.6,-0.68
301,20.0,1.398,18.213,20.003,1.352,18.427,0.2193,3.87,82.77,-111.56,0.1716,0.145,2.4,2.02,1.81,50.4,50.4,12.6,-0.4
302,20.0,1.407,18.201,20.003,1.368,18.414,0.2164,3.91,82.73,-111.58,0.1764,0.1454,2.46,2.03,1.55,50.4,50.4,12.6,-0.29
303,20.0,1.416,18.189,20.004,1.378,18.401,0.215,3.93,82.71,-111.58,0.1812,0.1458,2.53,2.04,1.55,50.4,50.4,12.6,-0.29
304,20.0,1.425,18.178,20.004,1.387,18.388,0.2136,3.96,82.68,-111.6,0.1861,0.1461,2.6,2.04,1.55,50.4,50.4,12.6,-0.29
305,20.0,1.435,18.166,20.005,1.396,18.375,0.2124,4.0,82.66,-111.62,0.1909,0.1465,2.67,2.05,1.55,50.4,50.4,12.6,-0.29
306,20.0,1.444,18.155,20.006,1.405,18.362,0.2113,4.02,82.64,-111.64,0.1957,0.1469,2.73,2.05,1.55,50.4,50.4,12.6,-0.29
307,20.0,1.453,18.143,20.006,1.415,18.35,0.2103,4.04,82.62,-111.64,0.2005,0.1472,2.8,2.06,1.55,50.4,50.4,12.6,-0.29
308,20.0,1.462,18.131,20.007,1.424,18.337,0.2094,4.06,82.6,-111.67,0.2053,0.1476,2.87,2.06,1.55,50.4,50.4,12.6,-0.29
309,20.0,1.472,18.12,20.005,1.433,18.329,0.2123,4.09,82.6,-111.69,0.1989,0.148,2.78,2.07,1.55,50.4,50.4,12.6,-0.29
310,20.0,1.481,18.108,20.004,1.442,18.319,0.2145,4.13,82.57,-111.71,0.1942,0.1483,2.71,2.07,1.55,50.4,50.4,12.6,-0.29
311,20.0,1.49,18.097,20.003,1.452,18.31,0.2167,4.15,82.57,-111.71,0.1894,0.1487,2.65,2.08,1.55,50.4,50.4,12.6,-0.29
312,20.0,1.499,18.085,20.002,1.461,18.3,0.2187,4.17,82.55,-111.73,0.1847,0.1491,2.58,2.08,1.55,50.4,50.4,12.6,-0.29
313,20.0,1.509,18.073,20.001,1.47,18.291,0.2207,4.2,82.53,-111.75,0.18,0.1494,2.51,2.09,1.55,50.4,50.4,12.6,-0.29
314,20.0,1.518,18.062,20.0,1.479,18.281,0.2225,4.22,82.53,-111.75,0.1752,0.1498,2.45,2.09,1.55,50.4,50.4,12.6,-0.29
315,20.0,1.527,18.05,19.999,1.488,18.271,0.2243,4.26,82.51,-111.77,0.1705,0.1502,2.38,2.1,1.55,50.4,50.4,12.6,-0.29
316,20.0,1.536,18.039,19.998,1.497,18.261,0.226,4.28,82.49,-111.8,0.1658,0.1506,2.31,2.1,1.55,50.4,50.4,12.6,-0.29
317,20.0,1.546,18.027,19.998,1.507,18.251,0.2276,4.31,82.49,-111.82,0.1611,0.1509,2.25,2.11,1.55,50.4,50.4,12.6,-0.29
318,20.0,1.555,18.015,19.997,1.516,18.241,0.2291,4.33,82.46,-111.82,0.1563,0.1513,2.18,2.11,1.55,50.4,50.4,12.6,-0.29
319,20.0,1.564,18.004,19.997,1.525,18.229,0.2289,4.35,82.44,-111.84,0.1565,0.1517,2.19,2.12,1.55,50.4,50.4,12.6,-0.29
320,20.0,1.573,17.992,19.997,1.534,18.218,0.2289,4.39,82.42,-111.86,0.156,0.152,2.18,2.12,1.54,50.4,50.4,12.6,-0.29
321,20.0,1.583,17.981,19.997,1.544,18.206,0.2289,4.42,82.4,-111.88,0.1556,0.1524,2.17,2.13,1.54,50.4,50.4,12.6,-0.29
322,20.0,1.592,17.969,19.997,1.553,18.195,0.229,4.44,82.38,-111.88,0.1551,0.1528,2.17,2.13,1.54,50.4,50.4,12.6,-0.29
323,20.0,1.601,17.957,19.997,1.562,18.183,0.229,4.46,82.35,-111.91,0.1546,0.1531,2.16,2.14,1.54,50.4,50.4,12.6,-0.29
324,20.0,1.61,17.946,19.997,1.571,18.171,0.229,4.48,82.33,-111.93,0.1541,0.1535,2.15,2.14,1.54,50.4,50.4,12.6,-0.28
325,20.0,1.62,17.934,19.997,1.581,18.16,0.229,4.53,82.33,-111.93,0.1537,0.1539,2.15,2.15,1.54,50.4,50.4,12.6,-0.28
326,20.0,1.629,17.923,19.997,1.59,18.148,0.229,4.55,82.31,-111.95,0.1532,0.1543,2.14,2.15,1.54,50.4,50.4,12.6,-0.28
327,20.0,1.638,17.911,19.997,1.599,18.137,0.2291,4.57,82.29,-111.97,0.1527,0.1546,2.13,2.16,1.54,50.4,50.4,12.6,-0.28
328,20.0,1.647,17.899,19.997,1.608,18.125,0.2291,4.59,82.27,-111.99,0.1522,0.155,2.13,2.16,1.54,50.4,50.4,12.6,-0.28
329,20.0,1.657,17.888,19.997,1.618,18.114,0.2291,4.61,82.24,-111.99,0.1518,0.1554,2.12,2.17,1.54,50.4,50.4,12.6,-0.28
330,20.0,1.666,17.876,19.997,1.627,18.102,0.2291,4.66,82.22,-112.02,0.1513,0.1557,2.11,2.17,1.54,50.4,50.4,12.6,-0.28
331,20.0,1.675,17.865,19.997,1.636,18.09,0.2292,4.68,82.2,-112.04,0.1508,0.1561,2.11,2.18,1.54,50.4,50.4,12.6,-0.28
332,20.0,1.684,17.853,19.997,1.645,18.079,0.2292,4.7,82.18,-112.04,0.1503,0.1565,2.1,2.18,1.54,50.4,50.4,12.6,-0.28
333,20.0,1.694,17.841,19.997,1.655,18.067,0.2292,4.72,82.16,-112.06,0.1499,0.1568,2.09,2.19,1.54,50.4,50.4,12.6,-0.28
334,20.0,1.703,17.83,19.997,1.664,18.056,0.2292,4.75,82.13,-112.08,0.1494,0.1572,2.09,2.2,1.54,50.4,50.4,12.6,-0.28
335,20.0,1.712,17.818,19.997,1.673,18.044,0.2292,4.79,82.11,-112.1,0.1489,0.1576,2.08,2.2,1.54,50.4,50.4,12.6,-0.28
336,20.0,1.721,17.807,19.997,1.682,18.033,0.2293,4.81,82.09,-112.1,0.1485,0.158,2.07,2.21,1.54,50.4,50.4,12.6,-0.28
337,20.0,1.731,17.795,19.997,1.692,18.021,0.2293,4.83,82.07,-112.13,0.148,0.1583,2.07,2.21,1.54,50.4,50.4,12.6,-0.28
338,20.0,1.74,17.783,19.997,1.701,18.009,0.2293,4.86,82.07,-112.15,0.1475,0.1587,2.06,2.22,1.54,50.4,50.4,12.6,-0.28
339,20.0,1.749,17.772,19.997,1.71,17.998,0.2293,4.88,82.05,-112.15,0.147,0.1591,2.05,2.22,1.54,50.4,50.4,12.6,-0.28
340,20.0,1.758,17.76,19.997,1.719,17.986,0.2294,4.92,82.02,-112.17,0.1466,0.1594,2.05,2.23,1.54,50.4,50.4,12.6,-0.28
341,20.0,1.768,17.749,19.997,1.729,17.975,0.2294,4.94,82.0,-112.19,0.1461,0.1598,2.04,2.23,1.54,50.4,50.4,12.6,-0.28
342,20.0,1.777,17.737,19.997,1.738,17.963,0.2294,4.97,81.98,-112.19,0.1456,0.1602,2.03,2.24,1.54,50.4,50.4,12.6,-0.28
343,20.0,1.786,17.725,19.997,1.747,17.952,0.2294,4.99,81.96,-112.21,0.1452,0.1605,2.03,2.24,1.54,50.4,50.4,12.6,-0.28
344,20.0,1.795,17.714,19.997,1.756,17.94,0.2294,5.01,81.94,-112.24,0.1447,0.1609,2.02,2.25,1.54,50.4,50.4,12.6,-0.28
345,20.0,1.805,17.702,19.997,1.766,17.928,0.2295,5.05,81.91,-112.26,0.1442,0.1613,2.01,2.25,1.54,50.4,50.4,12.6,-0.28
346,20.0,1.814,17.691,19.997,1.775,17.917,0.2295,5.08,81.89,-112.26,0.1438,0.1617,2.01,2.26,1.54,50.4,50.4,12.6,-0.28
347,20.0,1.823,17.679,19.997,1.784,17.905,0.2295,5.1,81.87,-112.28,0.1433,0.162,2.0,2.26,1.54,50.4,50.4,12.6,-0.28
348,20.0,1.832,17.667,19.997,1.793,17.894,0.2295,5.12,81.85,-112.3,0.1428,0.1624,1.99,2.27,1.54,50.4,50.4,12.6,-0.28
349,20.0,1.842,17.656,19.997,1.803,17.882,0.2295,5.14,81.83,-112.3,0.1424,0.1628,1.99,2.27,1.54,50.4,50.4,12.6,-0.28
350,20.0,1.851,17.644,19.997,1.812,17.871,0.2296,5.19,81.8,-112.32,0.1419,0.1631,1.98,2.28,1.54,50.4,50.4,12.6,-0.28
351,20.0,1.86,17.633,19.997,1.821,17.859,0.2296,5.21,81.78,-112.35,0.1414,0.1635,1.97,2.28,1.54,50.4,50.4,12.6,-0.28
352,20.0,1.869,17.621,19.997,1.831,17.847,0.2296,5.23,81.76,-112.35,0.141,0.1639,1.97,2.29,1.54,50.4,50.4,12.6,-0.28
353,20.0,1.879,17.61,19.997,1.84,17.836,0.2296,5.25,81.74,-112.37,0.1405,0.1642,1.96,2.29,1.54,50.4,50.4,12.6,-0.28
354,20.0,1.888,17.598,19.997,1.849,17.824,0.2297,5.27,81.72,-112.39,0.14,0.1646,1.96,2.3,1.54,50.4,50.4,12.6,-0.28
355,20.0,1.897,17.586,19.997,1.858,17.813,0.2297,5.32,81.72,-112.39,0.1396,0.165,1.95,2.3,1.53,50.4,50.4,12.6,-0.28
356,20.0,1.907,17.575,19.997,1.868,17.801,0.2297,5.34,81.69,-112.41,0.1391,0.1653,1.94,2.31,1.53,50.4,50.4,12.6,-0.28
357,20.0,1.916,17.563,19.997,1.877,17.789,0.2297,5.36,81.67,-112.43,0.1386,0.1657,1.94,2.31,1.53,50.4,50.4,12.6,-0.28
358,20.0,1.925,17.552,19.998,1.886,17.778,0.2297,5.38,81.65,-112.43,0.1382,0.1661,1.93,2.32,1.53,50.4,50.4,12.6,-0.28
359,20.0,1.934,17.54,19.998,1.895,17.766,0.2298,5.41,81.63,-112.46,0.1377,0.1665,1.92,2.32,1.53,50.4,50.4,12.6,-0.28
360,20.0,1.944,17.528,19.998,1.905,17.755,0.2298,5.45,81.61,-112.48,0.1372,0.1668,1.92,2.33,1.53,50.4,50.4,12.6,-0.28
361,20.0,1.953,17.517,19.998,1.914,17.743,0.2298,5.47,81.58,-112.48,0.1368,0.1672,1.91,2.33,1.53,50.4,50.4,12.6,-0.28
362,20.0,1.962,17.505,19.998,1.923,17.732,0.2298,5.49,81.56,-112.5,0.1363,0.1676,1.9,2.34,1.54,50.4,50.4,12.6,-0.28
363,20.0,1.971,17.494,19.998,1.932,17.72,0.2298,5.52,81.54,-112.52,0.1359,0.1679,1.9,2.34,1.53,50.4,50.4,12.6,-0.28
364,20.0,1.981,17.482,19.998,1.942,17.708,0.2299,5.54,81.52,-112.52,0.1354,0.1683,1.89,2.35,1.53,50.4,50.4,12.6,-0.28
365,20.0,1.99,17.47,19.998,1.951,17.697,0.2299,5.58,81.5,-112.54,0.1349,0.1687,1.88,2.36,1.53,50.4,50.4,12.6,-0.28
366,20.0,1.999,17.459,19.998,1.96,17.685,0.2299,5.6,81.47,-112.57,0.1345,0.169,1.88,2.36,1.53,50.4,50.4,12.6,-0.28
367,20.0,2.008,17.447,19.998,1.969,17.674,0.2299,5.62,81.45,-112.57,0.134,0.1694,1.87,2.37,1.53,50.4,50.4,12.6,-0.28
368,20.0,2.018,17.436,19.998,1.979,17.662,0.2299,5.65,81.43,-112.59,0.1336,0.1698,1.86,2.37,1.53,50.4,50.4,12.6,-0.28
369,20.0,2.027,17.424,19.998,1.988,17.651,0.23,5.67,81.41,-112.61,0.1331,0.1702,1.86,2.38,1.53,50.4,50.4,12.6,-0.28
370,20.0,2.036,17.412,19.998,1.997,17.639,0.23,5.71,81.39,-112.61,0.1326,0.1705,1.85,2.38,1.53,50.4,50.4,12.6,-0.28
371,20.0,2.045,17.401,19.998,2.006,17.627,0.23,5.73,81.36,-112.63,0.1322,0.1709,1.85,2.39,1.53,50.4,50.4,12.6,-0.28
372,20.0,2.055,17.389,19.998,2.016,17.616,0.23,5.76,81.34,-112.65,0.1317,0.1713,1.84,2.39,1.53,50.4,50.4,12.6,-0.28
373,20.0,2.064,17.378,19.998,2.025,17.604,0.23,5.78,81.32,-112.65,0.1313,0.1716,1.83,2.4,1.53,50.4,50.4,12.6,-0.28
374,20.0,2.073,17.366,19.998,2.034,17.593,0.2301,5.8,81.3,-112.68,0.1308,0.172,1.83,2.4,1.53,50.4,50.4,12.6,-0.28
375,20.0,2.082,17.354,19.998,2.043,17.581,0.2301,5.84,81.28,-112.68,0.1304,0.1724,1.82,2.41,1.53,50.4,50.4,12.6,-0.28
376,20.0,2.092,17.343,19.998,2.053,17.57,0.2301,5.87,81.25,-112.7,0.1299,0.1727,1.81,2.41,1.53,50.4,50.4,12.6,-0.28
377,20.0,2.101,17.331,19.998,2.062,17.558,0.2301,5.89,81.23,-112.72,0.1294,0.1731,1.81,2.42,1.53,50.4,50.4,12.6,-0.28
378,20.0,2.11,17.32,19.998,2.071,17.546,0.2301,5.91,81.21,-112.72,0.129,0.1735,1.8,2.42,1.53,50.4,50.4,12.6,-0.28
379,20.0,2.119,17.308,19.998,2.08,17.535,0.2302,5.93,81.19,-112.74,0.1285,0.1738,1.79,2.43,1.53,50.4,50.4,12.6,-0.28
380,20.0,2.129,17.296,19.998,2.09,17.523,0.2302,5.95,81.17,-112.76,0.1281,0.1742,1.79,2.43,1.53,50.4,50.4,12.6,-0.28
381,20.0,2.138,17.285,19.998,2.099,17.512,0.2302,6.0,81.15,-112.76,0.1276,0.1746,1.78,2.44,1.53,50.4,50.4,12.6,-0.28
382,20.0,2.147,17.273,19.998,2.108,17.5,0.2302,6.02,81.12,-112.79,0.1272,0.175,1.78,2.44,1.53,50.4,50.4,12.6,-0.28
383,20.0,2.156,17.262,19.998,2.117,17.488,0.2302,6.04,81.1,-112.81,0.1267,0.1753,1.77,2.45,1.53,50.4,50.4,12.6,-0.28
384,20.0,2.166,17.25,19.998,2.127,17.477,0.2303,6.06,81.08,-112.81,0.1263,0.1757,1.76,2.45,1.53,50.4,50.4,12.6,-0.28
385,20.0,2.175,17.238,19.998,2.136,17.465,0.2303,6.09,81.06,-112.83,0.1258,0.1761,1.76,2.46,1.53,50.4,50.4,12.6,-0.28
386,20.0,2.184,17.227,19.998,2.145,17.454,0.2303,6.13,81.04,-112.83,0.1254,0.1764,1.75,2.46,1.53,50.4,50.4,12.6,-0.28
387,20.0,2.193,17.215,19.998,2.154,17.442,0.2303,6.15,81.01,-112.85,0.1249,0.1768,1.74,2.47,1.53,50.4,50.4,12.6,-0.28
388,20.0,2.203,17.204,19.998,2.164,17.431,0.2303,6.17,80.99,-112.87,0.1245,0.1772,1.74,2.47,1.53,50.4,50.4,12.6,-0.28
389,20.0,2.212,17.192,19.998,2.173,17.419,0.2304,6.2,80.97,-112.87,0.124,0.1775,1.73,2.48,1.52,50.4,50.4,12.6,-0.28
390,20.0,2.221,17.18,19.998,2.182,17.407,0.2304,6.22,80.95,-112.9,0.1236,0.1779,1.73,2.48,1.52,50.4,50.4,12.6,-0.28
391,20.0,2.23,17.169,19.998,2.192,17.396,0.2304,6.26,80.93,-112.92,0.1231,0.1783,1.72,2.49,1.52,50.4,50.4,12.6,-0.28
392,20.0,2.24,17.157,19.998,2.201,17.384,0.2304,6.28,80.9,-112.92,0.1227,0.1786,1.71,2.49,1.52,50.4,50.4,12.6,-0.28
393,20.0,2.249,17.146,19.998,2.21,17.373,0.2304,6.31,80.88,-112.94,0.1222,0.179,1.71,2.5,1.52,50.4,50.4,12.6,-0.28
394,20.0,2.258,17.134,19.998,2.219,17.361,0.2304,6.33,80.86,-112.94,0.1218,0.1794,1.7,2.5,1.52,50.4,50.4,12.6,-0.27
395,20.0,2.267,17.122,19.998,2.229,17.35,0.2305,6.35,80.84,-112.96,0.1213,0.1798,1.69,2.51,1.52,50.4,50.4,12.6,-0.27
396,20.0,2.277,17.111,19.998,2.238,17.338,0.2305,6.39,80.82,-112.98,0.1209,0.1801,1.69,2.52,1.52,50.4,50.4,12.6,-0.27
397,20.0,2.286,17.099,19.998,2.247,17.326,0.2305,6.42,80.79,-112.98,0.1204,0.1805,1.68,2.52,1.53,50.4,50.4,12.6,-0.27
398,20.0,2.295,17.088,19.998,2.256,17.315,0.2305,6.44,80.77,-113.01,0.12,0.1809,1.68,2.53,1.53,50.4,50.4,12.6,-0.27
399,20.0,2.304,17.076,19.998,2.266,17.303,0.2305,6.46,80.75,-113.01,0.1195,0.1812,1.67,2.53,1.52,50.4,50.4,12.6,-0.27
400,20.0,2.314,17.064,19.998,2.275,17.292,0.2306,6.48,80.73,-113.03,0.1191,0.1816,1.66,2.54,1.52,50.4,50.4,12.6,-0.27
401,20.0,2.323,17.053,19.998,2.284,17.28,0.2306,6.53,80.71,-113.05,0.1187,0.182,1.66,2.54,1.52,50.4,50.4,12.6,-0.27
402,20.0,2.332,17.041,19.998,2.293,17.269,0.2306,6.55,80.68,-113.05,0.1182,0.1823,1.65,2.55,1.52,50.4,50.4,12.6,-0.27
403,20.0,2.341,17.03,19.998,2.303,17.257,0.2306,6.57,80.66,-113.07,0.1178,0.1827,1.64,2.55,1.52,50.4,50.4,12.6,-0.27
404,20.0,2.351,17.018,19.998,2.312,17.245,0.2306,6.59,80.64,-113.07,0.1173,0.1831,1.64,2.56,1.52,50.4,50.4,12.6,-0.27
405,20.0,2.36,17.006,19.998,2.321,17.234,0.2306,6.61,80.62,-113.09,0.1169,0.1835,1.63,2.56,1.52,50.4,50.4,12.6,-0.27
406,20.0,2.369,16.995,19.998,2.33,17.222,0.2307,6.64,80.6,-113.12,0.1164,0.1838,1.63,2.57,1.52,50.4,50.4,12.6,-0.27
407,20.0,2.378,16.983,19.998,2.34,17.211,0.2307,6.68,80.57,-113.12,0.116,0.1842,1.62,2.57,1.52,50.4,50.4,12.6,-0.27
408,20.0,2.388,16.972,19.998,2.349,17.199,0.2307,6.7,80.55,-113.14,0.1156,0.1846,1.61,2.58,1.52,50.4,50.4,12.6,-0.27
409,20.0,2.397,16.96,19.998,2.358,17.188,0.2307,6.72,80.53,-113.14,0.1151,0.1849,1.61,2.58,1.52,50.4,50.4,12.6,-0.27
410,20.0,2.406,16.948,19.998,2.367,17.176,0.2307,6.75,80.51,-113.16,0.1147,0.1853,1.6,2.59,1.52,50.4,50.4,12.6,-0.27
411,20.0,2.415,16.937,19.999,2.377,17.164,0.2308,6.77,80.49,-113.18,0.1142,0.1857,1.59,2.59,1.52,50.4,50.4,12.6,-0.27
412,20.0,2.425,16.925,19.999,2.386,17.153,0.2308,6.81,80.46,-113.18,0.1138,0.186,1.59,2.6,1.52,50.4,50.4,12.6,-0.27
413,20.0,2.434,16.914,19.999,2.395,17.141,0.2308,6.83,80.44,-113.2,0.1134,0.1864,1.58,2.6,1.52,50.4,50.4,12.6,-0.27
414,20.0,2.443,16.902,19.999,2.404,17.13,0.2308,6.86,80.42,-113.2,0.1129,0.1868,1.58,2.61,1.52,50.4,50.4,12.6,-0.27
415,20.0,2.452,16.89,19.999,2.413,17.118,0.2309,6.88,80.4,-113.23,0.1125,0.1872,1.57,2.61,1.52,50.4,50.4,12.6,-0.27
416,20.0,2.462,16.879,19.999,2.423,17.106,0.2309,6.9,80.38,-113.25,0.112,0.1875,1.56,2.62,1.52,50.4,50.4,12.6,-0.27
417,20.0,2.471,16.867,19.999,2.432,17.095,0.2309,6.94,80.35,-113.25,0.1116,0.1879,1.56,2.62,1.52,50.4,50.4,12.6,-0.27
418,20.0,2.48,16.856,19.999,2.441,17.083,0.2309,6.97,80.31,-113.27,0.1112,0.1883,1.55,2.63,1.52,50.4,50.4,12.6,-0.27
419,20.0,2.489,16.844,19.999,2.451,17.072,0.2309,6.99,80.29,-113.27,0.1107,0.1886,1.55,2.63,1.52,50.4,50.4,12.6,-0.27
420,20.0,2.499,16.833,19.999,2.46,17.06,0.2309,7.01,80.27,-113.29,0.1103,0.189,1.54,2.64,1.51,50.4,50.4,12.6,-0.27
421,20.0,2.508,16.821,19.999,2.469,17.049,0.2309,7.03,80.24,-113.29,0.1099,0.1894,1.53,2.64,1.51,50.4,50.4,12.6,-0.27
422,20.0,2.517,16.809,19.999,2.478,17.037,0.2309,7.08,80.22,-113.31,0.1094,0.1897,1.53,2.65,1.51,50.4,50.4,12.6,-0.27
423,20.0,2.526,16.798,19.999,2.488,17.025,0.231,7.1,80.2,-113.33,0.109,0.1901,1.52,2.65,1.51,50.4,50.4,12.6,-0.27
424,20.0,2.536,16.786,19.999,2.497,17.014,0.231,7.12,80.18,-113.33,0.1086,0.1905,1.52,2.66,1.51,50.4,50.4,12.6,-0.27
425,20.0,2.545,16.775,19.999,2.506,17.002,0.231,7.14,80.16,-113.36,0.1081,0.1908,1.51,2.66,1.51,50.4,50.4,12.6,-0.27
426,20.0,2.554,16.763,19.999,2.516,16.991,0.231,7.16,80.13,-113.36,0.1077,0.1912,1.5,2.67,1.51,50.4,50.4,12.6,-0.27
427,20.0,2.563,16.751,19.999,2.525,16.979,0.231,7.19,80.11,-113.38,0.1073,0.1916,1.5,2.67,1.51,50.4,50.4,12.6,-0.27
428,20.0,2.573,16.74,19.999,2.534,16.968,0.231,7.23,80.09,-113.38,0.1068,0.192,1.49,2.68,1.51,50.4,50.4,12.6,-0.27
429,20.0,2.582,16.728,19.999,2.543,16.956,0.2311,7.25,80.07,-113.4,0.1064,0.1923,1.49,2.69,1.51,50.4,50.4,12.6,-0.27
430,20.0,2.591,16.717,19.999,2.553,16.944,0.2311,7.27,80.05,-113.42,0.106,0.1927,1.48,2.69,1.51,50.4,50.4,12.6,-0.27
431,20.0,2.6,16.705,19.999,2.562,16.933,0.2311,7.29,80.02,-113.42,0.1055,0.1931,1.47,2.7,1.51,50.4,50.4,12.6,-0.27
432,20.0,2.61,16.693,19.999,2.571,16.921,0.2311,7.32,80.0,-113.44,0.1051,0.1934,1.47,2.7,1.52,50.4,50.4,12.6,-0.27
433,20.0,2.619,16.682,19.999,2.58,16.91,0.2312,7.36,79.98,-113.44,0.1047,0.1938,1.46,2.71,1.52,50.4,50.4,12.6,-0.27
434,20.0,2.628,16.67,19.999,2.59,16.898,0.2312,7.38,79.96,-113.47,0.1042,0.1942,1.46,2.71,1.51,50.4,50.4,12.6,-0.27
435,20.0,2.637,16.659,19.999,2.599,16.886,0.2312,7.4,79.91,-113.47,0.1038,0.1945,1.45,2.72,1.51,50.4,50.4,12.6,-0.27
436,20.0,2.647,16.647,19.999,2.608,16.875,0.2312,7.43,79.89,-113.49,0.1034,0.1949,1.44,2.72,1.51,50.4,50.4,12.6,-0.27
437,20.0,2.656,16.635,19.999,2.617,16.863,0.2312,7.45,79.87,-113.49,0.103,0.1953,1.44,2.73,1.51,50.4,50.4,12.6,-0.27
438,20.0,2.665,16.624,19.999,2.627,16.852,0.2312,7.49,79.85,-113.51,0.1025,0.1957,1.43,2.73,1.51,50.4,50.4,12.6,-0.27
439,20.0,2.674,16.612,19.999,2.636,16.84,0.2312,7.51,79.83,-113.51,0.1021,0.196,1.43,2.74,1.51,50.4,50.4,12.6,-0.27
440,20.0,2.684,16.601,19.999,2.645,16.829,0.2312,7.54,79.8,-113.53,0.1017,0.1964,1.42,2.74,1.51,50.4,50.4,12.6,-0.27
441,20.0,2.693,16.589,19.999,2.654,16.817,0.2313,7.56,79.78,-113.55,0.1013,0.1968,1.41,2.75,1.51,50.4,50.4,12.6,-0.27
442,20.0,2.702,16.577,19.999,2.664,16.805,0.2313,7.58,79.76,-113.55,0.1008,0.1971,1.41,2.75,1.51,50.4,50.4,12.6,-0.27
443,20.0,2.711,16.566,19.999,2.673,16.794,0.2313,7.6,79.74,-113.58,0.1004,0.1975,1.4,2.76,1.51,50.4,50.4,12.6,-0.27
444,20.0,2.721,16.554,19.999,2.682,16.782,0.2313,7.65,79.72,-113.58,0.1,0.1979,1.4,2.76,1.51,50.4,50.4,12.6,-0.27
445,20.0,2.73,16.543,19.999,2.691,16.771,0.2313,7.67,79.69,-113.6,0.0996,0.1982,1.39,2.77,1.51,50.4,50.4,12.6,-0.27
446,20.0,2.739,16.531,19.999,2.701,16.759,0.2313,7.69,79.67,-113.6,0.0991,0.1986,1.38,2.77,1.51,50.4,50.4,12.6,-0.27
447,20.0,2.748,16.519,19.999,2.71,16.747,0.2311,7.71,79.65,-113.62,0.0995,0.199,1.39,2.78,1.51,50.4,50.4,12.6,-0.27
448,20.0,2.758,16.508,20.0,2.719,16.735,0.2309,7.73,79.61,-113.62,0.0999,0.1993,1.39,2.78,1.51,50.4,50.4,12.6,-0.27
449,20.0,2.767,16.496,20.0,2.728,16.724,0.2309,7.78,79.58,-113.64,0.0996,0.1997,1.39,2.79,1.51,50.4,50.4,12.6,-0.26
450,20.0,2.776,16.485,20.0,2.738,16.711,0.2301,7.8,79.56,-113.64,0.1017,0.2001,1.42,2.79,1.52,50.4,50.4,12.6,-0.26
451,20.0,2.785,16.473,19.999,2.747,16.701,0.2314,7.82,79.54,-113.66,0.0979,0.2005,1.37,2.8,1.51,50.4,50.4,12.6,-0.26
452,20.0,2.795,16.461,19.999,2.756,16.69,0.2317,7.84,79.52,-113.66,0.0964,0.2008,1.35,2.8,1.5,50.4,50.4,12.6,-0.26
453,20.0,2.804,16.45,19.999,2.765,16.678,0.2314,7.87,79.5,-113.69,0.0968,0.2012,1.35,2.81,1.5,50.4,50.4,12.6,-0.26
454,20.0,2.813,16.438,20.0,2.775,16.666,0.2311,7.89,79.48,-113.69,0.0974,0.2016,1.36,2.81,1.5,50.4,50.4,12.6,-0.26
455,20.0,2.822,16.427,20.0,2.784,16.655,0.2312,7.93,79.45,-113.71,0.0968,0.2019,1.35,2.82,1.5,50.4,50.4,12.6,-0.26
456,20.0,2.832,16.415,20.0,2.793,16.643,0.2313,7.95,79.43,-113.71,0.0964,0.2023,1.35,2.82,1.5,50.4,50.4,12.6,-0.26
457,20.0,2.841,16.403,20.0,2.803,16.632,0.2313,7.98,79.41,-113.73,0.096,0.2027,1.34,2.83,1.5,50.4,50.4,12.6,-0.26
458,20.0,2.85,16.392,20.0,2.812,16.62,0.2314,8.0,79.37,-113.75,0.0956,0.203,1.33,2.84,1.5,50.4,50.4,12.6,-0.26
459,20.0,2.859,16.38,20.0,2.821,16.608,0.2314,8.02,79.34,-113.75,0.0952,0.2034,1.33,2.84,1.5,50.4,50.4,12.6,-0.26
460,20.0,2.869,16.369,20.0,2.83,16.597,0.2315,8.06,79.32,-113.77,0.0948,0.2038,1.32,2.85,1.5,50.4,50.4,12.6,-0.26
461,20.0,2.878,16.357,20.0,2.84,16.585,0.2315,8.09,79.3,-113.77,0.0944,0.2042,1.32,2.85,1.5,50.4,50.4,12.6,-0.26
462,20.0,2.887,16.346,20.0,2.849,16.574,0.2316,8.11,79.28,-113.8,0.0939,0.2045,1.31,2.86,1.5,50.4,50.4,12.6,-0.26
463,20.0,2.896,16.334,20.0,2.858,16.562,0.2316,8.13,79.26,-113.8,0.0935,0.2049,1.31,2.86,1.5,50.4,50.4,12.6,-0.26
464,20.0,2.906,16.322,20.0,2.867,16.551,0.2316,8.15,79.23,-113.82,0.0931,0.2053,1.3,2.87,1.5,50.4,50.4,12.6,-0.26
465,20.0,2.915,16.311,20.0,2.877,16.539,0.2317,8.2,79.21,-113.82,0.0927,0.2056,1.29,2.87,1.5,50.4,50.4,12.6,-0.26
466,20.0,2.924,16.299,20.0,2.886,16.528,0.2317,8.22,79.19,-113.84,0.0923,0.206,1.29,2.88,1.5,50.4,50.4,12.6,-0.26
467,20.0,2.934,16.288,20.0,2.895,16.516,0.2313,8.24,79.15,-113.84,0.0934,0.2064,1.3,2.88,1.5,50.4,50.4,12.6,-0.26
468,20.0,2.943,16.276,20.0,2.904,16.504,0.2313,8.26,79.12,-113.86,0.0933,0.2067,1.3,2.89,1.51,50.4,50.4,12.6,-0.26
469,20.0,2.952,16.264,20.0,2.913,16.494,0.2326,8.28,79.1,-113.86,0.0892,0.2071,1.25,2.89,1.51,50.4,50.4,12.6,-0.26
470,20.0,2.961,16.253,20.0,2.923,16.482,0.2325,8.31,79.08,-113.88,0.0891,0.2075,1.24,2.9,1.5,50.4,50.4,12.6,-0.26
471,20.0,2.971,16.241,20.0,2.932,16.47,0.232,8.35,79.06,-113.88,0.0903,0.2079,1.26,2.9,1.5,50.4,50.4,12.6,-0.26
472,20.0,2.98,16.23,20.0,2.941,16.458,0.232,8.37,79.04,-113.91,0.0899,0.2082,1.26,2.91,1.5,50.4,50.4,12.6,-0.26
473,20.0,2.989,16.218,20.0,2.951,16.447,0.2321,8.39,79.01,-113.91,0.0894,0.2086,1.25,2.91,1.5,50.4,50.4,12.6,-0.26
474,20.0,2.998,16.206,20.0,2.96,16.435,0.2321,8.42,78.99,-113.93,0.089,0.209,1.24,2.92,1.5,50.4,50.4,12.6,-0.26
475,20.0,3.008,16.195,20.0,2.969,16.424,0.2322,8.44,78.97,-113.93,0.0886,0.2093,1.24,2.92,1.5,50.4,50.4,12.6,-0.26
476,20.0,3.017,16.183,20.0,2.978,16.412,0.2322,8.46,78.93,-113.95,0.0882,0.2097,1.23,2.93,1.5,50.4,50.4,12.6,-0.26
477,20.0,3.026,16.172,20.0,2.988,16.401,0.2323,8.5,78.9,-113.95,0.0878,0.2101,1.23,2.93,1.5,50.4,50.4,12.6,-0.26
478,20.0,3.035,16.16,20.0,2.997,16.389,0.2323,8.53,78.88,-113.95,0.0874,0.2104,1.22,2.94,1.5,50.4,50.4,12.6,-0.26
479,20.0,3.045,16.148,20.0,3.006,16.378,0.2323,8.55,78.86,-113.97,0.087,0.2108,1.21,2.94,1.5,50.4,50.4,12.6,-0.26
480,20.0,3.054,16.137,20.0,3.015,16.366,0.2324,8.57,78.84,-113.97,0.0866,0.2112,1.21,2.95,1.49,50.4,50.4,12.6,-0.26
481,20.0,3.063,16.125,20.0,3.025,16.354,0.2324,8.59,78.82,-113.99,0.0862,0.2115,1.2,2.95,1.49,50.4,50.4,12.6,-0.26
482,20.0,3.072,16.114,20.0,3.034,16.343,0.2325,8.64,78.79,-113.99,0.0858,0.2119,1.2,2.96,1.49,50.4,50.4,12.6,-0.26
483,20.0,3.082,16.102,20.0,3.043,16.331,0.2325,8.66,78.77,-114.02,0.0854,0.2123,1.19,2.96,1.49,50.4,50.4,12.6,-0.26
484,20.0,3.091,16.09,20.0,3.053,16.32,0.2326,8.68,78.73,-114.02,0.085,0.2126,1.19,2.97,1.49,50.4,50.4,12.6,-0.26
485,20.0,3.1,16.079,20.0,3.062,16.307,0.2316,8.7,78.71,-114.04,0.0879,0.213,1.23,2.97,1.5,50.4,50.4,12.6,-0.25
486,20.0,3.109,16.067,20.0,3.071,16.297,0.2327,8.72,78.68,-114.04,0.0846,0.2134,1.18,2.98,1.51,50.4,50.4,12.6,-0.25
487,20.0,3.119,16.056,20.0,3.08,16.286,0.2335,8.75,78.66,-114.06,0.0818,0.2138,1.14,2.98,1.5,50.4,50.4,12.6,-0.26
488,20.0,3.128,16.044,20.0,3.09,16.274,0.2333,8.79,78.64,-114.06,0.0818,0.2141,1.14,2.99,1.49,50.4,50.4,12.6,-0.26
489,20.0,3.137,16.032,20.0,3.099,16.262,0.2329,8.81,78.62,-114.08,0.0829,0.2145,1.16,3.0,1.49,50.4,50.4,12.6,-0.26
490,20.0,3.146,16.021,20.0,3.108,16.251,0.2328,8.83,78.6,-114.08,0.0827,0.2149,1.15,3.0,1.49,50.4,50.4,12.6,-0.26
491,20.0,3.156,16.009,20.0,3.117,16.239,0.2329,8.85,78.55,-114.1,0.0822,0.2152,1.15,3.01,1.49,50.4,50.4,12.6,-0.26
492,20.0,3.165,15.998,20.0,3.127,16.227,0.233,8.88,78.53,-114.1,0.0818,0.2156,1.14,3.01,1.49,50.4,50.4,12.6,-0.26
493,20.0,3.174,15.986,20.0,3.136,16.216,0.233,8.92,78.51,-114.13,0.0814,0.216,1.14,3.02,1.49,50.4,50.4,12.6,-0.26
494,20.0,3.183,15.974,20.0,3.145,16.204,0.233,8.94,78.49,-114.13,0.081,0.2164,1.13,3.02,1.49,50.4,50.4,12.6,-0.26
495,20.0,3.193,15.963,20.0,3.154,16.193,0.2331,8.96,78.46,-114.13,0.0806,0.2167,1.13,3.03,1.49,50.4,50.4,12.6,-0.26
496,20.0,3.202,15.951,20.0,3.164,16.181,0.2331,8.99,78.44,-114.15,0.0802,0.2171,1.12,3.03,1.49,50.4,50.4,12.6,-0.25
497,20.0,3.211,15.94,20.0,3.173,16.17,0.2332,9.01,78.42,-114.15,0.0798,0.2175,1.11,3.04,1.49,50.4,50.4,12.6,-0.25
498,20.0,3.22,15.928,20.0,3.182,16.158,0.2332,9.03,78.38,-114.17,0.0795,0.2178,1.11,3.04,1.49,50.4,50.4,12.6,-0.25
499,20.0,3.23,15.917,20.0,3.191,16.147,0.2333,9.07,78.35,-114.17,0.0791,0.2182,1.1,3.05,1.49,50.4,50.4,12.6,-0.25
500,20.0,3.239,15.905,20.0,3.201,16.135,0.2333,9.1,78.33,-114.19,0.0787,0.2186,1.1,3.05,1.49,50.4,50.4,12.6,-0.25
501,20.0,3.248,15.893,20.0,3.21,16.124,0.2334,9.12,78.31,-114.19,0.0783,0.2189,1.09,3.06,1.49,50.4,50.4,12.6,-0.25
502,20.0,3.257,15.882,20.0,3.219,16.112,0.2332,9.14,78.29,-114.21,0.0786,0.2193,1.1,3.06,1.49,50.4,50.4,12.6,-0.25
503,20.0,3.267,15.87,20.001,3.228,16.099,0.2322,9.16,78.24,-114.21,0.0814,0.2197,1.14,3.07,1.5,50.4,50.4,12.6,-0.25
504,20.0,3.276,15.859,20.0,3.237,16.089,0.2341,9.18,78.24,-114.21,0.0758,0.2201,1.06,3.07,1.5,50.4,50.4,12.6,-0.25
505,20.0,3.285,15.847,20.0,3.247,16.078,0.2342,9.23,78.2,-114.24,0.0749,0.2204,1.05,3.08,1.49,50.4,50.4,12.6,-0.25
506,20.0,3.294,15.835,20.0,3.256,16.066,0.2342,9.25,78.18,-114.24,0.0747,0.2208,1.04,3.08,1.49,50.4,50.4,12.6,-0.25
507,20.0,3.304,15.824,20.0,3.266,16.054,0.2336,9.27,78.16,-114.26,0.076,0.2212,1.06,3.09,1.49,50.4,50.4,12.6,-0.25
508,20.0,3.313,15.812,20.0,3.275,16.043,0.2337,9.29,78.13,-114.26,0.0756,0.2215,1.06,3.09,1.48,50.4,50.4,12.6,-0.25
509,20.0,3.322,15.801,20.0,3.284,16.031,0.2337,9.32,78.11,-114.28,0.0752,0.2219,1.05,3.1,1.48,50.4,50.4,12.6,-0.25
510,20.0,3.331,15.789,20.0,3.293,16.02,0.2338,9.36,78.07,-114.28,0.0748,0.2223,1.04,3.1,1.48,50.4,50.4,12.6,-0.25
511,20.0,3.341,15.777,20.0,3.303,16.008,0.2338,9.38,78.05,-114.3,0.0744,0.2226,1.04,3.11,1.48,50.4,50.4,12.6,-0.25
512,20.0,3.35,15.766,20.0,3.312,15.997,0.2339,9.4,78.02,-114.3,0.074,0.223,1.03,3.11,1.48,50.4,50.4,12.6,-0.25
513,20.0,3.359,15.754,20.0,3.321,15.985,0.2339,9.43,78.0,-114.3,0.0736,0.2234,1.03,3.12,1.48,50.4,50.4,12.6,-0.25
514,20.0,3.368,15.743,20.0,3.33,15.973,0.234,9.45,77.98,-114.32,0.0732,0.2237,1.02,3.12,1.48,50.4,50.4,12.6,-0.25
515,20.0,3.378,15.731,20.0,3.34,15.962,0.234,9.47,77.96,-114.32,0.0729,0.2241,1.02,3.13,1.48,50.4,50.4,12.6,-0.25
516,20.0,3.387,15.719,20.0,3.349,15.95,0.2341,9.51,77.92,-114.35,0.0725,0.2245,1.01,3.13,1.48,50.4,50.4,12.6,-0.25
517,20.0,3.396,15.708,20.0,3.358,15.939,0.2341,9.54,77.89,-114.35,0.0721,0.2249,1.01,3.14,1.48,50.4,50.4,12.6,-0.25
518,20.0,3.405,15.696,20.001,3.367,15.927,0.2342,9.56,77.87,-114.37,0.0717,0.2252,1.0,3.14,1.48,50.4,50.4,12.6,-0.25
519,20.0,3.415,15.685,20.001,3.377,15.916,0.2342,9.58,77.85,-114.37,0.0713,0.2256,1.0,3.15,1.48,50.4,50.4,12.6,-0.25
520,20.0,3.424,15.673,20.001,3.386,15.903,0.2334,9.6,77.83,-114.37,0.0736,0.226,1.03,3.16,1.49,50.4,50.4,12.6,-0.25
521,20.0,3.433,15.661,20.001,3.395,15.892,0.2337,9.62,77.78,-114.39,0.0728,0.2263,1.02,3.16,1.5,50.4,50.4,12.6,-0.24
522,20.0,3.443,15.65,20.0,3.404,15.882,0.2353,9.67,77.76,-114.39,0.0679,0.2267,0.95,3.17,1.49,50.4,50.4,12.6,-0.25
523,20.0,3.452,15.638,20.0,3.414,15.87,0.235,9.69,77.74,-114.41,0.0682,0.2271,0.95,3.17,1.48,50.4,50.4,12.6,-0.25
524,20.0,3.461,15.627,20.0,3.423,15.858,0.2348,9.71,77.72,-114.41,0.0684,0.2275,0.95,3.18,1.48,50.4,50.4,12.6,-0.25
525,20.0,3.47,15.615,20.001,3.432,15.846,0.2344,9.73,77.7,-114.41,0.0693,0.2278,0.97,3.18,1.48,50.4,50.4,12.6,-0.25
526,20.0,3.48,15.603,20.001,3.441,15.835,0.2345,9.76,77.67,-114.43,0.0687,0.2282,0.96,3.19,1.48,50.4,50.4,12.6,-0.25
527,20.0,3.489,15.592,20.001,3.451,15.823,0.2346,9.8,77.63,-114.43,0.0683,0.2286,0.95,3.19,1.48,50.4,50.4,12.6,-0.25
528,20.0,3.498,15.58,20.001,3.46,15.812,0.2346,9.82,77.61,-114.46,0.0679,0.2289,0.95,3.2,1.48,50.4,50.4,12.6,-0.25
529,20.0,3.507,15.569,20.001,3.469,15.8,0.2347,9.84,77.59,-114.46,0.0676,0.2293,0.94,3.2,1.48,50.4,50.4,12.6,-0.25
530,20.0,3.517,15.557,20.001,3.479,15.789,0.2347,9.87,77.56,-114.46,0.0672,0.2297,0.94,3.21,1.48,50.4,50.4,12.6,-0.25
531,20.0,3.526,15.545,20.001,3.488,15.777,0.2348,9.89,77.54,-114.48,0.0668,0.23,0.93,3.21,1.48,50.4,50.4,12.6,-0.25
532,20.0,3.535,15.534,20.001,3.497,15.766,0.2348,9.91,77.5,-114.48,0.0664,0.2304,0.93,3.22,1.48,50.4,50.4,12.6,-0.25
533,20.0,3.544,15.522,20.001,3.506,15.754,0.2349,9.95,77.48,-114.5,0.0661,0.2308,0.92,3.22,1.48,50.4,50.4,12.6,-0.25
534,20.0,3.554,15.511,20.001,3.516,15.743,0.2349,9.98,77.45,-114.5,0.0657,0.2311,0.92,3.23,1.48,50.4,50.4,12.6,-0.25
535,20.0,3.563,15.499,20.001,3.525,15.731,0.2349,10.0,77.43,-114.5,0.0653,0.2315,0.91,3.23,1.48,50.4,50.4,12.6,-0.25
536,20.0,3.572,15.488,20.001,3.534,15.719,0.235,10.02,77.41,-114.52,0.0649,0.2319,0.91,3.24,1.47,50.4,50.4,12.6,-0.25
537,20.0,3.581,15.476,20.001,3.543,15.708,0.235,10.04,77.37,-114.52,0.0646,0.2323,0.9,3.24,1.47,50.4,50.4,12.6,-0.25
538,20.0,3.591,15.464,20.002,3.552,15.695,0.2334,10.06,77.34,-114.54,0.0694,0.2326,0.97,3.25,1.49,50.4,50.4,12.6,-0.24
539,20.0,3.6,15.453,20.001,3.561,15.685,0.2353,10.09,77.32,-114.54,0.0639,0.233,0.89,3.25,1.49,50.4,50.4,12.6,-0.24
540,20.0,3.609,15.441,20.001,3.571,15.674,0.236,10.13,77.3,-114.54,0.0613,0.2334,0.86,3.26,1.48,50.4,50.4,12.6,-0.24
541,20.0,3.618,15.43,20.001,3.58,15.662,0.2359,10.15,77.28,-114.57,0.0614,0.2337,0.86,3.26,1.47,50.4,50.4,12.6,-0.24
542,20.0,3.628,15.418,20.001,3.59,15.651,0.2358,10.17,77.23,-114.57,0.0612,0.2341,0.85,3.27,1.47,50.4,50.4,12.6,-0.24
543,20.0,3.637,15.406,20.001,3.599,15.638,0.2352,10.2,77.21,-114.59,0.0627,0.2345,0.87,3.27,1.47,50.4,50.4,12.6,-0.24
544,20.0,3.646,15.395,20.001,3.608,15.627,0.2354,10.22,77.19,-114.59,0.062,0.2349,0.87,3.28,1.47,50.4,50.4,12.6,-0.24
545,20.0,3.655,15.383,20.001,3.617,15.615,0.2354,10.26,77.17,-114.59,0.0616,0.2352,0.86,3.28,1.47,50.4,50.4,12.6,-0.24
546,20.0,3.665,15.372,20.001,3.627,15.604,0.2354,10.28,77.15,-114.61,0.0613,0.2356,0.86,3.29,1.47,50.4,50.4,12.6,-0.24
547,20.0,3.674,15.36,20.001,3.636,15.592,0.2355,10.31,77.1,-114.61,0.0609,0.236,0.85,3.29,1.47,50.4,50.4,12.6,-0.24
548,20.0,3.683,15.348,20.001,3.645,15.581,0.2355,10.33,77.08,-114.61,0.0605,0.2363,0.85,3.3,1.47,50.4,50.4,12.6,-0.24
549,20.0,3.692,15.337,20.001,3.655,15.569,0.2356,10.35,77.06,-114.63,0.0602,0.2367,0.84,3.3,1.47,50.4,50.4,12.6,-0.24
550,20.0,3.702,15.325,20.001,3.664,15.558,0.2356,10.37,77.04,-114.63,0.0598,0.2371,0.84,3.31,1.47,50.4,50.4,12.6,-0.24
551,20.0,3.711,15.314,20.001,3.673,15.546,0.2357,10.42,76.99,-114.63,0.0595,0.2374,0.83,3.32,1.47,50.4,50.4,12.6,-0.24
552,20.0,3.72,15.302,20.001,3.682,15.535,0.2357,10.44,76.97,-114.65,0.0591,0.2378,0.83,3.32,1.47,50.4,50.4,12.6,-0.24
553,20.0,3.729,15.29,20.001,3.692,15.523,0.2358,10.46,76.95,-114.65,0.0587,0.2382,0.82,3.33,1.47,50.4,50.4,12.6,-0.24
554,20.0,3.739,15.279,20.001,3.701,15.512,0.2358,10.48,76.93,-114.68,0.0584,0.2385,0.81,3.33,1.47,50.4,50.4,12.6,-0.24
555,20.0,3.748,15.267,20.001,3.71,15.5,0.2354,10.5,76.88,-114.68,0.0595,0.2389,0.83,3.34,1.47,50.4,50.4,12.6,-0.24
556,20.0,3.757,15.256,20.002,3.719,15.487,0.2344,10.52,76.86,-114.68,0.0625,0.2393,0.87,3.34,1.49,50.4,50.4,12.6,-0.24
557,20.0,3.767,15.244,20.001,3.728,15.477,0.2364,10.57,76.84,-114.7,0.0565,0.2397,0.79,3.35,1.48,50.4,50.4,12.6,-0.24
558,20.0,3.776,15.232,20.001,3.738,15.466,0.2368,10.59,76.82,-114.7,0.0549,0.24,0.77,3.35,1.47,50.4,50.4,12.6,-0.24
559,20.0,3.785,15.221,20.001,3.747,15.455,0.2367,10.61,76.79,-114.7,0.0548,0.2404,0.77,3.36,1.47,50.4,50.4,12.6,-0.24
560,20.0,3.794,15.209,20.001,3.756,15.443,0.2367,10.63,76.75,-114.72,0.0545,0.2408,0.76,3.36,1.47,50.4,50.4,12.6,-0.24
561,20.0,3.804,15.198,20.001,3.766,15.431,0.2361,10.66,76.73,-114.72,0.0559,0.2411,0.78,3.37,1.47,50.4,50.4,12.6,-0.24
562,20.0,3.813,15.186,20.001,3.775,15.419,0.2362,10.68,76.71,-114.72,0.0556,0.2415,0.78,3.37,1.47,50.4,50.4,12.6,-0.24
563,20.0,3.822,15.174,20.001,3.784,15.408,0.2362,10.72,76.68,-114.74,0.0552,0.2419,0.77,3.38,1.46,50.4,50.4,12.6,-0.24
564,20.0,3.831,15.163,20.001,3.793,15.396,0.2363,10.74,76.64,-114.74,0.0548,0.2423,0.77,3.38,1.46,50.4,50.4,12.6,-0.24
565,20.0,3.841,15.151,20.001,3.803,15.385,0.2363,10.77,76.62,-114.74,0.0545,0.2426,0.76,3.39,1.46,50.4,50.4,12.6,-0.24
566,20.0,3.85,15.14,20.001,3.812,15.373,0.2364,10.79,76.6,-114.76,0.0541,0.243,0.76,3.39,1.46,50.4,50.4,12.6,-0.24
567,20.0,3.859,15.128,20.001,3.821,15.361,0.2364,10.81,76.57,-114.76,0.0537,0.2434,0.75,3.4,1.46,50.4,50.4,12.6,-0.24
568,20.0,3.868,15.117,20.001,3.831,15.35,0.2364,10.83,76.53,-114.76,0.0534,0.2437,0.75,3.4,1.46,50.4,50.4,12.6,-0.24
569,20.0,3.878,15.105,20.001,3.84,15.338,0.2365,10.88,76.51,-114.79,0.053,0.2441,0.74,3.41,1.46,50.4,50.4,12.6,-0.24
570,20.0,3.887,15.093,20.002,3.849,15.327,0.2365,10.9,76.49,-114.79,0.0527,0.2445,0.74,3.41,1.46,50.4,50.4,12.6,-0.24
571,20.0,3.896,15.082,20.002,3.858,15.315,0.2366,10.92,76.46,-114.81,0.0523,0.2448,0.73,3.42,1.46,50.4,50.4,12.6,-0.24
572,20.0,3.905,15.07,20.002,3.868,15.304,0.2366,10.94,76.42,-114.81,0.052,0.2452,0.73,3.42,1.46,50.4,50.4,12.6,-0.24
573,20.0,3.915,15.059,20.002,3.877,15.291,0.2353,10.96,76.4,-114.81,0.056,0.2456,0.78,3.43,1.48,50.4,50.4,12.6,-0.23
574,20.0,3.924,15.047,20.002,3.886,15.28,0.2361,10.99,76.38,-114.83,0.0536,0.246,0.75,3.43,1.48,50.4,50.4,12.6,-0.23
575,20.0,3.933,15.035,20.001,3.895,15.27,0.2378,11.03,76.35,-114.83,0.0484,0.2463,0.68,3.44,1.47,50.4,50.4,12.6,-0.23
576,20.0,3.942,15.024,20.001,3.905,15.258,0.2375,11.05,76.33,-114.83,0.0488,0.2467,0.68,3.44,1.46,50.4,50.4,12.6,-0.23
577,20.0,3.952,15.012,20.001,3.914,15.247,0.2375,11.07,76.29,-114.83,0.0485,0.2471,0.68,3.45,1.46,50.4,50.4,12.6,-0.23
578,20.0,3.961,15.001,20.002,3.923,15.235,0.2371,11.1,76.27,-114.85,0.0494,0.2474,0.69,3.45,1.46,50.4,50.4,12.6,-0.23
579,20.0,3.97,14.989,20.002,3.932,15.223,0.2369,11.12,76.25,-114.85,0.0497,0.2478,0.69,3.46,1.46,50.4,50.4,12.6,-0.23
580,20.0,3.979,14.977,20.002,3.942,15.211,0.237,11.14,76.2,-114.85,0.0492,0.2482,0.69,3.47,1.46,50.4,50.4,12.6,-0.23
581,20.0,3.989,14.966,20.002,3.951,15.2,0.237,11.18,76.18,-114.87,0.0489,0.2485,0.68,3.47,1.46,50.4,50.4,12.6,-0.23
582,20.0,3.998,14.954,20.002,3.96,15.188,0.2371,11.21,76.16,-114.87,0.0485,0.2489,0.68,3.48,1.46,50.4,50.4,12.6,-0.23
583,20.0,4.007,14.943,20.002,3.97,15.177,0.2371,11.23,76.14,-114.87,0.0482,0.2493,0.67,3.48,1.46,50.4,50.4,12.6,-0.23
584,20.0,4.016,14.931,20.002,3.979,15.165,0.2372,11.25,76.09,-114.9,0.0479,0.2497,0.67,3.49,1.46,50.4,50.4,12.6,-0.23
585,20.0,4.026,14.919,20.002,3.988,15.154,0.2372,11.27,76.07,-114.9,0.0475,0.25,0.66,3.49,1.46,50.4,50.4,12.6,-0.23
586,20.0,4.035,14.908,20.002,3.997,15.142,0.2373,11.29,76.05,-114.9,0.0472,0.2504,0.66,3.5,1.46,50.4,50.4,12.6,-0.23
587,20.0,4.044,14.896,20.002,4.007,15.131,0.2373,11.34,76.03,-114.92,0.0468,0.2508,0.65,3.5,1.46,50.4,50.4,12.6,-0.23
588,20.0,4.054,14.885,20.002,4.016,15.119,0.2374,11.36,75.98,-114.92,0.0465,0.2511,0.65,3.51,1.46,50.4,50.4,12.6,-0.23
589,20.0,4.063,14.873,20.002,4.025,15.107,0.2374,11.38,75.96,-114.92,0.0461,0.2515,0.64,3.51,1.45,50.4,50.4,12.6,-0.23
590,20.0,4.072,14.861,20.002,4.034,15.096,0.2374,11.4,75.94,-114.94,0.0458,0.2519,0.64,3.52,1.45,50.4,50.4,12.6,-0.23
591,20.0,4.081,14.85,20.003,4.043,15.082,0.2355,11.43,75.89,-114.94,0.0516,0.2522,0.72,3.52,1.48,50.4,50.4,12.6,-0.22
592,20.0,4.091,14.838,20.002,4.052,15.073,0.2374,11.45,75.87,-114.94,0.0461,0.2526,0.64,3.53,1.48,50.4,50.4,12.6,-0.22
593,20.0,4.1,14.827,20.002,4.062,15.062,0.2385,11.47,75.85,-114.94,0.0424,0.253,0.59,3.53,1.45,50.4,50.4,12.6,-0.23
594,20.0,4.109,14.815,20.002,4.071,15.05,0.2383,11.51,75.83,-114.96,0.0426,0.2534,0.6,3.54,1.45,50.4,50.4,12.6,-0.23
595,20.0,4.118,14.803,20.002,4.081,15.039,0.2383,11.54,75.81,-114.96,0.0423,0.2537,0.59,3.54,1.45,50.4,50.4,12.6,-0.23
596,20.0,4.128,14.792,20.002,4.09,15.027,0.2381,11.56,75.76,-114.96,0.0428,0.2541,0.6,3.55,1.45,50.4,50.4,12.6,-0.23
597,20.0,4.137,14.78,20.002,4.099,15.015,0.2377,11.58,75.74,-114.98,0.0437,0.2545,0.61,3.55,1.45,50.4,50.4,12.6,-0.23
598,20.0,4.146,14.769,20.002,4.109,15.003,0.2378,11.6,75.72,-114.98,0.0431,0.2548,0.6,3.56,1.45,50.4,50.4,12.6,-0.23
599,20.0,4.155,14.757,20.002,4.118,14.992,0.2378,11.62,75.67,-114.98,0.0428,0.2552,0.6,3.56,1.45,50.4,50.4,12.6,-0.23
600,20.0,4.165,14.745,20.002,4.127,14.98,0.2379,11.67,75.65,-115.0,0.0425,0.2556,0.59,3.57,1.45,50.4,50.4,12.6,-0.23
601,20.0,4.174,14.734,20.002,4.136,14.969,0.2379,11.69,75.63,-115.0,0.0421,0.2559,0.59,3.57,1.45,50.4,50.4,12.6,-0.23
602,20.0,4.183,14.722,20.002,4.146,14.957,0.238,11.71,75.59,-115.0,0.0418,0.2563,0.58,3.58,1.45,50.4,50.4,12.6,-0.23
603,20.0,4.192,14.711,20.002,4.155,14.946,0.238,11.73,75.56,-115.0,0.0415,0.2567,0.58,3.58,1.45,50.4,50.4,12.6,-0.23
604,20.0,4.202,14.699,20.002,4.164,14.934,0.2381,11.76,75.54,-115.03,0.0412,0.2571,0.57,3.59,1.45,50.4,50.4,12.6,-0.23
605,20.0,4.211,14.688,20.002,4.173,14.923,0.2381,11.78,75.52,-115.03,0.0408,0.2574,0.57,3.59,1.45,50.4,50.4,12.6,-0.23
606,20.0,4.22,14.676,20.002,4.183,14.911,0.2382,11.82,75.48,-115.03,0.0405,0.2578,0.57,3.6,1.45,50.4,50.4,12.6,-0.23
607,20.0,4.229,14.664,20.002,4.192,14.9,0.2382,11.84,75.45,-115.05,0.0402,0.2582,0.56,3.6,1.45,50.4,50.4,12.6,-0.23
608,20.0,4.239,14.653,20.003,4.201,14.887,0.2373,11.87,75.43,-115.05,0.0427,0.2585,0.6,3.61,1.46,50.4,50.4,12.6,-0.22
609,20.0,4.248,14.641,20.003,4.21,14.875,0.2367,11.89,75.39,-115.05,0.0448,0.2589,0.63,3.62,1.48,50.4,50.4,12.6,-0.22
610,20.0,4.257,14.63,20.002,4.219,14.865,0.2387,11.91,75.37,-115.05,0.0389,0.2593,0.54,3.62,1.47,50.4,50.4,12.6,-0.22
611,20.0,4.267,14.618,20.002,4.229,14.854,0.2393,11.93,75.34,-115.07,0.0366,0.2597,0.51,3.63,1.45,50.4,50.4,12.6,-0.22
612,20.0,4.276,14.606,20.002,4.238,14.843,0.2392,11.95,75.32,-115.07,0.0367,0.26,0.51,3.63,1.45,50.4,50.4,12.6,-0.22
613,20.0,4.285,14.595,20.002,4.248,14.831,0.2392,12.0,75.28,-115.07,0.0363,0.2604,0.51,3.64,1.45,50.4,50.4,12.6,-0.22
614,20.0,4.294,14.583,20.002,4.257,14.819,0.2392,12.02,75.26,-115.07,0.036,0.2608,0.5,3.64,1.45,50.4,50.4,12.6,-0.22
615,20.0,4.304,14.572,20.003,4.266,14.807,0.2385,12.04,75.23,-115.09,0.0376,0.2611,0.53,3.65,1.44,50.4,50.4,12.6,-0.22
616,20.0,4.313,14.56,20.003,4.275,14.796,0.2386,12.06,75.19,-115.09,0.0373,0.2615,0.52,3.65,1.44,50.4,50.4,12.6,-0.22
617,20.0,4.322,14.548,20.003,4.285,14.784,0.2386,12.08,75.17,-115.09,0.0369,0.2619,0.52,3.66,1.44,50.4,50.4,12.6,-0.22
618,20.0,4.331,14.537,20.003,4.294,14.772,0.2387,12.11,75.15,-115.09,0.0366,0.2622,0.51,3.66,1.44,50.4,50.4,12.6,-0.22
619,20.0,4.341,14.525,20.003,4.303,14.761,0.2387,12.15,75.1,-115.11,0.0363,0.2626,0.51,3.67,1.44,50.4,50.4,12.6,-0.22
620,20.0,4.35,14.514,20.003,4.313,14.749,0.2388,12.17,75.08,-115.11,0.036,0.263,0.5,3.67,1.44,50.4,50.4,12.6,-0.22
621,20.0,4.359,14.502,20.003,4.322,14.738,0.2388,12.19,75.06,-115.11,0.0357,0.2633,0.5,3.68,1.44,50.4,50.4,12.6,-0.22
622,20.0,4.368,14.49,20.003,4.331,14.726,0.2389,12.22,75.01,-115.11,0.0353,0.2637,0.49,3.68,1.44,50.4,50.4,12.6,-0.22
623,20.0,4.378,14.479,20.003,4.34,14.715,0.2389,12.24,74.99,-115.14,0.035,0.2641,0.49,3.69,1.44,50.4,50.4,12.6,-0.22
624,20.0,4.387,14.467,20.003,4.35,14.703,0.2389,12.26,74.97,-115.14,0.0347,0.2645,0.48,3.69,1.44,50.4,50.4,12.6,-0.22
625,20.0,4.396,14.456,20.003,4.359,14.692,0.239,12.28,74.95,-115.14,0.0344,0.2648,0.48,3.7,1.44,50.4,50.4,12.6,-0.22
626,20.0,4.405,14.444,20.004,4.368,14.678,0.2371,12.33,74.9,-115.14,0.0402,0.2652,0.56,3.7,1.46,50.4,50.4,12.6,-0.22
627,20.0,4.415,14.432,20.003,4.377,14.668,0.2385,12.35,74.88,-115.16,0.0362,0.2656,0.5,3.71,1.47,50.4,50.4,12.6,-0.21
628,20.0,4.424,14.421,20.003,4.386,14.658,0.2401,12.37,74.86,-115.16,0.0311,0.266,0.43,3.71,1.45,50.4,50.4,12.6,-0.22
629,20.0,4.433,14.409,20.003,4.396,14.646,0.24,12.39,74.82,-115.16,0.0312,0.2663,0.44,3.72,1.44,50.4,50.4,12.6,-0.22
630,20.0,4.443,14.398,20.003,4.405,14.635,0.2399,12.41,74.79,-115.16,0.0309,0.2667,0.43,3.72,1.44,50.4,50.4,12.6,-0.22
631,20.0,4.452,14.386,20.003,4.414,14.623,0.2399,12.44,74.77,-115.18,0.0306,0.2671,0.43,3.73,1.44,50.4,50.4,12.6,-0.22
632,20.0,4.461,14.374,20.003,4.424,14.611,0.2394,12.48,74.73,-115.18,0.0319,0.2674,0.45,3.73,1.44,50.4,50.4,12.6,-0.22
633,20.0,4.47,14.363,20.003,4.433,14.599,0.2393,12.5,74.71,-115.18,0.032,0.2678,0.45,3.74,1.44,50.4,50.4,12.6,-0.22
634,20.0,4.48,14.351,20.003,4.442,14.588,0.2394,12.52,74.69,-115.18,0.0316,0.2682,0.44,3.74,1.44,50.4,50.4,12.6,-0.22
635,20.0,4.489,14.34,20.003,4.452,14.576,0.2394,12.55,74.64,-115.2,0.0313,0.2685,0.44,3.75,1.44,50.4,50.4,12.6,-0.22
636,20.0,4.498,14.328,20.003,4.461,14.565,0.2395,12.57,74.62,-115.2,0.031,0.2689,0.43,3.75,1.44,50.4,50.4,12.6,-0.22
637,20.0,4.507,14.316,20.003,4.47,14.553,0.2395,12.59,74.6,-115.2,0.0307,0.2693,0.43,3.76,1.44,50.4,50.4,12.6,-0.22
638,20.0,4.517,14.305,20.003,4.479,14.541,0.2396,12.61,74.55,-115.2,0.0304,0.2696,0.42,3.76,1.44,50.4,50.4,12.6,-0.22
639,20.0,4.526,14.293,20.003,4.489,14.53,0.2396,12.66,74.53,-115.22,0.0301,0.27,0.42,3.77,1.44,50.4,50.4,12.6,-0.22
640,20.0,4.535,14.282,20.003,4.498,14.518,0.2396,12.68,74.51,-115.22,0.0298,0.2704,0.42,3.78,1.43,50.4,50.4,12.6,-0.22
641,20.0,4.544,14.27,20.003,4.507,14.507,0.2397,12.7,74.47,-115.22,0.0295,0.2707,0.41,3.78,1.43,50.4,50.4,12.6,-0.22
642,20.0,4.554,14.258,20.003,4.516,14.495,0.2397,12.72,74.44,-115.22,0.0291,0.2711,0.41,3.79,1.43,50.4,50.4,12.6,-0.22
643,20.0,4.563,14.247,20.003,4.526,14.483,0.2395,12.74,74.42,-115.22,0.0297,0.2715,0.41,3.79,1.44,50.4,50.4,12.6,-0.21
644,20.0,4.572,14.235,20.004,4.534,14.47,0.2377,12.77,74.38,-115.25,0.0353,0.2719,0.49,3.8,1.47,50.4,50.4,12.6,-0.21
645,20.0,4.581,14.224,20.004,4.544,14.461,0.2399,12.79,74.36,-115.25,0.029,0.2723,0.4,3.8,1.46,50.4,50.4,12.6,-0.21
646,20.0,4.591,14.212,20.003,4.554,14.45,0.2409,12.83,74.33,-115.25,0.0254,0.2726,0.35,3.81,1.43,50.4,50.4,12.6,-0.21
647,20.0,4.6,14.201,20.003,4.563,14.438,0.2407,12.85,74.29,-115.25,0.0257,0.273,0.36,3.81,1.43,50.4,50.4,12.6,-0.21
648,20.0,4.609,14.189,20.003,4.572,14.427,0.2407,12.88,74.27,-115.25,0.0254,0.2734,0.35,3.82,1.43,50.4,50.4,12.6,-0.21
649,20.0,4.619,14.177,20.003,4.581,14.415,0.2407,12.9,74.25,-115.27,0.0251,0.2737,0.35,3.82,1.43,50.4,50.4,12.6,-0.21
650,20.0,4.628,14.166,20.004,4.591,14.403,0.24,12.92,74.2,-115.27,0.027,0.2741,0.38,3.83,1.43,50.4,50.4,12.6,-0.21
651,20.0,4.637,14.154,20.004,4.6,14.391,0.2401,12.94,74.18,-115.27,0.0265,0.2745,0.37,3.83,1.43,50.4,50.4,12.6,-0.21
652,20.0,4.646,14.143,20.004,4.609,14.38,0.2401,12.99,74.16,-115.27,0.0262,0.2748,0.37,3.84,1.43,50.4,50.4,12.6,-0.21
653,20.0,4.656,14.131,20.004,4.619,14.368,0.2402,13.01,74.11,-115.29,0.0259,0.2752,0.36,3.84,1.43,50.4,50.4,12.6,-0.21
654,20.0,4.665,14.119,20.004,4.628,14.357,0.2402,13.03,74.09,-115.29,0.0256,0.2756,0.36,3.85,1.43,50.4,50.4,12.6,-0.21
655,20.0,4.674,14.108,20.004,4.637,14.345,0.2403,13.05,74.07,-115.29,0.0253,0.2759,0.35,3.85,1.43,50.4,50.4,12.6,-0.21
656,20.0,4.683,14.096,20.004,4.646,14.334,0.2403,13.07,74.03,-115.29,0.025,0.2763,0.35,3.86,1.43,50.4,50.4,12.6,-0.21
657,20.0,4.693,14.085,20.004,4.656,14.322,0.2404,13.1,74.0,-115.29,0.0247,0.2767,0.34,3.86,1.43,50.4,50.4,12.6,-0.21
658,20.0,4.702,14.073,20.004,4.665,14.31,0.2404,13.12,73.98,-115.31,0.0244,0.277,0.34,3.87,1.43,50.4,50.4,12.6,-0.21
659,20.0,4.711,14.061,20.004,4.674,14.299,0.2405,13.16,73.94,-115.31,0.0241,0.2774,0.34,3.87,1.43,50.4,50.4,12.6,-0.21
660,20.0,4.72,14.05,20.004,4.683,14.287,0.2405,13.18,73.92,-115.31,0.0238,0.2778,0.33,3.88,1.43,50.4,50.4,12.6,-0.21
661,20.0,4.73,14.038,20.004,4.692,14.274,0.2389,13.21,73.87,-115.31,0.0285,0.2782,0.4,3.88,1.44,50.4,50.4,12.6,-0.21
662,20.0,4.739,14.027,20.004,4.701,14.263,0.2391,13.23,73.85,-115.31,0.0283,0.2785,0.4,3.89,1.46,50.4,50.4,12.6,-0.2
663,20.0,4.748,14.015,20.004,4.711,14.253,0.241,13.25,73.83,-115.31,0.0228,0.2789,0.32,3.89,1.44,50.4,50.4,12.6,-0.2
664,20.0,4.757,14.003,20.004,4.72,14.242,0.2417,13.27,73.81,-115.33,0.0202,0.2793,0.28,3.9,1.43,50.4,50.4,12.6,-0.21
665,20.0,4.767,13.992,20.004,4.73,14.23,0.2415,13.29,73.76,-115.33,0.0204,0.2797,0.28,3.9,1.43,50.4,50.4,12.6,-0.21
666,20.0,4.776,13.98,20.004,4.739,14.219,0.2415,13.34,73.74,-115.33,0.0201,0.28,0.28,3.91,1.42,50.4,50.4,12.6,-0.21
667,20.0,4.785,13.969,20.004,4.748,14.207,0.2415,13.36,73.7,-115.33,0.0198,0.2804,0.28,3.92,1.42,50.4,50.4,12.6,-0.21
668,20.0,4.795,13.957,20.004,4.758,14.196,0.2414,13.38,73.67,-115.33,0.0198,0.2808,0.28,3.92,1.42,50.4,50.4,12.6,-0.21
669,20.0,4.804,13.945,20.004,4.767,14.183,0.2408,13.4,73.65,-115.36,0.0215,0.2811,0.3,3.93,1.42,50.4,50.4,12.6,-0.21
670,20.0,4.813,13.934,20.004,4.776,14.172,0.2409,13.43,73.61,-115.36,0.0209,0.2815,0.29,3.93,1.42,50.4,50.4,12.6,-0.21
671,20.0,4.822,13.922,20.004,4.785,14.16,0.241,13.45,73.59,-115.36,0.0207,0.2819,0.29,3.94,1.42,50.4,50.4,12.6,-0.21
672,20.0,4.832,13.911,20.004,4.795,14.149,0.241,13.47,73.56,-115.36,0.0204,0.2822,0.28,3.94,1.42,50.4,50.4,12.6,-0.21
673,20.0,4.841,13.899,20.004,4.804,14.137,0.241,13.51,73.52,-115.36,0.0201,0.2826,0.28,3.95,1.42,50.4,50.4,12.6,-0.21
674,20.0,4.85,13.887,20.004,4.813,14.126,0.2411,13.54,73.5,-115.36,0.0198,0.283,0.28,3.95,1.42,50.4,50.4,12.6,-0.21
675,20.0,4.859,13.876,20.004,4.823,14.114,0.2411,13.56,73.45,-115.38,0.0195,0.2833,0.27,3.96,1.42,50.4,50.4,12.6,-0.21
676,20.0,4.869,13.864,20.004,4.832,14.103,0.2412,13.58,73.43,-115.38,0.0192,0.2837,0.27,3.96,1.42,50.4,50.4,12.6,-0.21
677,20.0,4.878,13.853,20.004,4.841,14.091,0.2412,13.6,73.41,-115.38,0.019,0.2841,0.26,3.97,1.42,50.4,50.4,12.6,-0.2
678,20.0,4.887,13.841,20.004,4.85,14.079,0.2413,13.62,73.37,-115.38,0.0187,0.2844,0.26,3.97,1.42,50.4,50.4,12.6,-0.2
679,20.0,4.896,13.829,20.005,4.859,14.066,0.2394,13.65,73.34,-115.38,0.0244,0.2848,0.34,3.98,1.45,50.4,50.4,12.6,-0.2
680,20.0,4.906,13.818,20.005,4.868,14.055,0.24,13.67,73.3,-115.38,0.0228,0.2852,0.32,3.98,1.46,50.4,50.4,12.6,-0.2
681,20.0,4.915,13.806,20.004,4.878,14.045,0.2418,13.71,73.28,-115.4,0.0174,0.2856,0.24,3.99,1.42,50.4,50.4,12.6,-0.2
682,20.0,4.924,13.795,20.004,4.887,14.034,0.2425,13.73,73.26,-115.4,0.0151,0.286,0.21,3.99,1.42,50.4,50.4,12.6,-0.2
683,20.0,4.934,13.783,20.004,4.897,14.023,0.2423,13.75,73.23,-115.4,0.0153,0.2863,0.21,4.0,1.42,50.4,50.4,12.6,-0.2
684,20.0,4.943,13.771,20.004,4.906,14.011,0.2423,13.78,73.19,-115.4,0.015,0.2867,0.21,4.0,1.42,50.4,50.4,12.6,-0.2
685,20.0,4.952,13.76,20.004,4.915,13.999,0.2423,13.8,73.17,-115.4,0.0147,0.2871,0.21,4.01,1.42,50.4,50.4,12.6,-0.2
686,20.0,4.961,13.748,20.004,4.925,13.988,0.2423,13.82,73.12,-115.4,0.0145,0.2874,0.2,4.01,1.42,50.4,50.4,12.6,-0.2
687,20.0,4.971,13.737,20.005,4.934,13.975,0.2415,13.86,73.1,-115.4,0.0166,0.2878,0.23,4.02,1.42,50.4,50.4,12.6,-0.2
688,20.0,4.98,13.725,20.005,4.943,13.964,0.2417,13.89,73.08,-115.42,0.0159,0.2882,0.22,4.02,1.42,50.4,50.4,12.6,-0.2
689,20.0,4.989,13.713,20.005,4.952,13.952,0.2417,13.91,73.04,-115.42,0.0157,0.2885,0.22,4.03,1.42,50.4,50.4,12.6,-0.2
690,20.0,4.998,13.702,20.005,4.962,13.941,0.2417,13.93,73.02,-115.42,0.0154,0.2889,0.22,4.03,1.41,50.4,50.4,12.6,-0.2
691,20.0,5.008,13.69,20.005,4.971,13.929,0.2418,13.95,72.97,-115.42,0.0151,0.2893,0.21,4.04,1.41,50.4,50.4,12.6,-0.2
692,20.0,5.017,13.679,20.005,4.98,13.918,0.2418,13.97,72.95,-115.42,0.0149,0.2896,0.21,4.04,1.41,50.4,50.4,12.6,-0.2
693,20.0,5.026,13.667,20.005,4.99,13.906,0.2419,14.0,72.93,-115.42,0.0146,0.29,0.2,4.05,1.41,50.4,50.4,12.6,-0.2
694,20.0,5.036,13.655,20.005,4.999,13.895,0.2419,14.04,72.88,-115.42,0.0143,0.2904,0.2,4.05,1.41,50.4,50.4,12.6,-0.2
695,20.0,5.045,13.644,20.005,5.008,13.883,0.242,14.06,72.86,-115.44,0.0141,0.2907,0.2,4.06,1.41,50.4,50.4,12.6,-0.2
696,20.0,5.054,13.632,20.005,5.017,13.87,0.2411,14.08,72.82,-115.44,0.0166,0.2911,0.23,4.06,1.42,50.4,50.4,12.6,-0.2
697,20.0,5.063,13.621,20.006,5.026,13.857,0.2394,14.11,72.8,-115.44,0.0219,0.2915,0.31,4.07,1.45,50.4,50.4,12.6,-0.19
698,20.0,5.073,13.609,20.005,5.035,13.848,0.2416,14.13,72.77,-115.44,0.0156,0.2919,0.22,4.08,1.44,50.4,50.4,12.6,-0.19
699,20.0,5.082,13.597,20.005,5.045,13.838,0.2431,14.15,72.73,-115.44,0.0109,0.2923,0.15,4.08,1.41,50.4,50.4,12.6,-0.2
700,20.0,5.091,13.586,20.005,5.055,13.826,0.2432,14.17,72.71,-115.44,0.0105,0.2926,0.15,4.09,1.41,50.4,50.4,12.6,-0.2
701,20.0,5.1,13.574,20.005,5.064,13.815,0.2431,14.19,72.69,-115.44,0.0104,0.293,0.15,4.09,1.41,50.4,50.4,12.6,-0.2
702,20.0,5.11,13.563,20.005,5.073,13.803,0.2431,14.24,72.64,-115.44,0.0101,0.2934,0.14,4.1,1.41,50.4,50.4,12.6,-0.2
703,20.0,5.119,13.551,20.005,5.082,13.791,0.2431,14.26,72.62,-115.47,0.0099,0.2937,0.14,4.1,1.41,50.4,50.4,12.6,-0.2
704,20.0,5.128,13.539,20.005,5.092,13.78,0.2431,14.28,72.58,-115.47,0.0096,0.2941,0.13,4.11,1.41,50.4,50.4,12.6,-0.2
705,20.0,5.137,13.528,20.005,5.101,13.768,0.2427,14.3,72.55,-115.47,0.0104,0.2945,0.15,4.11,1.41,50.4,50.4,12.6,-0.2
706,20.0,5.147,13.516,20.005,5.11,13.756,0.2423,14.33,72.51,-115.47,0.0114,0.2948,0.16,4.12,1.41,50.4,50.4,12.6,-0.2
707,20.0,5.156,13.505,20.005,5.12,13.744,0.2424,14.35,72.49,-115.47,0.0109,0.2952,0.15,4.12,1.41,50.4,50.4,12.6,-0.2
708,20.0,5.165,13.493,20.005,5.129,13.733,0.2425,14.37,72.47,-115.47,0.0107,0.2956,0.15,4.13,1.41,50.4,50.4,12.6,-0.2
709,20.0,5.175,13.481,20.005,5.138,13.721,0.2425,14.41,72.42,-115.47,0.0104,0.2959,0.15,4.13,1.41,50.4,50.4,12.6,-0.19
710,20.0,5.184,13.47,20.005,5.147,13.71,0.2426,14.44,72.4,-115.47,0.0101,0.2963,0.14,4.14,1.41,50.4,50.4,12.6,-0.19
711,20.0,5.193,13.458,20.005,5.157,13.698,0.2426,14.46,72.36,-115.49,0.0099,0.2967,0.14,4.14,1.41,50.4,50.4,12.6,-0.19
712,20.0,5.202,13.447,20.005,5.166,13.687,0.2427,14.48,72.33,-115.49,0.0096,0.297,0.13,4.15,1.41,50.4,50.4,12.6,-0.19
713,20.0,5.212,13.435,20.005,5.175,13.675,0.2427,14.5,72.31,-115.49,0.0094,0.2974,0.13,4.15,1.41,50.4,50.4,12.6,-0.19
714,20.0,5.221,13.423,20.006,5.184,13.661,0.2408,14.52,72.27,-115.49,0.0151,0.2978,0.21,4.16,1.43,50.4,50.4,12.6,-0.19
715,20.0,5.23,13.412,20.006,5.193,13.65,0.2409,14.55,72.25,-115.49,0.0152,0.2982,0.21,4.16,1.45,50.4,50.4,12.6,-0.18
716,20.0,5.239,13.4,20.006,5.203,13.64,0.2428,14.57,72.2,-115.49,0.0096,0.2986,0.13,4.17,1.42,50.4,50.4,12.6,-0.19
717,20.0,5.249,13.389,20.005,5.212,13.63,0.2441,14.61,72.18,-115.49,0.0056,0.2989,0.08,4.17,1.4,50.4,50.4,12.6,-0.19
718,20.0,5.258,13.377,20.005,5.222,13.618,0.2438,14.63,72.16,-115.49,0.006,0.2993,0.08,4.18,1.4,50.4,50.4,12.6,-0.19
719,20.0,5.267,13.365,20.005,5.231,13.607,0.2438,14.66,72.11,-115.49,0.0058,0.2997,0.08,4.18,1.4,50.4,50.4,12.6,-0.19
720,20.0,5.277,13.354,20.005,5.24,13.595,0.2438,14.68,72.09,-115.49,0.0055,0.3,0.08,4.19,1.4,50.4,50.4,12.6,-0.19
721,20.0,5.286,13.342,20.005,5.249,13.583,0.2438,14.7,72.05,-115.51,0.0053,0.3004,0.07,4.19,1.4,50.4,50.4,12.6,-0.19
722,20.0,5.295,13.331,20.005,5.259,13.572,0.2438,14.72,72.03,-115.51,0.005,0.3008,0.07,4.2,1.4,50.4,50.4,12.6,-0.19
723,20.0,5.304,13.319,20.006,5.268,13.559,0.243,14.74,71.98,-115.51,0.0071,0.3011,0.1,4.2,1.4,50.4,50.4,12.6,-0.19
724,20.0,5.314,13.307,20.006,5.277,13.548,0.2431,14.79,71.96,-115.51,0.0067,0.3015,0.09,4.21,1.4,50.4,50.4,12.6,-0.19
725,20.0,5.323,13.296,20.006,5.287,13.536,0.2432,14.81,71.94,-115.51,0.0064,0.3019,0.09,4.21,1.4,50.4,50.4,12.6,-0.19
726,20.0,5.332,13.284,20.006,5.296,13.525,0.2432,14.83,71.89,-115.51,0.0062,0.3022,0.09,4.22,1.4,50.4,50.4,12.6,-0.19
727,20.0,5.341,13.273,20.006,5.305,13.513,0.2432,14.85,71.87,-115.51,0.0059,0.3026,0.08,4.23,1.4,50.4,50.4,12.6,-0.19
728,20.0,5.351,13.261,20.006,5.315,13.502,0.2433,14.88,71.83,-115.51,0.0057,0.303,0.08,4.23,1.4,50.4,50.4,12.6,-0.19
729,20.0,5.36,13.249,20.006,5.324,13.49,0.2433,14.9,71.81,-115.51,0.0054,0.3033,0.08,4.24,1.4,50.4,50.4,12.6,-0.19
730,20.0,5.369,13.238,20.006,5.333,13.478,0.2434,14.92,71.78,-115.51,0.0052,0.3037,0.07,4.24,1.4,50.4,50.4,12.6,-0.19
731,20.0,5.379,13.226,20.006,5.342,13.467,0.2434,14.94,71.74,-115.51,0.005,0.3041,0.07,4.25,1.4,50.4,50.4,12.6,-0.19
732,20.0,5.388,13.215,20.007,5.351,13.453,0.2416,14.96,71.7,-115.51,0.0108,0.3045,0.15,4.25,1.44,50.4,50.4,12.6,-0.18
733,20.0,5.397,13.203,20.007,5.36,13.442,0.2414,15.01,71.67,-115.51,0.0114,0.3049,0.16,4.26,1.44,50.4,50.4,12.6,-0.18
734,20.0,5.406,13.191,20.006,5.37,13.432,0.2433,15.03,71.65,-115.53,0.0057,0.3052,0.08,4.26,1.4,50.4,50.4,12.6,-0.19
735,20.0,5.416,13.18,20.006,5.379,13.422,0.2449,15.05,71.63,-115.53,0.0011,0.3056,0.02,4.27,1.4,50.4,50.4,12.6,-0.19
736,20.0,5.425,13.168,20.006,5.389,13.41,0.2446,15.07,71.59,-115.53,0.0016,0.306,0.02,4.27,1.4,50.4,50.4,12.6,-0.19
737,20.0,5.434,13.157,20.006,5.398,13.399,0.2446,15.1,71.56,-115.53,0.0014,0.3063,0.02,4.28,1.4,50.4,50.4,12.6,-0.19
738,20.0,5.443,13.145,20.006,5.407,13.387,0.2446,15.12,71.52,-115.53,0.0011,0.3067,0.02,4.28,1.39,50.4,50.4,12.6,-0.19
739,20.0,5.453,13.133,20.006,5.417,13.375,0.2446,15.14,71.5,-115.53,0.0009,0.3071,0.01,4.29,1.39,50.4,50.4,12.6,-0.18
740,20.0,5.462,13.122,20.006,5.426,13.364,0.2446,15.18,71.46,-115.53,0.0007,0.3074,0.01,4.29,1.39,50.4,50.4,12.6,-0.18
741,20.0,5.471,13.11,20.006,5.435,13.352,0.2441,15.21,71.43,-115.53,0.0017,0.3078,0.02,4.3,1.39,50.4,50.4,12.6,-0.18
742,20.0,5.481,13.099,20.006,5.445,13.34,0.2438,15.23,71.39,-115.53,0.0025,0.3082,0.04,4.3,1.39,50.4,50.4,12.6,-0.18
743,20.0,5.49,13.087,20.006,5.454,13.328,0.2439,15.25,71.37,-115.53,0.0021,0.3085,0.03,4.31,1.39,50.4,50.4,12.6,-0.18
744,20.0,5.499,13.075,20.006,5.463,13.317,0.2439,15.27,71.32,-115.53,0.0019,0.3089,0.03,4.31,1.39,50.4,50.4,12.6,-0.18
745,20.0,5.508,13.064,20.006,5.472,13.305,0.244,15.29,71.3,-115.53,0.0016,0.3093,0.02,4.32,1.39,50.4,50.4,12.6,-0.18
746,20.0,5.518,13.052,20.006,5.482,13.294,0.244,15.31,71.28,-115.53,0.0014,0.3096,0.02,4.32,1.39,50.4,50.4,12.6,-0.18
747,20.0,5.527,13.041,20.006,5.491,13.282,0.244,15.34,71.24,-115.53,0.0012,0.31,0.02,4.33,1.39,50.4,50.4,12.6,-0.18
748,20.0,5.536,13.029,20.007,5.5,13.27,0.2441,15.38,71.21,-115.53,0.0009,0.3104,0.01,4.33,1.39,50.4,50.4,12.6,-0.18
749,20.0,5.545,13.017,20.007,5.509,13.257,0.2422,15.4,71.17,-115.53,0.0067,0.3107,0.09,4.34,1.41,50.4,50.4,12.6,-0.18
750,20.0,5.555,13.006,20.008,5.518,13.245,0.2417,15.42,71.13,-115.53,0.0085,0.3111,0.12,4.34,1.43,50.4,50.4,12.6,-0.17
751,20.0,5.564,12.994,20.007,5.527,13.235,0.2438,15.45,71.1,-115.55,0.0026,0.3115,0.04,4.35,1.42,50.4,50.4,12.6,-0.17
752,20.0,5.573,12.983,20.006,5.537,13.225,0.2453,15.47,71.08,-115.55,-0.0021,0.3119,-0.03,4.35,1.39,50.4,50.4,12.6,-0.18
753,20.0,5.583,12.971,20.006,5.547,13.214,0.2454,15.49,71.06,-115.55,-0.0025,0.3123,-0.03,4.36,1.39,50.4,50.4,12.6,-0.18
754,20.0,5.592,12.959,20.007,5.556,13.202,0.2453,15.51,71.02,-115.55,-0.0026,0.3126,-0.04,4.37,1.39,50.4,50.4,12.6,-0.18
755,20.0,5.601,12.948,20.007,5.565,13.19,0.2453,15.53,70.99,-115.55,-0.0028,0.313,-0.04,4.37,1.39,50.4,50.4,12.6,-0.18
756,20.0,5.61,12.936,20.007,5.575,13.179,0.2453,15.58,70.95,-115.55,-0.003,0.3134,-0.04,4.38,1.39,50.4,50.4,12.6,-0.18
757,20.0,5.62,12.925,20.007,5.584,13.167,0.2453,15.6,70.93,-115.55,-0.0032,0.3137,-0.05,4.38,1.39,50.4,50.4,12.6,-0.18
758,20.0,5.629,12.913,20.007,5.593,13.156,0.2453,15.62,70.88,-115.55,-0.0035,0.3141,-0.05,4.39,1.39,50.4,50.4,12.6,-0.18
759,20.0,5.638,12.901,20.007,5.602,13.144,0.2449,15.64,70.86,-115.55,-0.0026,0.3145,-0.04,4.39,1.39,50.4,50.4,12.6,-0.18
760,20.0,5.648,12.89,20.007,5.612,13.132,0.2444,15.67,70.82,-115.55,-0.0015,0.3148,-0.02,4.4,1.39,50.4,50.4,12.6,-0.18
761,20.0,5.657,12.878,20.007,5.621,13.12,0.2446,15.69,70.8,-115.55,-0.0019,0.3152,-0.03,4.4,1.39,50.4,50.4,12.6,-0.18
762,20.0,5.666,12.867,20.007,5.63,13.109,0.2446,15.71,70.75,-115.55,-0.0022,0.3156,-0.03,4.41,1.38,50.4,50.4,12.6,-0.18
763,20.0,5.675,12.855,20.007,5.64,13.097,0.2446,15.73,70.73,-115.55,-0.0024,0.3159,-0.03,4.41,1.38,50.4,50.4,12.6,-0.18
764,20.0,5.685,12.843,20.007,5.649,13.085,0.2447,15.78,70.69,-115.55,-0.0026,0.3163,-0.04,4.42,1.38,50.4,50.4,12.6,-0.18
765,20.0,5.694,12.832,20.007,5.658,13.074,0.2447,15.8,70.66,-115.55,-0.0028,0.3167,-0.04,4.42,1.38,50.4,50.4,12.6,-0.18
766,20.0,5.703,12.82,20.007,5.667,13.062,0.2448,15.82,70.62,-115.55,-0.003,0.317,-0.04,4.43,1.38,50.4,50.4,12.6,-0.18
767,20.0,5.712,12.809,20.008,5.676,13.049,0.2429,15.84,70.6,-115.55,0.0027,0.3173,0.04,4.43,1.42,50.4,50.4,12.6,-0.17
768,20.0,5.722,12.797,20.009,5.685,13.037,0.2425,15.86,70.55,-115.55,0.0054,0.3163,0.08,4.42,1.43,50.4,50.4,12.6,-0.16
769,20.0,5.731,12.785,20.008,5.695,13.027,0.2448,15.89,70.53,-115.55,-0.0006,0.3155,-0.01,4.41,1.39,50.4,50.4,12.6,-0.17
770,20.0,5.74,12.774,20.008,5.705,13.018,0.2466,15.91,70.51,-115.55,-0.0053,0.3148,-0.07,4.39,1.38,50.4,50.4,12.6,-0.17
771,20.0,5.75,12.762,20.008,5.714,13.007,0.2472,15.93,70.47,-115.55,-0.0066,0.314,-0.09,4.38,1.38,50.4,50.4,12.6,-0.17
772,20.0,5.759,12.751,20.008,5.724,12.995,0.2472,15.97,70.44,-115.55,-0.0065,0.3132,-0.09,4.37,1.38,50.4,50.4,12.6,-0.17
773,20.0,5.768,12.739,20.009,5.733,12.984,0.2474,16.0,70.4,-115.55,-0.0067,0.3124,-0.09,4.36,1.38,50.4,50.4,12.6,-0.17
774,20.0,5.777,12.727,20.009,5.742,12.972,0.2475,16.02,70.38,-115.55,-0.0069,0.3117,-0.1,4.35,1.38,50.4,50.4,12.6,-0.17
775,20.0,5.787,12.716,20.009,5.752,12.961,0.2477,16.04,70.33,-115.55,-0.0071,0.3109,-0.1,4.34,1.38,50.4,50.4,12.6,-0.17
776,20.0,5.796,12.704,20.009,5.761,12.949,0.2478,16.06,70.31,-115.55,-0.0074,0.3101,-0.1,4.33,1.38,50.4,50.4,12.6,-0.17
777,20.0,5.805,12.693,20.009,5.77,12.938,0.2478,16.08,70.27,-115.55,-0.0076,0.3093,-0.11,4.32,1.38,50.4,50.4,12.6,-0.17
778,20.0,5.815,12.681,20.009,5.78,12.926,0.2474,16.11,70.25,-115.55,-0.0063,0.3086,-0.09,4.31,1.38,50.4,50.4,12.6,-0.17
779,20.0,5.824,12.669,20.01,5.789,12.914,0.2472,16.13,70.2,-115.55,-0.0056,0.3078,-0.08,4.3,1.38,50.4,50.4,12.6,-0.17
780,20.0,5.833,12.658,20.01,5.798,12.902,0.2473,16.15,70.18,-115.55,-0.006,0.307,-0.08,4.29,1.38,50.4,50.4,12.6,-0.17
781,20.0,5.842,12.646,20.01,5.807,12.891,0.2474,16.19,70.14,-115.55,-0.0062,0.3063,-0.09,4.28,1.38,50.4,50.4,12.6,-0.17
782,20.0,5.852,12.635,20.01,5.817,12.879,0.2475,16.22,70.11,-115.55,-0.0064,0.3055,-0.09,4.27,1.38,50.4,50.4,12.6,-0.17
783,20.0,5.861,12.623,20.01,5.826,12.868,0.2475,16.24,70.07,-115.55,-0.0066,0.3047,-0.09,4.25,1.38,50.4,50.4,12.6,-0.17
784,20.0,5.87,12.611,20.01,5.835,12.855,0.2464,16.26,70.05,-115.55,-0.0034,0.3039,-0.05,4.24,1.39,50.4,50.4,12.6,-0.17
785,20.0,5.879,12.6,20.011,5.844,12.842,0.2448,16.28,70.0,-115.55,0.0019,0.3031,0.03,4.23,1.42,50.4,50.4,12.6,-0.16
786,20.0,5.889,12.588,20.01,5.853,12.832,0.247,16.3,69.98,-115.55,-0.0045,0.3023,-0.06,4.22,1.41,50.4,50.4,12.6,-0.16
787,20.0,5.898,12.577,20.01,5.863,12.822,0.2484,16.33,69.96,-115.55,-0.0091,0.3016,-0.13,4.21,1.37,50.4,50.4,12.6,-0.17
788,20.0,5.907,12.565,20.01,5.872,12.811,0.2485,16.35,69.92,-115.55,-0.01,0.3008,-0.14,4.2,1.37,50.4,50.4,12.6,-0.17
789,20.0,5.917,12.553,20.009,5.882,12.799,0.2483,16.37,69.9,-115.55,-0.01,0.3,-0.14,4.19,1.37,50.4,50.4,12.6,-0.17
790,20.0,5.926,12.542,20.009,5.891,12.787,0.2482,16.41,69.85,-115.55,-0.0102,0.2992,-0.14,4.18,1.37,50.4,50.4,12.6,-0.17
791,20.0,5.935,12.53,20.009,5.9,12.775,0.248,16.44,69.83,-115.55,-0.0104,0.2985,-0.15,4.17,1.37,50.4,50.4,12.6,-0.17
792,20.0,5.944,12.519,20.009,5.909,12.764,0.2479,16.46,69.79,-115.55,-0.0106,0.2977,-0.15,4.16,1.37,50.4,50.4,12.6,-0.17
793,20.0,5.954,12.507,20.009,5.919,12.752,0.2476,16.48,69.76,-115.55,-0.0106,0.2969,-0.15,4.15,1.37,50.4,50.4,12.6,-0.17
794,20.0,5.963,12.495,20.009,5.928,12.739,0.2466,16.5,69.72,-115.55,-0.0084,0.2962,-0.12,4.14,1.37,50.4,50.4,12.6,-0.17
795,20.0,5.972,12.484,20.009,5.937,12.728,0.2465,16.52,69.7,-115.55,-0.0089,0.2954,-0.12,4.12,1.37,50.4,50.4,12.6,-0.17
796,20.0,5.982,12.472,20.009,5.946,12.716,0.2463,16.55,69.65,-115.55,-0.0091,0.2946,-0.13,4.11,1.37,50.4,50.4,12.6,-0.17
797,20.0,5.991,12.46,20.008,5.956,12.704,0.2461,16.57,69.63,-115.55,-0.0093,0.2938,-0.13,4.1,1.37,50.4,50.4,12.6,-0.17
798,20.0,6.0,12.449,20.008,5.965,12.692,0.2459,16.61,69.59,-115.55,-0.0095,0.2931,-0.13,4.09,1.37,50.4,50.4,12.6,-0.16
799,20.0,6.009,12.437,20.008,5.974,12.68,0.2457,16.63,69.57,-115.55,-0.0097,0.2923,-0.14,4.08,1.37,50.4,50.4,12.6,-0.16
800,20.0,6.019,12.426,20.008,5.983,12.668,0.2454,16.66,69.52,-115.55,-0.0099,0.2915,-0.14,4.07,1.37,50.4,50.4,12.6,-0.16
801,20.0,6.028,12.414,20.007,5.993,12.657,0.2451,16.68,69.5,-115.55,-0.0101,0.2908,-0.14,4.06,1.37,50.4,50.4,12.6,-0.16
802,20.0,6.037,12.402,20.008,6.001,12.643,0.2429,16.7,69.46,-115.55,-0.0043,0.29,-0.06,4.05,1.4,50.4,50.4,12.6,-0.16
803,20.0,6.047,12.391,20.008,6.01,12.629,0.2413,16.72,69.41,-115.55,0.0001,0.2892,0.0,4.04,1.42,50.4,50.4,12.6,-0.15
804,20.0,6.056,12.379,20.007,6.02,12.62,0.2431,16.74,69.39,-115.55,-0.0062,0.2884,-0.09,4.03,1.39,50.4,50.4,12.6,-0.16
805,20.0,6.065,12.368,20.006,6.029,12.609,0.2444,16.77,69.37,-115.55,-0.0108,0.2876,-0.15,4.02,1.37,50.4,50.4,12.6,-0.16
806,20.0,6.074,12.356,20.006,6.038,12.598,0.245,16.79,69.32,-115.55,-0.0138,0.2868,-0.19,4.0,1.37,50.4,50.4,12.6,-0.16
807,20.0,6.084,12.344,20.005,6.048,12.586,0.2443,16.81,69.3,-115.55,-0.0135,0.2861,-0.19,3.99,1.37,50.4,50.4,12.6,-0.16
808,20.0,6.093,12.333,20.005,6.057,12.574,0.2439,16.85,69.26,-115.55,-0.0137,0.2853,-0.19,3.98,1.37,50.4,50.4,12.6,-0.16
809,20.0,6.102,12.321,20.004,6.066,12.562,0.2435,16.88,69.24,-115.55,-0.0138,0.2845,-0.19,3.97,1.36,50.4,50.4,12.6,-0.16
810,20.0,6.112,12.31,20.004,6.075,12.55,0.243,16.9,69.19,-115.55,-0.014,0.2837,-0.2,3.96,1.36,50.4,50.4,12.6,-0.16
811,20.0,6.121,12.298,20.004,6.084,12.538,0.2425,16.92,69.17,-115.55,-0.0142,0.283,-0.2,3.95,1.36,50.4,50.4,12.6,-0.16
812,20.0,6.13,12.286,20.003,6.093,12.526,0.242,16.94,69.13,-115.55,-0.0144,0.2822,-0.2,3.94,1.36,50.4,50.4,12.6,-0.16
813,20.0,6.139,12.275,20.003,6.102,12.513,0.2415,16.96,69.1,-115.55,-0.0146,0.2814,-0.2,3.93,1.36,50.4,50.4,12.6,-0.16
814,20.0,6.149,12.263,20.002,6.112,12.501,0.241,16.98,69.06,-115.55,-0.0148,0.2807,-0.21,3.92,1.36,50.4,50.4,12.6,-0.16
815,20.0,6.158,12.252,20.002,6.121,12.488,0.2396,17.01,69.04,-115.55,-0.0126,0.2799,-0.18,3.91,1.36,50.4,50.4,12.6,-0.16
816,20.0,6.167,12.24,20.001,6.13,12.476,0.2391,17.03,68.99,-115.55,-0.0128,0.2791,-0.18,3.9,1.36,50.4,50.4,12.6,-0.16
817,20.0,6.176,12.228,20.001,6.139,12.464,0.2386,17.07,68.97,-115.55,-0.013,0.2783,-0.18,3.89,1.36,50.4,50.4,12.6,-0.16
818,20.0,6.186,12.217,20.0,6.148,12.452,0.2381,17.09,68.93,-115.55,-0.0132,0.2776,-0.18,3.88,1.36,50.4,50.4,12.6,-0.16
819,20.0,6.195,12.205,19.999,6.157,12.439,0.2374,17.12,68.91,-115.55,-0.0129,0.2768,-0.18,3.86,1.36,50.4,50.4,12.6,-0.16
820,20.0,6.204,12.194,20.0,6.165,12.425,0.235,17.14,68.86,-115.55,-0.0072,0.276,-0.1,3.85,1.41,50.4,50.4,12.6,-0.14
821,20.0,6.214,12.182,19.999,6.174,12.412,0.2334,17.16,68.82,-115.55,-0.0038,0.2752,-0.05,3.84,1.41,50.4,50.4,12.6,-0.14
822,20.0,6.223,12.17,19.998,6.185,12.402,0.2349,17.18,68.8,-115.58,-0.01,0.2744,-0.14,3.83,1.36,50.4,50.4,12.6,-0.16
823,20.0,6.232,12.159,19.997,6.194,12.391,0.2359,17.2,68.77,-115.58,-0.0146,0.2736,-0.2,3.82,1.36,50.4,50.4,12.6,-0.16
824,20.0,6.241,12.147,19.996,6.203,12.38,0.236,17.23,68.73,-115.58,-0.017,0.2729,-0.24,3.81,1.36,50.4,50.4,12.6,-0.16
825,20.0,6.251,12.135,19.995,6.212,12.367,0.2352,17.25,68.71,-115.58,-0.0167,0.2721,-0.23,3.8,1.36,50.4,50.4,12.6,-0.16
826,20.0,6.26,12.124,19.995,6.221,12.355,0.2345,17.29,68.66,-115.58,-0.0169,0.2713,-0.24,3.79,1.36,50.4,50.4,12.6,-0.16
827,20.0,6.269,12.112,19.992,6.229,12.341,0.2325,17.31,68.64,-115.58,-0.0171,0.2768,-0.24,3.87,1.36,50.4,50.4,12.6,-0.15
828,20.0,6.279,12.101,19.99,6.238,12.328,0.2308,17.34,68.6,-115.58,-0.0172,0.2814,-0.24,3.93,1.36,50.4,50.4,12.6,-0.15
829,20.0,6.288,12.089,19.989,6.247,12.314,0.2292,17.36,68.58,-115.6,-0.0174,0.286,-0.24,3.99,1.36,50.4,50.4,12.6,-0.15
830,20.0,6.297,12.077,19.987,6.255,12.301,0.2277,17.38,68.53,-115.6,-0.0176,0.2906,-0.25,4.06,1.36,50.4,50.4,12.6,-0.15
831,20.0,6.306,12.066,19.985,6.264,12.288,0.2262,17.4,68.51,-115.6,-0.0177,0.2951,-0.25,4.12,1.36,50.4,50.4,12.6,-0.15
832,20.0,6.316,12.054,19.984,6.273,12.274,0.2245,17.42,68.47,-115.6,-0.017,0.2997,-0.24,4.18,1.35,50.4,50.4,12.6,-0.15
833,20.0,6.325,12.043,19.982,6.282,12.26,0.2226,17.45,68.42,-115.62,-0.0155,0.3043,-0.22,4.25,1.35,50.4,50.4,12.6,-0.15
834,20.0,6.334,12.031,19.965,6.286,12.232,0.21,17.47,68.4,-115.69,-0.0159,0.3725,-0.22,5.2,1.35,50.4,50.4,12.6,-0.15
835,20.0,6.344,12.019,19.964,6.294,12.219,0.209,17.49,68.36,-115.69,-0.0161,0.3771,-0.22,5.27,1.35,50.4,50.4,12.6,-0.15
836,20.0,6.353,12.008,19.962,6.303,12.206,0.2081,17.53,68.33,-115.69,-0.0163,0.3817,-0.23,5.33,1.35,50.4,50.4,12.6,-0.15
837,20.0,6.362,11.996,19.961,6.312,12.191,0.2053,17.56,68.29,-115.69,-0.0105,0.3862,-0.15,5.39,1.38,50.4,50.4,12.6,-0.14
838,20.0,6.371,11.985,19.961,6.32,12.177,0.2031,17.58,68.25,-115.69,-0.0056,0.3908,-0.08,5.46,1.41,50.4,50.4,12.6,-0.14
839,20.0,6.381,11.973,19.959,6.329,12.167,0.2046,17.6,68.23,-115.69,-0.012,0.3954,-0.17,5.52,1.38,50.4,50.4,12.6,-0.14
840,20.0,6.39,11.961,19.957,6.339,12.156,0.2055,17.62,68.2,-115.71,-0.0166,0.3999,-0.23,5.58,1.35,50.4,50.4,12.6,-0.15
841,20.0,6.399,11.95,19.956,6.348,12.144,0.206,17.64,68.18,-115.71,-0.02,0.4045,-0.28,5.65,1.35,50.4,50.4,12.6,-0.15
842,20.0,6.409,11.938,19.955,6.357,12.131,0.2051,17.67,68.14,-115.71,-0.0195,0.4091,-0.27,5.71,1.35,50.4,50.4,12.6,-0.15
843,20.0,6.418,11.926,19.955,6.366,12.12,0.2052,17.69,68.09,-115.71,-0.0197,0.4093,-0.27,5.71,1.35,50.4,50.4,12.6,-0.15
844,20.0,6.427,11.915,19.955,6.375,12.108,0.2052,17.71,68.07,-115.71,-0.0199,0.4096,-0.28,5.72,1.35,50.4,50.4,12.6,-0.15
845,20.0,6.437,11.903,19.955,6.384,12.097,0.2052,17.73,68.03,-115.69,-0.02,0.4099,-0.28,5.72,1.35,50.4,50.4,12.6,-0.15
846,20.0,6.446,11.892,19.955,6.394,12.085,0.2052,17.78,68.01,-115.69,-0.0202,0.4103,-0.28,5.73,1.35,50.4,50.4,12.6,-0.15
847,20.0,6.455,11.88,19.955,6.403,12.073,0.2052,17.8,67.96,-115.69,-0.0203,0.4107,-0.28,5.73,1.35,50.4,50.4,12.6,-0.15
848,20.0,6.464,11.868,19.955,6.412,12.062,0.2052,17.82,67.94,-115.69,-0.0205,0.411,-0.29,5.74,1.35,50.4,50.4,12.6,-0.15
849,20.0,6.474,11.857,19.955,6.422,12.05,0.2052,17.84,67.9,-115.69,-0.0207,0.4114,-0.29,5.74,1.35,50.4,50.4,12.6,-0.15
850,20.0,6.483,11.845,19.955,6.431,12.038,0.2046,17.86,67.87,-115.69,-0.0189,0.4118,-0.26,5.75,1.35,50.4,50.4,12.6,-0.15
851,20.0,6.492,11.834,19.955,6.44,12.026,0.2045,17.89,67.83,-115.69,-0.0185,0.4121,-0.26,5.75,1.35,50.4,50.4,12.6,-0.15
852,20.0,6.502,11.822,19.955,6.449,12.015,0.2046,17.91,67.79,-115.69,-0.0188,0.4125,-0.26,5.76,1.35,50.4,50.4,12.6,-0.15
853,20.0,6.511,11.81,19.955,6.459,12.003,0.2046,17.93,67.76,-115.66,-0.0189,0.4129,-0.26,5.76,1.35,50.4,50.4,12.6,-0.15
854,20.0,6.52,11.799,19.955,6.468,11.992,0.2047,17.95,67.72,-115.66,-0.0191,0.4132,-0.27,5.77,1.35,50.4,50.4,12.6,-0.15
855,20.0,6.529,11.787,19.956,6.476,11.978,0.203,17.97,67.7,-115.66,-0.0133,0.4136,-0.19,5.78,1.39,50.4,50.4,12.6,-0.13
856,20.0,6.539,11.776,19.956,6.485,11.965,0.2014,18.0,67.65,-115.66,-0.0084,0.414,-0.12,5.78,1.4,50.4,50.4,12.6,-0.13
857,20.0,6.548,11.764,19.956,6.496,11.956,0.2036,18.04,67.63,-115.66,-0.0148,0.4144,-0.21,5.79,1.35,50.4,50.4,12.6,-0.14
858,20.0,6.557,11.752,19.955,6.505,11.946,0.2053,18.06,67.59,-115.66,-0.0194,0.4148,-0.27,5.79,1.34,50.4,50.4,12.6,-0.14
859,20.0,6.567,11.741,19.955,6.514,11.935,0.2065,18.08,67.57,-115.66,-0.0227,0.4151,-0.32,5.8,1.34,50.4,50.4,12.6,-0.14
860,20.0,6.576,11.729,19.955,6.524,11.924,0.2063,18.11,67.52,-115.66,-0.0223,0.4155,-0.31,5.8,1.34,50.4,50.4,12.6,-0.14
861,20.0,6.585,11.717,19.955,6.533,11.912,0.2063,18.13,67.5,-115.64,-0.0224,0.4159,-0.31,5.81,1.34,50.4,50.4,12.6,-0.14
862,20.0,6.594,11.706,19.955,6.542,11.9,0.2063,18.15,67.46,-115.64,-0.0226,0.4162,-0.32,5.81,1.34,50.4,50.4,12.6,-0.14
863,20.0,6.604,11.694,19.954,6.558,11.887,0.2033,18.19,67.41,-115.64,-0.0168,0.4166,-0.23,5.82,1.1,50.4,50.4,12.6,0.05
864,20.0,6.613,11.683,19.949,6.582,11.874,0.2,18.26,67.39,-115.64,-0.0119,0.4168,-0.17,5.82,0.48,50.4,50.4,12.6,0.54
865,20.0,6.622,11.671,19.946,6.601,11.86,0.198,18.3,67.35,-115.64,-0.0071,0.4169,-0.1,5.82,0.09,50.4,50.4,12.6,0.85
866,20.0,6.631,11.66,19.946,6.611,11.848,0.1966,18.35,67.3,-115.64,-0.0022,0.4171,-0.03,5.82,0.08,50.4,50.4,12.6,0.86
867,20.0,6.641,11.648,19.947,6.62,11.835,0.1952,18.37,67.26,-115.64,0.0027,0.4173,0.04,5.83,0.08,50.4,50.4,12.6,0.86
868,20.0,6.65,11.637,19.947,6.629,11.822,0.1939,18.39,67.24,-115.62,0.0076,0.4174,0.11,5.83,0.08,50.4,50.4,12.6,0.86
869,20.0,6.659,11.625,19.947,6.639,11.809,0.1927,18.41,67.19,-115.62,0.0125,0.4176,0.17,5.83,0.07,50.4,50.4,12.6,0.86
870,20.0,6.668,11.614,19.947,6.648,11.797,0.1915,18.44,67.15,-115.62,0.0174,0.4177,0.24,5.83,0.07,50.4,50.4,12.6,0.86
871,20.0,6.677,11.603,19.947,6.657,11.784,0.1904,18.46,67.13,-115.62,0.0223,0.4179,0.31,5.83,0.07,50.4,50.4,12.6,0.87
872,20.0,6.686,11.591,19.948,6.666,11.772,0.1894,18.48,67.08,-115.62,0.0271,0.418,0.38,5.84,0.07,50.4,50.4,12.6,0.87
873,20.0,6.695,11.58,19.948,6.674,11.76,0.1885,18.5,67.04,-115.62,0.032,0.4182,0.45,5.84,0.11,50.4,50.4,12.6,0.88
874,20.0,6.704,11.569,19.948,6.683,11.748,0.1877,18.52,67.02,-115.6,0.0369,0.4184,0.52,5.84,0.1,50.4,50.4,12.6,0.88
875,20.0,6.713,11.558,19.948,6.694,11.736,0.1869,18.54,66.97,-115.6,0.0418,0.4185,0.58,5.84,0.05,50.4,50.4,12.6,0.87
876,20.0,6.722,11.546,19.948,6.703,11.724,0.1862,18.57,66.95,-115.6,0.0467,0.4186,0.65,5.84,0.05,50.4,50.4,12.6,0.87
877,20.0,6.731,11.535,19.948,6.712,11.713,0.1855,18.59,66.91,-115.6,0.0516,0.4187,0.72,5.85,0.04,50.4,50.4,12.6,0.88
878,20.0,6.74,11.524,19.949,6.721,11.701,0.185,18.61,66.88,-115.6,0.0564,0.4188,0.79,5.85,0.04,50.4,50.4,12.6,0.88
879,20.0,6.749,11.513,19.949,6.729,11.689,0.1845,18.63,66.84,-115.6,0.0613,0.4189,0.86,5.85,0.03,50.4,50.4,12.6,0.88
880,20.0,6.757,11.502,19.949,6.738,11.678,0.1841,18.65,66.8,-115.58,0.0662,0.419,0.92,5.85,0.03,50.4,50.4,12.6,0.88
881,20.0,6.766,11.491,19.949,6.747,11.667,0.1837,18.68,66.77,-115.58,0.0711,0.4191,0.99,5.85,0.03,50.4,50.4,12.6,0.88
882,20.0,6.775,11.48,19.949,6.756,11.656,0.1835,18.7,66.73,-115.58,0.076,0.4192,1.06,5.85,0.02,50.4,50.4,12.6,0.88
883,20.0,6.783,11.47,19.949,6.765,11.645,0.1833,18.74,66.71,-115.58,0.0808,0.4193,1.13,5.85,0.02,50.4,50.4,12.6,0.89
884,20.0,6.792,11.459,19.949,6.774,11.634,0.1832,18.76,66.67,-115.58,0.0857,0.4194,1.2,5.86,0.02,50.4,50.4,12.6,0.89
885,20.0,6.801,11.448,19.949,6.782,11.623,0.1832,18.79,66.64,-115.58,0.0906,0.4195,1.27,5.86,0.01,50.4,50.4,12.6,0.89
886,20.0,6.809,11.437,19.949,6.791,11.612,0.1832,18.81,66.62,-115.55,0.0955,0.4195,1.33,5.86,0.01,50.4,50.4,12.6,0.89
887,20.0,6.818,11.427,19.949,6.8,11.602,0.1833,18.83,66.58,-115.55,0.1004,0.4196,1.4,5.86,0.0,50.4,50.4,12.6,0.89
888,20.0,6.826,11.416,19.949,6.808,11.591,0.1835,18.85,66.56,-115.55,0.1052,0.4197,1.47,5.86,0.0,50.4,50.4,12.6,0.89
889,20.0,6.835,11.405,19.949,6.817,11.585,0.1877,18.87,66.53,-115.55,0.0989,0.4197,1.38,5.86,-0.0,50.4,50.4,12.6,0.9
890,20.0,6.843,11.395,19.948,6.825,11.578,0.1911,18.9,66.51,-115.55,0.0942,0.4198,1.32,5.86,-0.01,50.4,50.4,12.6,0.9
891,20.0,6.852,11.384,19.948,6.833,11.57,0.1943,18.92,66.49,-115.53,0.0896,0.4199,1.25,5.86,0.01,50.4,50.4,12.6,0.9
892,20.0,6.86,11.374,19.948,6.84,11.563,0.1974,18.92,66.47,-115.53,0.0849,0.4199,1.19,5.86,0.04,50.4,50.4,12.6,0.91
893,20.0,6.869,11.363,19.947,6.849,11.555,0.2004,18.94,66.45,-115.53,0.0802,0.42,1.12,5.86,0.01,50.4,50.4,12.6,0.91
894,20.0,6.877,11.353,19.947,6.858,11.548,0.2032,18.98,66.42,-115.53,0.0755,0.42,1.05,5.86,-0.02,50.4,50.4,12.6,0.9
895,20.0,6.885,11.342,19.946,6.867,11.54,0.2059,19.01,66.38,-115.53,0.0709,0.4201,0.99,5.87,-0.03,50.4,50.4,12.6,0.9
896,20.0,6.894,11.332,19.946,6.875,11.532,0.2084,19.03,66.36,-115.53,0.0662,0.4201,0.92,5.87,-0.03,50.4,50.4,12.6,0.91
897,20.0,6.902,11.322,19.946,6.883,11.524,0.2108,19.03,66.34,-115.51,0.0615,0.4201,0.86,5.87,-0.03,50.4,50.4,12.6,0.91
898,20.0,6.91,11.311,19.946,6.891,11.516,0.213,19.05,66.31,-115.51,0.0569,0.4201,0.79,5.87,-0.04,50.4,50.4,12.6,0.91
899,20.0,6.918,11.301,19.945,6.9,11.508,0.2151,19.07,66.29,-115.51,0.0522,0.4202,0.73,5.87,-0.04,50.4,50.4,12.6,0.91
900,20.0,6.927,11.291,19.945,6.908,11.5,0.217,19.09,66.27,-115.51,0.0475,0.4202,0.66,5.87,-0.05,50.4,50.4,12.6,0.91
901,20.0,6.935,11.281,19.945,6.916,11.492,0.2188,19.12,66.25,-115.51,0.0428,0.4202,0.6,5.87,-0.05,50.4,50.4,12.6,0.91
902,20.0,6.943,11.27,19.945,6.924,11.481,0.2183,19.14,66.2,-115.49,0.0444,0.4202,0.62,5.87,-0.05,50.4,50.4,12.6,0.91
903,20.0,6.951,11.26,19.945,6.932,11.47,0.2176,19.16,66.18,-115.49,0.0463,0.4202,0.65,5.87,-0.06,50.4,50.4,12.6,0.91
904,20.0,6.959,11.25,19.946,6.941,11.46,0.217,19.18,66.14,-115.49,0.0481,0.4202,0.67,5.87,-0.06,50.4,50.4,12.6,0.92
905,20.0,6.967,11.24,19.946,6.949,11.449,0.2164,19.2,66.12,-115.49,0.0499,0.4202,0.7,5.87,-0.06,50.4,50.4,12.6,0.92
906,20.0,6.975,11.23,19.946,6.957,11.438,0.2157,19.23,66.07,-115.49,0.0517,0.4201,0.72,5.87,-0.07,50.4,50.4,12.6,0.92
907,20.0,6.983,11.22,19.946,6.965,11.428,0.2151,19.25,66.05,-115.47,0.0534,0.4201,0.75,5.87,-0.07,50.4,50.4,12.6,0.92
908,20.0,6.991,11.211,19.946,6.973,11.417,0.2145,19.27,66.03,-115.47,0.0552,0.4201,0.77,5.87,-0.08,50.4,50.4,12.6,0.92
909,20.0,6.999,11.201,19.946,6.981,11.407,0.2139,19.29,65.98,-115.47,0.057,0.4201,0.8,5.87,-0.08,50.4,50.4,12.6,0.92
910,20.0,7.007,11.191,19.947,6.989,11.397,0.2132,19.31,65.96,-115.47,0.0588,0.42,0.82,5.86,-0.08,50.4,50.4,12.6,0.92
911,20.0,7.014,11.181,19.947,6.997,11.386,0.2126,19.34,65.92,-115.47,0.0606,0.42,0.85,5.86,-0.08,50.4,50.4,12.6,0.93
912,20.0,7.022,11.171,19.947,7.004,11.376,0.212,19.34,65.9,-115.47,0.0624,0.42,0.87,5.86,-0.04,50.4,50.4,12.6,0.94
913,20.0,7.03,11.162,19.947,7.012,11.365,0.2113,19.36,65.85,-115.44,0.0642,0.42,0.9,5.86,-0.06,50.4,50.4,12.6,0.94
914,20.0,7.038,11.152,19.947,7.021,11.355,0.2107,19.38,65.83,-115.44,0.066,0.4199,0.92,5.86,-0.1,50.4,50.4,12.6,0.93
915,20.0,7.045,11.142,19.947,7.028,11.345,0.2101,19.4,65.81,-115.44,0.0678,0.4199,0.95,5.86,-0.1,50.4,50.4,12.6,0.93
916,20.0,7.053,11.133,19.948,7.036,11.335,0.2095,19.42,65.76,-115.44,0.0696,0.4198,0.97,5.86,-0.11,50.4,50.4,12.6,0.93
917,20.0,7.061,11.123,19.948,7.044,11.325,0.2089,19.45,65.74,-115.44,0.0714,0.4198,1.0,5.86,-0.11,50.4,50.4,12.6,0.93
918,20.0,7.068,11.114,19.948,7.052,11.315,0.2082,19.47,65.72,-115.42,0.0732,0.4197,1.02,5.86,-0.11,50.4,50.4,12.6,0.93
919,20.0,7.076,11.104,19.948,7.059,11.304,0.2076,19.49,65.68,-115.42,0.075,0.4196,1.05,5.86,-0.12,50.4,50.4,12.6,0.94
920,20.0,7.083,11.095,19.948,7.067,11.294,0.207,19.51,65.65,-115.42,0.0768,0.4196,1.07,5.86,-0.12,50.4,50.4,12.6,0.94
921,20.0,7.091,11.085,19.948,7.075,11.284,0.2064,19.53,65.61,-115.42,0.0786,0.4195,1.1,5.86,-0.13,50.4,50.4,12.6,0.94
922,20.0,7.098,11.076,19.949,7.082,11.275,0.2057,19.56,65.59,-115.42,0.0804,0.4194,1.12,5.86,-0.13,50.4,50.4,12.6,0.94
923,20.0,7.106,11.067,19.949,7.09,11.265,0.2051,19.56,65.57,-115.4,0.0822,0.4193,1.15,5.86,-0.13,50.4,50.4,12.6,0.94
924,20.0,7.113,11.057,19.949,7.098,11.255,0.2045,19.58,65.52,-115.4,0.084,0.4192,1.17,5.85,-0.14,50.4,50.4,12.6,0.94
925,20.0,7.121,11.048,19.949,7.105,11.245,0.2039,19.6,65.5,-115.4,0.0858,0.4192,1.2,5.85,-0.14,50.4,50.4,12.6,0.94
926,20.0,7.128,11.039,19.949,7.113,11.235,0.2032,19.62,65.48,-115.4,0.0876,0.4191,1.22,5.85,-0.14,50.4,50.4,12.6,0.94
927,20.0,7.135,11.03,19.949,7.12,11.225,0.2026,19.64,65.43,-115.4,0.0894,0.419,1.25,5.85,-0.15,50.4,50.4,12.6,0.94
928,20.0,7.143,11.021,19.95,7.127,11.216,0.202,19.67,65.41,-115.38,0.0913,0.4189,1.27,5.85,-0.15,50.4,50.4,12.6,0.95
929,20.0,7.15,11.012,19.95,7.135,11.206,0.2014,19.69,65.39,-115.38,0.0931,0.4188,1.3,5.85,-0.16,50.4,50.4,12.6,0.95
930,20.0,7.157,11.002,19.95,7.142,11.196,0.2008,19.69,65.35,-115.38,0.0949,0.4186,1.32,5.85,-0.16,50.4,50.4,12.6,0.95
931,20.0,7.164,10.993,19.95,7.15,11.187,0.2001,19.71,65.32,-115.38,0.0967,0.4185,1.35,5.84,-0.16,50.4,50.4,12.6,0.95
932,20.0,7.172,10.985,19.95,7.157,11.177,0.1995,19.73,65.3,-115.38,0.0985,0.4184,1.38,5.84,-0.17,50.4,50.4,12.6,0.95
933,20.0,7.179,10.976,19.95,7.164,11.168,0.1989,19.75,65.26,-115.36,0.1004,0.4183,1.4,5.84,-0.16,50.4,50.4,12.6,0.96
934,20.0,7.186,10.967,19.951,7.17,11.158,0.1982,19.78,65.24,-115.36,0.1022,0.4182,1.43,5.84,-0.13,50.4,50.4,12.6,0.97
935,20.0,7.193,10.958,19.951,7.178,11.149,0.1976,19.8,65.21,-115.36,0.1041,0.4181,1.45,5.84,-0.15,50.4,50.4,12.6,0.96
936,20.0,7.2,10.949,19.951,7.186,11.139,0.197,19.8,65.17,-115.36,0.1059,0.418,1.48,5.84,-0.18,50.4,50.4,12.6,0.95
937,20.0,7.207,10.94,19.951,7.193,11.13,0.1964,19.82,65.15,-115.36,0.1077,0.4178,1.5,5.83,-0.19,50.4,50.4,12.6,0.96
938,20.0,7.214,10.931,19.951,7.2,11.121,0.1957,19.84,65.13,-115.33,0.1096,0.4177,1.53,5.83,-0.19,50.4,50.4,12.6,0.96
939,20.0,7.221,10.923,19.951,7.207,11.111,0.1951,19.86,65.1,-115.33,0.1114,0.4176,1.56,5.83,-0.19,50.4,50.4,12.6,0.96
940,20.0,7.228,10.914,19.952,7.215,11.103,0.1949,19.89,65.06,-115.33,0.1132,0.4141,1.58,5.78,-0.2,50.4,50.4,12.6,0.96
941,20.0,7.235,10.906,19.952,7.222,11.093,0.1943,19.91,65.04,-115.33,0.1151,0.414,1.61,5.78,-0.2,50.4,50.4,12.6,0.96
942,20.0,7.242,10.897,19.952,7.229,11.084,0.1936,19.91,65.02,-115.31,0.1169,0.4139,1.63,5.78,-0.21,50.4,50.4,12.6,0.96
943,20.0,7.249,10.888,19.953,7.236,11.075,0.193,19.93,65.0,-115.31,0.1188,0.4138,1.66,5.78,-0.21,50.4,50.4,12.6,0.96
944,20.0,7.255,10.88,19.953,7.242,11.066,0.1923,19.95,64.95,-115.31,0.1206,0.4136,1.68,5.78,-0.21,50.4,50.4,12.6,0.96
945,20.0,7.262,10.871,19.953,7.249,11.057,0.1916,19.97,64.93,-115.31,0.1224,0.4135,1.71,5.77,-0.22,50.4,50.4,12.6,0.96
946,20.0,7.269,10.863,19.953,7.256,11.048,0.191,20.0,64.91,-115.31,0.1243,0.4133,1.74,5.77,-0.22,50.4,50.4,12.6,0.96
947,20.0,7.276,10.855,19.953,7.263,11.039,0.1903,20.0,64.89,-115.29,0.1261,0.4132,1.76,5.77,-0.22,50.4,50.4,12.6,0.97
948,20.0,7.282,10.846,19.953,7.27,11.03,0.1897,20.02,64.84,-115.29,0.128,0.413,1.79,5.77,-0.23,50.4,50.4,12.6,0.97
949,20.0,7.289,10.838,19.953,7.277,11.021,0.189,20.04,64.82,-115.29,0.1298,0.4129,1.81,5.76,-0.23,50.4,50.4,12.6,0.97
950,20.0,7.296,10.83,19.953,7.283,11.012,0.1884,20.06,64.8,-115.29,0.1317,0.4127,1.84,5.76,-0.24,50.4,50.4,12.6,0.97
951,20.0,7.302,10.821,19.954,7.29,11.003,0.1877,20.06,64.78,-115.29,0.1335,0.4125,1.86,5.76,-0.24,50.4,50.4,12.6,0.97
952,20.0,7.309,10.813,19.954,7.297,10.994,0.1871,20.08,64.73,-115.27,0.1354,0.4124,1.89,5.76,-0.24,50.4,50.4,12.6,0.97
953,20.0,7.315,10.805,19.954,7.303,10.985,0.1864,20.1,64.71,-115.27,0.1372,0.4122,1.92,5.76,-0.25,50.4,50.4,12.6,0.97
954,20.0,7.322,10.797,19.954,7.31,10.976,0.1857,20.13,64.69,-115.27,0.1391,0.412,1.94,5.75,-0.25,50.4,50.4,12.6,0.97
955,20.0,7.328,10.789,19.954,7.317,10.968,0.1851,20.13,64.67,-115.27,0.1409,0.4118,1.97,5.75,-0.26,50.4,50.4,12.6,0.97
956,20.0,7.335,10.781,19.954,7.323,10.959,0.1844,20.15,64.64,-115.27,0.1428,0.4117,1.99,5.75,-0.26,50.4,50.4,12.6,0.97
957,20.0,7.341,10.773,19.954,7.33,10.95,0.1837,20.17,64.6,-115.25,0.1447,0.412,2.02,5.75,-0.26,50.4,50.4,12.6,0.98
958,20.0,7.347,10.765,19.954,7.335,10.941,0.1826,20.19,64.58,-115.25,0.1466,0.4147,2.05,5.79,-0.22,50.4,50.4,12.6,0.99
959,20.0,7.354,10.757,19.955,7.342,10.933,0.1823,20.19,64.56,-115.25,0.1484,0.4119,2.07,5.75,-0.23,50.4,50.4,12.6,0.99
960,20.0,7.36,10.749,19.956,7.35,10.926,0.1824,20.21,64.53,-115.25,0.1503,0.4065,2.1,5.68,-0.27,50.4,50.4,12.6,0.98
961,20.0,7.366,10.741,19.955,7.356,10.916,0.1812,20.24,64.51,-115.25,0.1522,0.4104,2.12,5.73,-0.28,50.4,50.4,12.6,0.98
962,20.0,7.373,10.733,19.955,7.362,10.908,0.1805,20.26,64.49,-115.22,0.154,0.4107,2.15,5.73,-0.28,50.4,50.4,12.6,0.98
963,20.0,7.379,10.726,19.955,7.368,10.899,0.1798,20.26,64.45,-115.22,0.1559,0.4103,2.18,5.73,-0.29,50.4,50.4,12.6,0.98
964,20.0,7.385,10.718,19.955,7.375,10.891,0.1792,20.28,64.42,-115.22,0.1578,0.4101,2.2,5.73,-0.29,50.4,50.4,12.6,0.98
965,20.0,7.391,10.71,19.955,7.381,10.883,0.1785,20.3,64.4,-115.22,0.1596,0.4099,2.23,5.72,-0.29,50.4,50.4,12.6,0.98
966,20.0,7.397,10.702,19.955,7.387,10.874,0.1779,20.3,64.38,-115.22,0.1615,0.4097,2.26,5.72,-0.3,50.4,50.4,12.6,0.98
967,20.0,7.404,10.695,19.955,7.393,10.866,0.1772,20.32,64.36,-115.2,0.1634,0.4095,2.28,5.72,-0.3,50.4,50.4,12.6,0.98
968,20.0,7.41,10.687,19.955,7.4,10.858,0.1766,20.35,64.34,-115.2,0.1653,0.4093,2.31,5.71,-0.3,50.4,50.4,12.6,0.98
969,20.0,7.416,10.68,19.956,7.406,10.85,0.1759,20.37,64.31,-115.2,0.1671,0.409,2.33,5.71,-0.31,50.4,50.4,12.6,0.98
970,20.0,7.422,10.672,19.956,7.412,10.842,0.1753,20.37,64.27,-115.2,0.169,0.4088,2.36,5.71,-0.31,50.4,50.4,12.6,0.99
971,20.0,7.428,10.665,19.956,7.418,10.833,0.1746,20.39,64.25,-115.2,0.1709,0.4086,2.39,5.7,-0.32,50.4,50.4,12.6,0.99
972,20.0,7.434,10.657,19.956,7.424,10.825,0.174,20.41,64.23,-115.18,0.1728,0.4083,2.41,5.7,-0.32,50.4,50.4,12.6,0.99
973,20.0,7.439,10.65,19.956,7.43,10.817,0.1733,20.41,64.2,-115.18,0.1746,0.4081,2.44,5.7,-0.32,50.4,50.4,12.6,0.99
974,20.0,7.445,10.643,19.956,7.436,10.809,0.1726,20.43,64.18,-115.18,0.1765,0.4079,2.46,5.69,-0.33,50.4,50.4,12.6,0.99
975,20.0,7.451,10.635,19.956,7.442,10.801,0.172,20.46,64.16,-115.18,0.1784,0.4076,2.49,5.69,-0.33,50.4,50.4,12.6,0.99
976,20.0,7.457,10.628,19.956,7.448,10.793,0.1713,20.46,64.14,-115.18,0.1803,0.4074,2.52,5.69,-0.34,50.4,50.4,12.6,0.99
977,20.0,7.463,10.621,19.957,7.454,10.786,0.1707,20.48,64.12,-115.18,0.1822,0.4071,2.54,5.68,-0.34,50.4,50.4,12.6,0.99
978,20.0,7.469,10.614,19.957,7.46,10.778,0.17,20.5,64.09,-115.16,0.184,0.4069,2.57,5.68,-0.34,50.4,50.4,12.6,0.99
979,20.0,7.474,10.606,19.957,7.466,10.77,0.1694,20.5,64.07,-115.16,0.1859,0.4066,2.6,5.68,-0.35,50.4,50.4,12.6,0.99
980,20.0,7.48,10.599,19.957,7.471,10.762,0.1687,20.52,64.03,-115.16,0.1878,0.4064,2.62,5.67,-0.35,50.4,50.4,12.6,0.99
981,20.0,7.486,10.592,19.957,7.477,10.755,0.1681,20.54,64.01,-115.16,0.1897,0.4061,2.65,5.67,-0.35,50.4,50.4,12.6,0.99
982,20.0,7.491,10.585,19.957,7.483,10.747,0.1674,20.54,63.98,-115.16,0.1916,0.4059,2.68,5.67,-0.36,50.4,50.4,12.6,1.0
983,20.0,7.497,10.578,19.957,7.489,10.739,0.1668,20.57,63.96,-115.14,0.1935,0.4056,2.7,5.66,-0.36,50.4,50.4,12.6,1.0
984,20.0,7.502,10.571,19.957,7.494,10.732,0.1661,20.59,63.94,-115.14,0.1954,0.4053,2.73,5.66,-0.37,50.4,50.4,12.6,1.0
985,20.0,7.508,10.564,19.957,7.499,10.723,0.1651,20.59,63.92,-115.14,0.1973,0.408,2.75,5.7,-0.35,50.4,50.4,12.6,1.0
986,20.0,7.513,10.557,19.958,7.505,10.716,0.1646,20.61,63.9,-115.14,0.1992,0.4066,2.78,5.68,-0.33,50.4,50.4,12.6,1.01
987,20.0,7.519,10.551,19.959,7.511,10.71,0.1646,20.63,63.87,-115.11,0.2011,0.4012,2.81,5.6,-0.36,50.4,50.4,12.6,1.0
988,20.0,7.524,10.544,19.958,7.517,10.702,0.1637,20.63,63.85,-115.11,0.203,0.4027,2.83,5.62,-0.38,50.4,50.4,12.6,1.0
989,20.0,7.53,10.537,19.958,7.522,10.694,0.1628,20.65,63.83,-115.11,0.2049,0.4043,2.86,5.65,-0.39,50.4,50.4,12.6,1.0
990,20.0,7.535,10.53,19.958,7.528,10.687,0.1622,20.68,63.81,-115.11,0.2068,0.4037,2.89,5.64,-0.39,50.4,50.4,12.6,1.0
991,20.0,7.541,10.524,19.958,7.533,10.68,0.1616,20.68,63.79,-115.11,0.2087,0.4034,2.91,5.63,-0.39,50.4,50.4,12.6,1.0
992,20.0,7.546,10.517,19.958,7.539,10.672,0.1609,20.7,63.76,-115.11,0.2106,0.4032,2.94,5.63,-0.4,50.4,50.4,12.6,1.0
993,20.0,7.551,10.51,19.958,7.544,10.665,0.1603,20.7,63.74,-115.09,0.2125,0.4029,2.97,5.62,-0.4,50.4,50.4,12.6,1.0
994,20.0,7.556,10.504,19.959,7.55,10.658,0.1596,20.72,63.72,-115.09,0.2144,0.4026,2.99,5.62,-0.4,50.4,50.4,12.6,1.0
995,20.0,7.562,10.497,19.959,7.555,10.651,0.159,20.74,63.7,-115.09,0.2163,0.4023,3.02,5.62,-0.41,50.4,50.4,12.6,1.0
996,20.0,7.567,10.491,19.959,7.56,10.643,0.1583,20.74,63.68,-115.09,0.2182,0.402,3.05,5.61,-0.41,50.4,50.4,12.6,1.0
997,20.0,7.572,10.484,19.959,7.566,10.636,0.1577,20.76,63.65,-115.09,0.2201,0.4017,3.07,5.61,-0.42,50.4,50.4,12.6,1.01
998,20.0,7.577,10.478,19.959,7.571,10.629,0.157,20.76,63.63,-115.07,0.222,0.4014,3.1,5.6,-0.42,50.4,50.4,12.6,1.01
999,20.0,7.582,10.472,19.959,7.576,10.622,0.1564,20.79,63.61,-115.07,0.2239,0.4011,3.13,5.6,-0.42,50.4,50.4,12.6,1.01
1000,20.0,7.587,10.465,19.959,7.581,10.615,0.1557,20.81,63.59,-115.07,0.2258,0.4008,3.15,5.6,-0.43,50.4,50.4,12.6,1.01
1001,20.0,7.592,10.459,19.959,7.587,10.608,0.1551,20.81,63.57,-115.07,0.2277,0.4004,3.18,5.59,-0.43,50.4,50.4,12.6,1.01
1002,20.0,7.597,10.453,19.96,7.592,10.602,0.1545,20.83,63.54,-115.07,0.2296,0.4001,3.21,5.59,-0.44,50.4,50.4,12.6,1.01
1003,20.0,7.602,10.446,19.96,7.597,10.595,0.1538,20.83,63.52,-115.07,0.2315,0.3998,3.23,5.58,-0.44,50.4,50.4,12.6,1.01
1004,20.0,7.607,10.44,19.96,7.602,10.588,0.1532,20.85,63.5,-115.05,0.2334,0.3995,3.26,5.58,-0.44,50.4,50.4,12.6,1.01
1005,20.0,7.612,10.434,19.96,7.607,10.581,0.1525,20.85,63.48,-115.05,0.2353,0.3992,3.29,5.57,-0.45,50.4,50.4,12.6,1.01
1006,20.0,7.617,10.428,19.96,7.612,10.574,0.1519,20.87,63.46,-115.05,0.2372,0.3989,3.31,5.57,-0.45,50.4,50.4,12.6,1.01
1007,20.0,7.622,10.422,19.96,7.617,10.568,0.1512,20.9,63.44,-115.05,0.2391,0.3985,3.34,5.56,-0.45,50.4,50.4,12.6,1.01
1008,20.0,7.627,10.416,19.96,7.622,10.561,0.1506,20.9,63.41,-115.05,0.241,0.3982,3.37,5.56,-0.46,50.4,50.4,12.6,1.01
1009,20.0,7.632,10.41,19.96,7.627,10.554,0.1499,20.92,63.41,-115.03,0.2429,0.3979,3.39,5.56,-0.46,50.4,50.4,12.6,1.01
1010,20.0,7.636,10.404,19.96,7.632,10.548,0.1493,20.92,63.39,-115.03,0.2448,0.3976,3.42,5.55,-0.47,50.4,50.4,12.6,1.01
1011,20.0,7.641,10.398,19.961,7.637,10.541,0.1486,20.94,63.37,-115.03,0.2467,0.3972,3.45,5.55,-0.47,50.4,50.4,12.6,1.01
1012,20.0,7.646,10.392,19.961,7.641,10.535,0.148,20.94,63.35,-115.03,0.2487,0.3969,3.47,5.54,-0.47,50.4,50.4,12.6,1.01
1013,20.0,7.651,10.386,19.961,7.646,10.528,0.1474,20.96,63.33,-115.03,0.2506,0.3965,3.5,5.54,-0.48,50.4,50.4,12.6,1.01
1014,20.0,7.655,10.38,19.961,7.651,10.522,0.1467,20.96,63.3,-115.03,0.2525,0.3962,3.53,5.53,-0.48,50.4,50.4,12.6,1.02
1015,20.0,7.66,10.375,19.961,7.656,10.515,0.1461,20.98,63.28,-115.0,0.2544,0.3959,3.55,5.53,-0.49,50.4,50.4,12.6,1.02
1016,20.0,7.664,10.369,19.961,7.661,10.509,0.1454,21.01,63.26,-115.0,0.2563,0.3955,3.58,5.52,-0.49,50.4,50.4,12.6,1.02
1017,20.0,7.669,10.363,19.961,7.665,10.503,0.1448,21.01,63.24,-115.0,0.2582,0.3952,3.61,5.52,-0.49,50.4,50.4,12.6,1.02
1018,20.0,7.673,10.358,19.961,7.669,10.496,0.1438,21.01,63.24,-115.0,0.2602,0.3971,3.63,5.54,-0.46,50.4,50.4,12.6,1.03
1019,20.0,7.678,10.352,19.962,7.674,10.49,0.1432,21.03,63.22,-115.0,0.2621,0.3961,3.66,5.53,-0.47,50.4,50.4,12.6,1.03
1020,20.0,7.682,10.346,19.963,7.679,10.485,0.1434,21.05,63.19,-114.98,0.264,0.3905,3.69,5.45,-0.5,50.4,50.4,12.6,1.02
1021,20.0,7.687,10.341,19.962,7.684,10.478,0.1423,21.05,63.17,-114.98,0.2659,0.3934,3.71,5.49,-0.51,50.4,50.4,12.6,1.02
1022,20.0,7.691,10.335,19.962,7.688,10.472,0.1415,21.07,63.15,-114.98,0.2678,0.3936,3.74,5.5,-0.51,50.4,50.4,12.6,1.02
1023,20.0,7.696,10.33,19.962,7.693,10.466,0.1409,21.07,63.13,-114.98,0.2698,0.3931,3.77,5.49,-0.52,50.4,50.4,12.6,1.02
1024,20.0,7.7,10.325,19.962,7.697,10.46,0.1403,21.09,63.11,-114.98,0.2717,0.3927,3.79,5.48,-0.52,50.4,50.4,12.6,1.02
1025,20.0,7.704,10.319,19.962,7.702,10.454,0.1396,21.09,63.11,-114.98,0.2736,0.3924,3.82,5.48,-0.52,50.4,50.4,12.6,1.02
1026,20.0,7.708,10.314,19.962,7.706,10.448,0.139,21.12,63.08,-114.96,0.2755,0.392,3.85,5.47,-0.53,50.4,50.4,12.6,1.02
1027,20.0,7.713,10.309,19.963,7.71,10.442,0.1384,21.12,63.06,-114.96,0.2774,0.3916,3.87,5.47,-0.53,50.4,50.4,12.6,1.02
1028,20.0,7.717,10.303,19.963,7.715,10.436,0.1377,21.14,63.04,-114.96,0.2794,0.3913,3.9,5.46,-0.54,50.4,50.4,12.6,1.02
1029,20.0,7.721,10.298,19.963,7.719,10.43,0.1371,21.14,63.02,-114.96,0.2813,0.3909,3.93,5.46,-0.54,50.4,50.4,12.6,1.02
1030,20.0,7.725,10.293,19.963,7.723,10.424,0.1364,21.16,63.0,-114.96,0.2832,0.3905,3.95,5.45,-0.54,50.4,50.4,12.6,1.02
1031,20.0,7.729,10.288,19.963,7.728,10.418,0.1358,21.16,63.0,-114.96,0.2851,0.3902,3.98,5.45,-0.55,50.4,50.4,12.6,1.02
1032,20.0,7.733,10.283,19.963,7.732,10.413,0.1352,21.18,62.97,-114.94,0.2871,0.3898,4.01,5.44,-0.55,50.4,50.4,12.6,1.02
1033,20.0,7.737,10.278,19.963,7.736,10.407,0.1345,21.18,62.95,-114.94,0.289,0.3894,4.03,5.44,-0.56,50.4,50.4,12.6,1.03
1034,20.0,7.742,10.273,19.963,7.74,10.401,0.1339,21.18,62.93,-114.94,0.2909,0.389,4.06,5.43,-0.56,50.4,50.4,12.6,1.03
1035,20.0,7.746,10.268,19.964,7.744,10.396,0.1332,21.2,62.91,-114.94,0.2928,0.3886,4.09,5.43,-0.56,50.4,50.4,12.6,1.03
1036,20.0,7.749,10.263,19.964,7.748,10.39,0.1326,21.2,62.91,-114.94,0.2947,0.3883,4.12,5.42,-0.57,50.4,50.4,12.6,1.03
1037,20.0,7.753,10.258,19.964,7.752,10.385,0.132,21.23,62.89,-114.94,0.2967,0.3879,4.14,5.42,-0.57,50.4,50.4,12.6,1.03
1038,20.0,7.757,10.253,19.964,7.756,10.379,0.1313,21.23,62.86,-114.92,0.2986,0.3875,4.17,5.41,-0.57,50.4,50.4,12.6,1.03
1039,20.0,7.761,10.248,19.964,7.76,10.374,0.1307,21.25,62.84,-114.92,0.3005,0.3871,4.2,5.41,-0.58,50.4,50.4,12.6,1.03
1040,20.0,7.765,10.243,19.964,7.764,10.368,0.1301,21.25,62.84,-114.92,0.3025,0.3867,4.22,5.4,-0.58,50.4,50.4,12.6,1.03
1041,20.0,7.769,10.239,19.964,7.768,10.363,0.1294,21.27,62.82,-114.92,0.3044,0.3863,4.25,5.39,-0.59,50.4,50.4,12.6,1.03
1042,20.0,7.773,10.234,19.964,7.772,10.358,0.1288,21.27,62.8,-114.92,0.3063,0.3859,4.28,5.39,-0.59,50.4,50.4,12.6,1.03
1043,20.0,7.776,10.229,19.965,7.776,10.352,0.1282,21.29,62.78,-114.92,0.3082,0.3855,4.3,5.38,-0.59,50.4,50.4,12.6,1.03
1044,20.0,7.78,10.225,19.965,7.78,10.347,0.1275,21.29,62.78,-114.92,0.3102,0.3851,4.33,5.38,-0.6,50.4,50.4,12.6,1.03
1045,20.0,7.784,10.22,19.965,7.784,10.342,0.1269,21.29,62.75,-114.9,0.3121,0.3847,4.36,5.37,-0.6,50.4,50.4,12.6,1.03
1046,20.0,7.787,10.215,19.965,7.788,10.337,0.1263,21.31,62.73,-114.9,0.314,0.3844,4.38,5.37,-0.61,50.4,50.4,12.6,1.03
1047,20.0,7.791,10.211,19.965,7.791,10.332,0.1256,21.31,62.71,-114.9,0.3159,0.384,4.41,5.36,-0.61,50.4,50.4,12.6,1.03
1048,20.0,7.795,10.206,19.965,7.795,10.326,0.125,21.34,62.71,-114.9,0.3179,0.3835,4.44,5.36,-0.61,50.4,50.4,12.6,1.03
1049,20.0,7.798,10.202,19.965,7.799,10.321,0.1244,21.34,62.69,-114.9,0.3198,0.3831,4.47,5.35,-0.62,50.4,50.4,12.6,1.03
1050,20.0,7.802,10.198,19.966,7.803,10.316,0.1237,21.34,62.67,-114.9,0.3217,0.3827,4.49,5.34,-0.62,50.4,50.4,12.6,1.03
1051,20.0,7.805,10.193,19.966,7.806,10.311,0.1231,21.36,62.67,-114.87,0.3237,0.3823,4.52,5.34,-0.63,50.4,50.4,12.6,1.03
1052,20.0,7.809,10.189,19.966,7.81,10.306,0.1225,21.36,62.64,-114.87,0.3256,0.3819,4.55,5.33,-0.63,50.4,50.4,12.6,1.03
1053,20.0,7.812,10.185,19.966,7.813,10.301,0.1218,21.38,62.62,-114.87,0.3275,0.3815,4.57,5.33,-0.63,50.4,50.4,12.6,1.03
1054,20.0,7.815,10.18,19.966,7.817,10.297,0.1212,21.38,62.62,-114.87,0.3295,0.3811,4.6,5.32,-0.64,50.4,50.4,12.6,1.03
1055,20.0,7.819,10.176,19.966,7.82,10.292,0.1206,21.38,62.6,-114.87,0.3314,0.3807,4.63,5.32,-0.64,50.4,50.4,12.6,1.03
1056,20.0,7.822,10.172,19.966,7.824,10.287,0.1199,21.4,62.58,-114.87,0.3333,0.3803,4.65,5.31,-0.65,50.4,50.4,12.6,1.03
1057,20.0,7.825,10.168,19.966,7.827,10.282,0.1193,21.4,62.58,-114.87,0.3353,0.3799,4.68,5.3,-0.65,50.4,50.4,12.6,1.04
1058,20.0,7.829,10.164,19.967,7.831,10.278,0.1187,21.42,62.56,-114.85,0.3372,0.3795,4.71,5.3,-0.65,50.4,50.4,12.6,1.04
1059,20.0,7.832,10.16,19.967,7.834,10.273,0.118,21.42,62.53,-114.85,0.3391,0.379,4.73,5.29,-0.66,50.4,50.4,12.6,1.04
1060,20.0,7.835,10.156,19.967,7.837,10.268,0.1172,21.42,62.53,-114.85,0.3411,0.3801,4.76,5.31,-0.65,50.4,50.4,12.6,1.04
1061,20.0,7.838,10.152,19.967,7.84,10.263,0.1165,21.45,62.51,-114.85,0.343,0.3795,4.79,5.3,-0.64,50.4,50.4,12.6,1.04
1062,20.0,7.842,10.148,19.968,7.844,10.259,0.1164,21.45,62.49,-114.85,0.3449,0.376,4.82,5.25,-0.66,50.4,50.4,12.6,1.04
1063,20.0,7.845,10.144,19.967,7.848,10.255,0.1157,21.45,62.49,-114.85,0.3469,0.3761,4.84,5.25,-0.67,50.4,50.4,12.6,1.04
1064,20.0,7.848,10.14,19.967,7.851,10.25,0.1149,21.47,62.47,-114.85,0.3488,0.3772,4.87,5.27,-0.68,50.4,50.4,12.6,1.04
1065,20.0,7.851,10.136,19.967,7.854,10.246,0.1143,21.47,62.45,-114.83,0.3507,0.3765,4.9,5.26,-0.68,50.4,50.4,12.6,1.04
1066,20.0,7.854,10.132,19.968,7.857,10.241,0.1136,21.49,62.45,-114.83,0.3527,0.3761,4.92,5.25,-0.68,50.4,50.4,12.6,1.04
1067,20.0,7.857,10.129,19.968,7.86,10.237,0.113,21.49,62.42,-114.83,0.3546,0.3757,4.95,5.25,-0.69,50.4,50.4,12.6,1.04
1068,20.0,7.86,10.125,19.968,7.863,10.232,0.1124,21.49,62.42,-114.83,0.3565,0.3752,4.98,5.24,-0.69,50.4,50.4,12.6,1.04
1069,20.0,7.863,10.121,19.968,7.866,10.228,0.1118,21.51,62.4,-114.83,0.3585,0.3748,5.01,5.23,-0.7,50.4,50.4,12.6,1.04
1070,20.0,7.866,10.118,19.968,7.869,10.224,0.1111,21.51,62.38,-114.83,0.3604,0.3744,5.03,5.23,-0.7,50.4,50.4,12.6,1.04
1071,20.0,7.869,10.114,19.968,7.872,10.22,0.1105,21.51,62.38,-114.83,0.3623,0.374,5.06,5.22,-0.7,50.4,50.4,12.6,1.04
1072,20.0,7.871,10.11,19.968,7.875,10.216,0.1099,21.53,62.36,-114.81,0.3643,0.3735,5.09,5.22,-0.71,50.4,50.4,12.6,1.04
1073,20.0,7.874,10.107,19.968,7.878,10.211,0.1093,21.53,62.36,-114.81,0.3662,0.3731,5.11,5.21,-0.71,50.4,50.4,12.6,1.04
1074,20.0,7.877,10.103,19.969,7.881,10.207,0.1086,21.53,62.34,-114.81,0.3681,0.3727,5.14,5.2,-0.72,50.4,50.4,12.6,1.04
1075,20.0,7.88,10.1,19.969,7.884,10.203,0.108,21.56,62.31,-114.81,0.3701,0.3722,5.17,5.2,-0.72,50.4,50.4,12.6,1.04
1076,20.0,7.882,10.097,19.969,7.887,10.199,0.1074,21.56,62.31,-114.81,0.372,0.3718,5.19,5.19,-0.72,50.4,50.4,12.6,1.04
1077,20.0,7.885,10.093,19.969,7.89,10.195,0.1068,21.56,62.29,-114.81,0.374,0.3713,5.22,5.18,-0.73,50.4,50.4,12.6,1.04
1078,20.0,7.888,10.09,19.969,7.893,10.191,0.1061,21.58,62.29,-114.81,0.3759,0.3709,5.25,5.18,-0.73,50.4,50.4,12.6,1.04
1079,20.0,7.89,10.087,19.969,7.895,10.187,0.1055,21.58,62.27,-114.81,0.3778,0.3705,5.28,5.17,-0.74,50.4,50.4,12.6,1.04
1080,20.0,7.893,10.083,19.969,7.898,10.184,0.1049,21.58,62.27,-114.79,0.3798,0.37,5.3,5.17,-0.74,50.4,50.4,12.6,1.04
1081,20.0,7.896,10.08,19.97,7.901,10.18,0.1043,21.58,62.25,-114.79,0.3817,0.3696,5.33,5.16,-0.74,50.4,50.4,12.6,1.04
1082,20.0,7.898,10.077,19.97,7.904,10.176,0.1037,21.6,62.25,-114.79,0.3836,0.3691,5.36,5.15,-0.75,50.4,50.4,12.6,1.04
1083,20.0,7.901,10.074,19.97,7.906,10.172,0.103,21.6,62.23,-114.79,0.3856,0.3687,5.38,5.15,-0.75,50.4,50.4,12.6,1.04
1084,20.0,7.903,10.071,19.97,7.909,10.169,0.1024,21.6,62.23,-114.79,0.3875,0.3683,5.41,5.14,-0.76,50.4,50.4,12.6,1.04
1085,20.0,7.905,10.068,19.97,7.911,10.165,0.1018,21.62,62.2,-114.79,0.3894,0.3678,5.44,5.14,-0.76,50.4,50.4,12.6,1.04
1086,20.0,7.908,10.065,19.97,7.914,10.161,0.1012,21.62,62.2,-114.79,0.3914,0.3674,5.46,5.13,-0.76,50.4,50.4,12.6,1.04
1087,20.0,7.91,10.062,19.97,7.917,10.158,0.1006,21.62,62.18,-114.79,0.3933,0.3669,5.49,5.12,-0.77,50.4,50.4,12.6,1.04
1088,20.0,7.913,10.059,19.97,7.919,10.154,0.1,21.62,62.18,-114.79,0.3952,0.3665,5.52,5.12,-0.77,50.4,50.4,12.6,1.04
1089,20.0,7.915,10.056,19.971,7.922,10.151,0.0993,21.64,62.16,-114.76,0.3972,0.366,5.55,5.11,-0.78,50.4,50.4,12.6,1.04
1090,20.0,7.917,10.053,19.971,7.924,10.147,0.0987,21.64,62.16,-114.76,0.3991,0.3656,5.57,5.1,-0.78,50.4,50.4,12.6,1.04
1091,20.0,7.919,10.05,19.971,7.926,10.144,0.0981,21.64,62.14,-114.76,0.4011,0.3651,5.6,5.1,-0.78,50.4,50.4,12.6,1.04
1092,20.0,7.922,10.048,19.971,7.929,10.14,0.0975,21.64,62.14,-114.76,0.403,0.3647,5.63,5.09,-0.79,50.4,50.4,12.6,1.05
1093,20.0,7.924,10.045,19.971,7.931,10.137,0.0969,21.67,62.12,-114.76,0.4049,0.3642,5.65,5.09,-0.79,50.4,50.4,12.6,1.05
1094,20.0,7.926,10.042,19.971,7.933,10.134,0.0963,21.67,62.12,-114.76,0.4069,0.3638,5.68,5.08,-0.8,50.4,50.4,12.6,1.05
1095,20.0,7.928,10.039,19.971,7.936,10.13,0.0957,21.67,62.09,-114.76,0.4088,0.3633,5.71,5.07,-0.8,50.4,50.4,12.6,1.05
1096,20.0,7.93,10.037,19.971,7.938,10.127,0.095,21.67,62.09,-114.76,0.4107,0.3629,5.73,5.07,-0.8,50.4,50.4,12.6,1.05
1097,20.0,7.932,10.034,19.972,7.94,10.124,0.0944,21.69,62.07,-114.76,0.4127,0.3624,5.76,5.06,-0.81,50.4,50.4,12.6,1.05
1098,20.0,7.934,10.032,19.972,7.942,10.121,0.0938,21.69,62.07,-114.74,0.4146,0.362,5.79,5.05,-0.81,50.4,50.4,12.6,1.05
1099,20.0,7.936,10.029,19.972,7.944,10.118,0.0932,21.69,62.05,-114.74,0.4165,0.3615,5.82,5.05,-0.82,50.4,50.4,12.6,1.05
1100,20.0,7.938,10.027,19.972,7.947,10.115,0.0926,21.69,62.05,-114.74,0.4185,0.361,5.84,5.04,-0.82,50.4,50.4,12.6,1.05
1101,20.0,7.94,10.024,19.972,7.949,10.112,0.092,21.71,62.05,-114.74,0.4204,0.3606,5.87,5.03,-0.82,50.4,50.4,12.6,1.05
1102,20.0,7.942,10.022,19.972,7.951,10.109,0.0914,21.71,62.03,-114.74,0.4223,0.3601,5.9,5.03,-0.83,50.4,50.4,12.6,1.05
1103,20.0,7.944,10.02,19.972,7.953,10.106,0.0908,21.71,62.03,-114.74,0.4243,0.3597,5.92,5.02,-0.83,50.4,50.4,12.6,1.05
1104,20.0,7.946,10.017,19.972,7.955,10.103,0.0902,21.71,62.01,-114.74,0.4262,0.3592,5.95,5.02,-0.84,50.4,50.4,12.6,1.05
1105,20.0,7.948,10.015,19.973,7.957,10.1,0.0896,21.73,62.01,-114.74,0.4282,0.3588,5.98,5.01,-0.84,50.4,50.4,12.6,1.05
1106,20.0,7.95,10.013,19.973,7.959,10.097,0.089,21.73,61.98,-114.74,0.4301,0.3583,6.01,5.0,-0.85,50.4,50.4,12.6,1.05
1107,20.0,7.951,10.011,19.973,7.961,10.094,0.0884,21.73,61.98,-114.74,0.432,0.3578,6.03,5.0,-0.85,50.4,50.4,12.6,1.05
1108,20.0,7.953,10.008,19.973,7.962,10.091,0.0878,21.73,61.98,-114.72,0.434,0.3574,6.06,4.99,-0.85,50.4,50.4,12.6,1.05
1109,20.0,7.955,10.006,19.973,7.964,10.089,0.0872,21.73,61.96,-114.72,0.4359,0.3569,6.09,4.98,-0.86,50.4,50.4,12.6,1.05
1110,20.0,7.956,10.004,19.973,7.966,10.086,0.0865,21.75,61.96,-114.72,0.4378,0.3565,6.11,4.98,-0.86,50.4,50.4,12.6,1.05
1111,20.0,7.958,10.002,19.973,7.968,10.083,0.0859,21.75,61.96,-114.72,0.4398,0.356,6.14,4.97,-0.87,50.4,50.4,12.6,1.05
1112,20.0,7.96,10.0,19.974,7.97,10.081,0.0853,21.75,61.94,-114.72,0.4417,0.3555,6.17,4.96,-0.87,50.4,50.4,12.6,1.05
1113,20.0,7.961,9.998,19.974,7.971,10.078,0.0847,21.75,61.94,-114.72,0.4436,0.3551,6.19,4.96,-0.87,50.4,50.4,12.6,1.05
1114,20.0,7.963,9.996,19.974,7.973,10.076,0.0841,21.75,61.92,-114.72,0.4456,0.3546,6.22,4.95,-0.88,50.4,50.4,12.6,1.05
1115,20.0,7.964,9.994,19.974,7.975,10.073,0.0836,21.77,61.92,-114.72,0.4475,0.3542,6.25,4.94,-0.88,50.4,50.4,12.6,1.05
1116,20.0,7.966,9.993,19.974,7.976,10.071,0.083,21.77,61.92,-114.72,0.4494,0.3537,6.28,4.94,-0.89,50.4,50.4,12.6,1.05
1117,20.0,7.967,9.991,19.974,7.978,10.068,0.0824,21.77,61.9,-114.72,0.4514,0.3532,6.3,4.93,-0.89,50.4,50.4,12.6,1.05
1118,20.0,7.969,9.989,19.974,7.98,10.066,0.0818,21.77,61.9,-114.72,0.4533,0.3528,6.33,4.93,-0.89,50.4,50.4,12.6,1.05
1119,20.0,7.97,9.987,19.974,7.981,10.064,0.0812,21.77,61.9,-114.72,0.4552,0.3523,6.36,4.92,-0.9,50.4,50.4,12.6,1.05
1120,20.0,7.971,9.986,19.975,7.983,10.061,0.0806,21.77,61.88,-114.7,0.4572,0.3518,6.38,4.91,-0.9,50.4,50.4,12.6,1.05
1121,20.0,7.973,9.984,19.975,7.984,10.059,0.08,21.8,61.88,-114.7,0.4591,0.3514,6.41,4.91,-0.91,50.4,50.4,12.6,1.05
1122,20.0,7.974,9.982,19.975,7.986,10.057,0.0794,21.8,61.88,-114.7,0.461,0.3509,6.44,4.9,-0.91,50.4,50.4,12.6,1.05
1123,20.0,7.975,9.981,19.975,7.987,10.055,0.0788,21.8,61.88,-114.7,0.463,0.3505,6.46,4.89,-0.91,50.4,50.4,12.6,1.05
1124,20.0,7.976,9.979,19.975,7.988,10.052,0.0782,21.8,61.85,-114.7,0.4649,0.35,6.49,4.89,-0.92,50.4,50.4,12.6,1.05
1125,20.0,7.978,9.978,19.975,7.99,10.05,0.0776,21.8,61.85,-114.7,0.4668,0.3495,6.52,4.88,-0.92,50.4,50.4,12.6,1.05
1126,20.0,7.979,9.976,19.975,7.991,10.048,0.077,21.8,61.85,-114.7,0.4688,0.3491,6.55,4.87,-0.93,50.4,50.4,12.6,1.05
1127,20.0,7.98,9.975,19.976,7.992,10.046,0.0765,21.8,61.83,-114.7,0.4707,0.3486,6.57,4.87,-0.93,50.4,50.4,12.6,1.05
1128,20.0,7.981,9.974,19.976,7.994,10.044,0.0759,21.82,61.83,-114.7,0.4726,0.3481,6.6,4.86,-0.94,50.4,50.4,12.6,1.05
1129,20.0,7.982,9.972,19.976,7.995,10.042,0.0753,21.82,61.83,-114.7,0.4746,0.3477,6.63,4.85,-0.94,50.4,50.4,12.6,1.05
1130,20.0,7.983,9.971,19.976,7.996,10.04,0.0747,21.82,61.83,-114.7,0.4765,0.3472,6.65,4.85,-0.94,50.4,50.4,12.6,1.05
1131,20.0,7.984,9.97,19.976,7.997,10.039,0.0741,21.82,61.81,-114.7,0.4784,0.3467,6.68,4.84,-0.95,50.4,50.4,12.6,1.05
1132,20.0,7.985,9.968,19.976,7.998,10.037,0.0735,21.82,61.81,-114.7,0.4804,0.3463,6.71,4.84,-0.95,50.4,50.4,12.6,1.05
1133,20.0,7.986,9.967,19.976,7.999,10.035,0.073,21.82,61.81,-114.7,0.4823,0.3458,6.73,4.83,-0.96,50.4,50.4,12.6,1.05
1134,20.0,7.987,9.966,19.976,8.0,10.033,0.0724,21.82,61.79,-114.7,0.4842,0.3454,6.76,4.82,-0.96,50.4,50.4,12.6,1.05
1135,20.0,7.988,9.965,19.977,8.001,10.031,0.0718,21.82,61.79,-114.68,0.4862,0.3449,6.79,4.82,-0.96,50.4,50.4,12.6,1.05
1136,20.0,7.989,9.964,19.977,8.002,10.03,0.0712,21.84,61.79,-114.68,0.4881,0.3444,6.81,4.81,-0.97,50.4,50.4,12.6,1.05
1137,20.0,7.989,9.963,19.977,8.003,10.028,0.0707,21.84,61.79,-114.68,0.49,0.344,6.84,4.8,-0.97,50.4,50.4,12.6,1.05
1138,20.0,7.99,9.962,19.977,8.004,10.027,0.0701,21.84,61.79,-114.68,0.4919,0.3435,6.87,4.8,-0.98,50.4,50.4,12.6,1.05
1139,20.0,7.991,9.961,19.977,8.005,10.025,0.0695,21.84,61.77,-114.68,0.4939,0.343,6.9,4.79,-0.98,50.4,50.4,12.6,1.05
1140,20.0,7.992,9.96,19.977,8.006,10.023,0.0689,21.84,61.77,-114.68,0.4958,0.3426,6.92,4.78,-0.99,50.4,50.4,12.6,1.05
1141,20.0,7.992,9.959,19.977,8.007,10.022,0.0684,21.84,61.77,-114.68,0.4977,0.3421,6.95,4.78,-0.99,50.4,50.4,12.6,1.05
1142,20.0,7.993,9.958,19.977,8.008,10.021,0.0678,21.84,61.77,-114.68,0.4997,0.3417,6.98,4.77,-0.99,50.4,50.4,12.6,1.05
1143,20.0,7.994,9.958,19.978,8.009,10.019,0.0672,21.84,61.77,-114.68,0.5016,0.3412,7.0,4.76,-1.0,50.4,50.4,12.6,1.05
1144,20.0,7.994,9.957,19.978,8.009,10.018,0.0667,21.84,61.74,-114.68,0.5035,0.3407,7.03,4.76,-1.0,50.4,50.4,12.6,1.05
1145,20.0,7.995,9.956,19.978,8.01,10.016,0.0661,21.84,61.74,-114.68,0.5054,0.3403,7.06,4.75,-1.01,50.4,50.4,12.6,1.05
1146,20.0,7.996,9.955,19.978,8.011,10.015,0.0656,21.84,61.74,-114.68,0.5074,0.3398,7.08,4.74,-1.01,50.4,50.4,12.6,1.05
1147,20.0,7.996,9.955,19.978,8.012,10.014,0.065,21.84,61.74,-114.68,0.5093,0.3394,7.11,4.74,-1.01,50.4,50.4,12.6,1.05
1148,20.0,7.997,9.954,19.978,8.012,10.013,0.0644,21.86,61.74,-114.68,0.5112,0.3389,7.14,4.73,-1.02,50.4,50.4,12.6,1.05
1149,20.0,7.997,9.954,19.978,8.013,10.012,0.0639,21.86,61.72,-114.68,0.5132,0.3384,7.16,4.72,-1.02,50.4,50.4,12.6,1.05
1150,20.0,7.997,9.953,19.979,8.013,10.01,0.0633,21.86,61.72,-114.68,0.5151,0.3379,7.19,4.72,-1.03,50.4,50.4,12.6,1.05
1151,20.0,7.998,9.953,19.979,8.014,10.009,0.0628,21.86,61.72,-114.68,0.517,0.3375,7.22,4.71,-1.03,50.4,50.4,12.6,1.05
1152,20.0,7.998,9.952,19.979,8.014,10.008,0.0622,21.86,61.72,-114.68,0.5189,0.337,7.25,4.71,-1.04,50.4,50.4,12.6,1.05
1153,20.0,7.998,9.952,19.979,8.015,10.007,0.0617,21.86,61.72,-114.68,0.5209,0.3365,7.27,4.7,-1.04,50.4,50.4,12.6,1.05
1154,20.0,7.999,9.951,19.979,8.015,10.006,0.0611,21.86,61.72,-114.68,0.5228,0.336,7.3,4.69,-1.04,50.4,50.4,12.6,1.05
1155,20.0,7.999,9.951,19.979,8.016,10.005,0.0606,21.86,61.72,-114.68,0.5247,0.3356,7.33,4.69,-1.05,50.4,50.4,12.6,1.05
1156,20.0,7.999,9.951,19.979,8.016,10.004,0.0601,21.86,61.7,-114.68,0.5266,0.3351,7.35,4.68,-1.05,50.4,50.4,12.6,1.05
1157,20.0,7.999,9.95,19.979,8.017,10.004,0.0595,21.86,61.7,-114.68,0.5286,0.3346,7.38,4.67,-1.06,50.4,50.4,12.6,1.05
1158,20.0,8.0,9.95,19.98,8.017,10.003,0.059,21.86,61.7,-114.65,0.5305,0.3342,7.41,4.67,-1.06,50.4,50.4,12.6,1.05
1159,20.0,8.0,9.95,19.98,8.017,10.002,0.0584,21.86,61.7,-114.65,0.5324,0.3337,7.43,4.66,-1.07,50.4,50.4,12.6,1.05
1160,20.0,8.0,9.95,19.98,8.017,10.001,0.0579,21.86,61.7,-114.65,0.5343,0.3332,7.46,4.65,-1.07,50.4,50.4,12.6,1.05
1161,20.0,8.0,9.95,19.98,8.018,10.001,0.0574,21.86,61.7,-114.65,0.5362,0.3327,7.49,4.65,-1.07,50.4,50.4,12.6,1.05
1162,20.0,8.0,9.95,19.98,8.018,10.0,0.0569,21.86,61.7,-114.65,0.5382,0.3323,7.51,4.64,-1.08,50.4,50.4,12.6,1.05
1163,20.0,8.0,9.95,19.986,8.003,10.0,0.0519,21.82,61.7,-114.65,0.539,0.3321,7.53,4.64,-0.48,50.4,50.4,12.6,0.53
1163,20.0,8.0,9.95,19.982,8.013,9.999,0.0542,21.84,61.7,-114.65,0.5392,0.3333,7.53,4.65,-0.87,50.4,50.4,12.6,0.18
1164,20.0,8.0,9.95,19.988,7.998,9.999,0.0511,21.8,61.7,-114.65,0.5384,0.3346,7.52,4.67,-0.27,50.4,50.4,12.6,-0.35
1165,20.0,8.0,9.95,19.983,8.007,9.999,0.0527,21.84,61.7,-114.68,0.537,0.3374,7.5,4.71,-0.65,50.4,50.4,12.6,-0.69
1166,20.0,8.0,9.95,19.983,8.007,9.999,0.0529,21.84,61.7,-114.68,0.5358,0.3399,7.48,4.75,-0.64,50.4,50.4,12.6,-0.69
1167,20.0,8.0,9.95,19.982,8.006,9.999,0.053,21.84,61.7,-114.68,0.5345,0.3424,7.46,4.78,-0.64,50.4,50.4,12.6,-0.69
1168,20.001,8.0,9.95,19.982,8.006,9.999,0.0532,21.84,61.7,-114.68,0.5333,0.3449,7.45,4.82,-0.64,50.4,50.4,12.6,-0.69
1169,20.001,8.0,9.95,19.981,8.006,9.999,0.0534,21.84,61.7,-114.68,0.532,0.3474,7.43,4.85,-0.64,50.4,50.4,12.6,-0.69
1170,20.001,8.0,9.95,19.981,8.006,9.999,0.0536,21.84,61.7,-114.68,0.5308,0.35,7.41,4.89,-0.63,50.4,50.4,12.6,-0.69
1171,20.002,8.0,9.95,19.98,8.006,9.999,0.0538,21.84,61.7,-114.68,0.5295,0.3525,7.39,4.92,-0.63,50.4,50.4,12.6,-0.69
1172,20.002,8.0,9.95,19.98,8.006,9.999,0.0541,21.84,61.7,-114.68,0.5283,0.355,7.38,4.96,-0.63,50.4,50.4,12.6,-0.69
1173,20.002,8.0,9.95,19.98,8.006,9.999,0.0543,21.84,61.7,-114.68,0.527,0.3575,7.36,4.99,-0.62,50.4,50.4,12.6,-0.69
1174,20.003,8.0,9.95,19.98,8.006,9.999,0.0546,21.84,61.7,-114.68,0.5258,0.3601,7.34,5.03,-0.62,50.4,50.4,12.6,-0.69
1175,20.004,8.0,9.95,19.979,8.006,9.999,0.0549,21.84,61.7,-114.68,0.5245,0.3626,7.32,5.06,-0.62,50.4,50.4,12.6,-0.69
1176,20.004,8.0,9.95,19.979,8.006,9.999,0.0552,21.84,61.7,-114.68,0.5233,0.3651,7.31,5.1,-0.62,50.4,50.4,12.6,-0.69
1177,20.005,8.0,9.95,19.979,8.006,9.999,0.0556,21.84,61.7,-114.68,0.522,0.3676,7.29,5.13,-0.61,50.4,50.4,12.6,-0.69
1178,20.006,8.0,9.95,19.979,8.006,9.999,0.056,21.84,61.7,-114.68,0.5208,0.3702,7.27,5.17,-0.61,50.4,50.4,12.6,-0.69
1179,20.006,8.0,9.95,19.979,8.006,9.998,0.0563,21.84,61.7,-114.68,0.5195,0.3727,7.25,5.2,-0.61,50.4,50.4,12.6,-0.69
1180,20.007,8.0,9.95,19.976,8.015,9.998,0.0599,21.86,61.7,-114.68,0.5183,0.3752,7.24,5.24,-0.94,50.4,50.4,12.6,-0.69
1181,20.008,8.0,9.95,19.976,8.014,9.998,0.0601,21.86,61.7,-114.68,0.5171,0.3777,7.22,5.27,-0.94,50.4,50.4,12.6,-0.69
1182,20.009,8.0,9.95,19.976,8.014,9.998,0.0602,21.86,61.7,-114.68,0.5158,0.3803,7.2,5.31,-0.93,50.4,50.4,12.6,-0.69
1183,20.01,8.0,9.95,19.976,8.014,9.998,0.0605,21.86,61.7,-114.68,0.5146,0.3828,7.19,5.34,-0.93,50.4,50.4,12.6,-0.69
1184,20.011,8.0,9.95,19.977,8.013,9.998,0.0608,21.86,61.7,-114.68,0.5134,0.3853,7.17,5.38,-0.93,50.4,50.4,12.6,-0.69
1185,20.012,8.0,9.95,19.977,8.013,9.998,0.0611,21.86,61.7,-114.68,0.5121,0.3879,7.15,5.42,-0.94,50.4,50.4,12.6,-0.69
1186,20.013,8.0,9.95,19.978,8.013,9.998,0.0613,21.86,61.7,-114.68,0.5109,0.3904,7.13,5.45,-0.94,50.4,50.4,12.6,-0.69
1187,20.014,8.0,9.95,19.978,8.013,9.998,0.0617,21.86,61.7,-114.68,0.5097,0.3929,7.12,5.49,-0.94,50.4,50.4,12.6,-0.69
1188,20.016,8.0,9.95,19.979,8.013,9.998,0.062,21.86,61.7,-114.68,0.5084,0.3955,7.1,5.52,-0.94,50.4,50.4,12.6,-0.69
1189,20.017,8.0,9.95,19.979,8.012,9.998,0.0623,21.86,61.7,-114.68,0.5072,0.398,7.08,5.56,-0.95,50.4,50.4,12.6,-0.69
1190,20.018,8.0,9.95,19.98,8.012,9.998,0.0626,21.84,61.7,-114.68,0.506,0.4005,7.06,5.59,-0.95,50.4,50.4,12.6,-0.69
1191,20.02,8.0,9.95,19.981,8.012,9.998,0.0629,21.84,61.7,-114.68,0.5048,0.4031,7.05,5.63,-0.95,50.4,50.4,12.6,-0.69
1192,20.021,8.0,9.95,19.981,8.012,9.998,0.0633,21.84,61.7,-114.68,0.5035,0.4056,7.03,5.66,-0.95,50.4,50.4,12.6,-0.69
1193,20.022,8.0,9.95,19.982,8.012,9.998,0.0636,21.84,61.7,-114.65,0.5023,0.4081,7.01,5.7,-0.95,50.4,50.4,12.6,-0.69
1194,20.024,8.0,9.95,19.983,8.011,9.997,0.064,21.84,61.7,-114.65,0.5011,0.4107,7.0,5.73,-0.96,50.4,50.4,12.6,-0.69
1195,20.026,8.0,9.95,19.984,8.011,9.997,0.0643,21.84,61.7,-114.65,0.4999,0.4132,6.98,5.77,-0.96,50.4,50.4,12.6,-0.69
1196,20.027,8.0,9.95,19.985,8.011,9.997,0.0647,21.84,61.7,-114.65,0.4986,0.4158,6.96,5.81,-0.96,50.4,50.4,12.6,-0.69
1197,20.029,8.0,9.95,19.986,8.011,9.997,0.0651,21.84,61.7,-114.65,0.4974,0.4183,6.95,5.84,-0.96,50.4,50.4,12.6,-0.69
1198,20.031,8.0,9.95,19.987,8.01,9.997,0.0654,21.84,61.68,-114.65,0.4962,0.4208,6.93,5.88,-0.97,50.4,50.4,12.6,-0.69
1199,20.032,8.0,9.95,19.988,8.01,9.997,0.0658,21.84,61.68,-114.65,0.495,0.4234,6.91,5.91,-0.97,50.4,50.4,12.6,-0.69
1200,20.034,8.0,9.95,19.989,8.01,9.997,0.0662,21.84,61.68,-114.65,0.4938,0.4259,6.89,5.95,-0.97,50.4,50.4,12.6,-0.69
1201,20.036,8.0,9.95,19.99,8.01,9.997,0.0666,21.84,61.68,-114.63,0.4926,0.4285,6.88,5.98,-0.97,50.4,50.4,12.6,-0.69
1202,20.038,8.0,9.95,19.991,8.01,9.997,0.067,21.84,61.68,-114.63,0.4913,0.431,6.86,6.02,-0.98,50.4,50.4,12.6,-0.69
1203,20.04,8.0,9.95,19.993,8.009,9.997,0.0674,21.84,61.68,-114.63,0.4901,0.4336,6.84,6.05,-0.98,50.4,50.4,12.6,-0.69
1204,20.042,8.0,9.95,19.994,8.009,9.997,0.0678,21.84,61.68,-114.63,0.4889,0.4361,6.83,6.09,-0.98,50.4,50.4,12.6,-0.69
1205,20.044,8.0,9.95,19.995,8.009,9.997,0.0682,21.82,61.68,-114.63,0.4877,0.4387,6.81,6.12,-0.98,50.4,50.4,12.6,-0.69
1206,20.046,8.0,9.95,19.997,8.009,9.997,0.0687,21.82,61.68,-114.63,0.4865,0.4412,6.79,6.16,-0.99,50.4,50.4,12.6,-0.69
1207,20.048,8.0,9.95,19.998,8.009,9.997,0.0691,21.82,61.68,-114.61,0.4853,0.4438,6.78,6.2,-0.99,50.4,50.4,12.6,-0.69
1208,20.051,8.0,9.95,20.0,8.008,9.996,0.0695,21.82,61.68,-114.61,0.4841,0.4463,6.76,6.23,-0.99,50.4,50.4,12.6,-0.69
1209,20.053,8.0,9.95,20.001,8.008,9.996,0.0699,21.82,61.66,-114.61,0.4829,0.4489,6.74,6.27,-0.99,50.4,50.4,12.6,-0.69
1210,20.055,8.0,9.95,20.003,8.008,9.996,0.0704,21.82,61.66,-114.61,0.4817,0.4514,6.73,6.3,-0.99,50.4,50.4,12.6,-0.69
1211,20.058,8.0,9.95,20.005,8.008,9.996,0.0708,21.82,61.66,-114.59,0.4805,0.454,6.71,6.34,-1.0,50.4,50.4,12.6,-0.69
1212,20.06,8.0,9.95,20.006,8.008,9.996,0.0713,21.82,61.66,-114.59,0.4793,0.4565,6.69,6.37,-1.0,50.4,50.4,12.6,-0.69
1213,20.062,8.0,9.95,20.008,8.007,9.996,0.0717,21.82,61.66,-114.59,0.4781,0.4591,6.67,6.41,-1.0,50.4,50.4,12.6,-0.69
1214,20.065,8.0,9.95,20.01,8.007,9.996,0.0722,21.82,61.66,-114.59,0.4769,0.4616,6.66,6.45,-1.0,50.4,50.4,12.6,-0.69
1215,20.067,8.0,9.95,20.012,8.007,9.996,0.0726,21.8,61.66,-114.57,0.4757,0.4642,6.64,6.48,-1.01,50.4,50.4,12.6,-0.69
1216,20.07,8.0,9.95,20.014,8.007,9.996,0.0731,21.8,61.66,-114.57,0.4745,0.4668,6.62,6.52,-1.01,50.4,50.4,12.6,-0.69
1217,20.073,8.0,9.95,20.016,8.007,9.996,0.0736,21.8,61.63,-114.57,0.4733,0.4693,6.61,6.55,-1.01,50.4,50.4,12.6,-0.69
1218,20.075,8.0,9.95,20.018,8.006,9.996,0.074,21.8,61.63,-114.57,0.4721,0.4719,6.59,6.59,-1.01,50.4,50.4,12.6,-0.69
1219,20.078,8.0,9.95,20.02,8.006,9.996,0.0745,21.8,61.63,-114.54,0.4709,0.4744,6.57,6.62,-1.01,50.4,50.4,12.6,-0.69
1220,20.081,8.0,9.95,20.022,8.006,9.996,0.075,21.8,61.63,-114.54,0.4697,0.477,6.56,6.66,-1.02,50.4,50.4,12.6,-0.69
1221,20.084,8.0,9.95,20.024,8.006,9.995,0.0755,21.8,61.63,-114.54,0.4685,0.4796,6.54,6.7,-1.02,50.4,50.4,12.6,-0.69
1222,20.087,8.0,9.95,20.026,8.006,9.995,0.076,21.8,61.63,-114.52,0.4673,0.4821,6.52,6.73,-1.02,50.4,50.4,12.6,-0.69
1223,20.09,8.0,9.95,20.029,8.005,9.995,0.0764,21.8,61.61,-114.52,0.4661,0.4847,6.51,6.77,-1.02,50.4,50.4,12.6,-0.69
1224,20.093,8.0,9.95,20.031,8.005,9.995,0.0769,21.77,61.61,-114.52,0.4649,0.4873,6.49,6.8,-1.02,50.4,50.4,12.6,-0.69
1225,20.096,8.0,9.95,20.033,8.005,9.995,0.0774,21.77,61.61,-114.5,0.4637,0.4898,6.47,6.84,-1.03,50.4,50.4,12.6,-0.7
1226,20.099,8.0,9.95,20.036,8.005,9.995,0.0779,21.77,61.61,-114.5,0.4625,0.4924,6.46,6.88,-1.03,50.4,50.4,12.6,-0.7
1227,20.102,8.0,9.95,20.038,8.004,9.995,0.0784,21.77,61.61,-114.5,0.4613,0.495,6.44,6.91,-1.03,50.4,50.4,12.6,-0.7
1228,20.105,8.0,9.95,20.041,8.004,9.995,0.0789,21.77,61.61,-114.48,0.4601,0.4976,6.42,6.95,-1.03,50.4,50.4,12.6,-0.7
1229,20.109,8.0,9.95,20.043,8.004,9.995,0.0795,21.77,61.59,-114.48,0.4589,0.5001,6.41,6.98,-1.03,50.4,50.4,12.6,-0.7
1230,20.112,8.0,9.95,20.046,8.004,9.995,0.08,21.77,61.59,-114.48,0.4578,0.5027,6.39,7.02,-1.04,50.4,50.4,12.6,-0.7
1231,20.115,8.0,9.95,20.049,8.004,9.995,0.0805,21.75,61.59,-114.46,0.4566,0.5053,6.37,7.06,-1.04,50.4,50.4,12.6,-0.7
1232,20.119,8.0,9.95,20.051,8.003,9.995,0.081,21.75,61.59,-114.46,0.4554,0.5079,6.36,7.09,-1.04,50.4,50.4,12.6,-0.7
1233,20.122,8.0,9.95,20.054,8.003,9.995,0.0815,21.75,61.59,-114.46,0.4542,0.5104,6.34,7.13,-1.04,50.4,50.4,12.6,-0.7
1234,20.126,8.0,9.95,20.057,8.003,9.994,0.0821,21.75,61.57,-114.43,0.453,0.513,6.33,7.16,-1.04,50.4,50.4,12.6,-0.7
1235,20.129,8.0,9.95,20.06,8.003,9.994,0.0826,21.75,61.57,-114.43,0.4518,0.5156,6.31,7.2,-1.05,50.4,50.4,12.6,-0.7
1236,20.133,8.0,9.95,20.063,8.003,9.994,0.0831,21.75,61.57,-114.41,0.4507,0.5182,6.29,7.24,-1.05,50.4,50.4,12.6,-0.7
1237,20.137,8.0,9.95,20.066,8.002,9.994,0.0836,21.75,61.57,-114.41,0.4495,0.5208,6.28,7.27,-1.05,50.4,50.4,12.6,-0.7
1238,20.14,8.0,9.95,20.069,8.002,9.994,0.0842,21.73,61.57,-114.41,0.4483,0.5233,6.26,7.31,-1.05,50.4,50.4,12.6,-0.7
1239,20.144,8.0,9.95,20.072,8.002,9.994,0.0847,21.73,61.55,-114.39,0.4471,0.5259,6.24,7.34,-1.05,50.4,50.4,12.6,-0.7
1240,20.148,8.0,9.95,20.075,8.002,9.994,0.0853,21.73,61.55,-114.39,0.4459,0.5285,6.23,7.38,-1.06,50.4,50.4,12.6,-0.7
1241,20.152,8.0,9.95,20.078,8.001,9.994,0.0858,21.73,61.55,-114.37,0.4448,0.5311,6.21,7.42,-1.06,50.4,50.4,12.6,-0.7
1242,20.156,8.0,9.95,20.081,8.001,9.994,0.0864,21.73,61.55,-114.37,0.4436,0.5337,6.19,7.45,-1.06,50.4,50.4,12.6,-0.7
1243,20.16,8.0,9.95,20.085,8.001,9.994,0.0869,21.73,61.52,-114.35,0.4424,0.5363,6.18,7.49,-1.06,50.4,50.4,12.6,-0.7
1244,20.164,8.0,9.95,20.088,8.001,9.994,0.0875,21.71,61.52,-114.35,0.4412,0.5389,6.16,7.52,-1.06,50.4,50.4,12.6,-0.7
1245,20.168,8.0,9.95,20.091,8.001,9.993,0.088,21.71,61.52,-114.32,0.4401,0.5415,6.14,7.56,-1.07,50.4,50.4,12.6,-0.7
1246,20.172,8.0,9.95,20.095,8.0,9.993,0.0886,21.71,61.52,-114.32,0.4389,0.5441,6.13,7.6,-1.07,50.4,50.4,12.6,-0.7
1247,20.176,8.0,9.95,20.098,8.0,9.993,0.0891,21.71,61.5,-114.3,0.4377,0.5467,6.11,7.63,-1.07,50.4,50.4,12.6,-0.7
1248,20.18,8.0,9.95,20.102,8.0,9.993,0.0897,21.71,61.5,-114.3,0.4365,0.5493,6.1,7.67,-1.07,50.4,50.4,12.6,-0.7
1249,20.185,8.0,9.95,20.105,8.0,9.993,0.0903,21.69,61.5,-114.28,0.4354,0.5519,6.08,7.71,-1.07,50.4,50.4,12.6,-0.7
1250,20.189,8.0,9.95,20.109,8.0,9.993,0.0908,21.69,61.5,-114.28,0.4342,0.5545,6.06,7.74,-1.07,50.4,50.4,12.6,-0.7
1251,20.193,8.0,9.95,20.113,7.999,9.993,0.0914,21.69,61.48,-114.26,0.433,0.5571,6.05,7.78,-1.08,50.4,50.4,12.6,-0.7
1252,20.198,8.0,9.95,20.116,7.999,9.993,0.092,21.69,61.48,-114.26,0.4319,0.5597,6.03,7.81,-1.08,50.4,50.4,12.6,-0.7
1253,20.202,8.0,9.95,20.12,7.999,9.993,0.0925,21.69,61.48,-114.24,0.4307,0.5623,6.01,7.85,-1.08,50.4,50.4,12.6,-0.7
1254,20.207,8.0,9.95,20.124,7.999,9.993,0.0931,21.69,61.48,-114.24,0.4296,0.5649,6.0,7.89,-1.08,50.4,50.4,12.6,-0.7
1255,20.211,8.0,9.95,20.128,7.999,9.993,0.0937,21.67,61.46,-114.21,0.4284,0.5675,5.98,7.92,-1.08,50.4,50.4,12.6,-0.7
1256,20.216,8.0,9.95,20.132,7.998,9.992,0.0943,21.67,61.46,-114.21,0.4272,0.5701,5.97,7.96,-1.09,50.4,50.4,12.6,-0.7
1257,20.221,8.0,9.95,20.136,7.998,9.992,0.0949,21.67,61.46,-114.19,0.4261,0.5727,5.95,8.0,-1.09,50.4,50.4,12.6,-0.7
1258,20.225,8.0,9.95,20.14,7.998,9.992,0.0954,21.67,61.44,-114.19,0.4249,0.5753,5.93,8.03,-1.09,50.4,50.4,12.6,-0.7
1259,20.23,8.0,9.95,20.144,7.998,9.992,0.096,21.67,61.44,-114.17,0.4237,0.5779,5.92,8.07,-1.09,50.4,50.4,12.6,-0.7
1260,20.235,8.0,9.95,20.148,7.997,9.992,0.0966,21.64,61.44,-114.15,0.4226,0.5805,5.9,8.11,-1.09,50.4,50.4,12.6,-0.7
1261,20.24,8.0,9.95,20.152,7.997,9.992,0.0972,21.64,61.44,-114.15,0.4214,0.5832,5.88,8.14,-1.09,50.4,50.4,12.6,-0.7
1262,20.245,8.0,9.95,20.156,7.997,9.992,0.0978,21.64,61.41,-114.13,0.4203,0.5858,5.87,8.18,-1.1,50.4,50.4,12.6,-0.7
1263,20.25,8.0,9.95,20.161,7.997,9.992,0.0984,21.64,61.41,-114.13,0.4191,0.5884,5.85,8.22,-1.1,50.4,50.4,12.6,-0.7
1264,20.255,8.0,9.95,20.165,7.997,9.992,0.099,21.62,61.41,-114.1,0.4179,0.591,5.84,8.25,-1.1,50.4,50.4,12.6,-0.7
1265,20.26,8.0,9.95,20.169,7.996,9.992,0.0996,21.62,61.39,-114.08,0.4168,0.5936,5.82,8.29,-1.1,50.4,50.4,12.6,-0.7
1266,20.265,8.0,9.95,20.174,7.996,9.991,0.1002,21.62,61.39,-114.08,0.4156,0.5963,5.8,8.33,-1.1,50.4,50.4,12.6,-0.7
1267,20.27,8.0,9.95,20.178,7.996,9.991,0.1008,21.62,61.39,-114.06,0.4145,0.5989,5.79,8.36,-1.1,50.4,50.4,12.6,-0.7
1268,20.275,8.0,9.95,20.183,7.996,9.991,0.1014,21.62,61.37,-114.04,0.4133,0.6015,5.77,8.4,-1.11,50.4,50.4,12.6,-0.7
1269,20.28,8.0,9.95,20.187,7.996,9.991,0.102,21.6,61.37,-114.04,0.4122,0.6041,5.75,8.44,-1.11,50.4,50.4,12.6,-0.7
1270,20.286,8.0,9.95,20.192,7.995,9.991,0.1026,21.6,61.37,-114.02,0.411,0.6068,5.74,8.47,-1.11,50.4,50.4,12.6,-0.71
1271,20.291,8.0,9.95,20.196,7.995,9.991,0.1032,21.6,61.35,-113.99,0.4099,0.6094,5.72,8.51,-1.11,50.4,50.4,12.6,-0.71
1272,20.297,8.0,9.95,20.201,7.995,9.991,0.1038,21.6,61.35,-113.99,0.4087,0.612,5.71,8.55,-1.11,50.4,50.4,12.6,-0.71
1273,20.302,8.0,9.95,20.206,7.995,9.991,0.1044,21.58,61.35,-113.97,0.4076,0.6147,5.69,8.58,-1.11,50.4,50.4,12.6,-0.71
1274,20.307,8.0,9.95,20.211,7.994,9.991,0.1051,21.58,61.33,-113.95,0.4064,0.6173,5.67,8.62,-1.11,50.4,50.4,12.6,-0.71
1275,20.313,8.0,9.95,20.216,7.994,9.991,0.1057,21.58,61.33,-113.95,0.4053,0.6199,5.66,8.66,-1.12,50.4,50.4,12.6,-0.71
1276,20.319,8.0,9.95,20.221,7.994,9.99,0.1063,21.58,61.33,-113.93,0.4041,0.6226,5.64,8.69,-1.12,50.4,50.4,12.6,-0.71
1277,20.324,8.0,9.95,20.226,7.994,9.99,0.1069,21.56,61.3,-113.91,0.403,0.6252,5.63,8.73,-1.12,50.4,50.4,12.6,-0.71
1278,20.33,8.0,9.95,20.231,7.994,9.99,0.1075,21.56,61.3,-113.91,0.4018,0.6279,5.61,8.77,-1.12,50.4,50.4,12.6,-0.71
1279,20.336,8.0,9.95,20.236,7.993,9.99,0.1081,21.56,61.3,-113.88,0.4007,0.6305,5.59,8.8,-1.12,50.4,50.4,12.6,-0.71
1280,20.342,8.0,9.95,20.241,7.993,9.99,0.1088,21.56,61.28,-113.86,0.3995,0.6332,5.58,8.84,-1.12,50.4,50.4,12.6,-0.71
1281,20.348,8.0,9.95,20.246,7.993,9.99,0.1094,21.53,61.28,-113.84,0.3984,0.6358,5.56,8.88,-1.12,50.4,50.4,12.6,-0.71
1282,20.353,8.0,9.95,20.251,7.993,9.99,0.11,21.53,61.26,-113.84,0.3972,0.6385,5.55,8.91,-1.13,50.4,50.4,12.6,-0.71
1283,20.359,8.0,9.95,20.256,7.992,9.99,0.1106,21.53,61.26,-113.82,0.3961,0.6411,5.53,8.95,-1.13,50.4,50.4,12.6,-0.71
1284,20.365,8.0,9.95,20.262,7.992,9.99,0.1113,21.53,61.26,-113.8,0.3949,0.6438,5.51,8.99,-1.13,50.4,50.4,12.6,-0.71
1285,20.371,8.0,9.95,20.267,7.992,9.989,0.1119,21.51,61.24,-113.77,0.3938,0.6464,5.5,9.03,-1.13,50.4,50.4,12.6,-0.71
1286,20.378,8.0,9.95,20.272,7.992,9.989,0.1125,21.51,61.24,-113.77,0.3927,0.6491,5.48,9.06,-1.13,50.4,50.4,12.6,-0.71
1287,20.384,8.0,9.95,20.278,7.992,9.989,0.1132,21.51,61.22,-113.75,0.3915,0.6517,5.47,9.1,-1.13,50.4,50.4,12.6,-0.71
1288,20.39,8.0,9.95,20.283,7.991,9.989,0.1138,21.51,61.22,-113.73,0.3904,0.6544,5.45,9.14,-1.13,50.4,50.4,12.6,-0.71
1289,20.396,8.0,9.95,20.289,7.991,9.989,0.1144,21.49,61.22,-113.71,0.3892,0.657,5.43,9.17,-1.14,50.4,50.4,12.6,-0.71
1290,20.403,8.0,9.95,20.295,7.991,9.989,0.1151,21.49,61.19,-113.69,0.3881,0.6597,5.42,9.21,-1.14,50.4,50.4,12.6,-0.71
1291,20.409,8.0,9.95,20.3,7.991,9.989,0.1157,21.49,61.19,-113.69,0.387,0.6624,5.4,9.25,-1.14,50.4,50.4,12.6,-0.71
1292,20.415,8.0,9.95,20.306,7.991,9.989,0.1163,21.49,61.17,-113.66,0.3858,0.665,5.39,9.29,-1.14,50.4,50.4,12.6,-0.71
1293,20.422,8.0,9.95,20.312,7.99,9.989,0.117,21.47,61.17,-113.64,0.3847,0.6677,5.37,9.32,-1.14,50.4,50.4,12.6,-0.71
1294,20.428,8.0,9.95,20.318,7.99,9.988,0.1176,21.47,61.17,-113.62,0.3836,0.6704,5.36,9.36,-1.14,50.4,50.4,12.6,-0.71
1295,20.435,8.0,9.95,20.323,7.99,9.988,0.1183,21.47,61.15,-113.6,0.3824,0.673,5.34,9.4,-1.14,50.4,50.4,12.6,-0.71
1296,20.441,8.0,9.95,20.329,7.99,9.988,0.1189,21.45,61.15,-113.6,0.3813,0.6757,5.32,9.43,-1.14,50.4,50.4,12.6,-0.71
1297,20.448,8.0,9.95,20.335,7.989,9.988,0.1195,21.45,61.13,-113.58,0.3802,0.6784,5.31,9.47,-1.15,50.4,50.4,12.6,-0.71
1298,20.455,8.0,9.95,20.341,7.989,9.988,0.1202,21.45,61.13,-113.55,0.379,0.6811,5.29,9.51,-1.15,50.4,50.4,12.6,-0.71
1299,20.462,8.0,9.95,20.347,7.989,9.988,0.1208,21.45,61.11,-113.53,0.3779,0.6838,5.28,9.55,-1.15,50.4,50.4,12.6,-0.71
1300,20.468,8.0,9.95,20.353,7.989,9.988,0.1215,21.42,61.11,-113.51,0.3768,0.6864,5.26,9.58,-1.15,50.4,50.4,12.6,-0.71
1301,20.475,8.0,9.95,20.36,7.989,9.988,0.1221,21.42,61.08,-113.49,0.3756,0.6891,5.24,9.62,-1.15,50.4,50.4,12.6,-0.72
1302,20.482,8.0,9.95,20.366,7.988,9.988,0.1228,21.42,61.08,-113.47,0.3745,0.6918,5.23,9.66,-1.15,50.4,50.4,12.6,-0.72
1303,20.489,8.0,9.95,20.372,7.988,9.987,0.1234,21.4,61.08,-113.44,0.3734,0.6945,5.21,9.7,-1.15,50.4,50.4,12.6,-0.72
1304,20.496,8.0,9.95,20.378,7.988,9.987,0.1241,21.4,61.06,-113.42,0.3722,0.6972,5.2,9.73,-1.15,50.4,50.4,12.6,-0.72
1305,20.503,8.0,9.95,20.385,7.988,9.987,0.1247,21.4,61.06,-113.42,0.3711,0.6999,5.18,9.77,-1.16,50.4,50.4,12.6,-0.72
1306,20.51,8.0,9.95,20.391,7.987,9.987,0.1254,21.4,61.04,-113.4,0.37,0.7026,5.17,9.81,-1.16,50.4,50.4,12.6,-0.72
1307,20.518,8.0,9.95,20.398,7.987,9.987,0.126,21.38,61.04,-113.38,0.3688,0.7053,5.15,9.85,-1.16,50.4,50.4,12.6,-0.72
1308,20.525,8.0,9.95,20.404,7.987,9.987,0.1267,21.38,61.02,-113.36,0.3677,0.708,5.13,9.88,-1.16,50.4,50.4,12.6,-0.72
1309,20.532,8.0,9.95,20.411,7.987,9.987,0.1274,21.38,61.02,-113.33,0.3666,0.7107,5.12,9.92,-1.16,50.4,50.4,12.6,-0.72
1310,20.539,8.0,9.95,20.417,7.987,9.987,0.128,21.36,61.0,-113.31,0.3655,0.7134,5.1,9.96,-1.16,50.4,50.4,12.6,-0.72
1311,20.547,8.0,9.95,20.424,7.986,9.986,0.1287,21.36,61.0,-113.29,0.3643,0.7161,5.09,10.0,-1.16,50.4,50.4,12.6,-0.72
1312,20.554,8.0,9.95,20.431,7.986,9.986,0.1293,21.36,60.97,-113.27,0.3632,0.7188,5.07,10.04,-1.16,50.4,50.4,12.6,-0.72
1313,20.562,8.0,9.95,20.437,7.986,9.986,0.13,21.34,60.97,-113.25,0.3621,0.7215,5.06,10.07,-1.16,50.4,50.4,12.6,-0.72
1314,20.569,8.0,9.95,20.444,7.986,9.986,0.1307,21.34,60.95,-113.23,0.3609,0.7242,5.04,10.11,-1.16,50.4,50.4,12.6,-0.72
1315,20.577,8.0,9.95,20.451,7.986,9.986,0.1313,21.34,60.95,-113.2,0.3598,0.7269,5.02,10.15,-1.17,50.4,50.4,12.6,-0.72
1316,20.584,8.0,9.95,20.458,7.985,9.986,0.132,21.31,60.93,-113.18,0.3587,0.7296,5.01,10.19,-1.17,50.4,50.4,12.6,-0.72
1317,20.592,8.0,9.95,20.465,7.985,9.986,0.1327,21.31,60.93,-113.16,0.3576,0.7323,4.99,10.22,-1.17,50.4,50.4,12.6,-0.72
1318,20.6,8.0,9.95,20.472,7.985,9.986,0.1333,21.31,60.91,-113.14,0.3564,0.735,4.98,10.26,-1.17,50.4,50.4,12.6,-0.72
1319,20.607,8.0,9.95,20.479,7.985,9.985,0.134,21.29,60.91,-113.12,0.3553,0.7377,4.96,10.3,-1.17,50.4,50.4,12.6,-0.72
1320,20.615,8.0,9.95,20.486,7.984,9.985,0.1347,21.29,60.89,-113.09,0.3542,0.7405,4.95,10.34,-1.17,50.4,50.4,12.6,-0.71
1321,20.623,8.0,9.95,20.493,7.984,9.985,0.1353,21.29,60.89,-113.07,0.3531,0.7432,4.93,10.38,-1.17,50.4,50.4,12.6,-0.72
1322,20.631,8.0,9.95,20.5,7.984,9.985,0.136,21.27,60.86,-113.05,0.352,0.7459,4.91,10.41,-1.17,50.4,50.4,12.6,-0.72
1323,20.639,8.0,9.95,20.508,7.984,9.985,0.1367,21.27,60.86,-113.03,0.3509,0.7486,4.9,10.45,-1.17,50.4,50.4,12.6,-0.72
1324,20.647,8.0,9.95,20.515,7.984,9.985,0.1373,21.27,60.84,-113.01,0.3497,0.7514,4.88,10.49,-1.17,50.4,50.4,12.6,-0.72
1325,20.655,8.0,9.95,20.522,7.983,9.985,0.138,21.25,60.84,-112.98,0.3486,0.7541,4.87,10.53,-1.18,50.4,50.4,12.6,-0.72
1326,20.663,8.0,9.95,20.53,7.983,9.985,0.1387,21.25,60.82,-112.96,0.3475,0.7568,4.85,10.57,-1.18,50.4,50.4,12.6,-0.73
1327,20.671,8.0,9.95,20.537,7.983,9.984,0.1394,21.25,60.8,-112.94,0.3464,0.7596,4.84,10.61,-1.18,50.4,50.4,12.6,-0.73
1328,20.679,8.0,9.95,20.545,7.983,9.984,0.14,21.23,60.8,-112.92,0.3453,0.7623,4.82,10.64,-1.18,50.4,50.4,12.6,-0.73
1329,20.688,8.0,9.95,20.552,7.982,9.984,0.1407,21.23,60.78,-112.87,0.3441,0.765,4.81,10.68,-1.18,50.4,50.4,12.6,-0.73
1330,20.696,8.0,9.95,20.56,7.982,9.984,0.1414,21.23,60.78,-112.85,0.343,0.7678,4.79,10.72,-1.18,50.4,50.4,12.6,-0.73
1331,20.704,8.0,9.95,20.568,7.982,9.984,0.1421,21.2,60.75,-112.83,0.3419,0.7705,4.77,10.76,-1.18,50.4,50.4,12.6,-0.73
1332,20.713,8.0,9.95,20.575,7.982,9.984,0.1427,21.2,60.75,-112.81,0.3408,0.7733,4.76,10.8,-1.18,50.4,50.4,12.6,-0.73
1333,20.721,8.0,9.95,20.583,7.982,9.984,0.1434,21.2,60.73,-112.79,0.3397,0.776,4.74,10.84,-1.18,50.4,50.4,12.6,-0.73
1334,20.73,8.0,9.95,20.591,7.981,9.984,0.1441,21.18,60.71,-112.76,0.3386,0.7788,4.73,10.87,-1.18,50.4,50.4,12.6,-0.73
1335,20.738,8.0,9.95,20.599,7.981,9.983,0.1448,21.18,60.71,-112.74,0.3374,0.7815,4.71,10.91,-1.18,50.4,50.4,12.6,-0.73
1336,20.747,8.0,9.95,20.607,7.981,9.983,0.1455,21.18,60.69,-112.72,0.3363,0.7843,4.7,10.95,-1.18,50.4,50.4,12.6,-0.73
1337,20.756,8.0,9.95,20.614,7.981,9.983,0.1461,21.16,60.69,-112.68,0.3352,0.787,4.68,10.99,-1.19,50.4,50.4,12.6,-0.73
1338,20.764,8.0,9.95,20.622,7.98,9.983,0.1468,21.16,60.67,-112.65,0.3341,0.7898,4.66,11.03,-1.19,50.4,50.4,12.6,-0.73
1339,20.773,8.0,9.95,20.631,7.98,9.983,0.1475,21.14,60.67,-112.63,0.333,0.7926,4.65,11.07,-1.19,50.4,50.4,12.6,-0.73
1340,20.782,8.0,9.95,20.639,7.98,9.983,0.1482,21.14,60.64,-112.61,0.3319,0.7953,4.63,11.1,-1.19,50.4,50.4,12.6,-0.73
1341,20.791,8.0,9.95,20.647,7.98,9.983,0.1489,21.14,60.62,-112.59,0.3308,0.7981,4.62,11.14,-1.19,50.4,50.4,12.6,-0.73
1342,20.8,8.0,9.951,20.655,7.98,9.982,0.1496,21.12,60.62,-112.57,0.3296,0.8009,4.6,11.18,-1.19,50.4,50.4,12.6,-0.73
1343,20.809,8.0,9.951,20.663,7.979,9.982,0.1503,21.12,60.6,-112.52,0.3285,0.8036,4.59,11.22,-1.19,50.4,50.4,12.6,-0.73
1344,20.818,8.0,9.951,20.671,7.979,9.982,0.1509,21.12,60.58,-112.5,0.3274,0.8064,4.57,11.26,-1.19,50.4,50.4,12.6,-0.73
1345,20.827,8.0,9.951,20.68,7.979,9.982,0.1516,21.09,60.58,-112.48,0.3263,0.8092,4.56,11.3,-1.19,50.4,50.4,12.6,-0.73
1346,20.836,8.0,9.951,20.688,7.979,9.982,0.1523,21.09,60.56,-112.46,0.3252,0.812,4.54,11.34,-1.19,50.4,50.4,12.6,-0.73
1347,20.845,8.0,9.951,20.697,7.979,9.982,0.153,21.07,60.56,-112.43,0.3241,0.8148,4.53,11.38,-1.19,50.4,50.4,12.6,-0.74
1348,20.854,8.0,9.951,20.705,7.978,9.982,0.1537,21.07,60.53,-112.39,0.323,0.8175,4.51,11.42,-1.19,50.4,50.4,12.6,-0.74
1349,20.863,8.0,9.951,20.714,7.978,9.981,0.1544,21.07,60.51,-112.37,0.3219,0.8203,4.49,11.45,-1.19,50.4,50.4,12.6,-0.74
1350,20.873,8.0,9.951,20.722,7.978,9.981,0.1551,21.05,60.51,-112.35,0.3208,0.8231,4.48,11.49,-1.19,50.4,50.4,12.6,-0.74
1351,20.882,8.0,9.951,20.731,7.978,9.981,0.1558,21.05,60.49,-112.32,0.3197,0.8259,4.46,11.53,-1.2,50.4,50.4,12.6,-0.74
1352,20.891,8.0,9.951,20.74,7.977,9.981,0.1565,21.05,60.47,-112.28,0.3186,0.8287,4.45,11.57,-1.2,50.4,50.4,12.6,-0.74
1353,20.901,8.0,9.951,20.748,7.977,9.981,0.1572,21.03,60.47,-112.26,0.3174,0.8315,4.43,11.61,-1.2,50.4,50.4,12.6,-0.74
1354,20.91,8.0,9.951,20.757,7.977,9.981,0.1579,21.03,60.45,-112.24,0.3163,0.8343,4.42,11.65,-1.2,50.4,50.4,12.6,-0.74
1355,20.92,8.0,9.951,20.766,7.977,9.981,0.1586,21.01,60.42,-112.19,0.3152,0.8371,4.4,11.69,-1.2,50.4,50.4,12.6,-0.74
1356,20.93,8.0,9.951,20.775,7.977,9.98,0.1593,21.01,60.42,-112.17,0.3141,0.8399,4.39,11.73,-1.2,50.4,50.4,12.6,-0.74
1357,20.939,8.0,9.951,20.784,7.976,9.98,0.16,21.01,60.4,-112.15,0.313,0.8427,4.37,11.77,-1.2,50.4,50.4,12.6,-0.74
1358,20.949,8.0,9.951,20.793,7.976,9.98,0.1607,20.98,60.38,-112.13,0.3119,0.8455,4.35,11.81,-1.2,50.4,50.4,12.6,-0.74
1359,20.959,8.0,9.951,20.802,7.976,9.98,0.1614,20.98,60.38,-112.08,0.3108,0.8483,4.34,11.84,-1.2,50.4,50.4,12.6,-0.74
1360,20.969,8.0,9.951,20.811,7.976,9.98,0.1621,20.96,60.36,-112.06,0.3097,0.8511,4.32,11.88,-1.2,50.4,50.4,12.6,-0.74
1361,20.978,8.0,9.951,20.82,7.975,9.98,0.1628,20.96,60.34,-112.04,0.3086,0.854,4.31,11.92,-1.2,50.4,50.4,12.6,-0.74
1362,20.988,8.0,9.951,20.829,7.975,9.98,0.1635,20.96,60.34,-111.99,0.3075,0.8568,4.29,11.96,-1.2,50.4,50.4,12.6,-0.74
1363,20.998,8.0,9.951,20.839,7.975,9.979,0.1642,20.94,60.31,-111.97,0.3064,0.8596,4.28,12.0,-1.2,50.4,50.4,12.6,-0.74
1364,21.008,8.0,9.951,20.848,7.975,9.979,0.1649,20.94,60.29,-111.95,0.3052,0.8624,4.26,12.04,-1.2,50.4,50.4,12.6,-0.74
1365,21.018,8.0,9.951,20.857,7.975,9.979,0.1656,20.92,60.29,-111.91,0.3042,0.8652,4.25,12.08,-1.2,50.4,50.4,12.6,-0.74
1366,21.028,8.0,9.951,20.867,7.974,9.979,0.1663,20.92,60.27,-111.88,0.3031,0.8681,4.23,12.12,-1.2,50.4,50.4,12.6,-0.74
1367,21.039,8.0,9.951,20.876,7.974,9.979,0.167,20.9,60.25,-111.84,0.302,0.8709,4.22,12.16,-1.2,50.4,50.4,12.6,-0.74
1368,21.049,8.0,9.951,20.886,7.974,9.979,0.1677,20.9,60.25,-111.82,0.3009,0.8737,4.2,12.2,-1.2,50.4,50.4,12.6,-0.75
1369,21.059,8.0,9.951,20.895,7.974,9.978,0.1684,20.9,60.23,-111.8,0.2997,0.8766,4.19,12.24,-1.2,50.4,50.4,12.6,-0.75
1370,21.069,8.0,9.951,20.905,7.974,9.978,0.1691,20.87,60.21,-111.75,0.2986,0.8794,4.17,12.28,-1.21,50.4,50.4,12.6,-0.75
1371,21.08,8.0,9.951,20.914,7.973,9.978,0.1698,20.87,60.18,-111.73,0.2975,0.8823,4.15,12.32,-1.21,50.4,50.4,12.6,-0.75
1372,21.09,8.0,9.951,20.924,7.973,9.978,0.1705,20.85,60.18,-111.69,0.2964,0.8851,4.14,12.36,-1.21,50.4,50.4,12.6,-0.75
1373,21.101,8.0,9.951,20.934,7.973,9.978,0.1712,20.85,60.16,-111.67,0.2953,0.8879,4.12,12.4,-1.21,50.4,50.4,12.6,-0.75
1374,21.111,8.0,9.951,20.944,7.973,9.978,0.1719,20.83,60.14,-111.64,0.2942,0.8908,4.11,12.44,-1.21,50.4,50.4,12.6,-0.75
1375,21.122,8.0,9.951,20.953,7.972,9.978,0.1726,20.83,60.14,-111.6,0.2931,0.8937,4.09,12.48,-1.21,50.4,50.4,12.6,-0.75
1376,21.132,8.0,9.951,20.963,7.972,9.977,0.1733,20.83,60.12,-111.58,0.292,0.8965,4.08,12.52,-1.21,50.4,50.4,12.6,-0.75
1377,21.143,8.0,9.951,20.973,7.972,9.977,0.1741,20.81,60.1,-111.53,0.2909,0.8994,4.06,12.56,-1.21,50.4,50.4,12.6,-0.75
1378,21.154,8.0,9.951,20.983,7.972,9.977,0.1748,20.81,60.07,-111.51,0.2898,0.9022,4.05,12.6,-1.21,50.4,50.4,12.6,-0.75
1379,21.164,8.0,9.951,20.993,7.972,9.977,0.1755,20.79,60.07,-111.47,0.2887,0.9051,4.03,12.64,-1.21,50.4,50.4,12.6,-0.75
1380,21.175,8.0,9.951,21.003,7.971,9.977,0.1762,20.79,60.05,-111.45,0.2876,0.908,4.02,12.68,-1.21,50.4,50.4,12.6,-0.75
1381,21.186,8.0,9.951,21.013,7.971,9.977,0.1769,20.76,60.03,-111.4,0.2865,0.9108,4.0,12.72,-1.21,50.4,50.4,12.6,-0.75
1382,21.197,8.0,9.951,21.024,7.971,9.976,0.1776,20.76,60.01,-111.38,0.2854,0.9137,3.98,12.76,-1.21,50.4,50.4,12.6,-0.76
1383,21.208,8.0,9.951,21.034,7.971,9.976,0.1783,20.76,60.01,-111.34,0.2843,0.9166,3.97,12.8,-1.21,50.4,50.4,12.6,-0.76
1384,21.219,8.0,9.951,21.044,7.97,9.976,0.179,20.74,59.99,-111.31,0.2832,0.9195,3.95,12.84,-1.21,50.4,50.4,12.6,-0.75
1385,21.23,8.0,9.951,21.054,7.97,9.976,0.1798,20.74,59.96,-111.27,0.2821,0.9223,3.94,12.88,-1.21,50.4,50.4,12.6,-0.75
1386,21.241,8.0,9.951,21.065,7.97,9.976,0.1805,20.72,59.94,-111.25,0.281,0.9252,3.92,12.92,-1.21,50.4,50.4,12.6,-0.75
1387,21.252,8.0,9.951,21.075,7.97,9.976,0.1812,20.72,59.92,-111.2,0.2799,0.9281,3.91,12.96,-1.21,50.4,50.4,12.6,-0.76
1388,21.263,8.0,9.951,21.086,7.97,9.975,0.1819,20.7,59.92,-111.18,0.2788,0.931,3.89,13.0,-1.21,50.4,50.4,12.6,-0.76
1389,21.275,8.0,9.951,21.096,7.969,9.975,0.1826,20.7,59.9,-111.14,0.2777,0.9339,3.88,13.04,-1.21,50.4,50.4,12.6,-0.76
1390,21.286,8.0,9.951,21.107,7.969,9.975,0.1833,20.68,59.88,-111.12,0.2766,0.9368,3.86,13.08,-1.21,50.4,50.4,12.6,-0.76
1391,21.297,8.0,9.951,21.118,7.969,9.975,0.1841,20.68,59.85,-111.07,0.2755,0.9397,3.85,13.12,-1.21,50.4,50.4,12.6,-0.76
1392,21.309,8.0,9.951,21.128,7.969,9.975,0.1848,20.65,59.83,-111.03,0.2744,0.9426,3.83,13.16,-1.21,50.4,50.4,12.6,-0.76
1393,21.32,8.0,9.951,21.139,7.969,9.975,0.1855,20.65,59.83,-111.01,0.2733,0.9455,3.82,13.2,-1.21,50.4,50.4,12.6,-0.76
1394,21.332,8.0,9.951,21.15,7.968,9.974,0.1862,20.65,59.81,-110.96,0.2722,0.9484,3.8,13.24,-1.21,50.4,50.4,12.6,-0.76
1395,21.343,8.0,9.951,21.161,7.968,9.974,0.187,20.63,59.79,-110.94,0.2711,0.9513,3.78,13.28,-1.21,50.4,50.4,12.6,-0.76
1396,21.355,8.0,9.951,21.171,7.968,9.974,0.1877,20.63,59.77,-110.9,0.27,0.9542,3.77,13.32,-1.21,50.4,50.4,12.6,-0.76
1397,21.367,8.0,9.951,21.182,7.968,9.974,0.1884,20.61,59.74,-110.85,0.2689,0.9571,3.75,13.36,-1.21,50.4,50.4,12.6,-0.77
1398,21.378,8.0,9.951,21.193,7.967,9.974,0.1891,20.61,59.74,-110.83,0.2678,0.9601,3.74,13.4,-1.21,50.4,50.4,12.6,-0.77
1399,21.39,8.0,9.951,21.204,7.967,9.974,0.1898,20.59,59.72,-110.79,0.2667,0.963,3.72,13.45,-1.21,50.4,50.4,12.6,-0.77
1400,21.402,8.0,9.951,21.215,7.967,9.973,0.1906,20.59,59.7,-110.76,0.2656,0.9659,3.71,13.49,-1.21,50.4,50.4,12.6,-0.77
1401,21.414,8.0,9.951,21.227,7.967,9.973,0.1913,20.57,59.68,-110.72,0.2645,0.9688,3.69,13.53,-1.21,50.4,50.4,12.6,-0.77
1402,21.426,8.0,9.951,21.238,7.967,9.973,0.192,20.57,59.66,-110.68,0.2634,0.9718,3.68,13.57,-1.21,50.4,50.4,12.6,-0.76
1403,21.438,8.0,9.951,21.249,7.966,9.973,0.1927,20.54,59.63,-110.65,0.2623,0.9747,3.66,13.61,-1.21,50.4,50.4,12.6,-0.76
1404,21.45,8.0,9.951,21.26,7.966,9.973,0.1935,20.54,59.63,-110.61,0.2612,0.9776,3.65,13.65,-1.21,50.4,50.4,12.6,-0.77
1405,21.462,8.0,9.951,21.272,7.966,9.973,0.1942,20.52,59.61,-110.57,0.2601,0.9806,3.63,13.69,-1.21,50.4,50.4,12.6,-0.77
1406,21.474,8.0,9.951,21.283,7.966,9.972,0.1949,20.52,59.59,-110.54,0.259,0.9835,3.62,13.73,-1.21,50.4,50.4,12.6,-0.77
1407,21.486,8.0,9.951,21.294,7.966,9.972,0.1957,20.5,59.57,-110.5,0.2579,0.9865,3.6,13.77,-1.21,50.4,50.4,12.6,-0.77
1408,21.498,8.0,9.951,21.306,7.965,9.972,0.1964,20.5,59.55,-110.46,0.2568,0.9894,3.59,13.81,-1.21,50.4,50.4,12.6,-0.77
1409,21.51,8.0,9.951,21.317,7.965,9.972,0.1971,20.48,59.52,-110.43,0.2557,0.9924,3.57,13.86,-1.21,50.4,50.4,12.6,-0.77
1410,21.523,8.0,9.951,21.329,7.965,9.972,0.1978,20.48,59.5,-110.39,0.2546,0.9953,3.55,13.9,-1.21,50.4,50.4,12.6,-0.77
1411,21.535,8.0,9.951,21.341,7.965,9.971,0.1986,20.46,59.48,-110.35,0.2535,0.9983,3.54,13.94,-1.21,50.4,50.4,12.6,-0.78
1412,21.547,8.0,9.951,21.352,7.964,9.971,0.1993,20.46,59.48,-110.3,0.2524,1.0013,3.52,13.98,-1.21,50.4,50.4,12.6,-0.78
1413,21.56,8.0,9.951,21.364,7.964,9.971,0.2,20.43,59.46,-110.28,0.2513,1.0042,3.51,14.02,-1.21,50.4,50.4,12.6,-0.78
1414,21.572,8.0,9.951,21.376,7.964,9.971,0.2008,20.43,59.44,-110.24,0.2502,1.0072,3.49,14.06,-1.21,50.4,50.4,12.6,-0.78
1415,21.585,8.0,9.951,21.388,7.964,9.971,0.2015,20.41,59.41,-110.19,0.2491,1.0102,3.48,14.1,-1.21,50.4,50.4,12.6,-0.78
1416,21.597,8.0,9.951,21.399,7.964,9.971,0.2022,20.41,59.39,-110.15,0.2479,1.0131,3.46,14.15,-1.21,50.4,50.4,12.6,-0.78
1417,21.61,8.0,9.951,21.411,7.963,9.97,0.203,20.39,59.37,-110.13,0.2468,1.0161,3.45,14.19,-1.21,50.4,50.4,12.6,-0.78
1418,21.623,8.0,9.951,21.423,7.963,9.97,0.2037,20.39,59.35,-110.08,0.2457,1.0191,3.43,14.23,-1.21,50.4,50.4,12.6,-0.78
1419,21.636,8.0,9.951,21.435,7.963,9.97,0.2044,20.37,59.33,-110.04,0.2447,1.0221,3.42,14.27,-1.21,50.4,50.4,12.6,-0.77
1420,21.648,8.0,9.951,21.447,7.963,9.97,0.2052,20.37,59.3,-110.0,0.2436,1.0251,3.4,14.31,-1.21,50.4,50.4,12.6,-0.77
1421,21.661,8.0,9.951,21.46,7.963,9.97,0.2059,20.35,59.28,-109.95,0.2425,1.0281,3.39,14.35,-1.21,50.4,50.4,12.6,-0.78
1422,21.674,8.0,9.951,21.472,7.962,9.969,0.2066,20.35,59.28,-109.93,0.2414,1.0311,3.37,14.4,-1.21,50.4,50.4,12.6,-0.78
1423,21.687,8.0,9.951,21.484,7.962,9.969,0.2074,20.32,59.26,-109.89,0.2403,1.0341,3.35,14.44,-1.21,50.4,50.4,12.6,-0.78
1424,21.7,8.0,9.951,21.496,7.962,9.969,0.2081,20.32,59.24,-109.84,0.2392,1.0371,3.34,14.48,-1.21,50.4,50.4,12.6,-0.79
1425,21.713,8.0,9.951,21.509,7.962,9.969,0.2089,20.3,59.22,-109.8,0.238,1.0401,3.32,14.52,-1.21,50.4,50.4,12.6,-0.79
1426,21.726,8.0,9.951,21.521,7.961,9.969,0.2096,20.3,59.19,-109.75,0.2369,1.0431,3.31,14.56,-1.21,50.4,50.4,12.6,-0.79
1427,21.739,8.0,9.951,21.533,7.961,9.969,0.2103,20.28,59.17,-109.71,0.2358,1.0461,3.29,14.61,-1.21,50.4,50.4,12.6,-0.79
1428,21.753,8.0,9.951,21.546,7.961,9.968,0.2111,20.28,59.15,-109.69,0.2347,1.0491,3.28,14.65,-1.21,50.4,50.4,12.6,-0.79
1429,21.766,8.0,9.951,21.558,7.961,9.968,0.2118,20.26,59.13,-109.64,0.2336,1.0522,3.26,14.69,-1.21,50.4,50.4,12.6,-0.79
1430,21.779,8.0,9.951,21.571,7.961,9.968,0.2126,20.26,59.11,-109.6,0.2325,1.0552,3.25,14.73,-1.21,50.4,50.4,12.6,-0.79
1431,21.792,8.0,9.951,21.584,7.96,9.968,0.2133,20.24,59.08,-109.56,0.2314,1.0582,3.23,14.78,-1.21,50.4,50.4,12.6,-0.79
1432,21.806,8.0,9.951,21.596,7.96,9.968,0.214,20.24,59.06,-109.51,0.2303,1.0612,3.22,14.82,-1.21,50.4,50.4,12.6,-0.79
1433,21.819,8.0,9.951,21.609,7.96,9.967,0.2148,20.21,59.04,-109.47,0.2292,1.0643,3.2,14.86,-1.21,50.4,50.4,12.6,-0.79
1434,21.833,8.0,9.952,21.622,7.96,9.967,0.2155,20.21,59.02,-109.42,0.2281,1.0673,3.19,14.9,-1.21,50.4,50.4,12.6,-0.79
1435,21.846,8.0,9.952,21.635,7.96,9.967,0.2163,20.19,59.0,-109.38,0.227,1.0704,3.17,14.94,-1.21,50.4,50.4,12.6,-0.78
1436,21.86,8.0,9.952,21.647,7.959,9.967,0.217,20.19,58.97,-109.34,0.2259,1.0734,3.15,14.99,-1.21,50.4,50.4,12.6,-0.79
1437,21.874,8.0,9.952,21.66,7.959,9.967,0.2178,20.17,58.95,-109.31,0.2248,1.0765,3.14,15.03,-1.21,50.4,50.4,12.6,-0.8
1438,21.887,8.0,9.952,21.673,7.959,9.966,0.2185,20.17,58.93,-109.27,0.2237,1.0795,3.12,15.07,-1.21,50.4,50.4,12.6,-0.8
1439,21.901,8.0,9.952,21.686,7.959,9.966,0.2192,20.15,58.91,-109.23,0.2226,1.0826,3.11,15.12,-1.21,50.4,50.4,12.6,-0.8
1440,21.915,8.0,9.952,21.699,7.959,9.966,0.22,20.15,58.89,-109.18,0.2215,1.0856,3.09,15.16,-1.21,50.4,50.4,12.6,-0.8
1441,21.929,8.0,9.952,21.712,7.958,9.966,0.2207,20.13,58.86,-109.14,0.2204,1.0887,3.08,15.2,-1.21,50.4,50.4,12.6,-0.8
1442,21.943,8.0,9.952,21.726,7.958,9.966,0.2215,20.13,58.84,-109.09,0.2193,1.0918,3.06,15.24,-1.21,50.4,50.4,12.6,-0.8
1443,21.957,8.0,9.952,21.739,7.958,9.965,0.2222,20.1,58.82,-109.05,0.2182,1.0948,3.05,15.29,-1.21,50.4,50.4,12.6,-0.8
1444,21.971,8.0,9.952,21.752,7.958,9.965,0.223,20.1,58.8,-109.01,0.217,1.0979,3.03,15.33,-1.21,50.4,50.4,12.6,-0.8
1445,21.985,8.0,9.952,21.765,7.957,9.965,0.2237,20.08,58.78,-108.96,0.2159,1.101,3.02,15.37,-1.21,50.4,50.4,12.6,-0.8
1446,21.999,8.0,9.952,21.779,7.957,9.965,0.2245,20.06,58.75,-108.92,0.2148,1.1041,3.0,15.42,-1.21,50.4,50.4,12.6,-0.8
1447,22.013,8.0,9.952,21.792,7.957,9.965,0.2252,20.06,58.73,-108.87,0.2137,1.1072,2.98,15.46,-1.21,50.4,50.4,12.6,-0.8
1448,22.027,8.0,9.952,21.806,7.957,9.964,0.226,20.04,58.71,-108.83,0.2126,1.1102,2.97,15.5,-1.21,50.4,50.4,12.6,-0.81
1449,22.041,8.0,9.952,21.819,7.957,9.964,0.2267,20.04,58.69,-108.79,0.2115,1.1133,2.95,15.55,-1.21,50.4,50.4,12.6,-0.8
1450,22.056,8.0,9.952,21.833,7.956,9.964,0.2275,20.02,58.67,-108.74,0.2104,1.1164,2.94,15.59,-1.21,50.4,50.4,12.6,-0.8
1451,22.07,8.0,9.952,21.846,7.956,9.964,0.2282,20.02,58.65,-108.7,0.2093,1.1195,2.92,15.63,-1.21,50.4,50.4,12.6,-0.81
1452,22.084,8.0,9.952,21.86,7.956,9.964,0.229,20.0,58.62,-108.65,0.2082,1.1226,2.91,15.68,-1.21,50.4,50.4,12.6,-0.81
1453,22.099,8.0,9.952,21.874,7.956,9.963,0.2297,20.0,58.6,-108.61,0.2071,1.1258,2.89,15.72,-1.21,50.4,50.4,12.6,-0.81
1454,22.113,8.0,9.952,21.887,7.956,9.963,0.2305,19.97,58.58,-108.57,0.206,1.1289,2.88,15.76,-1.21,50.4,50.4,12.6,-0.81
1455,22.128,8.0,9.952,21.901,7.955,9.963,0.2312,19.97,58.56,-108.5,0.2049,1.132,2.86,15.81,-1.21,50.4,50.4,12.6,-0.81
1456,22.142,8.0,9.952,21.915,7.955,9.963,0.232,19.95,58.54,-108.46,0.2037,1.1351,2.84,15.85,-1.21,50.4,50.4,12.6,-0.81
1457,22.157,8.0,9.952,21.929,7.955,9.962,0.2327,19.93,58.51,-108.41,0.2026,1.1382,2.83,15.89,-1.2,50.4,50.4,12.6,-0.81
1458,22.172,8.0,9.952,21.943,7.955,9.962,0.2335,19.93,58.49,-108.37,0.2015,1.1414,2.81,15.94,-1.2,50.4,50.4,12.6,-0.81
1459,22.187,8.0,9.952,21.957,7.955,9.962,0.2343,19.91,58.47,-108.33,0.2004,1.1445,2.8,15.98,-1.2,50.4,50.4,12.6,-0.82
1460,22.201,8.0,9.952,21.971,7.954,9.962,0.235,19.91,58.43,-108.28,0.1993,1.1476,2.78,16.02,-1.2,50.4,50.4,12.6,-0.82
1461,22.216,8.0,9.952,21.985,7.954,9.962,0.2358,19.89,58.4,-108.24,0.1982,1.1508,2.77,16.07,-1.2,50.4,50.4,12.6,-0.82
1462,22.231,8.0,9.952,21.999,7.954,9.961,0.2365,19.89,58.38,-108.19,0.1971,1.1539,2.75,16.11,-1.2,50.4,50.4,12.6,-0.82
1463,22.246,8.0,9.952,22.016,7.949,9.961,0.2363,19.84,58.36,-108.13,0.1964,1.1561,2.74,16.14,-1.01,50.4,50.4,12.6,-0.59
1464,22.261,8.0,9.952,22.034,7.94,9.961,0.2354,19.82,58.34,-108.08,0.1965,1.1569,2.74,16.15,-0.69,50.4,50.4,12.6,-0.23
1465,22.276,8.0,9.952,22.05,7.936,9.961,0.2351,19.8,58.32,-108.04,0.1968,1.1573,2.75,16.16,-0.56,50.4,50.4,12.6,-0.09
1466,22.291,8.0,9.952,22.065,7.936,9.961,0.2351,19.78,58.29,-108.0,0.197,1.1578,2.75,16.17,-0.56,50.4,50.4,12.6,-0.09
1467,22.306,8.0,9.952,22.08,7.936,9.961,0.2352,19.78,58.27,-107.93,0.1972,1.1583,2.75,16.17,-0.56,50.4,50.4,12.6,-0.09
1468,22.321,8.0,9.952,22.095,7.936,9.96,0.2352,19.75,58.23,-107.89,0.1974,1.1588,2.76,16.18,-0.56,50.4,50.4,12.6,-0.09
1469,22.336,8.0,9.952,22.11,7.936,9.96,0.2353,19.75,58.21,-107.84,0.1976,1.1593,2.76,16.19,-0.56,50.4,50.4,12.6,-0.09
1470,22.351,8.0,9.952,22.124,7.937,9.96,0.2353,19.73,58.18,-107.8,0.1978,1.1598,2.76,16.19,-0.56,50.4,50.4,12.6,-0.09
1471,22.366,8.0,9.952,22.139,7.937,9.96,0.2353,19.73,58.16,-107.73,0.198,1.1602,2.77,16.2,-0.56,50.4,50.4,12.6,-0.09
1472,22.381,8.0,9.952,22.154,7.937,9.96,0.2354,19.71,58.14,-107.69,0.1983,1.1607,2.77,16.21,-0.56,50.4,50.4,12.6,-0.09
1473,22.396,8.0,9.952,22.169,7.937,9.96,0.2354,19.69,58.12,-107.64,0.1985,1.1612,2.77,16.21,-0.56,50.4,50.4,12.6,-0.09
1474,22.411,8.0,9.952,22.184,7.937,9.959,0.2355,19.69,58.07,-107.6,0.1987,1.1617,2.77,16.22,-0.56,50.4,50.4,12.6,-0.09
1475,22.426,8.0,9.952,22.199,7.937,9.959,0.2355,19.67,58.05,-107.53,0.1989,1.1622,2.78,16.23,-0.56,50.4,50.4,12.6,-0.09
1476,22.441,8.0,9.952,22.214,7.937,9.959,0.2355,19.67,58.03,-107.49,0.1991,1.1627,2.78,16.23,-0.56,50.4,50.4,12.6,-0.09
1477,22.456,8.0,9.952,22.229,7.937,9.959,0.2356,19.64,58.01,-107.45,0.1994,1.1632,2.78,16.24,-0.56,50.4,50.4,12.6,-0.08
1478,22.471,8.0,9.952,22.244,7.937,9.959,0.2356,19.64,57.99,-107.38,0.1996,1.1637,2.79,16.25,-0.56,50.4,50.4,12.6,-0.08
1479,22.486,8.0,9.952,22.259,7.937,9.959,0.2357,19.62,57.96,-107.34,0.1998,1.1642,2.79,16.25,-0.56,50.4,50.4,12.6,-0.09
1480,22.501,8.0,9.952,22.274,7.937,9.958,0.2357,19.62,57.92,-107.29,0.2,1.1647,2.79,16.26,-0.56,50.4,50.4,12.6,-0.09
1481,22.516,8.0,9.952,22.288,7.937,9.958,0.2358,19.6,57.9,-107.25,0.2002,1.1652,2.8,16.27,-0.56,50.4,50.4,12.6,-0.09
1482,22.53,8.0,9.952,22.303,7.937,9.958,0.2358,19.6,57.88,-107.18,0.2004,1.1656,2.8,16.28,-0.56,50.4,50.4,12.6,-0.09
1483,22.545,8.0,9.952,22.318,7.937,9.958,0.2358,19.58,57.85,-107.14,0.2006,1.1661,2.8,16.28,-0.56,50.4,50.4,12.6,-0.09
1484,22.56,8.0,9.952,22.333,7.937,9.958,0.2359,19.56,57.83,-107.09,0.2009,1.1666,2.8,16.29,-0.56,50.4,50.4,12.6,-0.09
1485,22.575,8.0,9.952,22.348,7.937,9.958,0.2359,19.56,57.81,-107.03,0.2011,1.1671,2.81,16.3,-0.56,50.4,50.4,12.6,-0.09
1486,22.59,8.0,9.952,22.363,7.937,9.957,0.236,19.53,57.79,-106.98,0.2013,1.1676,2.81,16.3,-0.56,50.4,50.4,12.6,-0.09
1487,22.605,8.0,9.952,22.378,7.937,9.957,0.236,19.53,57.74,-106.94,0.2015,1.1681,2.81,16.31,-0.56,50.4,50.4,12.6,-0.09
1488,22.62,8.0,9.952,22.393,7.937,9.957,0.236,19.51,57.72,-106.9,0.2017,1.1686,2.82,16.32,-0.56,50.4,50.4,12.6,-0.09
1489,22.635,8.0,9.952,22.408,7.937,9.957,0.2361,19.51,57.7,-106.83,0.2019,1.1691,2.82,16.32,-0.55,50.4,50.4,12.6,-0.09
1490,22.65,8.0,9.952,22.423,7.937,9.957,0.2361,19.49,57.68,-106.79,0.2022,1.1696,2.82,16.33,-0.55,50.4,50.4,12.6,-0.08
1491,22.665,8.0,9.952,22.438,7.937,9.957,0.2362,19.49,57.66,-106.74,0.2024,1.1701,2.83,16.34,-0.55,50.4,50.4,12.6,-0.08
1492,22.68,8.0,9.952,22.453,7.937,9.956,0.2362,19.47,57.63,-106.68,0.2026,1.1706,2.83,16.34,-0.55,50.4,50.4,12.6,-0.09
1493,22.695,8.0,9.952,22.467,7.937,9.956,0.2362,19.47,57.59,-106.63,0.2028,1.1711,2.83,16.35,-0.55,50.4,50.4,12.6,-0.09
1494,22.71,8.0,9.952,22.482,7.937,9.956,0.2363,19.45,57.57,-106.59,0.203,1.1716,2.83,16.36,-0.55,50.4,50.4,12.6,-0.09
1495,22.725,8.0,9.952,22.497,7.937,9.956,0.2363,19.42,57.55,-106.55,0.2032,1.1721,2.84,16.37,-0.55,50.4,50.4,12.6,-0.09
1496,22.74,8.0,9.952,22.512,7.937,9.956,0.2364,19.42,57.52,-106.48,0.2034,1.1726,2.84,16.37,-0.55,50.4,50.4,12.6,-0.09
1497,22.755,8.0,9.952,22.527,7.937,9.956,0.2364,19.4,57.5,-106.44,0.2036,1.1731,2.84,16.38,-0.55,50.4,50.4,12.6,-0.09
1498,22.77,8.0,9.952,22.542,7.937,9.955,0.2365,19.4,57.48,-106.39,0.2039,1.1736,2.85,16.39,-0.55,50.4,50.4,12.6,-0.09
1499,22.785,8.0,9.952,22.557,7.937,9.955,0.2365,19.38,57.44,-106.33,0.2041,1.1741,2.85,16.39,-0.55,50.4,50.4,12.6,-0.09
1500,22.8,8.0,9.953,22.572,7.938,9.955,0.2365,19.38,57.41,-106.28,0.2043,1.1746,2.85,16.4,-0.55,50.4,50.4,12.6,-0.09
1501,22.815,8.0,9.953,22.587,7.938,9.955,0.2366,19.36,57.39,-106.24,0.2045,1.1751,2.86,16.41,-0.55,50.4,50.4,12.6,-0.09
1502,22.83,8.0,9.953,22.602,7.938,9.955,0.2366,19.36,57.37,-106.17,0.2047,1.1756,2.86,16.41,-0.55,50.4,50.4,12.6,-0.09
1503,22.845,8.0,9.953,22.617,7.938,9.955,0.2367,19.34,57.35,-106.13,0.2049,1.1761,2.86,16.42,-0.55,50.4,50.4,12.6,-0.09
1504,22.86,8.0,9.953,22.631,7.938,9.954,0.2367,19.34,57.3,-106.08,0.2051,1.1766,2.86,16.43,-0.55,50.4,50.4,12.6,-0.08
1505,22.875,8.0,9.953,22.646,7.938,9.954,0.2367,19.31,57.28,-106.04,0.2054,1.1771,2.87,16.44,-0.55,50.4,50.4,12.6,-0.08
1506,22.89,8.0,9.953,22.661,7.938,9.954,0.2368,19.31,57.26,-105.97,0.2056,1.1776,2.87,16.44,-0.55,50.4,50.4,12.6,-0.09
1507,22.905,8.0,9.953,22.676,7.938,9.954,0.2368,19.29,57.24,-105.93,0.2058,1.1781,2.87,16.45,-0.55,50.4,50.4,12.6,-0.09
1508,22.92,8.0,9.953,22.691,7.938,9.954,0.2369,19.27,57.22,-105.89,0.206,1.1786,2.88,16.46,-0.55,50.4,50.4,12.6,-0.09
1509,22.935,8.0,9.953,22.706,7.938,9.954,0.2369,19.27,57.19,-105.82,0.2062,1.1791,2.88,16.46,-0.55,50.4,50.4,12.6,-0.09
1510,22.95,8.0,9.953,22.721,7.938,9.953,0.237,19.25,57.15,-105.78,0.2064,1.1796,2.88,16.47,-0.55,50.4,50.4,12.6,-0.09
1511,22.965,8.0,9.953,22.736,7.938,9.953,0.237,19.25,57.13,-105.73,0.2066,1.1801,2.88,16.48,-0.55,50.4,50.4,12.6,-0.09
1512,22.98,8.0,9.953,22.751,7.938,9.953,0.237,19.23,57.11,-105.67,0.2068,1.1806,2.89,16.48,-0.55,50.4,50.4,12.6,-0.09
1513,22.995,8.0,9.953,22.766,7.938,9.953,0.2371,19.23,57.08,-105.62,0.207,1.1811,2.89,16.49,-0.54,50.4,50.4,12.6,-0.09
1514,23.009,8.0,9.953,22.781,7.938,9.953,0.2371,19.2,57.06,-105.58,0.2072,1.1816,2.89,16.5,-0.54,50.4,50.4,12.6,-0.09
1515,23.024,8.0,9.953,22.796,7.938,9.953,0.2372,19.2,57.04,-105.51,0.2074,1.1821,2.9,16.51,-0.54,50.4,50.4,12.6,-0.09
1516,23.039,8.0,9.953,22.81,7.938,9.952,0.2372,19.18,57.0,-105.47,0.2076,1.1826,2.9,16.51,-0.54,50.4,50.4,12.6,-0.09
1517,23.054,8.0,9.953,22.825,7.938,9.952,0.2373,19.18,56.98,-105.42,0.2079,1.1831,2.9,16.52,-0.54,50.4,50.4,12.6,-0.09
1518,23.069,8.0,9.953,22.84,7.938,9.952,0.2373,19.16,56.95,-105.38,0.2081,1.1836,2.91,16.53,-0.54,50.4,50.4,12.6,-0.08
1519,23.084,8.0,9.953,22.855,7.938,9.952,0.2373,19.16,56.93,-105.31,0.2083,1.1841,2.91,16.53,-0.54,50.4,50.4,12.6,-0.09
1520,23.099,8.0,9.953,22.87,7.938,9.952,0.2374,19.14,56.91,-105.27,0.2085,1.1846,2.91,16.54,-0.54,50.4,50.4,12.6,-0.09
1521,23.114,8.0,9.953,22.885,7.938,9.951,0.2374,19.14,56.87,-105.23,0.2087,1.1852,2.91,16.55,-0.54,50.4,50.4,12.6,-0.1
1522,23.129,8.0,9.953,22.9,7.938,9.951,0.2375,19.12,56.84,-105.16,0.2089,1.1857,2.92,16.55,-0.54,50.4,50.4,12.6,-0.1
1523,23.144,8.0,9.953,22.915,7.938,9.951,0.2375,19.12,56.82,-105.12,0.2091,1.1862,2.92,16.56,-0.54,50.4,50.4,12.6,-0.1
1524,23.159,8.0,9.953,22.93,7.938,9.951,0.2376,19.09,56.8,-105.07,0.2093,1.1867,2.92,16.57,-0.54,50.4,50.4,12.6,-0.1
1525,23.174,8.0,9.953,22.945,7.938,9.951,0.2376,19.09,56.78,-105.01,0.2095,1.1872,2.93,16.58,-0.54,50.4,50.4,12.6,-0.1
1526,23.189,8.0,9.953,22.96,7.938,9.951,0.2376,19.07,56.76,-104.96,0.2097,1.1877,2.93,16.58,-0.54,50.4,50.4,12.6,-0.1
1527,23.204,8.0,9.953,22.975,7.938,9.95,0.2377,19.07,56.71,-104.92,0.2099,1.1882,2.93,16.59,-0.54,50.4,50.4,12.6,-0.1
1528,23.219,8.0,9.953,22.989,7.938,9.95,0.2377,19.05,56.69,-104.85,0.2102,1.1887,2.93,16.6,-0.54,50.4,50.4,12.6,-0.1
1529,23.234,8.0,9.953,23.004,7.938,9.95,0.2378,19.03,56.67,-104.81,0.2104,1.1892,2.94,16.6,-0.54,50.4,50.4,12.6,-0.1
1530,23.249,8.0,9.953,23.019,7.938,9.95,0.2378,19.03,56.65,-104.77,0.2106,1.1897,2.94,16.61,-0.54,50.4,50.4,12.6,-0.1
1531,23.264,8.0,9.953,23.034,7.939,9.95,0.2379,19.01,56.62,-104.7,0.2108,1.1903,2.94,16.62,-0.54,50.4,50.4,12.6,-0.09
1532,23.279,8.0,9.953,23.049,7.939,9.95,0.2379,19.01,56.58,-104.66,0.211,1.1908,2.95,16.63,-0.54,50.4,50.4,12.6,-0.09
1533,23.294,8.0,9.953,23.064,7.939,9.949,0.2379,18.98,56.56,-104.61,0.2112,1.1913,2.95,16.63,-0.54,50.4,50.4,12.6,-0.1
1534,23.309,8.0,9.953,23.079,7.939,9.949,0.238,18.98,56.54,-104.55,0.2114,1.1918,2.95,16.64,-0.54,50.4,50.4,12.6,-0.1
1535,23.324,8.0,9.953,23.094,7.939,9.949,0.238,18.96,56.51,-104.5,0.2116,1.1923,2.95,16.65,-0.54,50.4,50.4,12.6,-0.1
1536,23.339,8.0,9.953,23.109,7.939,9.949,0.2381,18.96,56.49,-104.46,0.2118,1.1928,2.96,16.66,-0.54,50.4,50.4,12.6,-0.1
1537,23.354,8.0,9.953,23.124,7.939,9.949,0.2381,18.94,56.47,-104.39,0.212,1.1933,2.96,16.66,-0.54,50.4,50.4,12.6,-0.1
1538,23.369,8.0,9.953,23.139,7.939,9.949,0.2382,18.94,56.43,-104.35,0.2122,1.1939,2.96,16.67,-0.54,50.4,50.4,12.6,-0.1
1539,23.384,8.0,9.953,23.154,7.939,9.948,0.2382,18.92,56.4,-104.3,0.2124,1.1944,2.97,16.68,-0.53,50.4,50.4,12.6,-0.1
1540,23.399,8.0,9.953,23.168,7.939,9.948,0.2383,18.92,56.38,-104.24,0.2126,1.1949,2.97,16.68,-0.53,50.4,50.4,12.6,-0.1
1541,23.414,8.0,9.953,23.183,7.939,9.948,0.2383,18.9,56.36,-104.19,0.2128,1.1954,2.97,16.69,-0.53,50.4,50.4,12.6,-0.1
1542,23.429,8.0,9.953,23.198,7.939,9.947,0.2383,18.9,56.34,-104.15,0.215,1.1959,3.0,16.7,-0.53,50.4,50.4,12.6,-0.1
1543,23.444,8.0,9.953,23.213,7.939,9.945,0.2383,18.87,56.29,-104.08,0.2202,1.1964,3.08,16.71,-0.53,50.4,50.4,12.6,-0.1
1544,23.459,8.0,9.953,23.228,7.939,9.944,0.2383,18.87,56.27,-104.04,0.2231,1.197,3.12,16.71,-0.53,50.4,50.4,12.6,-0.1
1545,23.474,8.0,9.953,23.243,7.939,9.942,0.2383,18.85,56.23,-104.0,0.2285,1.1975,3.19,16.72,-0.53,50.4,50.4,12.6,-0.09
1546,23.488,8.0,9.953,23.258,7.939,9.944,0.2384,18.85,56.23,-103.93,0.2225,1.198,3.11,16.73,-0.53,50.4,50.4,12.6,-0.09
1547,23.503,8.0,9.953,23.273,7.939,9.946,0.2386,18.83,56.21,-103.89,0.2181,1.1985,3.05,16.73,-0.53,50.4,50.4,12.6,-0.1
1548,23.518,8.0,9.953,23.288,7.939,9.948,0.2387,18.83,56.18,-103.84,0.2137,1.199,2.98,16.74,-0.53,50.4,50.4,12.6,-0.1
1549,23.533,8.0,9.953,23.303,7.939,9.948,0.2387,18.81,56.14,-103.78,0.2144,1.1996,2.99,16.75,-0.53,50.4,50.4,12.6,-0.1
1550,23.548,8.0,9.953,23.318,7.939,9.945,0.2387,18.81,56.12,-103.73,0.2205,1.2001,3.08,16.76,-0.53,50.4,50.4,12.6,-0.1
1551,23.563,8.0,9.953,23.333,7.939,9.944,0.2387,18.79,56.1,-103.69,0.2224,1.2006,3.11,16.76,-0.53,50.4,50.4,12.6,-0.1
1552,23.578,8.0,9.953,23.348,7.939,9.945,0.2388,18.79,56.07,-103.62,0.2211,1.2011,3.09,16.77,-0.53,50.4,50.4,12.6,-0.1
1553,23.593,8.0,9.953,23.362,7.939,9.945,0.2388,18.76,56.03,-103.58,0.2215,1.2016,3.09,16.78,-0.53,50.4,50.4,12.6,-0.1
1554,23.608,8.0,9.953,23.377,7.939,9.945,0.2389,18.76,56.01,-103.54,0.2217,1.2022,3.1,16.79,-0.53,50.4,50.4,12.6,-0.1
1555,23.623,8.0,9.953,23.392,7.939,9.945,0.2389,18.74,55.99,-103.47,0.2219,1.2027,3.1,16.79,-0.53,50.4,50.4,12.6,-0.1
1556,23.638,8.0,9.953,23.407,7.939,9.945,0.239,18.74,55.96,-103.43,0.2221,1.2032,3.1,16.8,-0.53,50.4,50.4,12.6,-0.1
1557,23.653,8.0,9.953,23.422,7.939,9.945,0.239,18.72,55.94,-103.38,0.2223,1.2037,3.1,16.81,-0.53,50.4,50.4,12.6,-0.1
1558,23.668,8.0,9.953,23.437,7.939,9.943,0.239,18.72,55.9,-103.32,0.2283,1.2043,3.19,16.81,-0.53,50.4,50.4,12.6,-0.09
1559,23.683,8.0,9.953,23.452,7.939,9.943,0.2391,18.7,55.88,-103.27,0.2283,1.2048,3.19,16.82,-0.53,50.4,50.4,12.6,-0.09
1560,23.698,8.0,9.954,23.467,7.939,9.945,0.2392,18.7,55.85,-103.21,0.223,1.2053,3.11,16.83,-0.53,50.4,50.4,12.6,-0.1
1561,23.713,8.0,9.954,23.482,7.939,9.947,0.2393,18.68,55.83,-103.16,0.2186,1.2058,3.05,16.84,-0.53,50.4,50.4,12.6,-0.1
1562,23.728,8.0,9.954,23.496,7.939,9.948,0.2394,18.68,55.81,-103.12,0.2167,1.2064,3.03,16.84,-0.53,50.4,50.4,12.6,-0.1
1563,23.743,8.0,9.954,23.511,7.94,9.945,0.2394,18.65,55.79,-103.05,0.223,1.2069,3.11,16.85,-0.53,50.4,50.4,12.6,-0.1
1564,23.758,8.0,9.954,23.526,7.94,9.945,0.2394,18.65,55.74,-103.01,0.224,1.2074,3.13,16.86,-0.53,50.4,50.4,12.6,-0.1
1565,23.773,8.0,9.954,23.541,7.94,9.945,0.2395,18.63,55.72,-102.96,0.2239,1.2079,3.13,16.87,-0.52,50.4,50.4,12.6,-0.1
1566,23.788,8.0,9.954,23.556,7.94,9.945,0.2395,18.63,55.7,-102.9,0.2241,1.2085,3.13,16.87,-0.52,50.4,50.4,12.6,-0.1
1567,23.803,8.0,9.954,23.571,7.94,9.945,0.2396,18.61,55.68,-102.85,0.2243,1.209,3.13,16.88,-0.52,50.4,50.4,12.6,-0.1
1568,23.818,8.0,9.954,23.586,7.94,9.945,0.2396,18.61,55.66,-102.81,0.2245,1.2095,3.13,16.89,-0.52,50.4,50.4,12.6,-0.1
1569,23.833,8.0,9.954,23.601,7.94,9.945,0.2397,18.59,55.61,-102.74,0.2247,1.2101,3.14,16.9,-0.52,50.4,50.4,12.6,-0.1
1570,23.848,8.0,9.954,23.616,7.94,9.945,0.2397,18.59,55.59,-102.7,0.2249,1.2106,3.14,16.9,-0.52,50.4,50.4,12.6,-0.1
1571,23.863,8.0,9.954,23.631,7.94,9.945,0.2398,18.57,55.57,-102.63,0.2252,1.2111,3.14,16.91,-0.52,50.4,50.4,12.6,-0.1
1572,23.878,8.0,9.954,23.646,7.94,9.942,0.2397,18.57,55.55,-102.59,0.2312,1.2117,3.23,16.92,-0.52,50.4,50.4,12.6,-0.09
1573,23.893,8.0,9.954,23.661,7.94,9.943,0.2398,18.54,55.52,-102.55,0.2305,1.2122,3.22,16.93,-0.52,50.4,50.4,12.6,-0.09
1574,23.908,8.0,9.954,23.675,7.94,9.945,0.2399,18.54,55.5,-102.48,0.2253,1.2127,3.15,16.93,-0.52,50.4,50.4,12.6,-0.1
1575,23.923,8.0,9.954,23.69,7.94,9.947,0.2401,18.52,55.48,-102.44,0.2209,1.2133,3.08,16.94,-0.52,50.4,50.4,12.6,-0.1
1576,23.938,8.0,9.954,23.705,7.94,9.948,0.2401,18.52,55.44,-102.39,0.2195,1.2138,3.07,16.95,-0.52,50.4,50.4,12.6,-0.1
1577,23.952,8.0,9.954,23.72,7.94,9.945,0.2401,18.5,55.42,-102.33,0.2259,1.2143,3.15,16.96,-0.52,50.4,50.4,12.6,-0.1
1578,23.967,8.0,9.954,23.735,7.94,9.944,0.2401,18.5,55.39,-102.28,0.2282,1.2149,3.19,16.96,-0.52,50.4,50.4,12.6,-0.1
1579,23.982,8.0,9.954,23.75,7.94,9.945,0.2402,18.48,55.37,-102.22,0.2265,1.2154,3.16,16.97,-0.52,50.4,50.4,12.6,-0.1
1580,23.997,8.0,9.954,23.765,7.94,9.945,0.2402,18.48,55.33,-102.17,0.2269,1.2159,3.17,16.98,-0.52,50.4,50.4,12.6,-0.1
1581,24.012,8.0,9.954,23.78,7.94,9.945,0.2403,18.46,55.31,-102.13,0.2271,1.2165,3.17,16.99,-0.52,50.4,50.4,12.6,-0.1
1582,24.027,8.0,9.954,23.795,7.94,9.945,0.2403,18.46,55.28,-102.06,0.2273,1.217,3.17,16.99,-0.52,50.4,50.4,12.6,-0.1
1583,24.042,8.0,9.954,23.81,7.94,9.945,0.2404,18.44,55.26,-102.02,0.2275,1.2175,3.18,17.0,-0.52,50.4,50.4,12.6,-0.1
1584,24.057,8.0,9.954,23.825,7.94,9.945,0.2404,18.44,55.24,-101.98,0.2277,1.2181,3.18,17.01,-0.52,50.4,50.4,12.6,-0.1
1585,24.072,8.0,9.954,23.84,7.94,9.943,0.2404,18.41,55.2,-101.91,0.2321,1.2186,3.24,17.02,-0.52,50.4,50.4,12.6,-0.1
1586,24.087,8.0,9.954,23.855,7.94,9.942,0.2405,18.41,55.17,-101.87,0.2347,1.2192,3.28,17.02,-0.52,50.4,50.4,12.6,-0.09
1587,24.102,8.0,9.954,23.869,7.94,9.945,0.2406,18.39,55.15,-101.8,0.229,1.2197,3.2,17.03,-0.52,50.4,50.4,12.6,-0.1
1588,24.117,8.0,9.954,23.884,7.94,9.946,0.2407,18.39,55.13,-101.76,0.2246,1.2202,3.14,17.04,-0.52,50.4,50.4,12.6,-0.1
1589,24.132,8.0,9.954,23.899,7.94,9.948,0.2408,18.37,55.11,-101.71,0.2219,1.2208,3.1,17.05,-0.52,50.4,50.4,12.6,-0.1
1590,24.147,8.0,9.954,23.914,7.94,9.945,0.2408,18.37,55.09,-101.65,0.2274,1.2213,3.18,17.05,-0.52,50.4,50.4,12.6,-0.1
1591,24.162,8.0,9.954,23.929,7.94,9.944,0.2408,18.35,55.04,-101.6,0.2294,1.2219,3.2,17.06,-0.52,50.4,50.4,12.6,-0.1
1592,24.177,8.0,9.954,23.944,7.94,9.944,0.2408,18.35,55.02,-101.56,0.2292,1.2224,3.2,17.07,-0.52,50.4,50.4,12.6,-0.1
1593,24.192,8.0,9.954,23.959,7.94,9.944,0.2409,18.33,55.0,-101.49,0.2294,1.2229,3.2,17.08,-0.51,50.4,50.4,12.6,-0.1
1594,24.207,8.0,9.954,23.974,7.94,9.944,0.2409,18.33,54.98,-101.45,0.2296,1.2235,3.21,17.08,-0.51,50.4,50.4,12.6,-0.1
1595,24.222,8.0,9.954,23.989,7.94,9.944,0.241,18.33,54.93,-101.38,0.2298,1.224,3.21,17.09,-0.51,50.4,50.4,12.6,-0.1
1596,24.237,8.0,9.954,24.003,7.94,9.944,0.2411,18.3,54.91,-101.34,0.23,1.2246,3.21,17.1,-0.51,50.4,50.4,12.6,-0.1
1597,24.252,8.0,9.954,24.018,7.94,9.944,0.2411,18.3,54.89,-101.29,0.2302,1.2251,3.21,17.11,-0.51,50.4,50.4,12.6,-0.1
1598,24.267,8.0,9.954,24.033,7.941,9.944,0.2412,18.28,54.87,-101.23,0.2304,1.2257,3.22,17.11,-0.51,50.4,50.4,12.6,-0.1
1599,24.282,8.0,9.954,24.048,7.941,9.942,0.2411,18.28,54.82,-101.18,0.2364,1.2262,3.3,17.12,-0.51,50.4,50.4,12.6,-0.1
1600,24.297,8.0,9.954,24.063,7.941,9.943,0.2412,18.26,54.8,-101.12,0.2353,1.2267,3.28,17.13,-0.51,50.4,50.4,12.6,-0.1
1601,24.312,8.0,9.954,24.078,7.941,9.945,0.2413,18.26,54.78,-101.07,0.2301,1.2273,3.21,17.14,-0.51,50.4,50.4,12.6,-0.1
1602,24.327,8.0,9.954,24.093,7.941,9.947,0.2415,18.24,54.76,-101.03,0.2258,1.2278,3.15,17.14,-0.51,50.4,50.4,12.6,-0.11
1603,24.342,8.0,9.954,24.108,7.941,9.947,0.2415,18.24,54.73,-100.96,0.2265,1.2284,3.16,17.15,-0.51,50.4,50.4,12.6,-0.11
1604,24.357,8.0,9.954,24.123,7.941,9.944,0.2414,18.22,54.71,-100.92,0.2324,1.2289,3.24,17.16,-0.51,50.4,50.4,12.6,-0.11
1605,24.372,8.0,9.954,24.138,7.941,9.944,0.2415,18.22,54.67,-100.85,0.2317,1.2295,3.24,17.17,-0.51,50.4,50.4,12.6,-0.11
1606,24.387,8.0,9.954,24.153,7.941,9.944,0.2416,18.19,54.65,-100.81,0.2319,1.23,3.24,17.17,-0.51,50.4,50.4,12.6,-0.11
1607,24.402,8.0,9.954,24.168,7.941,9.944,0.2416,18.19,54.62,-100.77,0.2321,1.2306,3.24,17.18,-0.51,50.4,50.4,12.6,-0.11
1608,24.416,8.0,9.954,24.182,7.941,9.944,0.2417,18.17,54.6,-100.7,0.2323,1.2311,3.24,17.19,-0.51,50.4,50.4,12.6,-0.11
1609,24.431,8.0,9.954,24.197,7.941,9.944,0.2417,18.17,54.58,-100.66,0.2325,1.2317,3.25,17.2,-0.51,50.4,50.4,12.6,-0.11
1610,24.446,8.0,9.954,24.212,7.941,9.944,0.2418,18.15,54.54,-100.59,0.2327,1.2322,3.25,17.21,-0.51,50.4,50.4,12.6,-0.11
1611,24.461,8.0,9.954,24.227,7.941,9.944,0.2418,18.15,54.51,-100.55,0.2329,1.2328,3.25,17.21,-0.51,50.4,50.4,12.6,-0.11
1612,24.476,8.0,9.954,24.242,7.941,9.944,0.2418,18.13,54.49,-100.48,0.2342,1.2333,3.27,17.22,-0.51,50.4,50.4,12.6,-0.11
1613,24.491,8.0,9.954,24.257,7.941,9.941,0.2418,18.13,54.45,-100.44,0.24,1.2339,3.35,17.23,-0.51,50.4,50.4,12.6,-0.1
1614,24.506,8.0,9.954,24.272,7.941,9.944,0.2419,18.11,54.45,-100.39,0.2341,1.2345,3.27,17.24,-0.51,50.4,50.4,12.6,-0.1
1615,24.521,8.0,9.954,24.287,7.941,9.946,0.2421,18.11,54.43,-100.33,0.2297,1.235,3.21,17.24,-0.51,50.4,50.4,12.6,-0.11
1616,24.536,8.0,9.954,24.302,7.941,9.947,0.2421,18.11,54.38,-100.28,0.2283,1.2356,3.19,17.25,-0.51,50.4,50.4,12.6,-0.11
1617,24.551,8.0,9.955,24.317,7.941,9.944,0.2421,18.08,54.36,-100.22,0.2347,1.2361,3.28,17.26,-0.51,50.4,50.4,12.6,-0.11
1618,24.566,8.0,9.955,24.332,7.941,9.944,0.2421,18.08,54.34,-100.17,0.2344,1.2367,3.27,17.27,-0.51,50.4,50.4,12.6,-0.11
1619,24.581,8.0,9.955,24.346,7.941,9.944,0.2422,18.06,54.32,-100.13,0.2344,1.2372,3.27,17.27,-0.51,50.4,50.4,12.6,-0.11
1620,24.596,8.0,9.955,24.361,7.941,9.944,0.2422,18.06,54.27,-100.06,0.2346,1.2378,3.28,17.28,-0.51,50.4,50.4,12.6,-0.11
1621,24.611,8.0,9.955,24.376,7.941,9.944,0.2423,18.04,54.25,-100.02,0.2348,1.2383,3.28,17.29,-0.5,50.4,50.4,12.6,-0.11
1622,24.626,8.0,9.955,24.391,7.941,9.944,0.2423,18.04,54.23,-99.95,0.2349,1.2389,3.28,17.3,-0.5,50.4,50.4,12.6,-0.11
1623,24.641,8.0,9.955,24.406,7.941,9.944,0.2424,18.02,54.21,-99.91,0.2351,1.2395,3.28,17.31,-0.5,50.4,50.4,12.6,-0.11
1624,24.656,8.0,9.955,24.421,7.941,9.944,0.2424,18.02,54.16,-99.84,0.2353,1.24,3.29,17.31,-0.5,50.4,50.4,12.6,-0.11
1625,24.671,8.0,9.955,24.436,7.941,9.944,0.2425,18.0,54.14,-99.8,0.2355,1.2406,3.29,17.32,-0.5,50.4,50.4,12.6,-0.11
1626,24.686,8.0,9.955,24.451,7.941,9.942,0.2425,18.0,54.12,-99.76,0.2406,1.2411,3.36,17.33,-0.5,50.4,50.4,12.6,-0.11
1627,24.701,8.0,9.955,24.466,7.941,9.942,0.2425,17.97,54.1,-99.69,0.2407,1.2417,3.36,17.34,-0.5,50.4,50.4,12.6,-0.1
1628,24.716,8.0,9.955,24.481,7.941,9.944,0.2427,17.97,54.07,-99.65,0.2354,1.2423,3.29,17.35,-0.5,50.4,50.4,12.6,-0.11
1629,24.731,8.0,9.955,24.495,7.941,9.946,0.2428,17.95,54.05,-99.58,0.231,1.2428,3.23,17.35,-0.5,50.4,50.4,12.6,-0.11
1630,24.746,8.0,9.955,24.51,7.941,9.946,0.2428,17.95,54.01,-99.54,0.2316,1.2434,3.23,17.36,-0.5,50.4,50.4,12.6,-0.11
1631,24.761,8.0,9.955,24.525,7.941,9.944,0.2428,17.95,53.99,-99.47,0.2374,1.244,3.32,17.37,-0.5,50.4,50.4,12.6,-0.11
1632,24.776,8.0,9.955,24.54,7.941,9.944,0.2428,17.93,53.96,-99.43,0.2368,1.2445,3.31,17.38,-0.5,50.4,50.4,12.6,-0.11
1633,24.791,8.0,9.955,24.555,7.941,9.944,0.2429,17.93,53.92,-99.38,0.237,1.2451,3.31,17.38,-0.5,50.4,50.4,12.6,-0.11
1634,24.806,8.0,9.955,24.57,7.942,9.944,0.2429,17.91,53.9,-99.32,0.2372,1.2456,3.31,17.39,-0.5,50.4,50.4,12.6,-0.11
1635,24.821,8.0,9.955,24.585,7.942,9.944,0.243,17.91,53.88,-99.27,0.2373,1.2462,3.31,17.4,-0.5,50.4,50.4,12.6,-0.11
1636,24.836,8.0,9.955,24.6,7.942,9.944,0.243,17.89,53.85,-99.21,0.2375,1.2468,3.32,17.41,-0.5,50.4,50.4,12.6,-0.11
1637,24.851,8.0,9.955,24.615,7.942,9.944,0.2431,17.89,53.83,-99.16,0.2377,1.2473,3.32,17.42,-0.5,50.4,50.4,12.6,-0.11
1638,24.866,8.0,9.955,24.63,7.942,9.944,0.2431,17.86,53.79,-99.1,0.2379,1.2479,3.32,17.42,-0.5,50.4,50.4,12.6,-0.11
1639,24.88,8.0,9.955,24.645,7.942,9.944,0.2432,17.86,53.77,-99.05,0.2381,1.2485,3.32,17.43,-0.5,50.4,50.4,12.6,-0.11
1640,24.895,8.0,9.955,24.66,7.942,9.941,0.2432,17.84,53.75,-99.01,0.2441,1.2491,3.41,17.44,-0.5,50.4,50.4,12.6,-0.11
1641,24.91,8.0,9.955,24.675,7.942,9.942,0.2432,17.84,53.72,-98.94,0.2419,1.2496,3.38,17.45,-0.5,50.4,50.4,12.6,-0.1
1642,24.925,8.0,9.955,24.689,7.942,9.945,0.2433,17.84,53.7,-98.9,0.237,1.2502,3.31,17.46,-0.5,50.4,50.4,12.6,-0.11
1643,24.94,8.0,9.955,24.704,7.942,9.947,0.2435,17.82,53.68,-98.83,0.2326,1.2508,3.25,17.46,-0.5,50.4,50.4,12.6,-0.11
1644,24.955,8.0,9.955,24.719,7.942,9.945,0.2434,17.82,53.64,-98.79,0.2371,1.2513,3.31,17.47,-0.5,50.4,50.4,12.6,-0.11
1645,24.97,8.0,9.955,24.734,7.942,9.944,0.2435,17.8,53.61,-98.72,0.2396,1.2519,3.35,17.48,-0.5,50.4,50.4,12.6,-0.11
1646,24.985,8.0,9.955,24.749,7.942,9.944,0.2435,17.8,53.59,-98.68,0.2393,1.2525,3.34,17.49,-0.5,50.4,50.4,12.6,-0.11
1647,25.0,8.0,9.955,24.764,7.942,9.944,0.2436,17.78,53.55,-98.61,0.2395,1.253,3.34,17.5,-0.5,50.4,50.4,12.6,-0.11
1648,25.015,8.0,9.955,24.779,7.942,9.944,0.2436,17.78,53.53,-98.57,0.2397,1.2536,3.35,17.5,-0.5,50.4,50.4,12.6,-0.11
1649,25.03,8.0,9.955,24.794,7.942,9.944,0.2436,17.75,53.5,-98.53,0.2399,1.2542,3.35,17.51,-0.5,50.4,50.4,12.6,-0.11
1650,25.045,8.0,9.955,24.809,7.942,9.944,0.2437,17.75,53.48,-98.46,0.24,1.2548,3.35,17.52,-0.49,50.4,50.4,12.6,-0.11
1651,25.06,8.0,9.955,24.824,7.942,9.944,0.2437,17.73,53.44,-98.42,0.2402,1.2553,3.35,17.53,-0.49,50.4,50.4,12.6,-0.11
1652,25.075,8.0,9.955,24.839,7.942,9.944,0.2438,17.73,53.42,-98.35,0.2404,1.2559,3.36,17.54,-0.49,50.4,50.4,12.6,-0.11
1653,25.09,8.0,9.955,24.854,7.942,9.943,0.2438,17.73,53.39,-98.31,0.2425,1.2565,3.39,17.54,-0.49,50.4,50.4,12.6,-0.11
1654,25.105,8.0,9.955,24.869,7.942,9.94,0.2438,17.71,53.35,-98.24,0.2483,1.2571,3.47,17.55,-0.49,50.4,50.4,12.6,-0.11
1655,25.12,8.0,9.955,24.883,7.942,9.943,0.2439,17.71,53.33,-98.2,0.2422,1.2577,3.38,17.56,-0.49,50.4,50.4,12.6,-0.11
1656,25.135,8.0,9.955,24.898,7.942,9.945,0.244,17.69,53.31,-98.13,0.2378,1.2582,3.32,17.57,-0.49,50.4,50.4,12.6,-0.11
1657,25.15,8.0,9.955,24.913,7.942,9.947,0.2441,17.69,53.28,-98.09,0.2344,1.2588,3.27,17.58,-0.49,50.4,50.4,12.6,-0.11
1658,25.165,8.0,9.955,24.928,7.942,9.944,0.2441,17.67,53.26,-98.02,0.2406,1.2594,3.36,17.58,-0.49,50.4,50.4,12.6,-0.11
1659,25.18,8.0,9.955,24.943,7.942,9.943,0.2441,17.67,53.24,-97.98,0.2419,1.26,3.38,17.59,-0.49,50.4,50.4,12.6,-0.11
1660,25.195,8.0,9.955,24.958,7.942,9.943,0.2442,17.64,53.2,-97.93,0.2418,1.2606,3.38,17.6,-0.49,50.4,50.4,12.6,-0.11
1661,25.21,8.0,9.955,24.973,7.942,9.943,0.2442,17.64,53.17,-97.87,0.242,1.2611,3.38,17.61,-0.49,50.4,50.4,12.6,-0.11
1662,25.225,8.0,9.955,24.988,7.942,9.943,0.2443,17.62,53.15,-97.82,0.2422,1.2617,3.38,17.62,-0.49,50.4,50.4,12.6,-0.12
1663,25.24,8.0,9.955,25.003,7.942,9.943,0.2443,17.62,53.13,-97.76,0.2423,1.2623,3.38,17.63,-0.49,50.4,50.4,12.6,-0.12
1664,25.255,8.0,9.955,25.018,7.942,9.943,0.2444,17.62,53.09,-97.71,0.2425,1.2629,3.39,17.63,-0.49,50.4,50.4,12.6,-0.12
1665,25.27,8.0,9.955,25.032,7.942,9.943,0.2444,17.6,53.06,-97.65,0.2427,1.2635,3.39,17.64,-0.49,50.4,50.4,12.6,-0.12
1666,25.285,8.0,9.955,25.047,7.942,9.943,0.2444,17.6,53.04,-97.6,0.2429,1.2641,3.39,17.65,-0.49,50.4,50.4,12.6,-0.12
1667,25.3,8.0,9.955,25.062,7.942,9.941,0.2444,17.58,53.0,-97.54,0.2485,1.2646,3.47,17.66,-0.49,50.4,50.4,12.6,-0.11
1668,25.315,8.0,9.955,25.077,7.942,9.942,0.2445,17.58,52.98,-97.49,0.2466,1.2652,3.44,17.67,-0.49,50.4,50.4,12.6,-0.11
1669,25.33,8.0,9.955,25.092,7.942,9.944,0.2446,17.56,52.95,-97.43,0.2416,1.2658,3.37,17.67,-0.49,50.4,50.4,12.6,-0.11
1670,25.344,8.0,9.955,25.107,7.942,9.946,0.2447,17.56,52.93,-97.38,0.2372,1.2664,3.31,17.68,-0.49,50.4,50.4,12.6,-0.12
1671,25.359,8.0,9.956,25.122,7.943,9.944,0.2447,17.53,52.91,-97.32,0.2428,1.267,3.39,17.69,-0.49,50.4,50.4,12.6,-0.12
1672,25.374,8.0,9.956,25.137,7.943,9.943,0.2447,17.53,52.87,-97.27,0.2442,1.2676,3.41,17.7,-0.49,50.4,50.4,12.6,-0.12
1673,25.389,8.0,9.956,25.152,7.943,9.943,0.2448,17.53,52.84,-97.21,0.2441,1.2682,3.41,17.71,-0.49,50.4,50.4,12.6,-0.12
1674,25.404,8.0,9.956,25.167,7.943,9.943,0.2448,17.51,52.82,-97.16,0.2442,1.2688,3.41,17.72,-0.49,50.4,50.4,12.6,-0.12
1675,25.419,8.0,9.956,25.182,7.943,9.943,0.2449,17.51,52.8,-97.1,0.2444,1.2694,3.41,17.72,-0.49,50.4,50.4,12.6,-0.12
1676,25.434,8.0,9.956,25.197,7.943,9.943,0.2449,17.49,52.76,-97.05,0.2446,1.27,3.41,17.73,-0.49,50.4,50.4,12.6,-0.12
1677,25.449,8.0,9.956,25.211,7.943,9.943,0.245,17.49,52.73,-96.99,0.2447,1.2705,3.42,17.74,-0.49,50.4,50.4,12.6,-0.12
1678,25.464,8.0,9.956,25.226,7.943,9.943,0.245,17.47,52.71,-96.94,0.2449,1.2711,3.42,17.75,-0.49,50.4,50.4,12.6,-0.12
1679,25.479,8.0,9.956,25.241,7.943,9.943,0.245,17.47,52.69,-96.88,0.2451,1.2717,3.42,17.76,-0.49,50.4,50.4,12.6,-0.12
1680,25.494,8.0,9.956,25.256,7.943,9.943,0.2451,17.47,52.65,-96.83,0.2452,1.2723,3.42,17.77,-0.49,50.4,50.4,12.6,-0.12
1681,25.509,8.0,9.956,25.271,7.943,9.941,0.2451,17.45,52.62,-96.77,0.2513,1.2729,3.51,17.77,-0.48,50.4,50.4,12.6,-0.11
1682,25.524,8.0,9.956,25.286,7.943,9.942,0.2452,17.45,52.6,-96.72,0.2482,1.2735,3.47,17.78,-0.48,50.4,50.4,12.6,-0.11
1683,25.539,8.0,9.956,25.301,7.943,9.944,0.2453,17.42,52.58,-96.68,0.2434,1.2741,3.4,17.79,-0.48,50.4,50.4,12.6,-0.12
1684,25.554,8.0,9.956,25.316,7.943,9.946,0.2454,17.42,52.56,-96.61,0.239,1.2747,3.34,17.8,-0.48,50.4,50.4,12.6,-0.12
1685,25.569,8.0,9.956,25.331,7.943,9.943,0.2453,17.4,52.51,-96.57,0.2458,1.2753,3.43,17.81,-0.48,50.4,50.4,12.6,-0.12
1686,25.584,8.0,9.956,25.346,7.943,9.942,0.2454,17.4,52.49,-96.5,0.2476,1.2759,3.46,17.82,-0.48,50.4,50.4,12.6,-0.12
1687,25.599,8.0,9.956,25.361,7.943,9.943,0.2454,17.38,52.47,-96.46,0.2463,1.2765,3.44,17.82,-0.48,50.4,50.4,12.6,-0.12
1688,25.614,8.0,9.956,25.376,7.943,9.943,0.2455,17.38,52.43,-96.39,0.2466,1.2771,3.44,17.83,-0.48,50.4,50.4,12.6,-0.12
1689,25.629,8.0,9.956,25.39,7.943,9.943,0.2455,17.38,52.4,-96.35,0.2468,1.2777,3.45,17.84,-0.48,50.4,50.4,12.6,-0.12
1690,25.644,8.0,9.956,25.405,7.943,9.943,0.2455,17.36,52.38,-96.28,0.2469,1.2783,3.45,17.85,-0.48,50.4,50.4,12.6,-0.12
1691,25.659,8.0,9.956,25.42,7.943,9.943,0.2456,17.36,52.36,-96.24,0.2471,1.2789,3.45,17.86,-0.48,50.4,50.4,12.6,-0.12
1692,25.674,8.0,9.956,25.435,7.943,9.943,0.2456,17.34,52.32,-96.17,0.2473,1.2795,3.45,17.87,-0.48,50.4,50.4,12.6,-0.12
1693,25.689,8.0,9.956,25.45,7.943,9.943,0.2457,17.34,52.29,-96.13,0.2474,1.2801,3.45,17.87,-0.48,50.4,50.4,12.6,-0.12
1694,25.704,8.0,9.956,25.465,7.943,9.942,0.2457,17.31,52.27,-96.06,0.2503,1.2807,3.49,17.88,-0.48,50.4,50.4,12.6,-0.12
1695,25.719,8.0,9.956,25.48,7.943,9.94,0.2457,17.31,52.23,-96.02,0.2538,1.2813,3.54,17.89,-0.48,50.4,50.4,12.6,-0.11
1696,25.734,8.0,9.956,25.495,7.943,9.943,0.2458,17.31,52.21,-95.95,0.248,1.2819,3.46,17.9,-0.48,50.4,50.4,12.6,-0.12
1697,25.749,8.0,9.956,25.51,7.943,9.945,0.2459,17.29,52.19,-95.91,0.2436,1.2825,3.4,17.91,-0.48,50.4,50.4,12.6,-0.12
1698,25.764,8.0,9.956,25.525,7.943,9.945,0.246,17.29,52.16,-95.84,0.243,1.2832,3.39,17.92,-0.48,50.4,50.4,12.6,-0.12
1699,25.779,8.0,9.956,25.54,7.943,9.942,0.2459,17.27,52.14,-95.78,0.2493,1.2838,3.48,17.92,-0.48,50.4,50.4,12.6,-0.12
1700,25.794,8.0,9.956,25.555,7.943,9.943,0.246,17.27,52.1,-95.73,0.2486,1.2844,3.47,17.93,-0.48,50.4,50.4,12.6,-0.12
1701,25.808,8.0,9.956,25.569,7.943,9.943,0.246,17.25,52.08,-95.67,0.2487,1.285,3.47,17.94,-0.48,50.4,50.4,12.6,-0.12
1702,25.823,8.0,9.956,25.584,7.943,9.943,0.2461,17.25,52.05,-95.62,0.2489,1.2856,3.48,17.95,-0.48,50.4,50.4,12.6,-0.12
1703,25.838,8.0,9.956,25.599,7.943,9.943,0.2461,17.25,52.03,-95.56,0.2491,1.2862,3.48,17.96,-0.48,50.4,50.4,12.6,-0.12
1704,25.853,8.0,9.956,25.614,7.943,9.943,0.2462,17.23,51.99,-95.52,0.2492,1.2868,3.48,17.97,-0.48,50.4,50.4,12.6,-0.12
1705,25.868,8.0,9.956,25.629,7.943,9.943,0.2462,17.23,51.97,-95.45,0.2494,1.2874,3.48,17.98,-0.48,50.4,50.4,12.6,-0.12
1706,25.883,8.0,9.956,25.644,7.944,9.943,0.2463,17.2,51.94,-95.41,0.2495,1.288,3.48,17.98,-0.48,50.4,50.4,12.6,-0.12
1707,25.898,8.0,9.956,25.659,7.944,9.943,0.2463,17.2,51.92,-95.34,0.2497,1.2887,3.49,17.99,-0.48,50.4,50.4,12.6,-0.12
1708,25.913,8.0,9.956,25.674,7.944,9.94,0.2463,17.18,51.88,-95.3,0.2557,1.2893,3.57,18.0,-0.48,50.4,50.4,12.6,-0.12
1709,25.928,8.0,9.956,25.689,7.944,9.942,0.2464,17.18,51.86,-95.23,0.2522,1.2899,3.52,18.01,-0.48,50.4,50.4,12.6,-0.12
1710,25.943,8.0,9.956,25.704,7.944,9.944,0.2465,17.18,51.83,-95.19,0.2474,1.2905,3.45,18.02,-0.48,50.4,50.4,12.6,-0.12
1711,25.958,8.0,9.956,25.718,7.944,9.946,0.2465,17.16,51.81,-95.12,0.2442,1.2911,3.41,18.03,-0.48,50.4,50.4,12.6,-0.12
1712,25.973,8.0,9.956,25.734,7.944,9.942,0.2465,17.16,51.77,-95.08,0.2508,1.2917,3.5,18.04,-0.47,50.4,50.4,12.6,-0.12
1713,25.988,8.0,9.956,25.748,7.944,9.942,0.2466,17.14,51.75,-95.01,0.2514,1.2924,3.51,18.04,-0.47,50.4,50.4,12.6,-0.12
1714,26.003,8.0,9.956,25.763,7.944,9.943,0.2466,17.14,51.72,-94.97,0.2507,1.293,3.5,18.05,-0.47,50.4,50.4,12.6,-0.13
1715,26.018,8.0,9.956,25.778,7.944,9.943,0.2467,17.12,51.68,-94.9,0.251,1.2936,3.5,18.06,-0.47,50.4,50.4,12.6,-0.13
1716,26.033,8.0,9.956,25.793,7.944,9.943,0.2467,17.12,51.66,-94.86,0.2511,1.2942,3.51,18.07,-0.47,50.4,50.4,12.6,-0.13
1717,26.048,8.0,9.956,25.808,7.944,9.943,0.2467,17.12,51.64,-94.79,0.2513,1.2948,3.51,18.08,-0.47,50.4,50.4,12.6,-0.13
1718,26.063,8.0,9.956,25.823,7.944,9.942,0.2468,17.09,51.61,-94.75,0.2514,1.2955,3.51,18.09,-0.47,50.4,50.4,12.6,-0.13
1719,26.078,8.0,9.956,25.838,7.944,9.942,0.2468,17.09,51.57,-94.68,0.2516,1.2961,3.51,18.1,-0.47,50.4,50.4,12.6,-0.13
1720,26.093,8.0,9.956,25.853,7.944,9.942,0.2469,17.07,51.55,-94.61,0.2517,1.2967,3.51,18.11,-0.47,50.4,50.4,12.6,-0.13
1721,26.108,8.0,9.956,25.868,7.944,9.942,0.2469,17.07,51.53,-94.57,0.2521,1.2973,3.52,18.11,-0.47,50.4,50.4,12.6,-0.13
1722,26.123,8.0,9.957,25.883,7.944,9.94,0.2469,17.07,51.48,-94.5,0.2581,1.298,3.6,18.12,-0.47,50.4,50.4,12.6,-0.12
1723,26.138,8.0,9.957,25.898,7.944,9.942,0.247,17.05,51.46,-94.46,0.2534,1.2986,3.54,18.13,-0.47,50.4,50.4,12.6,-0.12
1724,26.153,8.0,9.957,25.912,7.944,9.944,0.2471,17.05,51.44,-94.39,0.2488,1.2992,3.47,18.14,-0.47,50.4,50.4,12.6,-0.13
1725,26.168,8.0,9.957,25.927,7.944,9.945,0.2471,17.03,51.42,-94.35,0.2479,1.2998,3.46,18.15,-0.47,50.4,50.4,12.6,-0.13
1726,26.183,8.0,9.957,25.942,7.944,9.942,0.2471,17.03,51.37,-94.28,0.2534,1.3005,3.54,18.16,-0.47,50.4,50.4,12.6,-0.13
1727,26.198,8.0,9.957,25.957,7.944,9.942,0.2472,17.01,51.35,-94.24,0.2528,1.3011,3.53,18.17,-0.47,50.4,50.4,12.6,-0.13
1728,26.213,8.0,9.957,25.972,7.944,9.942,0.2472,17.01,51.33,-94.17,0.253,1.3017,3.53,18.18,-0.47,50.4,50.4,12.6,-0.13
1729,26.228,8.0,9.957,25.987,7.944,9.942,0.2473,17.01,51.31,-94.13,0.2531,1.3024,3.53,18.18,-0.47,50.4,50.4,12.6,-0.13
1730,26.243,8.0,9.957,26.002,7.944,9.942,0.2473,16.98,51.26,-94.06,0.2533,1.303,3.54,18.19,-0.47,50.4,50.4,12.6,-0.13
1731,26.258,8.0,9.957,26.017,7.944,9.942,0.2473,16.98,51.24,-94.02,0.2534,1.3036,3.54,18.2,-0.47,50.4,50.4,12.6,-0.13
1732,26.272,8.0,9.957,26.032,7.944,9.942,0.2474,16.96,51.22,-93.96,0.2536,1.3043,3.54,18.21,-0.47,50.4,50.4,12.6,-0.13
1733,26.287,8.0,9.957,26.047,7.944,9.942,0.2474,16.96,51.2,-93.89,0.2537,1.3049,3.54,18.22,-0.47,50.4,50.4,12.6,-0.13
1734,26.302,8.0,9.957,26.062,7.944,9.942,0.2475,16.96,51.15,-93.85,0.2539,1.3055,3.54,18.23,-0.47,50.4,50.4,12.6,-0.13
1735,26.317,8.0,9.957,26.077,7.944,9.941,0.2475,16.94,51.13,-93.78,0.2573,1.3062,3.59,18.24,-0.47,50.4,50.4,12.6,-0.13
1736,26.332,8.0,9.957,26.092,7.944,9.94,0.2475,16.94,51.09,-93.74,0.2588,1.3068,3.61,18.25,-0.47,50.4,50.4,12.6,-0.12
1737,26.347,8.0,9.957,26.106,7.944,9.943,0.2476,16.92,51.06,-93.67,0.2533,1.3074,3.54,18.26,-0.47,50.4,50.4,12.6,-0.13
1738,26.362,8.0,9.957,26.121,7.944,9.945,0.2477,16.92,51.04,-93.63,0.2489,1.3081,3.48,18.26,-0.47,50.4,50.4,12.6,-0.13
1739,26.377,8.0,9.957,26.136,7.944,9.943,0.2477,16.9,51.02,-93.56,0.2529,1.3087,3.53,18.27,-0.47,50.4,50.4,12.6,-0.13
1740,26.392,8.0,9.957,26.151,7.944,9.942,0.2477,16.9,51.0,-93.49,0.2552,1.3093,3.56,18.28,-0.47,50.4,50.4,12.6,-0.13
1741,26.407,8.0,9.957,26.166,7.944,9.942,0.2478,16.9,50.95,-93.45,0.2549,1.31,3.56,18.29,-0.47,50.4,50.4,12.6,-0.13
1742,26.422,8.0,9.957,26.181,7.944,9.942,0.2478,16.88,50.93,-93.38,0.2551,1.3106,3.56,18.3,-0.47,50.4,50.4,12.6,-0.13
1743,26.437,8.0,9.957,26.196,7.945,9.942,0.2478,16.88,50.91,-93.34,0.2552,1.3113,3.56,18.31,-0.47,50.4,50.4,12.6,-0.13
1744,26.452,8.0,9.957,26.211,7.945,9.942,0.2479,16.85,50.87,-93.27,0.2554,1.3119,3.57,18.32,-0.47,50.4,50.4,12.6,-0.13
1745,26.467,8.0,9.957,26.226,7.945,9.942,0.2479,16.85,50.84,-93.23,0.2555,1.3126,3.57,18.33,-0.46,50.4,50.4,12.6,-0.13
1746,26.482,8.0,9.957,26.241,7.945,9.942,0.248,16.85,50.82,-93.16,0.2556,1.3132,3.57,18.34,-0.46,50.4,50.4,12.6,-0.13
1747,26.497,8.0,9.957,26.256,7.945,9.942,0.248,16.83,50.8,-93.12,0.2558,1.3139,3.57,18.34,-0.46,50.4,50.4,12.6,-0.13
1748,26.512,8.0,9.957,26.271,7.945,9.942,0.2481,16.83,50.76,-93.05,0.2559,1.3145,3.57,18.35,-0.46,50.4,50.4,12.6,-0.13
1749,26.527,8.0,9.957,26.286,7.945,9.939,0.2481,16.81,50.73,-92.99,0.262,1.3151,3.66,18.36,-0.46,50.4,50.4,12.6,-0.13
1750,26.542,8.0,9.957,26.301,7.945,9.941,0.2481,16.81,50.71,-92.94,0.2576,1.3158,3.6,18.37,-0.46,50.4,50.4,12.6,-0.13
1751,26.557,8.0,9.957,26.315,7.945,9.944,0.2482,16.81,50.69,-92.88,0.2529,1.3164,3.53,18.38,-0.46,50.4,50.4,12.6,-0.13
1752,26.572,8.0,9.957,26.33,7.945,9.944,0.2483,16.79,50.65,-92.83,0.252,1.3171,3.52,18.39,-0.46,50.4,50.4,12.6,-0.13
1753,26.587,8.0,9.957,26.345,7.945,9.942,0.2483,16.79,50.62,-92.77,0.2574,1.3177,3.59,18.4,-0.46,50.4,50.4,12.6,-0.13
1754,26.602,8.0,9.957,26.36,7.945,9.942,0.2483,16.77,50.58,-92.7,0.2568,1.3184,3.59,18.41,-0.46,50.4,50.4,12.6,-0.13
1755,26.617,8.0,9.957,26.375,7.945,9.942,0.2483,16.77,50.56,-92.66,0.2569,1.319,3.59,18.42,-0.46,50.4,50.4,12.6,-0.13
1756,26.632,8.0,9.957,26.39,7.945,9.942,0.2484,16.77,50.54,-92.59,0.2571,1.3197,3.59,18.43,-0.46,50.4,50.4,12.6,-0.13
1757,26.647,8.0,9.957,26.405,7.945,9.942,0.2484,16.74,50.52,-92.55,0.2572,1.3204,3.59,18.44,-0.46,50.4,50.4,12.6,-0.13
1758,26.662,8.0,9.957,26.42,7.945,9.942,0.2485,16.74,50.47,-92.48,0.2574,1.321,3.59,18.44,-0.46,50.4,50.4,12.6,-0.13
1759,26.677,8.0,9.957,26.435,7.945,9.942,0.2485,16.72,50.45,-92.44,0.2575,1.3217,3.6,18.45,-0.46,50.4,50.4,12.6,-0.14
1760,26.692,8.0,9.957,26.45,7.945,9.942,0.2485,16.72,50.43,-92.37,0.2576,1.3223,3.6,18.46,-0.46,50.4,50.4,12.6,-0.14
1761,26.707,8.0,9.957,26.465,7.945,9.942,0.2486,16.72,50.38,-92.31,0.2578,1.323,3.6,18.47,-0.46,50.4,50.4,12.6,-0.14
1762,26.722,8.0,9.957,26.48,7.945,9.941,0.2486,16.7,50.36,-92.26,0.2588,1.3236,3.61,18.48,-0.46,50.4,50.4,12.6,-0.14
1763,26.736,8.0,9.957,26.495,7.945,9.939,0.2487,16.7,50.34,-92.2,0.2647,1.3243,3.7,18.49,-0.46,50.4,50.4,12.6,-0.13
1764,26.751,8.0,9.957,26.509,7.945,9.942,0.2487,16.68,50.3,-92.15,0.2587,1.325,3.61,18.5,-0.46,50.4,50.4,12.6,-0.13
1765,26.766,8.0,9.957,26.524,7.945,9.944,0.2488,16.68,50.27,-92.09,0.2543,1.3256,3.55,18.51,-0.46,50.4,50.4,12.6,-0.14
1766,26.781,8.0,9.957,26.539,7.945,9.944,0.2488,16.68,50.25,-92.02,0.2536,1.3263,3.54,18.52,-0.46,50.4,50.4,12.6,-0.14
1767,26.796,8.0,9.957,26.554,7.945,9.941,0.2488,16.66,50.23,-91.98,0.2594,1.327,3.62,18.53,-0.46,50.4,50.4,12.6,-0.14
1768,26.811,8.0,9.957,26.569,7.945,9.942,0.2489,16.66,50.19,-91.91,0.2587,1.3276,3.61,18.54,-0.46,50.4,50.4,12.6,-0.14
1769,26.826,8.0,9.957,26.584,7.945,9.942,0.2489,16.63,50.16,-91.87,0.2589,1.3283,3.61,18.55,-0.46,50.4,50.4,12.6,-0.14
1770,26.841,8.0,9.958,26.599,7.945,9.942,0.249,16.63,50.14,-91.8,0.259,1.3289,3.62,18.56,-0.46,50.4,50.4,12.6,-0.14
1771,26.856,8.0,9.958,26.614,7.945,9.942,0.249,16.63,50.1,-91.74,0.2591,1.3296,3.62,18.56,-0.46,50.4,50.4,12.6,-0.14
1772,26.871,8.0,9.958,26.629,7.945,9.942,0.249,16.61,50.08,-91.69,0.2593,1.3303,3.62,18.57,-0.46,50.4,50.4,12.6,-0.14
1773,26.886,8.0,9.958,26.644,7.945,9.941,0.2491,16.61,50.05,-91.63,0.2594,1.3309,3.62,18.58,-0.46,50.4,50.4,12.6,-0.14
1774,26.901,8.0,9.958,26.659,7.945,9.941,0.2491,16.59,50.01,-91.58,0.2595,1.3316,3.62,18.59,-0.46,50.4,50.4,12.6,-0.14
1775,26.916,8.0,9.958,26.674,7.945,9.941,0.2492,16.59,49.99,-91.52,0.2597,1.3323,3.63,18.6,-0.46,50.4,50.4,12.6,-0.14
1776,26.931,8.0,9.958,26.689,7.945,9.94,0.2492,16.59,49.97,-91.45,0.2635,1.333,3.68,18.61,-0.46,50.4,50.4,12.6,-0.14
1777,26.946,8.0,9.958,26.703,7.945,9.94,0.2492,16.57,49.92,-91.41,0.2633,1.3336,3.68,18.62,-0.46,50.4,50.4,12.6,-0.13
1778,26.961,8.0,9.958,26.718,7.945,9.943,0.2493,16.57,49.9,-91.34,0.2581,1.3343,3.6,18.63,-0.46,50.4,50.4,12.6,-0.14
1779,26.976,8.0,9.958,26.733,7.945,9.944,0.2494,16.55,49.88,-91.27,0.2541,1.335,3.55,18.64,-0.45,50.4,50.4,12.6,-0.14
1780,26.991,8.0,9.958,26.748,7.946,9.941,0.2493,16.55,49.86,-91.23,0.2609,1.3357,3.64,18.65,-0.45,50.4,50.4,12.6,-0.14
1781,27.006,8.0,9.958,26.763,7.946,9.941,0.2494,16.55,49.81,-91.16,0.2609,1.3363,3.64,18.66,-0.45,50.4,50.4,12.6,-0.14
1782,27.021,8.0,9.958,26.778,7.946,9.941,0.2494,16.52,49.79,-91.12,0.2605,1.337,3.64,18.67,-0.45,50.4,50.4,12.6,-0.14
1783,27.036,8.0,9.958,26.793,7.946,9.941,0.2495,16.52,49.77,-91.05,0.2607,1.3377,3.64,18.68,-0.45,50.4,50.4,12.6,-0.14
1784,27.051,8.0,9.958,26.808,7.946,9.941,0.2495,16.5,49.72,-90.99,0.2609,1.3384,3.64,18.69,-0.45,50.4,50.4,12.6,-0.14
1785,27.066,8.0,9.958,26.823,7.946,9.941,0.2495,16.5,49.7,-90.94,0.261,1.339,3.64,18.7,-0.45,50.4,50.4,12.6,-0.14
1786,27.081,8.0,9.958,26.838,7.946,9.941,0.2496,16.5,49.68,-90.88,0.2611,1.3397,3.65,18.71,-0.45,50.4,50.4,12.6,-0.14
1787,27.096,8.0,9.958,26.853,7.946,9.941,0.2496,16.48,49.64,-90.83,0.2612,1.3404,3.65,18.72,-0.45,50.4,50.4,12.6,-0.14
1788,27.111,8.0,9.958,26.868,7.946,9.941,0.2497,16.48,49.61,-90.77,0.2614,1.3411,3.65,18.73,-0.45,50.4,50.4,12.6,-0.14
1789,27.126,8.0,9.958,26.882,7.946,9.941,0.2497,16.46,49.59,-90.7,0.2615,1.3418,3.65,18.73,-0.45,50.4,50.4,12.6,-0.14
1790,27.141,8.0,9.958,26.898,7.946,9.938,0.2497,16.46,49.55,-90.66,0.2675,1.3425,3.74,18.74,-0.45,50.4,50.4,12.6,-0.14
1791,27.156,8.0,9.958,26.912,7.946,9.941,0.2498,16.46,49.53,-90.59,0.2624,1.3431,3.66,18.75,-0.45,50.4,50.4,12.6,-0.14
1792,27.171,8.0,9.958,26.927,7.946,9.943,0.2498,16.44,49.5,-90.53,0.2579,1.3438,3.6,18.76,-0.45,50.4,50.4,12.6,-0.14
1793,27.185,8.0,9.958,26.942,7.946,9.943,0.2499,16.44,49.48,-90.48,0.2589,1.3445,3.61,18.77,-0.45,50.4,50.4,12.6,-0.14
1794,27.2,8.0,9.958,26.957,7.946,9.941,0.2499,16.41,49.44,-90.42,0.2627,1.3452,3.67,18.78,-0.45,50.4,50.4,12.6,-0.14
1795,27.215,8.0,9.958,26.972,7.946,9.941,0.2499,16.41,49.42,-90.35,0.2622,1.3459,3.66,18.79,-0.45,50.4,50.4,12.6,-0.14
1796,27.23,8.0,9.958,26.987,7.946,9.941,0.25,16.41,49.37,-90.31,0.2624,1.3466,3.66,18.8,-0.45,50.4,50.4,12.6,-0.14
1797,27.245,8.0,9.958,27.002,7.946,9.941,0.25,16.39,49.35,-90.24,0.2625,1.3473,3.66,18.81,-0.45,50.4,50.4,12.6,-0.14
1798,27.26,8.0,9.958,27.017,7.946,9.941,0.2501,16.39,49.33,-90.2,0.2626,1.348,3.67,18.82,-0.45,50.4,50.4,12.6,-0.15
1799,27.275,8.0,9.958,27.032,7.946,9.941,0.2501,16.39,49.31,-90.13,0.2627,1.3487,3.67,18.83,-0.45,50.4,50.4,12.6,-0.15
1800,27.29,8.0,9.958,27.047,7.946,9.941,0.2501,16.37,49.26,-90.07,0.2628,1.3494,3.67,18.84,-0.45,50.4,50.4,12.6,-0.15
1801,27.305,8.0,9.958,27.062,7.946,9.941,0.2502,16.37,49.24,-90.02,0.263,1.3501,3.67,18.85,-0.45,50.4,50.4,12.6,-0.15
1802,27.32,8.0,9.958,27.076,7.946,9.941,0.2502,16.35,49.22,-89.96,0.2631,1.3508,3.67,18.86,-0.45,50.4,50.4,12.6,-0.15
1803,27.335,8.0,9.958,27.091,7.946,9.94,0.2502,16.35,49.17,-89.89,0.2647,1.3515,3.7,18.87,-0.45,50.4,50.4,12.6,-0.15
1804,27.35,8.0,9.958,27.107,7.946,9.938,0.2503,16.35,49.15,-89.85,0.2688,1.3522,3.75,18.88,-0.45,50.4,50.4,12.6,-0.14
1805,27.365,8.0,9.958,27.121,7.946,9.941,0.2503,16.33,49.13,-89.78,0.263,1.3529,3.67,18.89,-0.45,50.4,50.4,12.6,-0.14
1806,27.38,8.0,9.958,27.136,7.946,9.943,0.2504,16.33,49.09,-89.71,0.2586,1.3536,3.61,18.9,-0.45,50.4,50.4,12.6,-0.15
1807,27.395,8.0,9.958,27.151,7.946,9.942,0.2504,16.3,49.06,-89.67,0.2616,1.3543,3.65,18.91,-0.45,50.4,50.4,12.6,-0.15
1808,27.41,8.0,9.958,27.166,7.946,9.941,0.2504,16.3,49.04,-89.6,0.2642,1.355,3.69,18.92,-0.45,50.4,50.4,12.6,-0.15
1809,27.425,8.0,9.958,27.181,7.946,9.941,0.2505,16.3,49.0,-89.54,0.2639,1.3557,3.68,18.93,-0.45,50.4,50.4,12.6,-0.15
1810,27.44,8.0,9.958,27.196,7.946,9.941,0.2505,16.28,48.98,-89.49,0.264,1.3564,3.69,18.94,-0.45,50.4,50.4,12.6,-0.15
1811,27.455,8.0,9.958,27.211,7.946,9.941,0.2505,16.28,48.96,-89.43,0.2641,1.3571,3.69,18.95,-0.45,50.4,50.4,12.6,-0.15
1812,27.47,8.0,9.958,27.226,7.946,9.941,0.2506,16.28,48.91,-89.36,0.2643,1.3578,3.69,18.96,-0.45,50.4,50.4,12.6,-0.15
1813,27.485,8.0,9.958,27.241,7.946,9.941,0.2506,16.26,48.89,-89.32,0.2644,1.3585,3.69,18.97,-0.45,50.4,50.4,12.6,-0.15
1814,27.5,8.0,9.958,27.256,7.946,9.941,0.2507,16.26,48.87,-89.25,0.2645,1.3592,3.69,18.98,-0.45,50.4,50.4,12.6,-0.15
1815,27.515,8.0,9.958,27.271,7.946,9.941,0.2507,16.24,48.82,-89.19,0.2646,1.3599,3.69,18.99,-0.44,50.4,50.4,12.6,-0.15
1816,27.53,8.0,9.959,27.285,7.946,9.941,0.2507,16.24,48.8,-89.14,0.2647,1.3606,3.7,19.0,-0.44,50.4,50.4,12.6,-0.15
1817,27.545,8.0,9.959,27.3,7.947,9.939,0.2508,16.24,48.76,-89.08,0.2689,1.3613,3.75,19.01,-0.44,50.4,50.4,12.6,-0.15
1818,27.56,8.0,9.959,27.315,7.947,9.94,0.2508,16.22,48.74,-89.01,0.2673,1.362,3.73,19.02,-0.44,50.4,50.4,12.6,-0.15
1819,27.575,8.0,9.959,27.33,7.947,9.942,0.2508,16.22,48.71,-88.97,0.2623,1.3628,3.66,19.03,-0.44,50.4,50.4,12.6,-0.15
1820,27.59,8.0,9.959,27.345,7.947,9.943,0.2509,16.19,48.69,-88.9,0.2608,1.3635,3.64,19.04,-0.44,50.4,50.4,12.6,-0.15
1821,27.605,8.0,9.959,27.36,7.947,9.94,0.2509,16.19,48.65,-88.84,0.266,1.3642,3.71,19.05,-0.44,50.4,50.4,12.6,-0.15
1822,27.62,8.0,9.959,27.375,7.947,9.941,0.251,16.19,48.63,-88.79,0.2654,1.3649,3.71,19.06,-0.44,50.4,50.4,12.6,-0.15
1823,27.635,8.0,9.959,27.39,7.947,9.94,0.251,16.17,48.58,-88.73,0.2655,1.3656,3.71,19.07,-0.44,50.4,50.4,12.6,-0.15
1824,27.649,8.0,9.959,27.405,7.947,9.94,0.251,16.17,48.56,-88.66,0.2656,1.3664,3.71,19.08,-0.44,50.4,50.4,12.6,-0.15
1825,27.664,8.0,9.959,27.42,7.947,9.94,0.2511,16.17,48.54,-88.62,0.2657,1.3671,3.71,19.09,-0.44,50.4,50.4,12.6,-0.15
1826,27.679,8.0,9.959,27.435,7.947,9.94,0.2511,16.15,48.49,-88.55,0.2658,1.3678,3.71,19.1,-0.44,50.4,50.4,12.6,-0.15
1827,27.694,8.0,9.959,27.45,7.947,9.94,0.2511,16.15,48.47,-88.48,0.2659,1.3685,3.71,19.11,-0.44,50.4,50.4,12.6,-0.15
1828,27.709,8.0,9.959,27.465,7.947,9.94,0.2512,16.13,48.45,-88.44,0.266,1.3692,3.71,19.12,-0.44,50.4,50.4,12.6,-0.15
1829,27.724,8.0,9.959,27.479,7.947,9.94,0.2512,16.13,48.41,-88.37,0.2661,1.37,3.72,19.13,-0.44,50.4,50.4,12.6,-0.15
1830,27.739,8.0,9.959,27.494,7.947,9.94,0.2512,16.13,48.38,-88.31,0.2662,1.3707,3.72,19.14,-0.44,50.4,50.4,12.6,-0.15
1831,27.754,8.0,9.959,27.511,7.944,9.938,0.2509,16.11,48.34,-88.24,0.2723,1.3707,3.8,19.14,-0.35,50.4,50.4,12.6,0.03
1832,27.769,8.0,9.959,27.528,7.937,9.936,0.2501,16.08,48.32,-88.2,0.2774,1.3689,3.87,19.11,-0.14,50.4,50.4,12.6,0.46
1833,27.784,8.0,9.959,27.545,7.933,9.935,0.2493,16.06,48.27,-88.13,0.2826,1.3663,3.95,19.08,-0.01,50.4,50.4,12.6,0.72
1834,27.799,8.0,9.959,27.561,7.933,9.934,0.2486,16.06,48.25,-88.07,0.2878,1.3638,4.02,19.04,-0.01,50.4,50.4,12.6,0.72
1835,27.814,8.0,9.959,27.576,7.933,9.933,0.248,16.04,48.21,-88.0,0.2929,1.3613,4.09,19.01,-0.01,50.4,50.4,12.6,0.72
1836,27.828,8.0,9.959,27.592,7.933,9.932,0.2473,16.04,48.19,-87.93,0.2981,1.3589,4.16,18.97,-0.01,50.4,50.4,12.6,0.72
1837,27.843,8.0,9.959,27.607,7.934,9.931,0.2466,16.04,48.14,-87.89,0.3032,1.3564,4.23,18.94,-0.01,50.4,50.4,12.6,0.72
1838,27.858,8.0,9.959,27.623,7.934,9.93,0.2459,16.02,48.12,-87.82,0.3084,1.3539,4.31,18.9,-0.01,50.4,50.4,12.6,0.72
1839,27.872,8.0,9.959,27.638,7.934,9.929,0.2453,16.02,48.08,-87.76,0.3135,1.3514,4.38,18.87,-0.01,50.4,50.4,12.6,0.73
1840,27.887,8.0,9.959,27.653,7.934,9.929,0.2446,16.02,48.05,-87.69,0.3187,1.3489,4.45,18.83,-0.01,50.4,50.4,12.6,0.73
1841,27.901,8.0,9.959,27.669,7.935,9.928,0.2439,16.0,48.03,-87.63,0.3238,1.3464,4.52,18.8,-0.01,50.4,50.4,12.6,0.73
1842,27.916,8.0,9.959,27.684,7.935,9.928,0.2432,16.0,47.99,-87.58,0.329,1.3439,4.59,18.76,-0.01,50.4,50.4,12.6,0.73
1843,27.93,8.0,9.959,27.699,7.935,9.928,0.2425,16.0,47.97,-87.52,0.3341,1.3414,4.67,18.73,-0.01,50.4,50.4,12.6,0.73
1844,27.945,8.0,9.959,27.714,7.935,9.928,0.2418,15.97,47.92,-87.45,0.3393,1.3389,4.74,18.69,-0.01,50.4,50.4,12.6,0.73
1845,27.959,8.0,9.959,27.729,7.936,9.928,0.2411,15.97,47.9,-87.39,0.3444,1.3364,4.81,18.66,-0.01,50.4,50.4,12.6,0.74
1846,27.973,8.0,9.959,27.744,7.936,9.928,0.2404,15.95,47.88,-87.34,0.3496,1.3338,4.88,18.62,-0.01,50.4,50.4,12.6,0.74
1847,27.987,8.0,9.959,27.759,7.936,9.928,0.2396,15.95,47.83,-87.28,0.3547,1.3313,4.95,18.59,-0.0,50.4,50.4,12.6,0.74
1848,28.002,8.0,9.959,27.773,7.936,9.928,0.2389,15.95,47.81,-87.21,0.3598,1.3288,5.02,18.55,-0.0,50.4,50.4,12.6,0.74
1849,28.016,8.0,9.959,27.788,7.936,9.929,0.2382,15.93,47.79,-87.17,0.365,1.3262,5.1,18.52,-0.0,50.4,50.4,12.6,0.74
1850,28.03,8.0,9.959,27.803,7.937,9.929,0.2374,15.93,47.75,-87.1,0.3701,1.3237,5.17,18.48,-0.0,50.4,50.4,12.6,0.74
1851,28.044,8.0,9.959,27.818,7.937,9.93,0.2367,15.93,47.72,-87.03,0.3752,1.3211,5.24,18.45,-0.0,50.4,50.4,12.6,0.74
1852,28.058,8.0,9.959,27.832,7.937,9.931,0.2359,15.91,47.7,-86.99,0.3804,1.3186,5.31,18.41,-0.0,50.4,50.4,12.6,0.74
1853,28.072,8.0,9.959,27.847,7.937,9.932,0.2352,15.91,47.66,-86.92,0.3855,1.316,5.38,18.38,-0.0,50.4,50.4,12.6,0.74
1854,28.085,8.0,9.959,27.861,7.937,9.938,0.2343,15.91,47.66,-86.86,0.3794,1.3135,5.3,18.34,-0.0,50.4,50.4,12.6,0.74
1855,28.099,8.0,9.959,27.875,7.937,9.943,0.2335,15.89,47.64,-86.81,0.375,1.3109,5.24,18.3,-0.0,50.4,50.4,12.6,0.75
1856,28.113,8.0,9.959,27.889,7.938,9.948,0.2329,15.89,47.61,-86.75,0.3706,1.3083,5.17,18.27,0.0,50.4,50.4,12.6,0.75
1857,28.127,8.0,9.959,27.903,7.938,9.953,0.2323,15.89,47.59,-86.68,0.3662,1.3057,5.11,18.23,0.0,50.4,50.4,12.6,0.75
1858,28.14,8.0,9.959,27.917,7.938,9.958,0.2319,15.86,47.57,-86.64,0.3618,1.3032,5.05,18.2,0.0,50.4,50.4,12.6,0.75
1859,28.154,8.0,9.959,27.931,7.938,9.963,0.2315,15.86,47.55,-86.57,0.3573,1.3006,4.99,18.16,0.0,50.4,50.4,12.6,0.75
1860,28.167,8.0,9.959,27.945,7.938,9.967,0.2312,15.86,47.53,-86.51,0.3529,1.298,4.93,18.12,0.0,50.4,50.4,12.6,0.76
1861,28.181,8.0,9.959,27.959,7.938,9.971,0.231,15.84,47.5,-86.46,0.3485,1.2954,4.87,18.09,0.0,50.4,50.4,12.6,0.76
1862,28.194,8.0,9.96,27.973,7.938,9.975,0.2308,15.84,47.48,-86.4,0.3441,1.2928,4.8,18.05,0.0,50.4,50.4,12.6,0.75
1863,28.208,8.0,9.96,27.986,7.938,9.979,0.2307,15.84,47.46,-86.35,0.3396,1.2902,4.74,18.01,0.0,50.4,50.4,12.6,0.76
1864,28.221,8.0,9.96,28.0,7.939,9.983,0.2306,15.82,47.46,-86.29,0.3352,1.2875,4.68,17.98,0.01,50.4,50.4,12.6,0.76
1865,28.234,8.0,9.96,28.014,7.939,9.986,0.2305,15.82,47.44,-86.22,0.3308,1.2849,4.62,17.94,0.01,50.4,50.4,12.6,0.76
1866,28.248,8.0,9.96,28.028,7.939,9.989,0.2304,15.82,47.42,-86.18,0.3263,1.2823,4.56,17.9,0.01,50.4,50.4,12.6,0.76
1867,28.261,8.0,9.96,28.041,7.939,9.992,0.2303,15.8,47.37,-86.11,0.3219,1.2797,4.49,17.87,0.01,50.4,50.4,12.6,0.76
1868,28.274,8.0,9.96,28.055,7.939,9.992,0.2296,15.8,47.35,-86.07,0.3235,1.277,4.52,17.83,0.01,50.4,50.4,12.6,0.76
1869,28.287,8.0,9.96,28.069,7.939,9.992,0.2288,15.8,47.33,-86.0,0.3254,1.2744,4.54,17.79,0.01,50.4,50.4,12.6,0.76
1870,28.3,8.0,9.96,28.083,7.94,9.992,0.2281,15.78,47.31,-85.96,0.3271,1.2717,4.57,17.76,0.01,50.4,50.4,12.6,0.76
1871,28.313,8.0,9.96,28.096,7.94,9.992,0.2273,15.78,47.26,-85.89,0.3289,1.2691,4.59,17.72,0.01,50.4,50.4,12.6,0.77
1872,28.326,8.0,9.96,28.11,7.94,9.992,0.2266,15.78,47.24,-85.83,0.3306,1.2664,4.62,17.68,0.01,50.4,50.4,12.6,0.77
1873,28.339,8.0,9.96,28.124,7.94,9.992,0.2258,15.78,47.22,-85.78,0.3323,1.2638,4.64,17.65,0.01,50.4,50.4,12.6,0.77
1874,28.352,8.0,9.96,28.137,7.94,9.992,0.2251,15.75,47.18,-85.72,0.3341,1.2611,4.66,17.61,0.01,50.4,50.4,12.6,0.77
1875,28.365,8.0,9.96,28.151,7.941,9.992,0.2244,15.75,47.15,-85.67,0.3358,1.2584,4.69,17.57,0.01,50.4,50.4,12.6,0.77
1876,28.377,8.0,9.96,28.164,7.941,9.991,0.2236,15.75,47.13,-85.61,0.3376,1.2558,4.71,17.53,0.01,50.4,50.4,12.6,0.78
1877,28.39,8.0,9.96,28.178,7.941,9.991,0.2229,15.73,47.11,-85.56,0.3393,1.2531,4.74,17.5,0.01,50.4,50.4,12.6,0.77
1878,28.403,8.0,9.96,28.191,7.941,9.991,0.2221,15.73,47.07,-85.5,0.341,1.2504,4.76,17.46,0.01,50.4,50.4,12.6,0.77
1879,28.415,8.0,9.96,28.204,7.941,9.991,0.2214,15.73,47.04,-85.45,0.3428,1.2477,4.79,17.42,0.01,50.4,50.4,12.6,0.77
1880,28.428,8.0,9.96,28.217,7.942,9.991,0.2206,15.71,47.02,-85.41,0.3445,1.245,4.81,17.38,0.02,50.4,50.4,12.6,0.78
1881,28.44,8.0,9.96,28.231,7.942,9.991,0.2199,15.71,47.0,-85.34,0.3463,1.2423,4.83,17.35,0.02,50.4,50.4,12.6,0.78
1882,28.453,8.0,9.96,28.244,7.942,9.991,0.2191,15.71,46.96,-85.3,0.348,1.2396,4.86,17.31,0.02,50.4,50.4,12.6,0.78
1883,28.465,8.0,9.96,28.257,7.942,9.991,0.2184,15.69,46.93,-85.23,0.3498,1.2369,4.88,17.27,0.02,50.4,50.4,12.6,0.78
1884,28.478,8.0,9.96,28.27,7.943,9.991,0.2176,15.69,46.91,-85.19,0.3515,1.2342,4.91,17.23,0.02,50.4,50.4,12.6,0.78
1885,28.49,8.0,9.96,28.283,7.943,9.99,0.2169,15.69,46.89,-85.12,0.3532,1.2315,4.93,17.19,0.02,50.4,50.4,12.6,0.78
1886,28.502,8.0,9.96,28.296,7.943,9.99,0.2162,15.69,46.85,-85.08,0.355,1.2288,4.96,17.16,0.02,50.4,50.4,12.6,0.78
1887,28.514,8.0,9.96,28.309,7.943,9.99,0.2154,15.67,46.82,-85.01,0.3567,1.226,4.98,17.12,0.02,50.4,50.4,12.6,0.78
1888,28.527,8.0,9.96,28.322,7.943,9.99,0.2147,15.67,46.8,-84.97,0.3585,1.2233,5.01,17.08,0.02,50.4,50.4,12.6,0.79
1889,28.539,8.0,9.96,28.335,7.944,9.99,0.2139,15.67,46.78,-84.92,0.3602,1.2205,5.03,17.04,0.02,50.4,50.4,12.6,0.79
1890,28.551,8.0,9.96,28.347,7.944,9.99,0.2132,15.64,46.76,-84.86,0.362,1.2178,5.05,17.0,0.02,50.4,50.4,12.6,0.79
1891,28.563,8.0,9.96,28.36,7.944,9.99,0.2124,15.64,46.71,-84.81,0.3637,1.2151,5.08,16.97,0.02,50.4,50.4,12.6,0.79
1892,28.575,8.0,9.96,28.373,7.944,9.99,0.2117,15.64,46.69,-84.77,0.3655,1.2123,5.1,16.93,0.02,50.4,50.4,12.6,0.79
1893,28.587,8.0,9.96,28.385,7.944,9.99,0.2109,15.64,46.67,-84.7,0.3673,1.2095,5.13,16.89,0.02,50.4,50.4,12.6,0.79
1894,28.598,8.0,9.96,28.398,7.945,9.99,0.2102,15.62,46.65,-84.66,0.369,1.2068,5.15,16.85,0.02,50.4,50.4,12.6,0.79
1895,28.61,8.0,9.96,28.41,7.945,9.989,0.2094,15.62,46.63,-84.59,0.3708,1.204,5.18,16.81,0.03,50.4,50.4,12.6,0.79
1896,28.622,8.0,9.96,28.423,7.945,9.989,0.2087,15.62,46.58,-84.55,0.3725,1.2012,5.2,16.77,0.03,50.4,50.4,12.6,0.8
1897,28.634,8.0,9.96,28.435,7.945,9.989,0.2079,15.6,46.56,-84.51,0.3743,1.1985,5.23,16.73,0.03,50.4,50.4,12.6,0.8
1898,28.645,8.0,9.96,28.448,7.945,9.989,0.2072,15.6,46.54,-84.44,0.376,1.1957,5.25,16.69,0.03,50.4,50.4,12.6,0.8
1899,28.657,8.0,9.96,28.46,7.946,9.989,0.2065,15.6,46.52,-84.4,0.3778,1.1929,5.27,16.66,0.03,50.4,50.4,12.6,0.8
1900,28.668,8.0,9.96,28.472,7.946,9.989,0.2057,15.6,46.49,-84.35,0.3795,1.1901,5.3,16.62,0.03,50.4,50.4,12.6,0.8
1901,28.68,8.0,9.96,28.484,7.946,9.989,0.205,15.58,46.47,-84.31,0.3813,1.1873,5.32,16.58,0.03,50.4,50.4,12.6,0.8
1902,28.691,8.0,9.96,28.497,7.946,9.989,0.2042,15.58,46.43,-84.24,0.3831,1.1845,5.35,16.54,0.03,50.4,50.4,12.6,0.8
1903,28.703,8.0,9.96,28.509,7.946,9.989,0.2035,15.58,46.41,-84.2,0.3848,1.1817,5.37,16.5,0.03,50.4,50.4,12.6,0.8
1904,28.714,8.0,9.96,28.521,7.947,9.989,0.2027,15.58,46.38,-84.16,0.3866,1.1789,5.4,16.46,0.03,50.4,50.4,12.6,0.8
1905,28.726,8.0,9.96,28.533,7.947,9.988,0.202,15.56,46.36,-84.09,0.3883,1.1761,5.42,16.42,0.03,50.4,50.4,12.6,0.81
1906,28.737,8.0,9.96,28.545,7.947,9.988,0.2012,15.56,46.34,-84.05,0.3901,1.1732,5.45,16.38,0.03,50.4,50.4,12.6,0.81
1907,28.748,8.0,9.96,28.557,7.947,9.988,0.2005,15.56,46.32,-84.0,0.3919,1.1704,5.47,16.34,0.03,50.4,50.4,12.6,0.81
1908,28.759,8.0,9.96,28.568,7.947,9.988,0.1997,15.56,46.3,-83.96,0.3936,1.1676,5.5,16.3,0.03,50.4,50.4,12.6,0.81
1909,28.77,8.0,9.96,28.58,7.948,9.988,0.199,15.53,46.25,-83.89,0.3954,1.1647,5.52,16.26,0.04,50.4,50.4,12.6,0.81
1910,28.781,8.0,9.96,28.592,7.948,9.988,0.1982,15.53,46.23,-83.85,0.3972,1.1619,5.55,16.22,0.04,50.4,50.4,12.6,0.81
1911,28.792,8.0,9.96,28.604,7.948,9.988,0.1975,15.53,46.21,-83.8,0.399,1.1591,5.57,16.18,0.04,50.4,50.4,12.6,0.81
1912,28.803,8.0,9.96,28.615,7.948,9.988,0.1967,15.51,46.19,-83.76,0.4007,1.1562,5.6,16.14,0.04,50.4,50.4,12.6,0.81
1913,28.814,8.0,9.961,28.627,7.948,9.988,0.196,15.51,46.16,-83.72,0.4025,1.1534,5.62,16.1,0.04,50.4,50.4,12.6,0.82
1914,28.825,8.0,9.961,28.639,7.949,9.988,0.1952,15.51,46.14,-83.65,0.4043,1.1505,5.64,16.06,0.04,50.4,50.4,12.6,0.82
1915,28.836,8.0,9.961,28.65,7.949,9.988,0.1945,15.51,46.12,-83.61,0.406,1.1476,5.67,16.02,0.04,50.4,50.4,12.6,0.82
1916,28.847,8.0,9.961,28.662,7.949,9.987,0.1938,15.49,46.1,-83.56,0.4078,1.1448,5.69,15.98,0.04,50.4,50.4,12.6,0.82
1917,28.857,8.0,9.961,28.673,7.949,9.987,0.193,15.49,46.05,-83.52,0.4096,1.1419,5.72,15.94,0.04,50.4,50.4,12.6,0.82
1918,28.868,8.0,9.961,28.684,7.949,9.987,0.1923,15.49,46.03,-83.47,0.4113,1.139,5.74,15.9,0.04,50.4,50.4,12.6,0.82
1919,28.879,8.0,9.961,28.696,7.95,9.987,0.1915,15.49,46.01,-83.43,0.4131,1.1361,5.77,15.86,0.04,50.4,50.4,12.6,0.82
1920,28.889,8.0,9.961,28.707,7.95,9.987,0.1908,15.47,45.99,-83.36,0.4149,1.1332,5.79,15.82,0.04,50.4,50.4,12.6,0.82
1921,28.9,8.0,9.961,28.718,7.95,9.987,0.19,15.47,45.97,-83.32,0.4167,1.1303,5.82,15.78,0.04,50.4,50.4,12.6,0.82
1922,28.91,8.0,9.961,28.729,7.95,9.987,0.1893,15.47,45.94,-83.28,0.4185,1.1274,5.84,15.74,0.04,50.4,50.4,12.6,0.83
1923,28.92,8.0,9.961,28.74,7.95,9.987,0.1885,15.47,45.92,-83.23,0.4202,1.1245,5.87,15.7,0.05,50.4,50.4,12.6,0.83
1924,28.931,8.0,9.961,28.752,7.951,9.987,0.1878,15.45,45.9,-83.19,0.422,1.1216,5.89,15.66,0.05,50.4,50.4,12.6,0.83
1925,28.941,8.0,9.961,28.763,7.951,9.987,0.187,15.45,45.88,-83.14,0.4238,1.1187,5.92,15.62,0.05,50.4,50.4,12.6,0.83
1926,28.951,8.0,9.961,28.774,7.951,9.987,0.1863,15.45,45.86,-83.1,0.4256,1.1158,5.94,15.58,0.05,50.4,50.4,12.6,0.83
1927,28.962,8.0,9.961,28.784,7.951,9.987,0.1855,15.45,45.83,-83.06,0.4273,1.1129,5.97,15.54,0.05,50.4,50.4,12.6,0.83
1928,28.972,8.0,9.961,28.795,7.951,9.986,0.1848,15.45,45.81,-83.01,0.4291,1.11,5.99,15.5,0.05,50.4,50.4,12.6,0.83
1929,28.982,8.0,9.961,28.806,7.951,9.986,0.184,15.42,45.79,-82.97,0.4309,1.107,6.02,15.46,0.05,50.4,50.4,12.6,0.84
1930,28.992,8.0,9.961,28.817,7.952,9.986,0.1833,15.42,45.77,-82.9,0.4327,1.1041,6.04,15.42,0.05,50.4,50.4,12.6,0.84
1931,29.002,8.0,9.961,28.828,7.952,9.986,0.1825,15.42,45.75,-82.86,0.4345,1.1012,6.07,15.38,0.05,50.4,50.4,12.6,0.84
1932,29.012,8.0,9.961,28.838,7.952,9.986,0.1818,15.42,45.7,-82.81,0.4363,1.0982,6.09,15.33,0.05,50.4,50.4,12.6,0.84
1933,29.022,8.0,9.961,28.849,7.952,9.986,0.181,15.4,45.68,-82.77,0.4381,1.0953,6.12,15.29,0.05,50.4,50.4,12.6,0.84
1934,29.032,8.0,9.961,28.86,7.952,9.986,0.1803,15.4,45.66,-82.73,0.4398,1.0923,6.14,15.25,0.05,50.4,50.4,12.6,0.84
1935,29.041,8.0,9.961,28.87,7.953,9.986,0.1795,15.4,45.64,-82.68,0.4416,1.0894,6.17,15.21,0.05,50.4,50.4,12.6,0.84
1936,29.051,8.0,9.961,28.881,7.953,9.986,0.1788,15.4,45.62,-82.64,0.4434,1.0864,6.19,15.17,0.06,50.4,50.4,12.6,0.84
1937,29.061,8.0,9.961,28.891,7.953,9.986,0.1781,15.38,45.59,-82.6,0.4452,1.0834,6.22,15.13,0.06,50.4,50.4,12.6,0.84
1938,29.071,8.0,9.961,28.901,7.953,9.986,0.1773,15.38,45.57,-82.55,0.447,1.0805,6.24,15.09,0.06,50.4,50.4,12.6,0.84
1939,29.08,8.0,9.961,28.912,7.953,9.986,0.1766,15.38,45.55,-82.51,0.4488,1.0775,6.27,15.04,0.06,50.4,50.4,12.6,0.84
1940,29.09,8.0,9.961,28.922,7.954,9.986,0.1758,15.38,45.53,-82.46,0.4506,1.0745,6.29,15.0,0.06,50.4,50.4,12.6,0.85
1941,29.099,8.0,9.961,28.932,7.954,9.985,0.1751,15.38,45.51,-82.42,0.4524,1.0715,6.32,14.96,0.06,50.4,50.4,12.6,0.85
1942,29.109,8.0,9.961,28.942,7.954,9.985,0.1743,15.36,45.48,-82.38,0.4542,1.0685,6.34,14.92,0.06,50.4,50.4,12.6,0.85
1943,29.118,8.0,9.961,28.952,7.954,9.985,0.1736,15.36,45.46,-82.33,0.4559,1.0655,6.37,14.88,0.06,50.4,50.4,12.6,0.85
1944,29.127,8.0,9.961,28.963,7.954,9.985,0.1728,15.36,45.44,-82.31,0.4577,1.0625,6.39,14.84,0.06,50.4,50.4,12.6,0.85
1945,29.137,8.0,9.961,28.973,7.955,9.985,0.1721,15.36,45.42,-82.27,0.4595,1.0595,6.42,14.79,0.06,50.4,50.4,12.6,0.85
1946,29.146,8.0,9.961,28.983,7.955,9.985,0.1713,15.34,45.4,-82.22,0.4613,1.0565,6.44,14.75,0.06,50.4,50.4,12.6,0.85
1947,29.155,8.0,9.961,28.992,7.955,9.985,0.1706,15.34,45.37,-82.18,0.4631,1.0535,6.47,14.71,0.06,50.4,50.4,12.6,0.85
1948,29.164,8.0,9.961,29.002,7.955,9.985,0.1698,15.34,45.37,-82.13,0.4649,1.0505,6.49,14.67,0.07,50.4,50.4,12.6,0.85
1949,29.173,8.0,9.961,29.012,7.955,9.985,0.1691,15.34,45.35,-82.09,0.4667,1.0475,6.52,14.63,0.07,50.4,50.4,12.6,0.86
1950,29.183,8.0,9.961,29.022,7.955,9.985,0.1683,15.34,45.33,-82.05,0.4685,1.0445,6.54,14.58,0.07,50.4,50.4,12.6,0.86
1951,29.192,8.0,9.961,29.032,7.956,9.985,0.1676,15.31,45.31,-82.0,0.4703,1.0414,6.57,14.54,0.07,50.4,50.4,12.6,0.86
1952,29.2,8.0,9.961,29.041,7.956,9.985,0.1668,15.31,45.29,-81.96,0.4721,1.0384,6.59,14.5,0.07,50.4,50.4,12.6,0.86
1953,29.209,8.0,9.961,29.051,7.956,9.985,0.1661,15.31,45.26,-81.91,0.4739,1.0354,6.62,14.46,0.07,50.4,50.4,12.6,0.86
1954,29.218,8.0,9.961,29.061,7.956,9.985,0.1653,15.31,45.24,-81.89,0.4757,1.0323,6.64,14.41,0.07,50.4,50.4,12.6,0.86
1955,29.227,8.0,9.961,29.07,7.956,9.984,0.1646,15.31,45.22,-81.85,0.4775,1.0293,6.67,14.37,0.07,50.4,50.4,12.6,0.86
1956,29.236,8.0,9.961,29.08,7.957,9.984,0.1639,15.29,45.2,-81.8,0.4793,1.0262,6.69,14.33,0.07,50.4,50.4,12.6,0.86
1957,29.245,8.0,9.961,29.089,7.957,9.983,0.1628,15.29,45.18,-81.76,0.4843,1.0232,6.76,14.29,0.07,50.4,50.4,12.6,0.86
1958,29.253,8.0,9.961,29.098,7.957,9.982,0.1619,15.29,45.15,-81.72,0.4872,1.0201,6.8,14.24,0.07,50.4,50.4,12.6,0.86
1959,29.262,8.0,9.961,29.108,7.957,9.982,0.1612,15.29,45.13,-81.69,0.4888,1.017,6.82,14.2,0.07,50.4,50.4,12.6,0.87
1960,29.27,8.0,9.961,29.117,7.957,9.983,0.1605,15.29,45.11,-81.65,0.4905,1.014,6.85,14.16,0.08,50.4,50.4,12.6,0.87
1961,29.279,8.0,9.961,29.126,7.958,9.983,0.1598,15.27,45.09,-81.61,0.4923,1.0109,6.87,14.11,0.08,50.4,50.4,12.6,0.87
1962,29.287,8.0,9.961,29.135,7.958,9.983,0.1591,15.27,45.07,-81.56,0.4941,1.0078,6.9,14.07,0.08,50.4,50.4,12.6,0.87
1963,29.296,8.0,9.961,29.145,7.958,9.983,0.1584,15.27,45.04,-81.52,0.4959,1.0048,6.92,14.03,0.08,50.4,50.4,12.6,0.87
1964,29.304,8.0,9.961,29.154,7.958,9.983,0.1577,15.27,45.04,-81.5,0.4976,1.0017,6.95,13.99,0.08,50.4,50.4,12.6,0.87
1965,29.312,8.0,9.961,29.163,7.958,9.983,0.1569,15.27,45.02,-81.45,0.4994,0.9986,6.97,13.94,0.08,50.4,50.4,12.6,0.87
1966,29.321,8.0,9.961,29.172,7.958,9.983,0.1562,15.25,45.0,-81.41,0.5012,0.9955,7.0,13.9,0.08,50.4,50.4,12.6,0.87
1967,29.329,8.0,9.961,29.181,7.959,9.983,0.1555,15.25,44.98,-81.36,0.503,0.9924,7.02,13.86,0.08,50.4,50.4,12.6,0.87
1968,29.337,8.0,9.961,29.189,7.959,9.983,0.1548,15.25,44.96,-81.34,0.5048,0.9893,7.05,13.81,0.08,50.4,50.4,12.6,0.87
1969,29.345,8.0,9.961,29.198,7.959,9.983,0.1541,15.25,44.93,-81.3,0.5065,0.9862,7.07,13.77,0.08,50.4,50.4,12.6,0.88
1970,29.353,8.0,9.961,29.207,7.959,9.983,0.1534,15.25,44.91,-81.25,0.5083,0.9831,7.1,13.73,0.08,50.4,50.4,12.6,0.88
1971,29.361,8.0,9.961,29.216,7.959,9.983,0.1526,15.25,44.91,-81.23,0.5101,0.98,7.12,13.68,0.08,50.4,50.4,12.6,0.88
1972,29.369,8.0,9.961,29.224,7.959,9.984,0.1519,15.23,44.89,-81.19,0.5119,0.9768,7.15,13.64,0.09,50.4,50.4,12.6,0.88
1973,29.377,8.0,9.961,29.233,7.96,9.984,0.1512,15.23,44.87,-81.15,0.5137,0.9737,7.17,13.6,0.09,50.4,50.4,12.6,0.88
1974,29.385,8.0,9.961,29.242,7.96,9.983,0.1503,15.23,44.85,-81.1,0.5173,0.9706,7.22,13.55,0.09,50.4,50.4,12.6,0.88
1975,29.393,8.0,9.961,29.25,7.96,9.983,0.1497,15.23,44.82,-81.08,0.518,0.9675,7.23,13.51,0.09,50.4,50.4,12.6,0.88
1976,29.401,8.0,9.961,29.259,7.96,9.985,0.1493,15.23,44.8,-81.04,0.517,0.9643,7.22,13.46,0.09,50.4,50.4,12.6,0.88
1977,29.408,8.0,9.961,29.267,7.96,9.984,0.1484,15.21,44.8,-81.01,0.52,0.9612,7.26,13.42,0.09,50.4,50.4,12.6,0.88
1978,29.416,8.0,9.962,29.275,7.961,9.984,0.1476,15.21,44.78,-80.97,0.5228,0.9581,7.3,13.38,0.09,50.4,50.4,12.6,0.88
1979,29.423,8.0,9.962,29.284,7.961,9.984,0.1469,15.21,44.76,-80.93,0.5244,0.9549,7.32,13.33,0.09,50.4,50.4,12.6,0.88
1980,29.431,8.0,9.962,29.292,7.961,9.984,0.1462,15.21,44.74,-80.9,0.5262,0.9518,7.35,13.29,0.09,50.4,50.4,12.6,0.89
1981,29.439,8.0,9.962,29.3,7.961,9.984,0.1455,15.21,44.71,-80.86,0.528,0.9486,7.37,13.25,0.09,50.4,50.4,12.6,0.89
1982,29.446,8.0,9.962,29.308,7.961,9.984,0.1448,15.21,44.71,-80.82,0.5297,0.9454,7.4,13.2,0.09,50.4,50.4,12.6,0.89
1983,29.453,8.0,9.962,29.317,7.961,9.984,0.144,15.18,44.69,-80.79,0.5315,0.9423,7.42,13.16,0.1,50.4,50.4,12.6,0.89
1984,29.461,8.0,9.962,29.325,7.962,9.984,0.1433,15.18,44.67,-80.75,0.5333,0.9391,7.45,13.11,0.1,50.4,50.4,12.6,0.89
1985,29.468,8.0,9.962,29.333,7.962,9.985,0.1426,15.18,44.65,-80.73,0.5351,0.936,7.47,13.07,0.1,50.4,50.4,12.6,0.89
1986,29.475,8.0,9.962,29.341,7.962,9.985,0.1419,15.18,44.63,-80.68,0.5369,0.9328,7.5,13.02,0.1,50.4,50.4,12.6,0.89
1987,29.483,8.0,9.962,29.349,7.962,9.985,0.1412,15.18,44.63,-80.66,0.5387,0.9296,7.52,12.98,0.1,50.4,50.4,12.6,0.89
1988,29.49,8.0,9.962,29.356,7.962,9.985,0.1405,15.18,44.6,-80.62,0.5405,0.9264,7.55,12.94,0.1,50.4,50.4,12.6,0.89
1989,29.497,8.0,9.962,29.364,7.962,9.985,0.1398,15.16,44.58,-80.57,0.5423,0.9232,7.57,12.89,0.1,50.4,50.4,12.6,0.89
1990,29.504,8.0,9.962,29.372,7.963,9.985,0.139,15.16,44.56,-80.55,0.544,0.92,7.6,12.85,0.1,50.4,50.4,12.6,0.9
1991,29.511,8.0,9.962,29.38,7.963,9.985,0.1383,15.16,44.56,-80.51,0.5458,0.9169,7.62,12.8,0.1,50.4,50.4,12.6,0.9
1992,29.518,8.0,9.962,29.387,7.963,9.985,0.1376,15.16,44.54,-80.49,0.5476,0.9137,7.65,12.76,0.1,50.4,50.4,12.6,0.9
1993,29.525,8.0,9.962,29.395,7.963,9.985,0.1369,15.16,44.52,-80.44,0.5494,0.9105,7.67,12.71,0.1,50.4,50.4,12.6,0.9
1994,29.532,8.0,9.962,29.403,7.963,9.985,0.1362,15.16,44.49,-80.42,0.5512,0.9073,7.7,12.67,0.11,50.4,50.4,12.6,0.9
1995,29.538,8.0,9.962,29.41,7.964,9.985,0.1355,15.16,44.49,-80.38,0.553,0.9041,7.72,12.62,0.11,50.4,50.4,12.6,0.9
1996,29.545,8.0,9.962,29.418,7.964,9.985,0.1348,15.14,44.47,-80.35,0.5548,0.9008,7.75,12.58,0.11,50.4,50.4,12.6,0.9
1997,29.552,8.0,9.962,29.425,7.964,9.986,0.134,15.14,44.45,-80.33,0.5566,0.8976,7.77,12.53,0.11,50.4,50.4,12.6,0.9
1998,29.559,8.0,9.962,29.432,7.964,9.986,0.1333,15.14,44.43,-80.29,0.5584,0.8944,7.8,12.49,0.11,50.4,50.4,12.6,0.9
1999,29.565,8.0,9.962,29.44,7.964,9.986,0.1326,15.14,44.43,-80.27,0.5602,0.8912,7.82,12.44,0.11,50.4,50.4,12.6,0.9
2000,29.572,8.0,9.962,29.447,7.964,9.986,0.1319,15.14,44.41,-80.22,0.5619,0.888,7.85,12.4,0.11,50.4,50.4,12.6,0.9
2001,29.578,8.0,9.962,29.454,7.965,9.986,0.1312,15.14,44.38,-80.2,0.5637,0.8847,7.87,12.35,0.11,50.4,50.4,12.6,0.9
2002,29.585,8.0,9.962,29.461,7.965,9.986,0.1305,15.12,44.36,-80.16,0.5655,0.8815,7.9,12.31,0.11,50.4,50.4,12.6,0.91
2003,29.591,8.0,9.962,29.469,7.965,9.985,0.1295,15.12,44.36,-80.13,0.5694,0.8783,7.95,12.26,0.11,50.4,50.4,12.6,0.91
2004,29.598,8.0,9.962,29.476,7.965,9.986,0.1291,15.12,44.34,-80.11,0.569,0.875,7.95,12.22,0.12,50.4,50.4,12.6,0.91
2005,29.604,8.0,9.962,29.483,7.965,9.987,0.1287,15.12,44.32,-80.07,0.5688,0.8718,7.94,12.17,0.12,50.4,50.4,12.6,0.91
2006,29.61,8.0,9.962,29.49,7.965,9.986,0.1276,15.12,44.32,-80.05,0.5728,0.8685,8.0,12.13,0.12,50.4,50.4,12.6,0.91
2007,29.616,8.0,9.962,29.497,7.966,9.986,0.1269,15.12,44.3,-80.0,0.5745,0.8653,8.02,12.08,0.12,50.4,50.4,12.6,0.91
2008,29.622,8.0,9.962,29.504,7.966,9.986,0.1262,15.12,44.27,-79.98,0.5763,0.862,8.05,12.04,0.12,50.4,50.4,12.6,0.91
2009,29.629,8.0,9.962,29.51,7.966,9.986,0.1255,15.1,44.27,-79.96,0.5781,0.8588,8.07,11.99,0.12,50.4,50.4,12.6,0.91
2010,29.635,8.0,9.962,29.517,7.966,9.987,0.1248,15.1,44.25,-79.91,0.5799,0.8555,8.1,11.95,0.12,50.4,50.4,12.6,0.91
2011,29.641,8.0,9.962,29.524,7.966,9.987,0.1241,15.1,44.23,-79.89,0.5817,0.8522,8.12,11.9,0.12,50.4,50.4,12.6,0.91
2012,29.647,8.0,9.962,29.531,7.966,9.987,0.1234,15.1,44.23,-79.87,0.5835,0.849,8.15,11.85,0.12,50.4,50.4,12.6,0.91
2013,29.653,8.0,9.962,29.537,7.967,9.987,0.1227,15.1,44.21,-79.83,0.5853,0.8457,8.17,11.81,0.12,50.4,50.4,12.6,0.91
2014,29.658,8.0,9.962,29.544,7.967,9.987,0.122,15.1,44.19,-79.8,0.587,0.8424,8.2,11.76,0.12,50.4,50.4,12.6,0.92
2015,29.664,8.0,9.962,29.55,7.967,9.987,0.1212,15.1,44.19,-79.78,0.5888,0.8392,8.22,11.72,0.13,50.4,50.4,12.6,0.92
2016,29.67,8.0,9.962,29.557,7.967,9.987,0.1205,15.1,44.17,-79.76,0.5906,0.8359,8.25,11.67,0.13,50.4,50.4,12.6,0.92
2017,29.676,8.0,9.962,29.563,7.967,9.987,0.1198,15.07,44.14,-79.72,0.5924,0.8326,8.27,11.63,0.13,50.4,50.4,12.6,0.92
2018,29.681,8.0,9.962,29.57,7.967,9.987,0.1191,15.07,44.14,-79.69,0.5942,0.8293,8.3,11.58,0.13,50.4,50.4,12.6,0.92
2019,29.687,8.0,9.962,29.576,7.968,9.987,0.1184,15.07,44.12,-79.67,0.596,0.826,8.32,11.53,0.13,50.4,50.4,12.6,0.92
2020,29.693,8.0,9.962,29.582,7.968,9.987,0.1177,15.07,44.12,-79.63,0.5978,0.8227,8.35,11.49,0.13,50.4,50.4,12.6,0.92
2021,29.698,8.0,9.962,29.588,7.968,9.987,0.117,15.07,44.1,-79.61,0.5996,0.8194,8.37,11.44,0.13,50.4,50.4,12.6,0.92
2022,29.704,8.0,9.962,29.595,7.968,9.987,0.1163,15.07,44.08,-79.58,0.6014,0.8161,8.4,11.4,0.13,50.4,50.4,12.6,0.92
2023,29.709,8.0,9.962,29.601,7.968,9.987,0.1156,15.07,44.08,-79.56,0.6032,0.8128,8.42,11.35,0.13,50.4,50.4,12.6,0.92
2024,29.714,8.0,9.962,29.607,7.968,9.988,0.1149,15.07,44.06,-79.54,0.605,0.8095,8.45,11.3,0.13,50.4,50.4,12.6,0.92
2025,29.72,8.0,9.962,29.613,7.969,9.988,0.1142,15.05,44.06,-79.5,0.6068,0.8062,8.47,11.26,0.14,50.4,50.4,12.6,0.92
2026,29.725,8.0,9.962,29.619,7.969,9.988,0.1135,15.05,44.03,-79.48,0.6086,0.8029,8.5,11.21,0.14,50.4,50.4,12.6,0.92
2027,29.73,8.0,9.962,29.625,7.969,9.988,0.1128,15.05,44.01,-79.45,0.6104,0.7996,8.52,11.16,0.14,50.4,50.4,12.6,0.92
2028,29.735,8.0,9.962,29.631,7.969,9.988,0.1121,15.05,44.01,-79.43,0.6122,0.7963,8.55,11.12,0.14,50.4,50.4,12.6,0.93
2029,29.74,8.0,9.962,29.637,7.969,9.988,0.1114,15.05,43.99,-79.41,0.6139,0.7929,8.57,11.07,0.14,50.4,50.4,12.6,0.93
2030,29.745,8.0,9.962,29.642,7.969,9.988,0.1106,15.05,43.99,-79.39,0.6157,0.7896,8.6,11.02,0.14,50.4,50.4,12.6,0.93
2031,29.75,8.0,9.962,29.648,7.97,9.988,0.1099,15.05,43.97,-79.34,0.6175,0.7863,8.62,10.98,0.14,50.4,50.4,12.6,0.93
2032,29.755,8.0,9.962,29.654,7.97,9.988,0.1092,15.05,43.95,-79.32,0.6193,0.7829,8.65,10.93,0.14,50.4,50.4,12.6,0.93
2033,29.76,8.0,9.962,29.659,7.97,9.988,0.1085,15.05,43.95,-79.3,0.6211,0.7796,8.67,10.89,0.14,50.4,50.4,12.6,0.93
2034,29.765,8.0,9.962,29.665,7.97,9.988,0.1078,15.03,43.92,-79.28,0.6229,0.7763,8.7,10.84,0.14,50.4,50.4,12.6,0.93
2035,29.77,8.0,9.962,29.671,7.97,9.988,0.1071,15.03,43.92,-79.26,0.6247,0.7729,8.72,10.79,0.15,50.4,50.4,12.6,0.93
2036,29.775,8.0,9.962,29.676,7.97,9.988,0.1064,15.03,43.9,-79.23,0.6265,0.7696,8.75,10.75,0.15,50.4,50.4,12.6,0.93
2037,29.78,8.0,9.962,29.681,7.971,9.988,0.1057,15.03,43.9,-79.21,0.6283,0.7662,8.77,10.7,0.15,50.4,50.4,12.6,0.93
2038,29.784,8.0,9.962,29.687,7.971,9.989,0.105,15.03,43.88,-79.19,0.6301,0.7629,8.8,10.65,0.15,50.4,50.4,12.6,0.93
2039,29.789,8.0,9.962,29.692,7.971,9.989,0.1043,15.03,43.88,-79.17,0.6319,0.7595,8.82,10.61,0.15,50.4,50.4,12.6,0.93
2040,29.793,8.0,9.962,29.697,7.971,9.988,0.1035,15.03,43.86,-79.15,0.6344,0.7562,8.86,10.56,0.15,50.4,50.4,12.6,0.93
2041,29.798,8.0,9.962,29.703,7.971,9.988,0.1028,15.03,43.86,-79.1,0.6362,0.7528,8.88,10.51,0.15,50.4,50.4,12.6,0.94
2042,29.802,8.0,9.962,29.708,7.971,9.989,0.1024,15.03,43.84,-79.08,0.6364,0.7495,8.89,10.46,0.15,50.4,50.4,12.6,0.94
2043,29.807,8.0,9.962,29.713,7.972,9.989,0.1017,15.01,43.84,-79.06,0.6383,0.7461,8.91,10.42,0.15,50.4,50.4,12.6,0.94
2044,29.811,8.0,9.962,29.718,7.972,9.989,0.1008,15.01,43.81,-79.04,0.641,0.7427,8.95,10.37,0.16,50.4,50.4,12.6,0.94
2045,29.815,8.0,9.962,29.723,7.972,9.989,0.1001,15.01,43.81,-79.01,0.6426,0.7394,8.97,10.32,0.16,50.4,50.4,12.6,0.94
2046,29.82,8.0,9.962,29.728,7.972,9.989,0.0994,15.01,43.79,-78.99,0.6444,0.736,9.0,10.28,0.16,50.4,50.4,12.6,0.94
2047,29.824,8.0,9.962,29.733,7.972,9.989,0.0987,15.01,43.79,-78.97,0.6462,0.7326,9.02,10.23,0.16,50.4,50.4,12.6,0.94
2048,29.828,8.0,9.962,29.738,7.972,9.989,0.0981,15.01,43.77,-78.95,0.648,0.7293,9.05,10.18,0.16,50.4,50.4,12.6,0.94
2049,29.832,8.0,9.962,29.743,7.972,9.989,0.0974,15.01,43.77,-78.93,0.6498,0.7259,9.07,10.14,0.16,50.4,50.4,12.6,0.94
2050,29.836,8.0,9.962,29.748,7.973,9.989,0.0967,15.01,43.75,-78.9,0.6516,0.7225,9.1,10.09,0.16,50.4,50.4,12.6,0.94
2051,29.84,8.0,9.962,29.752,7.973,9.989,0.096,15.01,43.75,-78.9,0.6534,0.7191,9.12,10.04,0.16,50.4,50.4,12.6,0.94
2052,29.844,8.0,9.962,29.757,7.973,9.989,0.0953,15.01,43.73,-78.88,0.6552,0.7157,9.15,9.99,0.16,50.4,50.4,12.6,0.94
2053,29.848,8.0,9.962,29.762,7.973,9.99,0.0946,15.01,43.73,-78.86,0.6569,0.7123,9.17,9.95,0.16,50.4,50.4,12.6,0.94
2054,29.852,8.0,9.962,29.766,7.973,9.99,0.0939,14.99,43.7,-78.84,0.6587,0.7089,9.2,9.9,0.17,50.4,50.4,12.6,0.94
2055,29.856,8.0,9.962,29.771,7.973,9.99,0.0932,14.99,43.7,-78.82,0.6605,0.7055,9.22,9.85,0.17,50.4,50.4,12.6,0.94
2056,29.86,8.0,9.962,29.775,7.974,9.99,0.0925,14.99,43.68,-78.79,0.6623,0.7021,9.25,9.8,0.17,50.4,50.4,12.6,0.94
2057,29.863,8.0,9.962,29.78,7.974,9.99,0.0918,14.99,43.68,-78.77,0.6641,0.6987,9.27,9.76,0.17,50.4,50.4,12.6,0.94
2058,29.867,8.0,9.962,29.784,7.974,9.99,0.0911,14.99,43.66,-78.75,0.6659,0.6953,9.3,9.71,0.17,50.4,50.4,12.6,0.94
2059,29.871,8.0,9.962,29.788,7.974,9.99,0.0904,14.99,43.66,-78.73,0.6677,0.6919,9.32,9.66,0.17,50.4,50.4,12.6,0.94
2060,29.874,8.0,9.962,29.793,7.974,9.99,0.0898,14.99,43.66,-78.71,0.6695,0.6885,9.35,9.61,0.17,50.4,50.4,12.6,0.94
2061,29.878,8.0,9.962,29.797,7.974,9.99,0.0891,14.99,43.64,-78.71,0.6712,0.6851,9.37,9.57,0.17,50.4,50.4,12.6,0.94
2062,29.881,8.0,9.962,29.801,7.975,9.99,0.0884,14.99,43.64,-78.68,0.673,0.6817,9.4,9.52,0.17,50.4,50.4,12.6,0.95
2063,29.885,8.0,9.962,29.805,7.975,9.99,0.0877,14.99,43.62,-78.66,0.6748,0.6783,9.42,9.47,0.18,50.4,50.4,12.6,0.95
2064,29.888,8.0,9.962,29.809,7.975,9.99,0.087,14.99,43.62,-78.64,0.6766,0.6749,9.45,9.42,0.18,50.4,50.4,12.6,0.95
2065,29.891,8.0,9.962,29.814,7.975,9.99,0.0863,14.99,43.59,-78.62,0.6784,0.6715,9.47,9.38,0.18,50.4,50.4,12.6,0.95
2066,29.895,8.0,9.962,29.818,7.975,9.99,0.0857,14.96,43.59,-78.6,0.6802,0.6681,9.5,9.33,0.18,50.4,50.4,12.6,0.95
2067,29.898,8.0,9.962,29.821,7.975,9.99,0.085,14.96,43.59,-78.6,0.682,0.6646,9.52,9.28,0.18,50.4,50.4,12.6,0.95
2068,29.901,8.0,9.962,29.825,7.976,9.99,0.0843,14.96,43.57,-78.57,0.6837,0.6612,9.55,9.23,0.18,50.4,50.4,12.6,0.95
2069,29.904,8.0,9.962,29.829,7.976,9.991,0.0836,14.96,43.57,-78.55,0.6855,0.6578,9.57,9.18,0.18,50.4,50.4,12.6,0.95
2070,29.907,8.0,9.962,29.833,7.976,9.991,0.0829,14.96,43.55,-78.53,0.6873,0.6543,9.6,9.14,0.18,50.4,50.4,12.6,0.95
2071,29.91,8.0,9.962,29.837,7.976,9.991,0.0823,14.96,43.55,-78.53,0.6891,0.6509,9.62,9.09,0.18,50.4,50.4,12.6,0.95
2072,29.913,8.0,9.962,29.84,7.976,9.991,0.0816,14.96,43.55,-78.51,0.6909,0.6475,9.65,9.04,0.19,50.4,50.4,12.6,0.95
2073,29.916,8.0,9.962,29.844,7.976,9.991,0.0809,14.96,43.53,-78.49,0.6926,0.644,9.67,8.99,0.19,50.4,50.4,12.6,0.95
2074,29.919,8.0,9.962,29.848,7.976,9.991,0.0802,14.96,43.53,-78.46,0.6944,0.6406,9.7,8.94,0.19,50.4,50.4,12.6,0.95
2075,29.922,8.0,9.962,29.851,7.977,9.991,0.0796,14.96,43.53,-78.46,0.6962,0.6372,9.72,8.9,0.19,50.4,50.4,12.6,0.95
2076,29.925,8.0,9.962,29.855,7.977,9.991,0.0789,14.96,43.51,-78.44,0.698,0.6337,9.75,8.85,0.19,50.4,50.4,12.6,0.95
2077,29.927,8.0,9.962,29.858,7.977,9.991,0.0782,14.96,43.51,-78.42,0.6998,0.6303,9.77,8.8,0.19,50.4,50.4,12.6,0.95
2078,29.93,8.0,9.962,29.862,7.977,9.991,0.0776,14.96,43.51,-78.42,0.7015,0.6268,9.8,8.75,0.19,50.4,50.4,12.6,0.95
2079,29.933,8.0,9.962,29.865,7.977,9.991,0.0769,14.96,43.48,-78.4,0.7033,0.6234,9.82,8.7,0.19,50.4,50.4,12.6,0.95
2080,29.935,8.0,9.962,29.868,7.977,9.991,0.0762,14.96,43.48,-78.38,0.7051,0.6199,9.84,8.66,0.2,50.4,50.4,12.6,0.95
2081,29.938,8.0,9.962,29.871,7.978,9.991,0.0756,14.96,43.48,-78.38,0.7069,0.6165,9.87,8.61,0.2,50.4,50.4,12.6,0.95
2082,29.94,8.0,9.962,29.875,7.978,9.991,0.0749,14.94,43.46,-78.35,0.7086,0.613,9.89,8.56,0.2,50.4,50.4,12.6,0.95
2083,29.943,8.0,9.962,29.878,7.978,9.991,0.0742,14.94,43.46,-78.33,0.7104,0.6096,9.92,8.51,0.2,50.4,50.4,12.6,0.95
2084,29.945,8.0,9.962,29.881,7.978,9.991,0.0736,14.94,43.46,-78.33,0.7122,0.6061,9.94,8.46,0.2,50.4,50.4,12.6,0.95
2085,29.947,8.0,9.962,29.884,7.978,9.991,0.0729,14.94,43.44,-78.31,0.714,0.6027,9.97,8.41,0.2,50.4,50.4,12.6,0.95
2086,29.949,8.0,9.962,29.887,7.978,9.991,0.0723,14.94,43.44,-78.29,0.7157,0.5992,9.99,8.37,0.2,50.4,50.4,12.6,0.96
2087,29.952,8.0,9.962,29.89,7.978,9.992,0.0716,14.94,43.44,-78.29,0.7175,0.5958,10.02,8.32,0.2,50.4,50.4,12.6,0.96
2088,29.954,8.0,9.962,29.893,7.979,9.992,0.071,14.94,43.42,-78.27,0.7193,0.5923,10.04,8.27,0.2,50.4,50.4,12.6,0.96
2089,29.956,8.0,9.962,29.896,7.979,9.992,0.0703,14.94,43.42,-78.27,0.721,0.5888,10.07,8.22,0.21,50.4,50.4,12.6,0.96
2090,29.958,8.0,9.962,29.898,7.979,9.992,0.0697,14.94,43.42,-78.24,0.7228,0.5854,10.09,8.17,0.21,50.4,50.4,12.6,0.96
2091,29.96,8.0,9.962,29.901,7.979,9.992,0.069,14.94,43.42,-78.22,0.7246,0.5819,10.12,8.12,0.21,50.4,50.4,12.6,0.96
2092,29.962,8.0,9.962,29.904,7.979,9.992,0.0684,14.94,43.4,-78.22,0.7263,0.5784,10.14,8.08,0.21,50.4,50.4,12.6,0.96
2093,29.964,8.0,9.962,29.907,7.979,9.992,0.0677,14.94,43.4,-78.2,0.7281,0.575,10.17,8.03,0.21,50.4,50.4,12.6,0.96
2094,29.966,8.0,9.962,29.909,7.98,9.992,0.0671,14.94,43.4,-78.2,0.7299,0.5715,10.19,7.98,0.21,50.4,50.4,12.6,0.96
2095,29.968,8.0,9.962,29.912,7.98,9.992,0.0664,14.94,43.37,-78.18,0.7316,0.568,10.22,7.93,0.21,50.4,50.4,12.6,0.96
2096,29.969,8.0,9.962,29.914,7.98,9.992,0.0658,14.94,43.37,-78.18,0.7334,0.5645,10.24,7.88,0.21,50.4,50.4,12.6,0.96
2097,29.971,8.0,9.962,29.917,7.98,9.992,0.0652,14.94,43.37,-78.16,0.7352,0.5611,10.26,7.83,0.22,50.4,50.4,12.6,0.96
2098,29.973,8.0,9.962,29.919,7.98,9.992,0.0645,14.94,43.37,-78.16,0.7369,0.5576,10.29,7.79,0.22,50.4,50.4,12.6,0.96
2099,29.974,8.0,9.962,29.921,7.98,9.992,0.0639,14.94,43.35,-78.13,0.7387,0.5541,10.31,7.74,0.22,50.4,50.4,12.6,0.96
2100,29.976,8.0,9.962,29.924,7.98,9.992,0.0633,14.94,43.35,-78.13,0.7404,0.5506,10.34,7.69,0.22,50.4,50.4,12.6,0.96
2101,29.978,8.0,9.962,29.926,7.981,9.992,0.0627,14.94,43.35,-78.11,0.7422,0.5471,10.36,7.64,0.22,50.4,50.4,12.6,0.96
2102,29.979,8.0,9.962,29.928,7.981,9.992,0.062,14.94,43.35,-78.11,0.744,0.5437,10.39,7.59,0.22,50.4,50.4,12.6,0.96
2103,29.98,8.0,9.962,29.93,7.981,9.992,0.0614,14.94,43.35,-78.11,0.7458,0.5402,10.41,7.54,0.22,50.4,50.4,12.6,0.96
2104,29.982,8.0,9.962,29.932,7.981,9.992,0.0608,14.92,43.33,-78.09,0.7475,0.5367,10.44,7.49,0.22,50.4,50.4,12.6,0.96
2105,29.983,8.0,9.962,29.934,7.981,9.992,0.0601,14.92,43.33,-78.09,0.7493,0.5332,10.46,7.44,0.22,50.4,50.4,12.6,0.96
2106,29.984,8.0,9.963,29.936,7.981,9.992,0.0595,14.92,43.33,-78.07,0.7511,0.5297,10.49,7.4,0.23,50.4,50.4,12.6,0.96
2107,29.986,8.0,9.963,29.938,7.982,9.993,0.0589,14.92,43.33,-78.07,0.7529,0.5262,10.51,7.35,0.23,50.4,50.4,12.6,0.96
2108,29.987,8.0,9.963,29.94,7.982,9.993,0.0583,14.92,43.33,-78.07,0.7547,0.5227,10.54,7.3,0.23,50.4,50.4,12.6,0.96
2109,29.988,8.0,9.963,29.942,7.982,9.993,0.0577,14.92,43.31,-78.05,0.7565,0.5192,10.56,7.25,0.23,50.4,50.4,12.6,0.96
2110,29.989,8.0,9.963,29.944,7.982,9.993,0.0571,14.92,43.31,-78.05,0.7582,0.5157,10.59,7.2,0.23,50.4,50.4,12.6,0.96
2111,29.99,8.0,9.963,29.946,7.982,9.993,0.0565,14.92,43.31,-78.02,0.76,0.5122,10.61,7.15,0.23,50.4,50.4,12.6,0.96
2112,29.991,8.0,9.963,29.947,7.982,9.993,0.0559,14.92,43.31,-78.02,0.7618,0.5087,10.64,7.1,0.23,50.4,50.4,12.6,0.96
2113,29.992,8.0,9.963,29.949,7.982,9.993,0.0553,14.92,43.31,-78.02,0.7636,0.5052,10.66,7.05,0.23,50.4,50.4,12.6,0.96
2114,29.993,8.0,9.963,29.951,7.983,9.993,0.0547,14.92,43.29,-78.0,0.7654,0.5018,10.69,7.01,0.24,50.4,50.4,12.6,0.96
2115,29.994,8.0,9.963,29.952,7.983,9.993,0.0541,14.92,43.29,-78.0,0.7671,0.4983,10.71,6.96,0.24,50.4,50.4,12.6,0.96
2116,29.994,8.0,9.963,29.954,7.983,9.993,0.0535,14.92,43.29,-78.0,0.7689,0.4948,10.74,6.91,0.24,50.4,50.4,12.6,0.96
2117,29.995,8.0,9.963,29.955,7.983,9.993,0.053,14.92,43.29,-77.98,0.7707,0.4913,10.76,6.86,0.24,50.4,50.4,12.6,0.96
2118,29.996,8.0,9.963,29.957,7.983,9.993,0.0524,14.92,43.29,-77.98,0.7724,0.4877,10.79,6.81,0.24,50.4,50.4,12.6,0.96
2119,29.996,8.0,9.963,29.958,7.983,9.993,0.0518,14.92,43.29,-77.98,0.7742,0.4842,10.81,6.76,0.24,50.4,50.4,12.6,0.96
2120,29.997,8.0,9.963,29.959,7.984,9.993,0.0513,14.92,43.29,-77.98,0.776,0.4807,10.83,6.71,0.24,50.4,50.4,12.6,0.96
2121,29.998,8.0,9.963,29.961,7.984,9.993,0.0507,14.92,43.26,-77.96,0.7778,0.4772,10.86,6.66,0.24,50.4,50.4,12.6,0.96
2122,29.998,8.0,9.963,29.962,7.984,9.993,0.0502,14.92,43.26,-77.96,0.7795,0.4737,10.88,6.61,0.25,50.4,50.4,12.6,0.96
2123,29.998,8.0,9.963,29.963,7.984,9.993,0.0496,14.92,43.26,-77.96,0.7813,0.4702,10.91,6.57,0.25,50.4,50.4,12.6,0.96
2124,29.999,8.0,9.963,29.964,7.984,9.993,0.0491,14.92,43.26,-77.96,0.7831,0.4667,10.93,6.52,0.25,50.4,50.4,12.6,0.96
2125,29.999,8.0,9.963,29.965,7.984,9.993,0.0485,14.92,43.26,-77.94,0.7848,0.4632,10.96,6.47,0.25,50.4,50.4,12.6,0.96
2126,29.999,8.0,9.963,29.966,7.984,9.993,0.048,14.92,43.26,-77.94,0.7866,0.4597,10.98,6.42,0.25,50.4,50.4,12.6,0.96
2127,30.0,8.0,9.963,29.967,7.985,9.993,0.0475,14.92,43.26,-77.94,0.7883,0.4562,11.01,6.37,0.25,50.4,50.4,12.6,0.96
2128,30.0,8.0,9.963,29.968,7.985,9.993,0.047,14.92,43.26,-77.94,0.7901,0.4527,11.03,6.32,0.25,50.4,50.4,12.6,0.96
2129,30.0,8.0,9.963,29.969,7.985,9.994,0.0465,14.92,43.26,-77.94,0.7919,0.4492,11.06,6.27,0.26,50.4,50.4,12.6,0.96
2130,30.0,8.0,9.963,29.97,7.985,9.994,0.046,14.92,43.24,-77.92,0.7936,0.4457,11.08,6.22,0.26,50.4,50.4,12.6,0.96
2131,30.0,8.0,9.963,29.968,7.992,9.994,0.0453,14.94,43.24,-77.92,0.7943,0.4442,11.09,6.2,0.07,50.4,50.4,12.6,0.48
2131,30.0,8.0,9.963,29.961,8.018,9.994,0.0528,14.99,43.24,-77.92,0.7949,0.443,11.1,6.19,-0.62,50.4,50.4,12.6,0.61
2132,30.0,8.0,9.963,29.959,8.025,9.994,0.057,14.99,43.24,-77.92,0.7946,0.4438,11.09,6.2,-0.81,50.4,50.4,12.6,0.13
2133,30.0,8.0,9.963,29.952,8.051,9.994,0.0766,15.05,43.24,-77.92,0.794,0.4448,11.09,6.21,-1.51,50.4,50.4,12.6,0.26
2134,30.0,8.0,9.963,29.952,8.051,9.994,0.0768,15.05,43.24,-77.92,0.7936,0.4458,11.08,6.22,-1.51,50.4,50.4,12.6,0.26
2135,30.0,8.0,9.963,29.952,8.051,9.994,0.077,15.05,43.26,-77.92,0.7931,0.4467,11.07,6.24,-1.52,50.4,50.4,12.6,0.26
2136,30.0,7.999,9.963,29.952,8.051,9.994,0.0772,15.05,43.26,-77.94,0.7926,0.4476,11.07,6.25,-1.52,50.4,50.4,12.6,0.26
2137,30.0,7.999,9.963,29.952,8.051,9.994,0.0773,15.05,43.26,-77.94,0.7922,0.4486,11.06,6.26,-1.53,50.4,50.4,12.6,0.26
2138,30.0,7.999,9.963,29.952,8.051,9.994,0.0775,15.05,43.26,-77.94,0.7917,0.4495,11.05,6.28,-1.53,50.4,50.4,12.6,0.26
2139,30.0,7.998,9.963,29.951,8.05,9.994,0.0776,15.05,43.26,-77.94,0.7912,0.4504,11.05,6.29,-1.54,50.4,50.4,12.6,0.26
2140,30.0,7.998,9.963,29.951,8.05,9.994,0.0777,15.05,43.26,-77.94,0.7907,0.4514,11.04,6.3,-1.54,50.4,50.4,12.6,0.26
2141,30.0,7.997,9.963,29.951,8.05,9.994,0.0779,15.05,43.26,-77.94,0.7903,0.4523,11.03,6.32,-1.55,50.4,50.4,12.6,0.26
2142,30.0,7.997,9.963,29.952,8.05,9.994,0.078,15.05,43.26,-77.94,0.7898,0.4533,11.03,6.33,-1.55,50.4,50.4,12.6,0.26
2143,30.0,7.996,9.963,29.952,8.049,9.994,0.0781,15.05,43.26,-77.94,0.7893,0.4542,11.02,6.34,-1.56,50.4,50.4,12.6,0.26
2144,30.0,7.996,9.963,29.952,8.049,9.994,0.0782,15.05,43.26,-77.94,0.7889,0.4551,11.01,6.35,-1.56,50.4,50.4,12.6,0.26
2145,30.0,7.995,9.963,29.952,8.048,9.994,0.0782,15.05,43.26,-77.94,0.7884,0.4561,11.01,6.37,-1.57,50.4,50.4,12.6,0.26
2146,30.0,7.994,9.963,29.952,8.048,9.994,0.0783,15.03,43.26,-77.94,0.7879,0.457,11.0,6.38,-1.57,50.4,50.4,12.6,0.26
2147,30.0,7.994,9.963,29.952,8.047,9.994,0.0784,15.03,43.26,-77.94,0.7874,0.4579,10.99,6.39,-1.58,50.4,50.4,12.6,0.26
2148,30.0,7.993,9.963,29.952,8.047,9.994,0.0784,15.03,43.26,-77.94,0.787,0.4589,10.99,6.41,-1.58,50.4,50.4,12.6,0.26
2149,30.0,7.992,9.963,29.952,8.046,9.994,0.0785,15.03,43.26,-77.94,0.7865,0.4598,10.98,6.42,-1.59,50.4,50.4,12.6,0.26
2150,30.0,7.991,9.963,29.953,8.045,9.994,0.0785,15.03,43.26,-77.94,0.786,0.4607,10.97,6.43,-1.59,50.4,50.4,12.6,0.26
2151,30.0,7.99,9.963,29.953,8.044,9.994,0.0785,15.03,43.26,-77.94,0.7855,0.4617,10.97,6.45,-1.6,50.4,50.4,12.6,0.26
2152,30.0,7.989,9.963,29.953,8.044,9.994,0.0786,15.03,43.26,-77.94,0.7851,0.4626,10.96,6.46,-1.6,50.4,50.4,12.6,0.26
2153,30.0,7.988,9.963,29.953,8.043,9.994,0.0786,15.03,43.26,-77.94,0.7846,0.4635,10.95,6.47,-1.61,50.4,50.4,12.6,0.26
2154,30.0,7.987,9.963,29.954,8.042,9.994,0.0786,15.03,43.26,-77.94,0.7841,0.4645,10.95,6.48,-1.61,50.4,50.4,12.6,0.26
2155,30.0,7.986,9.963,29.954,8.041,9.994,0.0786,15.03,43.26,-77.94,0.7836,0.4654,10.94,6.5,-1.62,50.4,50.4,12.6,0.26
2156,30.0,7.984,9.963,29.955,8.04,9.994,0.0786,15.03,43.26,-77.94,0.7832,0.4663,10.93,6.51,-1.62,50.4,50.4,12.6,0.26
2157,30.0,7.983,9.963,29.955,8.039,9.994,0.0786,15.03,43.26,-77.92,0.7827,0.4672,10.93,6.52,-1.63,50.4,50.4,12.6,0.26
2158,30.0,7.982,9.963,29.955,8.038,9.994,0.0785,15.03,43.26,-77.92,0.7822,0.4682,10.92,6.54,-1.63,50.4,50.4,12.6,0.26
2159,30.0,7.98,9.963,29.956,8.037,9.994,0.0785,15.03,43.24,-77.92,0.7817,0.4691,10.91,6.55,-1.64,50.4,50.4,12.6,0.26
2160,30.0,7.979,9.963,29.956,8.036,9.994,0.0785,15.01,43.24,-77.92,0.7813,0.47,10.91,6.56,-1.64,50.4,50.4,12.6,0.26
2161,30.0,7.977,9.963,29.957,8.035,9.994,0.0785,15.01,43.24,-77.92,0.7808,0.471,10.9,6.58,-1.65,50.4,50.4,12.6,0.26
2162,30.0,7.976,9.963,29.957,8.034,9.994,0.0784,15.01,43.24,-77.92,0.7803,0.4719,10.9,6.59,-1.65,50.4,50.4,12.6,0.26
2163,30.0,7.974,9.963,29.958,8.032,9.994,0.0784,15.01,43.24,-77.92,0.7798,0.4728,10.89,6.6,-1.66,50.4,50.4,12.6,0.26
2164,30.0,7.973,9.963,29.958,8.031,9.994,0.0784,15.01,43.24,-77.92,0.7793,0.4737,10.88,6.61,-1.66,50.4,50.4,12.6,0.25
2165,30.0,7.971,9.963,29.959,8.03,9.994,0.0783,15.01,43.24,-77.92,0.7789,0.4747,10.88,6.63,-1.67,50.4,50.4,12.6,0.25
2166,30.0,7.969,9.963,29.96,8.028,9.994,0.0783,15.01,43.24,-77.92,0.7784,0.4756,10.87,6.64,-1.67,50.4,50.4,12.6,0.25
2167,30.0,7.968,9.963,29.96,8.027,9.994,0.0782,15.01,43.24,-77.92,0.7779,0.4765,10.86,6.65,-1.68,50.4,50.4,12.6,0.25
2168,30.0,7.966,9.963,29.961,8.025,9.995,0.0782,14.99,43.24,-77.92,0.7774,0.4774,10.86,6.67,-1.68,50.4,50.4,12.6,0.25
2169,30.0,7.964,9.963,29.962,8.024,9.995,0.0782,14.99,43.24,-77.92,0.777,0.4783,10.85,6.68,-1.69,50.4,50.4,12.6,0.25
2170,30.0,7.962,9.963,29.962,8.022,9.995,0.0781,14.99,43.24,-77.92,0.7765,0.4793,10.84,6.69,-1.69,50.4,50.4,12.6,0.25
2171,30.0,7.96,9.963,29.963,8.021,9.995,0.0781,14.99,43.24,-77.92,0.776,0.4802,10.84,6.7,-1.7,50.4,50.4,12.6,0.25
2172,30.0,7.958,9.963,29.964,8.019,9.995,0.0781,14.99,43.24,-77.92,0.7755,0.4811,10.83,6.72,-1.71,50.4,50.4,12.6,0.25
2173,30.0,7.956,9.963,29.965,8.018,9.992,0.0767,14.99,43.24,-77.92,0.7812,0.482,10.91,6.73,-1.71,50.4,50.4,12.6,0.25
2174,30.0,7.954,9.963,29.967,8.016,9.991,0.0761,14.99,43.24,-77.89,0.786,0.4762,10.97,6.65,-1.72,50.4,50.4,12.6,0.25
2175,30.0,7.952,9.963,29.969,8.015,9.99,0.0756,14.96,43.22,-77.89,0.7907,0.4715,11.04,6.58,-1.72,50.4,50.4,12.6,0.25
2176,30.0,7.949,9.963,29.971,8.013,9.99,0.0752,14.96,43.22,-77.89,0.7955,0.4667,11.11,6.52,-1.73,50.4,50.4,12.6,0.25
2177,30.0,7.947,9.963,29.975,8.012,9.955,0.0701,14.96,43.15,-77.87,0.8639,0.4619,12.06,6.45,-1.73,50.4,50.4,12.6,0.25
2178,30.0,7.945,9.963,29.977,8.011,9.954,0.0702,14.96,43.15,-77.87,0.8687,0.4571,12.13,6.38,-1.74,50.4,50.4,12.6,0.25
2179,30.0,7.942,9.963,29.979,8.009,9.953,0.0703,14.96,43.15,-77.87,0.8734,0.4523,12.2,6.32,-1.74,50.4,50.4,12.6,0.25
2180,30.0,7.94,9.963,29.981,8.007,9.953,0.0705,14.96,43.15,-77.87,0.8782,0.4475,12.26,6.25,-1.75,50.4,50.4,12.6,0.25
2181,30.0,7.937,9.963,29.982,8.005,9.953,0.0707,14.94,43.13,-77.87,0.8823,0.4428,12.32,6.18,-1.75,50.4,50.4,12.6,0.25
2182,30.0,7.935,9.963,29.996,8.006,9.974,0.0725,14.94,43.15,-77.78,0.8821,0.3743,12.32,5.23,-1.76,50.4,50.4,12.6,0.25
2183,30.0,7.932,9.963,29.997,8.004,9.975,0.0733,14.94,43.15,-77.78,0.8826,0.3695,12.32,5.16,-1.76,50.4,50.4,12.6,0.25
2184,30.0,7.93,9.963,29.999,8.002,9.977,0.0741,14.94,43.15,-77.78,0.883,0.3648,12.33,5.09,-1.77,50.4,50.4,12.6,0.25
2185,30.0,7.927,9.963,30.0,8.0,9.979,0.075,14.94,43.15,-77.78,0.8834,0.36,12.34,5.03,-1.77,50.4,50.4,12.6,0.25
2186,30.0,7.924,9.963,30.001,7.998,9.981,0.0758,14.92,43.15,-77.78,0.8839,0.3552,12.34,4.96,-1.78,50.4,50.4,12.6,0.25
2187,30.0,7.922,9.963,30.002,7.996,9.982,0.0767,14.92,43.15,-77.78,0.8843,0.3504,12.35,4.89,-1.78,50.4,50.4,12.6,0.25
2188,30.0,7.919,9.963,30.003,7.993,9.984,0.0776,14.92,43.15,-77.76,0.8847,0.3456,12.35,4.83,-1.79,50.4,50.4,12.6,0.25
2189,30.0,7.916,9.963,30.004,7.991,9.985,0.0785,14.92,43.15,-77.76,0.8852,0.3408,12.36,4.76,-1.79,50.4,50.4,12.6,0.25
2190,30.0,7.913,9.963,30.005,7.988,9.987,0.0794,14.9,43.15,-77.76,0.8856,0.3361,12.37,4.69,-1.8,50.4,50.4,12.6,0.25
2191,30.0,7.91,9.963,30.006,7.986,9.988,0.0803,14.9,43.15,-77.76,0.886,0.3313,12.37,4.63,-1.8,50.4,50.4,12.6,0.25
2192,30.0,7.907,9.963,30.007,7.983,9.989,0.0812,14.9,43.15,-77.76,0.8865,0.3265,12.38,4.56,-1.81,50.4,50.4,12.6,0.25
2193,30.0,7.904,9.963,30.008,7.981,9.99,0.0821,14.9,43.15,-77.76,0.8869,0.3217,12.38,4.49,-1.81,50.4,50.4,12.6,0.25
2194,30.0,7.901,9.963,30.009,7.978,9.99,0.0824,14.9,43.15,-77.76,0.8873,0.3201,12.39,4.47,-1.82,50.4,50.4,12.6,0.25
2195,30.0,7.898,9.963,30.009,7.975,9.99,0.0826,14.88,43.15,-77.76,0.8878,0.3194,12.4,4.46,-1.82,50.4,50.4,12.6,0.25
2196,30.0,7.894,9.963,30.009,7.972,9.99,0.0829,14.88,43.15,-77.76,0.8882,0.3185,12.4,4.45,-1.83,50.4,50.4,12.6,0.25
2197,30.0,7.891,9.963,30.009,7.969,9.99,0.0831,14.88,43.15,-77.78,0.8886,0.3175,12.41,4.43,-1.83,50.4,50.4,12.6,0.25
2198,30.0,7.888,9.963,30.009,7.966,9.99,0.0833,14.88,43.15,-77.78,0.889,0.3166,12.41,4.42,-1.84,50.4,50.4,12.6,0.25
2199,30.0,7.884,9.963,30.009,7.962,9.991,0.0836,14.85,43.18,-77.78,0.8895,0.3157,12.42,4.41,-1.84,50.4,50.4,12.6,0.25
2200,30.0,7.881,9.962,30.009,7.959,9.991,0.0838,14.85,43.18,-77.78,0.8899,0.3148,12.43,4.4,-1.85,50.4,50.4,12.6,0.25
2201,30.0,7.877,9.962,30.01,7.956,9.991,0.084,14.85,43.18,-77.78,0.8903,0.3139,12.43,4.38,-1.85,50.4,50.4,12.6,0.25
2202,30.0,7.874,9.962,30.01,7.953,9.991,0.0843,14.83,43.18,-77.78,0.8907,0.313,12.44,4.37,-1.86,50.4,50.4,12.6,0.24
2203,30.0,7.87,9.962,30.01,7.949,9.991,0.0845,14.83,43.18,-77.78,0.8912,0.3121,12.44,4.36,-1.87,50.4,50.4,12.6,0.24
2204,30.0,7.867,9.962,30.01,7.946,9.991,0.0847,14.83,43.18,-77.81,0.8916,0.3112,12.45,4.35,-1.87,50.4,50.4,12.6,0.24
2205,30.0,7.863,9.962,30.01,7.942,9.991,0.085,14.83,43.18,-77.81,0.892,0.3103,12.45,4.33,-1.88,50.4,50.4,12.6,0.24
2206,30.0,7.859,9.962,30.01,7.939,9.991,0.0852,14.81,43.18,-77.81,0.8924,0.3094,12.46,4.32,-1.88,50.4,50.4,12.6,0.24
2207,30.0,7.855,9.962,30.011,7.935,9.991,0.0854,14.81,43.18,-77.81,0.8928,0.3085,12.47,4.31,-1.89,50.4,50.4,12.6,0.24
2208,30.0,7.852,9.962,30.011,7.932,9.991,0.0856,14.81,43.18,-77.81,0.8932,0.3076,12.47,4.3,-1.89,50.4,50.4,12.6,0.24
2209,30.0,7.848,9.962,30.011,7.928,9.991,0.0859,14.79,43.18,-77.81,0.8937,0.3067,12.48,4.28,-1.9,50.4,50.4,12.6,0.24
2210,30.0,7.844,9.962,30.011,7.924,9.991,0.0861,14.79,43.18,-77.81,0.8941,0.3058,12.48,4.27,-1.9,50.4,50.4,12.6,0.24
2211,30.0,7.84,9.962,30.011,7.921,9.991,0.0864,14.79,43.18,-77.83,0.8945,0.3049,12.49,4.26,-1.91,50.4,50.4,12.6,0.24
2212,30.0,7.836,9.962,30.011,7.917,9.991,0.0866,14.79,43.2,-77.83,0.8949,0.304,12.5,4.25,-1.91,50.4,50.4,12.6,0.24
2213,30.0,7.832,9.962,30.011,7.913,9.991,0.0868,14.77,43.2,-77.83,0.8953,0.3031,12.5,4.23,-1.92,50.4,50.4,12.6,0.24
2214,30.0,7.828,9.962,30.012,7.909,9.991,0.0871,14.77,43.2,-77.83,0.8957,0.3023,12.51,4.22,-1.92,50.4,50.4,12.6,0.24
2215,30.0,7.823,9.962,30.012,7.905,9.991,0.0873,14.77,43.2,-77.83,0.8961,0.3014,12.51,4.21,-1.93,50.4,50.4,12.6,0.24
2216,30.0,7.819,9.962,30.012,7.901,9.991,0.0875,14.74,43.2,-77.85,0.8965,0.3005,12.52,4.2,-1.93,50.4,50.4,12.6,0.24
2217,30.0,7.815,9.962,30.012,7.897,9.991,0.0878,14.74,43.2,-77.85,0.8969,0.2996,12.52,4.18,-1.94,50.4,50.4,12.6,0.24
2218,30.0,7.811,9.962,30.012,7.893,9.991,0.088,14.74,43.2,-77.85,0.8973,0.2987,12.53,4.17,-1.94,50.4,50.4,12.6,0.24
2219,30.0,7.806,9.962,30.012,7.889,9.991,0.0882,14.72,43.2,-77.85,0.8978,0.2978,12.53,4.16,-1.95,50.4,50.4,12.6,0.24
2220,30.0,7.802,9.962,30.012,7.885,9.991,0.0885,14.72,43.2,-77.85,0.8982,0.297,12.54,4.15,-1.95,50.4,50.4,12.6,0.24
2221,30.0,7.797,9.962,30.013,7.88,9.991,0.0887,14.72,43.2,-77.85,0.8986,0.2961,12.55,4.13,-1.96,50.4,50.4,12.6,0.24
2222,30.0,7.793,9.962,30.013,7.876,9.991,0.0889,14.7,43.22,-77.87,0.899,0.2952,12.55,4.12,-1.97,50.4,50.4,12.6,0.24
2223,30.0,7.788,9.962,30.013,7.872,9.991,0.0892,14.7,43.22,-77.87,0.8994,0.2943,12.56,4.11,-1.97,50.4,50.4,12.6,0.24
2224,30.0,7.784,9.962,30.013,7.867,9.991,0.0894,14.68,43.22,-77.87,0.8998,0.2935,12.56,4.1,-1.98,50.4,50.4,12.6,0.24
2225,30.0,7.779,9.962,30.013,7.863,9.991,0.0896,14.68,43.22,-77.87,0.9001,0.2926,12.57,4.09,-1.98,50.4,50.4,12.6,0.23
2226,30.0,7.774,9.962,30.013,7.858,9.991,0.0899,14.68,43.22,-77.89,0.9005,0.2917,12.57,4.07,-1.99,50.4,50.4,12.6,0.23
2227,30.0,7.769,9.962,30.013,7.854,9.991,0.0901,14.66,43.22,-77.89,0.9009,0.2908,12.58,4.06,-1.99,50.4,50.4,12.6,0.23
2228,30.0,7.765,9.962,30.014,7.849,9.991,0.0904,14.66,43.22,-77.89,0.9013,0.29,12.58,4.05,-2.0,50.4,50.4,12.6,0.23
2229,30.0,7.76,9.962,30.014,7.844,9.991,0.0906,14.66,43.22,-77.89,0.9017,0.2891,12.59,4.04,-2.0,50.4,50.4,12.6,0.23
2230,30.0,7.755,9.962,30.014,7.84,9.991,0.0908,14.63,43.22,-77.89,0.9021,0.2882,12.6,4.02,-2.01,50.4,50.4,12.6,0.23
2231,30.0,7.75,9.962,30.014,7.835,9.991,0.0911,14.63,43.22,-77.92,0.9025,0.2874,12.6,4.01,-2.01,50.4,50.4,12.6,0.23
2232,30.0,7.745,9.962,30.014,7.83,9.992,0.0913,14.61,43.24,-77.92,0.9029,0.2865,12.61,4.0,-2.02,50.4,50.4,12.6,0.23
2233,30.0,7.74,9.962,30.014,7.825,9.992,0.0915,14.61,43.24,-77.92,0.9033,0.2857,12.61,3.99,-2.02,50.4,50.4,12.6,0.23
2234,30.0,7.735,9.962,30.014,7.82,9.992,0.0918,14.61,43.24,-77.92,0.9037,0.2848,12.62,3.98,-2.03,50.4,50.4,12.6,0.23
2235,30.0,7.729,9.962,30.015,7.815,9.992,0.092,14.59,43.24,-77.92,0.904,0.2839,12.62,3.96,-2.03,50.4,50.4,12.6,0.23
2236,30.0,7.724,9.962,30.015,7.81,9.992,0.0923,14.59,43.24,-77.94,0.9044,0.2831,12.63,3.95,-2.04,50.4,50.4,12.6,0.23
2237,30.0,7.719,9.962,30.015,7.805,9.992,0.0925,14.57,43.24,-77.94,0.9048,0.2822,12.63,3.94,-2.05,50.4,50.4,12.6,0.23
2238,30.0,7.714,9.962,30.015,7.8,9.992,0.0927,14.57,43.24,-77.94,0.9052,0.2814,12.64,3.93,-2.05,50.4,50.4,12.6,0.23
2239,30.0,7.708,9.962,30.015,7.795,9.992,0.093,14.57,43.24,-77.94,0.9056,0.2805,12.64,3.92,-2.06,50.4,50.4,12.6,0.23
2240,30.0,7.703,9.962,30.015,7.79,9.992,0.0932,14.55,43.26,-77.96,0.9059,0.2797,12.65,3.91,-2.06,50.4,50.4,12.6,0.23
2241,30.0,7.697,9.962,30.015,7.785,9.992,0.0935,14.55,43.26,-77.96,0.9063,0.2788,12.65,3.89,-2.07,50.4,50.4,12.6,0.23
2242,30.0,7.692,9.962,30.016,7.779,9.992,0.0937,14.52,43.26,-77.96,0.9067,0.278,12.66,3.88,-2.07,50.4,50.4,12.6,0.23
2243,30.0,7.686,9.962,30.016,7.774,9.992,0.0939,14.52,43.26,-77.96,0.9071,0.2772,12.67,3.87,-2.08,50.4,50.4,12.6,0.23
2244,30.0,7.68,9.962,30.016,7.768,9.992,0.0942,14.5,43.26,-77.98,0.9074,0.2763,12.67,3.86,-2.08,50.4,50.4,12.6,0.22
2245,30.0,7.675,9.962,30.016,7.763,9.992,0.0944,14.5,43.26,-77.98,0.9079,0.2755,12.68,3.85,-2.09,50.4,50.4,12.6,0.25
2246,30.0,7.669,9.962,30.016,7.758,9.992,0.0947,14.48,43.26,-77.98,0.9083,0.2747,12.68,3.83,-2.1,50.4,50.4,12.6,0.25
2247,30.0,7.663,9.962,30.016,7.752,9.992,0.0949,14.48,43.26,-77.98,0.9087,0.2738,12.69,3.82,-2.1,50.4,50.4,12.6,0.23
2248,30.0,7.657,9.962,30.016,7.746,9.992,0.0951,14.48,43.29,-78.0,0.909,0.273,12.69,3.81,-2.11,50.4,50.4,12.6,0.22
2249,30.0,7.652,9.962,30.017,7.741,9.992,0.0954,14.46,43.29,-78.0,0.9094,0.2722,12.7,3.8,-2.11,50.4,50.4,12.6,0.22
2250,30.0,7.646,9.962,30.017,7.735,9.992,0.0956,14.46,43.29,-78.0,0.9098,0.2713,12.7,3.79,-2.12,50.4,50.4,12.6,0.22
2251,30.0,7.64,9.962,30.017,7.729,9.992,0.0958,14.44,43.29,-78.02,0.9101,0.2705,12.71,3.78,-2.12,50.4,50.4,12.6,0.22
2252,30.0,7.634,9.962,30.017,7.723,9.992,0.0961,14.44,43.29,-78.02,0.9105,0.2697,12.71,3.77,-2.13,50.4,50.4,12.6,0.22
2253,30.0,7.628,9.962,30.017,7.718,9.992,0.0963,14.41,43.29,-78.02,0.9108,0.2689,12.72,3.75,-2.13,50.4,50.4,12.6,0.22
2254,30.0,7.621,9.962,30.017,7.712,9.992,0.0966,14.41,43.29,-78.02,0.9112,0.268,12.72,3.74,-2.14,50.4,50.4,12.6,0.22
2255,30.0,7.615,9.962,30.017,7.706,9.992,0.0968,14.39,43.31,-78.05,0.9116,0.2672,12.73,3.73,-2.14,50.4,50.4,12.6,0.22
2256,30.0,7.609,9.962,30.018,7.7,9.992,0.097,14.39,43.31,-78.05,0.9119,0.2664,12.73,3.72,-2.15,50.4,50.4,12.6,0.22
2257,30.0,7.603,9.962,30.018,7.694,9.992,0.0973,14.37,43.31,-78.05,0.9123,0.2656,12.74,3.71,-2.15,50.4,50.4,12.6,0.22
2258,30.0,7.596,9.962,30.018,7.687,9.992,0.0975,14.37,43.31,-78.05,0.9126,0.2648,12.74,3.7,-2.16,50.4,50.4,12.6,0.22
2259,30.0,7.59,9.962,30.018,7.681,9.992,0.0978,14.35,43.31,-78.07,0.913,0.264,12.75,3.69,-2.16,50.4,50.4,12.6,0.22
2260,30.0,7.584,9.962,30.018,7.675,9.992,0.098,14.35,43.31,-78.07,0.9133,0.2632,12.75,3.67,-2.17,50.4,50.4,12.6,0.22
2261,30.0,7.577,9.962,30.018,7.669,9.992,0.0982,14.33,43.31,-78.07,0.9137,0.2624,12.76,3.66,-2.18,50.4,50.4,12.6,0.21
2262,30.0,7.571,9.962,30.018,7.662,9.993,0.0985,14.33,43.33,-78.09,0.914,0.2616,12.76,3.65,-2.18,50.4,50.4,12.6,0.21
2263,30.0,7.564,9.962,30.019,7.656,9.993,0.0987,14.3,43.33,-78.09,0.9144,0.2608,12.77,3.64,-2.19,50.4,50.4,12.6,0.21
2264,30.0,7.557,9.962,30.019,7.65,9.993,0.099,14.3,43.33,-78.09,0.9147,0.26,12.77,3.63,-2.19,50.4,50.4,12.6,0.21
2265,30.0,7.551,9.962,30.019,7.643,9.993,0.0992,14.28,43.33,-78.11,0.915,0.2592,12.78,3.62,-2.2,50.4,50.4,12.6,0.21
2266,30.0,7.544,9.962,30.019,7.637,9.993,0.0994,14.28,43.33,-78.11,0.9154,0.2584,12.78,3.61,-2.2,50.4,50.4,12.6,0.21
2267,30.0,7.537,9.962,30.019,7.63,9.993,0.0996,14.26,43.33,-78.11,0.9157,0.2576,12.79,3.6,-2.21,50.4,50.4,12.6,0.21
2268,30.0,7.53,9.962,30.019,7.623,9.993,0.0999,14.24,43.33,-78.11,0.9161,0.2568,12.79,3.59,-2.21,50.4,50.4,12.6,0.21
2269,30.0,7.523,9.962,30.019,7.617,9.993,0.1001,14.24,43.35,-78.13,0.9164,0.256,12.8,3.57,-2.22,50.4,50.4,12.6,0.21
2270,30.0,7.517,9.962,30.02,7.61,9.993,0.1004,14.22,43.35,-78.13,0.9167,0.2552,12.8,3.56,-2.22,50.4,50.4,12.6,0.21
2271,30.0,7.51,9.962,30.02,7.603,9.993,0.1007,14.22,43.35,-78.13,0.9171,0.2544,12.8,3.55,-2.23,50.4,50.4,12.6,0.21
2272,30.0,7.503,9.962,30.02,7.597,9.994,0.1011,14.19,43.35,-78.16,0.9158,0.2537,12.79,3.54,-2.23,50.4,50.4,12.6,0.21
2273,30.0,7.495,9.962,30.02,7.59,9.994,0.1014,14.19,43.35,-78.16,0.9159,0.2529,12.79,3.53,-2.24,50.4,50.4,12.6,0.21
2274,30.0,7.488,9.962,30.02,7.583,9.994,0.1017,14.17,43.37,-78.16,0.9163,0.2521,12.79,3.52,-2.24,50.4,50.4,12.6,0.21
2275,30.0,7.481,9.962,30.02,7.576,9.994,0.1019,14.17,43.37,-78.18,0.9166,0.2513,12.8,3.51,-2.25,50.4,50.4,12.6,0.2
2276,30.0,7.474,9.962,30.02,7.569,9.994,0.1022,14.15,43.37,-78.18,0.9169,0.2506,12.8,3.5,-2.26,50.4,50.4,12.6,0.2
2277,30.0,7.467,9.962,30.02,7.562,9.994,0.1024,14.13,43.37,-78.18,0.9172,0.2498,12.81,3.49,-2.26,50.4,50.4,12.6,0.2
2278,30.0,7.459,9.962,30.021,7.555,9.994,0.1026,14.13,43.37,-78.2,0.9175,0.249,12.81,3.48,-2.27,50.4,50.4,12.6,0.2
2279,30.0,7.452,9.962,30.021,7.548,9.994,0.1029,14.11,43.37,-78.2,0.9178,0.2483,12.82,3.47,-2.27,50.4,50.4,12.6,0.2
2280,30.0,7.444,9.962,30.021,7.54,9.994,0.1031,14.11,43.4,-78.2,0.9181,0.2475,12.82,3.46,-2.28,50.4,50.4,12.6,0.2
2281,30.0,7.437,9.962,30.021,7.533,9.994,0.1034,14.08,43.4,-78.22,0.9184,0.2468,12.82,3.45,-2.28,50.4,50.4,12.6,0.2
2282,30.0,7.429,9.962,30.021,7.526,9.994,0.1036,14.06,43.4,-78.22,0.9187,0.246,12.83,3.43,-2.29,50.4,50.4,12.6,0.2
2283,30.0,7.422,9.962,30.021,7.519,9.994,0.1039,14.06,43.4,-78.22,0.919,0.2452,12.83,3.42,-2.29,50.4,50.4,12.6,0.2
2284,30.0,7.414,9.962,30.021,7.511,9.994,0.1041,14.04,43.4,-78.24,0.9193,0.2445,12.84,3.41,-2.3,50.4,50.4,12.6,0.2
2285,30.0,7.407,9.962,30.022,7.504,9.994,0.1044,14.04,43.4,-78.24,0.9196,0.2438,12.84,3.4,-2.31,50.4,50.4,12.6,0.2
2286,30.0,7.399,9.962,30.022,7.496,9.994,0.1046,14.02,43.42,-78.24,0.9199,0.243,12.84,3.39,-2.31,50.4,50.4,12.6,0.2
2287,30.0,7.391,9.962,30.022,7.489,9.994,0.1049,14.0,43.42,-78.27,0.9202,0.2423,12.85,3.38,-2.32,50.4,50.4,12.6,0.2
2288,30.0,7.383,9.962,30.022,7.481,9.994,0.1051,14.0,43.42,-78.27,0.9205,0.2415,12.85,3.37,-2.32,50.4,50.4,12.6,0.19
2289,30.0,7.375,9.962,30.022,7.473,9.994,0.1053,13.97,43.42,-78.27,0.9208,0.2408,12.86,3.36,-2.33,50.4,50.4,12.6,0.19
2290,30.0,7.367,9.962,30.022,7.466,9.994,0.1056,13.97,43.42,-78.29,0.9211,0.2401,12.86,3.35,-2.33,50.4,50.4,12.6,0.19
2291,30.0,7.359,9.962,30.022,7.458,9.993,0.1058,13.95,43.42,-78.29,0.9214,0.2393,12.87,3.34,-2.34,50.4,50.4,12.6,0.19
2292,30.0,7.351,9.962,30.023,7.45,9.992,0.1058,13.93,43.42,-78.31,0.924,0.2386,12.9,3.33,-2.35,50.4,50.4,12.6,0.21
2293,30.0,7.343,9.962,30.023,7.442,9.992,0.1061,13.93,43.44,-78.31,0.9241,0.2379,12.9,3.32,-2.35,50.4,50.4,12.6,0.23
2294,30.0,7.335,9.962,30.023,7.435,9.992,0.1064,13.91,43.44,-78.31,0.9244,0.2372,12.91,3.31,-2.36,50.4,50.4,12.6,0.21
2295,30.0,7.327,9.962,30.023,7.427,9.996,0.1074,13.89,43.44,-78.33,0.9187,0.2365,12.83,3.3,-2.36,50.4,50.4,12.6,0.19
2296,30.0,7.319,9.962,30.023,7.419,9.994,0.1073,13.89,43.44,-78.33,0.9209,0.2357,12.86,3.29,-2.37,50.4,50.4,12.6,0.19
2297,30.0,7.31,9.962,30.023,7.411,9.993,0.1072,13.86,43.44,-78.33,0.9237,0.235,12.9,3.28,-2.37,50.4,50.4,12.6,0.19
2298,30.0,7.302,9.962,30.023,7.402,9.993,0.1075,13.84,43.46,-78.35,0.9235,0.2343,12.9,3.27,-2.38,50.4,50.4,12.6,0.19
2299,30.0,7.294,9.962,30.023,7.394,9.993,0.1078,13.84,43.46,-78.35,0.9238,0.2336,12.9,3.26,-2.38,50.4,50.4,12.6,0.19
2300,30.0,7.285,9.962,30.023,7.386,9.993,0.108,13.82,43.46,-78.38,0.9241,0.2329,12.9,3.25,-2.39,50.4,50.4,12.6,0.18
2301,30.0,7.277,9.962,30.024,7.378,9.993,0.1083,13.8,43.46,-78.38,0.9244,0.2322,12.91,3.24,-2.4,50.4,50.4,12.6,0.18
2302,30.0,7.268,9.962,30.024,7.37,9.993,0.1085,13.8,43.46,-78.38,0.9246,0.2315,12.91,3.23,-2.4,50.4,50.4,12.6,0.18
2303,30.0,7.26,9.962,30.024,7.361,9.993,0.1088,13.78,43.48,-78.4,0.9249,0.2308,12.91,3.22,-2.41,50.4,50.4,12.6,0.18
2304,30.0,7.251,9.962,30.024,7.353,9.993,0.109,13.75,43.48,-78.4,0.9252,0.2301,12.92,3.21,-2.41,50.4,50.4,12.6,0.18
2305,30.0,7.242,9.962,30.024,7.344,9.993,0.1092,13.75,43.48,-78.4,0.9254,0.2294,12.92,3.2,-2.42,50.4,50.4,12.6,0.18
2306,30.0,7.234,9.962,30.024,7.336,9.993,0.1095,13.73,43.48,-78.42,0.9257,0.2287,12.93,3.19,-2.42,50.4,50.4,12.6,0.18
2307,30.0,7.225,9.962,30.024,7.327,9.993,0.1097,13.71,43.48,-78.42,0.926,0.2281,12.93,3.18,-2.43,50.4,50.4,12.6,0.18
2308,30.0,7.216,9.962,30.025,7.319,9.993,0.11,13.69,43.51,-78.44,0.9262,0.2274,12.93,3.17,-2.44,50.4,50.4,12.6,0.18
2309,30.0,7.207,9.962,30.025,7.31,9.993,0.1102,13.69,43.51,-78.44,0.9265,0.2267,12.94,3.17,-2.44,50.4,50.4,12.6,0.18
2310,30.0,7.198,9.962,30.025,7.301,9.993,0.1105,13.67,43.51,-78.44,0.9267,0.226,12.94,3.16,-2.45,50.4,50.4,12.6,0.18
2311,30.0,7.189,9.962,30.025,7.293,9.993,0.1107,13.65,43.51,-78.46,0.927,0.2253,12.94,3.15,-2.45,50.4,50.4,12.6,0.17
2312,30.0,7.18,9.962,30.025,7.284,9.993,0.1109,13.65,43.51,-78.46,0.9272,0.2247,12.95,3.14,-2.46,50.4,50.4,12.6,0.17
2313,30.0,7.171,9.962,30.025,7.275,9.993,0.1112,13.62,43.53,-78.49,0.9275,0.224,12.95,3.13,-2.46,50.4,50.4,12.6,0.17
2314,30.0,7.162,9.962,30.025,7.266,9.993,0.1114,13.6,43.53,-78.49,0.9277,0.2234,12.95,3.12,-2.47,50.4,50.4,12.6,0.17
2315,30.0,7.153,9.962,30.025,7.257,9.993,0.1117,13.58,43.53,-78.49,0.928,0.2227,12.96,3.11,-2.48,50.4,50.4,12.6,0.17
2316,30.0,7.144,9.962,30.026,7.248,9.993,0.1119,13.58,43.53,-78.51,0.9282,0.222,12.96,3.1,-2.48,50.4,50.4,12.6,0.17
2317,30.0,7.134,9.962,30.026,7.239,9.993,0.1122,13.56,43.53,-78.51,0.9285,0.2214,12.96,3.09,-2.49,50.4,50.4,12.6,0.17
2318,30.0,7.125,9.962,30.026,7.23,9.993,0.1124,13.54,43.55,-78.53,0.9287,0.2207,12.97,3.08,-2.49,50.4,50.4,12.6,0.17
2319,30.0,7.116,9.962,30.026,7.221,9.993,0.1126,13.51,43.55,-78.53,0.9289,0.2201,12.97,3.07,-2.5,50.4,50.4,12.6,0.17
2320,30.0,7.106,9.962,30.026,7.212,9.993,0.1129,13.51,43.55,-78.55,0.9292,0.2194,12.97,3.06,-2.5,50.4,50.4,12.6,0.17
2321,30.0,7.097,9.962,30.026,7.202,9.993,0.1131,13.49,43.55,-78.55,0.9294,0.2188,12.98,3.06,-2.51,50.4,50.4,12.6,0.17
2322,30.0,7.087,9.962,30.026,7.193,9.993,0.1134,13.47,43.55,-78.55,0.9297,0.2182,12.98,3.05,-2.52,50.4,50.4,12.6,0.16
2323,30.0,7.078,9.962,30.026,7.184,9.993,0.1136,13.45,43.57,-78.57,0.9299,0.2175,12.98,3.04,-2.52,50.4,50.4,12.6,0.16
2324,30.0,7.068,9.962,30.026,7.174,9.993,0.1138,13.45,43.57,-78.57,0.9301,0.2169,12.99,3.03,-2.53,50.4,50.4,12.6,0.16
2325,30.0,7.058,9.962,30.027,7.165,9.993,0.1141,13.43,43.57,-78.6,0.9303,0.2163,12.99,3.02,-2.53,50.4,50.4,12.6,0.16
2326,30.0,7.049,9.962,30.027,7.155,9.993,0.1143,13.4,43.57,-78.6,0.9306,0.2156,12.99,3.01,-2.54,50.4,50.4,12.6,0.16
2327,30.0,7.039,9.962,30.027,7.146,9.993,0.1146,13.38,43.57,-78.62,0.9308,0.215,13.0,3.0,-2.54,50.4,50.4,12.6,0.16
2328,30.0,7.029,9.962,30.027,7.136,9.991,0.1145,13.36,43.59,-78.62,0.9337,0.2144,13.04,2.99,-2.55,50.4,50.4,12.6,0.17
2329,30.0,7.019,9.962,30.027,7.127,9.991,0.1148,13.36,43.59,-78.62,0.9336,0.2138,13.04,2.99,-2.56,50.4,50.4,12.6,0.21
2330,30.0,7.009,9.962,30.027,7.117,9.991,0.1151,13.34,43.59,-78.64,0.934,0.2132,13.04,2.98,-2.56,50.4,50.4,12.6,0.2
2331,30.0,6.999,9.962,30.027,7.107,9.994,0.116,13.32,43.62,-78.64,0.9282,0.2126,12.96,2.97,-2.57,50.4,50.4,12.6,0.16
2332,30.0,6.989,9.962,30.027,7.097,9.994,0.1162,13.29,43.62,-78.66,0.9283,0.212,12.96,2.96,-2.57,50.4,50.4,12.6,0.15
2333,30.0,6.979,9.962,30.028,7.087,9.992,0.1159,13.27,43.62,-78.66,0.9329,0.2114,13.03,2.95,-2.58,50.4,50.4,12.6,0.15
2334,30.0,6.969,9.962,30.028,7.078,9.992,0.1162,13.27,43.62,-78.68,0.9325,0.2108,13.02,2.94,-2.58,50.4,50.4,12.6,0.15
2335,30.0,6.959,9.962,30.028,7.068,9.992,0.1165,13.25,43.62,-78.68,0.9327,0.2102,13.02,2.94,-2.59,50.4,50.4,12.6,0.15
2336,30.0,6.948,9.962,30.028,7.058,9.992,0.1167,13.23,43.62,-78.71,0.9329,0.2096,13.03,2.93,-2.6,50.4,50.4,12.6,0.15
2337,30.0,6.938,9.962,30.028,7.048,9.992,0.1169,13.21,43.64,-78.71,0.9331,0.2091,13.03,2.92,-2.6,50.4,50.4,12.6,0.15
2338,30.0,6.928,9.962,30.028,7.037,9.992,0.1172,13.18,43.64,-78.71,0.9333,0.2085,13.03,2.91,-2.61,50.4,50.4,12.6,0.15
2339,30.0,6.917,9.962,30.028,7.027,9.992,0.1174,13.16,43.64,-78.73,0.9335,0.2079,13.03,2.9,-2.61,50.4,50.4,12.6,0.15
2340,30.0,6.907,9.962,30.028,7.017,9.992,0.1176,13.16,43.64,-78.73,0.9337,0.2073,13.04,2.89,-2.62,50.4,50.4,12.6,0.15
2341,30.0,6.896,9.962,30.028,7.007,9.992,0.1179,13.14,43.66,-78.75,0.9339,0.2067,13.04,2.89,-2.62,50.4,50.4,12.6,0.15
2342,30.0,6.886,9.962,30.029,6.997,9.992,0.1181,13.12,43.66,-78.75,0.9341,0.2062,13.04,2.88,-2.63,50.4,50.4,12.6,0.14
2343,30.0,6.875,9.962,30.029,6.986,9.992,0.1184,13.1,43.66,-78.77,0.9343,0.2056,13.04,2.87,-2.64,50.4,50.4,12.6,0.14
2344,30.0,6.865,9.962,30.029,6.976,9.992,0.1186,13.07,43.66,-78.77,0.9344,0.2051,13.05,2.86,-2.64,50.4,50.4,12.6,0.14
2345,30.0,6.854,9.962,30.029,6.965,9.992,0.1188,13.05,43.66,-78.79,0.9346,0.2045,13.05,2.86,-2.65,50.4,50.4,12.6,0.14
2346,30.0,6.843,9.962,30.029,6.955,9.992,0.1191,13.03,43.68,-78.79,0.9348,0.2039,13.05,2.85,-2.65,50.4,50.4,12.6,0.14
2347,30.0,6.833,9.962,30.029,6.944,9.992,0.1193,13.03,43.68,-78.82,0.935,0.2034,13.05,2.84,-2.66,50.4,50.4,12.6,0.14
2348,30.0,6.822,9.962,30.029,6.934,9.992,0.1195,13.01,43.68,-78.82,0.9352,0.2029,13.06,2.83,-2.67,50.4,50.4,12.6,0.14
2349,30.0,6.811,9.962,30.029,6.923,9.992,0.1198,12.99,43.68,-78.84,0.9353,0.2023,13.06,2.82,-2.67,50.4,50.4,12.6,0.14
2350,30.0,6.8,9.962,30.03,6.912,9.992,0.12,12.96,43.7,-78.84,0.9355,0.2018,13.06,2.82,-2.68,50.4,50.4,12.6,0.14
2351,30.0,6.789,9.962,30.03,6.902,9.992,0.1202,12.94,43.7,-78.84,0.9357,0.2012,13.06,2.81,-2.68,50.4,50.4,12.6,0.13
2352,30.0,6.778,9.962,30.03,6.891,9.992,0.1205,12.92,43.7,-78.86,0.9359,0.2007,13.07,2.8,-2.69,50.4,50.4,12.6,0.13
2353,30.0,6.767,9.962,30.03,6.88,9.992,0.1207,12.9,43.7,-78.86,0.936,0.2002,13.07,2.8,-2.69,50.4,50.4,12.6,0.13
2354,30.0,6.756,9.962,30.03,6.869,9.992,0.1209,12.88,43.73,-78.88,0.9362,0.1997,13.07,2.79,-2.7,50.4,50.4,12.6,0.13
2355,30.0,6.744,9.962,30.03,6.858,9.992,0.1212,12.85,43.73,-78.88,0.9364,0.1991,13.07,2.78,-2.71,50.4,50.4,12.6,0.13
2356,30.0,6.733,9.962,30.03,6.847,9.992,0.1214,12.85,43.73,-78.9,0.9365,0.1986,13.08,2.77,-2.71,50.4,50.4,12.6,0.13
2357,30.0,6.722,9.962,30.03,6.836,9.992,0.1216,12.83,43.73,-78.9,0.9367,0.1981,13.08,2.77,-2.72,50.4,50.4,12.6,0.13
2358,30.0,6.711,9.962,30.03,6.825,9.992,0.1219,12.81,43.75,-78.93,0.9368,0.1976,13.08,2.76,-2.72,50.4,50.4,12.6,0.13
2359,30.0,6.699,9.962,30.031,6.814,9.99,0.1218,12.79,43.75,-78.93,0.94,0.1971,13.13,2.75,-2.73,50.4,50.4,12.6,0.16
2360,30.0,6.688,9.962,30.031,6.803,9.99,0.1221,12.77,43.75,-78.95,0.9399,0.1966,13.12,2.75,-2.74,50.4,50.4,12.6,0.19
2361,30.0,6.676,9.962,30.031,6.791,9.99,0.1223,12.74,43.75,-78.95,0.9401,0.1962,13.13,2.74,-2.74,50.4,50.4,12.6,0.15
2362,30.0,6.665,9.962,30.031,6.78,9.993,0.1232,12.72,43.77,-78.97,0.9344,0.1957,13.05,2.73,-2.75,50.4,50.4,12.6,0.12
2363,30.0,6.653,9.962,30.031,6.768,9.994,0.1236,12.7,43.77,-78.97,0.9328,0.1952,13.02,2.73,-2.75,50.4,50.4,12.6,0.12
2364,30.0,6.642,9.962,30.031,6.757,9.991,0.1232,12.68,43.77,-78.99,0.9386,0.1947,13.11,2.72,-2.76,50.4,50.4,12.6,0.12
2365,30.0,6.63,9.962,30.031,6.746,9.991,0.1235,12.66,43.77,-78.99,0.9382,0.1942,13.1,2.71,-2.76,50.4,50.4,12.6,0.12
2366,30.0,6.618,9.962,30.031,6.734,9.991,0.1237,12.63,43.77,-79.01,0.9382,0.1937,13.1,2.71,-2.77,50.4,50.4,12.6,0.12
2367,30.0,6.606,9.962,30.031,6.723,9.991,0.1239,12.61,43.79,-79.01,0.9384,0.1933,13.1,2.7,-2.78,50.4,50.4,12.6,0.12
2368,30.0,6.594,9.962,30.031,6.711,9.991,0.1242,12.59,43.79,-79.04,0.9385,0.1928,13.1,2.69,-2.78,50.4,50.4,12.6,0.12
2369,30.0,6.583,9.962,30.032,6.699,9.991,0.1244,12.57,43.79,-79.04,0.9386,0.1923,13.11,2.69,-2.79,50.4,50.4,12.6,0.11
2370,30.0,6.571,9.962,30.032,6.688,9.991,0.1246,12.55,43.79,-79.06,0.9388,0.1919,13.11,2.68,-2.79,50.4,50.4,12.6,0.11
2371,30.0,6.559,9.962,30.032,6.676,9.991,0.1249,12.52,43.81,-79.06,0.9389,0.1914,13.11,2.67,-2.8,50.4,50.4,12.6,0.11
2372,30.0,6.547,9.962,30.032,6.664,9.991,0.1251,12.5,43.81,-79.08,0.939,0.191,13.11,2.67,-2.81,50.4,50.4,12.6,0.11
2373,30.0,6.535,9.962,30.032,6.652,9.991,0.1253,12.48,43.81,-79.08,0.9391,0.1905,13.11,2.66,-2.81,50.4,50.4,12.6,0.11
2374,30.0,6.522,9.962,30.032,6.64,9.991,0.1255,12.46,43.81,-79.1,0.9393,0.1901,13.11,2.65,-2.82,50.4,50.4,12.6,0.11
2375,30.0,6.51,9.962,30.032,6.628,9.991,0.1258,12.44,43.84,-79.1,0.9394,0.1896,13.12,2.65,-2.82,50.4,50.4,12.6,0.11
2376,30.0,6.498,9.962,30.032,6.616,9.991,0.126,12.41,43.84,-79.12,0.9395,0.1892,13.12,2.64,-2.83,50.4,50.4,12.6,0.11
2377,30.0,6.486,9.962,30.032,6.604,9.991,0.1262,12.39,43.84,-79.12,0.9396,0.1888,13.12,2.64,-2.84,50.4,50.4,12.6,0.1
2378,30.0,6.473,9.962,30.032,6.592,9.991,0.1264,12.37,43.84,-79.15,0.9397,0.1884,13.12,2.63,-2.84,50.4,50.4,12.6,0.1
2379,30.0,6.461,9.962,30.033,6.58,9.991,0.1267,12.35,43.86,-79.15,0.9398,0.1879,13.12,2.62,-2.85,50.4,50.4,12.6,0.1
2380,30.0,6.449,9.962,30.033,6.568,9.991,0.1269,12.33,43.86,-79.17,0.9399,0.1875,13.12,2.62,-2.85,50.4,50.4,12.6,0.1
2381,30.0,6.436,9.962,30.033,6.555,9.991,0.1271,12.3,43.86,-79.17,0.94,0.1871,13.13,2.61,-2.86,50.4,50.4,12.6,0.1
2382,30.0,6.424,9.962,30.033,6.543,9.991,0.1274,12.28,43.88,-79.19,0.9401,0.1867,13.13,2.61,-2.87,50.4,50.4,12.6,0.1
2383,30.0,6.411,9.962,30.033,6.531,9.991,0.1276,12.26,43.88,-79.19,0.9402,0.1863,13.13,2.6,-2.87,50.4,50.4,12.6,0.1
2384,30.0,6.398,9.962,30.033,6.518,9.991,0.1278,12.24,43.88,-79.21,0.9403,0.1859,13.13,2.6,-2.88,50.4,50.4,12.6,0.1
2385,30.0,6.386,9.962,30.033,6.506,9.991,0.128,12.22,43.88,-79.23,0.9404,0.1855,13.13,2.59,-2.88,50.4,50.4,12.6,0.09
2386,30.0,6.373,9.962,30.033,6.493,9.989,0.128,12.19,43.88,-79.23,0.9438,0.1851,13.18,2.58,-2.89,50.4,50.4,12.6,0.13
2387,30.0,6.36,9.962,30.033,6.481,9.989,0.1283,12.17,43.9,-79.26,0.9436,0.1848,13.17,2.58,-2.9,50.4,50.4,12.6,0.16
2388,30.0,6.347,9.962,30.033,6.468,9.989,0.1285,12.15,43.9,-79.26,0.9437,0.1844,13.18,2.57,-2.9,50.4,50.4,12.6,0.12
2389,30.0,6.334,9.962,30.033,6.455,9.992,0.1292,12.13,43.9,-79.28,0.938,0.184,13.1,2.57,-2.91,50.4,50.4,12.6,0.09
2390,30.0,6.321,9.962,30.033,6.443,9.994,0.1298,12.11,43.92,-79.28,0.935,0.1836,13.06,2.56,-2.91,50.4,50.4,12.6,0.09
2391,30.0,6.308,9.962,30.034,6.43,9.99,0.1293,12.08,43.92,-79.3,0.9411,0.1833,13.14,2.56,-2.92,50.4,50.4,12.6,0.09
2392,30.0,6.295,9.962,30.034,6.417,9.99,0.1294,12.06,43.92,-79.3,0.9425,0.1829,13.16,2.55,-2.92,50.4,50.4,12.6,0.09
2393,30.0,6.282,9.962,30.034,6.404,9.99,0.1298,12.04,43.92,-79.32,0.9412,0.1826,13.14,2.55,-2.93,50.4,50.4,12.6,0.08
2394,30.0,6.269,9.962,30.034,6.391,9.99,0.13,12.02,43.95,-79.32,0.9414,0.1822,13.14,2.54,-2.94,50.4,50.4,12.6,0.08
2395,30.0,6.256,9.962,30.034,6.378,9.99,0.1302,12.0,43.95,-79.34,0.9415,0.1819,13.15,2.54,-2.94,50.4,50.4,12.6,0.08
2396,30.0,6.243,9.962,30.034,6.365,9.99,0.1304,11.98,43.95,-79.34,0.9415,0.1815,13.15,2.53,-2.95,50.4,50.4,12.6,0.08
2397,30.0,6.229,9.962,30.034,6.352,9.99,0.1307,11.95,43.95,-79.37,0.9416,0.1812,13.15,2.53,-2.95,50.4,50.4,12.6,0.08
2398,30.0,6.216,9.962,30.034,6.339,9.99,0.1309,11.91,43.97,-79.37,0.9417,0.1808,13.15,2.52,-2.96,50.4,50.4,12.6,0.08
2399,30.0,6.203,9.962,30.034,6.326,9.99,0.1311,11.89,43.97,-79.39,0.9417,0.1805,13.15,2.52,-2.97,50.4,50.4,12.6,0.08
2400,30.0,6.189,9.962,30.035,6.313,9.99,0.1313,11.87,43.97,-79.41,0.9418,0.1802,13.15,2.52,-2.97,50.4,50.4,12.6,0.07
2401,30.0,6.176,9.962,30.035,6.3,9.99,0.1315,11.84,43.97,-79.41,0.9418,0.1799,13.15,2.51,-2.98,50.4,50.4,12.6,0.07
2402,30.0,6.162,9.962,30.035,6.286,9.99,0.1318,11.82,43.99,-79.43,0.9419,0.1795,13.15,2.51,-2.98,50.4,50.4,12.6,0.07
2403,30.0,6.149,9.962,30.035,6.273,9.99,0.132,11.8,43.99,-79.43,0.9419,0.1792,13.15,2.5,-2.99,50.4,50.4,12.6,0.07
2404,30.0,6.135,9.962,30.035,6.259,9.99,0.1322,11.78,43.99,-79.45,0.942,0.1789,13.15,2.5,-3.0,50.4,50.4,12.6,0.07
2405,30.0,6.121,9.962,30.035,6.246,9.99,0.1324,11.76,44.01,-79.45,0.942,0.1786,13.15,2.49,-3.0,50.4,50.4,12.6,0.07
2406,30.0,6.108,9.962,30.035,6.232,9.99,0.1326,11.73,44.01,-79.48,0.9421,0.1783,13.15,2.49,-3.01,50.4,50.4,12.6,0.07
2407,30.0,6.094,9.962,30.035,6.219,9.99,0.1328,11.69,44.01,-79.48,0.9421,0.178,13.15,2.49,-3.01,50.4,50.4,12.6,0.06
2408,30.0,6.08,9.962,30.035,6.205,9.99,0.1331,11.67,44.01,-79.5,0.9421,0.1777,13.15,2.48,-3.02,50.4,50.4,12.6,0.06
2409,30.0,6.066,9.962,30.035,6.192,9.99,0.1333,11.65,44.03,-79.5,0.9422,0.1774,13.16,2.48,-3.03,50.4,50.4,12.6,0.06
2410,30.0,6.052,9.962,30.035,6.178,9.988,0.1332,11.62,44.03,-79.52,0.9456,0.1772,13.2,2.47,-3.03,50.4,50.4,12.6,0.08
2411,30.0,6.038,9.962,30.036,6.164,9.988,0.1335,11.6,44.03,-79.54,0.9453,0.1769,13.2,2.47,-3.04,50.4,50.4,12.6,0.14
2412,30.0,6.024,9.962,30.036,6.15,9.988,0.1337,11.58,44.03,-79.54,0.9455,0.1767,13.2,2.47,-3.05,50.4,50.4,12.6,0.12
2413,30.0,6.01,9.962,30.035,6.136,9.991,0.1344,11.56,44.06,-79.56,0.9397,0.1764,13.12,2.46,-3.05,50.4,50.4,12.6,0.06
2414,30.0,5.996,9.962,30.035,6.122,9.993,0.135,11.51,44.06,-79.56,0.9357,0.1762,13.06,2.46,-3.06,50.4,50.4,12.6,0.06
2415,30.0,5.982,9.962,30.036,6.108,9.989,0.1346,11.49,44.06,-79.58,0.9419,0.1759,13.15,2.46,-3.06,50.4,50.4,12.6,0.05
2416,30.0,5.967,9.962,30.036,6.094,9.988,0.1346,11.47,44.06,-79.58,0.9446,0.1757,13.19,2.45,-3.07,50.4,50.4,12.6,0.05
2417,30.0,5.953,9.962,30.036,6.08,9.989,0.135,11.45,44.08,-79.61,0.9424,0.1754,13.16,2.45,-3.07,50.4,50.4,12.6,0.05
2418,30.0,5.939,9.962,30.036,6.066,9.989,0.1352,11.43,44.08,-79.61,0.9426,0.1752,13.16,2.45,-3.08,50.4,50.4,12.6,0.05
2419,30.0,5.924,9.962,30.036,6.052,9.989,0.1354,11.38,44.08,-79.63,0.9426,0.1749,13.16,2.44,-3.09,50.4,50.4,12.6,0.05
2420,30.0,5.91,9.962,30.036,6.038,9.989,0.1356,11.36,44.1,-79.65,0.9426,0.1747,13.16,2.44,-3.09,50.4,50.4,12.6,0.05
2421,30.0,5.896,9.962,30.036,6.024,9.989,0.1358,11.34,44.1,-79.65,0.9426,0.1745,13.16,2.44,-3.1,50.4,50.4,12.6,0.05
2422,30.0,5.881,9.962,30.036,6.009,9.989,0.136,11.32,44.1,-79.67,0.9426,0.1743,13.16,2.43,-3.1,50.4,50.4,12.6,0.04
2423,30.0,5.866,9.962,30.036,5.995,9.989,0.1362,11.29,44.1,-79.67,0.9426,0.174,13.16,2.43,-3.11,50.4,50.4,12.6,0.04
2424,30.0,5.852,9.962,30.036,5.98,9.989,0.1364,11.25,44.12,-79.69,0.9426,0.1738,13.16,2.43,-3.12,50.4,50.4,12.6,0.04
2425,30.0,5.837,9.962,30.036,5.966,9.989,0.1366,11.23,44.12,-79.69,0.9426,0.1736,13.16,2.42,-3.12,50.4,50.4,12.6,0.04
2426,30.0,5.822,9.962,30.037,5.951,9.989,0.1368,11.21,44.12,-79.72,0.9426,0.1734,13.16,2.42,-3.13,50.4,50.4,12.6,0.04
2427,30.0,5.808,9.962,30.037,5.937,9.989,0.1371,11.18,44.14,-79.72,0.9426,0.1732,13.16,2.42,-3.13,50.4,50.4,12.6,0.04
2428,30.0,5.793,9.962,30.037,5.922,9.989,0.1373,11.16,44.14,-79.74,0.9426,0.173,13.16,2.42,-3.14,50.4,50.4,12.6,0.03
2429,30.0,5.778,9.962,30.037,5.908,9.989,0.1375,11.12,44.14,-79.76,0.9426,0.1729,13.16,2.41,-3.15,50.4,50.4,12.6,0.03
2430,30.0,5.763,9.962,30.037,5.892,9.989,0.1375,11.1,44.17,-79.76,0.9409,0.1727,13.14,2.41,-3.14,50.4,50.4,12.6,0.03
2431,30.0,5.748,9.962,30.04,5.86,9.992,0.123,11.03,44.17,-79.78,0.9355,0.1728,13.06,2.41,-2.69,50.4,50.4,12.6,-0.03
2432,30.0,5.733,9.962,30.045,5.819,9.994,0.1021,10.96,44.17,-79.78,0.9306,0.1732,12.99,2.42,-1.98,50.4,50.4,12.6,-0.12
2433,30.0,5.718,9.962,30.047,5.794,9.996,0.0956,10.92,44.19,-79.8,0.9258,0.1738,12.93,2.43,-1.73,50.4,50.4,12.6,-0.09
2434,30.0,5.703,9.962,30.046,5.779,9.997,0.0961,10.88,44.19,-79.83,0.9209,0.1743,12.86,2.43,-1.73,50.4,50.4,12.6,-0.07
2435,30.0,5.688,9.962,30.046,5.764,9.999,0.0965,10.85,44.21,-79.83,0.9161,0.1748,12.79,2.44,-1.73,50.4,50.4,12.6,-0.13
2436,30.0,5.673,9.962,30.046,5.749,10.0,0.0969,10.83,44.21,-79.85,0.9112,0.1753,12.72,2.45,-1.73,50.4,50.4,12.6,-0.15
2437,30.0,5.658,9.962,30.046,5.734,10.002,0.0973,10.81,44.23,-79.85,0.9064,0.1758,12.66,2.45,-1.73,50.4,50.4,12.6,-0.15
2438,30.0,5.643,9.962,30.046,5.719,10.003,0.0976,10.77,44.23,-79.87,0.9015,0.1763,12.59,2.46,-1.73,50.4,50.4,12.6,-0.15
2439,30.0,5.628,9.962,30.046,5.704,9.998,0.0959,10.74,44.23,-79.87,0.9079,0.1768,12.68,2.47,-1.73,50.4,50.4,12.6,-0.15
2440,30.0,5.613,9.962,30.046,5.689,9.994,0.0947,10.72,44.23,-79.89,0.9126,0.1773,12.74,2.48,-1.73,50.4,50.4,12.6,-0.15
2441,30.0,5.598,9.962,30.047,5.674,9.991,0.0936,10.7,44.23,-79.91,0.9173,0.1778,12.81,2.48,-1.73,50.4,50.4,12.6,-0.15
2442,30.0,5.583,9.962,30.047,5.659,9.987,0.0927,10.66,44.23,-79.91,0.922,0.1783,12.87,2.49,-1.73,50.4,50.4,12.6,-0.15
2443,30.0,5.568,9.962,30.047,5.644,9.984,0.092,10.63,44.23,-79.94,0.9267,0.1788,12.94,2.5,-1.73,50.4,50.4,12.6,-0.15
2444,30.0,5.553,9.962,30.047,5.629,9.981,0.0914,10.61,44.23,-79.94,0.9314,0.1793,13.0,2.5,-1.73,50.4,50.4,12.6,-0.15
2445,30.0,5.538,9.962,30.047,5.614,9.978,0.0909,10.59,44.23,-79.96,0.9361,0.1797,13.07,2.51,-1.73,50.4,50.4,12.6,-0.15
2446,30.0,5.523,9.962,30.047,5.599,9.976,0.0905,10.55,44.23,-79.96,0.9408,0.1802,13.14,2.52,-1.73,50.4,50.4,12.6,-0.15
2447,30.0,5.508,9.962,30.047,5.584,9.976,0.0905,10.52,44.23,-79.98,0.9401,0.1807,13.13,2.52,-1.73,50.4,50.4,12.6,-0.15
2448,30.0,5.493,9.962,30.047,5.569,9.976,0.0904,10.5,44.25,-80.0,0.9397,0.1812,13.12,2.53,-1.73,50.4,50.4,12.6,-0.15
2449,30.0,5.478,9.962,30.047,5.553,9.976,0.0903,10.48,44.25,-80.0,0.9393,0.1817,13.12,2.54,-1.73,50.4,50.4,12.6,-0.15
2450,30.0,5.463,9.962,30.047,5.538,9.976,0.0903,10.44,44.25,-80.02,0.939,0.1822,13.11,2.54,-1.73,50.4,50.4,12.6,-0.15
2451,30.0,5.448,9.962,30.047,5.523,9.976,0.0902,10.42,44.25,-80.02,0.9386,0.1827,13.11,2.55,-1.73,50.4,50.4,12.6,-0.15
2452,30.0,5.433,9.962,30.047,5.508,9.976,0.0901,10.39,44.27,-80.05,0.9383,0.1832,13.1,2.56,-1.73,50.4,50.4,12.6,-0.15
2453,30.0,5.418,9.962,30.047,5.493,9.976,0.0901,10.37,44.27,-80.05,0.9379,0.1837,13.1,2.57,-1.73,50.4,50.4,12.6,-0.15
2454,30.0,5.403,9.962,30.047,5.478,9.976,0.09,10.33,44.27,-80.07,0.9376,0.1842,13.09,2.57,-1.73,50.4,50.4,12.6,-0.15
2455,30.0,5.388,9.961,30.047,5.463,9.976,0.09,10.31,44.3,-80.09,0.9374,0.1848,13.09,2.58,-1.73,50.4,50.4,12.6,-0.07
2456,30.0,5.373,9.961,30.047,5.448,9.976,0.0899,10.28,44.3,-80.09,0.9372,0.1853,13.09,2.59,-1.73,50.4,50.4,12.6,-0.07
2457,30.0,5.358,9.961,30.047,5.433,9.976,0.0898,10.24,44.3,-80.11,0.9368,0.1858,13.08,2.59,-1.73,50.4,50.4,12.6,-0.15
2458,30.0,5.343,9.961,30.047,5.418,9.976,0.0897,10.22,44.3,-80.11,0.9365,0.1863,13.08,2.6,-1.73,50.4,50.4,12.6,-0.15
2459,30.0,5.328,9.961,30.046,5.403,9.976,0.0897,10.2,44.32,-80.13,0.9361,0.1868,13.07,2.61,-1.73,50.4,50.4,12.6,-0.15
2460,30.0,5.313,9.961,30.046,5.388,9.976,0.0896,10.17,44.32,-80.13,0.9358,0.1873,13.07,2.61,-1.73,50.4,50.4,12.6,-0.15
2461,30.0,5.298,9.961,30.046,5.373,9.976,0.0896,10.13,44.32,-80.16,0.9354,0.1878,13.06,2.62,-1.73,50.4,50.4,12.6,-0.15
2462,30.0,5.283,9.961,30.046,5.358,9.976,0.0895,10.11,44.34,-80.16,0.9351,0.1883,13.06,2.63,-1.73,50.4,50.4,12.6,-0.15
2463,30.0,5.268,9.961,30.046,5.343,9.976,0.0894,10.09,44.34,-80.18,0.9347,0.1888,13.05,2.64,-1.73,50.4,50.4,12.6,-0.15
2464,30.0,5.253,9.961,30.046,5.328,9.976,0.0894,10.06,44.34,-80.2,0.9344,0.1893,13.05,2.64,-1.73,50.4,50.4,12.6,-0.15
2465,30.0,5.238,9.961,30.046,5.313,9.976,0.0893,10.02,44.34,-80.2,0.9341,0.1898,13.04,2.65,-1.73,50.4,50.4,12.6,-0.15
2466,30.0,5.223,9.961,30.046,5.298,9.976,0.0892,10.0,44.36,-80.22,0.9337,0.1902,13.04,2.66,-1.73,50.4,50.4,12.6,-0.15
2467,30.0,5.208,9.961,30.046,5.283,9.976,0.0892,9.98,44.36,-80.22,0.9334,0.1907,13.03,2.66,-1.73,50.4,50.4,12.6,-0.15
2468,30.0,5.193,9.961,30.046,5.268,9.977,0.0891,9.95,44.36,-80.24,0.933,0.1912,13.03,2.67,-1.73,50.4,50.4,12.6,-0.15
2469,30.0,5.178,9.961,30.046,5.252,9.977,0.089,9.91,44.38,-80.24,0.9327,0.1917,13.02,2.68,-1.73,50.4,50.4,12.6,-0.15
2470,30.0,5.163,9.961,30.046,5.237,9.977,0.089,9.89,44.38,-80.27,0.9323,0.1922,13.02,2.68,-1.73,50.4,50.4,12.6,-0.15
2471,30.0,5.148,9.961,30.046,5.222,9.977,0.0889,9.87,44.38,-80.27,0.932,0.1927,13.01,2.69,-1.73,50.4,50.4,12.6,-0.15
2472,30.0,5.133,9.961,30.046,5.207,9.977,0.0889,9.82,44.38,-80.29,0.9316,0.1932,13.01,2.7,-1.73,50.4,50.4,12.6,-0.15
2473,30.0,5.118,9.961,30.046,5.192,9.977,0.0888,9.8,44.41,-80.29,0.9313,0.1937,13.0,2.7,-1.73,50.4,50.4,12.6,-0.15
2474,30.0,5.103,9.961,30.045,5.177,9.977,0.0887,9.78,44.41,-80.31,0.9309,0.1942,13.0,2.71,-1.73,50.4,50.4,12.6,-0.15
2475,30.0,5.088,9.961,30.045,5.162,9.977,0.0887,9.76,44.41,-80.31,0.9306,0.1947,12.99,2.72,-1.73,50.4,50.4,12.6,-0.15
2476,30.0,5.073,9.961,30.045,5.147,9.977,0.0886,9.71,44.41,-80.33,0.9303,0.1952,12.99,2.73,-1.73,50.4,50.4,12.6,-0.13
2477,30.0,5.058,9.961,30.045,5.132,9.977,0.0886,9.69,44.43,-80.35,0.9301,0.1958,12.99,2.73,-1.73,50.4,50.4,12.6,-0.07
2478,30.0,5.043,9.961,30.045,5.117,9.977,0.0885,9.67,44.43,-80.35,0.9299,0.1963,12.98,2.74,-1.73,50.4,50.4,12.6,-0.09
2479,30.0,5.028,9.961,30.045,5.102,9.977,0.0884,9.65,44.43,-80.38,0.9295,0.1968,12.98,2.75,-1.73,50.4,50.4,12.6,-0.15
2480,30.0,5.013,9.961,30.045,5.087,9.977,0.0883,9.6,44.43,-80.38,0.9292,0.1973,12.97,2.75,-1.73,50.4,50.4,12.6,-0.15
2481,30.0,4.998,9.961,30.045,5.072,9.977,0.0883,9.58,44.45,-80.4,0.9288,0.1978,12.97,2.76,-1.73,50.4,50.4,12.6,-0.15
2482,30.0,4.983,9.961,30.045,5.057,9.977,0.0882,9.56,44.45,-80.4,0.9285,0.1983,12.96,2.77,-1.73,50.4,50.4,12.6,-0.15
2483,30.0,4.968,9.961,30.045,5.042,9.977,0.0881,9.54,44.45,-80.42,0.9281,0.1988,12.96,2.78,-1.73,50.4,50.4,12.6,-0.15
2484,30.0,4.953,9.961,30.045,5.027,9.977,0.0881,9.49,44.47,-80.42,0.9278,0.1993,12.95,2.78,-1.73,50.4,50.4,12.6,-0.15
2485,30.0,4.938,9.961,30.045,5.012,9.977,0.088,9.47,44.47,-80.44,0.9274,0.1998,12.95,2.79,-1.73,50.4,50.4,12.6,-0.15
2486,30.0,4.923,9.961,30.045,4.997,9.977,0.088,9.45,44.47,-80.44,0.9271,0.2003,12.94,2.8,-1.73,50.4,50.4,12.6,-0.15
2487,30.0,4.908,9.961,30.045,4.982,9.977,0.0879,9.4,44.47,-80.46,0.9267,0.2008,12.94,2.8,-1.73,50.4,50.4,12.6,-0.15
2488,30.0,4.893,9.961,30.045,4.967,9.977,0.0878,9.38,44.49,-80.46,0.9264,0.2013,12.94,2.81,-1.73,50.4,50.4,12.6,-0.15
2489,30.0,4.877,9.961,30.044,4.951,9.977,0.0878,9.36,44.49,-80.49,0.9261,0.2018,12.93,2.82,-1.73,50.4,50.4,12.6,-0.15
2490,30.0,4.862,9.961,30.044,4.936,9.977,0.0877,9.34,44.49,-80.49,0.9257,0.2023,12.93,2.82,-1.73,50.4,50.4,12.6,-0.15
2491,30.0,4.847,9.961,30.044,4.921,9.977,0.0876,9.29,44.49,-80.51,0.9254,0.2028,12.92,2.83,-1.73,50.4,50.4,12.6,-0.15
2492,30.0,4.832,9.961,30.044,4.906,9.977,0.0876,9.27,44.52,-80.51,0.925,0.2032,12.92,2.84,-1.73,50.4,50.4,12.6,-0.15
2493,30.0,4.817,9.961,30.044,4.891,9.977,0.0875,9.25,44.52,-80.53,0.9247,0.2037,12.91,2.84,-1.73,50.4,50.4,12.6,-0.15
2494,30.0,4.802,9.961,30.044,4.876,9.977,0.0875,9.23,44.52,-80.53,0.9243,0.2042,12.91,2.85,-1.73,50.4,50.4,12.6,-0.15
2495,30.0,4.787,9.961,30.044,4.861,9.977,0.0874,9.18,44.52,-80.55,0.924,0.2047,12.9,2.86,-1.73,50.4,50.4,12.6,-0.15
2496,30.0,4.772,9.961,30.044,4.846,9.977,0.0873,9.16,44.54,-80.55,0.9237,0.2052,12.9,2.87,-1.73,50.4,50.4,12.6,-0.15
2497,30.0,4.757,9.961,30.044,4.831,9.977,0.0873,9.14,44.54,-80.57,0.9233,0.2057,12.89,2.87,-1.73,50.4,50.4,12.6,-0.15
2498,30.0,4.742,9.961,30.044,4.816,9.977,0.0872,9.1,44.54,-80.57,0.9231,0.2063,12.89,2.88,-1.73,50.4,50.4,12.6,-0.11
2499,30.0,4.727,9.961,30.044,4.801,9.977,0.0872,9.07,44.54,-80.6,0.9229,0.2068,12.89,2.89,-1.73,50.4,50.4,12.6,-0.07
2500,30.0,4.712,9.961,30.044,4.786,9.977,0.0871,9.05,44.56,-80.6,0.9226,0.2073,12.88,2.89,-1.73,50.4,50.4,12.6,-0.11
2501,30.0,4.697,9.961,30.044,4.771,9.977,0.087,9.03,44.56,-80.62,0.9223,0.2078,12.88,2.9,-1.73,50.4,50.4,12.6,-0.15
2502,30.0,4.682,9.961,30.044,4.756,9.977,0.0869,8.99,44.56,-80.62,0.9219,0.2083,12.87,2.91,-1.73,50.4,50.4,12.6,-0.15
2503,30.0,4.667,9.961,30.044,4.741,9.977,0.0869,8.96,44.56,-80.64,0.9216,0.2088,12.87,2.92,-1.73,50.4,50.4,12.6,-0.15
2504,30.0,4.652,9.961,30.043,4.726,9.978,0.0868,8.94,44.58,-80.64,0.9213,0.2093,12.86,2.92,-1.73,50.4,50.4,12.6,-0.15
2505,30.0,4.637,9.961,30.043,4.711,9.978,0.0867,8.92,44.58,-80.66,0.9209,0.2098,12.86,2.93,-1.73,50.4,50.4,12.6,-0.15
2506,30.0,4.622,9.961,30.043,4.696,9.978,0.0867,8.88,44.58,-80.66,0.9206,0.2103,12.85,2.94,-1.73,50.4,50.4,12.6,-0.15
2507,30.0,4.607,9.961,30.043,4.681,9.978,0.0866,8.85,44.58,-80.68,0.9202,0.2108,12.85,2.94,-1.73,50.4,50.4,12.6,-0.15
2508,30.0,4.592,9.961,30.043,4.666,9.978,0.0866,8.83,44.6,-80.68,0.9199,0.2113,12.84,2.95,-1.73,50.4,50.4,12.6,-0.15
2509,30.0,4.577,9.961,30.043,4.651,9.978,0.0865,8.79,44.6,-80.71,0.9196,0.2118,12.84,2.96,-1.73,50.4,50.4,12.6,-0.15
2510,30.0,4.562,9.961,30.043,4.635,9.978,0.0864,8.77,44.6,-80.71,0.9192,0.2123,12.83,2.96,-1.73,50.4,50.4,12.6,-0.15
2511,30.0,4.547,9.961,30.043,4.62,9.978,0.0864,8.75,44.6,-80.73,0.9189,0.2128,12.83,2.97,-1.73,50.4,50.4,12.6,-0.15
2512,30.0,4.532,9.961,30.043,4.605,9.978,0.0863,8.72,44.63,-80.73,0.9185,0.2133,12.83,2.98,-1.73,50.4,50.4,12.6,-0.15
2513,30.0,4.517,9.961,30.043,4.59,9.978,0.0863,8.68,44.63,-80.75,0.9182,0.2138,12.82,2.98,-1.73,50.4,50.4,12.6,-0.15
2514,30.0,4.502,9.961,30.043,4.575,9.978,0.0862,8.66,44.63,-80.75,0.9179,0.2143,12.82,2.99,-1.73,50.4,50.4,12.6,-0.15
2515,30.0,4.487,9.961,30.043,4.56,9.978,0.0861,8.64,44.63,-80.75,0.9175,0.2148,12.81,3.0,-1.73,50.4,50.4,12.6,-0.15
2516,30.0,4.472,9.961,30.043,4.545,9.978,0.0861,8.61,44.65,-80.77,0.9172,0.2153,12.81,3.01,-1.73,50.4,50.4,12.6,-0.15
2517,30.0,4.457,9.961,30.043,4.53,9.978,0.086,8.57,44.65,-80.77,0.9168,0.2158,12.8,3.01,-1.73,50.4,50.4,12.6,-0.15
2518,30.0,4.442,9.961,30.042,4.515,9.978,0.0859,8.55,44.65,-80.79,0.9165,0.2163,12.8,3.02,-1.73,50.4,50.4,12.6,-0.15
2519,30.0,4.427,9.961,30.042,4.5,9.978,0.0859,8.53,44.65,-80.79,0.9162,0.2168,12.79,3.03,-1.73,50.4,50.4,12.6,-0.15
2520,30.0,4.412,9.961,30.042,4.485,9.978,0.0858,8.48,44.65,-80.82,0.916,0.2173,12.79,3.03,-1.73,50.4,50.4,12.6,-0.09
2521,30.0,4.397,9.961,30.042,4.47,9.978,0.0858,8.46,44.67,-80.82,0.9158,0.2178,12.79,3.04,-1.73,50.4,50.4,12.6,-0.06
2523,30.0,4.382,9.961,30.042,4.455,9.978,0.0857,8.44,44.67,-80.84,0.9155,0.2183,12.78,3.05,-1.73,50.4,50.4,12.6,-0.13
2524,30.0,4.367,9.961,30.042,4.44,9.978,0.0856,8.42,44.67,-80.84,0.9151,0.2188,12.78,3.06,-1.73,50.4,50.4,12.6,-0.15
2525,30.0,4.352,9.961,30.042,4.425,9.978,0.0855,8.37,44.67,-80.86,0.9148,0.2193,12.77,3.06,-1.73,50.4,50.4,12.6,-0.15
2526,30.0,4.337,9.961,30.042,4.41,9.978,0.0855,8.35,44.69,-80.86,0.9145,0.2198,12.77,3.07,-1.73,50.4,50.4,12.6,-0.15
2527,30.0,4.322,9.961,30.042,4.395,9.978,0.0854,8.33,44.69,-80.88,0.9141,0.2203,12.76,3.08,-1.73,50.4,50.4,12.6,-0.15
2528,30.0,4.307,9.961,30.042,4.38,9.978,0.0854,8.28,44.69,-80.88,0.9138,0.2208,12.76,3.08,-1.73,50.4,50.4,12.6,-0.15
2529,30.0,4.292,9.961,30.042,4.365,9.978,0.0853,8.26,44.69,-80.88,0.9135,0.2213,12.75,3.09,-1.73,50.4,50.4,12.6,-0.15
2530,30.0,4.277,9.961,30.042,4.35,9.978,0.0852,8.24,44.71,-80.9,0.9131,0.2218,12.75,3.1,-1.73,50.4,50.4,12.6,-0.15
2531,30.0,4.262,9.961,30.042,4.335,9.978,0.0852,8.22,44.71,-80.9,0.9128,0.2223,12.75,3.1,-1.73,50.4,50.4,12.6,-0.15
2532,30.0,4.247,9.961,30.042,4.319,9.978,0.0851,8.17,44.71,-80.93,0.9125,0.2228,12.74,3.11,-1.73,50.4,50.4,12.6,-0.15
2533,30.0,4.232,9.961,30.042,4.304,9.978,0.0851,8.15,44.71,-80.93,0.9121,0.2233,12.74,3.12,-1.73,50.4,50.4,12.6,-0.15
2534,30.0,4.217,9.961,30.041,4.289,9.978,0.085,8.13,44.71,-80.95,0.9118,0.2238,12.73,3.13,-1.73,50.4,50.4,12.6,-0.15
2535,30.0,4.202,9.961,30.041,4.274,9.978,0.0849,8.11,44.74,-80.95,0.9115,0.2243,12.73,3.13,-1.73,50.4,50.4,12.6,-0.15
2536,30.0,4.187,9.961,30.041,4.259,9.978,0.0849,8.06,44.74,-80.97,0.9111,0.2248,12.72,3.14,-1.73,50.4,50.4,12.6,-0.15
2537,30.0,4.172,9.961,30.041,4.244,9.978,0.0848,8.04,44.74,-80.97,0.9108,0.2253,12.72,3.15,-1.73,50.4,50.4,12.6,-0.15
2538,30.0,4.157,9.961,30.041,4.229,9.978,0.0848,8.02,44.74,-80.97,0.9105,0.2258,12.71,3.15,-1.73,50.4,50.4,12.6,-0.15
2539,30.0,4.142,9.961,30.041,4.214,9.978,0.0847,7.98,44.76,-80.99,0.9101,0.2263,12.71,3.16,-1.73,50.4,50.4,12.6,-0.15
2540,30.0,4.127,9.961,30.041,4.199,9.978,0.0846,7.95,44.76,-80.99,0.9098,0.2268,12.7,3.17,-1.73,50.4,50.4,12.6,-0.15
2541,30.0,4.112,9.961,30.041,4.184,9.979,0.0846,7.93,44.76,-81.01,0.9095,0.2273,12.7,3.17,-1.73,50.4,50.4,12.6,-0.15
2542,30.0,4.097,9.961,30.041,4.169,9.979,0.0845,7.91,44.76,-81.01,0.9091,0.2278,12.69,3.18,-1.73,50.4,50.4,12.6,-0.15
2543,30.0,4.082,9.961,30.041,4.154,9.978,0.0845,7.87,44.76,-81.04,0.909,0.2283,12.69,3.19,-1.73,50.4,50.4,12.6,-0.07
2544,30.0,4.067,9.961,30.041,4.139,9.978,0.0844,7.84,44.78,-81.04,0.9088,0.2289,12.69,3.2,-1.73,50.4,50.4,12.6,-0.06
2545,30.0,4.052,9.961,30.041,4.124,9.978,0.0843,7.82,44.78,-81.04,0.9085,0.2294,12.68,3.2,-1.73,50.4,50.4,12.6,-0.15
2546,30.0,4.037,9.961,30.041,4.109,9.978,0.0842,7.78,44.78,-81.06,0.9081,0.2299,12.68,3.21,-1.73,50.4,50.4,12.6,-0.15
2547,30.0,4.022,9.961,30.041,4.094,9.979,0.0842,7.76,44.78,-81.06,0.9078,0.2304,12.68,3.22,-1.73,50.4,50.4,12.6,-0.15
2548,30.0,4.007,9.961,30.04,4.079,9.979,0.0841,7.73,44.78,-81.08,0.9075,0.2309,12.67,3.22,-1.73,50.4,50.4,12.6,-0.15
2549,30.0,3.992,9.961,30.04,4.064,9.979,0.0841,7.71,44.8,-81.08,0.9071,0.2314,12.67,3.23,-1.73,50.4,50.4,12.6,-0.15
2550,30.0,3.977,9.961,30.04,4.049,9.979,0.084,7.67,44.8,-81.1,0.9068,0.2319,12.66,3.24,-1.73,50.4,50.4,12.6,-0.15
2551,30.0,3.962,9.961,30.04,4.034,9.979,0.0839,7.65,44.8,-81.1,0.9065,0.2324,12.66,3.24,-1.73,50.4,50.4,12.6,-0.15
2552,30.0,3.947,9.961,30.04,4.019,9.979,0.0839,7.62,44.8,-81.1,0.9061,0.2329,12.65,3.25,-1.73,50.4,50.4,12.6,-0.15
2553,30.0,3.932,9.961,30.04,4.004,9.979,0.0838,7.58,44.82,-81.12,0.9058,0.2334,12.65,3.26,-1.73,50.4,50.4,12.6,-0.15
2554,30.0,3.917,9.961,30.04,3.988,9.979,0.0838,7.56,44.82,-81.12,0.9055,0.2339,12.64,3.27,-1.73,50.4,50.4,12.6,-0.15
2555,30.0,3.902,9.961,30.04,3.973,9.979,0.0837,7.54,44.82,-81.15,0.9052,0.2344,12.64,3.27,-1.73,50.4,50.4,12.6,-0.15
2556,30.0,3.887,9.961,30.04,3.958,9.979,0.0836,7.51,44.82,-81.15,0.9048,0.2349,12.63,3.28,-1.73,50.4,50.4,12.6,-0.15
2557,30.0,3.872,9.961,30.04,3.943,9.979,0.0836,7.47,44.82,-81.15,0.9045,0.2354,12.63,3.29,-1.73,50.4,50.4,12.6,-0.15
2558,30.0,3.857,9.961,30.04,3.928,9.979,0.0835,7.45,44.85,-81.17,0.9042,0.2359,12.62,3.29,-1.73,50.4,50.4,12.6,-0.15
2559,30.0,3.842,9.961,30.04,3.913,9.979,0.0835,7.43,44.85,-81.17,0.9038,0.2364,12.62,3.3,-1.73,50.4,50.4,12.6,-0.15
2560,30.0,3.827,9.961,30.04,3.898,9.979,0.0834,7.4,44.85,-81.19,0.9035,0.2369,12.62,3.31,-1.73,50.4,50.4,12.6,-0.15
2561,30.0,3.812,9.961,30.04,3.883,9.979,0.0833,7.36,44.85,-81.19,0.9032,0.2374,12.61,3.31,-1.73,50.4,50.4,12.6,-0.15
2562,30.0,3.797,9.961,30.039,3.868,9.979,0.0833,7.34,44.85,-81.19,0.9029,0.2379,12.61,3.32,-1.73,50.4,50.4,12.6,-0.15
2563,30.0,3.782,9.961,30.039,3.853,9.979,0.0832,7.32,44.87,-81.21,0.9025,0.2384,12.6,3.33,-1.73,50.4,50.4,12.6,-0.15
2564,30.0,3.767,9.961,30.039,3.838,9.979,0.0832,7.27,44.87,-81.21,0.9022,0.2389,12.6,3.34,-1.73,50.4,50.4,12.6,-0.13
2565,30.0,3.752,9.961,30.039,3.823,9.979,0.0831,7.25,44.87,-81.23,0.9021,0.2394,12.6,3.34,-1.73,50.4,50.4,12.6,-0.06
2566,30.0,3.737,9.961,30.039,3.808,9.979,0.083,7.23,44.87,-81.23,0.9019,0.2399,12.59,3.35,-1.73,50.4,50.4,12.6,-0.08
2567,30.0,3.722,9.961,30.039,3.793,9.979,0.0829,7.21,44.87,-81.23,0.9015,0.2404,12.59,3.36,-1.73,50.4,50.4,12.6,-0.15
2568,30.0,3.707,9.961,30.039,3.778,9.979,0.0829,7.16,44.89,-81.25,0.9012,0.2409,12.58,3.36,-1.73,50.4,50.4,12.6,-0.15
2569,30.0,3.692,9.961,30.039,3.763,9.979,0.0828,7.14,44.89,-81.25,0.9009,0.2414,12.58,3.37,-1.73,50.4,50.4,12.6,-0.15
2570,30.0,3.677,9.961,30.039,3.748,9.979,0.0828,7.12,44.89,-81.28,0.9006,0.2419,12.57,3.38,-1.73,50.4,50.4,12.6,-0.15
2571,30.0,3.662,9.961,30.039,3.733,9.979,0.0827,7.08,44.89,-81.28,0.9002,0.2424,12.57,3.39,-1.73,50.4,50.4,12.6,-0.15
2572,30.0,3.647,9.961,30.039,3.718,9.979,0.0826,7.05,44.89,-81.28,0.8999,0.2429,12.57,3.39,-1.73,50.4,50.4,12.6,-0.15
2573,30.0,3.632,9.961,30.039,3.703,9.979,0.0826,7.03,44.91,-81.3,0.8996,0.2434,12.56,3.4,-1.73,50.4,50.4,12.6,-0.15
2574,30.0,3.617,9.961,30.039,3.688,9.979,0.0825,7.01,44.91,-81.3,0.8993,0.2439,12.56,3.41,-1.73,50.4,50.4,12.6,-0.15
2575,30.0,3.602,9.961,30.039,3.673,9.979,0.0825,6.97,44.91,-81.32,0.8989,0.2444,12.55,3.41,-1.73,50.4,50.4,12.6,-0.15
2576,30.0,3.587,9.961,30.038,3.657,9.979,0.0824,6.94,44.91,-81.32,0.8986,0.2449,12.55,3.42,-1.73,50.4,50.4,12.6,-0.15
2577,30.0,3.572,9.961,30.038,3.642,9.979,0.0824,6.92,44.91,-81.32,0.8983,0.2455,12.54,3.43,-1.73,50.4,50.4,12.6,-0.15
2578,30.0,3.557,9.961,30.038,3.627,9.979,0.0823,6.88,44.93,-81.34,0.898,0.246,12.54,3.43,-1.73,50.4,50.4,12.6,-0.15
2579,30.0,3.542,9.961,30.038,3.612,9.979,0.0822,6.86,44.93,-81.34,0.8976,0.2465,12.53,3.44,-1.73,50.4,50.4,12.6,-0.15
2580,30.0,3.527,9.961,30.038,3.597,9.979,0.0822,6.83,44.93,-81.34,0.8973,0.247,12.53,3.45,-1.73,50.4,50.4,12.6,-0.15
2581,30.0,3.512,9.961,30.038,3.582,9.979,0.0821,6.81,44.93,-81.36,0.897,0.2475,12.52,3.46,-1.73,50.4,50.4,12.6,-0.15
2582,30.0,3.497,9.961,30.038,3.567,9.979,0.0821,6.77,44.93,-81.36,0.8967,0.248,12.52,3.46,-1.73,50.4,50.4,12.6,-0.15
2583,30.0,3.482,9.961,30.038,3.552,9.979,0.082,6.75,44.93,-81.36,0.8963,0.2485,12.52,3.47,-1.73,50.4,50.4,12.6,-0.15
2584,30.0,3.467,9.961,30.038,3.537,9.979,0.0819,6.72,44.96,-81.39,0.896,0.249,12.51,3.48,-1.73,50.4,50.4,12.6,-0.15
2585,30.0,3.452,9.961,30.038,3.522,9.979,0.0819,6.68,44.96,-81.39,0.8957,0.2495,12.51,3.48,-1.73,50.4,50.4,12.6,-0.15
2586,30.0,3.437,9.961,30.038,3.507,9.979,0.0818,6.66,44.96,-81.41,0.8955,0.25,12.5,3.49,-1.73,50.4,50.4,12.6,-0.11
2587,30.0,3.422,9.961,30.038,3.492,9.979,0.0818,6.64,44.96,-81.41,0.8953,0.2505,12.5,3.5,-1.73,50.4,50.4,12.6,-0.06
2588,30.0,3.407,9.961,30.038,3.477,9.979,0.0817,6.61,44.96,-81.41,0.8951,0.251,12.5,3.51,-1.73,50.4,50.4,12.6,-0.1
2589,30.0,3.392,9.961,30.037,3.462,9.979,0.0816,6.57,44.98,-81.43,0.8947,0.2515,12.49,3.51,-1.73,50.4,50.4,12.6,-0.15
2590,30.0,3.377,9.961,30.037,3.447,9.98,0.0816,6.55,44.98,-81.43,0.8938,0.252,12.48,3.52,-1.73,50.4,50.4,12.6,-0.15
2591,30.0,3.362,9.961,30.037,3.432,9.98,0.0816,6.53,44.98,-81.43,0.8935,0.2525,12.48,3.53,-1.73,50.4,50.4,12.6,-0.15
2592,30.0,3.347,9.961,30.037,3.417,9.98,0.0815,6.48,44.98,-81.45,0.8932,0.253,12.47,3.53,-1.73,50.4,50.4,12.6,-0.15
2593,30.0,3.332,9.961,30.037,3.402,9.98,0.0814,6.46,44.98,-81.45,0.8928,0.2535,12.47,3.54,-1.73,50.4,50.4,12.6,-0.15
2594,30.0,3.317,9.961,30.037,3.387,9.98,0.0814,6.44,45.0,-81.45,0.8925,0.254,12.46,3.55,-1.73,50.4,50.4,12.6,-0.15
2595,30.0,3.302,9.961,30.037,3.372,9.98,0.0813,6.39,45.0,-81.47,0.8922,0.2545,12.46,3.55,-1.73,50.4,50.4,12.6,-0.15
2596,30.0,3.287,9.961,30.037,3.357,9.98,0.0812,6.37,45.0,-81.47,0.8919,0.255,12.45,3.56,-1.73,50.4,50.4,12.6,-0.15
2597,30.0,3.272,9.961,30.037,3.342,9.98,0.0812,6.35,45.0,-81.5,0.8916,0.2555,12.45,3.57,-1.73,50.4,50.4,12.6,-0.15
2598,30.0,3.257,9.961,30.037,3.327,9.98,0.0811,6.33,45.0,-81.5,0.8913,0.2561,12.44,3.58,-1.73,50.4,50.4,12.6,-0.15
2599,30.0,3.242,9.961,30.037,3.311,9.98,0.0811,6.28,45.0,-81.5,0.8909,0.2566,12.44,3.58,-1.73,50.4,50.4,12.6,-0.15
2600,30.0,3.227,9.961,30.037,3.296,9.98,0.081,6.26,45.02,-81.52,0.8906,0.2571,12.44,3.59,-1.73,50.4,50.4,12.6,-0.15
2601,30.0,3.212,9.961,30.037,3.281,9.98,0.0809,6.24,45.02,-81.52,0.8903,0.2576,12.43,3.6,-1.73,50.4,50.4,12.6,-0.15
2602,30.0,3.197,9.961,30.037,3.266,9.98,0.0809,6.2,45.02,-81.52,0.89,0.2581,12.43,3.6,-1.73,50.4,50.4,12.6,-0.15
2603,30.0,3.182,9.961,30.036,3.251,9.98,0.0808,6.17,45.02,-81.54,0.8897,0.2586,12.42,3.61,-1.73,50.4,50.4,12.6,-0.15
2604,30.0,3.167,9.961,30.036,3.236,9.98,0.0807,6.15,45.02,-81.54,0.8894,0.2591,12.42,3.62,-1.73,50.4,50.4,12.6,-0.15
2605,30.0,3.152,9.961,30.036,3.221,9.98,0.0807,6.13,45.02,-81.54,0.889,0.2596,12.41,3.62,-1.73,50.4,50.4,12.6,-0.15
2606,30.0,3.137,9.961,30.036,3.206,9.98,0.0806,6.09,45.04,-81.56,0.8887,0.2601,12.41,3.63,-1.73,50.4,50.4,12.6,-0.15
2607,30.0,3.122,9.961,30.036,3.191,9.98,0.0806,6.06,45.04,-81.56,0.8884,0.2606,12.4,3.64,-1.73,50.4,50.4,12.6,-0.15
2608,30.0,3.107,9.961,30.036,3.176,9.979,0.0805,6.04,45.04,-81.56,0.8889,0.2611,12.41,3.65,-1.73,50.4,50.4,12.6,-0.09
2609,30.0,3.092,9.961,30.036,3.161,9.979,0.0804,6.0,45.04,-81.58,0.8886,0.2616,12.41,3.65,-1.73,50.4,50.4,12.6,-0.06
2610,30.0,3.077,9.961,30.036,3.146,9.979,0.0803,5.98,45.04,-81.58,0.8883,0.2621,12.4,3.66,-1.73,50.4,50.4,12.6,-0.12
2611,30.0,3.062,9.961,30.036,3.131,9.981,0.0805,5.95,45.07,-81.58,0.8853,0.2626,12.36,3.67,-1.73,50.4,50.4,12.6,-0.15
2612,30.0,3.047,9.961,30.036,3.116,9.979,0.0802,5.93,45.07,-81.61,0.8875,0.2632,12.39,3.67,-1.73,50.4,50.4,12.6,-0.15
2613,30.0,3.032,9.961,30.036,3.101,9.98,0.0802,5.89,45.07,-81.61,0.8868,0.2637,12.38,3.68,-1.73,50.4,50.4,12.6,-0.15
2614,30.0,3.017,9.961,30.036,3.086,9.98,0.0801,5.87,45.07,-81.61,0.8865,0.2642,12.38,3.69,-1.73,50.4,50.4,12.6,-0.15
2615,30.0,3.002,9.961,30.036,3.071,9.98,0.08,5.84,45.07,-81.63,0.8862,0.2647,12.37,3.7,-1.73,50.4,50.4,12.6,-0.15
2616,30.0,2.987,9.961,30.035,3.056,9.98,0.08,5.8,45.07,-81.63,0.8859,0.2652,12.37,3.7,-1.73,50.4,50.4,12.6,-0.15
2617,30.0,2.972,9.961,30.035,3.041,9.98,0.0799,5.78,45.07,-81.63,0.8856,0.2657,12.37,3.71,-1.73,50.4,50.4,12.6,-0.15
2618,30.0,2.957,9.961,30.035,3.026,9.98,0.0799,5.76,45.09,-81.63,0.8853,0.2662,12.36,3.72,-1.73,50.4,50.4,12.6,-0.15
2619,30.0,2.942,9.961,30.035,3.011,9.98,0.0798,5.73,45.09,-81.65,0.885,0.2667,12.36,3.72,-1.73,50.4,50.4,12.6,-0.15
2620,30.0,2.927,9.961,30.035,2.996,9.98,0.0797,5.69,45.09,-81.65,0.8847,0.2672,12.35,3.73,-1.73,50.4,50.4,12.6,-0.15
2621,30.0,2.912,9.961,30.035,2.981,9.98,0.0797,5.67,45.09,-81.65,0.8843,0.2677,12.35,3.74,-1.73,50.4,50.4,12.6,-0.15
2622,30.0,2.897,9.961,30.035,2.966,9.98,0.0796,5.65,45.09,-81.67,0.884,0.2682,12.34,3.74,-1.73,50.4,50.4,12.6,-0.15
2623,30.0,2.882,9.961,30.035,2.95,9.98,0.0796,5.6,45.09,-81.67,0.8837,0.2687,12.34,3.75,-1.73,50.4,50.4,12.6,-0.15
2624,30.0,2.867,9.961,30.035,2.935,9.98,0.0795,5.58,45.09,-81.67,0.8834,0.2692,12.33,3.76,-1.73,50.4,50.4,12.6,-0.15
2625,30.0,2.852,9.961,30.035,2.92,9.98,0.0794,5.56,45.11,-81.69,0.8831,0.2697,12.33,3.77,-1.73,50.4,50.4,12.6,-0.15
2626,30.0,2.836,9.961,30.035,2.905,9.98,0.0794,5.52,45.11,-81.69,0.8828,0.2702,12.33,3.77,-1.73,50.4,50.4,12.6,-0.15
2627,30.0,2.821,9.961,30.035,2.89,9.98,0.0793,5.49,45.11,-81.69,0.8825,0.2707,12.32,3.78,-1.73,50.4,50.4,12.6,-0.15
2628,30.0,2.806,9.961,30.035,2.875,9.98,0.0793,5.47,45.11,-81.72,0.8822,0.2712,12.32,3.79,-1.73,50.4,50.4,12.6,-0.15
2629,30.0,2.791,9.961,30.035,2.86,9.98,0.0792,5.45,45.11,-81.72,0.8819,0.2717,12.31,3.79,-1.73,50.4,50.4,12.6,-0.15
2630,30.0,2.776,9.961,30.034,2.845,9.979,0.0791,5.41,45.11,-81.72,0.8823,0.2723,12.32,3.8,-1.73,50.4,50.4,12.6,-0.07
2631,30.0,2.761,9.961,30.034,2.83,9.979,0.079,5.38,45.13,-81.72,0.882,0.2728,12.32,3.81,-1.73,50.4,50.4,12.6,-0.06
2632,30.0,2.746,9.961,30.034,2.815,9.979,0.0789,5.36,45.13,-81.74,0.8817,0.2733,12.31,3.82,-1.73,50.4,50.4,12.6,-0.15
2633,30.0,2.731,9.961,30.034,2.8,9.98,0.0791,5.32,45.13,-81.74,0.879,0.2738,12.27,3.82,-1.73,50.4,50.4,12.6,-0.15
2634,30.0,2.716,9.961,30.034,2.785,9.979,0.0788,5.3,45.13,-81.74,0.8809,0.2743,12.3,3.83,-1.73,50.4,50.4,12.6,-0.15
2635,30.0,2.701,9.961,30.034,2.77,9.979,0.0788,5.27,45.13,-81.76,0.8803,0.2748,12.29,3.84,-1.73,50.4,50.4,12.6,-0.15
2636,30.0,2.686,9.961,30.034,2.755,9.979,0.0787,5.25,45.13,-81.76,0.88,0.2753,12.29,3.84,-1.73,50.4,50.4,12.6,-0.15
2637,30.0,2.671,9.961,30.034,2.74,9.979,0.0787,5.21,45.13,-81.76,0.8797,0.2758,12.28,3.85,-1.73,50.4,50.4,12.6,-0.15
2638,30.0,2.656,9.961,30.034,2.725,9.979,0.0786,5.19,45.15,-81.76,0.8794,0.2763,12.28,3.86,-1.73,50.4,50.4,12.6,-0.15
2639,30.0,2.641,9.961,30.034,2.71,9.979,0.0786,5.16,45.15,-81.78,0.8791,0.2768,12.27,3.87,-1.73,50.4,50.4,12.6,-0.15
2640,30.0,2.626,9.961,30.034,2.695,9.979,0.0785,5.12,45.15,-81.78,0.8788,0.2773,12.27,3.87,-1.73,50.4,50.4,12.6,-0.15
2641,30.0,2.611,9.961,30.034,2.68,9.979,0.0784,5.1,45.15,-81.78,0.8785,0.2778,12.27,3.88,-1.73,50.4,50.4,12.6,-0.15
2642,30.0,2.596,9.961,30.034,2.665,9.98,0.0784,5.08,45.15,-81.8,0.8782,0.2783,12.26,3.89,-1.73,50.4,50.4,12.6,-0.15
2643,30.0,2.581,9.961,30.033,2.65,9.98,0.0783,5.03,45.15,-81.8,0.8779,0.2788,12.26,3.89,-1.73,50.4,50.4,12.6,-0.15
2644,30.0,2.566,9.961,30.033,2.635,9.98,0.0783,5.01,45.15,-81.8,0.8775,0.2793,12.25,3.9,-1.73,50.4,50.4,12.6,-0.15
2645,30.0,2.551,9.961,30.033,2.62,9.98,0.0782,4.99,45.18,-81.8,0.8772,0.2799,12.25,3.91,-1.73,50.4,50.4,12.6,-0.15
2646,30.0,2.536,9.961,30.033,2.605,9.98,0.0781,4.97,45.18,-81.83,0.8769,0.2804,12.24,3.91,-1.73,50.4,50.4,12.6,-0.15
2647,30.0,2.521,9.961,30.033,2.59,9.98,0.0781,4.92,45.18,-81.83,0.8766,0.2809,12.24,3.92,-1.73,50.4,50.4,12.6,-0.15
2648,30.0,2.506,9.961,30.033,2.574,9.98,0.078,4.9,45.18,-81.83,0.8763,0.2814,12.24,3.93,-1.73,50.4,50.4,12.6,-0.15
2649,30.0,2.491,9.961,30.033,2.559,9.98,0.078,4.88,45.18,-81.85,0.876,0.2819,12.23,3.94,-1.73,50.4,50.4,12.6,-0.15
2650,30.0,2.476,9.961,30.033,2.544,9.98,0.0779,4.83,45.18,-81.85,0.8757,0.2824,12.23,3.94,-1.73,50.4,50.4,12.6,-0.15
2651,30.0,2.461,9.961,30.033,2.529,9.979,0.0778,4.81,45.18,-81.85,0.8759,0.2829,12.23,3.95,-1.73,50.4,50.4,12.6,-0.14
2652,30.0,2.446,9.961,30.033,2.514,9.979,0.0778,4.79,45.18,-81.85,0.8757,0.2834,12.23,3.96,-1.73,50.4,50.4,12.6,-0.06
2653,30.0,2.431,9.961,30.033,2.499,9.979,0.0777,4.77,45.2,-81.87,0.8755,0.284,12.22,3.96,-1.73,50.4,50.4,12.6,-0.08
2654,30.0,2.416,9.961,30.033,2.484,9.98,0.0778,4.72,45.2,-81.87,0.8732,0.2845,12.19,3.97,-1.73,50.4,50.4,12.6,-0.15
2655,30.0,2.401,9.961,30.033,2.469,9.979,0.0776,4.7,45.2,-81.87,0.8747,0.285,12.21,3.98,-1.73,50.4,50.4,12.6,-0.15
2656,30.0,2.386,9.961,30.033,2.454,9.979,0.0775,4.68,45.2,-81.87,0.8742,0.2855,12.21,3.99,-1.73,50.4,50.4,12.6,-0.15
2657,30.0,2.371,9.961,30.032,2.439,9.979,0.0775,4.64,45.2,-81.89,0.8739,0.286,12.2,3.99,-1.73,50.4,50.4,12.6,-0.15
2658,30.0,2.356,9.961,30.032,2.424,9.979,0.0774,4.61,45.2,-81.89,0.8736,0.2865,12.2,4.0,-1.73,50.4,50.4,12.6,-0.15
2659,30.0,2.341,9.961,30.032,2.409,9.979,0.0773,4.59,45.2,-81.89,0.8733,0.287,12.19,4.01,-1.73,50.4,50.4,12.6,-0.15
2660,30.0,2.326,9.961,30.032,2.394,9.979,0.0773,4.55,45.22,-81.89,0.873,0.2875,12.19,4.01,-1.73,50.4,50.4,12.6,-0.15
2661,30.0,2.311,9.961,30.032,2.379,9.979,0.0772,4.53,45.22,-81.91,0.8727,0.288,12.18,4.02,-1.73,50.4,50.4,12.6,-0.15
2662,30.0,2.296,9.961,30.032,2.364,9.979,0.0772,4.5,45.22,-81.91,0.8724,0.2885,12.18,4.03,-1.73,50.4,50.4,12.6,-0.15
2663,30.0,2.281,9.961,30.032,2.349,9.979,0.0771,4.48,45.22,-81.91,0.8721,0.289,12.18,4.04,-1.73,50.4,50.4,12.6,-0.15
2664,30.0,2.266,9.961,30.032,2.334,9.979,0.0771,4.44,45.22,-81.91,0.8718,0.2895,12.17,4.04,-1.73,50.4,50.4,12.6,-0.15
2665,30.0,2.251,9.961,30.032,2.319,9.979,0.077,4.42,45.22,-81.94,0.8715,0.29,12.17,4.05,-1.73,50.4,50.4,12.6,-0.15
2666,30.0,2.236,9.961,30.032,2.304,9.979,0.0769,4.39,45.22,-81.94,0.8712,0.2905,12.16,4.06,-1.73,50.4,50.4,12.6,-0.15
2667,30.0,2.221,9.961,30.032,2.289,9.979,0.0769,4.35,45.22,-81.94,0.8709,0.291,12.16,4.06,-1.73,50.4,50.4,12.6,-0.15
2668,30.0,2.206,9.961,30.032,2.274,9.979,0.0768,4.33,45.24,-81.94,0.8706,0.2915,12.16,4.07,-1.73,50.4,50.4,12.6,-0.15
2669,30.0,2.191,9.961,30.032,2.259,9.979,0.0768,4.31,45.24,-81.96,0.8702,0.2921,12.15,4.08,-1.73,50.4,50.4,12.6,-0.15
2670,30.0,2.176,9.961,30.031,2.244,9.979,0.0767,4.26,45.24,-81.96,0.8699,0.2926,12.15,4.08,-1.73,50.4,50.4,12.6,-0.15
2671,30.0,2.161,9.961,30.031,2.229,9.979,0.0767,4.24,45.24,-81.96,0.8696,0.2931,12.14,4.09,-1.73,50.4,50.4,12.6,-0.15
2672,30.0,2.146,9.961,30.031,2.214,9.979,0.0766,4.22,45.24,-81.96,0.8693,0.2936,12.14,4.1,-1.73,50.4,50.4,12.6,-0.15
2673,30.0,2.131,9.961,30.031,2.199,9.979,0.0765,4.2,45.24,-81.98,0.8695,0.2941,12.14,4.11,-1.73,50.4,50.4,12.6,-0.11
2674,30.0,2.116,9.961,30.031,2.184,9.979,0.0765,4.15,45.24,-81.98,0.8693,0.2946,12.14,4.11,-1.73,50.4,50.4,12.6,-0.06
2675,30.0,2.101,9.961,30.031,2.168,9.979,0.0764,4.13,45.24,-81.98,0.8691,0.2952,12.14,4.12,-1.73,50.4,50.4,12.6,-0.1
2676,30.0,2.086,9.961,30.031,2.153,9.98,0.0765,4.11,45.26,-81.98,0.8671,0.2957,12.11,4.13,-1.73,50.4,50.4,12.6,-0.15
2677,30.0,2.071,9.961,30.031,2.138,9.979,0.0763,4.06,45.26,-82.0,0.8684,0.2962,12.12,4.14,-1.73,50.4,50.4,12.6,-0.15
2678,30.0,2.056,9.961,30.031,2.123,9.979,0.0762,4.04,45.26,-82.0,0.8679,0.2967,12.12,4.14,-1.73,50.4,50.4,12.6,-0.15
2679,30.0,2.041,9.961,30.031,2.108,9.979,0.0762,4.02,45.26,-82.0,0.8676,0.2972,12.11,4.15,-1.73,50.4,50.4,12.6,-0.15
2680,30.0,2.026,9.961,30.031,2.093,9.979,0.0761,3.98,45.26,-82.0,0.8673,0.2977,12.11,4.16,-1.73,50.4,50.4,12.6,-0.15
2681,30.0,2.011,9.961,30.031,2.078,9.979,0.0761,3.96,45.26,-82.0,0.867,0.2982,12.11,4.16,-1.73,50.4,50.4,12.6,-0.15
2682,30.0,1.996,9.961,30.031,2.063,9.979,0.076,3.93,45.26,-82.02,0.8667,0.2987,12.1,4.17,-1.73,50.4,50.4,12.6,-0.15
2683,30.0,1.981,9.961,30.03,2.048,9.979,0.0759,3.91,45.26,-82.02,0.8664,0.2992,12.1,4.18,-1.73,50.4,50.4,12.6,-0.15
2684,30.0,1.966,9.961,30.03,2.033,9.979,0.0759,3.87,45.26,-82.02,0.8661,0.2997,12.09,4.18,-1.73,50.4,50.4,12.6,-0.15
2685,30.0,1.951,9.961,30.03,2.018,9.979,0.0758,3.85,45.26,-82.02,0.8658,0.3002,12.09,4.19,-1.73,50.4,50.4,12.6,-0.15
2686,30.0,1.936,9.961,30.03,2.003,9.979,0.0758,3.82,45.29,-82.05,0.8655,0.3007,12.08,4.2,-1.73,50.4,50.4,12.6,-0.15
2687,30.0,1.921,9.961,30.03,1.988,9.979,0.0757,3.78,45.29,-82.05,0.8652,0.3013,12.08,4.21,-1.73,50.4,50.4,12.6,-0.15
2688,30.0,1.906,9.961,30.03,1.973,9.979,0.0757,3.76,45.29,-82.05,0.8649,0.3018,12.08,4.21,-1.73,50.4,50.4,12.6,-0.15
2689,30.0,1.891,9.961,30.03,1.958,9.979,0.0756,3.74,45.29,-82.05,0.8646,0.3023,12.07,4.22,-1.73,50.4,50.4,12.6,-0.15
2690,30.0,1.876,9.961,30.03,1.943,9.979,0.0756,3.69,45.29,-82.05,0.8643,0.3028,12.07,4.23,-1.73,50.4,50.4,12.6,-0.15
2691,30.0,1.861,9.961,30.03,1.928,9.979,0.0755,3.67,45.29,-82.07,0.864,0.3033,12.06,4.23,-1.72,50.4,50.4,12.6,-0.15
2692,30.0,1.846,9.961,30.03,1.913,9.979,0.0754,3.65,45.29,-82.07,0.8637,0.3038,12.06,4.24,-1.72,50.4,50.4,12.6,-0.15
2693,30.0,1.831,9.961,30.03,1.898,9.979,0.0754,3.63,45.29,-82.07,0.8634,0.3043,12.06,4.25,-1.72,50.4,50.4,12.6,-0.15
2694,30.0,1.816,9.961,30.03,1.883,9.979,0.0753,3.58,45.29,-82.07,0.8631,0.3048,12.05,4.26,-1.72,50.4,50.4,12.6,-0.15
2695,30.0,1.801,9.961,30.03,1.868,9.979,0.0753,3.56,45.31,-82.07,0.8632,0.3053,12.05,4.26,-1.72,50.4,50.4,12.6,-0.09
2696,30.0,1.786,9.961,30.029,1.853,9.979,0.0752,3.54,45.31,-82.09,0.8631,0.3059,12.05,4.27,-1.73,50.4,50.4,12.6,-0.06
2697,30.0,1.771,9.961,30.029,1.838,9.979,0.0751,3.49,45.31,-82.09,0.8628,0.3064,12.05,4.28,-1.72,50.4,50.4,12.6,-0.12
2698,30.0,1.756,9.961,30.029,1.823,9.98,0.0752,3.47,45.31,-82.09,0.8611,0.3069,12.02,4.29,-1.72,50.4,50.4,12.6,-0.15
2699,30.0,1.741,9.961,30.029,1.808,9.979,0.075,3.45,45.31,-82.09,0.8621,0.3074,12.04,4.29,-1.72,50.4,50.4,12.6,-0.15
2700,30.0,1.726,9.961,30.029,1.793,9.979,0.075,3.41,45.31,-82.09,0.8616,0.3079,12.03,4.3,-1.72,50.4,50.4,12.6,-0.15
2701,30.0,1.711,9.961,30.029,1.777,9.979,0.0749,3.38,45.31,-82.11,0.8613,0.3084,12.03,4.31,-1.72,50.4,50.4,12.6,-0.15
2702,30.0,1.696,9.961,30.029,1.762,9.979,0.0749,3.36,45.31,-82.11,0.861,0.3089,12.02,4.31,-1.72,50.4,50.4,12.6,-0.15
2703,30.0,1.681,9.961,30.029,1.747,9.979,0.0748,3.34,45.31,-82.11,0.8608,0.3094,12.02,4.32,-1.72,50.4,50.4,12.6,-0.15
2704,30.0,1.666,9.961,30.029,1.732,9.979,0.0748,3.3,45.31,-82.11,0.8605,0.31,12.01,4.33,-1.72,50.4,50.4,12.6,-0.15
2705,30.0,1.651,9.961,30.029,1.717,9.979,0.0747,3.27,45.33,-82.11,0.8602,0.3105,12.01,4.33,-1.72,50.4,50.4,12.6,-0.15
2706,30.0,1.636,9.961,30.029,1.702,9.979,0.0746,3.25,45.33,-82.13,0.8599,0.311,12.01,4.34,-1.72,50.4,50.4,12.6,-0.15
2707,30.0,1.621,9.961,30.029,1.687,9.979,0.0746,3.21,45.33,-82.13,0.8596,0.3115,12.0,4.35,-1.72,50.4,50.4,12.6,-0.15
2708,30.0,1.606,9.961,30.028,1.672,9.979,0.0745,3.19,45.33,-82.13,0.8593,0.312,12.0,4.36,-1.72,50.4,50.4,12.6,-0.15
2709,30.0,1.591,9.961,30.028,1.657,9.979,0.0745,3.16,45.33,-82.13,0.859,0.3125,11.99,4.36,-1.72,50.4,50.4,12.6,-0.15
2710,30.0,1.576,9.961,30.028,1.642,9.979,0.0744,3.12,45.33,-82.13,0.8587,0.313,11.99,4.37,-1.72,50.4,50.4,12.6,-0.15
2711,30.0,1.561,9.961,30.028,1.627,9.979,0.0744,3.1,45.33,-82.13,0.8584,0.3135,11.99,4.38,-1.72,50.4,50.4,12.6,-0.15
2712,30.0,1.546,9.961,30.028,1.612,9.979,0.0743,3.08,45.33,-82.16,0.8581,0.314,11.98,4.38,-1.72,50.4,50.4,12.6,-0.15
2713,30.0,1.531,9.961,30.028,1.597,9.979,0.0743,3.05,45.33,-82.16,0.8578,0.3145,11.98,4.39,-1.72,50.4,50.4,12.6,-0.15
2714,30.0,1.516,9.961,30.028,1.582,9.979,0.0742,3.01,45.33,-82.16,0.8575,0.3151,11.97,4.4,-1.72,50.4,50.4,12.6,-0.15
2715,30.0,1.501,9.961,30.028,1.567,9.979,0.0742,2.99,45.33,-82.16,0.8572,0.3156,11.97,4.41,-1.72,50.4,50.4,12.6,-0.15
2716,30.0,1.486,9.961,30.028,1.552,9.979,0.0741,2.97,45.35,-82.16,0.8569,0.3161,11.96,4.41,-1.72,50.4,50.4,12.6,-0.15
2717,30.0,1.471,9.961,30.028,1.537,9.979,0.074,2.92,45.35,-82.16,0.857,0.3166,11.97,4.42,-1.72,50.4,50.4,12.6,-0.07
2718,30.0,1.456,9.961,30.028,1.522,9.979,0.074,2.9,45.35,-82.18,0.8569,0.3172,11.96,4.43,-1.72,50.4,50.4,12.6,-0.06
2719,30.0,1.441,9.961,30.028,1.507,9.979,0.0739,2.88,45.35,-82.18,0.8566,0.3177,11.96,4.44,-1.72,50.4,50.4,12.6,-0.14
2720,30.0,1.426,9.961,30.027,1.492,9.979,0.074,2.83,45.35,-82.18,0.8552,0.3182,11.94,4.44,-1.72,50.4,50.4,12.6,-0.15
2721,30.0,1.411,9.961,30.027,1.477,9.979,0.0738,2.81,45.35,-82.18,0.8559,0.3187,11.95,4.45,-1.72,50.4,50.4,12.6,-0.15
2722,30.0,1.396,9.961,30.027,1.462,9.979,0.0738,2.79,45.35,-82.18,0.8555,0.3192,11.95,4.46,-1.72,50.4,50.4,12.6,-0.15
2723,30.0,1.381,9.961,30.027,1.447,9.979,0.0737,2.77,45.35,-82.18,0.8552,0.3197,11.94,4.46,-1.72,50.4,50.4,12.6,-0.15
2724,30.0,1.366,9.961,30.027,1.432,9.979,0.0737,2.72,45.35,-82.2,0.8549,0.3202,11.94,4.47,-1.72,50.4,50.4,12.6,-0.15
2725,30.0,1.351,9.961,30.027,1.417,9.979,0.0736,2.7,45.35,-82.2,0.8546,0.3207,11.93,4.48,-1.72,50.4,50.4,12.6,-0.15
2726,30.0,1.336,9.961,30.027,1.402,9.979,0.0735,2.68,45.35,-82.2,0.8543,0.3212,11.93,4.49,-1.72,50.4,50.4,12.6,-0.15
2727,30.0,1.321,9.961,30.027,1.387,9.979,0.0735,2.64,45.35,-82.2,0.8541,0.3217,11.92,4.49,-1.72,50.4,50.4,12.6,-0.15
2728,30.0,1.306,9.961,30.027,1.372,9.979,0.0734,2.61,45.35,-82.2,0.8538,0.3223,11.92,4.5,-1.72,50.4,50.4,12.6,-0.15
2729,30.0,1.291,9.961,30.027,1.357,9.979,0.0734,2.59,45.37,-82.2,0.8535,0.3228,11.92,4.51,-1.72,50.4,50.4,12.6,-0.15
2730,30.0,1.276,9.961,30.027,1.341,9.979,0.0733,2.55,45.37,-82.22,0.8532,0.3233,11.91,4.51,-1.72,50.4,50.4,12.6,-0.15
2731,30.0,1.261,9.961,30.027,1.326,9.979,0.0733,2.53,45.37,-82.22,0.8529,0.3238,11.91,4.52,-1.72,50.4,50.4,12.6,-0.15
2732,30.0,1.246,9.961,30.027,1.311,9.979,0.0732,2.5,45.37,-82.22,0.8526,0.3243,11.9,4.53,-1.72,50.4,50.4,12.6,-0.15
2733,30.0,1.231,9.961,30.026,1.296,9.979,0.0732,2.48,45.37,-82.22,0.8523,0.3248,11.9,4.54,-1.72,50.4,50.4,12.6,-0.15
2734,30.0,1.216,9.961,30.026,1.281,9.979,0.0731,2.44,45.37,-82.22,0.852,0.3253,11.9,4.54,-1.72,50.4,50.4,12.6,-0.15
2735,30.0,1.201,9.961,30.026,1.266,9.979,0.0731,2.42,45.37,-82.22,0.8517,0.3258,11.89,4.55,-1.72,50.4,50.4,12.6,-0.15
2736,30.0,1.186,9.961,30.026,1.251,9.979,0.073,2.4,45.37,-82.22,0.8515,0.3264,11.89,4.56,-1.72,50.4,50.4,12.6,-0.15
2737,30.0,1.171,9.961,30.026,1.236,9.979,0.073,2.35,45.37,-82.24,0.8512,0.3269,11.88,4.56,-1.72,50.4,50.4,12.6,-0.15
2738,30.0,1.156,9.961,30.026,1.221,9.979,0.0729,2.33,45.37,-82.24,0.851,0.3274,11.88,4.57,-1.72,50.4,50.4,12.6,-0.14
2739,30.0,1.141,9.961,30.026,1.206,9.979,0.0729,2.31,45.37,-82.24,0.8509,0.3279,11.88,4.58,-1.72,50.4,50.4,12.6,-0.06
2740,30.0,1.126,9.961,30.026,1.191,9.979,0.0728,2.26,45.37,-82.24,0.8508,0.3285,11.88,4.59,-1.72,50.4,50.4,12.6,-0.07
2741,30.0,1.111,9.961,30.026,1.176,9.979,0.0728,2.24,45.37,-82.24,0.8497,0.329,11.86,4.59,-1.72,50.4,50.4,12.6,-0.15
2742,30.0,1.096,9.961,30.026,1.161,9.979,0.0727,2.22,45.37,-82.24,0.8501,0.3295,11.87,4.6,-1.72,50.4,50.4,12.6,-0.15
2743,30.0,1.081,9.961,30.026,1.146,9.979,0.0726,2.18,45.4,-82.24,0.8498,0.33,11.87,4.61,-1.72,50.4,50.4,12.6,-0.15
2744,30.0,1.066,9.961,30.026,1.131,9.979,0.0726,2.15,45.4,-82.24,0.8495,0.3305,11.86,4.61,-1.72,50.4,50.4,12.6,-0.15
2745,30.0,1.051,9.961,30.026,1.116,9.979,0.0725,2.13,45.4,-82.27,0.8492,0.331,11.86,4.62,-1.72,50.4,50.4,12.6,-0.15
2746,30.0,1.036,9.961,30.025,1.101,9.979,0.0725,2.11,45.4,-82.27,0.8489,0.3315,11.85,4.63,-1.72,50.4,50.4,12.6,-0.15
2747,30.0,1.021,9.961,30.025,1.086,9.979,0.0724,2.07,45.4,-82.27,0.8486,0.332,11.85,4.64,-1.72,50.4,50.4,12.6,-0.15
2748,30.0,1.006,9.961,30.025,1.071,9.979,0.0724,2.04,45.4,-82.27,0.8483,0.3326,11.84,4.64,-1.72,50.4,50.4,12.6,-0.15
2749,30.0,0.991,9.961,30.025,1.056,9.979,0.0723,2.02,45.4,-82.27,0.848,0.3331,11.84,4.65,-1.72,50.4,50.4,12.6,-0.15
2750,30.0,0.976,9.961,30.025,1.041,9.979,0.0723,1.98,45.4,-82.27,0.8478,0.3336,11.84,4.66,-1.72,50.4,50.4,12.6,-0.15
2751,30.0,0.961,9.961,30.025,1.026,9.979,0.0722,1.96,45.4,-82.27,0.8475,0.3341,11.83,4.66,-1.72,50.4,50.4,12.6,-0.15
2752,30.0,0.946,9.961,30.025,1.011,9.979,0.0722,1.93,45.4,-82.27,0.8472,0.3346,11.83,4.67,-1.72,50.4,50.4,12.6,-0.15
2753,30.0,0.93,9.961,30.025,0.996,9.979,0.0722,1.89,45.4,-82.29,0.8469,0.3351,11.83,4.68,-1.72,50.4,50.4,12.6,-0.15
2754,30.0,0.915,9.961,30.025,0.981,9.979,0.0721,1.87,45.4,-82.29,0.8466,0.3356,11.82,4.69,-1.72,50.4,50.4,12.6,-0.15
2755,30.0,0.9,9.961,30.025,0.966,9.979,0.0721,1.85,45.4,-82.29,0.8463,0.3361,11.82,4.69,-1.72,50.4,50.4,12.6,-0.15
2756,30.0,0.885,9.961,30.025,0.951,9.979,0.072,1.82,45.4,-82.29,0.8461,0.3367,11.81,4.7,-1.72,50.4,50.4,12.6,-0.15
2757,30.0,0.87,9.961,30.025,0.936,9.979,0.072,1.78,45.4,-82.29,0.8458,0.3372,11.81,4.71,-1.72,50.4,50.4,12.6,-0.15
2758,30.0,0.855,9.961,30.024,0.921,9.979,0.0719,1.76,45.4,-82.29,0.8455,0.3377,11.81,4.71,-1.72,50.4,50.4,12.6,-0.15
2759,30.0,0.84,9.961,30.024,0.906,9.979,0.0719,1.74,45.4,-82.29,0.8452,0.3382,11.8,4.72,-1.71,50.4,50.4,12.6,-0.15
2760,30.0,0.825,9.961,30.024,0.891,9.979,0.0718,1.69,45.42,-82.29,0.845,0.3387,11.8,4.73,-1.71,50.4,50.4,12.6,-0.12
2761,30.0,0.81,9.961,30.024,0.875,9.979,0.0717,1.67,45.42,-82.29,0.8449,0.3393,11.8,4.74,-1.71,50.4,50.4,12.6,-0.06
2762,30.0,0.795,9.961,30.024,0.86,9.979,0.0717,1.65,45.42,-82.31,0.8447,0.3398,11.79,4.74,-1.71,50.4,50.4,12.6,-0.1
2763,30.0,0.78,9.961,30.024,0.845,9.979,0.0717,1.6,45.42,-82.31,0.8441,0.3403,11.79,4.75,-1.71,50.4,50.4,12.6,-0.15
2764,30.0,0.765,9.961,30.024,0.83,9.979,0.0716,1.58,45.42,-82.31,0.8442,0.3408,11.79,4.76,-1.71,50.4,50.4,12.6,-0.15
2765,30.0,0.75,9.961,30.024,0.815,9.979,0.0715,1.56,45.42,-82.31,0.8438,0.3413,11.78,4.77,-1.71,50.4,50.4,12.6,-0.15
2766,30.0,0.735,9.961,30.024,0.8,9.979,0.0715,1.52,45.42,-82.31,0.8436,0.3419,11.78,4.77,-1.71,50.4,50.4,12.6,-0.15
2767,30.0,0.72,9.961,30.024,0.785,9.979,0.0714,1.49,45.42,-82.31,0.8433,0.3424,11.77,4.78,-1.71,50.4,50.4,12.6,-0.15
2768,30.0,0.705,9.961,30.024,0.77,9.979,0.0714,1.47,45.42,-82.31,0.843,0.3429,11.77,4.79,-1.71,50.4,50.4,12.6,-0.15
2769,30.0,0.69,9.961,30.024,0.755,9.979,0.0713,1.45,45.42,-82.31,0.8427,0.3434,11.77,4.79,-1.71,50.4,50.4,12.6,-0.15
2770,30.0,0.675,9.961,30.023,0.74,9.979,0.0713,1.41,45.42,-82.31,0.8424,0.3439,11.76,4.8,-1.71,50.4,50.4,12.6,-0.15
2771,30.0,0.66,9.961,30.023,0.725,9.979,0.0713,1.38,45.42,-82.31,0.8421,0.3444,11.76,4.81,-1.71,50.4,50.4,12.6,-0.15
2772,30.0,0.645,9.961,30.023,0.71,9.979,0.0712,1.36,45.42,-82.31,0.8419,0.3449,11.75,4.82,-1.71,50.4,50.4,12.6,-0.15
2773,30.0,0.63,9.961,30.023,0.695,9.979,0.0712,1.32,45.42,-82.33,0.8416,0.3455,11.75,4.82,-1.71,50.4,50.4,12.6,-0.15
2774,30.0,0.615,9.961,30.023,0.68,9.979,0.0711,1.3,45.42,-82.33,0.8413,0.346,11.75,4.83,-1.71,50.4,50.4,12.6,-0.15
2775,30.0,0.6,9.961,30.023,0.665,9.979,0.0711,1.27,45.42,-82.33,0.841,0.3465,11.74,4.84,-1.71,50.4,50.4,12.6,-0.15
2776,30.0,0.585,9.961,30.023,0.65,9.979,0.071,1.23,45.42,-82.33,0.8407,0.347,11.74,4.85,-1.71,50.4,50.4,12.6,-0.15
2777,30.0,0.57,9.961,30.023,0.635,9.979,0.071,1.21,45.42,-82.33,0.8404,0.3475,11.73,4.85,-1.71,50.4,50.4,12.6,-0.15
2778,30.0,0.555,9.961,30.023,0.62,9.979,0.0709,1.19,45.42,-82.33,0.8402,0.348,11.73,4.86,-1.71,50.4,50.4,12.6,-0.15
2779,30.0,0.54,9.961,30.023,0.605,9.979,0.0709,1.16,45.42,-82.33,0.8399,0.3485,11.73,4.87,-1.71,50.4,50.4,12.6,-0.15
2780,30.0,0.525,9.961,30.023,0.59,9.979,0.0708,1.12,45.42,-82.33,0.8396,0.3491,11.72,4.87,-1.71,50.4,50.4,12.6,-0.15
2781,30.0,0.51,9.961,30.023,0.575,9.979,0.0708,1.1,45.42,-82.33,0.8393,0.3496,11.72,4.88,-1.71,50.4,50.4,12.6,-0.15
2782,30.0,0.495,9.961,30.023,0.56,9.979,0.0707,1.08,45.44,-82.33,0.8392,0.3501,11.72,4.89,-1.71,50.4,50.4,12.6,-0.09
2783,30.0,0.48,9.961,30.022,0.545,9.979,0.0707,1.03,45.44,-82.33,0.8391,0.3507,11.72,4.9,-1.71,50.4,50.4,12.6,-0.06
2784,30.0,0.465,9.961,30.022,0.53,9.979,0.0706,1.01,45.44,-82.33,0.8388,0.3512,11.71,4.9,-1.71,50.4,50.4,12.6,-0.12
2785,30.0,0.45,9.961,30.022,0.515,9.979,0.0706,0.99,45.44,-82.33,0.8385,0.3517,11.71,4.91,-1.71,50.4,50.4,12.6,-0.15
2786,30.0,0.435,9.961,30.022,0.5,9.979,0.0705,0.94,45.44,-82.35,0.8382,0.3522,11.7,4.92,-1.71,50.4,50.4,12.6,-0.15
2787,30.0,0.42,9.961,30.022,0.485,9.979,0.0705,0.92,45.44,-82.35,0.838,0.3527,11.7,4.92,-1.71,50.4,50.4,12.6,-0.15
2788,30.0,0.405,9.961,30.022,0.47,9.979,0.0704,0.9,45.44,-82.35,0.8377,0.3532,11.7,4.93,-1.71,50.4,50.4,12.6,-0.15
2789,30.0,0.39,9.961,30.022,0.455,9.979,0.0704,0.86,45.44,-82.35,0.8374,0.3538,11.69,4.94,-1.71,50.4,50.4,12.6,-0.15
2790,30.0,0.375,9.961,30.022,0.44,9.979,0.0704,0.83,45.44,-82.35,0.8371,0.3543,11.69,4.95,-1.71,50.4,50.4,12.6,-0.15
2791,30.0,0.36,9.961,30.022,0.425,9.979,0.0703,0.81,45.44,-82.35,0.8368,0.3548,11.68,4.95,-1.71,50.4,50.4,12.6,-0.15
2792,30.0,0.345,9.961,30.022,0.41,9.979,0.0703,0.79,45.44,-82.35,0.8366,0.3553,11.68,4.96,-1.71,50.4,50.4,12.6,-0.15
2793,30.0,0.33,9.961,30.022,0.395,9.979,0.0702,0.75,45.44,-82.35,0.8363,0.3558,11.68,4.97,-1.71,50.4,50.4,12.6,-0.15
2794,30.0,0.315,9.961,30.022,0.38,9.979,0.0702,0.73,45.44,-82.35,0.836,0.3563,11.67,4.98,-1.71,50.4,50.4,12.6,-0.15
2795,30.0,0.3,9.961,30.021,0.364,9.979,0.0701,0.7,45.44,-82.35,0.8357,0.3569,11.67,4.98,-1.71,50.4,50.4,12.6,-0.15
2796,30.0,0.285,9.961,30.021,0.349,9.979,0.0701,0.66,45.44,-82.35,0.8354,0.3574,11.66,4.99,-1.71,50.4,50.4,12.6,-0.15
2797,30.0,0.27,9.961,30.021,0.334,9.979,0.07,0.64,45.44,-82.35,0.8352,0.3579,11.66,5.0,-1.71,50.4,50.4,12.6,-0.15
2798,30.0,0.255,9.961,30.021,0.319,9.979,0.07,0.62,45.44,-82.35,0.8349,0.3584,11.66,5.0,-1.71,50.4,50.4,12.6,-0.15
2799,30.0,0.24,9.961,30.021,0.304,9.979,0.07,0.57,45.44,-82.35,0.8346,0.3589,11.65,5.01,-1.71,50.4,50.4,12.6,-0.15
2800,30.0,0.225,9.961,30.021,0.289,9.979,0.0699,0.55,45.44,-82.35,0.8343,0.3594,11.65,5.02,-1.71,50.4,50.4,12.6,-0.15
2801,30.0,0.21,9.961,30.021,0.274,9.979,0.0699,0.53,45.44,-82.35,0.834,0.36,11.65,5.03,-1.71,50.4,50.4,12.6,-0.15
2802,30.0,0.195,9.961,30.021,0.259,9.979,0.0698,0.51,45.44,-82.35,0.8338,0.3605,11.64,5.03,-1.71,50.4,50.4,12.6,-0.15
2803,30.0,0.18,9.961,30.021,0.244,9.979,0.0698,0.46,45.44,-82.35,0.8335,0.361,11.64,5.04,-1.71,50.4,50.4,12.6,-0.15
2804,30.0,0.165,9.961,30.021,0.229,9.979,0.0697,0.44,45.44,-82.38,0.8334,0.3615,11.64,5.05,-1.71,50.4,50.4,12.6,-0.07
2805,30.0,0.15,9.961,30.021,0.214,9.978,0.0697,0.42,45.44,-82.38,0.8333,0.3621,11.63,5.06,-1.71,50.4,50.4,12.6,-0.06
2806,30.0,0.135,9.961,30.021,0.199,9.978,0.0696,0.37,45.44,-82.38,0.833,0.3626,11.63,5.06,-1.71,50.4,50.4,12.6,-0.14
2807,30.0,0.12,9.961,30.02,0.184,9.978,0.0696,0.35,45.44,-82.38,0.8327,0.3631,11.63,5.07,-1.71,50.4,50.4,12.6,-0.15
2808,30.0,0.105,9.961,30.02,0.169,9.978,0.0695,0.33,45.44,-82.38,0.8324,0.3636,11.62,5.08,-1.71,50.4,50.4,12.6,-0.15
2809,30.0,0.09,9.961,30.02,0.154,9.979,0.0695,0.29,45.44,-82.38,0.8321,0.3642,11.62,5.08,-1.7,50.4,50.4,12.6,-0.15
2810,30.0,0.075,9.961,30.02,0.139,9.979,0.0695,0.26,45.44,-82.38,0.8319,0.3647,11.62,5.09,-1.7,50.4,50.4,12.6,-0.15
2811,30.0,0.06,9.961,30.02,0.124,9.979,0.0694,0.24,45.44,-82.38,0.8316,0.3652,11.61,5.1,-1.7,50.4,50.4,12.6,-0.15
2812,30.0,0.045,9.961,30.02,0.109,9.979,0.0694,0.2,45.44,-82.38,0.8313,0.3657,11.61,5.11,-1.7,50.4,50.4,12.6,-0.15
2813,30.0,0.03,9.961,30.02,0.094,9.979,0.0693,0.18,45.44,-82.38,0.831,0.3662,11.6,5.11,-1.7,50.4,50.4,12.6,-0.15
2814,30.0,0.015,9.961,30.02,0.079,9.979,0.0693,0.15,45.44,-82.38,0.8308,0.3667,11.6,5.12,-1.7,50.4,50.4,12.6,-0.15
2815,30.0,-0.0,9.961,30.012,0.064,9.986,0.0699,0.13,45.48,-82.4,0.7987,0.3991,11.15,5.57,-1.7,50.4,50.4,12.6,-0.15
2816,30.0,-0.015,9.961,30.02,0.049,9.979,0.0693,0.09,45.44,-82.38,0.8309,0.3666,11.6,5.12,-1.7,50.4,50.4,12.6,-0.15
2817,30.0,-0.03,9.961,30.02,0.034,9.979,0.0693,0.07,45.44,-82.38,0.8311,0.366,11.6,5.11,-1.7,50.4,50.4,12.6,-0.15
2818,30.0,-0.045,9.961,30.02,0.019,9.979,0.0694,0.04,45.44,-82.38,0.831,0.3655,11.6,5.1,-1.7,50.4,50.4,12.6,-0.15
2819,30.0,-0.06,9.961,30.018,0.004,10.013,0.0844,0.0,45.51,-82.38,0.7657,0.365,10.69,5.1,-1.7,50.4,50.4,12.6,-0.15
2820,30.0,-0.075,9.961,30.018,-0.011,10.013,0.0845,-0.02,45.51,-82.38,0.7656,0.3645,10.69,5.09,-1.7,50.4,50.4,12.6,-0.15
2821,30.0,-0.09,9.961,30.018,-0.026,10.013,0.0846,-0.04,45.51,-82.38,0.7653,0.364,10.69,5.08,-1.7,50.4,50.4,12.6,-0.15
2822,30.0,-0.105,9.961,30.018,-0.041,10.013,0.0847,-0.09,45.51,-82.38,0.7651,0.3635,10.68,5.07,-1.7,50.4,50.4,12.6,-0.15
2823,30.0,-0.12,9.961,30.018,-0.056,10.014,0.0848,-0.11,45.51,-82.38,0.7648,0.3629,10.68,5.07,-1.7,50.4,50.4,12.6,-0.15
2824,30.0,-0.135,9.961,30.018,-0.071,10.014,0.0849,-0.13,45.51,-82.38,0.7645,0.3624,10.67,5.06,-1.7,50.4,50.4,12.6,-0.15
2825,30.0,-0.15,9.961,30.021,-0.086,9.978,0.0691,-0.15,45.44,-82.38,0.8338,0.3619,11.64,5.05,-1.7,50.4,50.4,12.6,-0.14
2826,30.0,-0.165,9.961,30.021,-0.101,9.978,0.0691,-0.2,45.44,-82.38,0.8335,0.3613,11.64,5.05,-1.7,50.4,50.4,12.6,-0.06
2827,30.0,-0.18,9.961,30.021,-0.116,9.978,0.0691,-0.22,45.44,-82.38,0.8336,0.3608,11.64,5.04,-1.7,50.4,50.4,12.6,-0.07
2828,30.0,-0.195,9.961,30.018,-0.131,10.014,0.0851,-0.24,45.51,-82.38,0.7643,0.3603,10.67,5.03,-1.7,50.4,50.4,12.6,-0.15
2829,30.0,-0.21,9.961,30.018,-0.146,10.015,0.0854,-0.29,45.51,-82.38,0.7631,0.3598,10.65,5.02,-1.7,50.4,50.4,12.6,-0.15
2830,30.0,-0.225,9.961,30.018,-0.161,10.015,0.0853,-0.31,45.51,-82.38,0.763,0.3593,10.65,5.02,-1.7,50.4,50.4,12.6,-0.15
2831,30.0,-0.24,9.961,30.018,-0.176,10.015,0.0852,-0.33,45.51,-82.38,0.7628,0.3587,10.65,5.01,-1.7,50.4,50.4,12.6,-0.15
2832,30.0,-0.255,9.961,30.017,-0.192,10.015,0.0852,-0.37,45.51,-82.38,0.7625,0.3582,10.65,5.0,-1.7,50.4,50.4,12.6,-0.15
2833,30.0,-0.27,9.961,30.017,-0.207,10.015,0.0851,-0.4,45.51,-82.38,0.7622,0.3577,10.64,4.99,-1.7,50.4,50.4,12.6,-0.15
2834,30.0,-0.285,9.961,30.017,-0.222,10.014,0.0851,-0.42,45.51,-82.38,0.762,0.3572,10.64,4.99,-1.7,50.4,50.4,12.6,-0.15
2835,30.0,-0.3,9.961,30.017,-0.237,10.014,0.085,-0.46,45.51,-82.38,0.7617,0.3567,10.64,4.98,-1.7,50.4,50.4,12.6,-0.15
2836,30.0,-0.315,9.961,30.017,-0.252,10.014,0.0849,-0.48,45.51,-82.38,0.7614,0.3562,10.63,4.97,-1.7,50.4,50.4,12.6,-0.15
2837,30.0,-0.33,9.961,30.017,-0.267,10.014,0.0847,-0.51,45.51,-82.38,0.7611,0.3556,10.63,4.97,-1.7,50.4,50.4,12.6,-0.15
2838,30.0,-0.345,9.961,30.017,-0.282,10.014,0.0846,-0.53,45.51,-82.38,0.7609,0.3551,10.62,4.96,-1.7,50.4,50.4,12.6,-0.15
2839,30.0,-0.36,9.961,30.016,-0.297,10.014,0.0845,-0.57,45.51,-82.38,0.7606,0.3546,10.62,4.95,-1.7,50.4,50.4,12.6,-0.15
2840,30.0,-0.375,9.961,30.016,-0.312,10.014,0.0843,-0.59,45.51,-82.38,0.7603,0.3541,10.62,4.94,-1.7,50.4,50.4,12.6,-0.15
2841,30.0,-0.39,9.961,30.016,-0.327,10.014,0.0841,-0.62,45.51,-82.38,0.7601,0.3536,10.61,4.94,-1.7,50.4,50.4,12.6,-0.15
2842,30.0,-0.405,9.961,30.016,-0.342,10.013,0.084,-0.66,45.51,-82.38,0.7598,0.3531,10.61,4.93,-1.7,50.4,50.4,12.6,-0.15
2843,30.0,-0.42,9.961,30.015,-0.357,10.013,0.0838,-0.68,45.51,-82.38,0.7595,0.3525,10.6,4.92,-1.7,50.4,50.4,12.6,-0.15
2844,30.0,-0.435,9.961,30.015,-0.372,10.013,0.0835,-0.7,45.51,-82.38,0.7593,0.352,10.6,4.92,-1.7,50.4,50.4,12.6,-0.15
2845,30.0,-0.45,9.961,30.015,-0.387,10.013,0.0833,-0.75,45.51,-82.38,0.759,0.3515,10.6,4.91,-1.7,50.4,50.4,12.6,-0.15
2846,30.0,-0.465,9.961,30.015,-0.402,10.012,0.0831,-0.77,45.51,-82.38,0.7587,0.351,10.59,4.9,-1.7,50.4,50.4,12.6,-0.15
2847,30.0,-0.48,9.961,30.015,-0.417,10.009,0.0811,-0.79,45.51,-82.38,0.7644,0.3505,10.67,4.89,-1.7,50.4,50.4,12.6,-0.12
2848,30.0,-0.495,9.961,30.017,-0.432,9.973,0.0667,-0.83,45.44,-82.38,0.8328,0.3499,11.63,4.89,-1.7,50.4,50.4,12.6,-0.06
2849,30.0,-0.51,9.961,30.017,-0.447,9.971,0.0663,-0.86,45.44,-82.38,0.8376,0.3494,11.7,4.88,-1.7,50.4,50.4,12.6,-0.09
2850,30.0,-0.525,9.961,30.015,-0.462,9.972,0.0661,-0.88,45.44,-82.38,0.8312,0.3551,11.61,4.96,-1.7,50.4,50.4,12.6,-0.15
2851,30.0,-0.54,9.961,30.011,-0.477,10.006,0.0789,-0.9,45.51,-82.38,0.7627,0.3599,10.65,5.02,-1.7,50.4,50.4,12.6,-0.15
2852,30.0,-0.555,9.961,30.009,-0.492,10.007,0.0792,-0.94,45.51,-82.4,0.758,0.3646,10.58,5.09,-1.69,50.4,50.4,12.6,-0.15
2853,30.0,-0.57,9.961,29.995,-0.507,9.988,0.0696,-0.97,45.51,-82.46,0.7569,0.4331,10.57,6.05,-1.69,50.4,50.4,12.6,-0.15
2854,30.0,-0.585,9.961,29.994,-0.522,9.987,0.0691,-0.99,45.51,-82.46,0.7569,0.4379,10.57,6.11,-1.69,50.4,50.4,12.6,-0.15
2855,30.0,-0.6,9.961,29.993,-0.537,9.985,0.0687,-1.03,45.51,-82.46,0.7566,0.4426,10.56,6.18,-1.69,50.4,50.4,12.6,-0.15
2856,30.0,-0.615,9.961,29.991,-0.552,9.984,0.0684,-1.05,45.51,-82.46,0.7564,0.4474,10.56,6.25,-1.69,50.4,50.4,12.6,-0.15
2857,30.0,-0.63,9.961,29.99,-0.567,9.983,0.0682,-1.08,45.51,-82.49,0.7561,0.4522,10.56,6.31,-1.69,50.4,50.4,12.6,-0.15
2858,30.0,-0.645,9.961,29.99,-0.582,9.983,0.0681,-1.12,45.51,-82.49,0.7558,0.4536,10.55,6.33,-1.69,50.4,50.4,12.6,-0.15
2859,30.0,-0.66,9.961,29.99,-0.597,9.983,0.0681,-1.14,45.51,-82.46,0.7556,0.4539,10.55,6.34,-1.69,50.4,50.4,12.6,-0.15
2860,30.0,-0.675,9.961,29.99,-0.612,9.983,0.0681,-1.16,45.51,-82.46,0.7553,0.4544,10.55,6.35,-1.69,50.4,50.4,12.6,-0.15
2861,30.0,-0.69,9.961,29.99,-0.627,9.983,0.0682,-1.19,45.51,-82.46,0.755,0.455,10.54,6.35,-1.69,50.4,50.4,12.6,-0.15
2862,30.0,-0.705,9.961,29.99,-0.642,9.983,0.0682,-1.23,45.51,-82.46,0.7548,0.4555,10.54,6.36,-1.69,50.4,50.4,12.6,-0.15
2863,30.0,-0.72,9.961,29.99,-0.657,9.983,0.0682,-1.25,45.51,-82.46,0.7545,0.456,10.53,6.37,-1.69,50.4,50.4,12.6,-0.15
2864,30.0,-0.735,9.961,29.99,-0.672,9.983,0.0682,-1.27,45.51,-82.46,0.7542,0.4565,10.53,6.37,-1.69,50.4,50.4,12.6,-0.15
2865,30.0,-0.75,9.961,29.99,-0.687,9.983,0.0682,-1.32,45.51,-82.46,0.754,0.4571,10.53,6.38,-1.69,50.4,50.4,12.6,-0.15
2866,30.0,-0.765,9.961,29.99,-0.702,9.983,0.0682,-1.34,45.51,-82.46,0.7537,0.4576,10.52,6.39,-1.69,50.4,50.4,12.6,-0.15
2867,30.0,-0.78,9.961,29.989,-0.717,9.983,0.0682,-1.36,45.51,-82.46,0.7534,0.4581,10.52,6.4,-1.69,50.4,50.4,12.6,-0.15
2868,30.0,-0.795,9.961,29.989,-0.732,9.983,0.0682,-1.41,45.51,-82.46,0.7532,0.4586,10.52,6.4,-1.69,50.4,50.4,12.6,-0.15
2869,30.0,-0.81,9.961,29.99,-0.747,9.98,0.0673,-1.43,45.51,-82.46,0.7588,0.4592,10.6,6.41,-1.69,50.4,50.4,12.6,-0.1
2870,30.0,-0.825,9.961,29.99,-0.762,9.977,0.0666,-1.45,45.48,-82.46,0.7636,0.4597,10.66,6.42,-1.69,50.4,50.4,12.6,-0.06
2871,30.0,-0.84,9.961,29.989,-0.777,9.981,0.0676,-1.49,45.51,-82.46,0.7572,0.4603,10.57,6.43,-1.69,50.4,50.4,12.6,-0.12
2872,30.0,-0.855,9.961,29.989,-0.792,9.983,0.0684,-1.52,45.51,-82.46,0.7524,0.4608,10.51,6.43,-1.69,50.4,50.4,12.6,-0.15
2873,30.0,-0.87,9.961,29.989,-0.807,9.983,0.0685,-1.54,45.51,-82.46,0.752,0.4613,10.5,6.44,-1.69,50.4,50.4,12.6,-0.15
2874,30.0,-0.885,9.961,29.989,-0.822,9.983,0.0685,-1.56,45.51,-82.46,0.7519,0.4618,10.5,6.45,-1.69,50.4,50.4,12.6,-0.15
2875,30.0,-0.9,9.961,29.989,-0.837,9.983,0.0685,-1.6,45.51,-82.46,0.7516,0.4623,10.49,6.46,-1.69,50.4,50.4,12.6,-0.15
2876,30.0,-0.915,9.961,29.989,-0.852,9.983,0.0685,-1.63,45.51,-82.46,0.7514,0.4629,10.49,6.46,-1.69,50.4,50.4,12.6,-0.15
2877,30.0,-0.93,9.961,29.989,-0.867,9.983,0.0685,-1.65,45.51,-82.44,0.7511,0.4634,10.49,6.47,-1.69,50.4,50.4,12.6,-0.15
2878,30.0,-0.946,9.961,29.988,-0.882,9.983,0.0685,-1.69,45.51,-82.44,0.7509,0.4639,10.48,6.48,-1.69,50.4,50.4,12.6,-0.15
2879,30.0,-0.961,9.961,29.988,-0.897,9.983,0.0685,-1.71,45.51,-82.44,0.7506,0.4644,10.48,6.48,-1.69,50.4,50.4,12.6,-0.15
2880,30.0,-0.976,9.961,29.988,-0.912,9.983,0.0685,-1.74,45.51,-82.44,0.7503,0.465,10.48,6.49,-1.69,50.4,50.4,12.6,-0.15
2881,30.0,-0.991,9.961,29.988,-0.927,9.983,0.0685,-1.78,45.51,-82.44,0.7501,0.4655,10.47,6.5,-1.69,50.4,50.4,12.6,-0.15
2882,30.0,-1.006,9.961,29.988,-0.942,9.983,0.0686,-1.8,45.51,-82.44,0.7498,0.466,10.47,6.51,-1.69,50.4,50.4,12.6,-0.15
2883,30.0,-1.021,9.961,29.988,-0.957,9.983,0.0686,-1.82,45.48,-82.44,0.7495,0.4665,10.47,6.51,-1.69,50.4,50.4,12.6,-0.15
2884,30.0,-1.036,9.961,29.988,-0.972,9.983,0.0686,-1.85,45.48,-82.44,0.7493,0.4671,10.46,6.52,-1.69,50.4,50.4,12.6,-0.15
2885,30.0,-1.051,9.961,29.988,-0.987,9.983,0.0686,-1.89,45.48,-82.44,0.749,0.4676,10.46,6.53,-1.69,50.4,50.4,12.6,-0.15
2886,30.0,-1.066,9.961,29.988,-1.002,9.983,0.0686,-1.91,45.48,-82.44,0.7488,0.4681,10.45,6.54,-1.69,50.4,50.4,12.6,-0.15
2887,30.0,-1.081,9.961,29.988,-1.017,9.983,0.0686,-1.93,45.48,-82.44,0.7485,0.4686,10.45,6.54,-1.69,50.4,50.4,12.6,-0.15
2888,30.0,-1.096,9.961,29.988,-1.032,9.983,0.0686,-1.98,45.48,-82.44,0.7482,0.4692,10.45,6.55,-1.69,50.4,50.4,12.6,-0.15
2889,30.0,-1.111,9.961,29.988,-1.047,9.983,0.0686,-2.0,45.48,-82.44,0.748,0.4697,10.44,6.56,-1.68,50.4,50.4,12.6,-0.15
2890,30.0,-1.126,9.961,29.987,-1.062,9.983,0.0687,-2.02,45.48,-82.42,0.7477,0.4702,10.44,6.57,-1.68,50.4,50.4,12.6,-0.15
2891,30.0,-1.141,9.961,29.988,-1.077,9.98,0.0677,-2.07,45.48,-82.42,0.7534,0.4708,10.52,6.57,-1.68,50.4,50.4,12.6,-0.07
2892,30.0,-1.156,9.961,29.988,-1.092,9.978,0.0671,-2.09,45.48,-82.42,0.7582,0.4713,10.59,6.58,-1.68,50.4,50.4,12.6,-0.06
2893,30.0,-1.171,9.961,29.987,-1.107,9.981,0.0681,-2.11,45.48,-82.42,0.7517,0.4718,10.5,6.59,-1.68,50.4,50.4,12.6,-0.14
2894,30.0,-1.186,9.961,29.987,-1.122,9.983,0.0689,-2.15,45.48,-82.42,0.747,0.4724,10.43,6.6,-1.68,50.4,50.4,12.6,-0.15
2895,30.0,-1.201,9.961,29.987,-1.137,9.984,0.0689,-2.18,45.48,-82.42,0.7466,0.4729,10.42,6.6,-1.68,50.4,50.4,12.6,-0.15
2896,30.0,-1.216,9.961,29.987,-1.152,9.983,0.0689,-2.2,45.48,-82.42,0.7465,0.4734,10.42,6.61,-1.68,50.4,50.4,12.6,-0.15
2897,30.0,-1.231,9.961,29.987,-1.167,9.983,0.0689,-2.22,45.48,-82.42,0.7462,0.4739,10.42,6.62,-1.68,50.4,50.4,12.6,-0.15
2898,30.0,-1.246,9.961,29.987,-1.182,9.983,0.0689,-2.26,45.48,-82.42,0.746,0.4745,10.42,6.62,-1.68,50.4,50.4,12.6,-0.15
2899,30.0,-1.261,9.961,29.987,-1.197,9.983,0.069,-2.29,45.48,-82.42,0.7457,0.475,10.41,6.63,-1.68,50.4,50.4,12.6,-0.15
2900,30.0,-1.276,9.961,29.987,-1.212,9.983,0.069,-2.31,45.48,-82.4,0.7454,0.4755,10.41,6.64,-1.68,50.4,50.4,12.6,-0.15
2901,30.0,-1.291,9.961,29.987,-1.227,9.983,0.069,-2.35,45.48,-82.4,0.7452,0.476,10.4,6.65,-1.68,50.4,50.4,12.6,-0.15
2902,30.0,-1.306,9.961,29.986,-1.242,9.983,0.069,-2.37,45.48,-82.4,0.7449,0.4766,10.4,6.65,-1.68,50.4,50.4,12.6,-0.15
2903,30.0,-1.321,9.961,29.986,-1.257,9.983,0.069,-2.4,45.48,-82.4,0.7447,0.4771,10.4,6.66,-1.68,50.4,50.4,12.6,-0.15
2904,30.0,-1.336,9.961,29.986,-1.272,9.983,0.069,-2.44,45.48,-82.4,0.7444,0.4776,10.39,6.67,-1.68,50.4,50.4,12.6,-0.15
2905,30.0,-1.351,9.961,29.986,-1.287,9.983,0.0691,-2.46,45.46,-82.4,0.7442,0.4781,10.39,6.68,-1.68,50.4,50.4,12.6,-0.15
2906,30.0,-1.366,9.961,29.986,-1.302,9.983,0.0691,-2.48,45.46,-82.4,0.7439,0.4787,10.39,6.68,-1.68,50.4,50.4,12.6,-0.15
2907,30.0,-1.381,9.961,29.986,-1.317,9.983,0.0691,-2.5,45.46,-82.4,0.7436,0.4792,10.38,6.69,-1.68,50.4,50.4,12.6,-0.15
2908,30.0,-1.396,9.961,29.986,-1.332,9.983,0.0691,-2.55,45.46,-82.4,0.7434,0.4797,10.38,6.7,-1.68,50.4,50.4,12.6,-0.15
2909,30.0,-1.411,9.961,29.986,-1.347,9.983,0.0691,-2.57,45.46,-82.38,0.7431,0.4802,10.38,6.71,-1.68,50.4,50.4,12.6,-0.15
2910,30.0,-1.426,9.961,29.986,-1.362,9.983,0.0691,-2.59,45.46,-82.38,0.7429,0.4808,10.37,6.71,-1.68,50.4,50.4,12.6,-0.15
2911,30.0,-1.441,9.961,29.986,-1.377,9.983,0.0691,-2.64,45.46,-82.38,0.7426,0.4813,10.37,6.72,-1.68,50.4,50.4,12.6,-0.15
2912,30.0,-1.456,9.961,29.986,-1.392,9.983,0.0692,-2.66,45.46,-82.38,0.7424,0.4818,10.37,6.73,-1.68,50.4,50.4,12.6,-0.14
2913,30.0,-1.471,9.961,29.986,-1.407,9.98,0.0682,-2.68,45.46,-82.38,0.748,0.4824,10.44,6.74,-1.68,50.4,50.4,12.6,-0.06
2914,30.0,-1.486,9.961,29.986,-1.422,9.978,0.0675,-2.72,45.46,-82.38,0.7528,0.4829,10.51,6.74,-1.68,50.4,50.4,12.6,-0.07
2915,30.0,-1.501,9.961,29.985,-1.437,9.981,0.0686,-2.75,45.46,-82.38,0.7464,0.4835,10.42,6.75,-1.68,50.4,50.4,12.6,-0.15
2916,30.0,-1.516,9.961,29.985,-1.452,9.984,0.0694,-2.77,45.46,-82.38,0.7417,0.484,10.36,6.76,-1.68,50.4,50.4,12.6,-0.15
2917,30.0,-1.531,9.961,29.985,-1.467,9.984,0.0695,-2.79,45.46,-82.38,0.7413,0.4845,10.35,6.77,-1.68,50.4,50.4,12.6,-0.15
2918,30.0,-1.546,9.961,29.985,-1.482,9.984,0.0694,-2.83,45.46,-82.35,0.7412,0.4851,10.35,6.77,-1.68,50.4,50.4,12.6,-0.15
2919,30.0,-1.561,9.961,29.985,-1.497,9.984,0.0695,-2.86,45.46,-82.35,0.7409,0.4856,10.34,6.78,-1.68,50.4,50.4,12.6,-0.15
2920,30.0,-1.576,9.961,29.985,-1.512,9.984,0.0695,-2.88,45.46,-82.35,0.7406,0.4861,10.34,6.79,-1.68,50.4,50.4,12.6,-0.15
2921,30.0,-1.591,9.961,29.985,-1.527,9.984,0.0695,-2.92,45.46,-82.35,0.7404,0.4866,10.34,6.79,-1.68,50.4,50.4,12.6,-0.15
2922,30.0,-1.606,9.961,29.985,-1.542,9.984,0.0695,-2.94,45.44,-82.35,0.7401,0.4872,10.33,6.8,-1.68,50.4,50.4,12.6,-0.15
2923,30.0,-1.621,9.961,29.985,-1.557,9.984,0.0695,-2.97,45.44,-82.35,0.7399,0.4877,10.33,6.81,-1.68,50.4,50.4,12.6,-0.15
2924,30.0,-1.636,9.961,29.985,-1.572,9.984,0.0696,-3.01,45.44,-82.35,0.7396,0.4882,10.33,6.82,-1.67,50.4,50.4,12.6,-0.15
2925,30.0,-1.651,9.961,29.984,-1.587,9.984,0.0696,-3.03,45.44,-82.33,0.7394,0.4887,10.32,6.82,-1.67,50.4,50.4,12.6,-0.15
2926,30.0,-1.666,9.961,29.984,-1.602,9.984,0.0696,-3.05,45.44,-82.33,0.7391,0.4893,10.32,6.83,-1.67,50.4,50.4,12.6,-0.15
2927,30.0,-1.681,9.961,29.984,-1.617,9.984,0.0696,-3.08,45.44,-82.33,0.7389,0.4898,10.32,6.84,-1.67,50.4,50.4,12.6,-0.15
2928,30.0,-1.696,9.961,29.984,-1.632,9.984,0.0696,-3.12,45.44,-82.33,0.7386,0.4903,10.31,6.85,-1.67,50.4,50.4,12.6,-0.15
2929,30.0,-1.711,9.961,29.984,-1.647,9.984,0.0696,-3.14,45.44,-82.33,0.7384,0.4909,10.31,6.85,-1.67,50.4,50.4,12.6,-0.15
2930,30.0,-1.726,9.961,29.984,-1.662,9.984,0.0697,-3.16,45.44,-82.33,0.7381,0.4914,10.31,6.86,-1.67,50.4,50.4,12.6,-0.15
2931,30.0,-1.741,9.961,29.984,-1.677,9.984,0.0697,-3.21,45.44,-82.33,0.7379,0.4919,10.3,6.87,-1.67,50.4,50.4,12.6,-0.15
2932,30.0,-1.756,9.961,29.984,-1.692,9.984,0.0697,-3.23,45.44,-82.31,0.7376,0.4924,10.3,6.88,-1.67,50.4,50.4,12.6,-0.15
2933,30.0,-1.771,9.961,29.984,-1.707,9.984,0.0697,-3.25,45.44,-82.31,0.7373,0.493,10.3,6.88,-1.67,50.4,50.4,12.6,-0.15
2934,30.0,-1.786,9.961,29.984,-1.722,9.983,0.0697,-3.3,45.44,-82.31,0.7372,0.4935,10.29,6.89,-1.67,50.4,50.4,12.6,-0.12
2935,30.0,-1.801,9.961,29.984,-1.737,9.981,0.0688,-3.32,45.42,-82.31,0.7428,0.4941,10.37,6.9,-1.67,50.4,50.4,12.6,-0.06
2936,30.0,-1.816,9.961,29.983,-1.752,9.984,0.0699,-3.34,45.42,-82.31,0.7364,0.4946,10.28,6.91,-1.67,50.4,50.4,12.6,-0.09
2937,30.0,-1.831,9.961,29.983,-1.767,9.984,0.0698,-3.38,45.42,-82.31,0.7366,0.4952,10.29,6.91,-1.67,50.4,50.4,12.6,-0.15
2938,30.0,-1.846,9.961,29.983,-1.782,9.983,0.0698,-3.41,45.42,-82.29,0.7364,0.4957,10.28,6.92,-1.67,50.4,50.4,12.6,-0.15
2939,30.0,-1.861,9.961,29.983,-1.797,9.983,0.0698,-3.43,45.42,-82.29,0.7362,0.4962,10.28,6.93,-1.67,50.4,50.4,12.6,-0.15
2940,30.0,-1.876,9.961,29.983,-1.812,9.983,0.0699,-3.45,45.42,-82.29,0.7359,0.4967,10.28,6.94,-1.67,50.4,50.4,12.6,-0.15
2941,30.0,-1.891,9.961,29.983,-1.827,9.983,0.0699,-3.49,45.42,-82.29,0.7357,0.4973,10.27,6.94,-1.67,50.4,50.4,12.6,-0.15
2942,30.0,-1.906,9.961,29.983,-1.842,9.983,0.0699,-3.52,45.42,-82.29,0.7354,0.4978,10.27,6.95,-1.67,50.4,50.4,12.6,-0.15
2943,30.0,-1.921,9.961,29.983,-1.857,9.983,0.0699,-3.54,45.42,-82.29,0.7352,0.4983,10.26,6.96,-1.67,50.4,50.4,12.6,-0.15
2944,30.0,-1.936,9.961,29.983,-1.872,9.983,0.07,-3.58,45.42,-82.27,0.7349,0.4989,10.26,6.97,-1.67,50.4,50.4,12.6,-0.15
2945,30.0,-1.951,9.961,29.983,-1.887,9.983,0.07,-3.6,45.42,-82.27,0.7347,0.4994,10.26,6.97,-1.67,50.4,50.4,12.6,-0.15
2946,30.0,-1.966,9.961,29.983,-1.902,9.983,0.07,-3.63,45.42,-82.27,0.7344,0.4999,10.25,6.98,-1.67,50.4,50.4,12.6,-0.15
2947,30.0,-1.981,9.961,29.983,-1.917,9.983,0.07,-3.67,45.42,-82.27,0.7342,0.5005,10.25,6.99,-1.67,50.4,50.4,12.6,-0.15
2948,30.0,-1.996,9.961,29.982,-1.932,9.983,0.07,-3.69,45.4,-82.27,0.7339,0.501,10.25,7.0,-1.67,50.4,50.4,12.6,-0.15
2949,30.0,-2.011,9.961,29.982,-1.947,9.983,0.0701,-3.71,45.4,-82.27,0.7337,0.5015,10.24,7.0,-1.67,50.4,50.4,12.6,-0.15
2950,30.0,-2.026,9.961,29.982,-1.962,9.983,0.0701,-3.74,45.4,-82.24,0.7334,0.502,10.24,7.01,-1.67,50.4,50.4,12.6,-0.15
2951,30.0,-2.041,9.961,29.982,-1.977,9.983,0.0701,-3.78,45.4,-82.24,0.7332,0.5026,10.24,7.02,-1.67,50.4,50.4,12.6,-0.15
2952,30.0,-2.056,9.961,29.982,-1.992,9.983,0.0701,-3.8,45.4,-82.24,0.7329,0.5031,10.23,7.02,-1.67,50.4,50.4,12.6,-0.15
2953,30.0,-2.071,9.961,29.982,-2.007,9.983,0.0702,-3.82,45.4,-82.24,0.7327,0.5036,10.23,7.03,-1.67,50.4,50.4,12.6,-0.15
2954,30.0,-2.086,9.961,29.982,-2.022,9.983,0.0702,-3.87,45.4,-82.24,0.7324,0.5042,10.23,7.04,-1.67,50.4,50.4,12.6,-0.15
2955,30.0,-2.101,9.961,29.982,-2.037,9.983,0.0702,-3.89,45.4,-82.24,0.7322,0.5047,10.22,7.05,-1.66,50.4,50.4,12.6,-0.15
2956,30.0,-2.116,9.961,29.982,-2.052,9.983,0.0702,-3.91,45.4,-82.22,0.732,0.5053,10.22,7.05,-1.66,50.4,50.4,12.6,-0.1
2957,30.0,-2.131,9.961,29.982,-2.067,9.98,0.0692,-3.96,45.37,-82.22,0.7377,0.5058,10.3,7.06,-1.66,50.4,50.4,12.6,-0.06
2958,30.0,-2.146,9.961,29.982,-2.082,9.983,0.0703,-3.98,45.4,-82.22,0.7313,0.5064,10.21,7.07,-1.66,50.4,50.4,12.6,-0.11
2959,30.0,-2.161,9.961,29.982,-2.097,9.983,0.0703,-4.0,45.37,-82.22,0.7315,0.5069,10.21,7.08,-1.66,50.4,50.4,12.6,-0.15
2960,30.0,-2.176,9.961,29.981,-2.112,9.983,0.0703,-4.02,45.37,-82.22,0.7313,0.5074,10.21,7.08,-1.66,50.4,50.4,12.6,-0.15
2961,30.0,-2.191,9.961,29.981,-2.127,9.983,0.0703,-4.06,45.37,-82.2,0.731,0.5079,10.21,7.09,-1.66,50.4,50.4,12.6,-0.15
2962,30.0,-2.206,9.961,29.981,-2.142,9.983,0.0704,-4.09,45.37,-82.2,0.7308,0.5085,10.2,7.1,-1.66,50.4,50.4,12.6,-0.15
2963,30.0,-2.221,9.961,29.981,-2.157,9.983,0.0704,-4.11,45.37,-82.2,0.7305,0.509,10.2,7.11,-1.66,50.4,50.4,12.6,-0.15
2964,30.0,-2.236,9.961,29.981,-2.172,9.983,0.0704,-4.15,45.37,-82.2,0.7303,0.5095,10.2,7.11,-1.66,50.4,50.4,12.6,-0.15
2965,30.0,-2.251,9.961,29.981,-2.187,9.983,0.0704,-4.17,45.37,-82.2,0.73,0.5101,10.19,7.12,-1.66,50.4,50.4,12.6,-0.15
2966,30.0,-2.266,9.961,29.981,-2.202,9.983,0.0705,-4.2,45.37,-82.18,0.7298,0.5106,10.19,7.13,-1.66,50.4,50.4,12.6,-0.15
2967,30.0,-2.281,9.961,29.981,-2.217,9.983,0.0705,-4.22,45.37,-82.18,0.7295,0.5111,10.19,7.14,-1.66,50.4,50.4,12.6,-0.15
2968,30.0,-2.296,9.961,29.981,-2.232,9.983,0.0705,-4.26,45.37,-82.18,0.7293,0.5117,10.18,7.14,-1.66,50.4,50.4,12.6,-0.15
2969,30.0,-2.311,9.961,29.981,-2.247,9.983,0.0705,-4.28,45.35,-82.18,0.7291,0.5122,10.18,7.15,-1.66,50.4,50.4,12.6,-0.15
2970,30.0,-2.326,9.961,29.981,-2.262,9.983,0.0706,-4.31,45.35,-82.18,0.7288,0.5127,10.18,7.16,-1.66,50.4,50.4,12.6,-0.15
2971,30.0,-2.341,9.961,29.98,-2.277,9.983,0.0706,-4.35,45.35,-82.16,0.7286,0.5133,10.17,7.17,-1.66,50.4,50.4,12.6,-0.15
2972,30.0,-2.356,9.961,29.98,-2.292,9.983,0.0706,-4.37,45.35,-82.16,0.7283,0.5138,10.17,7.17,-1.66,50.4,50.4,12.6,-0.15
2973,30.0,-2.371,9.961,29.98,-2.307,9.983,0.0706,-4.39,45.35,-82.16,0.7281,0.5143,10.17,7.18,-1.66,50.4,50.4,12.6,-0.15
2974,30.0,-2.386,9.961,29.98,-2.322,9.983,0.0707,-4.44,45.35,-82.16,0.7278,0.5149,10.16,7.19,-1.66,50.4,50.4,12.6,-0.15
2975,30.0,-2.401,9.961,29.98,-2.337,9.983,0.0707,-4.46,45.35,-82.16,0.7276,0.5154,10.16,7.2,-1.66,50.4,50.4,12.6,-0.15
2976,30.0,-2.416,9.961,29.98,-2.352,9.983,0.0707,-4.48,45.35,-82.13,0.7273,0.5159,10.16,7.2,-1.66,50.4,50.4,12.6,-0.15
2977,30.0,-2.431,9.961,29.98,-2.367,9.983,0.0707,-4.5,45.35,-82.13,0.7271,0.5165,10.15,7.21,-1.66,50.4,50.4,12.6,-0.15
2978,30.0,-2.446,9.961,29.98,-2.382,9.98,0.0698,-4.55,45.33,-82.13,0.7328,0.517,10.23,7.22,-1.66,50.4,50.4,12.6,-0.08
2979,30.0,-2.461,9.961,29.98,-2.397,9.978,0.0692,-4.57,45.33,-82.13,0.7376,0.5176,10.3,7.23,-1.66,50.4,50.4,12.6,-0.06
2980,30.0,-2.476,9.961,29.98,-2.412,9.981,0.0702,-4.59,45.33,-82.11,0.7312,0.5181,10.21,7.23,-1.66,50.4,50.4,12.6,-0.14
2981,30.0,-2.491,9.961,29.98,-2.427,9.983,0.071,-4.64,45.33,-82.11,0.7264,0.5187,10.14,7.24,-1.66,50.4,50.4,12.6,-0.15
2982,30.0,-2.506,9.961,29.98,-2.442,9.983,0.0711,-4.66,45.33,-82.11,0.7261,0.5192,10.14,7.25,-1.66,50.4,50.4,12.6,-0.15
2983,30.0,-2.521,9.961,29.979,-2.457,9.983,0.0711,-4.68,45.33,-82.11,0.726,0.5197,10.14,7.26,-1.66,50.4,50.4,12.6,-0.15
2984,30.0,-2.536,9.961,29.979,-2.472,9.983,0.0711,-4.72,45.33,-82.11,0.7257,0.5203,10.13,7.26,-1.66,50.4,50.4,12.6,-0.15
2985,30.0,-2.551,9.961,29.979,-2.487,9.983,0.0711,-4.75,45.33,-82.09,0.7255,0.5208,10.13,7.27,-1.65,50.4,50.4,12.6,-0.15
2986,30.0,-2.566,9.961,29.979,-2.502,9.983,0.0712,-4.77,45.33,-82.09,0.7252,0.5213,10.13,7.28,-1.65,50.4,50.4,12.6,-0.15
2987,30.0,-2.581,9.961,29.979,-2.517,9.983,0.0712,-4.79,45.31,-82.09,0.725,0.5219,10.12,7.29,-1.65,50.4,50.4,12.6,-0.15
2988,30.0,-2.596,9.961,29.979,-2.532,9.983,0.0712,-4.83,45.31,-82.09,0.7248,0.5224,10.12,7.29,-1.65,50.4,50.4,12.6,-0.15
2989,30.0,-2.611,9.961,29.979,-2.547,9.983,0.0712,-4.86,45.31,-82.07,0.7245,0.5229,10.12,7.3,-1.65,50.4,50.4,12.6,-0.15
2990,30.0,-2.626,9.961,29.979,-2.562,9.983,0.0713,-4.88,45.31,-82.07,0.7243,0.5235,10.11,7.31,-1.65,50.4,50.4,12.6,-0.15
2991,30.0,-2.641,9.961,29.979,-2.577,9.983,0.0713,-4.92,45.31,-82.07,0.724,0.524,10.11,7.32,-1.65,50.4,50.4,12.6,-0.15
2992,30.0,-2.656,9.961,29.979,-2.592,9.983,0.0713,-4.94,45.31,-82.07,0.7238,0.5245,10.11,7.32,-1.65,50.4,50.4,12.6,-0.15
2993,30.0,-2.671,9.961,29.979,-2.607,9.983,0.0713,-4.97,45.31,-82.05,0.7236,0.5251,10.1,7.33,-1.65,50.4,50.4,12.6,-0.15
2994,30.0,-2.686,9.961,29.978,-2.622,9.983,0.0714,-4.99,45.31,-82.05,0.7233,0.5256,10.1,7.34,-1.65,50.4,50.4,12.6,-0.15
2995,30.0,-2.701,9.961,29.978,-2.637,9.983,0.0714,-5.03,45.31,-82.05,0.7231,0.5262,10.1,7.35,-1.65,50.4,50.4,12.6,-0.15
2996,30.0,-2.716,9.961,29.978,-2.652,9.983,0.0714,-5.05,45.29,-82.05,0.7228,0.5267,10.09,7.35,-1.65,50.4,50.4,12.6,-0.15
2997,30.0,-2.731,9.961,29.978,-2.667,9.983,0.0715,-5.08,45.29,-82.02,0.7226,0.5272,10.09,7.36,-1.65,50.4,50.4,12.6,-0.15
2998,30.0,-2.746,9.961,29.978,-2.682,9.983,0.0715,-5.12,45.29,-82.02,0.7224,0.5278,10.09,7.37,-1.65,50.4,50.4,12.6,-0.15
2999,30.0,-2.761,9.961,29.978,-2.697,9.983,0.0715,-5.14,45.29,-82.02,0.7221,0.5283,10.08,7.38,-1.65,50.4,50.4,12.6,-0.15
3000,30.0,-2.776,9.961,29.978,-2.712,9.98,0.0706,-5.16,45.29,-82.02,0.7278,0.5289,10.16,7.38,-1.65,50.4,50.4,12.6,-0.06
3001,30.0,-2.791,9.961,29.978,-2.727,9.978,0.0699,-5.21,45.26,-82.0,0.7326,0.5294,10.23,7.39,-1.65,50.4,50.4,12.6,-0.07
3002,30.0,-2.806,9.961,29.978,-2.742,9.981,0.071,-5.23,45.26,-82.0,0.7262,0.53,10.14,7.4,-1.65,50.4,50.4,12.6,-0.15
3003,30.0,-2.821,9.961,29.978,-2.757,9.983,0.0718,-5.25,45.29,-82.0,0.7215,0.5305,10.07,7.41,-1.65,50.4,50.4,12.6,-0.15
3004,30.0,-2.836,9.961,29.978,-2.772,9.983,0.0719,-5.27,45.26,-82.0,0.7211,0.531,10.07,7.41,-1.65,50.4,50.4,12.6,-0.15
3005,30.0,-2.852,9.961,29.978,-2.787,9.983,0.0719,-5.32,45.26,-81.98,0.721,0.5316,10.07,7.42,-1.65,50.4,50.4,12.6,-0.15
3006,30.0,-2.867,9.961,29.977,-2.802,9.983,0.0719,-5.34,45.26,-81.98,0.7208,0.5321,10.06,7.43,-1.65,50.4,50.4,12.6,-0.15
3007,30.0,-2.882,9.961,29.977,-2.817,9.983,0.0719,-5.36,45.26,-81.98,0.7205,0.5326,10.06,7.44,-1.65,50.4,50.4,12.6,-0.15
3008,30.0,-2.897,9.961,29.977,-2.832,9.983,0.072,-5.41,45.26,-81.98,0.7203,0.5332,10.06,7.44,-1.65,50.4,50.4,12.6,-0.15
3009,30.0,-2.912,9.961,29.977,-2.847,9.983,0.072,-5.43,45.26,-81.96,0.7201,0.5337,10.05,7.45,-1.65,50.4,50.4,12.6,-0.15
3010,30.0,-2.927,9.961,29.977,-2.862,9.983,0.072,-5.45,45.26,-81.96,0.7198,0.5343,10.05,7.46,-1.65,50.4,50.4,12.6,-0.15
3011,30.0,-2.942,9.961,29.977,-2.877,9.983,0.0721,-5.47,45.24,-81.96,0.7196,0.5348,10.05,7.47,-1.65,50.4,50.4,12.6,-0.15
3012,30.0,-2.957,9.961,29.977,-2.892,9.983,0.0721,-5.52,45.24,-81.96,0.7193,0.5353,10.04,7.47,-1.65,50.4,50.4,12.6,-0.15
3013,30.0,-2.972,9.961,29.977,-2.907,9.983,0.0721,-5.54,45.24,-81.94,0.7191,0.5359,10.04,7.48,-1.64,50.4,50.4,12.6,-0.15
3014,30.0,-2.987,9.961,29.977,-2.922,9.983,0.0721,-5.56,45.24,-81.94,0.7189,0.5364,10.04,7.49,-1.64,50.4,50.4,12.6,-0.15
3015,30.0,-3.002,9.961,29.977,-2.937,9.983,0.0722,-5.6,45.24,-81.94,0.7186,0.5369,10.03,7.5,-1.64,50.4,50.4,12.6,-0.15
3016,30.0,-3.017,9.961,29.977,-2.952,9.983,0.0722,-5.62,45.24,-81.91,0.7184,0.5375,10.03,7.5,-1.64,50.4,50.4,12.6,-0.15
3017,30.0,-3.032,9.961,29.977,-2.967,9.983,0.0722,-5.65,45.24,-81.91,0.7182,0.538,10.03,7.51,-1.64,50.4,50.4,12.6,-0.15
3018,30.0,-3.047,9.961,29.976,-2.982,9.983,0.0723,-5.69,45.24,-81.91,0.7179,0.5386,10.02,7.52,-1.64,50.4,50.4,12.6,-0.15
3019,30.0,-3.062,9.961,29.976,-2.997,9.983,0.0723,-5.71,45.22,-81.91,0.7177,0.5391,10.02,7.53,-1.64,50.4,50.4,12.6,-0.15
3020,30.0,-3.077,9.961,29.976,-3.012,9.983,0.0723,-5.73,45.22,-81.89,0.7175,0.5396,10.02,7.53,-1.64,50.4,50.4,12.6,-0.15
3021,30.0,-3.092,9.961,29.976,-3.027,9.983,0.0723,-5.76,45.22,-81.89,0.7173,0.5402,10.02,7.54,-1.64,50.4,50.4,12.6,-0.12
3022,30.0,-3.107,9.961,29.976,-3.042,9.98,0.0714,-5.8,45.22,-81.89,0.723,0.5408,10.09,7.55,-1.64,50.4,50.4,12.6,-0.06
3023,30.0,-3.122,9.961,29.976,-3.057,9.983,0.0725,-5.82,45.22,-81.89,0.7166,0.5413,10.01,7.56,-1.64,50.4,50.4,12.6,-0.09
3024,30.0,-3.137,9.961,29.976,-3.072,9.983,0.0725,-5.84,45.22,-81.87,0.7168,0.5418,10.01,7.57,-1.64,50.4,50.4,12.6,-0.15
3025,30.0,-3.152,9.961,29.976,-3.087,9.983,0.0725,-5.89,45.22,-81.87,0.7166,0.5424,10.01,7.57,-1.64,50.4,50.4,12.6,-0.15
3026,30.0,-3.167,9.961,29.976,-3.102,9.983,0.0725,-5.91,45.2,-81.87,0.7164,0.5429,10.0,7.58,-1.64,50.4,50.4,12.6,-0.15
3027,30.0,-3.182,9.961,29.976,-3.117,9.983,0.0726,-5.93,45.2,-81.85,0.7161,0.5435,10.0,7.59,-1.64,50.4,50.4,12.6,-0.15
3028,30.0,-3.197,9.961,29.976,-3.132,9.983,0.0726,-5.95,45.2,-81.85,0.7159,0.544,10.0,7.6,-1.64,50.4,50.4,12.6,-0.15
3029,30.0,-3.212,9.961,29.975,-3.147,9.983,0.0726,-6.0,45.2,-81.85,0.7157,0.5445,9.99,7.6,-1.64,50.4,50.4,12.6,-0.15
3030,30.0,-3.227,9.961,29.975,-3.162,9.983,0.0727,-6.02,45.2,-81.83,0.7154,0.5451,9.99,7.61,-1.64,50.4,50.4,12.6,-0.15
3031,30.0,-3.242,9.961,29.975,-3.177,9.983,0.0727,-6.04,45.2,-81.83,0.7152,0.5456,9.99,7.62,-1.64,50.4,50.4,12.6,-0.15
3032,30.0,-3.257,9.961,29.975,-3.192,9.983,0.0727,-6.09,45.18,-81.83,0.715,0.5462,9.98,7.63,-1.64,50.4,50.4,12.6,-0.15
3033,30.0,-3.272,9.961,29.975,-3.207,9.983,0.0728,-6.11,45.18,-81.83,0.7147,0.5467,9.98,7.63,-1.64,50.4,50.4,12.6,-0.15
3034,30.0,-3.287,9.961,29.975,-3.222,9.983,0.0728,-6.13,45.18,-81.8,0.7145,0.5472,9.98,7.64,-1.64,50.4,50.4,12.6,-0.15
3035,30.0,-3.302,9.961,29.975,-3.237,9.983,0.0728,-6.15,45.18,-81.8,0.7143,0.5478,9.97,7.65,-1.64,50.4,50.4,12.6,-0.15
3036,30.0,-3.317,9.961,29.975,-3.252,9.983,0.0729,-6.2,45.18,-81.8,0.714,0.5483,9.97,7.66,-1.64,50.4,50.4,12.6,-0.15
3037,30.0,-3.332,9.961,29.975,-3.267,9.983,0.0729,-6.22,45.18,-81.78,0.7138,0.5489,9.97,7.66,-1.64,50.4,50.4,12.6,-0.15
3038,30.0,-3.347,9.961,29.975,-3.282,9.983,0.0729,-6.24,45.18,-81.78,0.7136,0.5494,9.96,7.67,-1.64,50.4,50.4,12.6,-0.15
3039,30.0,-3.362,9.961,29.975,-3.297,9.983,0.073,-6.28,45.15,-81.78,0.7133,0.5499,9.96,7.68,-1.64,50.4,50.4,12.6,-0.15
3040,30.0,-3.377,9.961,29.975,-3.312,9.982,0.073,-6.31,45.15,-81.76,0.7131,0.5505,9.96,7.69,-1.63,50.4,50.4,12.6,-0.15
3041,30.0,-3.392,9.961,29.974,-3.327,9.982,0.073,-6.33,45.15,-81.76,0.7129,0.551,9.95,7.69,-1.63,50.4,50.4,12.6,-0.15
3042,30.0,-3.407,9.961,29.974,-3.342,9.982,0.0731,-6.37,45.15,-81.76,0.7126,0.5516,9.95,7.7,-1.63,50.4,50.4,12.6,-0.15
3043,30.0,-3.422,9.961,29.974,-3.357,9.982,0.0731,-6.39,45.15,-81.74,0.7125,0.5521,9.95,7.71,-1.63,50.4,50.4,12.6,-0.1
3044,30.0,-3.437,9.961,29.974,-3.372,9.979,0.0722,-6.42,45.13,-81.74,0.7182,0.5527,10.03,7.72,-1.63,50.4,50.4,12.6,-0.06
3045,30.0,-3.452,9.961,29.974,-3.387,9.983,0.0732,-6.44,45.13,-81.74,0.7118,0.5532,9.94,7.72,-1.63,50.4,50.4,12.6,-0.11
3046,30.0,-3.467,9.961,29.974,-3.402,9.982,0.0732,-6.48,45.13,-81.74,0.712,0.5538,9.94,7.73,-1.63,50.4,50.4,12.6,-0.15
3047,30.0,-3.482,9.961,29.974,-3.417,9.982,0.0733,-6.5,45.13,-81.72,0.7118,0.5543,9.94,7.74,-1.63,50.4,50.4,12.6,-0.15
3048,30.0,-3.497,9.961,29.974,-3.432,9.982,0.0733,-6.53,45.13,-81.72,0.7116,0.5549,9.94,7.75,-1.63,50.4,50.4,12.6,-0.15
3049,30.0,-3.512,9.961,29.974,-3.447,9.982,0.0733,-6.57,45.13,-81.72,0.7114,0.5554,9.93,7.75,-1.63,50.4,50.4,12.6,-0.15
3050,30.0,-3.527,9.961,29.974,-3.462,9.982,0.0734,-6.59,45.13,-81.69,0.7111,0.5559,9.93,7.76,-1.63,50.4,50.4,12.6,-0.15
3051,30.0,-3.542,9.961,29.974,-3.477,9.982,0.0734,-6.61,45.11,-81.69,0.7109,0.5565,9.93,7.77,-1.63,50.4,50.4,12.6,-0.15
3052,30.0,-3.557,9.961,29.974,-3.492,9.982,0.0734,-6.64,45.11,-81.69,0.7107,0.557,9.92,7.78,-1.63,50.4,50.4,12.6,-0.15
3053,30.0,-3.572,9.961,29.973,-3.507,9.982,0.0735,-6.68,45.11,-81.67,0.7104,0.5576,9.92,7.79,-1.63,50.4,50.4,12.6,-0.15
3054,30.0,-3.587,9.961,29.973,-3.522,9.982,0.0735,-6.7,45.11,-81.67,0.7102,0.5581,9.92,7.79,-1.63,50.4,50.4,12.6,-0.15
3055,30.0,-3.602,9.961,29.973,-3.537,9.982,0.0735,-6.72,45.11,-81.67,0.71,0.5587,9.91,7.8,-1.63,50.4,50.4,12.6,-0.15
3056,30.0,-3.617,9.961,29.973,-3.552,9.982,0.0736,-6.77,45.11,-81.65,0.7097,0.5592,9.91,7.81,-1.63,50.4,50.4,12.6,-0.15
3057,30.0,-3.632,9.961,29.973,-3.567,9.982,0.0736,-6.79,45.09,-81.65,0.7095,0.5597,9.91,7.82,-1.63,50.4,50.4,12.6,-0.15
3058,30.0,-3.647,9.961,29.973,-3.582,9.982,0.0737,-6.81,45.09,-81.65,0.7093,0.5603,9.9,7.82,-1.63,50.4,50.4,12.6,-0.15
3059,30.0,-3.662,9.961,29.973,-3.597,9.982,0.0737,-6.83,45.09,-81.63,0.7091,0.5608,9.9,7.83,-1.63,50.4,50.4,12.6,-0.15
3060,30.0,-3.677,9.961,29.973,-3.612,9.982,0.0737,-6.88,45.09,-81.63,0.7088,0.5614,9.9,7.84,-1.63,50.4,50.4,12.6,-0.15
3061,30.0,-3.692,9.961,29.973,-3.627,9.982,0.0738,-6.9,45.09,-81.63,0.7086,0.5619,9.89,7.85,-1.63,50.4,50.4,12.6,-0.15
3062,30.0,-3.707,9.961,29.973,-3.642,9.982,0.0738,-6.92,45.09,-81.61,0.7084,0.5625,9.89,7.85,-1.63,50.4,50.4,12.6,-0.15
3063,30.0,-3.722,9.961,29.973,-3.657,9.982,0.0738,-6.97,45.07,-81.61,0.7081,0.563,9.89,7.86,-1.63,50.4,50.4,12.6,-0.15
3064,30.0,-3.737,9.961,29.973,-3.672,9.982,0.0739,-6.99,45.07,-81.61,0.7079,0.5635,9.88,7.87,-1.63,50.4,50.4,12.6,-0.15
3065,30.0,-3.752,9.961,29.973,-3.687,9.979,0.073,-7.01,45.07,-81.58,0.7136,0.5641,9.96,7.88,-1.62,50.4,50.4,12.6,-0.08
3066,30.0,-3.767,9.961,29.973,-3.702,9.976,0.0724,-7.03,45.04,-81.58,0.7185,0.5647,10.03,7.88,-1.62,50.4,50.4,12.6,-0.06
3067,30.0,-3.782,9.961,29.972,-3.717,9.98,0.0734,-7.08,45.07,-81.56,0.7121,0.5652,9.94,7.89,-1.62,50.4,50.4,12.6,-0.13
3068,30.0,-3.797,9.961,29.972,-3.732,9.982,0.0742,-7.1,45.07,-81.56,0.7073,0.5658,9.88,7.9,-1.62,50.4,50.4,12.6,-0.15
3069,30.0,-3.812,9.961,29.972,-3.747,9.982,0.0743,-7.12,45.04,-81.56,0.707,0.5663,9.87,7.91,-1.62,50.4,50.4,12.6,-0.15
3070,30.0,-3.827,9.961,29.972,-3.762,9.982,0.0743,-7.16,45.04,-81.54,0.7069,0.5669,9.87,7.91,-1.62,50.4,50.4,12.6,-0.15
3071,30.0,-3.842,9.961,29.972,-3.777,9.982,0.0743,-7.19,45.04,-81.54,0.7067,0.5674,9.87,7.92,-1.62,50.4,50.4,12.6,-0.15
3072,30.0,-3.857,9.961,29.972,-3.791,9.982,0.0743,-7.21,45.04,-81.54,0.7064,0.5679,9.86,7.93,-1.62,50.4,50.4,12.6,-0.15
3073,30.0,-3.872,9.961,29.972,-3.806,9.982,0.0744,-7.23,45.04,-81.52,0.7062,0.5685,9.86,7.94,-1.62,50.4,50.4,12.6,-0.15
3074,30.0,-3.887,9.961,29.972,-3.821,9.982,0.0744,-7.27,45.02,-81.52,0.706,0.569,9.86,7.95,-1.62,50.4,50.4,12.6,-0.15
3075,30.0,-3.902,9.961,29.972,-3.836,9.982,0.0745,-7.29,45.02,-81.52,0.7058,0.5696,9.85,7.95,-1.62,50.4,50.4,12.6,-0.15
3076,30.0,-3.917,9.961,29.971,-3.851,9.982,0.0745,-7.32,45.02,-81.5,0.7055,0.5701,9.85,7.96,-1.62,50.4,50.4,12.6,-0.15
3077,30.0,-3.932,9.961,29.971,-3.866,9.982,0.0745,-7.36,45.02,-81.5,0.7053,0.5707,9.85,7.97,-1.62,50.4,50.4,12.6,-0.15
3078,30.0,-3.947,9.961,29.971,-3.881,9.982,0.0746,-7.38,45.02,-81.5,0.7051,0.5712,9.84,7.98,-1.62,50.4,50.4,12.6,-0.15
3079,30.0,-3.962,9.961,29.971,-3.896,9.982,0.0746,-7.4,45.02,-81.47,0.7049,0.5718,9.84,7.98,-1.62,50.4,50.4,12.6,-0.15
3080,30.0,-3.977,9.961,29.971,-3.911,9.982,0.0747,-7.43,45.0,-81.47,0.7046,0.5723,9.84,7.99,-1.62,50.4,50.4,12.6,-0.15
3081,30.0,-3.992,9.961,29.971,-3.926,9.982,0.0747,-7.47,45.0,-81.45,0.7044,0.5729,9.84,8.0,-1.62,50.4,50.4,12.6,-0.15
3082,30.0,-4.007,9.961,29.971,-3.941,9.982,0.0747,-7.49,45.0,-81.45,0.7042,0.5734,9.83,8.01,-1.62,50.4,50.4,12.6,-0.15
3083,30.0,-4.022,9.961,29.971,-3.956,9.982,0.0748,-7.51,45.0,-81.45,0.704,0.5739,9.83,8.01,-1.62,50.4,50.4,12.6,-0.15
3084,30.0,-4.037,9.961,29.971,-3.971,9.982,0.0748,-7.56,45.0,-81.43,0.7037,0.5745,9.83,8.02,-1.62,50.4,50.4,12.6,-0.15
3085,30.0,-4.052,9.961,29.971,-3.986,9.982,0.0749,-7.58,44.98,-81.43,0.7035,0.575,9.82,8.03,-1.62,50.4,50.4,12.6,-0.15
3086,30.0,-4.067,9.961,29.971,-4.001,9.982,0.0749,-7.6,44.98,-81.43,0.7033,0.5756,9.82,8.04,-1.62,50.4,50.4,12.6,-0.15
3087,30.0,-4.082,9.961,29.971,-4.016,9.979,0.074,-7.62,44.98,-81.41,0.709,0.5762,9.9,8.04,-1.61,50.4,50.4,12.6,-0.06
3088,30.0,-4.097,9.961,29.971,-4.031,9.976,0.0735,-7.67,44.96,-81.41,0.7138,0.5767,9.97,8.05,-1.61,50.4,50.4,12.6,-0.07
3089,30.0,-4.112,9.961,29.971,-4.046,9.98,0.0745,-7.69,44.96,-81.39,0.7074,0.5773,9.88,8.06,-1.62,50.4,50.4,12.6,-0.15
3090,30.0,-4.127,9.961,29.97,-4.061,9.982,0.0752,-7.71,44.96,-81.39,0.7027,0.5778,9.81,8.07,-1.61,50.4,50.4,12.6,-0.15
3091,30.0,-4.142,9.961,29.97,-4.076,9.982,0.0753,-7.73,44.96,-81.39,0.7024,0.5784,9.81,8.08,-1.61,50.4,50.4,12.6,-0.15
3092,30.0,-4.157,9.961,29.97,-4.091,9.982,0.0753,-7.78,44.96,-81.36,0.7023,0.5789,9.81,8.08,-1.61,50.4,50.4,12.6,-0.15
3093,30.0,-4.172,9.961,29.97,-4.106,9.982,0.0754,-7.8,44.96,-81.36,0.702,0.5795,9.8,8.09,-1.61,50.4,50.4,12.6,-0.15
3094,30.0,-4.187,9.961,29.97,-4.121,9.982,0.0754,-7.82,44.96,-81.34,0.7018,0.58,9.8,8.1,-1.61,50.4,50.4,12.6,-0.15
3095,30.0,-4.202,9.961,29.97,-4.136,9.982,0.0754,-7.87,44.96,-81.34,0.7016,0.5806,9.8,8.11,-1.61,50.4,50.4,12.6,-0.15
3096,30.0,-4.217,9.961,29.97,-4.151,9.982,0.0755,-7.89,44.93,-81.34,0.7014,0.5811,9.79,8.11,-1.61,50.4,50.4,12.6,-0.15
3097,30.0,-4.232,9.961,29.97,-4.166,9.982,0.0755,-7.91,44.93,-81.32,0.7012,0.5817,9.79,8.12,-1.61,50.4,50.4,12.6,-0.15
3098,30.0,-4.247,9.961,29.97,-4.181,9.982,0.0756,-7.93,44.93,-81.32,0.7009,0.5822,9.79,8.13,-1.61,50.4,50.4,12.6,-0.15
3099,30.0,-4.262,9.961,29.97,-4.196,9.982,0.0756,-7.98,44.93,-81.3,0.7007,0.5827,9.78,8.14,-1.61,50.4,50.4,12.6,-0.15
3100,30.0,-4.277,9.961,29.969,-4.211,9.982,0.0756,-8.0,44.91,-81.3,0.7005,0.5833,9.78,8.14,-1.61,50.4,50.4,12.6,-0.15
3101,30.0,-4.292,9.961,29.969,-4.226,9.982,0.0757,-8.02,44.91,-81.3,0.7003,0.5838,9.78,8.15,-1.61,50.4,50.4,12.6,-0.15
3102,30.0,-4.307,9.961,29.969,-4.241,9.982,0.0757,-8.06,44.91,-81.28,0.7001,0.5844,9.77,8.16,-1.61,50.4,50.4,12.6,-0.15
3103,30.0,-4.322,9.961,29.969,-4.256,9.982,0.0758,-8.09,44.91,-81.28,0.6998,0.5849,9.77,8.17,-1.61,50.4,50.4,12.6,-0.15
3104,30.0,-4.337,9.961,29.969,-4.271,9.982,0.0758,-8.11,44.91,-81.25,0.6996,0.5855,9.77,8.17,-1.61,50.4,50.4,12.6,-0.15
3105,30.0,-4.352,9.961,29.969,-4.286,9.982,0.0759,-8.13,44.89,-81.25,0.6994,0.586,9.77,8.18,-1.61,50.4,50.4,12.6,-0.15
3106,30.0,-4.367,9.961,29.969,-4.301,9.982,0.0759,-8.17,44.89,-81.25,0.6992,0.5866,9.76,8.19,-1.61,50.4,50.4,12.6,-0.15
3107,30.0,-4.382,9.961,29.969,-4.316,9.982,0.0759,-8.2,44.89,-81.23,0.699,0.5871,9.76,8.2,-1.61,50.4,50.4,12.6,-0.15
3108,30.0,-4.397,9.961,29.969,-4.331,9.981,0.076,-8.22,44.89,-81.23,0.6988,0.5877,9.76,8.21,-1.61,50.4,50.4,12.6,-0.13
3109,30.0,-4.412,9.961,29.969,-4.346,9.978,0.0751,-8.26,44.87,-81.21,0.7045,0.5883,9.84,8.21,-1.61,50.4,50.4,12.6,-0.06
3110,30.0,-4.427,9.961,29.969,-4.361,9.976,0.0746,-8.28,44.87,-81.21,0.7093,0.5888,9.9,8.22,-1.61,50.4,50.4,12.6,-0.09
3111,30.0,-4.442,9.961,29.969,-4.376,9.98,0.0756,-8.31,44.87,-81.21,0.7029,0.5894,9.81,8.23,-1.61,50.4,50.4,12.6,-0.15
3112,30.0,-4.457,9.961,29.968,-4.391,9.982,0.0763,-8.33,44.87,-81.19,0.6982,0.5899,9.75,8.24,-1.61,50.4,50.4,12.6,-0.15
3113,30.0,-4.472,9.961,29.968,-4.406,9.982,0.0764,-8.37,44.87,-81.19,0.6978,0.5905,9.74,8.24,-1.61,50.4,50.4,12.6,-0.15
3114,30.0,-4.487,9.961,29.968,-4.421,9.982,0.0764,-8.39,44.87,-81.17,0.6977,0.591,9.74,8.25,-1.6,50.4,50.4,12.6,-0.15
3115,30.0,-4.502,9.961,29.968,-4.436,9.982,0.0764,-8.42,44.85,-81.17,0.6975,0.5916,9.74,8.26,-1.6,50.4,50.4,12.6,-0.15
3116,30.0,-4.517,9.961,29.968,-4.451,9.982,0.0765,-8.44,44.85,-81.15,0.6973,0.5921,9.74,8.27,-1.6,50.4,50.4,12.6,-0.15
3117,30.0,-4.532,9.961,29.968,-4.466,9.982,0.0765,-8.48,44.85,-81.15,0.6971,0.5927,9.73,8.28,-1.6,50.4,50.4,12.6,-0.15
3118,30.0,-4.547,9.961,29.968,-4.481,9.982,0.0766,-8.5,44.85,-81.15,0.6969,0.5932,9.73,8.28,-1.6,50.4,50.4,12.6,-0.15
3119,30.0,-4.562,9.961,29.968,-4.496,9.982,0.0766,-8.53,44.85,-81.12,0.6967,0.5938,9.73,8.29,-1.6,50.4,50.4,12.6,-0.15
3120,30.0,-4.577,9.961,29.968,-4.511,9.982,0.0767,-8.57,44.82,-81.12,0.6964,0.5943,9.72,8.3,-1.6,50.4,50.4,12.6,-0.15
3121,30.0,-4.592,9.961,29.968,-4.526,9.982,0.0767,-8.59,44.82,-81.1,0.6962,0.5949,9.72,8.31,-1.6,50.4,50.4,12.6,-0.15
3122,30.0,-4.607,9.961,29.968,-4.541,9.982,0.0768,-8.61,44.82,-81.1,0.696,0.5954,9.72,8.31,-1.6,50.4,50.4,12.6,-0.15
3123,30.0,-4.622,9.961,29.967,-4.556,9.982,0.0768,-8.64,44.82,-81.08,0.6958,0.596,9.71,8.32,-1.6,50.4,50.4,12.6,-0.15
3124,30.0,-4.637,9.961,29.967,-4.571,9.982,0.0768,-8.68,44.8,-81.08,0.6956,0.5965,9.71,8.33,-1.6,50.4,50.4,12.6,-0.15
3125,30.0,-4.652,9.961,29.967,-4.586,9.981,0.0769,-8.7,44.8,-81.08,0.6953,0.5971,9.71,8.34,-1.6,50.4,50.4,12.6,-0.15
3126,30.0,-4.667,9.961,29.967,-4.601,9.981,0.0769,-8.72,44.8,-81.06,0.6951,0.5976,9.71,8.34,-1.6,50.4,50.4,12.6,-0.15
3127,30.0,-4.682,9.961,29.967,-4.616,9.981,0.077,-8.77,44.8,-81.06,0.6949,0.5982,9.7,8.35,-1.6,50.4,50.4,12.6,-0.15
3128,30.0,-4.697,9.961,29.967,-4.631,9.981,0.077,-8.79,44.8,-81.04,0.6947,0.5987,9.7,8.36,-1.6,50.4,50.4,12.6,-0.15
3129,30.0,-4.712,9.961,29.967,-4.646,9.981,0.0771,-8.81,44.78,-81.04,0.6945,0.5993,9.7,8.37,-1.6,50.4,50.4,12.6,-0.15
3130,30.0,-4.727,9.961,29.967,-4.661,9.981,0.0769,-8.83,44.78,-81.01,0.6955,0.5999,9.71,8.38,-1.6,50.4,50.4,12.6,-0.11
3131,30.0,-4.742,9.961,29.967,-4.676,9.978,0.0761,-8.88,44.78,-81.01,0.701,0.6004,9.79,8.38,-1.6,50.4,50.4,12.6,-0.07
3132,30.0,-4.757,9.961,29.967,-4.691,9.981,0.0771,-8.9,44.78,-80.99,0.6947,0.601,9.7,8.39,-1.6,50.4,50.4,12.6,-0.11
3133,30.0,-4.772,9.961,29.967,-4.706,9.981,0.0773,-8.92,44.76,-80.99,0.6937,0.6016,9.69,8.4,-1.6,50.4,50.4,12.6,-0.15
3134,30.0,-4.787,9.961,29.967,-4.721,9.981,0.0773,-8.94,44.76,-80.99,0.6937,0.6021,9.69,8.41,-1.6,50.4,50.4,12.6,-0.15
3135,30.0,-4.802,9.961,29.966,-4.736,9.981,0.0774,-8.99,44.76,-80.97,0.6935,0.6027,9.68,8.41,-1.6,50.4,50.4,12.6,-0.15
3136,30.0,-4.817,9.961,29.966,-4.751,9.981,0.0774,-9.01,44.76,-80.97,0.6933,0.6032,9.68,8.42,-1.6,50.4,50.4,12.6,-0.15
3137,30.0,-4.832,9.961,29.966,-4.766,9.981,0.0775,-9.03,44.76,-80.95,0.6931,0.6038,9.68,8.43,-1.59,50.4,50.4,12.6,-0.15
3138,30.0,-4.847,9.961,29.966,-4.781,9.981,0.0775,-9.07,44.74,-80.95,0.6929,0.6043,9.67,8.44,-1.59,50.4,50.4,12.6,-0.15
3139,30.0,-4.862,9.961,29.966,-4.796,9.981,0.0776,-9.1,44.74,-80.93,0.6927,0.6049,9.67,8.45,-1.59,50.4,50.4,12.6,-0.15
3140,30.0,-4.877,9.961,29.966,-4.811,9.981,0.0776,-9.12,44.74,-80.93,0.6924,0.6054,9.67,8.45,-1.59,50.4,50.4,12.6,-0.15
3141,30.0,-4.893,9.961,29.966,-4.826,9.981,0.0777,-9.14,44.74,-80.9,0.6922,0.606,9.67,8.46,-1.59,50.4,50.4,12.6,-0.15
3142,30.0,-4.908,9.961,29.966,-4.84,9.981,0.0777,-9.18,44.71,-80.9,0.692,0.6065,9.66,8.47,-1.59,50.4,50.4,12.6,-0.15
3143,30.0,-4.923,9.961,29.966,-4.855,9.981,0.0777,-9.21,44.71,-80.88,0.6918,0.6071,9.66,8.48,-1.59,50.4,50.4,12.6,-0.15
3144,30.0,-4.938,9.961,29.966,-4.87,9.981,0.0778,-9.23,44.71,-80.88,0.6916,0.6076,9.66,8.48,-1.59,50.4,50.4,12.6,-0.15
3145,30.0,-4.953,9.961,29.966,-4.885,9.981,0.0778,-9.25,44.71,-80.86,0.6914,0.6082,9.65,8.49,-1.59,50.4,50.4,12.6,-0.15
3146,30.0,-4.968,9.961,29.966,-4.9,9.981,0.0779,-9.29,44.69,-80.86,0.6912,0.6087,9.65,8.5,-1.59,50.4,50.4,12.6,-0.15
3147,30.0,-4.983,9.961,29.965,-4.915,9.981,0.0779,-9.32,44.69,-80.86,0.6909,0.6093,9.65,8.51,-1.59,50.4,50.4,12.6,-0.15
3148,30.0,-4.998,9.961,29.965,-4.93,9.981,0.078,-9.34,44.69,-80.84,0.6907,0.6099,9.64,8.52,-1.59,50.4,50.4,12.6,-0.15
3149,30.0,-5.013,9.961,29.965,-4.945,9.981,0.078,-9.38,44.69,-80.84,0.6905,0.6104,9.64,8.52,-1.59,50.4,50.4,12.6,-0.15
3150,30.0,-5.028,9.961,29.965,-4.96,9.981,0.0781,-9.4,44.67,-80.82,0.6903,0.611,9.64,8.53,-1.59,50.4,50.4,12.6,-0.15
3151,30.0,-5.043,9.961,29.965,-4.975,9.981,0.0781,-9.43,44.67,-80.82,0.6901,0.6115,9.64,8.54,-1.59,50.4,50.4,12.6,-0.15
3152,30.0,-5.058,9.961,29.965,-4.99,9.978,0.0773,-9.45,44.67,-80.79,0.6958,0.6121,9.72,8.55,-1.59,50.4,50.4,12.6,-0.09
3153,30.0,-5.073,9.961,29.965,-5.005,9.975,0.0768,-9.49,44.65,-80.79,0.7007,0.6127,9.78,8.55,-1.59,50.4,50.4,12.6,-0.07
3154,30.0,-5.088,9.961,29.965,-5.02,9.979,0.0777,-9.51,44.65,-80.77,0.6943,0.6132,9.69,8.56,-1.59,50.4,50.4,12.6,-0.13
3155,30.0,-5.103,9.961,29.965,-5.035,9.981,0.0785,-9.54,44.65,-80.77,0.6896,0.6138,9.63,8.57,-1.59,50.4,50.4,12.6,-0.15
3156,30.0,-5.118,9.961,29.965,-5.05,9.981,0.0785,-9.56,44.65,-80.75,0.6892,0.6143,9.62,8.58,-1.59,50.4,50.4,12.6,-0.15
3157,30.0,-5.133,9.961,29.965,-5.065,9.981,0.0786,-9.6,44.65,-80.75,0.6891,0.6149,9.62,8.59,-1.59,50.4,50.4,12.6,-0.15
3158,30.0,-5.148,9.961,29.965,-5.08,9.981,0.0786,-9.62,44.65,-80.73,0.6889,0.6155,9.62,8.59,-1.59,50.4,50.4,12.6,-0.15
3159,30.0,-5.163,9.961,29.964,-5.095,9.981,0.0787,-9.65,44.63,-80.73,0.6887,0.616,9.62,8.6,-1.59,50.4,50.4,12.6,-0.15
3160,30.0,-5.178,9.961,29.964,-5.11,9.981,0.0787,-9.67,44.63,-80.71,0.6885,0.6166,9.61,8.61,-1.58,50.4,50.4,12.6,-0.15
3161,30.0,-5.193,9.961,29.964,-5.125,9.981,0.0788,-9.71,44.63,-80.71,0.6883,0.6171,9.61,8.62,-1.58,50.4,50.4,12.6,-0.15
3162,30.0,-5.208,9.961,29.964,-5.14,9.981,0.0788,-9.73,44.63,-80.68,0.6881,0.6177,9.61,8.62,-1.58,50.4,50.4,12.6,-0.15
3163,30.0,-5.223,9.961,29.964,-5.155,9.981,0.0789,-9.76,44.6,-80.68,0.6879,0.6182,9.6,8.63,-1.58,50.4,50.4,12.6,-0.15
3164,30.0,-5.238,9.961,29.964,-5.17,9.981,0.0789,-9.8,44.6,-80.66,0.6877,0.6188,9.6,8.64,-1.58,50.4,50.4,12.6,-0.15
3165,30.0,-5.253,9.961,29.964,-5.185,9.981,0.079,-9.82,44.6,-80.66,0.6875,0.6193,9.6,8.65,-1.58,50.4,50.4,12.6,-0.15
3166,30.0,-5.268,9.961,29.964,-5.2,9.981,0.079,-9.84,44.6,-80.64,0.6873,0.6199,9.6,8.66,-1.58,50.4,50.4,12.6,-0.15
3167,30.0,-5.283,9.961,29.964,-5.215,9.981,0.0791,-9.87,44.58,-80.64,0.687,0.6205,9.59,8.66,-1.58,50.4,50.4,12.6,-0.15
3168,30.0,-5.298,9.961,29.964,-5.23,9.981,0.0791,-9.91,44.58,-80.62,0.6868,0.621,9.59,8.67,-1.58,50.4,50.4,12.6,-0.15
3169,30.0,-5.313,9.961,29.964,-5.245,9.98,0.0792,-9.93,44.58,-80.62,0.6866,0.6216,9.59,8.68,-1.58,50.4,50.4,12.6,-0.15
3170,30.0,-5.328,9.961,29.964,-5.26,9.98,0.0792,-9.95,44.58,-80.6,0.6864,0.6221,9.58,8.69,-1.58,50.4,50.4,12.6,-0.15
3171,30.0,-5.343,9.961,29.964,-5.275,9.98,0.0793,-9.98,44.56,-80.6,0.6862,0.6227,9.58,8.69,-1.58,50.4,50.4,12.6,-0.15
3172,30.0,-5.358,9.961,29.963,-5.29,9.98,0.0793,-10.02,44.56,-80.57,0.686,0.6232,9.58,8.7,-1.58,50.4,50.4,12.6,-0.15
3173,30.0,-5.373,9.961,29.963,-5.305,9.98,0.0794,-10.04,44.56,-80.57,0.6858,0.6238,9.58,8.71,-1.58,50.4,50.4,12.6,-0.15
3174,30.0,-5.388,9.961,29.963,-5.32,9.977,0.0786,-10.06,44.54,-80.55,0.6915,0.6244,9.66,8.72,-1.58,50.4,50.4,12.6,-0.07
3175,30.0,-5.403,9.962,29.964,-5.335,9.975,0.0781,-10.09,44.54,-80.55,0.6964,0.625,9.72,8.73,-1.58,50.4,50.4,12.6,-0.07
3176,30.0,-5.418,9.962,29.963,-5.35,9.978,0.079,-10.13,44.54,-80.53,0.69,0.6255,9.63,8.73,-1.58,50.4,50.4,12.6,-0.15
3177,30.0,-5.433,9.962,29.963,-5.365,9.981,0.0797,-10.15,44.54,-80.53,0.6853,0.6261,9.57,8.74,-1.58,50.4,50.4,12.6,-0.15
3178,30.0,-5.448,9.962,29.963,-5.38,9.981,0.0798,-10.17,44.52,-80.51,0.6849,0.6267,9.56,8.75,-1.58,50.4,50.4,12.6,-0.15
3179,30.0,-5.463,9.962,29.963,-5.395,9.981,0.0798,-10.22,44.52,-80.51,0.6849,0.6272,9.56,8.76,-1.58,50.4,50.4,12.6,-0.15
3180,30.0,-5.478,9.962,29.963,-5.41,9.981,0.0799,-10.24,44.52,-80.49,0.6846,0.6278,9.56,8.77,-1.58,50.4,50.4,12.6,-0.15
3181,30.0,-5.493,9.962,29.963,-5.425,9.981,0.0799,-10.26,44.52,-80.49,0.6844,0.6283,9.56,8.77,-1.58,50.4,50.4,12.6,-0.15
3182,30.0,-5.508,9.962,29.963,-5.44,9.98,0.08,-10.28,44.49,-80.46,0.6842,0.6289,9.55,8.78,-1.57,50.4,50.4,12.6,-0.15
3183,30.0,-5.523,9.962,29.962,-5.455,9.98,0.08,-10.33,44.49,-80.46,0.684,0.6294,9.55,8.79,-1.57,50.4,50.4,12.6,-0.15
3184,30.0,-5.538,9.962,29.962,-5.47,9.98,0.0801,-10.35,44.49,-80.44,0.6838,0.63,9.55,8.8,-1.57,50.4,50.4,12.6,-0.15
3185,30.0,-5.553,9.962,29.962,-5.485,9.98,0.0801,-10.37,44.49,-80.42,0.6836,0.6306,9.55,8.8,-1.57,50.4,50.4,12.6,-0.15
3186,30.0,-5.568,9.962,29.962,-5.5,9.98,0.0802,-10.39,44.47,-80.42,0.6834,0.6311,9.54,8.81,-1.57,50.4,50.4,12.6,-0.15
3187,30.0,-5.583,9.962,29.962,-5.515,9.98,0.0802,-10.44,44.47,-80.4,0.6832,0.6317,9.54,8.82,-1.57,50.4,50.4,12.6,-0.15
3188,30.0,-5.598,9.962,29.962,-5.53,9.98,0.0803,-10.46,44.47,-80.4,0.683,0.6322,9.54,8.83,-1.57,50.4,50.4,12.6,-0.15
3189,30.0,-5.613,9.962,29.962,-5.545,9.98,0.0803,-10.48,44.47,-80.38,0.6828,0.6328,9.53,8.84,-1.57,50.4,50.4,12.6,-0.15
3190,30.0,-5.628,9.962,29.962,-5.56,9.98,0.0804,-10.5,44.45,-80.38,0.6826,0.6334,9.53,8.84,-1.57,50.4,50.4,12.6,-0.15
3191,30.0,-5.643,9.962,29.962,-5.575,9.98,0.0804,-10.55,44.45,-80.35,0.6824,0.6339,9.53,8.85,-1.57,50.4,50.4,12.6,-0.15
3192,30.0,-5.658,9.962,29.962,-5.589,9.98,0.0805,-10.57,44.45,-80.35,0.6822,0.6345,9.52,8.86,-1.57,50.4,50.4,12.6,-0.15
3193,30.0,-5.673,9.962,29.962,-5.604,9.98,0.0805,-10.59,44.43,-80.33,0.682,0.635,9.52,8.87,-1.57,50.4,50.4,12.6,-0.15
3194,30.0,-5.688,9.962,29.962,-5.619,9.98,0.0806,-10.61,44.43,-80.33,0.6818,0.6356,9.52,8.87,-1.57,50.4,50.4,12.6,-0.15
3195,30.0,-5.703,9.962,29.962,-5.634,9.977,0.0799,-10.66,44.43,-80.31,0.6873,0.6362,9.6,8.88,-1.57,50.4,50.4,12.6,-0.13
3196,30.0,-5.718,9.962,29.962,-5.65,9.975,0.0793,-10.68,44.41,-80.31,0.6921,0.6368,9.66,8.89,-1.57,50.4,50.4,12.6,-0.07
3197,30.0,-5.733,9.962,29.962,-5.665,9.972,0.079,-10.7,44.41,-80.29,0.697,0.6373,9.73,8.9,-1.57,50.4,50.4,12.6,-0.09
3198,30.0,-5.748,9.962,29.96,-5.689,9.976,0.0728,-10.74,44.41,-80.27,0.6906,0.6378,9.64,8.9,-1.31,50.4,50.4,12.6,-0.12
3199,30.0,-5.763,9.962,29.955,-5.731,9.973,0.0566,-10.83,44.38,-80.27,0.6971,0.6378,9.73,8.91,-0.6,50.4,50.4,12.6,-0.03
3200,30.0,-5.778,9.962,29.953,-5.763,9.973,0.0506,-10.9,44.38,-80.24,0.702,0.6322,9.8,8.83,-0.13,50.4,50.4,12.6,0.03
3201,30.0,-5.793,9.962,29.952,-5.778,9.97,0.0506,-10.92,44.36,-80.24,0.7068,0.6358,9.87,8.88,-0.12,50.4,50.4,12.6,0.03
3202,30.0,-5.808,9.962,29.952,-5.793,9.968,0.0505,-10.94,44.36,-80.22,0.7117,0.6374,9.94,8.9,-0.11,50.4,50.4,12.6,0.03
3203,30.0,-5.822,9.962,29.952,-5.808,9.966,0.0502,-10.96,44.34,-80.22,0.7165,0.6369,10.0,8.89,-0.11,50.4,50.4,12.6,0.04
3204,30.0,-5.837,9.962,29.952,-5.823,9.965,0.0499,-11.01,44.34,-80.2,0.7214,0.6368,10.07,8.89,-0.11,50.4,50.4,12.6,0.04
3205,30.0,-5.852,9.962,29.952,-5.838,9.97,0.0507,-11.03,44.34,-80.18,0.715,0.6367,9.98,8.89,-0.1,50.4,50.4,12.6,0.04
3206,30.0,-5.866,9.962,29.952,-5.853,9.973,0.0516,-11.05,44.34,-80.18,0.7103,0.6365,9.92,8.89,-0.1,50.4,50.4,12.6,0.04
3207,30.0,-5.881,9.962,29.951,-5.867,9.977,0.0527,-11.07,44.34,-80.16,0.7056,0.6364,9.85,8.89,-0.09,50.4,50.4,12.6,0.04
3208,30.0,-5.896,9.962,29.951,-5.882,9.98,0.0538,-11.12,44.34,-80.16,0.7009,0.6362,9.79,8.88,-0.09,50.4,50.4,12.6,0.04
3209,30.0,-5.91,9.962,29.951,-5.897,9.983,0.0551,-11.14,44.34,-80.13,0.6962,0.6361,9.72,8.88,-0.08,50.4,50.4,12.6,0.05
3210,30.0,-5.924,9.962,29.951,-5.911,9.986,0.0564,-11.16,44.34,-80.13,0.6915,0.6359,9.66,8.88,-0.08,50.4,50.4,12.6,0.05
3211,30.0,-5.939,9.962,29.951,-5.926,9.988,0.0577,-11.18,44.34,-80.11,0.6868,0.6357,9.59,8.88,-0.07,50.4,50.4,12.6,0.05
3212,30.0,-5.953,9.962,29.95,-5.94,9.991,0.0589,-11.23,44.34,-80.09,0.6826,0.6356,9.53,8.87,-0.07,50.4,50.4,12.6,0.05
3213,30.0,-5.967,9.962,29.95,-5.955,9.99,0.0586,-11.25,44.34,-80.09,0.6835,0.6354,9.54,8.87,-0.06,50.4,50.4,12.6,0.05
3214,30.0,-5.982,9.962,29.95,-5.969,9.99,0.0586,-11.27,44.32,-80.07,0.6837,0.6352,9.55,8.87,-0.06,50.4,50.4,12.6,0.05
3215,30.0,-5.996,9.962,29.95,-5.983,9.99,0.0585,-11.29,44.32,-80.07,0.6839,0.635,9.55,8.87,-0.05,50.4,50.4,12.6,0.05
3216,30.0,-6.01,9.962,29.95,-5.997,9.99,0.0584,-11.32,44.32,-80.05,0.684,0.6348,9.55,8.86,-0.05,50.4,50.4,12.6,0.06
3217,30.0,-6.024,9.962,29.951,-6.012,9.99,0.0584,-11.36,44.3,-80.05,0.6842,0.6346,9.55,8.86,-0.04,50.4,50.4,12.6,0.06
3218,30.0,-6.038,9.962,29.95,-6.026,9.99,0.0583,-11.38,44.3,-80.02,0.6845,0.6348,9.56,8.86,-0.04,50.4,50.4,12.6,0.12
3219,30.0,-6.052,9.962,29.951,-6.04,9.987,0.0567,-11.4,44.3,-80.0,0.6902,0.6345,9.64,8.86,-0.03,50.4,50.4,12.6,0.14
3220,30.0,-6.066,9.962,29.95,-6.054,9.99,0.0584,-11.43,44.3,-80.0,0.6843,0.6343,9.55,8.86,-0.03,50.4,50.4,12.6,0.08
3221,30.0,-6.08,9.962,29.951,-6.068,9.99,0.058,-11.45,44.27,-79.98,0.6852,0.6327,9.57,8.83,-0.02,50.4,50.4,12.6,0.06
3222,30.0,-6.094,9.962,29.951,-6.082,9.99,0.058,-11.47,44.27,-79.98,0.6854,0.6338,9.57,8.85,-0.02,50.4,50.4,12.6,0.06
3223,30.0,-6.108,9.962,29.951,-6.096,9.99,0.0579,-11.51,44.27,-79.96,0.6856,0.6334,9.57,8.84,-0.02,50.4,50.4,12.6,0.06
3224,30.0,-6.121,9.962,29.951,-6.11,9.99,0.0579,-11.54,44.25,-79.96,0.6858,0.6331,9.58,8.84,-0.01,50.4,50.4,12.6,0.07
3225,30.0,-6.135,9.962,29.951,-6.124,9.99,0.0578,-11.56,44.25,-79.94,0.686,0.6329,9.58,8.84,-0.01,50.4,50.4,12.6,0.07
3226,30.0,-6.149,9.962,29.951,-6.138,9.99,0.0577,-11.58,44.25,-79.91,0.6862,0.6327,9.58,8.83,-0.0,50.4,50.4,12.6,0.07
3227,30.0,-6.162,9.962,29.951,-6.151,9.99,0.0577,-11.6,44.25,-79.91,0.6864,0.6324,9.58,8.83,0.0,50.4,50.4,12.6,0.07
3228,30.0,-6.176,9.962,29.951,-6.165,9.99,0.0576,-11.62,44.23,-79.89,0.6866,0.6322,9.59,8.83,0.01,50.4,50.4,12.6,0.07
3229,30.0,-6.189,9.962,29.951,-6.179,9.99,0.0575,-11.65,44.23,-79.89,0.6868,0.6319,9.59,8.82,0.01,50.4,50.4,12.6,0.07
3230,30.0,-6.203,9.962,29.951,-6.192,9.99,0.0574,-11.69,44.23,-79.87,0.687,0.6316,9.59,8.82,0.02,50.4,50.4,12.6,0.07
3231,30.0,-6.216,9.962,29.951,-6.206,9.99,0.0574,-11.71,44.21,-79.87,0.6873,0.6314,9.6,8.82,0.02,50.4,50.4,12.6,0.08
3232,30.0,-6.229,9.962,29.951,-6.219,9.99,0.0573,-11.73,44.21,-79.85,0.6875,0.6311,9.6,8.81,0.03,50.4,50.4,12.6,0.08
3233,30.0,-6.243,9.962,29.951,-6.233,9.989,0.0572,-11.76,44.21,-79.83,0.6877,0.6308,9.6,8.81,0.03,50.4,50.4,12.6,0.08
3234,30.0,-6.256,9.962,29.951,-6.246,9.989,0.0571,-11.78,44.21,-79.83,0.6879,0.6305,9.6,8.8,0.04,50.4,50.4,12.6,0.08
3235,30.0,-6.269,9.962,29.951,-6.259,9.989,0.057,-11.8,44.19,-79.8,0.6881,0.6303,9.61,8.8,0.04,50.4,50.4,12.6,0.08
3236,30.0,-6.282,9.962,29.951,-6.273,9.989,0.057,-11.82,44.19,-79.8,0.6883,0.63,9.61,8.8,0.05,50.4,50.4,12.6,0.08
3237,30.0,-6.295,9.962,29.951,-6.286,9.989,0.0569,-11.84,44.19,-79.78,0.6886,0.6297,9.61,8.79,0.05,50.4,50.4,12.6,0.08
3238,30.0,-6.308,9.962,29.951,-6.299,9.989,0.0568,-11.89,44.17,-79.78,0.6888,0.6294,9.62,8.79,0.06,50.4,50.4,12.6,0.09
3239,30.0,-6.321,9.962,29.951,-6.312,9.989,0.0567,-11.91,44.17,-79.76,0.689,0.6291,9.62,8.78,0.06,50.4,50.4,12.6,0.09
3240,30.0,-6.334,9.962,29.951,-6.325,9.989,0.0567,-11.93,44.17,-79.76,0.6893,0.6288,9.62,8.78,0.06,50.4,50.4,12.6,0.09
3241,30.0,-6.347,9.962,29.951,-6.338,9.989,0.0566,-11.95,44.17,-79.74,0.6895,0.6285,9.63,8.77,0.07,50.4,50.4,12.6,0.09
3242,30.0,-6.36,9.962,29.952,-6.351,9.986,0.0551,-11.98,44.14,-79.72,0.6951,0.6283,9.71,8.77,0.07,50.4,50.4,12.6,0.12
3243,30.0,-6.373,9.962,29.952,-6.364,9.984,0.0539,-12.0,44.14,-79.72,0.7,0.628,9.77,8.77,0.08,50.4,50.4,12.6,0.16
3244,30.0,-6.386,9.962,29.952,-6.377,9.982,0.0529,-12.02,44.12,-79.69,0.7048,0.6277,9.84,8.76,0.08,50.4,50.4,12.6,0.13
3245,30.0,-6.398,9.962,29.952,-6.39,9.986,0.0546,-12.04,44.12,-79.69,0.6985,0.6265,9.75,8.75,0.09,50.4,50.4,12.6,0.09
3246,30.0,-6.411,9.962,29.952,-6.403,9.989,0.056,-12.06,44.12,-79.67,0.6938,0.627,9.69,8.75,0.09,50.4,50.4,12.6,0.1
3247,30.0,-6.424,9.962,29.951,-6.415,9.991,0.057,-12.08,44.12,-79.67,0.6906,0.6265,9.64,8.75,0.1,50.4,50.4,12.6,0.1
3248,30.0,-6.436,9.962,29.952,-6.428,9.99,0.0567,-12.11,44.12,-79.65,0.6915,0.6262,9.65,8.74,0.1,50.4,50.4,12.6,0.1
3249,30.0,-6.449,9.962,29.952,-6.441,9.99,0.0566,-12.13,44.1,-79.65,0.6917,0.6258,9.66,8.74,0.11,50.4,50.4,12.6,0.1
3250,30.0,-6.461,9.962,29.952,-6.453,9.99,0.0565,-12.15,44.1,-79.63,0.692,0.6255,9.66,8.73,0.11,50.4,50.4,12.6,0.1
3251,30.0,-6.473,9.962,29.952,-6.466,9.99,0.0564,-12.17,44.1,-79.61,0.6922,0.6251,9.67,8.73,0.12,50.4,50.4,12.6,0.1
3252,30.0,-6.486,9.962,29.952,-6.478,9.99,0.0563,-12.19,44.1,-79.61,0.6925,0.6248,9.67,8.72,0.12,50.4,50.4,12.6,0.1
3253,30.0,-6.498,9.962,29.952,-6.491,9.99,0.0563,-12.22,44.08,-79.58,0.6927,0.6244,9.67,8.72,0.13,50.4,50.4,12.6,0.1
3254,30.0,-6.51,9.962,29.952,-6.503,9.99,0.0562,-12.26,44.08,-79.58,0.693,0.624,9.68,8.71,0.13,50.4,50.4,12.6,0.11
3255,30.0,-6.522,9.962,29.952,-6.515,9.99,0.0561,-12.28,44.08,-79.56,0.6933,0.6236,9.68,8.71,0.13,50.4,50.4,12.6,0.11
3256,30.0,-6.535,9.962,29.952,-6.528,9.99,0.056,-12.3,44.06,-79.56,0.6935,0.6233,9.68,8.7,0.14,50.4,50.4,12.6,0.11
3257,30.0,-6.547,9.962,29.952,-6.54,9.99,0.0559,-12.33,44.06,-79.54,0.6938,0.6229,9.69,8.7,0.14,50.4,50.4,12.6,0.11
3258,30.0,-6.559,9.962,29.952,-6.552,9.99,0.0558,-12.35,44.06,-79.54,0.6941,0.6225,9.69,8.69,0.15,50.4,50.4,12.6,0.11
3259,30.0,-6.571,9.962,29.952,-6.564,9.99,0.0558,-12.37,44.06,-79.52,0.6943,0.6221,9.69,8.69,0.15,50.4,50.4,12.6,0.11
3260,30.0,-6.583,9.962,29.952,-6.576,9.99,0.0557,-12.39,44.03,-79.52,0.6946,0.6217,9.7,8.68,0.16,50.4,50.4,12.6,0.11
3261,30.0,-6.594,9.962,29.952,-6.588,9.99,0.0556,-12.41,44.03,-79.5,0.6949,0.6213,9.7,8.67,0.16,50.4,50.4,12.6,0.11
3262,30.0,-6.606,9.962,29.952,-6.6,9.99,0.0555,-12.44,44.03,-79.48,0.6952,0.6209,9.71,8.67,0.17,50.4,50.4,12.6,0.12
3263,30.0,-6.618,9.962,29.952,-6.612,9.99,0.0554,-12.46,44.03,-79.48,0.6955,0.6205,9.71,8.66,0.17,50.4,50.4,12.6,0.12
3264,30.0,-6.63,9.962,29.952,-6.624,9.99,0.0553,-12.48,44.01,-79.45,0.6957,0.6201,9.71,8.66,0.18,50.4,50.4,12.6,0.12
3265,30.0,-6.642,9.962,29.953,-6.636,9.99,0.0552,-12.5,44.01,-79.45,0.696,0.6196,9.72,8.65,0.18,50.4,50.4,12.6,0.12
3266,30.0,-6.653,9.962,29.953,-6.648,9.99,0.0552,-12.52,44.01,-79.43,0.6963,0.6192,9.72,8.65,0.19,50.4,50.4,12.6,0.12
3267,30.0,-6.665,9.962,29.953,-6.66,9.99,0.0551,-12.52,43.99,-79.43,0.6966,0.6188,9.73,8.64,0.19,50.4,50.4,12.6,0.12
3268,30.0,-6.676,9.962,29.953,-6.671,9.989,0.0546,-12.55,43.99,-79.41,0.6981,0.6184,9.75,8.63,0.19,50.4,50.4,12.6,0.12
3269,30.0,-6.688,9.962,29.953,-6.683,9.986,0.0532,-12.57,43.99,-79.41,0.7035,0.618,9.82,8.63,0.2,50.4,50.4,12.6,0.15
3270,30.0,-6.699,9.962,29.953,-6.695,9.984,0.052,-12.59,43.97,-79.39,0.7084,0.6176,9.89,8.62,0.21,50.4,50.4,12.6,0.19
3271,30.0,-6.711,9.962,29.953,-6.706,9.982,0.051,-12.61,43.97,-79.39,0.7132,0.6171,9.96,8.62,0.21,50.4,50.4,12.6,0.16
3272,30.0,-6.722,9.962,29.953,-6.718,9.986,0.0528,-12.63,43.97,-79.37,0.7069,0.6164,9.87,8.61,0.21,50.4,50.4,12.6,0.13
3273,30.0,-6.733,9.962,29.953,-6.729,9.989,0.0543,-12.66,43.97,-79.37,0.7021,0.6162,9.8,8.6,0.22,50.4,50.4,12.6,0.13
3274,30.0,-6.744,9.962,29.953,-6.74,9.991,0.0555,-12.68,43.97,-79.34,0.6981,0.6157,9.75,8.6,0.22,50.4,50.4,12.6,0.13
3275,30.0,-6.756,9.962,29.953,-6.752,9.991,0.0552,-12.7,43.95,-79.34,0.6992,0.6153,9.76,8.59,0.23,50.4,50.4,12.6,0.13
3276,30.0,-6.767,9.962,29.953,-6.763,9.991,0.0551,-12.72,43.95,-79.32,0.6995,0.6148,9.77,8.58,0.23,50.4,50.4,12.6,0.13
3277,30.0,-6.778,9.962,29.953,-6.774,9.991,0.055,-12.74,43.95,-79.32,0.6998,0.6143,9.77,8.58,0.24,50.4,50.4,12.6,0.13
3278,30.0,-6.789,9.962,29.953,-6.785,9.991,0.0549,-12.77,43.95,-79.3,0.7001,0.6139,9.78,8.57,0.24,50.4,50.4,12.6,0.13
3279,30.0,-6.8,9.962,29.953,-6.797,9.991,0.0548,-12.79,43.92,-79.28,0.7004,0.6134,9.78,8.56,0.25,50.4,50.4,12.6,0.13
3280,30.0,-6.811,9.962,29.953,-6.808,9.991,0.0547,-12.81,43.92,-79.28,0.7007,0.6129,9.78,8.56,0.25,50.4,50.4,12.6,0.14
3281,30.0,-6.822,9.962,29.954,-6.819,9.991,0.0546,-12.83,43.92,-79.26,0.7011,0.6124,9.79,8.55,0.26,50.4,50.4,12.6,0.14
3282,30.0,-6.833,9.962,29.954,-6.83,9.991,0.0546,-12.85,43.92,-79.26,0.7014,0.6119,9.79,8.54,0.26,50.4,50.4,12.6,0.14
3283,30.0,-6.843,9.962,29.954,-6.841,9.991,0.0545,-12.85,43.9,-79.23,0.7017,0.6114,9.8,8.54,0.26,50.4,50.4,12.6,0.14
3284,30.0,-6.854,9.962,29.954,-6.852,9.991,0.0544,-12.88,43.9,-79.23,0.702,0.6109,9.8,8.53,0.27,50.4,50.4,12.6,0.14
3285,30.0,-6.865,9.962,29.954,-6.862,9.991,0.0543,-12.9,43.9,-79.21,0.7023,0.6104,9.81,8.52,0.27,50.4,50.4,12.6,0.14
3286,30.0,-6.875,9.962,29.954,-6.873,9.991,0.0542,-12.92,43.9,-79.21,0.7027,0.6099,9.81,8.52,0.28,50.4,50.4,12.6,0.14
3287,30.0,-6.886,9.962,29.954,-6.884,9.991,0.0541,-12.94,43.88,-79.19,0.703,0.6094,9.82,8.51,0.28,50.4,50.4,12.6,0.14
3288,30.0,-6.896,9.962,29.954,-6.895,9.99,0.0539,-12.96,43.88,-79.19,0.7037,0.6089,9.83,8.5,0.29,50.4,50.4,12.6,0.14
3289,30.0,-6.907,9.962,29.954,-6.905,9.989,0.0532,-12.99,43.88,-79.17,0.7061,0.6084,9.86,8.49,0.29,50.4,50.4,12.6,0.15
3290,30.0,-6.917,9.962,29.954,-6.916,9.989,0.0533,-13.01,43.86,-79.17,0.7061,0.6079,9.86,8.49,0.3,50.4,50.4,12.6,0.15
3291,30.0,-6.928,9.962,29.954,-6.926,9.99,0.0532,-13.03,43.86,-79.15,0.7064,0.6073,9.86,8.48,0.3,50.4,50.4,12.6,0.15
3292,30.0,-6.938,9.962,29.954,-6.937,9.99,0.0532,-13.03,43.86,-79.15,0.7067,0.6068,9.87,8.47,0.31,50.4,50.4,12.6,0.15
3293,30.0,-6.948,9.962,29.955,-6.947,9.99,0.0531,-13.05,43.86,-79.12,0.7071,0.6063,9.87,8.47,0.31,50.4,50.4,12.6,0.15
3294,30.0,-6.959,9.962,29.955,-6.958,9.99,0.0531,-13.07,43.84,-79.12,0.7074,0.6057,9.88,8.46,0.32,50.4,50.4,12.6,0.15
3295,30.0,-6.969,9.962,29.955,-6.968,9.99,0.053,-13.1,43.84,-79.1,0.7077,0.6052,9.88,8.45,0.32,50.4,50.4,12.6,0.15
3296,30.0,-6.979,9.962,29.955,-6.978,9.99,0.053,-13.12,43.84,-79.1,0.7081,0.6046,9.89,8.44,0.32,50.4,50.4,12.6,0.15
3297,30.0,-6.989,9.962,29.955,-6.989,9.99,0.053,-13.14,43.84,-79.08,0.7084,0.6041,9.89,8.43,0.33,50.4,50.4,12.6,0.15
3298,30.0,-6.999,9.962,29.955,-6.999,9.99,0.0529,-13.16,43.84,-79.08,0.7087,0.6035,9.9,8.43,0.33,50.4,50.4,12.6,0.15
3299,30.0,-7.009,9.962,29.955,-7.009,9.99,0.0529,-13.16,43.81,-79.06,0.7091,0.603,9.9,8.42,0.34,50.4,50.4,12.6,0.16
3300,30.0,-7.019,9.962,29.955,-7.019,9.987,0.0513,-13.18,43.81,-79.06,0.7147,0.6025,9.98,8.41,0.34,50.4,50.4,12.6,0.2
3301,30.0,-7.029,9.962,29.956,-7.029,9.985,0.0501,-13.21,43.79,-79.04,0.7195,0.6019,10.05,8.4,0.35,50.4,50.4,12.6,0.21
3302,30.0,-7.039,9.962,29.955,-7.039,9.989,0.0521,-13.23,43.79,-79.04,0.7131,0.6013,9.96,8.4,0.35,50.4,50.4,12.6,0.17
3303,30.0,-7.049,9.962,29.955,-7.049,9.992,0.0537,-13.25,43.79,-79.01,0.7084,0.6008,9.89,8.39,0.36,50.4,50.4,12.6,0.16
3304,30.0,-7.058,9.962,29.955,-7.059,9.992,0.0535,-13.25,43.79,-79.01,0.7089,0.6002,9.9,8.38,0.36,50.4,50.4,12.6,0.16
3305,30.0,-7.068,9.962,29.955,-7.069,9.992,0.0534,-13.27,43.79,-78.99,0.7093,0.5996,9.9,8.37,0.37,50.4,50.4,12.6,0.16
3306,30.0,-7.078,9.962,29.956,-7.079,9.992,0.0533,-13.29,43.79,-78.99,0.7097,0.599,9.91,8.36,0.37,50.4,50.4,12.6,0.16
3307,30.0,-7.087,9.962,29.956,-7.088,9.992,0.0532,-13.32,43.77,-78.97,0.71,0.5984,9.91,8.36,0.37,50.4,50.4,12.6,0.16
3308,30.0,-7.097,9.962,29.956,-7.098,9.992,0.0532,-13.34,43.77,-78.97,0.7104,0.5979,9.92,8.35,0.38,50.4,50.4,12.6,0.16
3309,30.0,-7.106,9.962,29.956,-7.108,9.992,0.0531,-13.34,43.77,-78.97,0.7108,0.5973,9.92,8.34,0.38,50.4,50.4,12.6,0.17
3310,30.0,-7.116,9.962,29.956,-7.117,9.992,0.053,-13.36,43.77,-78.95,0.7111,0.5967,9.93,8.33,0.39,50.4,50.4,12.6,0.17
3311,30.0,-7.125,9.962,29.956,-7.127,9.992,0.0529,-13.38,43.75,-78.95,0.7115,0.5961,9.93,8.32,0.39,50.4,50.4,12.6,0.17
3312,30.0,-7.134,9.962,29.956,-7.136,9.991,0.0524,-13.4,43.75,-78.93,0.7131,0.5955,9.96,8.31,0.4,50.4,50.4,12.6,0.17
3313,30.0,-7.144,9.962,29.956,-7.146,9.99,0.0521,-13.43,43.75,-78.93,0.7143,0.5949,9.97,8.31,0.4,50.4,50.4,12.6,0.17
3314,30.0,-7.153,9.962,29.956,-7.155,9.991,0.0521,-13.43,43.75,-78.9,0.7145,0.5943,9.98,8.3,0.41,50.4,50.4,12.6,0.17
3315,30.0,-7.162,9.962,29.956,-7.165,9.991,0.0521,-13.45,43.73,-78.9,0.7148,0.5936,9.98,8.29,0.41,50.4,50.4,12.6,0.17
3316,30.0,-7.171,9.962,29.957,-7.174,9.991,0.052,-13.47,43.73,-78.88,0.7152,0.593,9.99,8.28,0.42,50.4,50.4,12.6,0.17
3317,30.0,-7.18,9.962,29.957,-7.183,9.991,0.052,-13.49,43.73,-78.88,0.7155,0.5924,9.99,8.27,0.42,50.4,50.4,12.6,0.17
3318,30.0,-7.189,9.962,29.957,-7.192,9.991,0.0519,-13.49,43.73,-78.86,0.7159,0.5918,10.0,8.26,0.43,50.4,50.4,12.6,0.17
3319,30.0,-7.198,9.962,29.957,-7.201,9.991,0.0519,-13.51,43.73,-78.86,0.7163,0.5912,10.0,8.25,0.43,50.4,50.4,12.6,0.17
3320,30.0,-7.207,9.962,29.957,-7.211,9.991,0.0519,-13.54,43.7,-78.84,0.7166,0.5905,10.01,8.25,0.43,50.4,50.4,12.6,0.18
3321,30.0,-7.216,9.962,29.957,-7.22,9.991,0.0518,-13.56,43.7,-78.84,0.717,0.5899,10.01,8.24,0.44,50.4,50.4,12.6,0.18
3322,30.0,-7.225,9.962,29.957,-7.229,9.991,0.0518,-13.56,43.7,-78.82,0.7174,0.5893,10.02,8.23,0.44,50.4,50.4,12.6,0.18
3323,30.0,-7.234,9.962,29.957,-7.238,9.991,0.0517,-13.58,43.7,-78.82,0.7178,0.5886,10.02,8.22,0.45,50.4,50.4,12.6,0.18
3324,30.0,-7.242,9.962,29.957,-7.246,9.991,0.0517,-13.6,43.68,-78.82,0.7181,0.588,10.03,8.21,0.45,50.4,50.4,12.6,0.18
3325,30.0,-7.251,9.962,29.957,-7.255,9.991,0.0517,-13.62,43.68,-78.79,0.7185,0.5873,10.03,8.2,0.46,50.4,50.4,12.6,0.18
3326,30.0,-7.26,9.962,29.958,-7.264,9.991,0.0516,-13.62,43.68,-78.79,0.7189,0.5867,10.04,8.19,0.46,50.4,50.4,12.6,0.18
3327,30.0,-7.268,9.962,29.958,-7.273,9.991,0.0516,-13.65,43.68,-78.77,0.7192,0.586,10.04,8.18,0.47,50.4,50.4,12.6,0.18
3328,30.0,-7.277,9.962,29.958,-7.282,9.991,0.0515,-13.67,43.68,-78.77,0.7196,0.5854,10.05,8.17,0.47,50.4,50.4,12.6,0.18
3329,30.0,-7.285,9.962,29.958,-7.29,9.991,0.0515,-13.67,43.66,-78.75,0.72,0.5847,10.05,8.16,0.48,50.4,50.4,12.6,0.18
3330,30.0,-7.294,9.962,29.958,-7.299,9.991,0.0514,-13.69,43.66,-78.75,0.7204,0.5841,10.06,8.16,0.48,50.4,50.4,12.6,0.18
3331,30.0,-7.302,9.962,29.958,-7.307,9.991,0.0514,-13.71,43.66,-78.73,0.7208,0.5834,10.06,8.15,0.49,50.4,50.4,12.6,0.19
3332,30.0,-7.31,9.962,29.958,-7.316,9.991,0.0514,-13.73,43.66,-78.73,0.7211,0.5827,10.07,8.14,0.49,50.4,50.4,12.6,0.19
3333,30.0,-7.319,9.962,29.958,-7.324,9.992,0.0513,-13.73,43.64,-78.73,0.7215,0.5821,10.07,8.13,0.49,50.4,50.4,12.6,0.19
3334,30.0,-7.327,9.962,29.958,-7.333,9.992,0.0513,-13.75,43.64,-78.71,0.7219,0.5814,10.08,8.12,0.5,50.4,50.4,12.6,0.19
3335,30.0,-7.335,9.962,29.958,-7.341,9.992,0.0512,-13.78,43.64,-78.71,0.7223,0.5807,10.09,8.11,0.5,50.4,50.4,12.6,0.19
3336,30.0,-7.343,9.962,29.959,-7.35,9.989,0.0496,-13.78,43.64,-78.68,0.7279,0.58,10.16,8.1,0.51,50.4,50.4,12.6,0.21
3337,30.0,-7.351,9.962,29.959,-7.358,9.987,0.0483,-13.8,43.62,-78.68,0.7327,0.5794,10.23,8.09,0.51,50.4,50.4,12.6,0.23
3338,30.0,-7.359,9.962,29.959,-7.366,9.988,0.0487,-13.82,43.62,-78.66,0.7322,0.5787,10.22,8.08,0.52,50.4,50.4,12.6,0.21
3339,30.0,-7.367,9.962,29.959,-7.374,9.991,0.0507,-13.82,43.62,-78.66,0.7266,0.578,10.15,8.07,0.52,50.4,50.4,12.6,0.19
3340,30.0,-7.375,9.962,29.959,-7.382,9.994,0.0524,-13.84,43.62,-78.66,0.7219,0.5773,10.08,8.06,0.53,50.4,50.4,12.6,0.19
3341,30.0,-7.383,9.962,29.959,-7.39,9.993,0.052,-13.86,43.62,-78.64,0.7232,0.5766,10.1,8.05,0.53,50.4,50.4,12.6,0.19
3342,30.0,-7.391,9.962,29.959,-7.398,9.993,0.0519,-13.86,43.62,-78.64,0.7236,0.5759,10.1,8.04,0.54,50.4,50.4,12.6,0.19
3343,30.0,-7.399,9.962,29.959,-7.406,9.993,0.0519,-13.89,43.59,-78.62,0.724,0.5752,10.11,8.03,0.54,50.4,50.4,12.6,0.2
3344,30.0,-7.407,9.962,29.959,-7.414,9.993,0.0518,-13.91,43.59,-78.62,0.7244,0.5745,10.12,8.02,0.55,50.4,50.4,12.6,0.2
3345,30.0,-7.414,9.962,29.959,-7.422,9.993,0.0517,-13.91,43.59,-78.62,0.7248,0.5738,10.12,8.01,0.55,50.4,50.4,12.6,0.2
3346,30.0,-7.422,9.962,29.96,-7.43,9.993,0.0516,-13.93,43.59,-78.6,0.7253,0.5731,10.13,8.0,0.55,50.4,50.4,12.6,0.2
3347,30.0,-7.429,9.962,29.96,-7.437,9.993,0.0516,-13.95,43.59,-78.6,0.7257,0.5724,10.13,7.99,0.56,50.4,50.4,12.6,0.2
3348,30.0,-7.437,9.962,29.96,-7.445,9.993,0.0515,-13.95,43.57,-78.57,0.7261,0.5717,10.14,7.98,0.56,50.4,50.4,12.6,0.2
3349,30.0,-7.444,9.962,29.96,-7.453,9.993,0.0514,-13.97,43.57,-78.57,0.7265,0.571,10.14,7.97,0.57,50.4,50.4,12.6,0.2
3350,30.0,-7.452,9.962,29.96,-7.46,9.993,0.0514,-13.97,43.57,-78.57,0.7269,0.5702,10.15,7.96,0.57,50.4,50.4,12.6,0.2
3351,30.0,-7.459,9.962,29.96,-7.468,9.993,0.0513,-14.0,43.57,-78.55,0.7273,0.5695,10.16,7.95,0.58,50.4,50.4,12.6,0.2
3352,30.0,-7.467,9.962,29.96,-7.476,9.993,0.0512,-14.02,43.57,-78.55,0.7277,0.5688,10.16,7.94,0.58,50.4,50.4,12.6,0.2
3353,30.0,-7.474,9.962,29.96,-7.483,9.993,0.0511,-14.02,43.55,-78.53,0.7282,0.5681,10.17,7.93,0.59,50.4,50.4,12.6,0.2
3354,30.0,-7.481,9.962,29.96,-7.49,9.993,0.0511,-14.04,43.55,-78.53,0.7286,0.5673,10.17,7.92,0.59,50.4,50.4,12.6,0.2
3355,30.0,-7.488,9.962,29.961,-7.498,9.993,0.051,-14.04,43.55,-78.53,0.729,0.5666,10.18,7.91,0.6,50.4,50.4,12.6,0.2
3356,30.0,-7.495,9.962,29.961,-7.505,9.993,0.051,-14.06,43.55,-78.51,0.7294,0.5659,10.18,7.9,0.6,50.4,50.4,12.6,0.21
3357,30.0,-7.503,9.962,29.961,-7.512,9.993,0.0504,-14.08,43.55,-78.51,0.7312,0.5651,10.21,7.89,0.61,50.4,50.4,12.6,0.21
3358,30.0,-7.51,9.962,29.961,-7.52,9.993,0.0504,-14.08,43.53,-78.49,0.7317,0.5644,10.22,7.88,0.61,50.4,50.4,12.6,0.21
3359,30.0,-7.517,9.962,29.961,-7.527,9.993,0.0504,-14.11,43.53,-78.49,0.7321,0.5636,10.22,7.87,0.61,50.4,50.4,12.6,0.21
3360,30.0,-7.523,9.962,29.961,-7.534,9.993,0.0503,-14.11,43.53,-78.49,0.7325,0.5629,10.23,7.86,0.62,50.4,50.4,12.6,0.21
3361,30.0,-7.53,9.962,29.961,-7.541,9.993,0.0503,-14.13,43.53,-78.46,0.7329,0.5621,10.23,7.85,0.62,50.4,50.4,12.6,0.21
3362,30.0,-7.537,9.962,29.961,-7.548,9.993,0.0503,-14.15,43.53,-78.46,0.7333,0.5614,10.24,7.84,0.63,50.4,50.4,12.6,0.21
3363,30.0,-7.544,9.962,29.962,-7.555,9.993,0.0502,-14.15,43.51,-78.44,0.7337,0.5606,10.24,7.83,0.63,50.4,50.4,12.6,0.21
3364,30.0,-7.551,9.962,29.962,-7.562,9.993,0.0502,-14.17,43.51,-78.44,0.7342,0.5599,10.25,7.82,0.64,50.4,50.4,12.6,0.21
3365,30.0,-7.557,9.962,29.962,-7.569,9.993,0.0502,-14.17,43.51,-78.44,0.7346,0.5591,10.26,7.81,0.64,50.4,50.4,12.6,0.21
3366,30.0,-7.564,9.962,29.962,-7.575,9.993,0.0502,-14.19,43.51,-78.42,0.735,0.5584,10.26,7.8,0.65,50.4,50.4,12.6,0.21
3367,30.0,-7.571,9.962,29.962,-7.582,9.993,0.0501,-14.19,43.51,-78.42,0.7354,0.5576,10.27,7.79,0.65,50.4,50.4,12.6,0.21
3368,30.0,-7.577,9.962,29.962,-7.589,9.993,0.0501,-14.22,43.51,-78.42,0.7358,0.5568,10.27,7.77,0.66,50.4,50.4,12.6,0.21
3369,30.0,-7.584,9.962,29.962,-7.596,9.993,0.0501,-14.22,43.48,-78.4,0.7363,0.5561,10.28,7.76,0.66,50.4,50.4,12.6,0.21
3370,30.0,-7.59,9.962,29.962,-7.602,9.993,0.0501,-14.24,43.48,-78.4,0.7367,0.5553,10.29,7.75,0.67,50.4,50.4,12.6,0.22
3371,30.0,-7.596,9.962,29.962,-7.609,9.993,0.05,-14.24,43.48,-78.4,0.7371,0.5545,10.29,7.74,0.67,50.4,50.4,12.6,0.22
3372,30.0,-7.603,9.962,29.963,-7.615,9.993,0.05,-14.26,43.48,-78.38,0.7375,0.5537,10.3,7.73,0.67,50.4,50.4,12.6,0.22
3373,30.0,-7.609,9.962,29.963,-7.622,9.993,0.05,-14.28,43.48,-78.38,0.738,0.553,10.3,7.72,0.68,50.4,50.4,12.6,0.22
3374,30.0,-7.615,9.962,29.963,-7.628,9.993,0.05,-14.28,43.46,-78.35,0.7384,0.5522,10.31,7.71,0.68,50.4,50.4,12.6,0.22
3375,30.0,-7.621,9.962,29.963,-7.635,9.993,0.05,-14.3,43.46,-78.35,0.7388,0.5514,10.32,7.7,0.69,50.4,50.4,12.6,0.22
3376,30.0,-7.628,9.962,29.963,-7.641,9.993,0.0499,-14.3,43.46,-78.35,0.7392,0.5506,10.32,7.69,0.69,50.4,50.4,12.6,0.22
3377,30.0,-7.634,9.962,29.963,-7.647,9.993,0.0499,-14.33,43.46,-78.33,0.7397,0.5498,10.33,7.68,0.7,50.4,50.4,12.6,0.22
3378,30.0,-7.64,9.962,29.963,-7.653,9.993,0.0499,-14.33,43.46,-78.33,0.7401,0.549,10.33,7.67,0.7,50.4,50.4,12.6,0.22
3379,30.0,-7.646,9.962,29.963,-7.66,9.993,0.0499,-14.35,43.46,-78.33,0.7405,0.5482,10.34,7.65,0.71,50.4,50.4,12.6,0.22
3380,30.0,-7.652,9.962,29.964,-7.666,9.993,0.0499,-14.35,43.44,-78.31,0.741,0.5474,10.35,7.64,0.71,50.4,50.4,12.6,0.22
3381,30.0,-7.657,9.962,29.964,-7.672,9.993,0.0499,-14.37,43.44,-78.31,0.7414,0.5466,10.35,7.63,0.72,50.4,50.4,12.6,0.22
3382,30.0,-7.663,9.962,29.964,-7.678,9.993,0.0499,-14.37,43.44,-78.31,0.7418,0.5458,10.36,7.62,0.72,50.4,50.4,12.6,0.22
3383,30.0,-7.669,9.962,29.964,-7.684,9.991,0.0481,-14.39,43.44,-78.29,0.7474,0.545,10.44,7.61,0.73,50.4,50.4,12.6,0.23
3384,30.0,-7.675,9.962,29.964,-7.69,9.989,0.0468,-14.39,43.42,-78.29,0.7522,0.5442,10.5,7.6,0.73,50.4,50.4,12.6,0.25
3385,30.0,-7.68,9.962,29.965,-7.696,9.987,0.0456,-14.41,43.42,-78.29,0.757,0.5434,10.57,7.59,0.74,50.4,50.4,12.6,0.25
3386,30.0,-7.686,9.962,29.964,-7.701,9.991,0.048,-14.41,43.42,-78.27,0.7506,0.5426,10.48,7.58,0.74,50.4,50.4,12.6,0.22
3387,30.0,-7.692,9.962,29.964,-7.707,9.994,0.0499,-14.41,43.42,-78.27,0.7459,0.5418,10.41,7.57,0.74,50.4,50.4,12.6,0.23
3388,30.0,-7.697,9.962,29.964,-7.713,9.996,0.0512,-14.44,43.42,-78.27,0.7428,0.541,10.37,7.55,0.75,50.4,50.4,12.6,0.23
3389,30.0,-7.703,9.962,29.965,-7.718,9.995,0.0509,-14.44,43.42,-78.24,0.744,0.5402,10.39,7.54,0.75,50.4,50.4,12.6,0.23
3390,30.0,-7.708,9.962,29.965,-7.724,9.995,0.0509,-14.46,43.42,-78.24,0.7444,0.5394,10.39,7.53,0.76,50.4,50.4,12.6,0.23
3391,30.0,-7.714,9.962,29.965,-7.73,9.995,0.0508,-14.46,43.42,-78.24,0.7449,0.5386,10.4,7.52,0.76,50.4,50.4,12.6,0.23
3392,30.0,-7.719,9.962,29.965,-7.735,9.995,0.0508,-14.48,43.42,-78.24,0.7453,0.5377,10.41,7.51,0.77,50.4,50.4,12.6,0.23
3393,30.0,-7.724,9.962,29.965,-7.741,9.995,0.0508,-14.48,43.42,-78.22,0.7458,0.5369,10.41,7.5,0.77,50.4,50.4,12.6,0.23
3394,30.0,-7.729,9.962,29.965,-7.746,9.995,0.0507,-14.5,43.4,-78.22,0.7462,0.5361,10.42,7.49,0.78,50.4,50.4,12.6,0.23
3395,30.0,-7.735,9.962,29.965,-7.751,9.995,0.0507,-14.5,43.4,-78.22,0.7467,0.5353,10.43,7.47,0.78,50.4,50.4,12.6,0.23
3396,30.0,-7.74,9.962,29.965,-7.757,9.995,0.0507,-14.5,43.4,-78.2,0.7471,0.5344,10.43,7.46,0.79,50.4,50.4,12.6,0.23
3397,30.0,-7.745,9.962,29.966,-7.762,9.995,0.0507,-14.52,43.4,-78.2,0.7476,0.5336,10.44,7.45,0.79,50.4,50.4,12.6,0.23
3398,30.0,-7.75,9.962,29.966,-7.767,9.995,0.0506,-14.52,43.4,-78.2,0.748,0.5328,10.44,7.44,0.8,50.4,50.4,12.6,0.23
3399,30.0,-7.755,9.962,29.966,-7.772,9.995,0.0506,-14.55,43.4,-78.18,0.7485,0.5319,10.45,7.43,0.8,50.4,50.4,12.6,0.23
3400,30.0,-7.76,9.962,29.966,-7.778,9.995,0.0506,-14.55,43.37,-78.18,0.7489,0.5311,10.46,7.42,0.81,50.4,50.4,12.6,0.23
3401,30.0,-7.765,9.962,29.966,-7.783,9.995,0.0506,-14.57,43.37,-78.18,0.7494,0.5303,10.46,7.4,0.81,50.4,50.4,12.6,0.23
3402,30.0,-7.769,9.962,29.966,-7.788,9.995,0.0505,-14.57,43.37,-78.18,0.7499,0.5294,10.47,7.39,0.81,50.4,50.4,12.6,0.23
3403,30.0,-7.774,9.962,29.966,-7.793,9.995,0.0505,-14.57,43.37,-78.16,0.7503,0.5286,10.48,7.38,0.82,50.4,50.4,12.6,0.23
3404,30.0,-7.779,9.962,29.967,-7.798,9.995,0.0505,-14.59,43.37,-78.16,0.7508,0.5277,10.48,7.37,0.82,50.4,50.4,12.6,0.23
3405,30.0,-7.784,9.962,29.967,-7.802,9.995,0.0505,-14.59,43.37,-78.16,0.7512,0.5269,10.49,7.36,0.83,50.4,50.4,12.6,0.23
3406,30.0,-7.788,9.962,29.967,-7.807,9.995,0.0504,-14.61,43.37,-78.13,0.7517,0.526,10.5,7.34,0.83,50.4,50.4,12.6,0.24
3407,30.0,-7.793,9.962,29.967,-7.812,9.995,0.0504,-14.61,43.35,-78.13,0.7522,0.5252,10.5,7.33,0.84,50.4,50.4,12.6,0.24
3408,30.0,-7.797,9.962,29.967,-7.817,9.995,0.0504,-14.61,43.35,-78.13,0.7526,0.5243,10.51,7.32,0.84,50.4,50.4,12.6,0.24
3409,30.0,-7.802,9.962,29.967,-7.821,9.995,0.0504,-14.63,43.35,-78.13,0.7531,0.5235,10.52,7.31,0.85,50.4,50.4,12.6,0.24
3410,30.0,-7.806,9.962,29.967,-7.826,9.995,0.0504,-14.63,43.35,-78.11,0.7535,0.5226,10.52,7.3,0.85,50.4,50.4,12.6,0.24
3411,30.0,-7.811,9.962,29.967,-7.831,9.995,0.0504,-14.63,43.35,-78.11,0.754,0.5218,10.53,7.29,0.86,50.4,50.4,12.6,0.24
3412,30.0,-7.815,9.962,29.968,-7.835,9.995,0.0504,-14.66,43.35,-78.11,0.7545,0.5209,10.53,7.27,0.86,50.4,50.4,12.6,0.24
3413,30.0,-7.819,9.962,29.968,-7.84,9.995,0.0504,-14.66,43.35,-78.11,0.7549,0.52,10.54,7.26,0.87,50.4,50.4,12.6,0.24
3414,30.0,-7.823,9.962,29.968,-7.844,9.995,0.0503,-14.68,43.35,-78.09,0.7554,0.5192,10.55,7.25,0.87,50.4,50.4,12.6,0.24
3415,30.0,-7.828,9.962,29.968,-7.848,9.995,0.0503,-14.68,43.33,-78.09,0.7559,0.5183,10.55,7.24,0.88,50.4,50.4,12.6,0.24
3416,30.0,-7.832,9.962,29.968,-7.853,9.995,0.0503,-14.68,43.33,-78.09,0.7563,0.5175,10.56,7.22,0.88,50.4,50.4,12.6,0.24
3417,30.0,-7.836,9.962,29.968,-7.857,9.995,0.0503,-14.7,43.33,-78.07,0.7568,0.5166,10.57,7.21,0.89,50.4,50.4,12.6,0.24
3418,30.0,-7.84,9.962,29.968,-7.861,9.995,0.0503,-14.7,43.33,-78.07,0.7573,0.5157,10.57,7.2,0.89,50.4,50.4,12.6,0.24
3419,30.0,-7.844,9.962,29.969,-7.865,9.995,0.0503,-14.7,43.33,-78.07,0.7577,0.5148,10.58,7.19,0.89,50.4,50.4,12.6,0.24
3420,30.0,-7.848,9.962,29.969,-7.87,9.995,0.0503,-14.72,43.33,-78.07,0.7582,0.514,10.59,7.18,0.9,50.4,50.4,12.6,0.24
3421,30.0,-7.852,9.962,29.969,-7.874,9.995,0.0503,-14.72,43.33,-78.07,0.7587,0.5131,10.59,7.16,0.9,50.4,50.4,12.6,0.24
3422,30.0,-7.855,9.962,29.969,-7.878,9.995,0.0503,-14.72,43.33,-78.05,0.7591,0.5122,10.6,7.15,0.91,50.4,50.4,12.6,0.24
3423,30.0,-7.859,9.962,29.969,-7.882,9.995,0.0503,-14.74,43.31,-78.05,0.7596,0.5113,10.61,7.14,0.91,50.4,50.4,12.6,0.24
3424,30.0,-7.863,9.962,29.969,-7.886,9.995,0.0503,-14.74,43.31,-78.05,0.7601,0.5105,10.61,7.13,0.92,50.4,50.4,12.6,0.24
3425,30.0,-7.867,9.962,29.969,-7.889,9.995,0.0503,-14.74,43.31,-78.05,0.7605,0.5096,10.62,7.12,0.92,50.4,50.4,12.6,0.24
3426,30.0,-7.87,9.962,29.97,-7.893,9.995,0.0503,-14.77,43.31,-78.02,0.761,0.5087,10.63,7.1,0.93,50.4,50.4,12.6,0.24
3427,30.0,-7.874,9.962,29.97,-7.897,9.995,0.0503,-14.77,43.31,-78.02,0.7615,0.5078,10.63,7.09,0.93,50.4,50.4,12.6,0.24
3428,30.0,-7.877,9.962,29.97,-7.901,9.995,0.0503,-14.77,43.31,-78.02,0.762,0.5069,10.64,7.08,0.94,50.4,50.4,12.6,0.24
3429,30.0,-7.881,9.962,29.97,-7.904,9.995,0.0504,-14.77,43.31,-78.02,0.7624,0.5061,10.65,7.07,0.94,50.4,50.4,12.6,0.25
3430,30.0,-7.884,9.963,29.97,-7.908,9.995,0.0504,-14.79,43.31,-78.0,0.7629,0.5052,10.65,7.05,0.95,50.4,50.4,12.6,0.25
3431,30.0,-7.888,9.963,29.97,-7.912,9.995,0.0504,-14.79,43.29,-78.0,0.7634,0.5043,10.66,7.04,0.95,50.4,50.4,12.6,0.25
3432,30.0,-7.891,9.963,29.97,-7.915,9.995,0.0504,-14.79,43.29,-78.0,0.7638,0.5034,10.67,7.03,0.96,50.4,50.4,12.6,0.25
3433,30.0,-7.894,9.963,29.971,-7.919,9.995,0.0504,-14.81,43.29,-78.0,0.7643,0.5025,10.67,7.02,0.96,50.4,50.4,12.6,0.25
3434,30.0,-7.898,9.963,29.971,-7.922,9.995,0.0504,-14.81,43.29,-78.0,0.7649,0.5016,10.68,7.0,0.97,50.4,50.4,12.6,0.25
3435,30.0,-7.901,9.963,29.971,-7.925,9.995,0.0502,-14.81,43.29,-77.98,0.7658,0.5007,10.69,6.99,0.97,50.4,50.4,12.6,0.25
3436,30.0,-7.904,9.963,29.971,-7.929,9.995,0.0503,-14.81,43.29,-77.98,0.7662,0.4998,10.7,6.98,0.98,50.4,50.4,12.6,0.25
3437,30.0,-7.907,9.963,29.971,-7.932,9.995,0.0503,-14.83,43.29,-77.98,0.7667,0.4989,10.71,6.97,0.98,50.4,50.4,12.6,0.25
3438,30.0,-7.91,9.963,29.971,-7.935,9.995,0.0504,-14.83,43.29,-77.98,0.7672,0.498,10.71,6.95,0.99,50.4,50.4,12.6,0.25
3439,30.0,-7.913,9.963,29.971,-7.938,9.995,0.0504,-14.83,43.29,-77.98,0.7676,0.4971,10.72,6.94,0.99,50.4,50.4,12.6,0.25
3440,30.0,-7.916,9.963,29.972,-7.942,9.995,0.0504,-14.83,43.29,-77.96,0.7681,0.4962,10.72,6.93,0.99,50.4,50.4,12.6,0.25
3441,30.0,-7.919,9.963,29.972,-7.945,9.995,0.0505,-14.85,43.26,-77.96,0.7685,0.4953,10.73,6.92,1.0,50.4,50.4,12.6,0.25
3442,30.0,-7.922,9.963,29.972,-7.948,9.995,0.0505,-14.85,43.26,-77.96,0.769,0.4944,10.74,6.9,1.0,50.4,50.4,12.6,0.25
3443,30.0,-7.924,9.963,29.972,-7.951,9.995,0.0506,-14.85,43.26,-77.96,0.7695,0.4935,10.74,6.89,1.01,50.4,50.4,12.6,0.25
3444,30.0,-7.927,9.963,29.972,-7.954,9.995,0.0506,-14.85,43.26,-77.96,0.7699,0.4926,10.75,6.88,1.01,50.4,50.4,12.6,0.25
3445,30.0,-7.93,9.963,29.972,-7.957,9.995,0.0507,-14.88,43.26,-77.94,0.7704,0.4917,10.76,6.87,1.02,50.4,50.4,12.6,0.25
3446,30.0,-7.932,9.963,29.972,-7.959,9.995,0.0507,-14.88,43.26,-77.94,0.7709,0.4908,10.76,6.85,1.02,50.4,50.4,12.6,0.25
3447,30.0,-7.935,9.963,29.973,-7.962,9.995,0.0508,-14.88,43.26,-77.94,0.7713,0.4899,10.77,6.84,1.03,50.4,50.4,12.6,0.25
3448,30.0,-7.937,9.963,29.973,-7.965,9.995,0.0508,-14.88,43.26,-77.94,0.7718,0.489,10.78,6.83,1.03,50.4,50.4,12.6,0.25
3449,30.0,-7.94,9.963,29.973,-7.968,9.995,0.0508,-14.88,43.26,-77.94,0.7722,0.4881,10.78,6.81,1.04,50.4,50.4,12.6,0.25
3450,30.0,-7.942,9.963,29.973,-7.97,9.995,0.0509,-14.9,43.26,-77.94,0.7727,0.4872,10.79,6.8,1.04,50.4,50.4,12.6,0.25
3451,30.0,-7.945,9.963,29.973,-7.973,9.995,0.0509,-14.9,43.26,-77.92,0.7732,0.4863,10.8,6.79,1.05,50.4,50.4,12.6,0.25
3452,30.0,-7.947,9.963,29.973,-7.975,9.996,0.051,-14.9,43.24,-77.92,0.7736,0.4854,10.8,6.78,1.05,50.4,50.4,12.6,0.25
3453,30.0,-7.949,9.963,29.973,-7.978,9.996,0.0511,-14.9,43.24,-77.92,0.7741,0.4844,10.81,6.76,1.06,50.4,50.4,12.6,0.25
3454,30.0,-7.952,9.963,29.974,-7.98,9.996,0.0511,-14.92,43.24,-77.92,0.7746,0.4835,10.81,6.75,1.06,50.4,50.4,12.6,0.25
3455,30.0,-7.954,9.963,29.974,-7.983,9.996,0.0512,-14.92,43.24,-77.92,0.775,0.4826,10.82,6.74,1.07,50.4,50.4,12.6,0.25
3456,30.0,-7.956,9.963,29.974,-7.985,9.996,0.0512,-14.92,43.24,-77.92,0.7755,0.4817,10.83,6.73,1.07,50.4,50.4,12.6,0.25
3457,30.0,-7.958,9.963,29.974,-7.987,9.996,0.0513,-14.92,43.24,-77.89,0.776,0.4808,10.83,6.71,1.08,50.4,50.4,12.6,0.25
3458,30.0,-7.96,9.963,29.974,-7.989,9.996,0.0513,-14.92,43.24,-77.89,0.7764,0.4799,10.84,6.7,1.08,50.4,50.4,12.6,0.25
3459,30.0,-7.962,9.963,29.974,-7.992,9.996,0.0514,-14.92,43.24,-77.89,0.7769,0.4789,10.85,6.69,1.09,50.4,50.4,12.6,0.25
3460,30.0,-7.964,9.963,29.974,-7.994,9.996,0.0515,-14.94,43.24,-77.89,0.7773,0.478,10.85,6.67,1.09,50.4,50.4,12.6,0.25
3461,30.0,-7.966,9.963,29.975,-7.996,9.996,0.0515,-14.94,43.24,-77.89,0.7778,0.4771,10.86,6.66,1.1,50.4,50.4,12.6,0.25
3462,30.0,-7.968,9.963,29.975,-7.998,9.996,0.0516,-14.94,43.24,-77.89,0.7783,0.4762,10.87,6.65,1.1,50.4,50.4,12.6,0.25
3463,30.0,-7.969,9.963,29.975,-8.0,9.996,0.0516,-14.94,43.24,-77.89,0.7787,0.4753,10.87,6.64,1.11,50.4,50.4,12.6,0.25
3464,30.0,-7.971,9.963,29.975,-8.002,9.996,0.0517,-14.94,43.24,-77.87,0.7792,0.4743,10.88,6.62,1.11,50.4,50.4,12.6,0.25
3465,30.0,-7.973,9.963,29.975,-8.004,9.996,0.0518,-14.94,43.24,-77.87,0.7797,0.4734,10.89,6.61,1.11,50.4,50.4,12.6,0.25
3466,30.0,-7.974,9.963,29.975,-8.005,9.996,0.0518,-14.96,43.22,-77.87,0.7801,0.4725,10.89,6.6,1.12,50.4,50.4,12.6,0.25
3467,30.0,-7.976,9.963,29.975,-8.007,9.996,0.0519,-14.96,43.22,-77.87,0.7806,0.4716,10.9,6.58,1.12,50.4,50.4,12.6,0.26
3468,30.0,-7.977,9.963,29.976,-8.009,9.996,0.052,-14.96,43.22,-77.87,0.7811,0.4706,10.91,6.57,1.13,50.4,50.4,12.6,0.26
3469,30.0,-7.979,9.963,29.976,-8.011,9.996,0.0521,-14.96,43.22,-77.87,0.7815,0.4697,10.91,6.56,1.13,50.4,50.4,12.6,0.26
3470,30.0,-7.98,9.963,29.976,-8.012,9.996,0.0521,-14.96,43.22,-77.87,0.782,0.4688,10.92,6.55,1.14,50.4,50.4,12.6,0.26
3471,30.0,-7.982,9.963,29.976,-8.014,9.996,0.0522,-14.96,43.22,-77.87,0.7825,0.4678,10.93,6.53,1.14,50.4,50.4,12.6,0.26
3472,30.0,-7.983,9.963,29.976,-8.015,9.996,0.0523,-14.96,43.22,-77.87,0.7829,0.4669,10.93,6.52,1.15,50.4,50.4,12.6,0.26
3473,30.0,-7.984,9.963,29.976,-8.017,9.996,0.0523,-14.96,43.22,-77.85,0.7834,0.466,10.94,6.51,1.15,50.4,50.4,12.6,0.26
3474,30.0,-7.986,9.963,29.976,-8.018,9.996,0.0524,-14.99,43.22,-77.85,0.7838,0.4651,10.94,6.49,1.16,50.4,50.4,12.6,0.26
3475,30.0,-7.987,9.963,29.977,-8.02,9.996,0.0525,-14.99,43.22,-77.85,0.7843,0.4641,10.95,6.48,1.16,50.4,50.4,12.6,0.26
3476,30.0,-7.988,9.963,29.977,-8.021,9.996,0.0526,-14.99,43.22,-77.85,0.7848,0.4632,10.96,6.47,1.17,50.4,50.4,12.6,0.26
3477,30.0,-7.989,9.963,29.977,-8.022,9.996,0.0527,-14.99,43.22,-77.85,0.7852,0.4623,10.96,6.45,1.17,50.4,50.4,12.6,0.26
3478,30.0,-7.99,9.963,29.977,-8.024,9.996,0.0527,-14.99,43.22,-77.85,0.7857,0.4613,10.97,6.44,1.18,50.4,50.4,12.6,0.26
3479,30.0,-7.991,9.963,29.977,-8.025,9.996,0.0528,-14.99,43.22,-77.85,0.7862,0.4604,10.98,6.43,1.18,50.4,50.4,12.6,0.26
3480,30.0,-7.992,9.963,29.977,-8.026,9.996,0.0529,-14.99,43.22,-77.85,0.7866,0.4595,10.98,6.42,1.19,50.4,50.4,12.6,0.26
3481,30.0,-7.993,9.963,29.977,-8.027,9.996,0.053,-14.99,43.22,-77.85,0.7871,0.4585,10.99,6.4,1.19,50.4,50.4,12.6,0.26
3482,30.0,-7.994,9.963,29.978,-8.028,9.996,0.0531,-14.99,43.22,-77.85,0.7876,0.4576,11.0,6.39,1.2,50.4,50.4,12.6,0.26
3483,30.0,-7.994,9.963,29.978,-8.029,9.996,0.0531,-14.99,43.22,-77.83,0.7881,0.4567,11.0,6.38,1.2,50.4,50.4,12.6,0.26
3484,30.0,-7.995,9.963,29.978,-8.03,9.996,0.0532,-14.99,43.22,-77.83,0.7885,0.4557,11.01,6.36,1.21,50.4,50.4,12.6,0.26
3485,30.0,-7.996,9.963,29.978,-8.031,9.996,0.0533,-15.01,43.2,-77.83,0.789,0.4548,11.02,6.35,1.21,50.4,50.4,12.6,0.26
3486,30.0,-7.996,9.963,29.978,-8.032,9.996,0.0534,-15.01,43.2,-77.83,0.7895,0.4539,11.02,6.34,1.22,50.4,50.4,12.6,0.26
3487,30.0,-7.997,9.963,29.978,-8.033,9.996,0.0535,-15.01,43.2,-77.83,0.79,0.4529,11.03,6.32,1.22,50.4,50.4,12.6,0.26
3488,30.0,-7.997,9.963,29.978,-8.033,9.996,0.0536,-15.01,43.2,-77.83,0.7904,0.452,11.04,6.31,1.23,50.4,50.4,12.6,0.26
3489,30.0,-7.998,9.963,29.979,-8.034,9.996,0.0537,-15.01,43.2,-77.83,0.7909,0.451,11.04,6.3,1.23,50.4,50.4,12.6,0.26
3490,30.0,-7.998,9.963,29.979,-8.035,9.996,0.0538,-15.01,43.2,-77.83,0.7914,0.4501,11.05,6.28,1.24,50.4,50.4,12.6,0.26
3491,30.0,-7.999,9.963,29.979,-8.035,9.996,0.0538,-15.01,43.2,-77.83,0.7919,0.4492,11.06,6.27,1.24,50.4,50.4,12.6,0.26
3492,30.0,-7.999,9.963,29.979,-8.036,9.996,0.0539,-15.01,43.2,-77.83,0.7923,0.4482,11.06,6.26,1.25,50.4,50.4,12.6,0.26
3493,30.0,-7.999,9.963,29.979,-8.036,9.996,0.054,-15.01,43.2,-77.83,0.7928,0.4473,11.07,6.25,1.25,50.4,50.4,12.6,0.26
3494,30.0,-8.0,9.963,29.979,-8.037,9.996,0.0541,-15.01,43.2,-77.83,0.7933,0.4464,11.08,6.23,1.26,50.4,50.4,12.6,0.26
3495,30.0,-8.0,9.963,29.98,-8.037,9.996,0.0542,-15.01,43.2,-77.83,0.7937,0.4454,11.08,6.22,1.26,50.4,50.4,12.6,0.26
3496,30.0,-8.0,9.963,29.98,-8.037,9.996,0.0543,-15.01,43.2,-77.83,0.7942,0.4445,11.09,6.21,1.27,50.4,50.4,12.6,0.26
3497,30.0,-8.0,9.963,29.98,-8.038,9.996,0.0544,-15.01,43.2,-77.83,0.7947,0.4435,11.1,6.19,1.27,50.4,50.4,12.6,0.26
3498,30.0,-8.0,9.963,29.987,-8.012,9.996,0.0381,-14.96,43.2,-77.83,0.7949,0.4432,11.1,6.19,0.58,50.4,50.4,12.6,0.13
3498,30.0,-8.0,9.963,30.004,-8.009,9.98,0.0201,-14.94,43.13,-77.76,0.8598,0.377,12.01,5.26,0.4,50.4,50.4,12.6,0.61
3499,30.0,-8.0,9.963,30.011,-7.983,9.98,0.0269,-14.9,43.13,-77.74,0.8606,0.3753,12.02,5.24,-0.3,50.4,50.4,12.6,0.48
3500,30.0,-8.0,9.963,30.014,-7.976,9.98,0.0326,-14.88,43.13,-77.74,0.8625,0.3715,12.04,5.19,-0.48,50.4,50.4,12.6,0.96
3501,30.0,-8.0,9.963,30.014,-7.976,9.98,0.0329,-14.88,43.13,-77.74,0.8643,0.368,12.07,5.14,-0.48,50.4,50.4,12.6,0.96
3502,30.0,-8.0,9.963,30.015,-7.977,9.98,0.0331,-14.88,43.13,-77.74,0.866,0.3644,12.09,5.09,-0.49,50.4,50.4,12.6,0.96
3503,29.999,-8.0,9.963,30.015,-7.977,9.98,0.0334,-14.88,43.13,-77.74,0.8678,0.3609,12.12,5.04,-0.49,50.4,50.4,12.6,0.96
3504,29.999,-8.0,9.963,30.016,-7.977,9.98,0.0337,-14.88,43.13,-77.74,0.8695,0.3574,12.14,4.99,-0.49,50.4,50.4,12.6,0.96
3505,29.999,-8.0,9.963,30.016,-7.977,9.98,0.034,-14.88,43.13,-77.74,0.8713,0.3539,12.17,4.94,-0.49,50.4,50.4,12.6,0.96
3506,29.998,-8.0,9.963,30.017,-7.977,9.981,0.0343,-14.88,43.13,-77.74,0.873,0.3504,12.19,4.89,-0.49,50.4,50.4,12.6,0.96
3507,29.998,-8.0,9.963,30.017,-7.977,9.981,0.0346,-14.88,43.13,-77.74,0.8748,0.3469,12.21,4.84,-0.49,50.4,50.4,12.6,0.96
3508,29.998,-8.0,9.963,30.017,-7.977,9.981,0.035,-14.88,43.13,-77.74,0.8765,0.3434,12.24,4.79,-0.49,50.4,50.4,12.6,0.96
3509,29.997,-8.0,9.963,30.017,-7.978,9.981,0.0353,-14.88,43.13,-77.74,0.8783,0.3398,12.26,4.75,-0.49,50.4,50.4,12.6,0.96
3510,29.996,-8.0,9.963,30.017,-7.978,9.981,0.0357,-14.88,43.13,-77.72,0.88,0.3363,12.29,4.7,-0.5,50.4,50.4,12.6,0.96
3511,29.996,-8.0,9.963,30.018,-7.978,9.981,0.0361,-14.88,43.13,-77.72,0.8817,0.3328,12.31,4.65,-0.5,50.4,50.4,12.6,0.96
3512,29.995,-8.0,9.963,30.018,-7.978,9.981,0.0364,-14.88,43.13,-77.72,0.8835,0.3293,12.34,4.6,-0.5,50.4,50.4,12.6,0.96
3513,29.994,-8.0,9.963,30.018,-7.978,9.981,0.0369,-14.88,43.13,-77.72,0.8852,0.3258,12.36,4.55,-0.5,50.4,50.4,12.6,0.96
3514,29.994,-8.0,9.963,30.018,-7.978,9.981,0.0373,-14.88,43.13,-77.72,0.887,0.3223,12.38,4.5,-0.5,50.4,50.4,12.6,0.96
3515,29.993,-8.0,9.963,30.018,-7.978,9.981,0.0377,-14.88,43.13,-77.72,0.8887,0.3187,12.41,4.45,-0.5,50.4,50.4,12.6,0.96
3516,29.992,-8.0,9.963,30.017,-7.979,9.981,0.0381,-14.88,43.13,-77.72,0.8904,0.3152,12.43,4.4,-0.5,50.4,50.4,12.6,0.96
3517,29.991,-8.0,9.963,30.017,-7.979,9.981,0.0386,-14.88,43.13,-77.72,0.8921,0.3117,12.46,4.35,-0.51,50.4,50.4,12.6,0.96
3518,29.99,-8.0,9.963,30.017,-7.979,9.981,0.039,-14.88,43.13,-77.74,0.8939,0.3082,12.48,4.3,-0.51,50.4,50.4,12.6,0.96
3519,29.989,-8.0,9.963,30.017,-7.979,9.981,0.0395,-14.88,43.13,-77.74,0.8956,0.3047,12.5,4.25,-0.51,50.4,50.4,12.6,0.96
3520,29.988,-8.0,9.963,30.016,-7.979,9.981,0.04,-14.9,43.13,-77.74,0.8973,0.3012,12.53,4.21,-0.51,50.4,50.4,12.6,0.96
3521,29.987,-8.0,9.963,30.016,-7.979,9.982,0.0404,-14.9,43.13,-77.74,0.899,0.2976,12.55,4.16,-0.51,50.4,50.4,12.6,0.96
3522,29.986,-8.0,9.963,30.015,-7.979,9.982,0.0409,-14.9,43.13,-77.74,0.9008,0.2941,12.58,4.11,-0.51,50.4,50.4,12.6,0.96
3523,29.984,-8.0,9.963,30.015,-7.98,9.982,0.0414,-14.9,43.13,-77.74,0.9025,0.2906,12.6,4.06,-0.51,50.4,50.4,12.6,0.96
3524,29.983,-8.0,9.962,30.014,-7.98,9.982,0.0419,-14.9,43.13,-77.74,0.9042,0.2871,12.63,4.01,-0.52,50.4,50.4,12.6,0.96
3525,29.982,-8.0,9.962,30.014,-7.98,9.982,0.0425,-14.9,43.13,-77.74,0.9059,0.2836,12.65,3.96,-0.52,50.4,50.4,12.6,0.96
3526,29.98,-8.0,9.962,30.013,-7.98,9.982,0.043,-14.9,43.13,-77.74,0.9076,0.2801,12.67,3.91,-0.52,50.4,50.4,12.6,0.96
3527,29.979,-8.0,9.962,30.013,-7.98,9.982,0.0435,-14.9,43.13,-77.74,0.9094,0.2765,12.7,3.86,-0.52,50.4,50.4,12.6,0.96
3528,29.978,-8.0,9.962,30.012,-7.98,9.982,0.044,-14.9,43.13,-77.74,0.9111,0.273,12.72,3.81,-0.52,50.4,50.4,12.6,0.96
3529,29.976,-8.0,9.962,30.011,-7.981,9.982,0.0446,-14.9,43.13,-77.76,0.9128,0.2695,12.74,3.76,-0.52,50.4,50.4,12.6,0.96
3530,29.974,-8.0,9.962,30.01,-7.981,9.982,0.0451,-14.9,43.13,-77.76,0.9145,0.266,12.77,3.71,-0.52,50.4,50.4,12.6,0.96
3531,29.973,-8.0,9.962,30.009,-7.981,9.982,0.0457,-14.9,43.13,-77.76,0.9162,0.2625,12.79,3.67,-0.53,50.4,50.4,12.6,0.96
3532,29.971,-8.0,9.962,30.008,-7.981,9.982,0.0463,-14.9,43.15,-77.76,0.9179,0.259,12.82,3.62,-0.53,50.4,50.4,12.6,0.96
3533,29.969,-8.0,9.962,30.007,-7.981,9.982,0.0468,-14.9,43.15,-77.76,0.9196,0.2555,12.84,3.57,-0.53,50.4,50.4,12.6,0.96
3534,29.968,-8.0,9.962,30.006,-7.981,9.983,0.0474,-14.9,43.15,-77.78,0.9213,0.2519,12.86,3.52,-0.53,50.4,50.4,12.6,0.96
3535,29.966,-8.0,9.962,30.005,-7.981,9.983,0.048,-14.9,43.15,-77.78,0.923,0.2484,12.89,3.47,-0.53,50.4,50.4,12.6,0.96
3536,29.964,-8.0,9.962,30.004,-7.982,9.983,0.0486,-14.9,43.15,-77.78,0.9247,0.2449,12.91,3.42,-0.53,50.4,50.4,12.6,0.96
3537,29.962,-8.0,9.962,30.003,-7.982,9.983,0.0491,-14.9,43.15,-77.78,0.9264,0.2414,12.93,3.37,-0.53,50.4,50.4,12.6,0.96
3538,29.96,-8.0,9.962,30.002,-7.982,9.983,0.0497,-14.9,43.15,-77.78,0.9281,0.2379,12.96,3.32,-0.54,50.4,50.4,12.6,0.96
3539,29.958,-8.0,9.962,30.0,-7.982,9.983,0.0503,-14.9,43.15,-77.81,0.9298,0.2344,12.98,3.27,-0.54,50.4,50.4,12.6,0.96
3540,29.956,-8.0,9.962,29.999,-7.982,9.983,0.0509,-14.9,43.15,-77.81,0.9315,0.2309,13.01,3.22,-0.54,50.4,50.4,12.6,0.96
3541,29.954,-8.0,9.962,29.998,-7.982,9.983,0.0515,-14.9,43.18,-77.81,0.9332,0.2274,13.03,3.17,-0.54,50.4,50.4,12.6,0.96
3542,29.952,-8.0,9.962,29.996,-7.982,9.983,0.0522,-14.9,43.18,-77.81,0.9348,0.2238,13.05,3.13,-0.54,50.4,50.4,12.6,0.96
3543,29.949,-8.0,9.962,29.995,-7.983,9.983,0.0528,-14.9,43.18,-77.83,0.9365,0.2203,13.08,3.08,-0.54,50.4,50.4,12.6,0.96
3544,29.947,-8.0,9.962,29.993,-7.983,9.983,0.0534,-14.9,43.18,-77.83,0.9382,0.2168,13.1,3.03,-0.54,50.4,50.4,12.6,0.96
3545,29.945,-8.0,9.962,29.992,-7.983,9.983,0.054,-14.9,43.18,-77.83,0.9399,0.2133,13.12,2.98,-0.55,50.4,50.4,12.6,0.95
3546,29.943,-8.0,9.962,29.99,-7.983,9.984,0.0546,-14.9,43.18,-77.85,0.9416,0.2098,13.15,2.93,-0.55,50.4,50.4,12.6,0.95
3547,29.94,-8.0,9.962,29.988,-7.983,9.984,0.0553,-14.9,43.2,-77.85,0.9432,0.2063,13.17,2.88,-0.55,50.4,50.4,12.6,0.95
3548,29.938,-8.0,9.962,29.986,-7.983,9.984,0.0559,-14.9,43.2,-77.85,0.9449,0.2028,13.19,2.83,-0.55,50.4,50.4,12.6,0.95
3549,29.935,-8.0,9.962,29.985,-7.983,9.984,0.0565,-14.92,43.2,-77.87,0.9466,0.1993,13.22,2.78,-0.55,50.4,50.4,12.6,0.95
3550,29.933,-8.0,9.962,29.983,-7.984,9.984,0.0572,-14.92,43.2,-77.87,0.9483,0.1958,13.24,2.73,-0.55,50.4,50.4,12.6,0.95
3551,29.93,-8.0,9.962,29.981,-7.984,9.984,0.0578,-14.92,43.2,-77.87,0.9499,0.1923,13.26,2.68,-0.56,50.4,50.4,12.6,0.95
3552,29.927,-8.0,9.962,29.979,-7.984,9.984,0.0585,-14.92,43.2,-77.89,0.9516,0.1888,13.29,2.64,-0.56,50.4,50.4,12.6,0.95
3553,29.925,-8.0,9.962,29.977,-7.984,9.984,0.0591,-14.92,43.22,-77.89,0.9533,0.1853,13.31,2.59,-0.56,50.4,50.4,12.6,0.95
3554,29.922,-8.0,9.962,29.975,-7.984,9.984,0.0598,-14.92,43.22,-77.92,0.9549,0.1818,13.33,2.54,-0.56,50.4,50.4,12.6,0.95
3555,29.919,-8.0,9.962,29.973,-7.984,9.984,0.0604,-14.92,43.22,-77.92,0.9566,0.1783,13.36,2.49,-0.56,50.4,50.4,12.6,0.95
3556,29.916,-8.0,9.962,29.971,-7.984,9.985,0.0611,-14.92,43.22,-77.92,0.9583,0.1748,13.38,2.44,-0.56,50.4,50.4,12.6,0.95
3557,29.913,-8.0,9.962,29.969,-7.985,9.985,0.0617,-14.92,43.22,-77.94,0.9599,0.1713,13.4,2.39,-0.56,50.4,50.4,12.6,0.95
3558,29.91,-8.0,9.962,29.966,-7.985,9.985,0.0624,-14.92,43.24,-77.94,0.9616,0.1678,13.43,2.34,-0.57,50.4,50.4,12.6,0.95
3559,29.907,-8.0,9.962,29.964,-7.985,9.985,0.0631,-14.92,43.24,-77.96,0.9632,0.1643,13.45,2.29,-0.57,50.4,50.4,12.6,0.95
3560,29.904,-8.0,9.962,29.962,-7.985,9.985,0.0637,-14.92,43.24,-77.96,0.9649,0.1608,13.47,2.25,-0.57,50.4,50.4,12.6,0.95
3561,29.901,-8.0,9.962,29.959,-7.985,9.985,0.0644,-14.92,43.24,-77.98,0.9665,0.1573,13.5,2.2,-0.57,50.4,50.4,12.6,0.95
3562,29.898,-8.0,9.962,29.957,-7.985,9.985,0.0651,-14.92,43.26,-77.98,0.9682,0.1538,13.52,2.15,-0.57,50.4,50.4,12.6,0.95
3563,29.895,-8.0,9.962,29.954,-7.985,9.985,0.0657,-14.92,43.26,-78.0,0.9698,0.1503,13.54,2.1,-0.57,50.4,50.4,12.6,0.95
3564,29.891,-8.0,9.962,29.952,-7.986,9.985,0.0664,-14.92,43.26,-78.0,0.9715,0.1468,13.56,2.05,-0.58,50.4,50.4,12.6,0.95
3565,29.888,-8.0,9.962,29.949,-7.986,9.985,0.0671,-14.92,43.26,-78.02,0.9731,0.1433,13.59,2.0,-0.58,50.4,50.4,12.6,0.95
3566,29.885,-8.0,9.962,29.947,-7.986,9.986,0.0678,-14.94,43.29,-78.02,0.9747,0.1398,13.61,1.95,-0.58,50.4,50.4,12.6,0.95
3567,29.881,-8.0,9.962,29.944,-7.986,9.986,0.0685,-14.94,43.29,-78.05,0.9764,0.1364,13.63,1.9,-0.58,50.4,50.4,12.6,0.95
3568,29.878,-8.0,9.962,29.941,-7.986,9.986,0.0691,-14.94,43.29,-78.05,0.978,0.1329,13.66,1.86,-0.58,50.4,50.4,12.6,0.95
3569,29.874,-8.0,9.962,29.939,-7.986,9.986,0.0698,-14.94,43.29,-78.07,0.9796,0.1294,13.68,1.81,-0.58,50.4,50.4,12.6,0.94
3570,29.871,-8.0,9.962,29.936,-7.986,9.986,0.0705,-14.94,43.31,-78.07,0.9813,0.1259,13.7,1.76,-0.58,50.4,50.4,12.6,0.94
3571,29.867,-8.0,9.962,29.933,-7.987,9.986,0.0712,-14.94,43.31,-78.09,0.9829,0.1224,13.72,1.71,-0.59,50.4,50.4,12.6,0.94
3572,29.863,-8.0,9.962,29.93,-7.987,9.986,0.0719,-14.94,43.31,-78.11,0.9845,0.1189,13.75,1.66,-0.59,50.4,50.4,12.6,0.94
3573,29.86,-8.0,9.962,29.927,-7.987,9.986,0.0726,-14.94,43.33,-78.11,0.9861,0.1155,13.77,1.61,-0.59,50.4,50.4,12.6,0.94
3574,29.856,-8.0,9.962,29.924,-7.987,9.986,0.0733,-14.94,43.33,-78.13,0.9878,0.112,13.79,1.56,-0.59,50.4,50.4,12.6,0.94
3575,29.852,-8.0,9.962,29.921,-7.987,9.987,0.074,-14.94,43.33,-78.13,0.9894,0.1085,13.81,1.51,-0.59,50.4,50.4,12.6,0.94
3576,29.848,-8.0,9.962,29.918,-7.987,9.987,0.0747,-14.94,43.35,-78.16,0.991,0.105,13.84,1.47,-0.59,50.4,50.4,12.6,0.94
3577,29.844,-8.0,9.962,29.914,-7.987,9.987,0.0754,-14.94,43.35,-78.18,0.9926,0.1015,13.86,1.42,-0.6,50.4,50.4,12.6,0.94
3578,29.84,-8.0,9.962,29.911,-7.988,9.987,0.0761,-14.94,43.35,-78.18,0.9942,0.0981,13.88,1.37,-0.6,50.4,50.4,12.6,0.94
3579,29.836,-8.0,9.962,29.908,-7.988,9.987,0.0768,-14.96,43.37,-78.2,0.9958,0.0946,13.9,1.32,-0.6,50.4,50.4,12.6,0.94
3580,29.832,-8.0,9.962,29.905,-7.988,9.987,0.0775,-14.96,43.37,-78.22,0.9974,0.0911,13.93,1.27,-0.6,50.4,50.4,12.6,0.94
3581,29.828,-8.0,9.962,29.901,-7.988,9.987,0.0782,-14.96,43.37,-78.22,0.999,0.0877,13.95,1.22,-0.6,50.4,50.4,12.6,0.94
3582,29.824,-8.0,9.962,29.898,-7.988,9.987,0.0789,-14.96,43.4,-78.24,1.0006,0.0842,13.97,1.18,-0.6,50.4,50.4,12.6,0.94
3583,29.82,-8.0,9.962,29.894,-7.988,9.987,0.0796,-14.96,43.4,-78.27,1.0022,0.0807,13.99,1.13,-0.61,50.4,50.4,12.6,0.94
3584,29.815,-8.0,9.962,29.891,-7.988,9.988,0.0803,-14.96,43.4,-78.27,1.0038,0.0773,14.02,1.08,-0.61,50.4,50.4,12.6,0.94
3585,29.811,-8.0,9.962,29.887,-7.989,9.988,0.081,-14.96,43.42,-78.29,1.0054,0.0738,14.04,1.03,-0.61,50.4,50.4,12.6,0.94
3586,29.807,-8.0,9.962,29.884,-7.989,9.988,0.0817,-14.96,43.42,-78.31,1.007,0.0703,14.06,0.98,-0.61,50.4,50.4,12.6,0.94
3587,29.802,-8.0,9.962,29.88,-7.989,9.988,0.0824,-14.96,43.42,-78.31,1.0086,0.0669,14.08,0.93,-0.61,50.4,50.4,12.6,0.94
3588,29.798,-8.0,9.962,29.876,-7.989,9.988,0.0831,-14.96,43.44,-78.33,1.0102,0.0634,14.11,0.89,-0.61,50.4,50.4,12.6,0.94
3589,29.793,-8.0,9.962,29.872,-7.989,9.988,0.0839,-14.96,43.44,-78.35,1.0118,0.06,14.13,0.84,-0.62,50.4,50.4,12.6,0.94
3590,29.789,-8.0,9.962,29.869,-7.989,9.988,0.0846,-14.99,43.46,-78.38,1.0134,0.0565,14.15,0.79,-0.62,50.4,50.4,12.6,0.93
3591,29.784,-8.0,9.962,29.865,-7.989,9.988,0.0853,-14.99,43.46,-78.38,1.015,0.0531,14.17,0.74,-0.62,50.4,50.4,12.6,0.93
3592,29.78,-8.0,9.962,29.861,-7.99,9.989,0.086,-14.99,43.46,-78.4,1.0165,0.0496,14.19,0.69,-0.62,50.4,50.4,12.6,0.93
3593,29.775,-8.0,9.962,29.857,-7.99,9.989,0.0867,-14.99,43.48,-78.42,1.0181,0.0462,14.22,0.64,-0.62,50.4,50.4,12.6,0.93
3594,29.77,-8.0,9.962,29.853,-7.99,9.989,0.0874,-14.99,43.48,-78.44,1.0197,0.0427,14.24,0.6,-0.62,50.4,50.4,12.6,0.93
3595,29.765,-8.0,9.962,29.849,-7.99,9.989,0.0882,-14.99,43.51,-78.46,1.0213,0.0393,14.26,0.55,-0.63,50.4,50.4,12.6,0.93
3596,29.76,-8.0,9.962,29.844,-7.99,9.989,0.0889,-14.99,43.51,-78.46,1.0228,0.0358,14.28,0.5,-0.63,50.4,50.4,12.6,0.93
3597,29.755,-8.0,9.962,29.84,-7.99,9.989,0.0896,-14.99,43.51,-78.49,1.0244,0.0324,14.3,0.45,-0.63,50.4,50.4,12.6,0.93
3598,29.75,-8.0,9.962,29.836,-7.99,9.989,0.0903,-14.99,43.53,-78.51,1.026,0.0289,14.33,0.4,-0.63,50.4,50.4,12.6,0.93
3599,29.745,-8.0,9.962,29.832,-7.991,9.989,0.0911,-14.99,43.53,-78.53,1.0275,0.0255,14.35,0.36,-0.63,50.4,50.4,12.6,0.93
3600,29.74,-8.0,9.962,29.827,-7.991,9.99,0.0918,-15.01,43.55,-78.55,1.0291,0.0221,14.37,0.31,-0.63,50.4,50.4,12.6,0.93
3601,29.735,-8.0,9.962,29.823,-7.991,9.99,0.0925,-15.01,43.55,-78.57,1.0306,0.0186,14.39,0.26,-0.64,50.4,50.4,12.6,0.93
3602,29.73,-8.0,9.962,29.819,-7.991,9.99,0.0932,-15.01,43.57,-78.6,1.0322,0.0152,14.41,0.21,-0.64,50.4,50.4,12.6,0.93
3603,29.725,-8.0,9.962,29.814,-7.991,9.99,0.094,-15.01,43.57,-78.6,1.0337,0.0118,14.43,0.16,-0.64,50.4,50.4,12.6,0.92
3604,29.72,-8.0,9.962,29.81,-7.991,9.99,0.0947,-15.01,43.57,-78.62,1.0353,0.0084,14.46,0.12,-0.64,50.4,50.4,12.6,0.92
3605,29.714,-8.0,9.962,29.805,-7.991,9.99,0.0954,-15.01,43.59,-78.64,1.0368,0.0049,14.48,0.07,-0.64,50.4,50.4,12.6,0.92
3606,29.709,-8.0,9.962,29.8,-7.992,9.99,0.0962,-15.01,43.59,-78.66,1.0384,0.0015,14.5,0.02,-0.65,50.4,50.4,12.6,0.92
3607,29.704,-8.0,9.962,29.796,-7.992,9.99,0.0969,-15.01,43.62,-78.68,1.0399,-0.0019,14.52,-0.03,-0.65,50.4,50.4,12.6,0.92
3608,29.698,-8.0,9.962,29.791,-7.992,9.991,0.0976,-15.01,43.62,-78.71,1.0415,-0.0053,14.54,-0.07,-0.65,50.4,50.4,12.6,0.92
3609,29.693,-8.0,9.962,29.786,-7.992,9.991,0.0984,-15.03,43.64,-78.73,1.043,-0.0088,14.56,-0.12,-0.65,50.4,50.4,12.6,0.92
3610,29.687,-8.0,9.962,29.781,-7.992,9.991,0.0991,-15.03,43.64,-78.75,1.0445,-0.0122,14.58,-0.17,-0.65,50.4,50.4,12.6,0.92
3611,29.681,-8.0,9.962,29.777,-7.992,9.991,0.0998,-15.03,43.66,-78.77,1.0461,-0.0156,14.61,-0.22,-0.65,50.4,50.4,12.6,0.92
3612,29.676,-8.0,9.962,29.772,-7.992,9.991,0.1006,-15.03,43.66,-78.79,1.0476,-0.019,14.63,-0.27,-0.66,50.4,50.4,12.6,0.92
3613,29.67,-8.0,9.962,29.767,-7.993,9.991,0.1013,-15.03,43.68,-78.82,1.0491,-0.0224,14.65,-0.31,-0.66,50.4,50.4,12.6,0.92
3614,29.664,-8.0,9.962,29.762,-7.993,9.991,0.102,-15.03,43.68,-78.84,1.0506,-0.0258,14.67,-0.36,-0.66,50.4,50.4,12.6,0.92
3615,29.658,-8.0,9.962,29.757,-7.993,9.992,0.1028,-15.03,43.7,-78.86,1.0521,-0.0292,14.69,-0.41,-0.66,50.4,50.4,12.6,0.92
3616,29.653,-8.0,9.962,29.751,-7.993,9.992,0.1035,-15.03,43.7,-78.88,1.0537,-0.0326,14.71,-0.46,-0.66,50.4,50.4,12.6,0.92
3617,29.647,-8.0,9.962,29.746,-7.993,9.992,0.1042,-15.05,43.73,-78.9,1.0552,-0.036,14.73,-0.5,-0.67,50.4,50.4,12.6,0.91
3618,29.641,-8.0,9.962,29.741,-7.993,9.992,0.105,-15.05,43.73,-78.93,1.0567,-0.0394,14.75,-0.55,-0.67,50.4,50.4,12.6,0.91
3619,29.635,-8.0,9.962,29.736,-7.993,9.992,0.1057,-15.05,43.75,-78.95,1.0582,-0.0428,14.78,-0.6,-0.67,50.4,50.4,12.6,0.91
3620,29.629,-8.0,9.962,29.73,-7.994,9.992,0.1065,-15.05,43.75,-78.97,1.0597,-0.0462,14.8,-0.65,-0.67,50.4,50.4,12.6,0.91
3621,29.622,-8.0,9.962,29.725,-7.994,9.992,0.1072,-15.05,43.77,-78.99,1.0612,-0.0496,14.82,-0.69,-0.67,50.4,50.4,12.6,0.91
3622,29.616,-8.0,9.962,29.72,-7.994,9.993,0.1079,-15.05,43.77,-79.01,1.0627,-0.053,14.84,-0.74,-0.67,50.4,50.4,12.6,0.91
3623,29.61,-8.0,9.962,29.714,-7.994,9.993,0.1087,-15.05,43.79,-79.04,1.0642,-0.0564,14.86,-0.79,-0.68,50.4,50.4,12.6,0.91
3624,29.604,-8.0,9.962,29.709,-7.994,9.993,0.1094,-15.05,43.81,-79.06,1.0657,-0.0597,14.88,-0.83,-0.68,50.4,50.4,12.6,0.91
3625,29.598,-8.0,9.962,29.703,-7.994,9.993,0.1102,-15.07,43.81,-79.08,1.0672,-0.0631,14.9,-0.88,-0.68,50.4,50.4,12.6,0.91
3626,29.591,-8.0,9.962,29.697,-7.994,9.993,0.1109,-15.07,43.84,-79.1,1.0687,-0.0665,14.92,-0.93,-0.68,50.4,50.4,12.6,0.91
3627,29.585,-8.0,9.962,29.692,-7.995,9.993,0.1117,-15.07,43.84,-79.15,1.0702,-0.0699,14.94,-0.98,-0.68,50.4,50.4,12.6,0.91
3628,29.578,-8.0,9.962,29.686,-7.995,9.993,0.1124,-15.07,43.86,-79.17,1.0717,-0.0733,14.96,-1.02,-0.69,50.4,50.4,12.6,0.91
3629,29.572,-8.0,9.962,29.68,-7.995,9.994,0.1132,-15.07,43.86,-79.19,1.0731,-0.0766,14.98,-1.07,-0.69,50.4,50.4,12.6,0.9
3630,29.565,-8.0,9.962,29.674,-7.995,9.994,0.1139,-15.07,43.88,-79.21,1.0746,-0.08,15.0,-1.12,-0.69,50.4,50.4,12.6,0.9
3631,29.559,-8.0,9.962,29.669,-7.995,9.994,0.1147,-15.07,43.9,-79.23,1.0761,-0.0834,15.02,-1.16,-0.69,50.4,50.4,12.6,0.9
3632,29.552,-8.0,9.962,29.663,-7.995,9.994,0.1154,-15.1,43.9,-79.26,1.0776,-0.0867,15.05,-1.21,-0.69,50.4,50.4,12.6,0.9
3633,29.545,-8.0,9.962,29.657,-7.995,9.994,0.1162,-15.1,43.92,-79.28,1.079,-0.0901,15.07,-1.26,-0.7,50.4,50.4,12.6,0.9
3634,29.538,-8.0,9.962,29.651,-7.996,9.994,0.1169,-15.1,43.92,-79.32,1.0805,-0.0934,15.09,-1.3,-0.7,50.4,50.4,12.6,0.9
3635,29.532,-8.0,9.962,29.645,-7.996,9.995,0.1176,-15.1,43.95,-79.34,1.082,-0.0968,15.11,-1.35,-0.7,50.4,50.4,12.6,0.9
3636,29.525,-8.0,9.962,29.638,-7.996,9.995,0.1184,-15.1,43.97,-79.37,1.0834,-0.1002,15.13,-1.4,-0.7,50.4,50.4,12.6,0.9
3637,29.518,-8.0,9.962,29.632,-7.996,9.995,0.1192,-15.1,43.97,-79.39,1.0849,-0.1035,15.15,-1.45,-0.7,50.4,50.4,12.6,0.9
3638,29.511,-8.0,9.962,29.626,-7.996,9.995,0.1199,-15.1,43.99,-79.41,1.0863,-0.1069,15.17,-1.49,-0.71,50.4,50.4,12.6,0.9
3639,29.504,-8.0,9.962,29.62,-7.996,9.995,0.1207,-15.12,43.99,-79.45,1.0878,-0.1102,15.19,-1.54,-0.71,50.4,50.4,12.6,0.9
3640,29.497,-8.0,9.962,29.613,-7.996,9.995,0.1214,-15.12,44.01,-79.48,1.0892,-0.1135,15.21,-1.59,-0.71,50.4,50.4,12.6,0.9
3641,29.49,-8.0,9.962,29.607,-7.997,9.995,0.1222,-15.12,44.03,-79.5,1.0907,-0.1169,15.23,-1.63,-0.71,50.4,50.4,12.6,0.89
3642,29.483,-8.0,9.962,29.601,-7.997,9.996,0.1229,-15.12,44.03,-79.52,1.0921,-0.1202,15.25,-1.68,-0.71,50.4,50.4,12.6,0.89
3643,29.475,-8.0,9.962,29.594,-7.997,9.996,0.1237,-15.12,44.06,-79.56,1.0936,-0.1236,15.27,-1.73,-0.72,50.4,50.4,12.6,0.89
3644,29.468,-8.0,9.962,29.588,-7.997,9.996,0.1244,-15.12,44.08,-79.58,1.095,-0.1269,15.29,-1.77,-0.72,50.4,50.4,12.6,0.89
3645,29.461,-8.0,9.962,29.581,-7.997,9.996,0.1252,-15.14,44.08,-79.61,1.0964,-0.1302,15.31,-1.82,-0.72,50.4,50.4,12.6,0.89
3646,29.453,-8.0,9.962,29.574,-7.997,9.996,0.1259,-15.14,44.1,-79.65,1.0979,-0.1335,15.33,-1.86,-0.72,50.4,50.4,12.6,0.89
3647,29.446,-8.0,9.962,29.568,-7.997,9.996,0.1267,-15.14,44.12,-79.67,1.0993,-0.1369,15.35,-1.91,-0.72,50.4,50.4,12.6,0.89
3648,29.439,-8.0,9.962,29.561,-7.998,9.997,0.1274,-15.14,44.12,-79.69,1.1007,-0.1402,15.37,-1.96,-0.73,50.4,50.4,12.6,0.89
3649,29.431,-8.0,9.962,29.554,-7.998,9.997,0.1282,-15.14,44.14,-79.72,1.1021,-0.1435,15.39,-2.0,-0.73,50.4,50.4,12.6,0.89
3650,29.423,-8.0,9.962,29.547,-7.998,9.997,0.129,-15.14,44.17,-79.76,1.1036,-0.1468,15.41,-2.05,-0.73,50.4,50.4,12.6,0.89
3651,29.416,-8.0,9.962,29.541,-7.998,9.997,0.1297,-15.14,44.17,-79.78,1.105,-0.1501,15.43,-2.1,-0.73,50.4,50.4,12.6,0.88
3652,29.408,-8.0,9.961,29.534,-7.998,9.997,0.1305,-15.16,44.19,-79.83,1.1064,-0.1534,15.45,-2.14,-0.73,50.4,50.4,12.6,0.88
3653,29.401,-8.0,9.961,29.527,-7.998,9.997,0.1312,-15.16,44.21,-79.85,1.1078,-0.1567,15.47,-2.19,-0.74,50.4,50.4,12.6,0.88
3654,29.393,-8.0,9.961,29.52,-7.998,9.998,0.132,-15.16,44.21,-79.87,1.1092,-0.16,15.49,-2.23,-0.74,50.4,50.4,12.6,0.88
3655,29.385,-8.0,9.961,29.513,-7.999,9.998,0.1327,-15.16,44.23,-79.91,1.1106,-0.1633,15.51,-2.28,-0.74,50.4,50.4,12.6,0.88
3656,29.377,-8.0,9.961,29.505,-7.999,9.998,0.1335,-15.16,44.25,-79.94,1.112,-0.1666,15.53,-2.33,-0.74,50.4,50.4,12.6,0.88
3657,29.369,-8.0,9.961,29.498,-7.999,9.998,0.1343,-15.16,44.25,-79.96,1.1134,-0.1699,15.55,-2.37,-0.74,50.4,50.4,12.6,0.88
3658,29.361,-8.0,9.961,29.491,-7.999,9.998,0.135,-15.18,44.27,-80.0,1.1148,-0.1732,15.57,-2.42,-0.75,50.4,50.4,12.6,0.88
3659,29.353,-8.0,9.961,29.484,-7.999,9.998,0.1358,-15.18,44.3,-80.02,1.1162,-0.1765,15.59,-2.46,-0.75,50.4,50.4,12.6,0.88
3660,29.345,-8.0,9.961,29.477,-7.999,9.999,0.1365,-15.18,44.32,-80.07,1.1176,-0.1798,15.6,-2.51,-0.75,50.4,50.4,12.6,0.88
3661,29.337,-8.0,9.961,29.469,-7.999,9.999,0.1373,-15.18,44.32,-80.09,1.119,-0.1831,15.62,-2.56,-0.75,50.4,50.4,12.6,0.88
3662,29.329,-8.0,9.961,29.462,-8.0,9.999,0.1381,-15.18,44.34,-80.13,1.1204,-0.1864,15.64,-2.6,-0.75,50.4,50.4,12.6,0.87
3663,29.321,-8.0,9.961,29.454,-8.0,9.999,0.1388,-15.21,44.36,-80.16,1.1217,-0.1896,15.66,-2.65,-0.76,50.4,50.4,12.6,0.87
3664,29.312,-8.0,9.961,29.447,-8.0,9.999,0.1396,-15.21,44.38,-80.18,1.1231,-0.1929,15.68,-2.69,-0.76,50.4,50.4,12.6,0.87
3665,29.304,-8.0,9.961,29.439,-8.0,9.999,0.1404,-15.21,44.38,-80.22,1.1245,-0.1962,15.7,-2.74,-0.76,50.4,50.4,12.6,0.87
3666,29.296,-8.0,9.961,29.432,-8.0,10.0,0.1411,-15.21,44.41,-80.24,1.1259,-0.1994,15.72,-2.78,-0.76,50.4,50.4,12.6,0.87
3667,29.287,-8.0,9.961,29.424,-8.0,10.0,0.1419,-15.21,44.43,-80.29,1.1272,-0.2027,15.74,-2.83,-0.76,50.4,50.4,12.6,0.87
3668,29.279,-8.0,9.961,29.416,-8.0,10.0,0.1427,-15.21,44.45,-80.31,1.1286,-0.206,15.76,-2.88,-0.77,50.4,50.4,12.6,0.87
3669,29.27,-8.0,9.961,29.408,-8.001,10.0,0.1434,-15.23,44.45,-80.35,1.1299,-0.2092,15.78,-2.92,-0.77,50.4,50.4,12.6,0.87
3670,29.262,-8.0,9.961,29.401,-8.001,10.0,0.1442,-15.23,44.47,-80.38,1.1313,-0.2125,15.8,-2.97,-0.77,50.4,50.4,12.6,0.87
3671,29.253,-8.0,9.961,29.393,-8.001,10.001,0.145,-15.23,44.49,-80.42,1.1327,-0.2157,15.81,-3.01,-0.77,50.4,50.4,12.6,0.87
3672,29.245,-8.0,9.961,29.385,-8.001,10.001,0.1457,-15.23,44.52,-80.44,1.134,-0.219,15.83,-3.06,-0.78,50.4,50.4,12.6,0.86
3673,29.236,-8.0,9.961,29.377,-8.001,10.001,0.1465,-15.23,44.54,-80.49,1.1354,-0.2222,15.85,-3.1,-0.78,50.4,50.4,12.6,0.86
3674,29.227,-8.0,9.961,29.369,-8.001,10.001,0.1473,-15.25,44.54,-80.53,1.1367,-0.2255,15.87,-3.15,-0.78,50.4,50.4,12.6,0.86
3675,29.218,-8.0,9.961,29.361,-8.002,10.001,0.148,-15.25,44.56,-80.55,1.138,-0.2287,15.89,-3.19,-0.78,50.4,50.4,12.6,0.86
3676,29.209,-8.0,9.961,29.353,-8.002,10.001,0.1488,-15.25,44.58,-80.6,1.1394,-0.2319,15.91,-3.24,-0.78,50.4,50.4,12.6,0.86
3677,29.2,-8.0,9.961,29.344,-8.002,10.002,0.1496,-15.25,44.6,-80.62,1.1407,-0.2352,15.93,-3.28,-0.79,50.4,50.4,12.6,0.86
3678,29.192,-8.0,9.961,29.336,-8.002,10.002,0.1503,-15.25,44.63,-80.66,1.1421,-0.2384,15.95,-3.33,-0.79,50.4,50.4,12.6,0.86
3679,29.183,-8.0,9.961,29.328,-8.002,10.002,0.1511,-15.27,44.63,-80.71,1.1434,-0.2416,15.96,-3.37,-0.79,50.4,50.4,12.6,0.86
3680,29.173,-8.0,9.961,29.32,-8.002,10.002,0.1519,-15.27,44.65,-80.73,1.1447,-0.2449,15.98,-3.42,-0.79,50.4,50.4,12.6,0.86
3681,29.164,-8.0,9.961,29.311,-8.002,10.002,0.1526,-15.27,44.67,-80.77,1.146,-0.2481,16.0,-3.46,-0.8,50.4,50.4,12.6,0.86
3682,29.155,-8.0,9.961,29.303,-8.003,10.003,0.1534,-15.27,44.69,-80.79,1.1474,-0.2513,16.02,-3.51,-0.8,50.4,50.4,12.6,0.85
3683,29.146,-8.0,9.961,29.294,-8.003,10.003,0.1542,-15.27,44.71,-80.84,1.1487,-0.2545,16.04,-3.55,-0.8,50.4,50.4,12.6,0.85
3684,29.137,-8.0,9.961,29.286,-8.003,10.003,0.1549,-15.29,44.71,-80.88,1.15,-0.2577,16.06,-3.6,-0.8,50.4,50.4,12.6,0.85
3685,29.127,-8.0,9.961,29.277,-8.003,10.003,0.1557,-15.29,44.74,-80.9,1.1513,-0.2609,16.08,-3.64,-0.8,50.4,50.4,12.6,0.85
3686,29.118,-8.0,9.961,29.269,-8.003,10.003,0.1565,-15.29,44.76,-80.95,1.1526,-0.2641,16.09,-3.69,-0.81,50.4,50.4,12.6,0.85
3687,29.109,-8.0,9.961,29.26,-8.003,10.003,0.1573,-15.29,44.78,-80.99,1.1539,-0.2673,16.11,-3.73,-0.81,50.4,50.4,12.6,0.85
3688,29.099,-8.0,9.961,29.251,-8.003,10.004,0.158,-15.29,44.8,-81.01,1.1552,-0.2705,16.13,-3.78,-0.81,50.4,50.4,12.6,0.85
3689,29.09,-8.0,9.961,29.243,-8.004,10.004,0.1588,-15.31,44.82,-81.06,1.1565,-0.2737,16.15,-3.82,-0.81,50.4,50.4,12.6,0.85
3690,29.08,-8.0,9.961,29.234,-8.004,10.004,0.1596,-15.31,44.85,-81.1,1.1578,-0.2769,16.17,-3.87,-0.82,50.4,50.4,12.6,0.85
3691,29.071,-8.0,9.961,29.225,-8.004,10.004,0.1603,-15.31,44.85,-81.12,1.1591,-0.2801,16.18,-3.91,-0.82,50.4,50.4,12.6,0.84
3692,29.061,-8.0,9.961,29.216,-8.004,10.004,0.1611,-15.31,44.87,-81.17,1.1604,-0.2833,16.2,-3.96,-0.82,50.4,50.4,12.6,0.84
3693,29.051,-8.0,9.961,29.207,-8.004,10.005,0.1619,-15.31,44.89,-81.21,1.1617,-0.2864,16.22,-4.0,-0.82,50.4,50.4,12.6,0.84
3694,29.041,-8.0,9.961,29.198,-8.004,10.005,0.1627,-15.34,44.91,-81.25,1.1629,-0.2896,16.24,-4.04,-0.83,50.4,50.4,12.6,0.84
3695,29.032,-8.0,9.961,29.189,-8.004,10.005,0.1634,-15.34,44.93,-81.28,1.1642,-0.2928,16.26,-4.09,-0.83,50.4,50.4,12.6,0.84
3696,29.022,-8.0,9.961,29.18,-8.005,10.005,0.1642,-15.34,44.96,-81.32,1.1655,-0.296,16.27,-4.13,-0.83,50.4,50.4,12.6,0.84
3697,29.012,-8.0,9.961,29.171,-8.005,10.005,0.165,-15.34,44.98,-81.36,1.1668,-0.2991,16.29,-4.18,-0.83,50.4,50.4,12.6,0.84
3698,29.002,-8.0,9.961,29.161,-8.005,10.006,0.1658,-15.36,45.0,-81.41,1.168,-0.3023,16.31,-4.22,-0.83,50.4,50.4,12.6,0.84
3699,28.992,-8.0,9.961,29.152,-8.005,10.006,0.1665,-15.36,45.02,-81.43,1.1693,-0.3054,16.33,-4.26,-0.84,50.4,50.4,12.6,0.84
3700,28.982,-8.0,9.961,29.143,-8.005,10.006,0.1673,-15.36,45.02,-81.47,1.1706,-0.3086,16.34,-4.31,-0.84,50.4,50.4,12.6,0.84
3701,28.972,-8.0,9.961,29.133,-8.005,10.006,0.1681,-15.36,45.04,-81.52,1.1718,-0.3118,16.36,-4.35,-0.84,50.4,50.4,12.6,0.84
3702,28.962,-8.0,9.961,29.124,-8.005,10.006,0.1689,-15.36,45.07,-81.56,1.1731,-0.3149,16.38,-4.4,-0.84,50.4,50.4,12.6,0.83
3703,28.951,-8.0,9.961,29.115,-8.006,10.007,0.1697,-15.38,45.09,-81.61,1.1743,-0.318,16.4,-4.44,-0.85,50.4,50.4,12.6,0.83
3704,28.941,-8.0,9.961,29.105,-8.006,10.007,0.1704,-15.38,45.11,-81.63,1.1756,-0.3212,16.41,-4.48,-0.85,50.4,50.4,12.6,0.83
3705,28.931,-8.0,9.961,29.096,-8.006,10.007,0.1712,-15.38,45.13,-81.67,1.1768,-0.3243,16.43,-4.53,-0.85,50.4,50.4,12.6,0.83
3706,28.92,-8.0,9.961,29.086,-8.006,10.007,0.172,-15.38,45.15,-81.72,1.1781,-0.3275,16.45,-4.57,-0.85,50.4,50.4,12.6,0.83
3707,28.91,-8.0,9.961,29.076,-8.006,10.007,0.1728,-15.4,45.18,-81.76,1.1793,-0.3306,16.47,-4.62,-0.86,50.4,50.4,12.6,0.83
3708,28.9,-8.0,9.961,29.066,-8.006,10.008,0.1737,-15.4,45.2,-81.8,1.1792,-0.3337,16.46,-4.66,-0.86,50.4,50.4,12.6,0.83
3709,28.889,-8.0,9.961,29.057,-8.006,10.011,0.1751,-15.4,45.22,-81.85,1.1743,-0.3368,16.4,-4.7,-0.86,50.4,50.4,12.6,0.82
3710,28.879,-8.0,9.961,29.047,-8.007,10.011,0.1757,-15.4,45.24,-81.89,1.1764,-0.34,16.43,-4.75,-0.86,50.4,50.4,12.6,0.82
3711,28.868,-8.0,9.961,29.037,-8.007,10.011,0.1765,-15.42,45.26,-81.91,1.1776,-0.3431,16.44,-4.79,-0.87,50.4,50.4,12.6,0.82
3712,28.857,-8.0,9.961,29.027,-8.007,10.011,0.1772,-15.42,45.29,-81.96,1.1788,-0.3462,16.46,-4.83,-0.87,50.4,50.4,12.6,0.82
3713,28.847,-8.0,9.961,29.017,-8.007,10.011,0.1779,-15.42,45.31,-82.0,1.18,-0.3493,16.48,-4.88,-0.87,50.4,50.4,12.6,0.82
3714,28.836,-8.0,9.961,29.007,-8.007,10.011,0.1787,-15.42,45.33,-82.05,1.1812,-0.3524,16.49,-4.92,-0.87,50.4,50.4,12.6,0.82
3715,28.825,-8.0,9.961,28.997,-8.007,10.011,0.1794,-15.45,45.35,-82.09,1.1824,-0.3555,16.51,-4.96,-0.88,50.4,50.4,12.6,0.82
3716,28.814,-8.0,9.961,28.987,-8.007,10.011,0.1801,-15.45,45.37,-82.13,1.1836,-0.3586,16.53,-5.01,-0.88,50.4,50.4,12.6,0.82
3717,28.803,-8.0,9.96,28.977,-8.008,10.011,0.1809,-15.45,45.4,-82.18,1.1848,-0.3617,16.54,-5.05,-0.88,50.4,50.4,12.6,0.82
3718,28.792,-8.0,9.96,28.967,-8.008,10.011,0.1816,-15.45,45.42,-82.22,1.186,-0.3648,16.56,-5.09,-0.88,50.4,50.4,12.6,0.81
3719,28.781,-8.0,9.96,28.956,-8.008,10.01,0.1821,-15.47,45.44,-82.27,1.1892,-0.3679,16.61,-5.14,-0.89,50.4,50.4,12.6,0.81
3720,28.77,-8.0,9.96,28.946,-8.008,10.01,0.1829,-15.47,45.46,-82.31,1.1903,-0.3709,16.62,-5.18,-0.89,50.4,50.4,12.6,0.81
3721,28.759,-8.0,9.96,28.936,-8.008,10.012,0.1841,-15.47,45.48,-82.35,1.187,-0.374,16.57,-5.22,-0.89,50.4,50.4,12.6,0.81
3722,28.748,-8.0,9.96,28.925,-8.008,10.012,0.1848,-15.47,45.51,-82.4,1.1886,-0.3771,16.6,-5.27,-0.89,50.4,50.4,12.6,0.81
3723,28.737,-8.0,9.96,28.915,-8.008,10.011,0.1853,-15.49,45.53,-82.44,1.1922,-0.3802,16.65,-5.31,-0.9,50.4,50.4,12.6,0.81
3724,28.726,-8.0,9.96,28.904,-8.009,10.011,0.1861,-15.49,45.55,-82.49,1.193,-0.3832,16.66,-5.35,-0.9,50.4,50.4,12.6,0.81
3725,28.714,-8.0,9.96,28.894,-8.009,10.011,0.1868,-15.49,45.57,-82.53,1.1941,-0.3863,16.67,-5.39,-0.9,50.4,50.4,12.6,0.81
3726,28.703,-8.0,9.96,28.883,-8.009,10.011,0.1875,-15.49,45.59,-82.57,1.1953,-0.3894,16.69,-5.44,-0.9,50.4,50.4,12.6,0.8
3727,28.691,-8.0,9.96,28.873,-8.009,10.011,0.1883,-15.51,45.62,-82.62,1.1964,-0.3924,16.71,-5.48,-0.91,50.4,50.4,12.6,0.8
3728,28.68,-8.0,9.96,28.862,-8.009,10.011,0.189,-15.51,45.64,-82.66,1.1976,-0.3955,16.72,-5.52,-0.91,50.4,50.4,12.6,0.8
3729,28.668,-8.0,9.96,28.851,-8.009,10.011,0.1898,-15.51,45.66,-82.71,1.1987,-0.3985,16.74,-5.56,-0.91,50.4,50.4,12.6,0.8
3730,28.657,-8.0,9.96,28.84,-8.01,10.011,0.1905,-15.51,45.68,-82.75,1.1998,-0.4016,16.75,-5.61,-0.92,50.4,50.4,12.6,0.8
3731,28.645,-8.0,9.96,28.83,-8.01,10.011,0.1913,-15.53,45.7,-82.79,1.201,-0.4046,16.77,-5.65,-0.92,50.4,50.4,12.6,0.8
3732,28.634,-8.0,9.96,28.819,-8.01,10.011,0.192,-15.53,45.73,-82.84,1.2021,-0.4077,16.78,-5.69,-0.92,50.4,50.4,12.6,0.8
3733,28.622,-8.0,9.96,28.808,-8.01,10.011,0.1927,-15.53,45.75,-82.88,1.2032,-0.4107,16.8,-5.73,-0.92,50.4,50.4,12.6,0.8
3734,28.61,-8.0,9.96,28.797,-8.01,10.011,0.1935,-15.53,45.77,-82.92,1.2044,-0.4137,16.82,-5.78,-0.93,50.4,50.4,12.6,0.8
3735,28.598,-8.0,9.96,28.786,-8.01,10.011,0.1942,-15.56,45.79,-82.97,1.2055,-0.4168,16.83,-5.82,-0.93,50.4,50.4,12.6,0.79
3736,28.587,-8.0,9.96,28.775,-8.01,10.011,0.195,-15.56,45.81,-83.01,1.2066,-0.4198,16.85,-5.86,-0.93,50.4,50.4,12.6,0.79
3737,28.575,-8.0,9.96,28.764,-8.011,10.009,0.1954,-15.56,45.83,-83.08,1.2113,-0.4228,16.91,-5.9,-0.93,50.4,50.4,12.6,0.79
3738,28.563,-8.0,9.96,28.752,-8.011,10.011,0.1964,-15.58,45.86,-83.12,1.2097,-0.4258,16.89,-5.95,-0.94,50.4,50.4,12.6,0.79
3739,28.551,-8.0,9.96,28.741,-8.011,10.013,0.1976,-15.58,45.88,-83.17,1.2062,-0.4288,16.84,-5.99,-0.94,50.4,50.4,12.6,0.79
3740,28.539,-8.0,9.96,28.73,-8.011,10.011,0.198,-15.58,45.9,-83.21,1.2102,-0.4318,16.9,-6.03,-0.94,50.4,50.4,12.6,0.79
3741,28.527,-8.0,9.96,28.718,-8.011,10.011,0.1987,-15.58,45.92,-83.25,1.2123,-0.4348,16.93,-6.07,-0.95,50.4,50.4,12.6,0.79
3742,28.514,-8.0,9.96,28.707,-8.011,10.011,0.1995,-15.6,45.94,-83.3,1.2132,-0.4378,16.94,-6.11,-0.95,50.4,50.4,12.6,0.79
3743,28.502,-8.0,9.96,28.696,-8.011,10.011,0.2002,-15.6,45.97,-83.34,1.2143,-0.4408,16.96,-6.16,-0.95,50.4,50.4,12.6,0.78
3744,28.49,-8.0,9.96,28.684,-8.012,10.011,0.201,-15.6,45.99,-83.41,1.2154,-0.4438,16.97,-6.2,-0.95,50.4,50.4,12.6,0.78
3745,28.478,-8.0,9.96,28.672,-8.012,10.011,0.2017,-15.62,46.03,-83.45,1.2165,-0.4468,16.99,-6.24,-0.96,50.4,50.4,12.6,0.78
3746,28.465,-8.0,9.96,28.661,-8.012,10.011,0.2025,-15.62,46.05,-83.5,1.2176,-0.4498,17.0,-6.28,-0.96,50.4,50.4,12.6,0.78
3747,28.453,-8.0,9.96,28.649,-8.012,10.011,0.2032,-15.62,46.08,-83.54,1.2187,-0.4528,17.02,-6.32,-0.96,50.4,50.4,12.6,0.78
3748,28.44,-8.0,9.96,28.638,-8.012,10.011,0.204,-15.62,46.1,-83.58,1.2197,-0.4558,17.03,-6.36,-0.97,50.4,50.4,12.6,0.78
3749,28.428,-8.0,9.96,28.626,-8.012,10.011,0.2047,-15.64,46.12,-83.65,1.2208,-0.4587,17.05,-6.41,-0.97,50.4,50.4,12.6,0.78
3750,28.415,-8.0,9.96,28.614,-8.013,10.011,0.2055,-15.64,46.14,-83.69,1.2219,-0.4617,17.06,-6.45,-0.97,50.4,50.4,12.6,0.78
3751,28.403,-8.0,9.96,28.602,-8.013,10.011,0.2062,-15.64,46.16,-83.74,1.2229,-0.4647,17.08,-6.49,-0.97,50.4,50.4,12.6,0.77
3752,28.39,-8.0,9.96,28.59,-8.013,10.011,0.207,-15.67,46.19,-83.78,1.224,-0.4676,17.09,-6.53,-0.98,50.4,50.4,12.6,0.77
3753,28.377,-8.0,9.96,28.578,-8.013,10.01,0.2076,-15.67,46.21,-83.83,1.2262,-0.4706,17.12,-6.57,-0.98,50.4,50.4,12.6,0.77
3754,28.365,-8.0,9.96,28.567,-8.013,10.009,0.2081,-15.67,46.23,-83.89,1.2303,-0.4735,17.18,-6.61,-0.98,50.4,50.4,12.6,0.78
3755,28.352,-8.0,9.96,28.554,-8.013,10.012,0.2094,-15.67,46.27,-83.94,1.2255,-0.4765,17.11,-6.65,-0.99,50.4,50.4,12.6,0.77
3756,28.339,-8.0,9.96,28.542,-8.013,10.013,0.2103,-15.69,46.3,-83.98,1.2241,-0.4794,17.09,-6.69,-0.99,50.4,50.4,12.6,0.77
3757,28.326,-8.0,9.96,28.53,-8.014,10.011,0.2107,-15.69,46.32,-84.02,1.2296,-0.4824,17.17,-6.74,-0.99,50.4,50.4,12.6,0.77
3758,28.313,-8.0,9.96,28.518,-8.014,10.011,0.2114,-15.69,46.34,-84.09,1.2306,-0.4853,17.18,-6.78,-0.99,50.4,50.4,12.6,0.77
3759,28.3,-8.0,9.96,28.506,-8.014,10.011,0.2122,-15.71,46.36,-84.13,1.2313,-0.4883,17.19,-6.82,-1.0,50.4,50.4,12.6,0.77
3760,28.287,-8.0,9.96,28.493,-8.014,10.011,0.213,-15.71,46.38,-84.18,1.2324,-0.4912,17.21,-6.86,-1.0,50.4,50.4,12.6,0.76
3761,28.274,-8.0,9.96,28.481,-8.014,10.011,0.2137,-15.71,46.41,-84.24,1.2334,-0.4941,17.22,-6.9,-1.0,50.4,50.4,12.6,0.76
3762,28.261,-8.0,9.96,28.469,-8.014,10.011,0.2145,-15.73,46.45,-84.29,1.2345,-0.497,17.24,-6.94,-1.01,50.4,50.4,12.6,0.76
3763,28.248,-8.0,9.96,28.456,-8.015,10.011,0.2152,-15.73,46.47,-84.33,1.2355,-0.5,17.25,-6.98,-1.01,50.4,50.4,12.6,0.76
3764,28.234,-8.0,9.96,28.444,-8.015,10.011,0.216,-15.73,46.49,-84.4,1.2365,-0.5029,17.26,-7.02,-1.01,50.4,50.4,12.6,0.76
3765,28.221,-8.0,9.96,28.431,-8.015,10.011,0.2167,-15.73,46.52,-84.44,1.2375,-0.5058,17.28,-7.06,-1.01,50.4,50.4,12.6,0.76
3766,28.208,-8.0,9.96,28.419,-8.015,10.011,0.2175,-15.75,46.54,-84.48,1.2385,-0.5087,17.29,-7.1,-1.02,50.4,50.4,12.6,0.76
3767,28.194,-8.0,9.96,28.406,-8.015,10.011,0.2183,-15.75,46.56,-84.55,1.2395,-0.5116,17.31,-7.14,-1.02,50.4,50.4,12.6,0.76
3768,28.181,-8.0,9.959,28.393,-8.015,10.011,0.219,-15.75,46.6,-84.59,1.2405,-0.5145,17.32,-7.18,-1.02,50.4,50.4,12.6,0.75
3769,28.167,-8.0,9.959,28.381,-8.015,10.009,0.2195,-15.78,46.63,-84.64,1.2456,-0.5174,17.39,-7.22,-1.03,50.4,50.4,12.6,0.76
3770,28.154,-8.0,9.959,28.368,-8.016,10.01,0.2204,-15.78,46.65,-84.7,1.2439,-0.5203,17.37,-7.26,-1.03,50.4,50.4,12.6,0.76
3771,28.14,-8.0,9.959,28.355,-8.016,10.013,0.2217,-15.78,46.67,-84.75,1.2392,-0.5232,17.3,-7.31,-1.03,50.4,50.4,12.6,0.75
3772,28.127,-8.0,9.959,28.342,-8.016,10.011,0.2221,-15.8,46.69,-84.81,1.2433,-0.5261,17.36,-7.35,-1.04,50.4,50.4,12.6,0.75
3773,28.113,-8.0,9.959,28.329,-8.016,10.011,0.2228,-15.8,46.74,-84.86,1.2458,-0.529,17.39,-7.39,-1.04,50.4,50.4,12.6,0.75
3774,28.099,-8.0,9.959,28.316,-8.016,10.011,0.2235,-15.8,46.76,-84.9,1.2465,-0.5318,17.4,-7.43,-1.04,50.4,50.4,12.6,0.75
3775,28.085,-8.0,9.959,28.303,-8.016,10.011,0.2243,-15.82,46.78,-84.97,1.2475,-0.5347,17.42,-7.47,-1.05,50.4,50.4,12.6,0.75
3776,28.072,-8.0,9.959,28.29,-8.017,10.011,0.2251,-15.82,46.8,-85.01,1.2485,-0.5376,17.43,-7.51,-1.05,50.4,50.4,12.6,0.74
3777,28.058,-8.0,9.959,28.277,-8.017,10.011,0.2258,-15.82,46.82,-85.08,1.2495,-0.5404,17.45,-7.55,-1.05,50.4,50.4,12.6,0.74
3778,28.044,-8.0,9.959,28.264,-8.017,10.011,0.2266,-15.84,46.87,-85.12,1.2504,-0.5433,17.46,-7.59,-1.06,50.4,50.4,12.6,0.74
3779,28.03,-8.0,9.959,28.25,-8.017,10.011,0.2273,-15.84,46.89,-85.19,1.2514,-0.5462,17.47,-7.63,-1.06,50.4,50.4,12.6,0.74
3780,28.016,-8.0,9.959,28.237,-8.017,10.011,0.2281,-15.84,46.91,-85.23,1.2524,-0.549,17.49,-7.67,-1.06,50.4,50.4,12.6,0.74
3781,28.002,-8.0,9.959,28.224,-8.017,10.011,0.2289,-15.86,46.93,-85.3,1.2533,-0.5519,17.5,-7.71,-1.06,50.4,50.4,12.6,0.74
3782,27.987,-8.0,9.959,28.21,-8.017,10.011,0.2296,-15.86,46.98,-85.34,1.2543,-0.5547,17.51,-7.75,-1.07,50.4,50.4,12.6,0.74
3783,27.973,-8.0,9.959,28.197,-8.018,10.011,0.2304,-15.86,47.0,-85.39,1.2553,-0.5576,17.53,-7.78,-1.07,50.4,50.4,12.6,0.74
3784,27.959,-8.0,9.959,28.184,-8.018,10.009,0.2308,-15.89,47.02,-85.45,1.2603,-0.5604,17.6,-7.82,-1.07,50.4,50.4,12.6,0.74
3785,27.945,-8.0,9.959,28.17,-8.018,10.01,0.2318,-15.89,47.04,-85.5,1.2586,-0.5632,17.57,-7.86,-1.08,50.4,50.4,12.6,0.74
3786,27.93,-8.0,9.959,28.156,-8.018,10.013,0.2331,-15.89,47.09,-85.56,1.2527,-0.5661,17.49,-7.9,-1.08,50.4,50.4,12.6,0.73
3787,27.916,-8.0,9.959,28.143,-8.018,10.011,0.2335,-15.91,47.11,-85.61,1.2586,-0.5689,17.57,-7.94,-1.08,50.4,50.4,12.6,0.73
3788,27.901,-8.0,9.959,28.129,-8.018,10.011,0.2342,-15.91,47.13,-85.67,1.2601,-0.5717,17.59,-7.98,-1.09,50.4,50.4,12.6,0.73
3789,27.887,-8.0,9.959,28.115,-8.019,10.011,0.2349,-15.91,47.15,-85.74,1.2609,-0.5745,17.61,-8.02,-1.09,50.4,50.4,12.6,0.73
3790,27.872,-8.0,9.959,28.102,-8.019,10.011,0.2357,-15.93,47.2,-85.78,1.2618,-0.5773,17.62,-8.06,-1.09,50.4,50.4,12.6,0.73
3791,27.858,-8.0,9.959,28.088,-8.019,10.011,0.2365,-15.93,47.22,-85.85,1.2628,-0.5801,17.63,-8.1,-1.1,50.4,50.4,12.6,0.73
3792,27.843,-8.0,9.959,28.074,-8.019,10.011,0.2372,-15.95,47.24,-85.89,1.2637,-0.583,17.64,-8.14,-1.1,50.4,50.4,12.6,0.72
3793,27.828,-8.0,9.959,28.06,-8.019,10.011,0.238,-15.95,47.26,-85.96,1.2646,-0.5858,17.66,-8.18,-1.1,50.4,50.4,12.6,0.72
3794,27.814,-8.0,9.959,28.046,-8.019,10.011,0.2388,-15.95,47.31,-86.0,1.2655,-0.5886,17.67,-8.22,-1.11,50.4,50.4,12.6,0.72
3795,27.799,-8.0,9.959,28.032,-8.02,10.011,0.2395,-15.97,47.33,-86.07,1.2664,-0.5913,17.68,-8.26,-1.11,50.4,50.4,12.6,0.72
3796,27.784,-8.0,9.959,28.018,-8.02,10.011,0.2403,-15.97,47.35,-86.11,1.2673,-0.5941,17.7,-8.3,-1.11,50.4,50.4,12.6,0.72
3797,27.769,-8.0,9.959,28.004,-8.02,10.012,0.2412,-15.97,47.4,-86.18,1.2659,-0.5969,17.68,-8.33,-1.12,50.4,50.4,12.6,0.72
3798,27.754,-8.0,9.959,27.988,-8.024,10.015,0.2413,-16.0,47.42,-86.24,1.26,-0.5986,17.59,-8.36,-0.99,50.4,50.4,12.6,0.46
3799,27.739,-8.0,9.959,27.97,-8.031,10.015,0.2391,-16.02,47.46,-86.31,1.2549,-0.5929,17.52,-8.28,-0.78,50.4,50.4,12.6,0.03
3800,27.724,-8.0,9.959,27.953,-8.034,10.016,0.238,-16.04,47.48,-86.37,1.2497,-0.5882,17.45,-8.21,-0.7,50.4,50.4,12.6,-0.15
3801,27.709,-8.0,9.959,27.937,-8.034,10.016,0.2374,-16.04,47.53,-86.42,1.2445,-0.5836,17.38,-8.15,-0.7,50.4,50.4,12.6,-0.15
3802,27.694,-8.0,9.959,27.921,-8.034,10.017,0.2368,-16.06,47.55,-86.48,1.2394,-0.579,17.31,-8.08,-0.7,50.4,50.4,12.6,-0.15
3803,27.679,-8.0,9.959,27.906,-8.034,10.017,0.2363,-16.06,47.59,-86.55,1.2342,-0.5744,17.23,-8.02,-0.7,50.4,50.4,12.6,-0.15
3804,27.664,-8.0,9.959,27.89,-8.034,10.018,0.2358,-16.06,47.61,-86.62,1.2291,-0.5698,17.16,-7.96,-0.7,50.4,50.4,12.6,-0.15
3805,27.649,-8.0,9.959,27.875,-8.033,10.018,0.2353,-16.08,47.66,-86.68,1.2239,-0.5652,17.09,-7.89,-0.7,50.4,50.4,12.6,-0.15
3806,27.635,-8.0,9.959,27.859,-8.033,10.018,0.2349,-16.08,47.68,-86.75,1.2187,-0.5606,17.02,-7.83,-0.7,50.4,50.4,12.6,-0.15
3807,27.62,-8.0,9.959,27.844,-8.033,10.019,0.2346,-16.08,47.72,-86.81,1.2136,-0.556,16.94,-7.76,-0.7,50.4,50.4,12.6,-0.15
3808,27.605,-8.0,9.959,27.829,-8.033,10.019,0.2343,-16.11,47.75,-86.86,1.2084,-0.5514,16.87,-7.7,-0.7,50.4,50.4,12.6,-0.15
3809,27.59,-8.0,9.959,27.813,-8.033,10.019,0.2341,-16.11,47.77,-86.92,1.2033,-0.5468,16.8,-7.63,-0.7,50.4,50.4,12.6,-0.15
3810,27.575,-8.0,9.959,27.798,-8.033,10.019,0.2339,-16.13,47.81,-86.99,1.1981,-0.5422,16.73,-7.57,-0.7,50.4,50.4,12.6,-0.15
3811,27.56,-8.0,9.959,27.785,-8.034,10.021,0.2367,-16.13,47.83,-87.03,1.1929,-0.5488,16.66,-7.66,-0.7,50.4,50.4,12.6,-0.15
3812,27.545,-8.0,9.959,27.772,-8.034,10.024,0.239,-16.13,47.88,-87.1,1.1878,-0.5537,16.58,-7.73,-0.7,50.4,50.4,12.6,-0.15
3813,27.53,-8.0,9.959,27.759,-8.035,10.025,0.2411,-16.15,47.9,-87.14,1.1826,-0.5586,16.51,-7.8,-0.71,50.4,50.4,12.6,-0.15
3814,27.515,-8.0,9.958,27.745,-8.035,10.027,0.2431,-16.15,47.92,-87.19,1.1775,-0.5636,16.44,-7.87,-0.71,50.4,50.4,12.6,-0.15
3815,27.5,-8.0,9.958,27.732,-8.036,10.028,0.2451,-16.15,47.97,-87.25,1.1723,-0.5685,16.37,-7.94,-0.71,50.4,50.4,12.6,-0.15
3816,27.485,-8.0,9.958,27.718,-8.036,10.03,0.2468,-16.17,47.99,-87.3,1.1671,-0.5735,16.3,-8.01,-0.71,50.4,50.4,12.6,-0.15
3817,27.47,-8.0,9.958,27.705,-8.037,10.025,0.2474,-16.17,48.01,-87.36,1.1732,-0.5784,16.38,-8.08,-0.71,50.4,50.4,12.6,-0.15
3818,27.455,-8.0,9.958,27.692,-8.037,10.022,0.2481,-16.19,48.03,-87.41,1.1776,-0.5833,16.44,-8.15,-0.71,50.4,50.4,12.6,-0.15
3819,27.44,-8.0,9.958,27.679,-8.038,10.018,0.2489,-16.19,48.03,-87.45,1.182,-0.5883,16.5,-8.21,-0.71,50.4,50.4,12.6,-0.15
3820,27.425,-8.0,9.958,27.665,-8.038,10.014,0.249,-16.19,48.05,-87.52,1.1864,-0.591,16.56,-8.25,-0.71,50.4,50.4,12.6,-0.15
3821,27.41,-8.0,9.958,27.65,-8.038,10.009,0.2482,-16.22,48.08,-87.58,1.1907,-0.59,16.63,-8.24,-0.71,50.4,50.4,12.6,-0.15
3822,27.395,-8.0,9.958,27.635,-8.038,10.005,0.2477,-16.22,48.1,-87.63,1.1951,-0.5896,16.69,-8.23,-0.71,50.4,50.4,12.6,-0.15
3823,27.38,-8.0,9.958,27.621,-8.038,10.001,0.2473,-16.22,48.12,-87.69,1.1995,-0.5893,16.75,-8.23,-0.71,50.4,50.4,12.6,-0.15
3824,27.365,-8.0,9.958,27.606,-8.039,9.997,0.247,-16.24,48.14,-87.76,1.2039,-0.5889,16.81,-8.22,-0.71,50.4,50.4,12.6,-0.15
3825,27.35,-8.0,9.958,27.591,-8.039,9.993,0.2467,-16.24,48.16,-87.82,1.2083,-0.5885,16.87,-8.22,-0.71,50.4,50.4,12.6,-0.14
3826,27.335,-8.0,9.958,27.577,-8.039,9.989,0.2466,-16.26,48.19,-87.87,1.2127,-0.5882,16.93,-8.21,-0.71,50.4,50.4,12.6,-0.14
3827,27.32,-8.0,9.958,27.562,-8.039,9.985,0.2465,-16.26,48.21,-87.93,1.2171,-0.5878,16.99,-8.21,-0.71,50.4,50.4,12.6,-0.15
3828,27.305,-8.0,9.958,27.547,-8.039,9.982,0.2464,-16.26,48.23,-88.0,1.2215,-0.5874,17.05,-8.2,-0.71,50.4,50.4,12.6,-0.15
3829,27.29,-8.0,9.958,27.533,-8.039,9.978,0.2464,-16.28,48.25,-88.04,1.2259,-0.5871,17.12,-8.2,-0.72,50.4,50.4,12.6,-0.15
3830,27.275,-8.0,9.958,27.518,-8.039,9.975,0.2464,-16.28,48.27,-88.11,1.2302,-0.5867,17.18,-8.19,-0.72,50.4,50.4,12.6,-0.15
3831,27.26,-8.0,9.958,27.503,-8.039,9.972,0.2465,-16.3,48.3,-88.18,1.2346,-0.5864,17.24,-8.19,-0.72,50.4,50.4,12.6,-0.15
3832,27.245,-8.0,9.958,27.489,-8.039,9.969,0.2466,-16.3,48.34,-88.22,1.239,-0.586,17.3,-8.18,-0.72,50.4,50.4,12.6,-0.15
3833,27.23,-8.0,9.958,27.474,-8.039,9.967,0.2467,-16.3,48.36,-88.29,1.2434,-0.5856,17.36,-8.18,-0.72,50.4,50.4,12.6,-0.14
3834,27.215,-8.0,9.958,27.459,-8.04,9.964,0.2469,-16.33,48.38,-88.35,1.2478,-0.5853,17.42,-8.17,-0.72,50.4,50.4,12.6,-0.14
3835,27.2,-8.0,9.958,27.444,-8.04,9.962,0.2471,-16.33,48.41,-88.42,1.2522,-0.5849,17.48,-8.17,-0.72,50.4,50.4,12.6,-0.14
3836,27.185,-8.0,9.958,27.429,-8.04,9.962,0.2471,-16.33,48.43,-88.46,1.2524,-0.5846,17.49,-8.16,-0.72,50.4,50.4,12.6,-0.14
3837,27.171,-8.0,9.958,27.414,-8.04,9.962,0.2471,-16.35,48.47,-88.53,1.2515,-0.5842,17.47,-8.16,-0.72,50.4,50.4,12.6,-0.14
3838,27.156,-8.0,9.958,27.399,-8.04,9.962,0.2472,-16.35,48.49,-88.59,1.2509,-0.5839,17.47,-8.15,-0.72,50.4,50.4,12.6,-0.14
3839,27.141,-8.0,9.958,27.385,-8.04,9.962,0.2472,-16.37,48.52,-88.64,1.2503,-0.5835,17.46,-8.15,-0.72,50.4,50.4,12.6,-0.14
3840,27.126,-8.0,9.958,27.37,-8.04,9.963,0.2472,-16.37,48.56,-88.7,1.2496,-0.5831,17.45,-8.14,-0.72,50.4,50.4,12.6,-0.14
3841,27.111,-8.0,9.958,27.355,-8.04,9.963,0.2473,-16.37,48.58,-88.77,1.249,-0.5828,17.44,-8.14,-0.72,50.4,50.4,12.6,-0.14
3842,27.096,-8.0,9.958,27.34,-8.04,9.963,0.2473,-16.39,48.6,-88.81,1.2483,-0.5824,17.43,-8.13,-0.72,50.4,50.4,12.6,-0.14
3843,27.081,-8.0,9.958,27.325,-8.04,9.963,0.2473,-16.39,48.65,-88.88,1.2477,-0.5821,17.42,-8.13,-0.73,50.4,50.4,12.6,-0.14
3844,27.066,-8.0,9.958,27.31,-8.04,9.964,0.2474,-16.41,48.67,-88.95,1.247,-0.5817,17.41,-8.12,-0.73,50.4,50.4,12.6,-0.14
3845,27.051,-8.0,9.958,27.295,-8.04,9.964,0.2474,-16.41,48.69,-88.99,1.2464,-0.5814,17.4,-8.12,-0.73,50.4,50.4,12.6,-0.14
3846,27.036,-8.0,9.958,27.28,-8.04,9.964,0.2474,-16.41,48.74,-89.06,1.2457,-0.5811,17.39,-8.11,-0.73,50.4,50.4,12.6,-0.14
3847,27.021,-8.0,9.958,27.265,-8.04,9.964,0.2475,-16.44,48.76,-89.12,1.2451,-0.5807,17.38,-8.11,-0.73,50.4,50.4,12.6,-0.14
3848,27.006,-8.0,9.958,27.25,-8.04,9.964,0.2475,-16.44,48.8,-89.17,1.2445,-0.5804,17.38,-8.1,-0.73,50.4,50.4,12.6,-0.14
3849,26.991,-8.0,9.958,27.235,-8.04,9.965,0.2475,-16.46,48.82,-89.23,1.2438,-0.58,17.37,-8.1,-0.73,50.4,50.4,12.6,-0.14
3850,26.976,-8.0,9.958,27.22,-8.04,9.965,0.2476,-16.46,48.85,-89.3,1.2432,-0.5797,17.36,-8.09,-0.73,50.4,50.4,12.6,-0.14
3851,26.961,-8.0,9.958,27.205,-8.04,9.965,0.2476,-16.46,48.89,-89.34,1.2425,-0.5793,17.35,-8.09,-0.73,50.4,50.4,12.6,-0.14
3852,26.946,-8.0,9.958,27.19,-8.04,9.965,0.2476,-16.48,48.91,-89.41,1.2419,-0.579,17.34,-8.08,-0.73,50.4,50.4,12.6,-0.14
3853,26.931,-8.0,9.958,27.175,-8.04,9.966,0.2477,-16.48,48.93,-89.47,1.2413,-0.5787,17.33,-8.08,-0.73,50.4,50.4,12.6,-0.13
3854,26.916,-8.0,9.958,27.16,-8.04,9.966,0.2477,-16.5,48.98,-89.52,1.2406,-0.5783,17.32,-8.07,-0.73,50.4,50.4,12.6,-0.14
3855,26.901,-8.0,9.958,27.145,-8.04,9.966,0.2478,-16.5,49.0,-89.58,1.24,-0.578,17.31,-8.07,-0.73,50.4,50.4,12.6,-0.14
3856,26.886,-8.0,9.958,27.13,-8.04,9.966,0.2478,-16.5,49.02,-89.65,1.2394,-0.5776,17.3,-8.07,-0.73,50.4,50.4,12.6,-0.14
3857,26.871,-8.0,9.958,27.116,-8.041,9.966,0.2478,-16.52,49.06,-89.69,1.2387,-0.5773,17.3,-8.06,-0.73,50.4,50.4,12.6,-0.14
3858,26.856,-8.0,9.958,27.101,-8.041,9.967,0.2479,-16.52,49.09,-89.76,1.2381,-0.577,17.29,-8.06,-0.74,50.4,50.4,12.6,-0.14
3859,26.841,-8.0,9.958,27.086,-8.041,9.967,0.2479,-16.52,49.11,-89.8,1.2374,-0.5766,17.28,-8.05,-0.74,50.4,50.4,12.6,-0.14
3860,26.826,-8.0,9.957,27.071,-8.041,9.967,0.2479,-16.55,49.15,-89.87,1.2368,-0.5763,17.27,-8.05,-0.74,50.4,50.4,12.6,-0.14
3861,26.811,-8.0,9.957,27.056,-8.041,9.967,0.248,-16.55,49.17,-89.93,1.2362,-0.576,17.26,-8.04,-0.74,50.4,50.4,12.6,-0.14
3862,26.796,-8.0,9.957,27.041,-8.041,9.968,0.248,-16.57,49.2,-89.98,1.2355,-0.5756,17.25,-8.04,-0.74,50.4,50.4,12.6,-0.14
3863,26.781,-8.0,9.957,27.026,-8.041,9.968,0.2481,-16.57,49.24,-90.04,1.2349,-0.5753,17.24,-8.03,-0.74,50.4,50.4,12.6,-0.14
3864,26.766,-8.0,9.957,27.011,-8.041,9.968,0.2481,-16.57,49.26,-90.11,1.2343,-0.575,17.23,-8.03,-0.74,50.4,50.4,12.6,-0.14
3865,26.751,-8.0,9.957,26.996,-8.041,9.968,0.2481,-16.59,49.28,-90.15,1.2336,-0.5746,17.22,-8.02,-0.74,50.4,50.4,12.6,-0.14
3866,26.736,-8.0,9.957,26.981,-8.041,9.968,0.2482,-16.59,49.33,-90.22,1.233,-0.5743,17.22,-8.02,-0.74,50.4,50.4,12.6,-0.13
3867,26.722,-8.0,9.957,26.966,-8.041,9.969,0.2482,-16.61,49.35,-90.29,1.2324,-0.574,17.21,-8.01,-0.74,50.4,50.4,12.6,-0.13
3868,26.707,-8.0,9.957,26.951,-8.041,9.969,0.2482,-16.61,49.37,-90.33,1.2317,-0.5737,17.2,-8.01,-0.74,50.4,50.4,12.6,-0.14
3869,26.692,-8.0,9.957,26.936,-8.041,9.969,0.2483,-16.61,49.42,-90.4,1.2311,-0.5733,17.19,-8.01,-0.74,50.4,50.4,12.6,-0.14
3870,26.677,-8.0,9.957,26.921,-8.041,9.969,0.2483,-16.63,49.44,-90.46,1.2305,-0.573,17.18,-8.0,-0.74,50.4,50.4,12.6,-0.14
3871,26.662,-8.0,9.957,26.906,-8.041,9.969,0.2484,-16.63,49.46,-90.51,1.2299,-0.5727,17.17,-8.0,-0.74,50.4,50.4,12.6,-0.14
3872,26.647,-8.0,9.957,26.891,-8.041,9.97,0.2484,-16.66,49.5,-90.57,1.2292,-0.5724,17.16,-7.99,-0.75,50.4,50.4,12.6,-0.13
3873,26.632,-8.0,9.957,26.876,-8.041,9.97,0.2484,-16.66,49.53,-90.62,1.2286,-0.572,17.15,-7.99,-0.75,50.4,50.4,12.6,-0.13
3874,26.617,-8.0,9.957,26.861,-8.041,9.97,0.2485,-16.66,49.57,-90.68,1.228,-0.5717,17.15,-7.98,-0.75,50.4,50.4,12.6,-0.13
3875,26.602,-8.0,9.957,26.846,-8.041,9.97,0.2485,-16.68,49.59,-90.75,1.2273,-0.5714,17.14,-7.98,-0.75,50.4,50.4,12.6,-0.13
3876,26.587,-8.0,9.957,26.832,-8.041,9.971,0.2486,-16.68,49.61,-90.79,1.2267,-0.5711,17.13,-7.97,-0.75,50.4,50.4,12.6,-0.13
3877,26.572,-8.0,9.957,26.817,-8.041,9.971,0.2486,-16.7,49.66,-90.86,1.2261,-0.5708,17.12,-7.97,-0.75,50.4,50.4,12.6,-0.13
3878,26.557,-8.0,9.957,26.802,-8.041,9.971,0.2487,-16.7,49.68,-90.92,1.2254,-0.5705,17.11,-7.97,-0.75,50.4,50.4,12.6,-0.13
3879,26.542,-8.0,9.957,26.787,-8.041,9.971,0.2487,-16.7,49.7,-90.97,1.2248,-0.5701,17.1,-7.96,-0.75,50.4,50.4,12.6,-0.13
3880,26.527,-8.0,9.957,26.772,-8.041,9.971,0.2487,-16.72,49.72,-91.03,1.2242,-0.5698,17.09,-7.96,-0.75,50.4,50.4,12.6,-0.13
3881,26.512,-8.0,9.957,26.757,-8.041,9.972,0.2488,-16.72,49.77,-91.08,1.2236,-0.5695,17.08,-7.95,-0.75,50.4,50.4,12.6,-0.13
3882,26.497,-8.0,9.957,26.742,-8.041,9.972,0.2488,-16.74,49.79,-91.14,1.223,-0.5692,17.08,-7.95,-0.75,50.4,50.4,12.6,-0.13
3883,26.482,-8.0,9.957,26.727,-8.042,9.972,0.2489,-16.74,49.81,-91.21,1.2223,-0.5689,17.07,-7.94,-0.75,50.4,50.4,12.6,-0.13
3884,26.467,-8.0,9.957,26.712,-8.042,9.972,0.2489,-16.77,49.86,-91.25,1.2217,-0.5686,17.06,-7.94,-0.75,50.4,50.4,12.6,-0.13
3885,26.452,-8.0,9.957,26.697,-8.042,9.972,0.249,-16.77,49.88,-91.32,1.2211,-0.5683,17.05,-7.93,-0.75,50.4,50.4,12.6,-0.13
3886,26.437,-8.0,9.957,26.682,-8.042,9.973,0.249,-16.77,49.9,-91.36,1.2205,-0.5679,17.04,-7.93,-0.76,50.4,50.4,12.6,-0.13
3887,26.422,-8.0,9.957,26.667,-8.042,9.973,0.249,-16.79,49.94,-91.43,1.2198,-0.5676,17.03,-7.93,-0.76,50.4,50.4,12.6,-0.13
3888,26.407,-8.0,9.957,26.652,-8.042,9.973,0.2491,-16.79,49.97,-91.49,1.2192,-0.5673,17.02,-7.92,-0.76,50.4,50.4,12.6,-0.13
3889,26.392,-8.0,9.957,26.637,-8.042,9.973,0.2491,-16.81,49.99,-91.54,1.2186,-0.567,17.01,-7.92,-0.76,50.4,50.4,12.6,-0.13
3890,26.377,-8.0,9.957,26.622,-8.042,9.974,0.2492,-16.81,50.03,-91.6,1.218,-0.5667,17.01,-7.91,-0.76,50.4,50.4,12.6,-0.13
3891,26.362,-8.0,9.957,26.607,-8.042,9.974,0.2492,-16.81,50.05,-91.65,1.2173,-0.5664,17.0,-7.91,-0.76,50.4,50.4,12.6,-0.13
3892,26.347,-8.0,9.957,26.592,-8.042,9.974,0.2493,-16.83,50.08,-91.71,1.2167,-0.5661,16.99,-7.9,-0.76,50.4,50.4,12.6,-0.13
3893,26.332,-8.0,9.957,26.577,-8.042,9.974,0.2493,-16.83,50.12,-91.78,1.2161,-0.5658,16.98,-7.9,-0.76,50.4,50.4,12.6,-0.13
3894,26.317,-8.0,9.957,26.563,-8.042,9.974,0.2494,-16.85,50.14,-91.82,1.2155,-0.5655,16.97,-7.9,-0.76,50.4,50.4,12.6,-0.12
3895,26.302,-8.0,9.957,26.548,-8.042,9.975,0.2494,-16.85,50.16,-91.89,1.2149,-0.5652,16.96,-7.89,-0.76,50.4,50.4,12.6,-0.13
3896,26.287,-8.0,9.957,26.533,-8.042,9.975,0.2494,-16.85,50.21,-91.93,1.2143,-0.5649,16.95,-7.89,-0.76,50.4,50.4,12.6,-0.13
3897,26.272,-8.0,9.957,26.518,-8.042,9.975,0.2495,-16.88,50.23,-92.0,1.2136,-0.5646,16.95,-7.88,-0.76,50.4,50.4,12.6,-0.13
3898,26.258,-8.0,9.957,26.503,-8.042,9.975,0.2495,-16.88,50.25,-92.07,1.213,-0.5643,16.94,-7.88,-0.76,50.4,50.4,12.6,-0.13
3899,26.243,-8.0,9.957,26.488,-8.042,9.975,0.2496,-16.9,50.3,-92.11,1.2124,-0.564,16.93,-7.87,-0.77,50.4,50.4,12.6,-0.13
3900,26.228,-8.0,9.957,26.473,-8.042,9.976,0.2496,-16.9,50.32,-92.18,1.2118,-0.5637,16.92,-7.87,-0.77,50.4,50.4,12.6,-0.13
3901,26.213,-8.0,9.957,26.458,-8.042,9.976,0.2497,-16.9,50.34,-92.22,1.2112,-0.5634,16.91,-7.87,-0.77,50.4,50.4,12.6,-0.13
3902,26.198,-8.0,9.957,26.443,-8.042,9.976,0.2497,-16.92,50.38,-92.29,1.2105,-0.5631,16.9,-7.86,-0.77,50.4,50.4,12.6,-0.13
3903,26.183,-8.0,9.957,26.428,-8.042,9.976,0.2498,-16.92,50.41,-92.35,1.2099,-0.5628,16.89,-7.86,-0.77,50.4,50.4,12.6,-0.13
3904,26.168,-8.0,9.957,26.413,-8.042,9.976,0.2498,-16.94,50.43,-92.4,1.2093,-0.5625,16.89,-7.85,-0.77,50.4,50.4,12.6,-0.13
3905,26.153,-8.0,9.957,26.398,-8.042,9.977,0.2499,-16.94,50.47,-92.46,1.2087,-0.5622,16.88,-7.85,-0.77,50.4,50.4,12.6,-0.13
3906,26.138,-8.0,9.957,26.383,-8.042,9.977,0.2499,-16.96,50.49,-92.5,1.2081,-0.5619,16.87,-7.85,-0.77,50.4,50.4,12.6,-0.13
3907,26.123,-8.0,9.957,26.368,-8.042,9.977,0.25,-16.96,50.52,-92.57,1.2075,-0.5616,16.86,-7.84,-0.77,50.4,50.4,12.6,-0.12
3908,26.108,-8.0,9.956,26.353,-8.043,9.977,0.25,-16.96,50.54,-92.64,1.2069,-0.5613,16.85,-7.84,-0.77,50.4,50.4,12.6,-0.12
3909,26.093,-8.0,9.956,26.338,-8.043,9.977,0.2501,-16.98,50.58,-92.68,1.2062,-0.561,16.84,-7.83,-0.77,50.4,50.4,12.6,-0.13
3910,26.078,-8.0,9.956,26.323,-8.043,9.978,0.2501,-16.98,50.6,-92.75,1.2056,-0.5607,16.83,-7.83,-0.77,50.4,50.4,12.6,-0.13
3911,26.063,-8.0,9.956,26.308,-8.043,9.978,0.2502,-17.01,50.62,-92.79,1.205,-0.5604,16.83,-7.83,-0.77,50.4,50.4,12.6,-0.13
3912,26.048,-8.0,9.956,26.294,-8.043,9.978,0.2502,-17.01,50.67,-92.86,1.2044,-0.5602,16.82,-7.82,-0.78,50.4,50.4,12.6,-0.13
3913,26.033,-8.0,9.956,26.279,-8.043,9.978,0.2503,-17.01,50.69,-92.9,1.2038,-0.5599,16.81,-7.82,-0.78,50.4,50.4,12.6,-0.13
3914,26.018,-8.0,9.956,26.264,-8.043,9.979,0.2503,-17.03,50.71,-92.97,1.2032,-0.5596,16.8,-7.81,-0.78,50.4,50.4,12.6,-0.13
3915,26.003,-8.0,9.956,26.249,-8.043,9.979,0.2503,-17.03,50.76,-93.03,1.2026,-0.5593,16.79,-7.81,-0.78,50.4,50.4,12.6,-0.13
3916,25.988,-8.0,9.956,26.234,-8.043,9.979,0.2504,-17.05,50.78,-93.08,1.202,-0.559,16.78,-7.81,-0.78,50.4,50.4,12.6,-0.13
3917,25.973,-8.0,9.956,26.219,-8.043,9.979,0.2504,-17.05,50.8,-93.14,1.2013,-0.5587,16.77,-7.8,-0.78,50.4,50.4,12.6,-0.12
3918,25.958,-8.0,9.956,26.204,-8.043,9.979,0.2505,-17.07,50.84,-93.19,1.2007,-0.5584,16.77,-7.8,-0.78,50.4,50.4,12.6,-0.12
3919,25.943,-8.0,9.956,26.189,-8.043,9.98,0.2506,-17.07,50.87,-93.25,1.2001,-0.5582,16.76,-7.79,-0.78,50.4,50.4,12.6,-0.12
3920,25.928,-8.0,9.956,26.174,-8.043,9.98,0.2506,-17.07,50.89,-93.3,1.1995,-0.5579,16.75,-7.79,-0.78,50.4,50.4,12.6,-0.12
3921,25.913,-8.0,9.956,26.159,-8.043,9.98,0.2507,-17.09,50.91,-93.36,1.1989,-0.5576,16.74,-7.79,-0.78,50.4,50.4,12.6,-0.12
3922,25.898,-8.0,9.956,26.144,-8.043,9.98,0.2507,-17.09,50.95,-93.43,1.1983,-0.5573,16.73,-7.78,-0.78,50.4,50.4,12.6,-0.12
3923,25.883,-8.0,9.956,26.129,-8.043,9.98,0.2508,-17.12,50.98,-93.47,1.1977,-0.557,16.72,-7.78,-0.78,50.4,50.4,12.6,-0.12
3924,25.868,-8.0,9.956,26.114,-8.043,9.981,0.2508,-17.12,51.0,-93.54,1.1971,-0.5567,16.71,-7.77,-0.78,50.4,50.4,12.6,-0.12
3925,25.853,-8.0,9.956,26.099,-8.043,9.981,0.2509,-17.14,51.04,-93.58,1.1965,-0.5565,16.71,-7.77,-0.79,50.4,50.4,12.6,-0.12
3926,25.838,-8.0,9.956,26.084,-8.043,9.981,0.2509,-17.14,51.06,-93.65,1.1959,-0.5562,16.7,-7.77,-0.79,50.4,50.4,12.6,-0.12
3927,25.823,-8.0,9.956,26.069,-8.043,9.981,0.251,-17.14,51.09,-93.69,1.1953,-0.5559,16.69,-7.76,-0.79,50.4,50.4,12.6,-0.12
3928,25.808,-8.0,9.956,26.054,-8.043,9.981,0.251,-17.16,51.13,-93.76,1.1947,-0.5556,16.68,-7.76,-0.79,50.4,50.4,12.6,-0.12
3929,25.794,-8.0,9.956,26.039,-8.043,9.982,0.2511,-17.16,51.15,-93.8,1.1941,-0.5554,16.67,-7.75,-0.79,50.4,50.4,12.6,-0.12
3930,25.779,-8.0,9.956,26.025,-8.043,9.982,0.2511,-17.18,51.17,-93.87,1.1934,-0.5551,16.66,-7.75,-0.79,50.4,50.4,12.6,-0.12
3931,25.764,-8.0,9.956,26.01,-8.043,9.982,0.2512,-17.18,51.2,-93.91,1.1928,-0.5548,16.66,-7.75,-0.79,50.4,50.4,12.6,-0.12
3932,25.749,-8.0,9.956,25.995,-8.044,9.982,0.2512,-17.18,51.24,-93.98,1.1922,-0.5545,16.65,-7.74,-0.79,50.4,50.4,12.6,-0.12
3933,25.734,-8.0,9.956,25.98,-8.044,9.982,0.2513,-17.2,51.26,-94.04,1.1916,-0.5543,16.64,-7.74,-0.79,50.4,50.4,12.6,-0.12
3934,25.719,-8.0,9.956,25.965,-8.044,9.983,0.2513,-17.2,51.28,-94.09,1.191,-0.554,16.63,-7.74,-0.79,50.4,50.4,12.6,-0.12
3935,25.704,-8.0,9.956,25.95,-8.044,9.983,0.2514,-17.23,51.33,-94.15,1.1904,-0.5537,16.62,-7.73,-0.79,50.4,50.4,12.6,-0.11
3936,25.689,-8.0,9.956,25.935,-8.044,9.983,0.2514,-17.23,51.35,-94.2,1.1898,-0.5534,16.61,-7.73,-0.79,50.4,50.4,12.6,-0.12
3937,25.674,-8.0,9.956,25.92,-8.044,9.983,0.2515,-17.25,51.37,-94.26,1.1892,-0.5532,16.6,-7.72,-0.79,50.4,50.4,12.6,-0.12
3938,25.659,-8.0,9.956,25.905,-8.044,9.983,0.2515,-17.25,51.39,-94.31,1.1886,-0.5529,16.6,-7.72,-0.8,50.4,50.4,12.6,-0.12
3939,25.644,-8.0,9.956,25.89,-8.044,9.984,0.2516,-17.27,51.44,-94.37,1.188,-0.5526,16.59,-7.72,-0.8,50.4,50.4,12.6,-0.12
3940,25.629,-8.0,9.956,25.875,-8.044,9.984,0.2517,-17.27,51.46,-94.42,1.1874,-0.5524,16.58,-7.71,-0.8,50.4,50.4,12.6,-0.12
3941,25.614,-8.0,9.956,25.86,-8.044,9.984,0.2517,-17.27,51.48,-94.48,1.1868,-0.5521,16.57,-7.71,-0.8,50.4,50.4,12.6,-0.12
3942,25.599,-8.0,9.956,25.845,-8.044,9.984,0.2518,-17.29,51.53,-94.53,1.1862,-0.5518,16.56,-7.7,-0.8,50.4,50.4,12.6,-0.12
3943,25.584,-8.0,9.956,25.83,-8.044,9.984,0.2518,-17.29,51.55,-94.59,1.1856,-0.5516,16.55,-7.7,-0.8,50.4,50.4,12.6,-0.12
3944,25.569,-8.0,9.956,25.815,-8.044,9.985,0.2519,-17.31,51.57,-94.66,1.185,-0.5513,16.55,-7.7,-0.8,50.4,50.4,12.6,-0.12
3945,25.554,-8.0,9.956,25.8,-8.044,9.985,0.2519,-17.31,51.61,-94.7,1.1844,-0.551,16.54,-7.69,-0.8,50.4,50.4,12.6,-0.12
3946,25.539,-8.0,9.956,25.785,-8.044,9.985,0.252,-17.34,51.64,-94.77,1.1838,-0.5508,16.53,-7.69,-0.8,50.4,50.4,12.6,-0.12
3947,25.524,-8.0,9.956,25.77,-8.044,9.985,0.252,-17.34,51.66,-94.81,1.1832,-0.5505,16.52,-7.69,-0.8,50.4,50.4,12.6,-0.12
3948,25.509,-8.0,9.956,25.756,-8.044,9.985,0.2521,-17.34,51.68,-94.88,1.1826,-0.5502,16.51,-7.68,-0.8,50.4,50.4,12.6,-0.11
3949,25.494,-8.0,9.956,25.741,-8.044,9.986,0.2522,-17.36,51.72,-94.92,1.182,-0.55,16.5,-7.68,-0.8,50.4,50.4,12.6,-0.11
3950,25.479,-8.0,9.956,25.726,-8.044,9.986,0.2522,-17.36,51.75,-94.99,1.1814,-0.5497,16.5,-7.68,-0.81,50.4,50.4,12.6,-0.12
3951,25.464,-8.0,9.956,25.711,-8.044,9.986,0.2523,-17.38,51.77,-95.03,1.1808,-0.5495,16.49,-7.67,-0.81,50.4,50.4,12.6,-0.12
3952,25.449,-8.0,9.956,25.696,-8.044,9.986,0.2523,-17.38,51.81,-95.1,1.1802,-0.5492,16.48,-7.67,-0.81,50.4,50.4,12.6,-0.12
3953,25.434,-8.0,9.956,25.681,-8.044,9.986,0.2524,-17.4,51.83,-95.14,1.1796,-0.5489,16.47,-7.66,-0.81,50.4,50.4,12.6,-0.12
3954,25.419,-8.0,9.956,25.666,-8.044,9.987,0.2524,-17.4,51.86,-95.21,1.179,-0.5487,16.46,-7.66,-0.81,50.4,50.4,12.6,-0.12
3955,25.404,-8.0,9.956,25.651,-8.044,9.987,0.2525,-17.4,51.88,-95.25,1.1784,-0.5484,16.45,-7.66,-0.81,50.4,50.4,12.6,-0.12
3956,25.389,-8.0,9.956,25.636,-8.045,9.987,0.2525,-17.42,51.92,-95.32,1.1778,-0.5482,16.45,-7.65,-0.81,50.4,50.4,12.6,-0.12
3957,25.374,-8.0,9.956,25.621,-8.045,9.987,0.2526,-17.42,51.94,-95.36,1.1773,-0.5479,16.44,-7.65,-0.81,50.4,50.4,12.6,-0.12
3958,25.359,-8.0,9.956,25.606,-8.045,9.987,0.2527,-17.45,51.97,-95.43,1.1767,-0.5476,16.43,-7.65,-0.81,50.4,50.4,12.6,-0.12
3959,25.344,-8.0,9.955,25.591,-8.045,9.988,0.2527,-17.45,51.99,-95.47,1.1761,-0.5474,16.42,-7.64,-0.81,50.4,50.4,12.6,-0.12
3960,25.33,-8.0,9.955,25.576,-8.045,9.988,0.2528,-17.47,52.03,-95.54,1.1755,-0.5471,16.41,-7.64,-0.81,50.4,50.4,12.6,-0.12
3961,25.315,-8.0,9.955,25.561,-8.045,9.988,0.2528,-17.47,52.05,-95.58,1.1749,-0.5469,16.4,-7.64,-0.81,50.4,50.4,12.6,-0.11
3962,25.3,-8.0,9.955,25.546,-8.045,9.988,0.2529,-17.49,52.08,-95.65,1.1743,-0.5466,16.4,-7.63,-0.82,50.4,50.4,12.6,-0.11
3963,25.285,-8.0,9.955,25.531,-8.045,9.991,0.2531,-17.49,52.12,-95.69,1.1683,-0.5464,16.31,-7.63,-0.82,50.4,50.4,12.6,-0.11
3964,25.27,-8.0,9.955,25.516,-8.045,9.993,0.2533,-17.49,52.14,-95.76,1.1632,-0.5461,16.24,-7.63,-0.82,50.4,50.4,12.6,-0.12
3965,25.255,-8.0,9.955,25.501,-8.045,9.993,0.2533,-17.51,52.19,-95.8,1.1621,-0.5459,16.23,-7.62,-0.82,50.4,50.4,12.6,-0.12
3966,25.24,-8.0,9.955,25.486,-8.045,9.99,0.2532,-17.51,52.21,-95.87,1.1667,-0.5456,16.29,-7.62,-0.82,50.4,50.4,12.6,-0.12
3967,25.225,-8.0,9.955,25.471,-8.045,9.991,0.2533,-17.53,52.23,-95.91,1.1653,-0.5454,16.27,-7.61,-0.82,50.4,50.4,12.6,-0.12
3968,25.21,-8.0,9.955,25.457,-8.045,9.991,0.2533,-17.53,52.25,-95.98,1.1647,-0.5451,16.26,-7.61,-0.82,50.4,50.4,12.6,-0.12
3969,25.195,-8.0,9.955,25.442,-8.045,9.991,0.2534,-17.56,52.27,-96.02,1.1641,-0.5449,16.25,-7.61,-0.82,50.4,50.4,12.6,-0.11
3970,25.18,-8.0,9.955,25.427,-8.045,9.991,0.2534,-17.56,52.32,-96.09,1.1635,-0.5446,16.25,-7.6,-0.82,50.4,50.4,12.6,-0.11
3971,25.165,-8.0,9.955,25.412,-8.045,9.991,0.2535,-17.58,52.34,-96.13,1.163,-0.5444,16.24,-7.6,-0.82,50.4,50.4,12.6,-0.11
3972,25.15,-8.0,9.955,25.397,-8.045,9.991,0.2535,-17.58,52.36,-96.2,1.1624,-0.5441,16.23,-7.6,-0.82,50.4,50.4,12.6,-0.11
3973,25.135,-8.0,9.955,25.382,-8.045,9.991,0.2536,-17.58,52.38,-96.24,1.1618,-0.5439,16.22,-7.59,-0.82,50.4,50.4,12.6,-0.11
3974,25.12,-8.0,9.955,25.367,-8.045,9.991,0.2536,-17.6,52.43,-96.31,1.1612,-0.5436,16.21,-7.59,-0.83,50.4,50.4,12.6,-0.11
3975,25.105,-8.0,9.955,25.352,-8.045,9.988,0.2535,-17.6,52.45,-96.35,1.1664,-0.5434,16.29,-7.59,-0.83,50.4,50.4,12.6,-0.11
3976,25.09,-8.0,9.955,25.337,-8.045,9.99,0.2537,-17.62,52.47,-96.42,1.1632,-0.5431,16.24,-7.58,-0.83,50.4,50.4,12.6,-0.11
3977,25.075,-8.0,9.955,25.322,-8.045,9.992,0.2539,-17.62,52.49,-96.46,1.1575,-0.5429,16.16,-7.58,-0.83,50.4,50.4,12.6,-0.11
3978,25.06,-8.0,9.955,25.307,-8.045,9.994,0.2541,-17.64,52.54,-96.53,1.1524,-0.5427,16.09,-7.58,-0.83,50.4,50.4,12.6,-0.11
3979,25.045,-8.0,9.955,25.292,-8.046,9.992,0.2539,-17.64,52.56,-96.57,1.1572,-0.5424,16.16,-7.57,-0.83,50.4,50.4,12.6,-0.11
3980,25.03,-8.0,9.955,25.277,-8.046,9.991,0.2539,-17.67,52.58,-96.64,1.158,-0.5422,16.17,-7.57,-0.83,50.4,50.4,12.6,-0.11
3981,25.015,-8.0,9.955,25.262,-8.046,9.991,0.254,-17.67,52.6,-96.68,1.1571,-0.5419,16.16,-7.57,-0.83,50.4,50.4,12.6,-0.11
3982,25.0,-8.0,9.955,25.248,-8.046,9.991,0.254,-17.67,52.65,-96.75,1.1565,-0.5417,16.15,-7.56,-0.83,50.4,50.4,12.6,-0.11
3983,24.985,-8.0,9.955,25.233,-8.046,9.991,0.2541,-17.69,52.67,-96.79,1.1559,-0.5415,16.14,-7.56,-0.83,50.4,50.4,12.6,-0.11
3984,24.97,-8.0,9.955,25.218,-8.046,9.991,0.2541,-17.69,52.69,-96.86,1.1553,-0.5412,16.13,-7.56,-0.83,50.4,50.4,12.6,-0.11
3985,24.955,-8.0,9.955,25.203,-8.046,9.991,0.2542,-17.71,52.71,-96.9,1.1547,-0.541,16.12,-7.55,-0.83,50.4,50.4,12.6,-0.11
3986,24.94,-8.0,9.955,25.188,-8.046,9.991,0.2542,-17.71,52.76,-96.97,1.1541,-0.5407,16.11,-7.55,-0.84,50.4,50.4,12.6,-0.11
3987,24.925,-8.0,9.955,25.173,-8.046,9.991,0.2543,-17.73,52.78,-97.01,1.1535,-0.5405,16.11,-7.55,-0.84,50.4,50.4,12.6,-0.11
3988,24.91,-8.0,9.955,25.158,-8.046,9.99,0.2543,-17.73,52.8,-97.08,1.1547,-0.5403,16.12,-7.54,-0.84,50.4,50.4,12.6,-0.11
3989,24.895,-8.0,9.955,25.143,-8.046,9.988,0.2542,-17.75,52.82,-97.12,1.1592,-0.54,16.19,-7.54,-0.84,50.4,50.4,12.6,-0.1
3990,24.88,-8.0,9.955,25.128,-8.046,9.991,0.2544,-17.75,52.87,-97.19,1.1524,-0.5398,16.09,-7.54,-0.84,50.4,50.4,12.6,-0.11
3991,24.866,-8.0,9.955,25.113,-8.046,9.993,0.2546,-17.78,52.89,-97.23,1.1473,-0.5396,16.02,-7.53,-0.84,50.4,50.4,12.6,-0.11
3992,24.851,-8.0,9.955,25.098,-8.046,9.994,0.2547,-17.78,52.91,-97.29,1.1444,-0.5393,15.98,-7.53,-0.84,50.4,50.4,12.6,-0.11
3993,24.836,-8.0,9.955,25.083,-8.046,9.991,0.2546,-17.78,52.93,-97.34,1.1502,-0.5391,16.06,-7.53,-0.84,50.4,50.4,12.6,-0.11
3994,24.821,-8.0,9.955,25.068,-8.046,9.991,0.2546,-17.8,52.95,-97.4,1.1505,-0.5389,16.06,-7.52,-0.84,50.4,50.4,12.6,-0.11
3995,24.806,-8.0,9.955,25.053,-8.046,9.991,0.2547,-17.8,53.0,-97.45,1.1488,-0.5386,16.04,-7.52,-0.84,50.4,50.4,12.6,-0.11
3996,24.791,-8.0,9.955,25.038,-8.046,9.991,0.2547,-17.82,53.02,-97.51,1.1483,-0.5384,16.03,-7.52,-0.84,50.4,50.4,12.6,-0.11
3997,24.776,-8.0,9.955,25.024,-8.046,9.991,0.2548,-17.82,53.04,-97.56,1.1477,-0.5382,16.03,-7.51,-0.85,50.4,50.4,12.6,-0.11
3998,24.761,-8.0,9.955,25.009,-8.046,9.991,0.2548,-17.84,53.06,-97.6,1.1471,-0.5379,16.02,-7.51,-0.85,50.4,50.4,12.6,-0.11
3999,24.746,-8.0,9.955,24.994,-8.046,9.991,0.2549,-17.84,53.11,-97.67,1.1466,-0.5377,16.01,-7.51,-0.85,50.4,50.4,12.6,-0.11
4000,24.731,-8.0,9.955,24.979,-8.047,9.991,0.2549,-17.86,53.13,-97.71,1.146,-0.5375,16.0,-7.5,-0.85,50.4,50.4,12.6,-0.11
4001,24.716,-8.0,9.955,24.964,-8.047,9.991,0.255,-17.86,53.15,-97.78,1.1454,-0.5372,15.99,-7.5,-0.85,50.4,50.4,12.6,-0.11
4002,24.701,-8.0,9.955,24.949,-8.047,9.989,0.2548,-17.89,53.17,-97.82,1.1504,-0.537,16.06,-7.5,-0.85,50.4,50.4,12.6,-0.11
4003,24.686,-8.0,9.955,24.934,-8.047,9.99,0.2549,-17.89,53.2,-97.89,1.1483,-0.5368,16.03,-7.49,-0.85,50.4,50.4,12.6,-0.1
4004,24.671,-8.0,9.955,24.919,-8.047,9.992,0.2552,-17.89,53.24,-97.93,1.1425,-0.5366,15.95,-7.49,-0.85,50.4,50.4,12.6,-0.11
4005,24.656,-8.0,9.955,24.904,-8.047,9.994,0.2554,-17.91,53.26,-98.0,1.1373,-0.5363,15.88,-7.49,-0.85,50.4,50.4,12.6,-0.11
4006,24.641,-8.0,9.955,24.889,-8.047,9.993,0.2553,-17.91,53.31,-98.04,1.1391,-0.5361,15.91,-7.49,-0.85,50.4,50.4,12.6,-0.11
4007,24.626,-8.0,9.955,24.874,-8.047,9.991,0.2552,-17.93,53.33,-98.11,1.1426,-0.5359,15.95,-7.48,-0.85,50.4,50.4,12.6,-0.11
4008,24.611,-8.0,9.955,24.859,-8.047,9.992,0.2553,-17.93,53.35,-98.15,1.1413,-0.5357,15.94,-7.48,-0.86,50.4,50.4,12.6,-0.11
4009,24.596,-8.0,9.955,24.844,-8.047,9.992,0.2553,-17.95,53.37,-98.22,1.1408,-0.5354,15.93,-7.48,-0.86,50.4,50.4,12.6,-0.11
4010,24.581,-8.0,9.955,24.829,-8.047,9.992,0.2554,-17.95,53.39,-98.26,1.1402,-0.5352,15.92,-7.47,-0.86,50.4,50.4,12.6,-0.11
4011,24.566,-8.0,9.955,24.814,-8.047,9.992,0.2554,-17.97,53.44,-98.31,1.1396,-0.535,15.91,-7.47,-0.86,50.4,50.4,12.6,-0.11
4012,24.551,-8.0,9.955,24.8,-8.047,9.992,0.2555,-17.97,53.46,-98.37,1.139,-0.5348,15.9,-7.47,-0.86,50.4,50.4,12.6,-0.11
4013,24.536,-8.0,9.954,24.785,-8.047,9.992,0.2555,-18.0,53.48,-98.42,1.1385,-0.5345,15.9,-7.46,-0.86,50.4,50.4,12.6,-0.11
4014,24.521,-8.0,9.954,24.77,-8.047,9.992,0.2556,-18.0,53.5,-98.48,1.1379,-0.5343,15.89,-7.46,-0.86,50.4,50.4,12.6,-0.11
4015,24.506,-8.0,9.954,24.755,-8.047,9.992,0.2556,-18.02,53.53,-98.53,1.1373,-0.5341,15.88,-7.46,-0.86,50.4,50.4,12.6,-0.11
4016,24.491,-8.0,9.954,24.74,-8.047,9.989,0.2555,-18.02,53.55,-98.59,1.1426,-0.5339,15.95,-7.45,-0.86,50.4,50.4,12.6,-0.1
4017,24.476,-8.0,9.954,24.725,-8.047,9.99,0.2556,-18.04,53.59,-98.64,1.1403,-0.5337,15.92,-7.45,-0.86,50.4,50.4,12.6,-0.1
4018,24.461,-8.0,9.954,24.71,-8.047,9.992,0.2558,-18.04,53.61,-98.7,1.1345,-0.5334,15.84,-7.45,-0.86,50.4,50.4,12.6,-0.11
4019,24.446,-8.0,9.954,24.695,-8.047,9.994,0.256,-18.04,53.66,-98.75,1.1293,-0.5332,15.77,-7.45,-0.87,50.4,50.4,12.6,-0.11
4020,24.431,-8.0,9.954,24.68,-8.047,9.993,0.256,-18.06,53.68,-98.79,1.1305,-0.533,15.78,-7.44,-0.87,50.4,50.4,12.6,-0.11
4021,24.416,-8.0,9.954,24.665,-8.048,9.991,0.2559,-18.06,53.7,-98.85,1.1346,-0.5328,15.84,-7.44,-0.87,50.4,50.4,12.6,-0.11
4022,24.402,-8.0,9.954,24.65,-8.048,9.992,0.256,-18.08,53.72,-98.9,1.1333,-0.5326,15.82,-7.44,-0.87,50.4,50.4,12.6,-0.11
4023,24.387,-8.0,9.954,24.635,-8.048,9.992,0.256,-18.08,53.75,-98.96,1.1327,-0.5324,15.82,-7.43,-0.87,50.4,50.4,12.6,-0.11
4024,24.372,-8.0,9.954,24.62,-8.048,9.992,0.2561,-18.11,53.77,-99.01,1.1321,-0.5321,15.81,-7.43,-0.87,50.4,50.4,12.6,-0.11
4025,24.357,-8.0,9.954,24.605,-8.048,9.992,0.2561,-18.11,53.81,-99.07,1.1316,-0.5319,15.8,-7.43,-0.87,50.4,50.4,12.6,-0.11
4026,24.342,-8.0,9.954,24.591,-8.048,9.992,0.2562,-18.13,53.83,-99.12,1.131,-0.5317,15.79,-7.42,-0.87,50.4,50.4,12.6,-0.11
4027,24.327,-8.0,9.954,24.576,-8.048,9.992,0.2562,-18.13,53.85,-99.18,1.1304,-0.5315,15.78,-7.42,-0.87,50.4,50.4,12.6,-0.11
4028,24.312,-8.0,9.954,24.561,-8.048,9.992,0.2563,-18.15,53.88,-99.23,1.1298,-0.5313,15.78,-7.42,-0.87,50.4,50.4,12.6,-0.11
4029,24.297,-8.0,9.954,24.546,-8.048,9.991,0.2562,-18.15,53.9,-99.27,1.1322,-0.5311,15.81,-7.42,-0.87,50.4,50.4,12.6,-0.1
4030,24.282,-8.0,9.954,24.531,-8.048,9.989,0.2562,-18.17,53.94,-99.34,1.1354,-0.5309,15.85,-7.41,-0.88,50.4,50.4,12.6,-0.1
4031,24.267,-8.0,9.954,24.516,-8.048,9.992,0.2564,-18.17,53.96,-99.38,1.1288,-0.5306,15.76,-7.41,-0.88,50.4,50.4,12.6,-0.1
4032,24.252,-8.0,9.954,24.501,-8.048,9.994,0.2566,-18.19,53.99,-99.45,1.1236,-0.5304,15.69,-7.41,-0.88,50.4,50.4,12.6,-0.1
4033,24.237,-8.0,9.954,24.486,-8.048,9.995,0.2568,-18.19,54.03,-99.49,1.1196,-0.5302,15.63,-7.4,-0.88,50.4,50.4,12.6,-0.1
4034,24.222,-8.0,9.954,24.471,-8.048,9.992,0.2566,-18.22,54.05,-99.56,1.1255,-0.53,15.71,-7.4,-0.88,50.4,50.4,12.6,-0.1
4035,24.207,-8.0,9.954,24.456,-8.048,9.991,0.2565,-18.22,54.07,-99.6,1.1283,-0.5298,15.75,-7.4,-0.88,50.4,50.4,12.6,-0.1
4036,24.192,-8.0,9.954,24.441,-8.048,9.992,0.2567,-18.22,54.1,-99.65,1.125,-0.5296,15.71,-7.39,-0.88,50.4,50.4,12.6,-0.1
4037,24.177,-8.0,9.954,24.426,-8.048,9.992,0.2567,-18.24,54.12,-99.71,1.1247,-0.5294,15.7,-7.39,-0.88,50.4,50.4,12.6,-0.1
4038,24.162,-8.0,9.954,24.411,-8.048,9.992,0.2568,-18.24,54.16,-99.76,1.1241,-0.5292,15.7,-7.39,-0.88,50.4,50.4,12.6,-0.1
4039,24.147,-8.0,9.954,24.396,-8.048,9.992,0.2568,-18.26,54.18,-99.82,1.1236,-0.529,15.69,-7.39,-0.88,50.4,50.4,12.6,-0.1
4040,24.132,-8.0,9.954,24.381,-8.048,9.992,0.2568,-18.26,54.21,-99.87,1.123,-0.5288,15.68,-7.38,-0.89,50.4,50.4,12.6,-0.1
4041,24.117,-8.0,9.954,24.367,-8.049,9.992,0.2569,-18.28,54.23,-99.91,1.1224,-0.5285,15.67,-7.38,-0.89,50.4,50.4,12.6,-0.1
4042,24.102,-8.0,9.954,24.352,-8.049,9.992,0.2569,-18.28,54.25,-99.98,1.1219,-0.5283,15.66,-7.38,-0.89,50.4,50.4,12.6,-0.1
4043,24.087,-8.0,9.954,24.337,-8.049,9.99,0.2568,-18.3,54.27,-100.02,1.1271,-0.5281,15.74,-7.37,-0.89,50.4,50.4,12.6,-0.1
4044,24.072,-8.0,9.954,24.322,-8.049,9.99,0.2569,-18.3,54.32,-100.09,1.1256,-0.5279,15.72,-7.37,-0.89,50.4,50.4,12.6,-0.09
4045,24.057,-8.0,9.954,24.307,-8.049,9.993,0.2571,-18.33,54.34,-100.13,1.1196,-0.5277,15.63,-7.37,-0.89,50.4,50.4,12.6,-0.1
4046,24.042,-8.0,9.954,24.292,-8.049,9.995,0.2573,-18.33,54.36,-100.2,1.1145,-0.5275,15.56,-7.37,-0.89,50.4,50.4,12.6,-0.1
4047,24.027,-8.0,9.954,24.277,-8.049,9.995,0.2574,-18.35,54.4,-100.24,1.113,-0.5273,15.54,-7.36,-0.89,50.4,50.4,12.6,-0.1
4048,24.012,-8.0,9.954,24.262,-8.049,9.992,0.2572,-18.35,54.43,-100.28,1.1185,-0.5271,15.62,-7.36,-0.89,50.4,50.4,12.6,-0.1
4049,23.997,-8.0,9.954,24.247,-8.049,9.992,0.2572,-18.37,54.45,-100.35,1.119,-0.5269,15.62,-7.36,-0.89,50.4,50.4,12.6,-0.1
4050,23.982,-8.0,9.954,24.232,-8.049,9.992,0.2573,-18.37,54.47,-100.39,1.1172,-0.5267,15.6,-7.35,-0.89,50.4,50.4,12.6,-0.1
4051,23.967,-8.0,9.954,24.217,-8.049,9.992,0.2574,-18.39,54.49,-100.46,1.1168,-0.5265,15.59,-7.35,-0.9,50.4,50.4,12.6,-0.1
4052,23.952,-8.0,9.954,24.202,-8.049,9.992,0.2574,-18.39,54.51,-100.5,1.1162,-0.5263,15.59,-7.35,-0.9,50.4,50.4,12.6,-0.1
4053,23.938,-8.0,9.954,24.187,-8.049,9.992,0.2575,-18.41,54.56,-100.55,1.1156,-0.5261,15.58,-7.35,-0.9,50.4,50.4,12.6,-0.1
4054,23.923,-8.0,9.954,24.172,-8.049,9.992,0.2575,-18.41,54.58,-100.61,1.1151,-0.5259,15.57,-7.34,-0.9,50.4,50.4,12.6,-0.1
4055,23.908,-8.0,9.954,24.157,-8.049,9.992,0.2576,-18.44,54.6,-100.66,1.1145,-0.5257,15.56,-7.34,-0.9,50.4,50.4,12.6,-0.1
4056,23.893,-8.0,9.954,24.143,-8.049,9.992,0.2576,-18.44,54.62,-100.72,1.1139,-0.5255,15.55,-7.34,-0.9,50.4,50.4,12.6,-0.1
4057,23.878,-8.0,9.954,24.128,-8.049,9.99,0.2575,-18.46,54.65,-100.77,1.1192,-0.5253,15.63,-7.33,-0.9,50.4,50.4,12.6,-0.09
4058,23.863,-8.0,9.954,24.113,-8.049,9.99,0.2576,-18.46,54.67,-100.81,1.1181,-0.5251,15.61,-7.33,-0.9,50.4,50.4,12.6,-0.09
4059,23.848,-8.0,9.954,24.098,-8.049,9.993,0.2578,-18.48,54.71,-100.88,1.1121,-0.5249,15.53,-7.33,-0.9,50.4,50.4,12.6,-0.1
4060,23.833,-8.0,9.954,24.083,-8.049,9.995,0.258,-18.48,54.73,-100.92,1.1069,-0.5247,15.46,-7.33,-0.9,50.4,50.4,12.6,-0.1
4061,23.818,-8.0,9.954,24.068,-8.049,9.995,0.2581,-18.5,54.78,-100.99,1.1039,-0.5245,15.41,-7.32,-0.91,50.4,50.4,12.6,-0.1
4062,23.803,-8.0,9.954,24.053,-8.05,9.993,0.2579,-18.5,54.8,-101.03,1.1097,-0.5243,15.49,-7.32,-0.91,50.4,50.4,12.6,-0.1
4063,23.788,-8.0,9.954,24.038,-8.05,9.991,0.2579,-18.52,54.82,-101.07,1.1124,-0.5241,15.53,-7.32,-0.91,50.4,50.4,12.6,-0.1
4064,23.773,-8.0,9.954,24.023,-8.05,9.992,0.258,-18.52,54.84,-101.14,1.1091,-0.5239,15.49,-7.32,-0.91,50.4,50.4,12.6,-0.1
4065,23.758,-8.0,9.954,24.008,-8.05,9.992,0.2581,-18.54,54.87,-101.18,1.1089,-0.5237,15.48,-7.31,-0.91,50.4,50.4,12.6,-0.1
4066,23.743,-8.0,9.954,23.993,-8.05,9.992,0.2581,-18.54,54.89,-101.25,1.1083,-0.5235,15.47,-7.31,-0.91,50.4,50.4,12.6,-0.1
4067,23.728,-8.0,9.954,23.978,-8.05,9.992,0.2582,-18.57,54.93,-101.29,1.1078,-0.5234,15.47,-7.31,-0.91,50.4,50.4,12.6,-0.1
4068,23.713,-8.0,9.954,23.963,-8.05,9.992,0.2582,-18.57,54.95,-101.34,1.1072,-0.5232,15.46,-7.3,-0.91,50.4,50.4,12.6,-0.1
4069,23.698,-8.0,9.954,23.948,-8.05,9.992,0.2583,-18.59,54.98,-101.4,1.1066,-0.523,15.45,-7.3,-0.91,50.4,50.4,12.6,-0.1
4070,23.683,-8.0,9.953,23.934,-8.05,9.991,0.2582,-18.59,55.0,-101.45,1.1105,-0.5228,15.51,-7.3,-0.91,50.4,50.4,12.6,-0.1
4071,23.668,-8.0,9.953,23.919,-8.05,9.99,0.2582,-18.61,55.02,-101.51,1.112,-0.5226,15.53,-7.3,-0.92,50.4,50.4,12.6,-0.09
4072,23.653,-8.0,9.953,23.904,-8.05,9.992,0.2584,-18.61,55.06,-101.56,1.1056,-0.5224,15.44,-7.29,-0.92,50.4,50.4,12.6,-0.09
4073,23.638,-8.0,9.953,23.889,-8.05,9.994,0.2586,-18.63,55.09,-101.6,1.1004,-0.5222,15.37,-7.29,-0.92,50.4,50.4,12.6,-0.1
4074,23.623,-8.0,9.953,23.873,-8.05,9.996,0.2588,-18.63,55.11,-101.67,1.0953,-0.522,15.29,-7.29,-0.92,50.4,50.4,12.6,-0.1
4075,23.608,-8.0,9.953,23.859,-8.05,9.993,0.2586,-18.65,55.13,-101.71,1.1014,-0.5218,15.38,-7.29,-0.92,50.4,50.4,12.6,-0.1
4076,23.593,-8.0,9.953,23.844,-8.05,9.991,0.2585,-18.65,55.15,-101.76,1.1057,-0.5216,15.44,-7.28,-0.92,50.4,50.4,12.6,-0.1
4077,23.578,-8.0,9.953,23.829,-8.05,9.992,0.2586,-18.68,55.17,-101.82,1.1022,-0.5214,15.39,-7.28,-0.92,50.4,50.4,12.6,-0.1
4078,23.563,-8.0,9.953,23.814,-8.05,9.992,0.2587,-18.68,55.22,-101.87,1.1015,-0.5213,15.38,-7.28,-0.92,50.4,50.4,12.6,-0.1
4079,23.548,-8.0,9.953,23.799,-8.05,9.992,0.2587,-18.7,55.24,-101.93,1.101,-0.5211,15.37,-7.28,-0.92,50.4,50.4,12.6,-0.1
4080,23.533,-8.0,9.953,23.784,-8.051,9.992,0.2588,-18.7,55.26,-101.98,1.1005,-0.5209,15.37,-7.27,-0.92,50.4,50.4,12.6,-0.1
4081,23.518,-8.0,9.953,23.769,-8.051,9.993,0.2588,-18.72,55.28,-102.02,1.0999,-0.5207,15.36,-7.27,-0.93,50.4,50.4,12.6,-0.1
4082,23.503,-8.0,9.953,23.754,-8.051,9.993,0.2589,-18.72,55.31,-102.08,1.0994,-0.5205,15.35,-7.27,-0.93,50.4,50.4,12.6,-0.1
4083,23.488,-8.0,9.953,23.739,-8.051,9.993,0.2589,-18.74,55.35,-102.13,1.0988,-0.5203,15.34,-7.26,-0.93,50.4,50.4,12.6,-0.1
4084,23.474,-8.0,9.953,23.725,-8.051,9.99,0.2588,-18.74,55.37,-102.17,1.1041,-0.5201,15.42,-7.26,-0.93,50.4,50.4,12.6,-0.09
4085,23.459,-8.0,9.953,23.71,-8.051,9.99,0.2589,-18.76,55.39,-102.24,1.1037,-0.5199,15.41,-7.26,-0.93,50.4,50.4,12.6,-0.09
4086,23.444,-8.0,9.953,23.695,-8.051,9.993,0.2591,-18.76,55.42,-102.28,1.0976,-0.5198,15.33,-7.26,-0.93,50.4,50.4,12.6,-0.1
4087,23.429,-8.0,9.953,23.679,-8.051,9.995,0.2593,-18.79,55.46,-102.35,1.0924,-0.5196,15.25,-7.25,-0.93,50.4,50.4,12.6,-0.1
4088,23.414,-8.0,9.953,23.664,-8.051,9.996,0.2595,-18.79,55.48,-102.39,1.0873,-0.5194,15.18,-7.25,-0.93,50.4,50.4,12.6,-0.1
4089,23.399,-8.0,9.953,23.65,-8.051,9.993,0.2593,-18.81,55.5,-102.44,1.0933,-0.5192,15.27,-7.25,-0.93,50.4,50.4,12.6,-0.1
4090,23.384,-8.0,9.953,23.635,-8.051,9.991,0.2592,-18.81,55.52,-102.5,1.0977,-0.519,15.33,-7.25,-0.94,50.4,50.4,12.6,-0.1
4091,23.369,-8.0,9.953,23.62,-8.051,9.993,0.2593,-18.83,55.55,-102.55,1.0945,-0.5188,15.28,-7.24,-0.94,50.4,50.4,12.6,-0.1
4092,23.354,-8.0,9.953,23.605,-8.051,9.993,0.2594,-18.83,55.57,-102.59,1.0937,-0.5187,15.27,-7.24,-0.94,50.4,50.4,12.6,-0.1
4093,23.339,-8.0,9.953,23.59,-8.051,9.993,0.2594,-18.85,55.61,-102.66,1.0933,-0.5185,15.26,-7.24,-0.94,50.4,50.4,12.6,-0.1
4094,23.324,-8.0,9.953,23.575,-8.051,9.993,0.2595,-18.85,55.63,-102.7,1.0927,-0.5183,15.26,-7.24,-0.94,50.4,50.4,12.6,-0.1
4095,23.309,-8.0,9.953,23.56,-8.051,9.993,0.2595,-18.87,55.66,-102.77,1.0921,-0.5181,15.25,-7.23,-0.94,50.4,50.4,12.6,-0.1
4096,23.294,-8.0,9.953,23.545,-8.051,9.993,0.2596,-18.87,55.68,-102.81,1.0916,-0.5179,15.24,-7.23,-0.94,50.4,50.4,12.6,-0.1
4097,23.279,-8.0,9.953,23.53,-8.051,9.992,0.2596,-18.9,55.7,-102.85,1.0922,-0.5178,15.25,-7.23,-0.94,50.4,50.4,12.6,-0.1
4098,23.264,-8.0,9.953,23.516,-8.052,9.99,0.2595,-18.9,55.72,-102.92,1.0973,-0.5176,15.32,-7.23,-0.94,50.4,50.4,12.6,-0.09
4099,23.249,-8.0,9.953,23.5,-8.052,9.992,0.2596,-18.92,55.77,-102.96,1.0926,-0.5174,15.26,-7.22,-0.95,50.4,50.4,12.6,-0.09
4100,23.234,-8.0,9.953,23.485,-8.052,9.994,0.2599,-18.92,55.79,-103.01,1.0872,-0.5172,15.18,-7.22,-0.95,50.4,50.4,12.6,-0.1
4101,23.219,-8.0,9.953,23.47,-8.052,9.996,0.2601,-18.94,55.81,-103.07,1.082,-0.517,15.11,-7.22,-0.95,50.4,50.4,12.6,-0.1
4102,23.204,-8.0,9.953,23.456,-8.052,9.994,0.2599,-18.94,55.83,-103.12,1.0863,-0.5169,15.17,-7.22,-0.95,50.4,50.4,12.6,-0.1
4103,23.189,-8.0,9.953,23.441,-8.052,9.993,0.2599,-18.96,55.85,-103.16,1.0882,-0.5167,15.19,-7.21,-0.95,50.4,50.4,12.6,-0.1
4104,23.174,-8.0,9.953,23.426,-8.052,9.993,0.2599,-18.96,55.9,-103.23,1.0872,-0.5165,15.18,-7.21,-0.95,50.4,50.4,12.6,-0.1
4105,23.159,-8.0,9.953,23.411,-8.052,9.993,0.26,-18.98,55.92,-103.27,1.0866,-0.5163,15.17,-7.21,-0.95,50.4,50.4,12.6,-0.1
4106,23.144,-8.0,9.953,23.396,-8.052,9.993,0.26,-18.98,55.94,-103.32,1.0861,-0.5162,15.16,-7.21,-0.95,50.4,50.4,12.6,-0.1
4107,23.129,-8.0,9.953,23.381,-8.052,9.993,0.2601,-19.01,55.96,-103.38,1.0855,-0.516,15.16,-7.2,-0.95,50.4,50.4,12.6,-0.1
4108,23.114,-8.0,9.953,23.366,-8.052,9.993,0.2601,-19.01,55.99,-103.43,1.085,-0.5158,15.15,-7.2,-0.95,50.4,50.4,12.6,-0.1
4109,23.099,-8.0,9.953,23.351,-8.052,9.993,0.2602,-19.03,56.01,-103.47,1.0844,-0.5156,15.14,-7.2,-0.96,50.4,50.4,12.6,-0.1
4110,23.084,-8.0,9.953,23.336,-8.052,9.993,0.2602,-19.03,56.05,-103.54,1.0839,-0.5155,15.13,-7.2,-0.96,50.4,50.4,12.6,-0.09
4111,23.069,-8.0,9.953,23.321,-8.052,9.99,0.2601,-19.05,56.07,-103.58,1.0891,-0.5153,15.21,-7.19,-0.96,50.4,50.4,12.6,-0.09
4112,23.054,-8.0,9.953,23.306,-8.052,9.99,0.2602,-19.05,56.1,-103.65,1.089,-0.5151,15.21,-7.19,-0.96,50.4,50.4,12.6,-0.08
4113,23.039,-8.0,9.953,23.291,-8.052,9.993,0.2604,-19.07,56.12,-103.69,1.0829,-0.5149,15.12,-7.19,-0.96,50.4,50.4,12.6,-0.09
4114,23.024,-8.0,9.953,23.276,-8.052,9.995,0.2606,-19.07,56.16,-103.73,1.0777,-0.5148,15.05,-7.19,-0.96,50.4,50.4,12.6,-0.09
4115,23.009,-8.0,9.953,23.261,-8.052,9.997,0.2608,-19.09,56.18,-103.8,1.0726,-0.5146,14.98,-7.19,-0.96,50.4,50.4,12.6,-0.09
4116,22.995,-8.0,9.953,23.246,-8.052,9.994,0.2606,-19.12,56.21,-103.84,1.0786,-0.5144,15.06,-7.18,-0.96,50.4,50.4,12.6,-0.09
4117,22.98,-8.0,9.953,23.232,-8.053,9.992,0.2605,-19.12,56.23,-103.89,1.0822,-0.5142,15.11,-7.18,-0.96,50.4,50.4,12.6,-0.09
4118,22.965,-8.0,9.953,23.217,-8.053,9.993,0.2606,-19.14,56.25,-103.95,1.0792,-0.5141,15.07,-7.18,-0.97,50.4,50.4,12.6,-0.09
4119,22.95,-8.0,9.953,23.202,-8.053,9.993,0.2607,-19.14,56.27,-104.0,1.0789,-0.5139,15.06,-7.18,-0.97,50.4,50.4,12.6,-0.09
4120,22.935,-8.0,9.953,23.187,-8.053,9.993,0.2607,-19.16,56.29,-104.04,1.0784,-0.5137,15.06,-7.17,-0.97,50.4,50.4,12.6,-0.09
4121,22.92,-8.0,9.953,23.172,-8.053,9.993,0.2608,-19.16,56.34,-104.11,1.0778,-0.5136,15.05,-7.17,-0.97,50.4,50.4,12.6,-0.09
4122,22.905,-8.0,9.953,23.157,-8.053,9.993,0.2608,-19.18,56.36,-104.15,1.0773,-0.5134,15.04,-7.17,-0.97,50.4,50.4,12.6,-0.09
4123,22.89,-8.0,9.953,23.142,-8.053,9.993,0.2609,-19.18,56.38,-104.19,1.0767,-0.5132,15.03,-7.17,-0.97,50.4,50.4,12.6,-0.09
4124,22.875,-8.0,9.953,23.127,-8.053,9.993,0.2609,-19.2,56.4,-104.26,1.0762,-0.5131,15.03,-7.16,-0.97,50.4,50.4,12.6,-0.09
4125,22.86,-8.0,9.953,23.112,-8.053,9.991,0.2608,-19.2,56.43,-104.3,1.0814,-0.5129,15.1,-7.16,-0.97,50.4,50.4,12.6,-0.08
4126,22.845,-8.0,9.953,23.097,-8.053,9.991,0.2608,-19.23,56.45,-104.35,1.0814,-0.5127,15.1,-7.16,-0.97,50.4,50.4,12.6,-0.08
4127,22.83,-8.0,9.953,23.082,-8.053,9.993,0.2611,-19.23,56.49,-104.41,1.0752,-0.5126,15.01,-7.16,-0.98,50.4,50.4,12.6,-0.09
4128,22.815,-8.0,9.953,23.067,-8.053,9.995,0.2613,-19.25,56.51,-104.46,1.07,-0.5124,14.94,-7.15,-0.98,50.4,50.4,12.6,-0.09
4129,22.8,-8.0,9.953,23.052,-8.053,9.997,0.2615,-19.25,56.54,-104.5,1.0649,-0.5122,14.87,-7.15,-0.98,50.4,50.4,12.6,-0.09
4130,22.785,-8.0,9.952,23.037,-8.053,9.994,0.2613,-19.27,56.56,-104.57,1.071,-0.5121,14.95,-7.15,-0.98,50.4,50.4,12.6,-0.09
4131,22.77,-8.0,9.952,23.023,-8.053,9.992,0.2612,-19.27,56.58,-104.61,1.0745,-0.5119,15.0,-7.15,-0.98,50.4,50.4,12.6,-0.09
4132,22.755,-8.0,9.952,23.008,-8.053,9.993,0.2613,-19.29,56.6,-104.66,1.0716,-0.5117,14.96,-7.14,-0.98,50.4,50.4,12.6,-0.09
4133,22.74,-8.0,9.952,22.993,-8.053,9.993,0.2613,-19.31,56.65,-104.72,1.0713,-0.5116,14.96,-7.14,-0.98,50.4,50.4,12.6,-0.09
4134,22.725,-8.0,9.952,22.978,-8.053,9.993,0.2614,-19.31,56.67,-104.77,1.0707,-0.5114,14.95,-7.14,-0.98,50.4,50.4,12.6,-0.09
4135,22.71,-8.0,9.952,22.963,-8.053,9.993,0.2614,-19.34,56.69,-104.81,1.0702,-0.5112,14.94,-7.14,-0.98,50.4,50.4,12.6,-0.09
4136,22.695,-8.0,9.952,22.948,-8.054,9.993,0.2615,-19.34,56.71,-104.85,1.0696,-0.5111,14.94,-7.14,-0.99,50.4,50.4,12.6,-0.09
4137,22.68,-8.0,9.952,22.933,-8.054,9.993,0.2615,-19.36,56.73,-104.92,1.0691,-0.5109,14.93,-7.13,-0.99,50.4,50.4,12.6,-0.09
4138,22.665,-8.0,9.952,22.918,-8.054,9.992,0.2615,-19.36,56.76,-104.96,1.0713,-0.5107,14.96,-7.13,-0.99,50.4,50.4,12.6,-0.09
4139,22.65,-8.0,9.952,22.903,-8.054,9.991,0.2614,-19.38,56.78,-105.01,1.0747,-0.5106,15.01,-7.13,-0.99,50.4,50.4,12.6,-0.08
4140,22.635,-8.0,9.952,22.888,-8.054,9.993,0.2617,-19.38,56.82,-105.07,1.0683,-0.5104,14.92,-7.13,-0.99,50.4,50.4,12.6,-0.08
4141,22.62,-8.0,9.952,22.873,-8.054,9.995,0.2619,-19.4,56.84,-105.12,1.0631,-0.5102,14.84,-7.12,-0.99,50.4,50.4,12.6,-0.09
4142,22.605,-8.0,9.952,22.858,-8.054,9.996,0.2621,-19.4,56.87,-105.16,1.0588,-0.5101,14.78,-7.12,-0.99,50.4,50.4,12.6,-0.09
4143,22.59,-8.0,9.952,22.843,-8.054,9.994,0.2619,-19.42,56.89,-105.23,1.0648,-0.5099,14.87,-7.12,-0.99,50.4,50.4,12.6,-0.09
4144,22.575,-8.0,9.952,22.828,-8.054,9.992,0.2618,-19.42,56.91,-105.27,1.068,-0.5098,14.91,-7.12,-0.99,50.4,50.4,12.6,-0.09
4145,22.56,-8.0,9.952,22.813,-8.054,9.993,0.2619,-19.45,56.95,-105.31,1.0644,-0.5096,14.86,-7.12,-1.0,50.4,50.4,12.6,-0.09
4146,22.545,-8.0,9.952,22.798,-8.054,9.993,0.262,-19.47,56.98,-105.38,1.0642,-0.5094,14.86,-7.11,-1.0,50.4,50.4,12.6,-0.09
4147,22.53,-8.0,9.952,22.784,-8.054,9.993,0.262,-19.47,57.0,-105.42,1.0637,-0.5093,14.85,-7.11,-1.0,50.4,50.4,12.6,-0.09
4148,22.516,-8.0,9.952,22.769,-8.054,9.993,0.2621,-19.49,57.02,-105.47,1.0631,-0.5091,14.84,-7.11,-1.0,50.4,50.4,12.6,-0.09
4149,22.501,-8.0,9.952,22.754,-8.054,9.993,0.2621,-19.49,57.04,-105.53,1.0626,-0.509,14.84,-7.11,-1.0,50.4,50.4,12.6,-0.09
4150,22.486,-8.0,9.952,22.739,-8.054,9.993,0.2622,-19.51,57.06,-105.58,1.062,-0.5088,14.83,-7.1,-1.0,50.4,50.4,12.6,-0.09
4151,22.471,-8.0,9.952,22.724,-8.054,9.993,0.2622,-19.51,57.08,-105.62,1.0615,-0.5086,14.82,-7.1,-1.0,50.4,50.4,12.6,-0.09
4152,22.456,-8.0,9.952,22.709,-8.054,9.991,0.2621,-19.53,57.11,-105.69,1.0668,-0.5085,14.89,-7.1,-1.0,50.4,50.4,12.6,-0.08
4153,22.441,-8.0,9.952,22.694,-8.055,9.991,0.2621,-19.53,57.15,-105.73,1.0667,-0.5083,14.89,-7.1,-1.01,50.4,50.4,12.6,-0.08
4154,22.426,-8.0,9.952,22.679,-8.055,9.993,0.2624,-19.56,57.17,-105.78,1.0605,-0.5082,14.81,-7.1,-1.01,50.4,50.4,12.6,-0.09
4155,22.411,-8.0,9.952,22.664,-8.055,9.995,0.2626,-19.56,57.19,-105.82,1.0554,-0.508,14.74,-7.09,-1.01,50.4,50.4,12.6,-0.09
4156,22.396,-8.0,9.952,22.649,-8.055,9.997,0.2628,-19.58,57.24,-105.89,1.0502,-0.5079,14.66,-7.09,-1.01,50.4,50.4,12.6,-0.09
4157,22.381,-8.0,9.952,22.634,-8.055,9.994,0.2626,-19.6,57.24,-105.93,1.0563,-0.5077,14.75,-7.09,-1.01,50.4,50.4,12.6,-0.09
4158,22.366,-8.0,9.952,22.619,-8.055,9.992,0.2625,-19.6,57.26,-105.97,1.06,-0.5076,14.8,-7.09,-1.01,50.4,50.4,12.6,-0.09
4159,22.351,-8.0,9.952,22.604,-8.055,9.993,0.2626,-19.62,57.3,-106.04,1.0569,-0.5074,14.76,-7.08,-1.01,50.4,50.4,12.6,-0.09
4160,22.336,-8.0,9.952,22.589,-8.055,9.993,0.2626,-19.62,57.33,-106.08,1.0567,-0.5072,14.75,-7.08,-1.01,50.4,50.4,12.6,-0.09
4161,22.321,-8.0,9.952,22.574,-8.055,9.993,0.2627,-19.64,57.35,-106.13,1.0561,-0.5071,14.75,-7.08,-1.01,50.4,50.4,12.6,-0.09
4162,22.306,-8.0,9.952,22.56,-8.055,9.993,0.2627,-19.64,57.37,-106.19,1.0556,-0.5069,14.74,-7.08,-1.02,50.4,50.4,12.6,-0.09
4163,22.291,-8.0,9.952,22.545,-8.055,9.993,0.2628,-19.67,57.39,-106.24,1.055,-0.5068,14.73,-7.08,-1.02,50.4,50.4,12.6,-0.09
4164,22.276,-8.0,9.952,22.53,-8.055,9.993,0.2628,-19.67,57.41,-106.28,1.0545,-0.5066,14.72,-7.07,-1.02,50.4,50.4,12.6,-0.09
4165,22.261,-8.0,9.952,22.515,-8.055,9.993,0.2629,-19.69,57.46,-106.33,1.054,-0.5065,14.72,-7.07,-1.02,50.4,50.4,12.6,-0.09
4166,22.246,-8.0,9.952,22.498,-8.059,9.995,0.2625,-19.71,57.48,-106.39,1.048,-0.5057,14.63,-7.06,-0.89,50.4,50.4,12.6,-0.23
4167,22.231,-8.0,9.952,22.479,-8.068,9.997,0.2612,-19.73,57.5,-106.44,1.0428,-0.5034,14.56,-7.03,-0.57,50.4,50.4,12.6,-0.59
4168,22.216,-8.0,9.952,22.462,-8.073,9.998,0.2602,-19.78,57.55,-106.5,1.0377,-0.5005,14.49,-6.99,-0.38,50.4,50.4,12.6,-0.82
4169,22.201,-8.0,9.952,22.446,-8.073,9.999,0.2596,-19.78,57.57,-106.55,1.0325,-0.4977,14.42,-6.95,-0.38,50.4,50.4,12.6,-0.82
4170,22.187,-8.0,9.952,22.431,-8.073,9.999,0.259,-19.8,57.59,-106.59,1.0274,-0.4949,14.35,-6.91,-0.37,50.4,50.4,12.6,-0.82
4171,22.172,-8.0,9.952,22.415,-8.072,10.0,0.2584,-19.8,57.63,-106.66,1.0223,-0.4921,14.27,-6.87,-0.37,50.4,50.4,12.6,-0.82
4172,22.157,-8.0,9.952,22.4,-8.072,10.001,0.2578,-19.82,57.66,-106.7,1.0171,-0.4893,14.2,-6.83,-0.37,50.4,50.4,12.6,-0.81
4173,22.142,-8.0,9.952,22.384,-8.072,10.001,0.2572,-19.84,57.68,-106.74,1.012,-0.4865,14.13,-6.79,-0.36,50.4,50.4,12.6,-0.81
4174,22.128,-8.0,9.952,22.369,-8.072,10.002,0.2566,-19.84,57.7,-106.81,1.0068,-0.4837,14.06,-6.75,-0.36,50.4,50.4,12.6,-0.81
4175,22.113,-8.0,9.952,22.354,-8.072,10.002,0.256,-19.86,57.72,-106.85,1.0017,-0.4809,13.99,-6.71,-0.35,50.4,50.4,12.6,-0.81
4176,22.099,-8.0,9.952,22.339,-8.072,10.003,0.2554,-19.86,57.77,-106.9,0.9965,-0.4781,13.91,-6.68,-0.35,50.4,50.4,12.6,-0.81
4177,22.084,-8.0,9.952,22.323,-8.072,10.003,0.2548,-19.89,57.79,-106.96,0.9914,-0.4753,13.84,-6.64,-0.35,50.4,50.4,12.6,-0.81
4178,22.07,-8.0,9.952,22.308,-8.072,10.003,0.2541,-19.89,57.81,-107.01,0.9863,-0.4725,13.77,-6.6,-0.34,50.4,50.4,12.6,-0.81
4179,22.056,-8.0,9.952,22.293,-8.072,10.003,0.2534,-19.91,57.83,-107.05,0.9811,-0.4697,13.7,-6.56,-0.34,50.4,50.4,12.6,-0.81
4180,22.041,-8.0,9.952,22.278,-8.072,10.003,0.2528,-19.91,57.85,-107.12,0.976,-0.4669,13.63,-6.52,-0.34,50.4,50.4,12.6,-0.8
4181,22.027,-8.0,9.952,22.263,-8.072,10.003,0.2521,-19.93,57.9,-107.16,0.9709,-0.4642,13.56,-6.48,-0.33,50.4,50.4,12.6,-0.8
4182,22.013,-8.0,9.952,22.248,-8.071,10.003,0.2514,-19.95,57.92,-107.2,0.9657,-0.4614,13.48,-6.44,-0.33,50.4,50.4,12.6,-0.81
4183,21.999,-8.0,9.952,22.234,-8.071,10.003,0.2507,-19.95,57.94,-107.25,0.9606,-0.4586,13.41,-6.4,-0.33,50.4,50.4,12.6,-0.8
4184,21.985,-8.0,9.952,22.219,-8.071,10.002,0.25,-19.97,57.96,-107.31,0.9555,-0.4558,13.34,-6.36,-0.32,50.4,50.4,12.6,-0.8
4185,21.971,-8.0,9.952,22.204,-8.071,10.002,0.2493,-19.97,57.99,-107.36,0.9503,-0.4531,13.27,-6.33,-0.32,50.4,50.4,12.6,-0.8
4186,21.957,-8.0,9.952,22.189,-8.071,10.001,0.2485,-20.0,58.01,-107.4,0.9452,-0.4503,13.2,-6.29,-0.32,50.4,50.4,12.6,-0.8
4187,21.943,-8.0,9.952,22.175,-8.071,9.996,0.2473,-20.0,58.03,-107.45,0.9513,-0.4476,13.28,-6.25,-0.31,50.4,50.4,12.6,-0.8
4188,21.929,-8.0,9.952,22.161,-8.071,9.992,0.2462,-20.02,58.03,-107.51,0.9557,-0.4448,13.34,-6.21,-0.31,50.4,50.4,12.6,-0.8
4189,21.915,-8.0,9.952,22.147,-8.071,9.988,0.2452,-20.02,58.05,-107.56,0.9601,-0.442,13.41,-6.17,-0.31,50.4,50.4,12.6,-0.8
4190,21.901,-8.0,9.952,22.132,-8.071,9.984,0.2442,-20.04,58.07,-107.6,0.9646,-0.4393,13.47,-6.13,-0.3,50.4,50.4,12.6,-0.8
4191,21.887,-8.0,9.952,22.118,-8.071,9.981,0.2434,-20.04,58.07,-107.64,0.969,-0.4365,13.53,-6.1,-0.3,50.4,50.4,12.6,-0.8
4192,21.874,-8.0,9.952,22.104,-8.071,9.977,0.2426,-20.06,58.1,-107.69,0.9734,-0.4338,13.59,-6.06,-0.3,50.4,50.4,12.6,-0.8
4193,21.86,-8.0,9.952,22.09,-8.071,9.974,0.2418,-20.06,58.12,-107.75,0.9779,-0.431,13.65,-6.02,-0.29,50.4,50.4,12.6,-0.8
4194,21.846,-8.0,9.952,22.076,-8.071,9.971,0.2411,-20.08,58.14,-107.8,0.9823,-0.4283,13.72,-5.98,-0.29,50.4,50.4,12.6,-0.79
4195,21.833,-8.0,9.952,22.062,-8.071,9.968,0.2404,-20.1,58.14,-107.84,0.9867,-0.4256,13.78,-5.94,-0.29,50.4,50.4,12.6,-0.78
4196,21.819,-8.0,9.951,22.048,-8.071,9.965,0.2397,-20.1,58.16,-107.89,0.9912,-0.4228,13.84,-5.9,-0.28,50.4,50.4,12.6,-0.79
4197,21.806,-8.0,9.951,22.034,-8.071,9.962,0.2391,-20.13,58.18,-107.93,0.9956,-0.4201,13.9,-5.87,-0.28,50.4,50.4,12.6,-0.79
4198,21.792,-8.0,9.951,22.02,-8.071,9.96,0.2385,-20.13,58.21,-107.97,1.0,-0.4174,13.96,-5.83,-0.28,50.4,50.4,12.6,-0.79
4199,21.779,-8.0,9.951,22.006,-8.071,9.959,0.2378,-20.15,58.23,-108.04,0.9996,-0.4146,13.96,-5.79,-0.27,50.4,50.4,12.6,-0.79
4200,21.766,-8.0,9.951,21.992,-8.071,9.96,0.2371,-20.15,58.25,-108.08,0.9975,-0.4119,13.93,-5.75,-0.27,50.4,50.4,12.6,-0.79
4201,21.753,-8.0,9.951,21.978,-8.071,9.96,0.2364,-20.17,58.27,-108.13,0.9957,-0.4092,13.9,-5.71,-0.26,50.4,50.4,12.6,-0.79
4202,21.739,-8.0,9.951,21.964,-8.071,9.96,0.2358,-20.17,58.29,-108.17,0.994,-0.4064,13.88,-5.68,-0.26,50.4,50.4,12.6,-0.79
4203,21.726,-8.0,9.951,21.95,-8.071,9.96,0.2351,-20.19,58.32,-108.22,0.9922,-0.4037,13.85,-5.64,-0.26,50.4,50.4,12.6,-0.79
4204,21.713,-8.0,9.951,21.936,-8.071,9.96,0.2344,-20.19,58.34,-108.26,0.9904,-0.401,13.83,-5.6,-0.25,50.4,50.4,12.6,-0.79
4205,21.7,-8.0,9.951,21.923,-8.07,9.96,0.2337,-20.21,58.36,-108.3,0.9887,-0.3983,13.8,-5.56,-0.25,50.4,50.4,12.6,-0.79
4206,21.687,-8.0,9.951,21.909,-8.07,9.96,0.233,-20.21,58.38,-108.35,0.9869,-0.3956,13.78,-5.52,-0.25,50.4,50.4,12.6,-0.79
4207,21.674,-8.0,9.951,21.895,-8.07,9.96,0.2323,-20.24,58.4,-108.39,0.9851,-0.3929,13.76,-5.49,-0.24,50.4,50.4,12.6,-0.78
4208,21.661,-8.0,9.951,21.882,-8.07,9.961,0.2316,-20.24,58.43,-108.44,0.9834,-0.3902,13.73,-5.45,-0.24,50.4,50.4,12.6,-0.78
4209,21.648,-8.0,9.951,21.868,-8.07,9.961,0.2309,-20.26,58.45,-108.48,0.9816,-0.3875,13.71,-5.41,-0.24,50.4,50.4,12.6,-0.78
4210,21.636,-8.0,9.951,21.855,-8.07,9.961,0.2302,-20.26,58.47,-108.54,0.9799,-0.3847,13.68,-5.37,-0.23,50.4,50.4,12.6,-0.77
4211,21.623,-8.0,9.951,21.841,-8.07,9.961,0.2296,-20.28,58.49,-108.59,0.9782,-0.382,13.66,-5.33,-0.23,50.4,50.4,12.6,-0.77
4212,21.61,-8.0,9.951,21.828,-8.07,9.961,0.2289,-20.28,58.51,-108.63,0.9764,-0.3793,13.63,-5.3,-0.23,50.4,50.4,12.6,-0.78
4213,21.597,-8.0,9.951,21.815,-8.07,9.961,0.2282,-20.3,58.54,-108.68,0.9747,-0.3766,13.61,-5.26,-0.22,50.4,50.4,12.6,-0.78
4214,21.585,-8.0,9.951,21.801,-8.07,9.961,0.2275,-20.3,58.58,-108.72,0.973,-0.3739,13.59,-5.22,-0.22,50.4,50.4,12.6,-0.78
4215,21.572,-8.0,9.951,21.788,-8.069,9.961,0.2268,-20.32,58.6,-108.76,0.9712,-0.3713,13.56,-5.18,-0.21,50.4,50.4,12.6,-0.78
4216,21.56,-8.0,9.951,21.775,-8.069,9.961,0.2261,-20.32,58.62,-108.81,0.9695,-0.3686,13.54,-5.15,-0.21,50.4,50.4,12.6,-0.78
4217,21.547,-8.0,9.951,21.762,-8.069,9.961,0.2254,-20.35,58.65,-108.85,0.9678,-0.3659,13.51,-5.11,-0.21,50.4,50.4,12.6,-0.78
4218,21.535,-8.0,9.951,21.749,-8.069,9.962,0.2247,-20.35,58.67,-108.9,0.966,-0.3632,13.49,-5.07,-0.2,50.4,50.4,12.6,-0.78
4219,21.523,-8.0,9.951,21.735,-8.069,9.962,0.224,-20.37,58.69,-108.94,0.9643,-0.3605,13.46,-5.03,-0.2,50.4,50.4,12.6,-0.78
4220,21.51,-8.0,9.951,21.722,-8.069,9.962,0.2234,-20.37,58.71,-108.98,0.9626,-0.3578,13.44,-5.0,-0.2,50.4,50.4,12.6,-0.77
4221,21.498,-8.0,9.951,21.71,-8.069,9.962,0.2227,-20.39,58.73,-109.01,0.9609,-0.3551,13.42,-4.96,-0.19,50.4,50.4,12.6,-0.77
4222,21.486,-8.0,9.951,21.697,-8.069,9.962,0.222,-20.39,58.75,-109.05,0.9592,-0.3525,13.39,-4.92,-0.19,50.4,50.4,12.6,-0.77
4223,21.474,-8.0,9.951,21.684,-8.069,9.962,0.2213,-20.41,58.78,-109.09,0.9574,-0.3498,13.37,-4.88,-0.19,50.4,50.4,12.6,-0.77
4224,21.462,-8.0,9.951,21.671,-8.069,9.962,0.2206,-20.41,58.8,-109.14,0.9557,-0.3471,13.34,-4.85,-0.18,50.4,50.4,12.6,-0.77
4225,21.45,-8.0,9.951,21.658,-8.068,9.962,0.2199,-20.43,58.8,-109.18,0.954,-0.3444,13.32,-4.81,-0.18,50.4,50.4,12.6,-0.77
4226,21.438,-8.0,9.951,21.646,-8.068,9.962,0.2192,-20.43,58.82,-109.23,0.9523,-0.3418,13.3,-4.77,-0.18,50.4,50.4,12.6,-0.77
4227,21.426,-8.0,9.951,21.633,-8.068,9.962,0.2185,-20.46,58.84,-109.27,0.9506,-0.3391,13.27,-4.73,-0.17,50.4,50.4,12.6,-0.76
4228,21.414,-8.0,9.951,21.62,-8.068,9.962,0.2178,-20.46,58.86,-109.31,0.949,-0.3364,13.25,-4.7,-0.17,50.4,50.4,12.6,-0.76
4229,21.402,-8.0,9.951,21.608,-8.068,9.963,0.2172,-20.48,58.89,-109.36,0.9473,-0.3338,13.23,-4.66,-0.16,50.4,50.4,12.6,-0.77
4230,21.39,-8.0,9.951,21.595,-8.068,9.963,0.2165,-20.48,58.91,-109.4,0.9456,-0.3311,13.2,-4.62,-0.16,50.4,50.4,12.6,-0.77
4231,21.378,-8.0,9.951,21.583,-8.068,9.963,0.2158,-20.5,58.93,-109.45,0.9439,-0.3284,13.18,-4.59,-0.16,50.4,50.4,12.6,-0.77
4232,21.367,-8.0,9.951,21.57,-8.068,9.963,0.2151,-20.5,58.95,-109.47,0.9422,-0.3258,13.16,-4.55,-0.15,50.4,50.4,12.6,-0.77
4233,21.355,-8.0,9.951,21.558,-8.068,9.963,0.2144,-20.52,58.97,-109.51,0.9405,-0.3231,13.13,-4.51,-0.15,50.4,50.4,12.6,-0.77
4234,21.343,-8.0,9.951,21.546,-8.067,9.963,0.2137,-20.52,59.0,-109.56,0.9388,-0.3205,13.11,-4.47,-0.15,50.4,50.4,12.6,-0.76
4235,21.332,-8.0,9.951,21.533,-8.067,9.963,0.213,-20.54,59.02,-109.6,0.9371,-0.3178,13.08,-4.44,-0.14,50.4,50.4,12.6,-0.76
4236,21.32,-8.0,9.951,21.521,-8.067,9.963,0.2123,-20.54,59.04,-109.64,0.9354,-0.3152,13.06,-4.4,-0.14,50.4,50.4,12.6,-0.76
4237,21.309,-8.0,9.951,21.509,-8.067,9.963,0.2117,-20.57,59.06,-109.69,0.9338,-0.3125,13.04,-4.36,-0.13,50.4,50.4,12.6,-0.76
4238,21.297,-8.0,9.951,21.497,-8.067,9.963,0.211,-20.57,59.08,-109.71,0.9321,-0.3099,13.01,-4.33,-0.13,50.4,50.4,12.6,-0.76
4239,21.286,-8.0,9.951,21.485,-8.067,9.963,0.2103,-20.59,59.11,-109.75,0.9304,-0.3072,12.99,-4.29,-0.13,50.4,50.4,12.6,-0.76
4240,21.275,-8.0,9.951,21.473,-8.067,9.963,0.2096,-20.59,59.13,-109.8,0.9287,-0.3046,12.97,-4.25,-0.12,50.4,50.4,12.6,-0.76
4241,21.263,-8.0,9.951,21.461,-8.067,9.964,0.2089,-20.61,59.15,-109.84,0.9271,-0.3019,12.94,-4.22,-0.12,50.4,50.4,12.6,-0.76
4242,21.252,-8.0,9.951,21.449,-8.067,9.964,0.2082,-20.61,59.15,-109.89,0.9254,-0.2993,12.92,-4.18,-0.12,50.4,50.4,12.6,-0.76
4243,21.241,-8.0,9.951,21.437,-8.066,9.964,0.2075,-20.61,59.17,-109.91,0.9237,-0.2967,12.9,-4.14,-0.11,50.4,50.4,12.6,-0.76
4244,21.23,-8.0,9.951,21.425,-8.066,9.964,0.2068,-20.63,59.19,-109.95,0.9221,-0.294,12.87,-4.11,-0.11,50.4,50.4,12.6,-0.75
4245,21.219,-8.0,9.951,21.414,-8.066,9.964,0.2061,-20.63,59.22,-110.0,0.9205,-0.2914,12.85,-4.07,-0.11,50.4,50.4,12.6,-0.75
4246,21.208,-8.0,9.951,21.402,-8.066,9.964,0.2055,-20.65,59.24,-110.04,0.9188,-0.2887,12.83,-4.03,-0.1,50.4,50.4,12.6,-0.75
4247,21.197,-8.0,9.951,21.39,-8.066,9.964,0.2048,-20.65,59.26,-110.06,0.9172,-0.2861,12.81,-3.99,-0.1,50.4,50.4,12.6,-0.76
4248,21.186,-8.0,9.951,21.379,-8.066,9.964,0.2041,-20.68,59.28,-110.1,0.9155,-0.2835,12.78,-3.96,-0.09,50.4,50.4,12.6,-0.76
4249,21.175,-8.0,9.951,21.367,-8.066,9.964,0.2034,-20.68,59.3,-110.15,0.9139,-0.2809,12.76,-3.92,-0.09,50.4,50.4,12.6,-0.75
4250,21.164,-8.0,9.951,21.356,-8.066,9.964,0.2027,-20.7,59.33,-110.19,0.9122,-0.2782,12.74,-3.88,-0.09,50.4,50.4,12.6,-0.75
4251,21.154,-8.0,9.951,21.344,-8.066,9.964,0.202,-20.7,59.33,-110.21,0.9106,-0.2756,12.71,-3.85,-0.08,50.4,50.4,12.6,-0.75
4252,21.143,-8.0,9.951,21.333,-8.065,9.964,0.2013,-20.72,59.35,-110.26,0.9089,-0.273,12.69,-3.81,-0.08,50.4,50.4,12.6,-0.75
4253,21.132,-8.0,9.951,21.322,-8.065,9.964,0.2006,-20.72,59.37,-110.3,0.9073,-0.2704,12.67,-3.77,-0.08,50.4,50.4,12.6,-0.75
4254,21.122,-8.0,9.951,21.31,-8.065,9.964,0.2,-20.72,59.39,-110.32,0.9056,-0.2677,12.65,-3.74,-0.07,50.4,50.4,12.6,-0.75
4255,21.111,-8.0,9.951,21.299,-8.065,9.965,0.1993,-20.74,59.41,-110.37,0.904,-0.2651,12.62,-3.7,-0.07,50.4,50.4,12.6,-0.75
4256,21.101,-8.0,9.951,21.288,-8.065,9.965,0.1986,-20.74,59.44,-110.41,0.9024,-0.2625,12.6,-3.67,-0.06,50.4,50.4,12.6,-0.75
4257,21.09,-8.0,9.951,21.277,-8.065,9.965,0.1979,-20.76,59.46,-110.43,0.9007,-0.2599,12.58,-3.63,-0.06,50.4,50.4,12.6,-0.75
4258,21.08,-8.0,9.951,21.266,-8.065,9.965,0.1972,-20.76,59.46,-110.48,0.8991,-0.2573,12.55,-3.59,-0.06,50.4,50.4,12.6,-0.75
4259,21.069,-8.0,9.951,21.254,-8.065,9.965,0.1965,-20.79,59.48,-110.52,0.8975,-0.2547,12.53,-3.56,-0.05,50.4,50.4,12.6,-0.75
4260,21.059,-8.0,9.951,21.243,-8.064,9.965,0.1958,-20.79,59.5,-110.54,0.8959,-0.2521,12.51,-3.52,-0.05,50.4,50.4,12.6,-0.75
4261,21.049,-8.0,9.951,21.233,-8.064,9.965,0.1951,-20.81,59.52,-110.59,0.8943,-0.2494,12.49,-3.48,-0.05,50.4,50.4,12.6,-0.75
4262,21.039,-8.0,9.951,21.222,-8.064,9.965,0.1945,-20.81,59.55,-110.63,0.8926,-0.2468,12.46,-3.45,-0.04,50.4,50.4,12.6,-0.75
4263,21.028,-8.0,9.951,21.211,-8.064,9.965,0.1938,-20.81,59.57,-110.65,0.891,-0.2442,12.44,-3.41,-0.04,50.4,50.4,12.6,-0.74
4264,21.018,-8.0,9.951,21.2,-8.064,9.965,0.1931,-20.83,59.57,-110.7,0.8894,-0.2416,12.42,-3.37,-0.04,50.4,50.4,12.6,-0.74
4265,21.008,-8.0,9.951,21.189,-8.064,9.965,0.1924,-20.83,59.59,-110.72,0.8878,-0.239,12.4,-3.34,-0.03,50.4,50.4,12.6,-0.74
4266,20.998,-8.0,9.951,21.179,-8.064,9.965,0.1917,-20.85,59.61,-110.76,0.8862,-0.2364,12.37,-3.3,-0.03,50.4,50.4,12.6,-0.74
4267,20.988,-8.0,9.951,21.168,-8.064,9.965,0.191,-20.85,59.63,-110.81,0.8846,-0.2338,12.35,-3.26,-0.02,50.4,50.4,12.6,-0.74
4268,20.978,-8.0,9.951,21.157,-8.063,9.965,0.1903,-20.85,59.66,-110.83,0.883,-0.2312,12.33,-3.23,-0.02,50.4,50.4,12.6,-0.74
4269,20.969,-8.0,9.951,21.147,-8.063,9.965,0.1896,-20.87,59.66,-110.87,0.8814,-0.2286,12.31,-3.19,-0.02,50.4,50.4,12.6,-0.74
4270,20.959,-8.0,9.951,21.136,-8.063,9.965,0.189,-20.87,59.68,-110.9,0.8798,-0.226,12.28,-3.16,-0.01,50.4,50.4,12.6,-0.74
4271,20.949,-8.0,9.951,21.126,-8.063,9.966,0.1883,-20.9,59.7,-110.94,0.8782,-0.2234,12.26,-3.12,-0.01,50.4,50.4,12.6,-0.74
4272,20.939,-8.0,9.951,21.115,-8.063,9.966,0.1876,-20.9,59.72,-110.96,0.8766,-0.2208,12.24,-3.08,-0.01,50.4,50.4,12.6,-0.74
4273,20.93,-8.0,9.951,21.105,-8.063,9.966,0.1869,-20.92,59.74,-111.01,0.875,-0.2183,12.22,-3.05,-0.0,50.4,50.4,12.6,-0.74
4274,20.92,-8.0,9.951,21.095,-8.063,9.966,0.1862,-20.92,59.74,-111.05,0.8734,-0.2157,12.2,-3.01,0.0,50.4,50.4,12.6,-0.74
4275,20.91,-8.0,9.951,21.084,-8.063,9.966,0.1855,-20.92,59.77,-111.07,0.8718,-0.2131,12.17,-2.98,0.01,50.4,50.4,12.6,-0.74
4276,20.901,-8.0,9.951,21.074,-8.062,9.966,0.1848,-20.94,59.79,-111.12,0.8703,-0.2105,12.15,-2.94,0.01,50.4,50.4,12.6,-0.74
4277,20.891,-8.0,9.951,21.064,-8.062,9.966,0.1842,-20.94,59.81,-111.14,0.8687,-0.2079,12.13,-2.9,0.01,50.4,50.4,12.6,-0.74
4278,20.882,-8.0,9.951,21.054,-8.062,9.966,0.1835,-20.96,59.81,-111.18,0.8671,-0.2053,12.11,-2.87,0.02,50.4,50.4,12.6,-0.74
4279,20.873,-8.0,9.951,21.044,-8.062,9.966,0.1828,-20.96,59.83,-111.2,0.8655,-0.2027,12.08,-2.83,0.02,50.4,50.4,12.6,-0.74
4280,20.863,-8.0,9.951,21.034,-8.062,9.966,0.1821,-20.96,59.85,-111.25,0.8639,-0.2002,12.06,-2.79,0.02,50.4,50.4,12.6,-0.74
4281,20.854,-8.0,9.951,21.024,-8.062,9.966,0.1814,-20.98,59.88,-111.27,0.8624,-0.1976,12.04,-2.76,0.03,50.4,50.4,12.6,-0.74
4282,20.845,-8.0,9.951,21.014,-8.062,9.966,0.1807,-20.98,59.88,-111.31,0.8608,-0.195,12.02,-2.72,0.03,50.4,50.4,12.6,-0.74
4283,20.836,-8.0,9.951,21.004,-8.062,9.966,0.18,-21.01,59.9,-111.34,0.8592,-0.1924,12.0,-2.69,0.04,50.4,50.4,12.6,-0.74
4284,20.827,-8.0,9.951,20.994,-8.061,9.966,0.1793,-21.01,59.92,-111.36,0.8577,-0.1898,11.98,-2.65,0.04,50.4,50.4,12.6,-0.73
4285,20.818,-8.0,9.951,20.985,-8.061,9.966,0.1787,-21.01,59.94,-111.4,0.8561,-0.1873,11.95,-2.61,0.04,50.4,50.4,12.6,-0.73
4286,20.809,-8.0,9.951,20.975,-8.061,9.966,0.178,-21.03,59.94,-111.42,0.8546,-0.1847,11.93,-2.58,0.05,50.4,50.4,12.6,-0.73
4287,20.8,-8.0,9.951,20.965,-8.061,9.966,0.1773,-21.03,59.96,-111.47,0.853,-0.1821,11.91,-2.54,0.05,50.4,50.4,12.6,-0.73
4288,20.791,-8.0,9.95,20.956,-8.061,9.966,0.1766,-21.05,59.99,-111.49,0.8514,-0.1796,11.89,-2.51,0.05,50.4,50.4,12.6,-0.73
4289,20.782,-8.0,9.95,20.946,-8.061,9.966,0.1759,-21.05,60.01,-111.53,0.8499,-0.177,11.87,-2.47,0.06,50.4,50.4,12.6,-0.73
4290,20.773,-8.0,9.95,20.937,-8.061,9.967,0.1752,-21.05,60.01,-111.56,0.8483,-0.1744,11.84,-2.44,0.06,50.4,50.4,12.6,-0.73
4291,20.764,-8.0,9.95,20.927,-8.06,9.967,0.1745,-21.07,60.03,-111.58,0.8468,-0.1718,11.82,-2.4,0.07,50.4,50.4,12.6,-0.73
4292,20.756,-8.0,9.95,20.918,-8.06,9.967,0.1738,-21.07,60.05,-111.62,0.8452,-0.1693,11.8,-2.36,0.07,50.4,50.4,12.6,-0.73
4293,20.747,-8.0,9.95,20.909,-8.06,9.967,0.1732,-21.07,60.05,-111.64,0.8437,-0.1667,11.78,-2.33,0.07,50.4,50.4,12.6,-0.73
4294,20.738,-8.0,9.95,20.899,-8.06,9.967,0.1725,-21.09,60.07,-111.69,0.8421,-0.1641,11.76,-2.29,0.08,50.4,50.4,12.6,-0.73
4295,20.73,-8.0,9.95,20.89,-8.06,9.967,0.1718,-21.09,60.1,-111.71,0.8406,-0.1616,11.74,-2.26,0.08,50.4,50.4,12.6,-0.73
4296,20.721,-8.0,9.95,20.881,-8.06,9.967,0.1711,-21.12,60.12,-111.73,0.839,-0.159,11.72,-2.22,0.08,50.4,50.4,12.6,-0.73
4297,20.713,-8.0,9.95,20.872,-8.06,9.967,0.1704,-21.12,60.12,-111.77,0.8375,-0.1565,11.69,-2.18,0.09,50.4,50.4,12.6,-0.73
4298,20.704,-8.0,9.95,20.862,-8.059,9.967,0.1697,-21.12,60.14,-111.8,0.836,-0.1539,11.67,-2.15,0.09,50.4,50.4,12.6,-0.73
4299,20.696,-8.0,9.95,20.853,-8.059,9.967,0.169,-21.14,60.16,-111.82,0.8344,-0.1513,11.65,-2.11,0.1,50.4,50.4,12.6,-0.73
4300,20.688,-8.0,9.95,20.844,-8.059,9.967,0.1683,-21.14,60.16,-111.86,0.8329,-0.1488,11.63,-2.08,0.1,50.4,50.4,12.6,-0.73
4301,20.679,-8.0,9.95,20.835,-8.059,9.967,0.1677,-21.14,60.18,-111.88,0.8314,-0.1462,11.61,-2.04,0.1,50.4,50.4,12.6,-0.73
4302,20.671,-8.0,9.95,20.827,-8.059,9.967,0.167,-21.16,60.21,-111.91,0.8298,-0.1437,11.59,-2.01,0.11,50.4,50.4,12.6,-0.73
4303,20.663,-8.0,9.95,20.818,-8.059,9.967,0.1663,-21.16,60.21,-111.95,0.8283,-0.1411,11.57,-1.97,0.11,50.4,50.4,12.6,-0.73
4304,20.655,-8.0,9.95,20.809,-8.059,9.967,0.1656,-21.16,60.23,-111.97,0.8268,-0.1386,11.54,-1.93,0.11,50.4,50.4,12.6,-0.73
4305,20.647,-8.0,9.95,20.8,-8.058,9.967,0.1649,-21.18,60.25,-111.99,0.8252,-0.136,11.52,-1.9,0.12,50.4,50.4,12.6,-0.72
4306,20.639,-8.0,9.95,20.791,-8.058,9.967,0.1642,-21.18,60.25,-112.04,0.8237,-0.1335,11.5,-1.86,0.12,50.4,50.4,12.6,-0.72
4307,20.631,-8.0,9.95,20.783,-8.058,9.967,0.1635,-21.2,60.27,-112.06,0.8222,-0.1309,11.48,-1.83,0.12,50.4,50.4,12.6,-0.72
4308,20.623,-8.0,9.95,20.774,-8.058,9.967,0.1629,-21.2,60.29,-112.08,0.8207,-0.1284,11.46,-1.79,0.13,50.4,50.4,12.6,-0.72
4309,20.615,-8.0,9.95,20.766,-8.058,9.967,0.1622,-21.2,60.29,-112.1,0.8192,-0.1258,11.44,-1.76,0.13,50.4,50.4,12.6,-0.72
4310,20.607,-8.0,9.95,20.757,-8.058,9.967,0.1615,-21.23,60.31,-112.15,0.8177,-0.1233,11.42,-1.72,0.14,50.4,50.4,12.6,-0.71
4311,20.6,-8.0,9.95,20.749,-8.058,9.967,0.1608,-21.23,60.31,-112.17,0.8162,-0.1207,11.4,-1.69,0.14,50.4,50.4,12.6,-0.72
4312,20.592,-8.0,9.95,20.74,-8.057,9.967,0.1601,-21.23,60.34,-112.19,0.8147,-0.1182,11.37,-1.65,0.14,50.4,50.4,12.6,-0.72
4313,20.584,-8.0,9.95,20.732,-8.057,9.967,0.1594,-21.25,60.36,-112.21,0.8132,-0.1156,11.35,-1.61,0.15,50.4,50.4,12.6,-0.72
4314,20.577,-8.0,9.95,20.724,-8.057,9.967,0.1587,-21.25,60.36,-112.26,0.8117,-0.1131,11.33,-1.58,0.15,50.4,50.4,12.6,-0.72
4315,20.569,-8.0,9.95,20.715,-8.057,9.967,0.158,-21.25,60.38,-112.28,0.8102,-0.1105,11.31,-1.54,0.15,50.4,50.4,12.6,-0.72
4316,20.562,-8.0,9.95,20.707,-8.057,9.967,0.1574,-21.27,60.4,-112.3,0.8087,-0.108,11.29,-1.51,0.16,50.4,50.4,12.6,-0.72
4317,20.554,-8.0,9.95,20.699,-8.057,9.967,0.1567,-21.27,60.4,-112.32,0.8072,-0.1055,11.27,-1.47,0.16,50.4,50.4,12.6,-0.72
4318,20.547,-8.0,9.95,20.691,-8.057,9.968,0.156,-21.27,60.42,-112.35,0.8057,-0.1029,11.25,-1.44,0.17,50.4,50.4,12.6,-0.72
4319,20.539,-8.0,9.95,20.683,-8.056,9.968,0.1553,-21.29,60.42,-112.39,0.8042,-0.1004,11.23,-1.4,0.17,50.4,50.4,12.6,-0.72
4320,20.532,-8.0,9.95,20.675,-8.056,9.968,0.1546,-21.29,60.45,-112.41,0.8027,-0.0978,11.21,-1.37,0.17,50.4,50.4,12.6,-0.72
4321,20.525,-8.0,9.95,20.667,-8.056,9.968,0.1539,-21.29,60.47,-112.43,0.8012,-0.0953,11.19,-1.33,0.18,50.4,50.4,12.6,-0.72
4322,20.518,-8.0,9.95,20.659,-8.056,9.968,0.1532,-21.31,60.47,-112.46,0.7997,-0.0928,11.17,-1.3,0.18,50.4,50.4,12.6,-0.72
4323,20.51,-8.0,9.95,20.651,-8.056,9.968,0.1525,-21.31,60.49,-112.48,0.7982,-0.0902,11.14,-1.26,0.18,50.4,50.4,12.6,-0.72
4324,20.503,-8.0,9.95,20.643,-8.056,9.968,0.1519,-21.31,60.49,-112.5,0.7967,-0.0877,11.12,-1.22,0.19,50.4,50.4,12.6,-0.72
4325,20.496,-8.0,9.95,20.636,-8.056,9.968,0.1512,-21.31,60.51,-112.54,0.7952,-0.0852,11.1,-1.19,0.19,50.4,50.4,12.6,-0.72
4326,20.489,-8.0,9.95,20.628,-8.055,9.968,0.1505,-21.34,60.53,-112.57,0.7937,-0.0826,11.08,-1.15,0.19,50.4,50.4,12.6,-0.72
4327,20.482,-8.0,9.95,20.62,-8.055,9.968,0.1498,-21.34,60.53,-112.59,0.7923,-0.0801,11.06,-1.12,0.2,50.4,50.4,12.6,-0.72
4328,20.475,-8.0,9.95,20.613,-8.055,9.968,0.1491,-21.34,60.56,-112.61,0.7908,-0.0776,11.04,-1.08,0.2,50.4,50.4,12.6,-0.72
4329,20.468,-8.0,9.95,20.605,-8.055,9.968,0.1484,-21.36,60.56,-112.63,0.7893,-0.075,11.02,-1.05,0.21,50.4,50.4,12.6,-0.72
4330,20.462,-8.0,9.95,20.598,-8.055,9.968,0.1477,-21.36,60.58,-112.65,0.7878,-0.0725,11.0,-1.01,0.21,50.4,50.4,12.6,-0.71
4331,20.455,-8.0,9.95,20.59,-8.055,9.968,0.147,-21.36,60.58,-112.68,0.7864,-0.07,10.98,-0.98,0.21,50.4,50.4,12.6,-0.71
4332,20.448,-8.0,9.95,20.583,-8.055,9.968,0.1464,-21.38,60.6,-112.7,0.7849,-0.0675,10.96,-0.94,0.22,50.4,50.4,12.6,-0.71
4333,20.441,-8.0,9.95,20.575,-8.054,9.968,0.1457,-21.38,60.6,-112.72,0.7834,-0.0649,10.94,-0.91,0.22,50.4,50.4,12.6,-0.71
4334,20.435,-8.0,9.95,20.568,-8.054,9.968,0.145,-21.38,60.62,-112.74,0.782,-0.0624,10.92,-0.87,0.22,50.4,50.4,12.6,-0.71
4335,20.428,-8.0,9.95,20.561,-8.054,9.968,0.1443,-21.4,60.64,-112.79,0.7805,-0.0599,10.9,-0.84,0.23,50.4,50.4,12.6,-0.71
4336,20.422,-8.0,9.95,20.554,-8.054,9.968,0.1436,-21.4,60.64,-112.81,0.779,-0.0573,10.88,-0.8,0.23,50.4,50.4,12.6,-0.71
4337,20.415,-8.0,9.95,20.547,-8.054,9.969,0.143,-21.4,60.67,-112.83,0.7757,-0.0548,10.83,-0.77,0.24,50.4,50.4,12.6,-0.71
4338,20.409,-8.0,9.95,20.539,-8.054,9.968,0.1422,-21.4,60.67,-112.85,0.7764,-0.0523,10.84,-0.73,0.24,50.4,50.4,12.6,-0.71
4339,20.403,-8.0,9.95,20.532,-8.053,9.968,0.1415,-21.42,60.69,-112.87,0.7747,-0.0498,10.82,-0.69,0.24,50.4,50.4,12.6,-0.71
4340,20.396,-8.0,9.95,20.525,-8.053,9.969,0.1409,-21.42,60.69,-112.9,0.7691,-0.0473,10.74,-0.66,0.25,50.4,50.4,12.6,-0.71
4341,20.39,-8.0,9.95,20.518,-8.053,9.969,0.1402,-21.42,60.71,-112.92,0.769,-0.0447,10.74,-0.62,0.25,50.4,50.4,12.6,-0.71
4342,20.384,-8.0,9.95,20.512,-8.053,9.968,0.1395,-21.45,60.71,-112.94,0.769,-0.0422,10.74,-0.59,0.25,50.4,50.4,12.6,-0.71
4343,20.378,-8.0,9.95,20.505,-8.053,9.968,0.1388,-21.45,60.73,-112.96,0.7674,-0.0397,10.71,-0.55,0.26,50.4,50.4,12.6,-0.71
4344,20.371,-8.0,9.95,20.498,-8.053,9.968,0.1381,-21.45,60.73,-112.98,0.7659,-0.0372,10.69,-0.52,0.26,50.4,50.4,12.6,-0.71
4345,20.365,-8.0,9.95,20.491,-8.052,9.968,0.1374,-21.45,60.75,-113.01,0.7645,-0.0346,10.67,-0.48,0.26,50.4,50.4,12.6,-0.71
4346,20.359,-8.0,9.95,20.484,-8.052,9.968,0.1367,-21.47,60.75,-113.03,0.7631,-0.0321,10.65,-0.45,0.27,50.4,50.4,12.6,-0.71
4347,20.353,-8.0,9.95,20.478,-8.052,9.968,0.1361,-21.47,60.78,-113.05,0.7617,-0.0296,10.63,-0.41,0.27,50.4,50.4,12.6,-0.71
4348,20.348,-8.0,9.95,20.471,-8.052,9.968,0.1354,-21.47,60.78,-113.07,0.7602,-0.0271,10.62,-0.38,0.27,50.4,50.4,12.6,-0.71
4349,20.342,-8.0,9.95,20.465,-8.052,9.968,0.1347,-21.47,60.8,-113.09,0.7588,-0.0246,10.6,-0.34,0.28,50.4,50.4,12.6,-0.71
4350,20.336,-8.0,9.95,20.458,-8.052,9.968,0.134,-21.49,60.8,-113.12,0.7574,-0.0221,10.58,-0.31,0.28,50.4,50.4,12.6,-0.71
4351,20.33,-8.0,9.95,20.452,-8.052,9.968,0.1333,-21.49,60.82,-113.14,0.756,-0.0195,10.56,-0.27,0.29,50.4,50.4,12.6,-0.71
4352,20.324,-8.0,9.95,20.445,-8.051,9.968,0.1326,-21.49,60.82,-113.16,0.7546,-0.017,10.54,-0.24,0.29,50.4,50.4,12.6,-0.71
4353,20.319,-8.0,9.95,20.439,-8.051,9.968,0.1319,-21.49,60.84,-113.16,0.7532,-0.0145,10.52,-0.2,0.29,50.4,50.4,12.6,-0.71
4354,20.313,-8.0,9.95,20.433,-8.051,9.968,0.1312,-21.51,60.84,-113.18,0.7517,-0.012,10.5,-0.17,0.3,50.4,50.4,12.6,-0.71
4355,20.307,-8.0,9.95,20.426,-8.051,9.968,0.1305,-21.51,60.86,-113.2,0.7503,-0.0095,10.48,-0.13,0.3,50.4,50.4,12.6,-0.71
4356,20.302,-8.0,9.95,20.42,-8.051,9.968,0.1299,-21.51,60.86,-113.23,0.7489,-0.007,10.46,-0.1,0.3,50.4,50.4,12.6,-0.71
4357,20.297,-8.0,9.95,20.414,-8.051,9.968,0.1292,-21.53,60.89,-113.25,0.7475,-0.0045,10.44,-0.06,0.31,50.4,50.4,12.6,-0.71
4358,20.291,-8.0,9.95,20.408,-8.05,9.968,0.1285,-21.53,60.89,-113.27,0.7461,-0.0019,10.42,-0.03,0.31,50.4,50.4,12.6,-0.71
4359,20.286,-8.0,9.95,20.402,-8.05,9.968,0.1278,-21.53,60.89,-113.29,0.7447,0.0006,10.4,0.01,0.31,50.4,50.4,12.6,-0.71
4360,20.28,-8.0,9.95,20.396,-8.05,9.968,0.1271,-21.53,60.91,-113.31,0.7433,0.0031,10.38,0.04,0.32,50.4,50.4,12.6,-0.71
4361,20.275,-8.0,9.95,20.39,-8.05,9.968,0.1264,-21.53,60.91,-113.33,0.7419,0.0056,10.36,0.08,0.32,50.4,50.4,12.6,-0.7
4362,20.27,-8.0,9.95,20.384,-8.05,9.968,0.1257,-21.56,60.93,-113.36,0.7405,0.0081,10.34,0.11,0.32,50.4,50.4,12.6,-0.7
4363,20.265,-8.0,9.95,20.378,-8.05,9.968,0.125,-21.56,60.93,-113.36,0.7391,0.0106,10.32,0.15,0.33,50.4,50.4,12.6,-0.7
4364,20.26,-8.0,9.95,20.372,-8.049,9.968,0.1243,-21.56,60.95,-113.38,0.7377,0.0131,10.3,0.18,0.33,50.4,50.4,12.6,-0.7
4365,20.255,-8.0,9.95,20.367,-8.049,9.968,0.1236,-21.56,60.95,-113.4,0.7363,0.0156,10.28,0.22,0.34,50.4,50.4,12.6,-0.7
4366,20.25,-8.0,9.95,20.361,-8.049,9.968,0.1229,-21.58,60.95,-113.42,0.7349,0.0181,10.26,0.25,0.34,50.4,50.4,12.6,-0.7
4367,20.245,-8.0,9.95,20.355,-8.049,9.968,0.1223,-21.58,60.97,-113.44,0.7336,0.0207,10.24,0.29,0.34,50.4,50.4,12.6,-0.7
4368,20.24,-8.0,9.95,20.35,-8.049,9.968,0.1216,-21.58,60.97,-113.47,0.7322,0.0232,10.22,0.32,0.35,50.4,50.4,12.6,-0.7
4369,20.235,-8.0,9.95,20.344,-8.049,9.968,0.1209,-21.58,61.0,-113.47,0.7308,0.0257,10.2,0.36,0.35,50.4,50.4,12.6,-0.7
4370,20.23,-8.0,9.95,20.339,-8.048,9.967,0.1202,-21.6,61.0,-113.49,0.7294,0.0282,10.18,0.39,0.35,50.4,50.4,12.6,-0.7
4371,20.225,-8.0,9.95,20.333,-8.048,9.967,0.1195,-21.6,61.02,-113.51,0.728,0.0307,10.17,0.43,0.36,50.4,50.4,12.6,-0.7
4372,20.221,-8.0,9.95,20.328,-8.048,9.967,0.1188,-21.6,61.02,-113.53,0.7266,0.0332,10.15,0.46,0.36,50.4,50.4,12.6,-0.7
4373,20.216,-8.0,9.95,20.322,-8.048,9.967,0.1181,-21.6,61.02,-113.55,0.7253,0.0357,10.13,0.5,0.36,50.4,50.4,12.6,-0.7
4374,20.211,-8.0,9.95,20.317,-8.048,9.967,0.1174,-21.6,61.04,-113.55,0.7239,0.0382,10.11,0.53,0.37,50.4,50.4,12.6,-0.7
4375,20.207,-8.0,9.95,20.312,-8.048,9.967,0.1167,-21.62,61.04,-113.58,0.7236,0.0407,10.1,0.57,0.37,50.4,50.4,12.6,-0.7
4376,20.202,-8.0,9.95,20.307,-8.047,9.967,0.116,-21.62,61.04,-113.6,0.7221,0.0432,10.08,0.6,0.37,50.4,50.4,12.6,-0.7
4377,20.198,-8.0,9.95,20.302,-8.047,9.967,0.1153,-21.62,61.06,-113.62,0.7207,0.0457,10.06,0.64,0.38,50.4,50.4,12.6,-0.7
4378,20.193,-8.0,9.95,20.296,-8.047,9.968,0.1148,-21.62,61.06,-113.62,0.7152,0.0482,9.99,0.67,0.38,50.4,50.4,12.6,-0.7
4379,20.189,-8.0,9.95,20.291,-8.047,9.967,0.114,-21.62,61.08,-113.64,0.7171,0.0507,10.01,0.71,0.38,50.4,50.4,12.6,-0.7
4380,20.185,-8.0,9.95,20.286,-8.047,9.967,0.1133,-21.64,61.08,-113.66,0.7157,0.0532,9.99,0.74,0.39,50.4,50.4,12.6,-0.7
4381,20.18,-8.0,9.95,20.281,-8.047,9.967,0.1126,-21.64,61.08,-113.69,0.7143,0.0557,9.97,0.78,0.39,50.4,50.4,12.6,-0.7
4382,20.176,-8.0,9.95,20.276,-8.046,9.967,0.1119,-21.64,61.11,-113.69,0.7129,0.0582,9.95,0.81,0.39,50.4,50.4,12.6,-0.7
4383,20.172,-8.0,9.95,20.272,-8.046,9.967,0.1112,-21.64,61.11,-113.71,0.7116,0.0607,9.94,0.85,0.4,50.4,50.4,12.6,-0.7
4384,20.168,-8.0,9.95,20.267,-8.046,9.967,0.1105,-21.64,61.11,-113.73,0.7102,0.0632,9.92,0.88,0.4,50.4,50.4,12.6,-0.7
4385,20.164,-8.0,9.95,20.262,-8.046,9.967,0.1098,-21.67,61.13,-113.73,0.7089,0.0658,9.9,0.92,0.4,50.4,50.4,12.6,-0.7
4386,20.16,-8.0,9.95,20.257,-8.046,9.967,0.1091,-21.67,61.13,-113.75,0.7075,0.0683,9.88,0.95,0.41,50.4,50.4,12.6,-0.7
4387,20.156,-8.0,9.95,20.253,-8.045,9.967,0.1084,-21.67,61.13,-113.77,0.7061,0.0708,9.86,0.99,0.41,50.4,50.4,12.6,-0.7
4388,20.152,-8.0,9.95,20.248,-8.045,9.967,0.1078,-21.67,61.15,-113.8,0.7048,0.0733,9.84,1.02,0.41,50.4,50.4,12.6,-0.7
4389,20.148,-8.0,9.95,20.244,-8.045,9.967,0.1071,-21.67,61.15,-113.8,0.7034,0.0758,9.82,1.06,0.42,50.4,50.4,12.6,-0.7
4390,20.144,-8.0,9.95,20.239,-8.045,9.967,0.1064,-21.69,61.15,-113.82,0.7021,0.0783,9.8,1.09,0.42,50.4,50.4,12.6,-0.7
4391,20.14,-8.0,9.95,20.235,-8.045,9.967,0.1057,-21.69,61.17,-113.84,0.7007,0.0808,9.78,1.13,0.42,50.4,50.4,12.6,-0.7
4392,20.137,-8.0,9.95,20.23,-8.045,9.967,0.105,-21.69,61.17,-113.84,0.6994,0.0833,9.77,1.16,0.43,50.4,50.4,12.6,-0.7
4393,20.133,-8.0,9.95,20.226,-8.044,9.967,0.1043,-21.69,61.17,-113.86,0.698,0.0858,9.75,1.2,0.43,50.4,50.4,12.6,-0.7
4394,20.129,-8.0,9.95,20.222,-8.044,9.967,0.1036,-21.69,61.19,-113.86,0.6967,0.0883,9.73,1.23,0.44,50.4,50.4,12.6,-0.7
4395,20.126,-8.0,9.95,20.217,-8.044,9.967,0.1029,-21.69,61.19,-113.88,0.6954,0.0908,9.71,1.27,0.44,50.4,50.4,12.6,-0.7
4396,20.122,-8.0,9.95,20.213,-8.044,9.967,0.1022,-21.71,61.19,-113.91,0.694,0.0933,9.69,1.3,0.44,50.4,50.4,12.6,-0.7
4397,20.119,-8.0,9.95,20.209,-8.044,9.967,0.1015,-21.71,61.22,-113.91,0.6927,0.0958,9.67,1.34,0.45,50.4,50.4,12.6,-0.7
4398,20.115,-8.0,9.95,20.205,-8.044,9.966,0.1009,-21.71,61.22,-113.93,0.6913,0.0983,9.65,1.37,0.45,50.4,50.4,12.6,-0.7
4399,20.112,-8.0,9.95,20.201,-8.043,9.966,0.1002,-21.71,61.22,-113.95,0.69,0.1008,9.63,1.41,0.45,50.4,50.4,12.6,-0.7
4400,20.109,-8.0,9.95,20.197,-8.043,9.966,0.0995,-21.71,61.24,-113.95,0.6887,0.1033,9.62,1.44,0.46,50.4,50.4,12.6,-0.7
4401,20.105,-8.0,9.95,20.193,-8.043,9.966,0.0988,-21.71,61.24,-113.97,0.6873,0.1058,9.6,1.48,0.46,50.4,50.4,12.6,-0.7
4402,20.102,-8.0,9.95,20.189,-8.043,9.966,0.0981,-21.73,61.24,-113.97,0.686,0.1083,9.58,1.51,0.46,50.4,50.4,12.6,-0.7
4403,20.099,-8.0,9.95,20.185,-8.043,9.966,0.0974,-21.73,61.24,-113.99,0.6847,0.1108,9.56,1.55,0.46,50.4,50.4,12.6,-0.7
4404,20.096,-8.0,9.95,20.181,-8.042,9.966,0.0967,-21.73,61.26,-113.99,0.6834,0.1133,9.54,1.58,0.47,50.4,50.4,12.6,-0.7
4405,20.093,-8.0,9.95,20.178,-8.042,9.966,0.096,-21.73,61.26,-114.02,0.682,0.1158,9.52,1.62,0.47,50.4,50.4,12.6,-0.7
4406,20.09,-8.0,9.95,20.174,-8.042,9.966,0.0953,-21.73,61.26,-114.02,0.6807,0.1183,9.5,1.65,0.47,50.4,50.4,12.6,-0.69
4407,20.087,-8.0,9.95,20.17,-8.042,9.966,0.0946,-21.73,61.28,-114.04,0.6794,0.1208,9.49,1.69,0.48,50.4,50.4,12.6,-0.69
4408,20.084,-8.0,9.95,20.167,-8.042,9.966,0.094,-21.73,61.28,-114.06,0.6781,0.1233,9.47,1.72,0.48,50.4,50.4,12.6,-0.69
4409,20.081,-8.0,9.95,20.163,-8.042,9.966,0.0933,-21.75,61.28,-114.06,0.6767,0.1258,9.45,1.76,0.48,50.4,50.4,12.6,-0.69
4410,20.078,-8.0,9.95,20.16,-8.041,9.966,0.0926,-21.75,61.28,-114.08,0.6754,0.1283,9.43,1.79,0.49,50.4,50.4,12.6,-0.69
4411,20.075,-8.0,9.95,20.156,-8.041,9.966,0.0919,-21.75,61.3,-114.08,0.6741,0.1308,9.41,1.83,0.49,50.4,50.4,12.6,-0.69
4412,20.073,-8.0,9.95,20.153,-8.041,9.966,0.0912,-21.75,61.3,-114.1,0.6728,0.1333,9.39,1.86,0.49,50.4,50.4,12.6,-0.69
4413,20.07,-8.0,9.95,20.149,-8.041,9.966,0.0905,-21.75,61.3,-114.1,0.6715,0.1358,9.38,1.9,0.5,50.4,50.4,12.6,-0.69
4414,20.067,-8.0,9.95,20.146,-8.041,9.966,0.0898,-21.75,61.3,-114.13,0.6702,0.1383,9.36,1.93,0.5,50.4,50.4,12.6,-0.69
4415,20.065,-8.0,9.95,20.143,-8.04,9.966,0.0891,-21.75,61.33,-114.13,0.6688,0.1408,9.34,1.97,0.5,50.4,50.4,12.6,-0.69
4416,20.062,-8.0,9.95,20.14,-8.04,9.966,0.0884,-21.75,61.33,-114.15,0.6675,0.1433,9.32,2.0,0.51,50.4,50.4,12.6,-0.69
4417,20.06,-8.0,9.95,20.136,-8.04,9.966,0.0878,-21.77,61.33,-114.15,0.6662,0.1458,9.3,2.04,0.51,50.4,50.4,12.6,-0.69
4418,20.058,-8.0,9.95,20.133,-8.04,9.966,0.0871,-21.77,61.33,-114.15,0.6649,0.1483,9.28,2.07,0.51,50.4,50.4,12.6,-0.69
4419,20.055,-8.0,9.95,20.13,-8.04,9.966,0.0864,-21.77,61.35,-114.17,0.6636,0.1508,9.27,2.11,0.52,50.4,50.4,12.6,-0.69
4420,20.053,-8.0,9.95,20.127,-8.039,9.966,0.0857,-21.77,61.35,-114.17,0.6623,0.1533,9.25,2.14,0.52,50.4,50.4,12.6,-0.69
4421,20.051,-8.0,9.95,20.124,-8.039,9.966,0.085,-21.77,61.35,-114.19,0.661,0.1558,9.23,2.18,0.52,50.4,50.4,12.6,-0.69
4422,20.048,-8.0,9.95,20.121,-8.039,9.966,0.0843,-21.77,61.35,-114.19,0.6597,0.1583,9.21,2.21,0.53,50.4,50.4,12.6,-0.69
4423,20.046,-8.0,9.95,20.118,-8.039,9.966,0.0836,-21.77,61.35,-114.21,0.6584,0.1608,9.19,2.25,0.53,50.4,50.4,12.6,-0.69
4424,20.044,-8.0,9.95,20.116,-8.039,9.965,0.0829,-21.77,61.37,-114.21,0.6571,0.1633,9.17,2.28,0.53,50.4,50.4,12.6,-0.69
4425,20.042,-8.0,9.95,20.113,-8.039,9.965,0.0822,-21.77,61.37,-114.24,0.6558,0.1658,9.16,2.32,0.54,50.4,50.4,12.6,-0.69
4426,20.04,-8.0,9.95,20.11,-8.038,9.965,0.0816,-21.8,61.37,-114.24,0.6545,0.1683,9.14,2.35,0.54,50.4,50.4,12.6,-0.69
4427,20.038,-8.0,9.95,20.108,-8.038,9.965,0.0809,-21.8,61.37,-114.24,0.6532,0.1708,9.12,2.39,0.54,50.4,50.4,12.6,-0.69
4428,20.036,-8.0,9.95,20.105,-8.038,9.965,0.0802,-21.8,61.37,-114.26,0.6519,0.1733,9.1,2.42,0.54,50.4,50.4,12.6,-0.69
4429,20.034,-8.0,9.95,20.102,-8.038,9.965,0.0795,-21.8,61.39,-114.26,0.6506,0.1758,9.08,2.46,0.55,50.4,50.4,12.6,-0.69
4430,20.032,-8.0,9.95,20.1,-8.038,9.965,0.0788,-21.8,61.39,-114.26,0.6493,0.1783,9.07,2.49,0.55,50.4,50.4,12.6,-0.69
4431,20.031,-8.0,9.95,20.097,-8.037,9.965,0.0781,-21.8,61.39,-114.28,0.648,0.1808,9.05,2.52,0.55,50.4,50.4,12.6,-0.69
4432,20.029,-8.0,9.95,20.095,-8.037,9.965,0.0774,-21.8,61.39,-114.28,0.6467,0.1833,9.03,2.56,0.56,50.4,50.4,12.6,-0.69
4433,20.027,-8.0,9.95,20.093,-8.037,9.965,0.0768,-21.8,61.39,-114.3,0.6454,0.1858,9.01,2.59,0.56,50.4,50.4,12.6,-0.69
4434,20.026,-8.0,9.95,20.09,-8.037,9.965,0.0761,-21.8,61.41,-114.3,0.6441,0.1883,8.99,2.63,0.56,50.4,50.4,12.6,-0.69
4435,20.024,-8.0,9.95,20.088,-8.037,9.965,0.0754,-21.8,61.41,-114.3,0.6428,0.1909,8.98,2.66,0.57,50.4,50.4,12.6,-0.69
4436,20.022,-8.0,9.95,20.086,-8.036,9.965,0.0747,-21.8,61.41,-114.32,0.6415,0.1934,8.96,2.7,0.57,50.4,50.4,12.6,-0.69
4437,20.021,-8.0,9.95,20.084,-8.036,9.965,0.074,-21.82,61.41,-114.32,0.6402,0.1959,8.94,2.73,0.57,50.4,50.4,12.6,-0.69
4438,20.02,-8.0,9.95,20.082,-8.036,9.965,0.0733,-21.82,61.41,-114.32,0.6389,0.1984,8.92,2.77,0.58,50.4,50.4,12.6,-0.69
4439,20.018,-8.0,9.95,20.08,-8.036,9.965,0.0726,-21.82,61.41,-114.32,0.6376,0.2009,8.9,2.8,0.58,50.4,50.4,12.6,-0.69
4440,20.017,-8.0,9.95,20.078,-8.036,9.965,0.072,-21.82,61.44,-114.35,0.6364,0.2034,8.89,2.84,0.58,50.4,50.4,12.6,-0.69
4441,20.016,-8.0,9.95,20.076,-8.035,9.965,0.0713,-21.82,61.44,-114.35,0.6351,0.2059,8.87,2.87,0.58,50.4,50.4,12.6,-0.69
4442,20.014,-8.0,9.95,20.074,-8.035,9.965,0.0706,-21.82,61.44,-114.35,0.6338,0.2084,8.85,2.91,0.59,50.4,50.4,12.6,-0.69
4443,20.013,-8.0,9.95,20.072,-8.035,9.965,0.0699,-21.82,61.44,-114.37,0.6325,0.2109,8.83,2.94,0.59,50.4,50.4,12.6,-0.69
4444,20.012,-8.0,9.95,20.07,-8.035,9.965,0.0692,-21.82,61.44,-114.37,0.6312,0.2134,8.81,2.98,0.59,50.4,50.4,12.6,-0.69
4445,20.011,-8.0,9.95,20.068,-8.035,9.965,0.0686,-21.82,61.44,-114.37,0.6299,0.2159,8.8,3.01,0.6,50.4,50.4,12.6,-0.69
4446,20.01,-8.0,9.95,20.067,-8.034,9.965,0.0679,-21.82,61.44,-114.37,0.6286,0.2184,8.78,3.05,0.6,50.4,50.4,12.6,-0.69
4447,20.009,-8.0,9.95,20.065,-8.034,9.965,0.0672,-21.82,61.46,-114.39,0.6273,0.2209,8.76,3.08,0.6,50.4,50.4,12.6,-0.69
4448,20.008,-8.0,9.95,20.063,-8.034,9.965,0.0665,-21.82,61.46,-114.39,0.6261,0.2234,8.74,3.12,0.6,50.4,50.4,12.6,-0.69
4449,20.007,-8.0,9.95,20.062,-8.034,9.964,0.0658,-21.82,61.46,-114.39,0.6248,0.2259,8.72,3.15,0.61,50.4,50.4,12.6,-0.69
4450,20.006,-8.0,9.95,20.06,-8.034,9.964,0.0651,-21.82,61.46,-114.39,0.6235,0.2285,8.71,3.19,0.61,50.4,50.4,12.6,-0.69
4451,20.006,-8.0,9.95,20.059,-8.033,9.964,0.0645,-21.82,61.46,-114.41,0.6222,0.231,8.69,3.22,0.61,50.4,50.4,12.6,-0.69
4452,20.005,-8.0,9.95,20.057,-8.033,9.964,0.0638,-21.82,61.46,-114.41,0.6209,0.2335,8.67,3.26,0.62,50.4,50.4,12.6,-0.69
4453,20.004,-8.0,9.95,20.056,-8.033,9.964,0.0631,-21.82,61.46,-114.41,0.6197,0.236,8.65,3.3,0.62,50.4,50.4,12.6,-0.69
4454,20.004,-8.0,9.95,20.055,-8.033,9.964,0.0624,-21.82,61.46,-114.41,0.6184,0.2385,8.63,3.33,0.62,50.4,50.4,12.6,-0.69
4455,20.003,-8.0,9.95,20.053,-8.033,9.964,0.0618,-21.82,61.46,-114.41,0.6171,0.241,8.62,3.37,0.62,50.4,50.4,12.6,-0.69
4456,20.002,-8.0,9.95,20.052,-8.032,9.964,0.0611,-21.84,61.46,-114.43,0.6158,0.2435,8.6,3.4,0.63,50.4,50.4,12.6,-0.69
4457,20.002,-8.0,9.95,20.051,-8.032,9.964,0.0604,-21.84,61.48,-114.43,0.6146,0.246,8.58,3.44,0.63,50.4,50.4,12.6,-0.69
4458,20.002,-8.0,9.95,20.05,-8.032,9.964,0.0597,-21.84,61.48,-114.43,0.6133,0.2485,8.56,3.47,0.63,50.4,50.4,12.6,-0.69
4459,20.001,-8.0,9.95,20.049,-8.032,9.964,0.059,-21.84,61.48,-114.43,0.612,0.2511,8.55,3.51,0.64,50.4,50.4,12.6,-0.69
4460,20.001,-8.0,9.95,20.048,-8.032,9.964,0.0584,-21.84,61.48,-114.43,0.6108,0.2536,8.53,3.54,0.64,50.4,50.4,12.6,-0.69
4461,20.001,-8.0,9.95,20.047,-8.031,9.964,0.0577,-21.84,61.48,-114.43,0.6095,0.2561,8.51,3.58,0.64,50.4,50.4,12.6,-0.69
4462,20.0,-8.0,9.95,20.046,-8.031,9.964,0.057,-21.84,61.48,-114.46,0.6082,0.2586,8.49,3.61,0.64,50.4,50.4,12.6,-0.69
4463,20.0,-8.0,9.95,20.045,-8.031,9.964,0.0564,-21.84,61.48,-114.46,0.607,0.2611,8.47,3.65,0.65,50.4,50.4,12.6,-0.69
4464,20.0,-8.0,9.95,20.044,-8.031,9.964,0.0557,-21.84,61.48,-114.46,0.6057,0.2636,8.46,3.68,0.65,50.4,50.4,12.6,-0.69
4465,20.0,-8.0,9.95,20.044,-8.031,9.964,0.055,-21.84,61.48,-114.46,0.6045,0.2662,8.44,3.72,0.65,50.4,50.4,12.6,-0.69
4466,20.0,-8.0,9.95,20.047,-8.021,9.964,0.0534,-21.8,61.48,-114.46,0.6039,0.2672,8.43,3.73,0.27,50.4,50.4,12.6,-0.35
4466,20.0,-8.0,9.95,20.037,-8.045,9.964,0.0599,-21.88,61.48,-114.46,0.6036,0.2679,8.43,3.74,1.23,50.4,50.4,12.6,-0.21
4467,20.0,-8.0,9.95,20.041,-8.035,9.964,0.0561,-21.84,61.48,-114.46,0.604,0.2671,8.43,3.73,0.84,50.4,50.4,12.6,0.14
4468,20.0,-8.0,9.95,20.032,-8.059,9.964,0.0688,-21.91,61.48,-114.46,0.6045,0.266,8.44,3.71,1.79,50.4,50.4,12.6,0.28
4469,20.0,-8.0,9.95,20.032,-8.059,9.964,0.0691,-21.91,61.48,-114.46,0.605,0.265,8.45,3.7,1.78,50.4,50.4,12.6,0.28
4470,20.0,-8.0,9.95,20.032,-8.059,9.964,0.0694,-21.91,61.48,-114.46,0.6055,0.264,8.45,3.69,1.77,50.4,50.4,12.6,0.28
4471,20.0,-7.999,9.95,20.033,-8.059,9.964,0.0698,-21.91,61.48,-114.46,0.606,0.263,8.46,3.67,1.77,50.4,50.4,12.6,0.28
4472,20.0,-7.999,9.95,20.033,-8.06,9.964,0.0702,-21.91,61.48,-114.46,0.6065,0.262,8.47,3.66,1.76,50.4,50.4,12.6,0.28
4473,20.0,-7.999,9.95,20.033,-8.06,9.964,0.0707,-21.91,61.48,-114.46,0.607,0.261,8.48,3.64,1.75,50.4,50.4,12.6,0.28
4474,20.0,-7.998,9.95,20.033,-8.06,9.964,0.0713,-21.91,61.48,-114.46,0.6075,0.26,8.48,3.63,1.75,50.4,50.4,12.6,0.28
4475,20.0,-7.998,9.95,20.033,-8.06,9.964,0.0719,-21.91,61.48,-114.46,0.608,0.259,8.49,3.62,1.74,50.4,50.4,12.6,0.28
4476,20.0,-7.997,9.95,20.033,-8.061,9.964,0.0726,-21.93,61.48,-114.46,0.6085,0.258,8.5,3.6,1.73,50.4,50.4,12.6,0.28
4477,20.0,-7.997,9.95,20.032,-8.064,9.964,0.0752,-21.93,61.48,-114.46,0.609,0.2569,8.5,3.59,1.85,50.4,50.4,12.6,0.28
4478,20.0,-7.996,9.95,20.029,-8.07,9.964,0.0808,-21.95,61.48,-114.46,0.6095,0.2559,8.51,3.57,2.14,50.4,50.4,12.6,0.28
4479,20.0,-7.996,9.95,20.03,-8.07,9.964,0.0809,-21.95,61.48,-114.46,0.61,0.2549,8.52,3.56,2.14,50.4,50.4,12.6,0.28
4480,20.0,-7.995,9.95,20.03,-8.069,9.964,0.081,-21.95,61.48,-114.46,0.6105,0.2539,8.52,3.55,2.13,50.4,50.4,12.6,0.28
4481,20.0,-7.994,9.95,20.03,-8.069,9.964,0.0813,-21.95,61.48,-114.46,0.611,0.2529,8.53,3.53,2.14,50.4,50.4,12.6,0.28
4482,20.0,-7.994,9.95,20.03,-8.068,9.964,0.0816,-21.93,61.48,-114.46,0.6115,0.2519,8.54,3.52,2.14,50.4,50.4,12.6,0.28
4483,20.0,-7.993,9.95,20.03,-8.067,9.964,0.0819,-21.93,61.48,-114.46,0.612,0.2509,8.55,3.5,2.15,50.4,50.4,12.6,0.28
4484,20.0,-7.992,9.95,20.031,-8.067,9.964,0.0822,-21.93,61.48,-114.46,0.6125,0.2499,8.55,3.49,2.16,50.4,50.4,12.6,0.28
4485,20.0,-7.991,9.95,20.031,-8.066,9.964,0.0825,-21.93,61.48,-114.46,0.613,0.2489,8.56,3.47,2.16,50.4,50.4,12.6,0.28
4486,20.0,-7.99,9.95,20.031,-8.065,9.964,0.0829,-21.93,61.48,-114.46,0.6135,0.2478,8.57,3.46,2.17,50.4,50.4,12.6,0.28
4487,20.0,-7.989,9.95,20.031,-8.065,9.964,0.0832,-21.93,61.48,-114.46,0.614,0.2468,8.57,3.45,2.18,50.4,50.4,12.6,0.28
4488,20.0,-7.988,9.95,20.031,-8.064,9.964,0.0835,-21.93,61.48,-114.46,0.6145,0.2458,8.58,3.43,2.18,50.4,50.4,12.6,0.28
4489,20.0,-7.987,9.95,20.032,-8.063,9.964,0.0839,-21.93,61.48,-114.46,0.615,0.2448,8.59,3.42,2.19,50.4,50.4,12.6,0.28
4490,20.0,-7.986,9.95,20.032,-8.062,9.964,0.0842,-21.93,61.48,-114.46,0.6155,0.2438,8.59,3.4,2.2,50.4,50.4,12.6,0.28
4491,20.0,-7.984,9.95,20.032,-8.061,9.964,0.0846,-21.93,61.48,-114.46,0.616,0.2428,8.6,3.39,2.2,50.4,50.4,12.6,0.28
4492,20.0,-7.983,9.95,20.032,-8.06,9.964,0.0849,-21.93,61.48,-114.46,0.6165,0.2418,8.61,3.38,2.21,50.4,50.4,12.6,0.28
4493,20.0,-7.982,9.95,20.032,-8.059,9.964,0.0852,-21.91,61.48,-114.46,0.6169,0.2408,8.61,3.36,2.22,50.4,50.4,12.6,0.28
4494,20.0,-7.98,9.95,20.033,-8.058,9.964,0.0856,-21.91,61.48,-114.46,0.6174,0.2398,8.62,3.35,2.23,50.4,50.4,12.6,0.28
4495,20.0,-7.979,9.95,20.033,-8.057,9.964,0.0859,-21.91,61.48,-114.46,0.6179,0.2388,8.63,3.33,2.23,50.4,50.4,12.6,0.28
4496,20.0,-7.977,9.95,20.033,-8.056,9.964,0.0862,-21.91,61.48,-114.46,0.6184,0.2378,8.63,3.32,2.24,50.4,50.4,12.6,0.28
4497,20.0,-7.976,9.95,20.033,-8.055,9.964,0.0866,-21.91,61.48,-114.46,0.6189,0.2367,8.64,3.31,2.25,50.4,50.4,12.6,0.27
4498,20.0,-7.974,9.95,20.033,-8.053,9.964,0.0869,-21.91,61.48,-114.46,0.6194,0.2357,8.65,3.29,2.25,50.4,50.4,12.6,0.27
4499,20.0,-7.973,9.95,20.034,-8.052,9.964,0.0873,-21.91,61.48,-114.46,0.6199,0.2347,8.65,3.28,2.26,50.4,50.4,12.6,0.27
4500,20.0,-7.971,9.95,20.034,-8.05,9.965,0.0876,-21.88,61.48,-114.46,0.6203,0.2337,8.66,3.26,2.27,50.4,50.4,12.6,0.27
4501,20.0,-7.969,9.95,20.034,-8.049,9.965,0.0879,-21.88,61.48,-114.46,0.6208,0.2327,8.67,3.25,2.28,50.4,50.4,12.6,0.27
4502,20.0,-7.968,9.95,20.034,-8.048,9.965,0.0883,-21.88,61.48,-114.46,0.6213,0.2317,8.68,3.24,2.28,50.4,50.4,12.6,0.27
4503,20.0,-7.966,9.95,20.034,-8.046,9.965,0.0886,-21.88,61.48,-114.46,0.6218,0.2307,8.68,3.22,2.29,50.4,50.4,12.6,0.27
4504,20.0,-7.964,9.95,20.035,-8.044,9.965,0.089,-21.88,61.48,-114.46,0.6223,0.2297,8.69,3.21,2.3,50.4,50.4,12.6,0.27
4505,20.0,-7.962,9.95,20.035,-8.043,9.965,0.0893,-21.86,61.48,-114.48,0.6227,0.2287,8.7,3.19,2.31,50.4,50.4,12.6,0.27
4506,20.0,-7.96,9.95,20.035,-8.041,9.965,0.0896,-21.86,61.48,-114.48,0.6232,0.2277,8.7,3.18,2.31,50.4,50.4,12.6,0.27
4507,20.0,-7.958,9.95,20.035,-8.039,9.965,0.09,-21.86,61.5,-114.48,0.6237,0.2267,8.71,3.17,2.32,50.4,50.4,12.6,0.27
4508,20.0,-7.956,9.95,20.035,-8.038,9.965,0.0903,-21.86,61.5,-114.48,0.6242,0.2257,8.72,3.15,2.33,50.4,50.4,12.6,0.27
4509,20.0,-7.954,9.95,20.036,-8.036,9.965,0.0906,-21.86,61.5,-114.48,0.6247,0.2247,8.72,3.14,2.33,50.4,50.4,12.6,0.27
4510,20.0,-7.952,9.95,20.036,-8.034,9.965,0.091,-21.84,61.5,-114.48,0.6251,0.2237,8.73,3.12,2.34,50.4,50.4,12.6,0.27
4511,20.0,-7.949,9.95,20.036,-8.032,9.965,0.0913,-21.84,61.5,-114.48,0.6256,0.2227,8.74,3.11,2.35,50.4,50.4,12.6,0.27
4512,20.0,-7.947,9.95,20.036,-8.03,9.965,0.0917,-21.84,61.5,-114.48,0.6261,0.2217,8.74,3.1,2.36,50.4,50.4,12.6,0.27
4513,20.0,-7.945,9.95,20.036,-8.028,9.965,0.092,-21.84,61.5,-114.48,0.6266,0.2207,8.75,3.08,2.36,50.4,50.4,12.6,0.27
4514,20.0,-7.942,9.95,20.037,-8.026,9.965,0.0924,-21.82,61.5,-114.48,0.627,0.2197,8.75,3.07,2.37,50.4,50.4,12.6,0.27
4515,20.0,-7.94,9.95,20.037,-8.024,9.965,0.0927,-21.82,61.5,-114.48,0.6275,0.2187,8.76,3.05,2.38,50.4,50.4,12.6,0.27
4516,20.0,-7.937,9.95,20.037,-8.021,9.965,0.093,-21.82,61.5,-114.48,0.628,0.2177,8.77,3.04,2.39,50.4,50.4,12.6,0.27
4517,20.0,-7.935,9.95,20.037,-8.019,9.965,0.0934,-21.82,61.5,-114.5,0.6284,0.2167,8.77,3.03,2.39,50.4,50.4,12.6,0.27
4518,20.0,-7.932,9.95,20.037,-8.017,9.965,0.0937,-21.8,61.5,-114.5,0.6289,0.2157,8.78,3.01,2.4,50.4,50.4,12.6,0.27
4519,20.0,-7.93,9.95,20.038,-8.015,9.965,0.0941,-21.8,61.5,-114.5,0.6294,0.2147,8.79,3.0,2.41,50.4,50.4,12.6,0.27
4520,20.0,-7.927,9.95,20.038,-8.012,9.965,0.0944,-21.8,61.5,-114.5,0.6298,0.2137,8.79,2.98,2.42,50.4,50.4,12.6,0.27
4521,20.0,-7.924,9.95,20.038,-8.01,9.965,0.0947,-21.8,61.5,-114.5,0.6303,0.2127,8.8,2.97,2.42,50.4,50.4,12.6,0.27
4522,20.0,-7.922,9.95,20.038,-8.007,9.965,0.0951,-21.77,61.5,-114.5,0.6308,0.2117,8.81,2.96,2.43,50.4,50.4,12.6,0.27
4523,20.0,-7.919,9.95,20.038,-8.005,9.965,0.0954,-21.77,61.5,-114.5,0.6312,0.2107,8.81,2.94,2.44,50.4,50.4,12.6,0.27
4524,20.0,-7.916,9.95,20.039,-8.002,9.965,0.0958,-21.77,61.5,-114.5,0.6317,0.2097,8.82,2.93,2.45,50.4,50.4,12.6,0.27
4525,20.0,-7.913,9.95,20.039,-7.999,9.965,0.0961,-21.75,61.5,-114.5,0.6321,0.2087,8.83,2.91,2.45,50.4,50.4,12.6,0.27
4526,20.0,-7.91,9.95,20.039,-7.997,9.965,0.0964,-21.75,61.52,-114.52,0.6326,0.2077,8.83,2.9,2.46,50.4,50.4,12.6,0.27
4527,20.0,-7.907,9.95,20.039,-7.994,9.965,0.0968,-21.75,61.52,-114.52,0.6331,0.2067,8.84,2.89,2.47,50.4,50.4,12.6,0.27
4528,20.0,-7.904,9.95,20.039,-7.991,9.965,0.0971,-21.73,61.52,-114.52,0.6335,0.2057,8.85,2.87,2.48,50.4,50.4,12.6,0.27
4529,20.0,-7.901,9.95,20.04,-7.988,9.965,0.0975,-21.73,61.52,-114.52,0.634,0.2048,8.85,2.86,2.48,50.4,50.4,12.6,0.27
4530,20.0,-7.898,9.95,20.04,-7.985,9.965,0.0978,-21.73,61.52,-114.52,0.6344,0.2038,8.86,2.85,2.49,50.4,50.4,12.6,0.27
4531,20.0,-7.894,9.95,20.04,-7.983,9.966,0.0982,-21.71,61.52,-114.52,0.6349,0.2028,8.86,2.83,2.5,50.4,50.4,12.6,0.27
4532,20.0,-7.891,9.95,20.04,-7.98,9.966,0.0985,-21.71,61.52,-114.52,0.6353,0.2018,8.87,2.82,2.51,50.4,50.4,12.6,0.27
4533,20.0,-7.888,9.95,20.04,-7.976,9.966,0.0988,-21.71,61.52,-114.54,0.6358,0.2008,8.88,2.8,2.51,50.4,50.4,12.6,0.27
4534,20.0,-7.884,9.95,20.041,-7.973,9.966,0.0992,-21.69,61.52,-114.54,0.6362,0.1998,8.88,2.79,2.52,50.4,50.4,12.6,0.27
4535,20.0,-7.881,9.95,20.041,-7.97,9.966,0.0995,-21.69,61.52,-114.54,0.6367,0.1988,8.89,2.78,2.53,50.4,50.4,12.6,0.26
4536,20.0,-7.877,9.95,20.041,-7.967,9.966,0.0999,-21.69,61.52,-114.54,0.6371,0.1979,8.9,2.76,2.54,50.4,50.4,12.6,0.26
4537,20.0,-7.874,9.95,20.041,-7.964,9.966,0.1002,-21.67,61.52,-114.54,0.6376,0.1969,8.9,2.75,2.54,50.4,50.4,12.6,0.26
4538,20.0,-7.87,9.95,20.041,-7.961,9.966,0.1006,-21.67,61.52,-114.54,0.638,0.1959,8.91,2.74,2.55,50.4,50.4,12.6,0.26
4539,20.0,-7.867,9.95,20.042,-7.957,9.966,0.1009,-21.67,61.52,-114.54,0.6385,0.1949,8.91,2.72,2.56,50.4,50.4,12.6,0.26
4540,20.0,-7.863,9.95,20.042,-7.954,9.966,0.1012,-21.64,61.55,-114.57,0.6389,0.1939,8.92,2.71,2.57,50.4,50.4,12.6,0.26
4541,20.0,-7.859,9.95,20.042,-7.95,9.966,0.1016,-21.64,61.55,-114.57,0.6394,0.193,8.93,2.69,2.57,50.4,50.4,12.6,0.26
4542,20.0,-7.855,9.95,20.042,-7.947,9.966,0.1019,-21.62,61.55,-114.57,0.6398,0.192,8.93,2.68,2.58,50.4,50.4,12.6,0.26
4543,20.0,-7.852,9.95,20.042,-7.943,9.966,0.1023,-21.62,61.55,-114.57,0.6402,0.191,8.94,2.67,2.59,50.4,50.4,12.6,0.26
4544,20.0,-7.848,9.95,20.043,-7.94,9.966,0.1026,-21.62,61.55,-114.57,0.6407,0.19,8.95,2.65,2.6,50.4,50.4,12.6,0.26
4545,20.0,-7.844,9.95,20.043,-7.936,9.966,0.103,-21.6,61.55,-114.59,0.6411,0.1891,8.95,2.64,2.61,50.4,50.4,12.6,0.26
4546,20.0,-7.84,9.95,20.043,-7.932,9.966,0.1033,-21.6,61.55,-114.59,0.6416,0.1881,8.96,2.63,2.61,50.4,50.4,12.6,0.26
4547,20.0,-7.836,9.95,20.043,-7.929,9.966,0.1036,-21.58,61.55,-114.59,0.642,0.1871,8.96,2.61,2.62,50.4,50.4,12.6,0.26
4548,20.0,-7.832,9.95,20.043,-7.925,9.966,0.104,-21.58,61.55,-114.59,0.6424,0.1862,8.97,2.6,2.63,50.4,50.4,12.6,0.26
4549,20.0,-7.828,9.95,20.044,-7.921,9.966,0.1043,-21.56,61.55,-114.59,0.6429,0.1852,8.98,2.59,2.64,50.4,50.4,12.6,0.26
4550,20.0,-7.823,9.95,20.044,-7.917,9.966,0.1047,-21.56,61.57,-114.59,0.6433,0.1842,8.98,2.57,2.64,50.4,50.4,12.6,0.26
4551,20.0,-7.819,9.95,20.044,-7.913,9.966,0.105,-21.53,61.57,-114.61,0.6437,0.1833,8.99,2.56,2.65,50.4,50.4,12.6,0.26
4552,20.0,-7.815,9.95,20.044,-7.909,9.966,0.1054,-21.53,61.57,-114.61,0.6441,0.1823,8.99,2.55,2.66,50.4,50.4,12.6,0.26
4553,20.0,-7.811,9.95,20.044,-7.905,9.966,0.1057,-21.53,61.57,-114.61,0.6446,0.1813,9.0,2.53,2.67,50.4,50.4,12.6,0.26
4554,20.0,-7.806,9.95,20.045,-7.901,9.966,0.106,-21.51,61.57,-114.61,0.645,0.1804,9.01,2.52,2.68,50.4,50.4,12.6,0.26
4555,20.0,-7.802,9.95,20.045,-7.897,9.966,0.1064,-21.51,61.57,-114.61,0.6454,0.1794,9.01,2.5,2.68,50.4,50.4,12.6,0.26
4556,20.0,-7.797,9.95,20.045,-7.893,9.966,0.1067,-21.49,61.57,-114.63,0.6458,0.1784,9.02,2.49,2.69,50.4,50.4,12.6,0.26
4557,20.0,-7.793,9.95,20.045,-7.888,9.966,0.1071,-21.49,61.57,-114.63,0.6463,0.1775,9.02,2.48,2.7,50.4,50.4,12.6,0.26
4558,20.0,-7.788,9.95,20.045,-7.884,9.967,0.1074,-21.47,61.57,-114.63,0.6467,0.1765,9.03,2.46,2.71,50.4,50.4,12.6,0.26
4559,20.0,-7.784,9.95,20.046,-7.88,9.967,0.1078,-21.47,61.57,-114.63,0.6471,0.1756,9.04,2.45,2.72,50.4,50.4,12.6,0.25
4560,20.0,-7.779,9.95,20.046,-7.875,9.967,0.1081,-21.45,61.59,-114.65,0.6475,0.1746,9.04,2.44,2.72,50.4,50.4,12.6,0.25
4561,20.0,-7.774,9.95,20.046,-7.871,9.967,0.1084,-21.45,61.59,-114.65,0.6479,0.1737,9.05,2.42,2.73,50.4,50.4,12.6,0.25
4562,20.0,-7.769,9.95,20.046,-7.866,9.967,0.1088,-21.42,61.59,-114.65,0.6484,0.1727,9.05,2.41,2.74,50.4,50.4,12.6,0.25
4563,20.0,-7.765,9.95,20.046,-7.862,9.967,0.1091,-21.42,61.59,-114.65,0.6488,0.1718,9.06,2.4,2.75,50.4,50.4,12.6,0.25
4564,20.0,-7.76,9.95,20.047,-7.857,9.967,0.1095,-21.4,61.59,-114.65,0.6492,0.1708,9.06,2.39,2.75,50.4,50.4,12.6,0.25
4565,20.0,-7.755,9.95,20.047,-7.853,9.967,0.1098,-21.4,61.59,-114.68,0.6496,0.1699,9.07,2.37,2.76,50.4,50.4,12.6,0.25
4566,20.0,-7.75,9.95,20.047,-7.848,9.967,0.1102,-21.38,61.59,-114.68,0.65,0.1689,9.08,2.36,2.77,50.4,50.4,12.6,0.25
4567,20.0,-7.745,9.95,20.047,-7.843,9.967,0.1105,-21.36,61.59,-114.68,0.6504,0.168,9.08,2.35,2.78,50.4,50.4,12.6,0.25
4568,20.0,-7.74,9.95,20.047,-7.838,9.967,0.1108,-21.36,61.61,-114.68,0.6508,0.1671,9.09,2.33,2.79,50.4,50.4,12.6,0.25
4569,20.0,-7.735,9.95,20.048,-7.834,9.967,0.1112,-21.34,61.61,-114.7,0.6512,0.1661,9.09,2.32,2.79,50.4,50.4,12.6,0.25
4570,20.0,-7.729,9.95,20.048,-7.829,9.967,0.1115,-21.34,61.61,-114.7,0.6516,0.1652,9.1,2.31,2.8,50.4,50.4,12.6,0.25
4571,20.0,-7.724,9.95,20.048,-7.824,9.967,0.1119,-21.31,61.61,-114.7,0.652,0.1642,9.1,2.29,2.81,50.4,50.4,12.6,0.25
4572,20.0,-7.719,9.95,20.048,-7.819,9.967,0.1122,-21.31,61.61,-114.7,0.6524,0.1633,9.11,2.28,2.82,50.4,50.4,12.6,0.25
4573,20.0,-7.714,9.95,20.048,-7.814,9.967,0.1125,-21.29,61.61,-114.72,0.6528,0.1624,9.12,2.27,2.83,50.4,50.4,12.6,0.25
4574,20.0,-7.708,9.95,20.049,-7.809,9.967,0.1129,-21.27,61.61,-114.72,0.6532,0.1614,9.12,2.25,2.84,50.4,50.4,12.6,0.25
4575,20.0,-7.703,9.95,20.049,-7.803,9.967,0.1132,-21.27,61.61,-114.72,0.6536,0.1605,9.13,2.24,2.84,50.4,50.4,12.6,0.25
4576,20.0,-7.697,9.95,20.049,-7.798,9.967,0.1136,-21.25,61.63,-114.72,0.654,0.1596,9.13,2.23,2.85,50.4,50.4,12.6,0.25
4577,20.0,-7.692,9.95,20.049,-7.793,9.967,0.1139,-21.25,61.63,-114.74,0.6544,0.1587,9.14,2.22,2.86,50.4,50.4,12.6,0.24
4578,20.0,-7.686,9.95,20.049,-7.788,9.967,0.1142,-21.23,61.63,-114.74,0.6548,0.1577,9.14,2.2,2.87,50.4,50.4,12.6,0.24
4579,20.0,-7.681,9.95,20.049,-7.782,9.967,0.1146,-21.2,61.63,-114.74,0.6552,0.1568,9.15,2.19,2.88,50.4,50.4,12.6,0.24
4580,20.0,-7.675,9.95,20.05,-7.777,9.967,0.115,-21.2,61.63,-114.76,0.6557,0.1559,9.16,2.18,2.89,50.4,50.4,12.6,0.29
4581,20.0,-7.669,9.95,20.05,-7.772,9.967,0.1153,-21.18,61.63,-114.76,0.6562,0.155,9.16,2.16,2.9,50.4,50.4,12.6,0.31
4582,20.0,-7.663,9.95,20.05,-7.766,9.967,0.1156,-21.18,61.63,-114.76,0.6566,0.1541,9.17,2.15,2.9,50.4,50.4,12.6,0.26
4583,20.0,-7.657,9.95,20.05,-7.76,9.967,0.1159,-21.16,61.66,-114.76,0.657,0.1532,9.17,2.14,2.91,50.4,50.4,12.6,0.24
4584,20.0,-7.652,9.95,20.05,-7.755,9.967,0.1163,-21.14,61.66,-114.79,0.6574,0.1522,9.18,2.13,2.92,50.4,50.4,12.6,0.24
4585,20.0,-7.646,9.95,20.051,-7.749,9.968,0.1166,-21.14,61.66,-114.79,0.6577,0.1513,9.18,2.11,2.93,50.4,50.4,12.6,0.24
4586,20.0,-7.64,9.95,20.051,-7.743,9.968,0.117,-21.12,61.66,-114.79,0.6581,0.1504,9.19,2.1,2.93,50.4,50.4,12.6,0.24
4587,20.0,-7.634,9.95,20.051,-7.738,9.968,0.1173,-21.09,61.66,-114.81,0.6585,0.1495,9.19,2.09,2.94,50.4,50.4,12.6,0.24
4588,20.0,-7.628,9.95,20.051,-7.732,9.968,0.1176,-21.09,61.66,-114.81,0.6589,0.1486,9.2,2.07,2.95,50.4,50.4,12.6,0.24
4589,20.0,-7.621,9.95,20.051,-7.726,9.968,0.118,-21.07,61.66,-114.81,0.6593,0.1477,9.2,2.06,2.96,50.4,50.4,12.6,0.24
4590,20.0,-7.615,9.95,20.052,-7.72,9.968,0.1183,-21.05,61.68,-114.81,0.6596,0.1468,9.21,2.05,2.97,50.4,50.4,12.6,0.24
4591,20.0,-7.609,9.95,20.052,-7.714,9.968,0.1187,-21.05,61.68,-114.83,0.66,0.1459,9.22,2.04,2.97,50.4,50.4,12.6,0.24
4592,20.0,-7.603,9.95,20.052,-7.708,9.968,0.119,-21.03,61.68,-114.83,0.6604,0.145,9.22,2.02,2.98,50.4,50.4,12.6,0.24
4593,20.0,-7.596,9.95,20.052,-7.702,9.968,0.1193,-21.01,61.68,-114.83,0.6607,0.1441,9.23,2.01,2.99,50.4,50.4,12.6,0.24
4594,20.0,-7.59,9.95,20.052,-7.696,9.968,0.1197,-21.01,61.68,-114.85,0.6611,0.1432,9.23,2.0,3.0,50.4,50.4,12.6,0.24
4595,20.0,-7.584,9.95,20.053,-7.69,9.968,0.12,-20.98,61.68,-114.85,0.6615,0.1423,9.24,1.99,3.01,50.4,50.4,12.6,0.23
4596,20.0,-7.577,9.95,20.053,-7.684,9.968,0.1203,-20.96,61.7,-114.85,0.6618,0.1414,9.24,1.97,3.02,50.4,50.4,12.6,0.23
4597,20.0,-7.571,9.95,20.053,-7.677,9.968,0.1207,-20.94,61.7,-114.87,0.6622,0.1405,9.25,1.96,3.03,50.4,50.4,12.6,0.23
4598,20.0,-7.564,9.95,20.053,-7.671,9.968,0.121,-20.94,61.7,-114.87,0.6626,0.1397,9.25,1.95,3.03,50.4,50.4,12.6,0.23
4599,20.0,-7.557,9.95,20.053,-7.665,9.968,0.1214,-20.92,61.7,-114.87,0.6629,0.1388,9.26,1.94,3.04,50.4,50.4,12.6,0.23
4600,20.0,-7.551,9.95,20.054,-7.658,9.968,0.1217,-20.9,61.7,-114.9,0.6633,0.1379,9.26,1.93,3.05,50.4,50.4,12.6,0.23
4601,20.0,-7.544,9.95,20.054,-7.652,9.968,0.122,-20.9,61.7,-114.9,0.6636,0.137,9.27,1.91,3.06,50.4,50.4,12.6,0.23
4602,20.0,-7.537,9.95,20.054,-7.645,9.968,0.1224,-20.87,61.72,-114.9,0.664,0.1361,9.27,1.9,3.07,50.4,50.4,12.6,0.23
4603,20.0,-7.53,9.95,20.054,-7.639,9.968,0.1227,-20.85,61.72,-114.92,0.6643,0.1353,9.28,1.89,3.08,50.4,50.4,12.6,0.23
4604,20.0,-7.524,9.95,20.054,-7.632,9.968,0.123,-20.83,61.72,-114.92,0.6647,0.1344,9.28,1.88,3.08,50.4,50.4,12.6,0.23
4605,20.0,-7.517,9.95,20.054,-7.626,9.968,0.1234,-20.83,61.72,-114.92,0.665,0.1335,9.29,1.86,3.09,50.4,50.4,12.6,0.23
4606,20.0,-7.51,9.95,20.055,-7.619,9.969,0.1237,-20.81,61.72,-114.94,0.6654,0.1327,9.29,1.85,3.1,50.4,50.4,12.6,0.23
4607,20.0,-7.503,9.95,20.055,-7.612,9.969,0.124,-20.79,61.72,-114.94,0.6657,0.1318,9.3,1.84,3.11,50.4,50.4,12.6,0.23
4608,20.0,-7.495,9.95,20.055,-7.605,9.969,0.1244,-20.76,61.74,-114.94,0.6661,0.1309,9.3,1.83,3.12,50.4,50.4,12.6,0.23
4609,20.0,-7.488,9.95,20.055,-7.599,9.969,0.1247,-20.74,61.74,-114.96,0.6664,0.1301,9.3,1.82,3.13,50.4,50.4,12.6,0.22
4610,20.0,-7.481,9.95,20.055,-7.592,9.969,0.125,-20.74,61.74,-114.96,0.6668,0.1292,9.31,1.8,3.14,50.4,50.4,12.6,0.22
4611,20.0,-7.474,9.95,20.056,-7.585,9.969,0.1254,-20.72,61.74,-114.96,0.6671,0.1283,9.31,1.79,3.14,50.4,50.4,12.6,0.22
4612,20.0,-7.467,9.95,20.056,-7.578,9.969,0.1257,-20.7,61.74,-114.98,0.6674,0.1275,9.32,1.78,3.15,50.4,50.4,12.6,0.22
4613,20.0,-7.459,9.95,20.056,-7.571,9.969,0.126,-20.68,61.77,-114.98,0.6678,0.1266,9.32,1.77,3.16,50.4,50.4,12.6,0.22
4614,20.0,-7.452,9.95,20.056,-7.564,9.969,0.1264,-20.65,61.77,-114.98,0.6681,0.1258,9.33,1.76,3.17,50.4,50.4,12.6,0.22
4615,20.0,-7.445,9.95,20.056,-7.556,9.969,0.1267,-20.65,61.77,-115.0,0.6684,0.1249,9.33,1.74,3.18,50.4,50.4,12.6,0.22
4616,20.0,-7.437,9.95,20.057,-7.549,9.969,0.127,-20.63,61.77,-115.0,0.6688,0.1241,9.34,1.73,3.19,50.4,50.4,12.6,0.22
4617,20.0,-7.43,9.95,20.057,-7.542,9.969,0.1274,-20.61,61.77,-115.03,0.6691,0.1233,9.34,1.72,3.2,50.4,50.4,12.6,0.22
4618,20.0,-7.422,9.95,20.057,-7.535,9.969,0.1277,-20.59,61.77,-115.03,0.6694,0.1224,9.35,1.71,3.2,50.4,50.4,12.6,0.22
4619,20.0,-7.414,9.95,20.057,-7.527,9.969,0.128,-20.57,61.79,-115.03,0.6697,0.1216,9.35,1.7,3.21,50.4,50.4,12.6,0.22
4620,20.0,-7.407,9.95,20.057,-7.52,9.969,0.1284,-20.54,61.79,-115.05,0.6701,0.1208,9.36,1.69,3.22,50.4,50.4,12.6,0.22
4621,20.0,-7.399,9.95,20.057,-7.512,9.969,0.1287,-20.52,61.79,-115.05,0.6704,0.1199,9.36,1.67,3.23,50.4,50.4,12.6,0.21
4622,20.0,-7.391,9.95,20.058,-7.505,9.969,0.129,-20.52,61.79,-115.05,0.6707,0.1191,9.36,1.66,3.24,50.4,50.4,12.6,0.21
4623,20.0,-7.383,9.95,20.058,-7.497,9.969,0.1294,-20.5,61.79,-115.07,0.671,0.1183,9.37,1.65,3.25,50.4,50.4,12.6,0.21
4624,20.0,-7.375,9.95,20.058,-7.49,9.969,0.1297,-20.48,61.81,-115.07,0.6713,0.1174,9.37,1.64,3.26,50.4,50.4,12.6,0.21
4625,20.0,-7.367,9.95,20.058,-7.482,9.969,0.13,-20.46,61.81,-115.09,0.6716,0.1166,9.38,1.63,3.27,50.4,50.4,12.6,0.21
4626,20.0,-7.359,9.95,20.058,-7.474,9.969,0.1303,-20.43,61.81,-115.09,0.6719,0.1158,9.38,1.62,3.27,50.4,50.4,12.6,0.21
4627,20.0,-7.351,9.95,20.059,-7.467,9.969,0.1307,-20.41,61.81,-115.09,0.6723,0.115,9.39,1.61,3.28,50.4,50.4,12.6,0.25
4628,20.0,-7.343,9.95,20.059,-7.459,9.969,0.1311,-20.39,61.81,-115.11,0.6728,0.1142,9.39,1.59,3.3,50.4,50.4,12.6,0.3
4629,20.0,-7.335,9.95,20.059,-7.451,9.969,0.1313,-20.37,61.83,-115.11,0.6732,0.1134,9.4,1.58,3.3,50.4,50.4,12.6,0.26
4630,20.0,-7.327,9.95,20.059,-7.443,9.97,0.1316,-20.35,61.83,-115.14,0.6735,0.1126,9.4,1.57,3.31,50.4,50.4,12.6,0.21
4631,20.0,-7.319,9.95,20.059,-7.435,9.97,0.132,-20.35,61.83,-115.14,0.6738,0.1118,9.41,1.56,3.32,50.4,50.4,12.6,0.21
4632,20.0,-7.311,9.95,20.059,-7.427,9.97,0.1323,-20.32,61.83,-115.14,0.6741,0.111,9.41,1.55,3.33,50.4,50.4,12.6,0.21
4633,20.0,-7.302,9.95,20.06,-7.419,9.97,0.1326,-20.3,61.83,-115.16,0.6744,0.1102,9.42,1.54,3.34,50.4,50.4,12.6,0.21
4634,20.0,-7.294,9.95,20.06,-7.411,9.97,0.1329,-20.28,61.85,-115.16,0.6747,0.1094,9.42,1.53,3.35,50.4,50.4,12.6,0.2
4635,20.0,-7.285,9.95,20.06,-7.403,9.97,0.1333,-20.26,61.85,-115.18,0.675,0.1086,9.42,1.52,3.35,50.4,50.4,12.6,0.2
4636,20.0,-7.277,9.95,20.06,-7.394,9.97,0.1336,-20.24,61.85,-115.18,0.6753,0.1078,9.43,1.51,3.36,50.4,50.4,12.6,0.2
4637,20.0,-7.268,9.95,20.06,-7.386,9.97,0.1339,-20.21,61.85,-115.18,0.6756,0.107,9.43,1.49,3.37,50.4,50.4,12.6,0.2
4638,20.0,-7.26,9.95,20.061,-7.378,9.97,0.1342,-20.19,61.85,-115.2,0.6759,0.1062,9.44,1.48,3.38,50.4,50.4,12.6,0.2
4639,20.0,-7.251,9.95,20.061,-7.369,9.97,0.1346,-20.17,61.88,-115.2,0.6761,0.1055,9.44,1.47,3.39,50.4,50.4,12.6,0.2
4640,20.0,-7.242,9.95,20.061,-7.361,9.97,0.1349,-20.15,61.88,-115.22,0.6764,0.1047,9.44,1.46,3.4,50.4,50.4,12.6,0.2
4641,20.0,-7.234,9.95,20.061,-7.353,9.97,0.1352,-20.13,61.88,-115.22,0.6767,0.1039,9.45,1.45,3.41,50.4,50.4,12.6,0.2
4642,20.0,-7.225,9.95,20.061,-7.344,9.97,0.1355,-20.1,61.88,-115.25,0.677,0.1031,9.45,1.44,3.42,50.4,50.4,12.6,0.2
4643,20.0,-7.216,9.95,20.061,-7.336,9.97,0.1359,-20.08,61.9,-115.25,0.6773,0.1024,9.46,1.43,3.43,50.4,50.4,12.6,0.2
4644,20.0,-7.207,9.95,20.062,-7.327,9.97,0.1362,-20.06,61.9,-115.25,0.6775,0.1016,9.46,1.42,3.43,50.4,50.4,12.6,0.19
4645,20.0,-7.198,9.95,20.062,-7.318,9.97,0.1365,-20.04,61.9,-115.27,0.6778,0.1008,9.46,1.41,3.44,50.4,50.4,12.6,0.19
4646,20.0,-7.189,9.95,20.062,-7.31,9.97,0.1368,-20.02,61.9,-115.27,0.6781,0.1001,9.47,1.4,3.45,50.4,50.4,12.6,0.19
4647,20.0,-7.18,9.95,20.062,-7.301,9.97,0.1371,-20.0,61.9,-115.29,0.6783,0.0993,9.47,1.39,3.46,50.4,50.4,12.6,0.19
4648,20.0,-7.171,9.95,20.062,-7.292,9.971,0.1375,-19.97,61.92,-115.29,0.6786,0.0985,9.48,1.38,3.47,50.4,50.4,12.6,0.19
4649,20.0,-7.162,9.95,20.062,-7.283,9.971,0.1378,-19.95,61.92,-115.31,0.6789,0.0978,9.48,1.37,3.48,50.4,50.4,12.6,0.19
4650,20.0,-7.153,9.95,20.063,-7.274,9.971,0.1381,-19.93,61.92,-115.31,0.6791,0.097,9.48,1.36,3.49,50.4,50.4,12.6,0.19
4651,20.0,-7.144,9.95,20.063,-7.265,9.971,0.1384,-19.91,61.92,-115.31,0.6794,0.0963,9.49,1.34,3.5,50.4,50.4,12.6,0.19
4652,20.0,-7.134,9.95,20.063,-7.256,9.971,0.1387,-19.89,61.94,-115.33,0.6796,0.0956,9.49,1.33,3.51,50.4,50.4,12.6,0.19
4653,20.0,-7.125,9.95,20.063,-7.247,9.971,0.1391,-19.86,61.94,-115.33,0.6799,0.0948,9.49,1.32,3.52,50.4,50.4,12.6,0.19
4654,20.0,-7.116,9.95,20.063,-7.238,9.971,0.1394,-19.84,61.94,-115.36,0.6802,0.0941,9.5,1.31,3.53,50.4,50.4,12.6,0.18
4655,20.0,-7.106,9.949,20.064,-7.229,9.971,0.1397,-19.82,61.94,-115.36,0.6804,0.0934,9.5,1.3,3.53,50.4,50.4,12.6,0.18
4656,20.0,-7.097,9.949,20.064,-7.22,9.971,0.14,-19.8,61.96,-115.38,0.6807,0.0926,9.5,1.29,3.54,50.4,50.4,12.6,0.18
4657,20.0,-7.087,9.949,20.064,-7.21,9.971,0.1403,-19.78,61.96,-115.38,0.6809,0.0919,9.51,1.28,3.55,50.4,50.4,12.6,0.18
4658,20.0,-7.078,9.949,20.064,-7.201,9.971,0.1406,-19.75,61.96,-115.4,0.6811,0.0912,9.51,1.27,3.56,50.4,50.4,12.6,0.18
4659,20.0,-7.068,9.949,20.064,-7.192,9.971,0.1409,-19.71,61.96,-115.4,0.6814,0.0905,9.51,1.26,3.57,50.4,50.4,12.6,0.18
4660,20.0,-7.058,9.949,20.064,-7.182,9.971,0.1413,-19.69,61.96,-115.42,0.6816,0.0897,9.52,1.25,3.58,50.4,50.4,12.6,0.18
4661,20.0,-7.049,9.949,20.065,-7.173,9.971,0.1416,-19.67,61.98,-115.42,0.6819,0.089,9.52,1.24,3.59,50.4,50.4,12.6,0.18
4662,20.0,-7.039,9.949,20.065,-7.163,9.971,0.1419,-19.64,61.98,-115.44,0.6821,0.0883,9.52,1.23,3.6,50.4,50.4,12.6,0.18
4663,20.0,-7.029,9.949,20.065,-7.154,9.971,0.1422,-19.62,61.98,-115.44,0.6824,0.0876,9.53,1.22,3.61,50.4,50.4,12.6,0.19
4664,20.0,-7.019,9.949,20.065,-7.144,9.971,0.1426,-19.6,61.98,-115.44,0.6828,0.0869,9.53,1.21,3.62,50.4,50.4,12.6,0.29
4665,20.0,-7.009,9.949,20.065,-7.134,9.971,0.1429,-19.58,62.01,-115.47,0.6832,0.0862,9.54,1.2,3.63,50.4,50.4,12.6,0.27
4666,20.0,-6.999,9.949,20.065,-7.125,9.971,0.1431,-19.56,62.01,-115.47,0.6834,0.0856,9.54,1.19,3.64,50.4,50.4,12.6,0.17
4667,20.0,-6.989,9.949,20.066,-7.115,9.971,0.1434,-19.53,62.01,-115.49,0.6837,0.0849,9.55,1.18,3.65,50.4,50.4,12.6,0.17
4668,20.0,-6.979,9.949,20.066,-7.105,9.971,0.1437,-19.49,62.01,-115.49,0.6839,0.0842,9.55,1.18,3.65,50.4,50.4,12.6,0.17
4669,20.0,-6.969,9.949,20.066,-7.095,9.971,0.144,-19.47,62.03,-115.51,0.6841,0.0835,9.55,1.17,3.66,50.4,50.4,12.6,0.17
4670,20.0,-6.959,9.949,20.066,-7.085,9.972,0.1444,-19.45,62.03,-115.51,0.6843,0.0828,9.55,1.16,3.67,50.4,50.4,12.6,0.17
4671,20.0,-6.948,9.949,20.066,-7.075,9.972,0.1447,-19.42,62.03,-115.53,0.6845,0.0821,9.56,1.15,3.68,50.4,50.4,12.6,0.17
4672,20.0,-6.938,9.949,20.066,-7.065,9.972,0.145,-19.4,62.03,-115.53,0.6847,0.0815,9.56,1.14,3.69,50.4,50.4,12.6,0.17
4673,20.0,-6.928,9.949,20.067,-7.055,9.972,0.1453,-19.38,62.05,-115.55,0.685,0.0808,9.56,1.13,3.7,50.4,50.4,12.6,0.17
4674,20.0,-6.917,9.949,20.067,-7.045,9.972,0.1456,-19.34,62.05,-115.55,0.6852,0.0801,9.57,1.12,3.71,50.4,50.4,12.6,0.16
4675,20.0,-6.907,9.949,20.067,-7.035,9.972,0.1459,-19.31,62.05,-115.58,0.6854,0.0795,9.57,1.11,3.72,50.4,50.4,12.6,0.16
4676,20.0,-6.897,9.949,20.067,-7.025,9.972,0.1462,-19.29,62.05,-115.58,0.6856,0.0788,9.57,1.1,3.73,50.4,50.4,12.6,0.16
4677,20.0,-6.886,9.949,20.067,-7.014,9.972,0.1465,-19.27,62.07,-115.6,0.6858,0.0781,9.58,1.09,3.74,50.4,50.4,12.6,0.16
4678,20.0,-6.875,9.949,20.067,-7.004,9.972,0.1468,-19.25,62.07,-115.6,0.686,0.0775,9.58,1.08,3.75,50.4,50.4,12.6,0.16
4679,20.0,-6.865,9.949,20.068,-6.994,9.972,0.1471,-19.2,62.07,-115.62,0.6862,0.0768,9.58,1.07,3.76,50.4,50.4,12.6,0.16
4680,20.0,-6.854,9.949,20.068,-6.983,9.972,0.1474,-19.18,62.07,-115.62,0.6864,0.0762,9.58,1.06,3.77,50.4,50.4,12.6,0.16
4681,20.0,-6.843,9.949,20.068,-6.973,9.972,0.1477,-19.16,62.09,-115.64,0.6865,0.0755,9.59,1.05,3.78,50.4,50.4,12.6,0.16
4682,20.0,-6.833,9.949,20.068,-6.962,9.972,0.148,-19.14,62.09,-115.64,0.6867,0.0749,9.59,1.05,3.79,50.4,50.4,12.6,0.15
4683,20.0,-6.822,9.949,20.068,-6.951,9.972,0.1483,-19.12,62.09,-115.66,0.6869,0.0743,9.59,1.04,3.8,50.4,50.4,12.6,0.15
4684,20.0,-6.811,9.949,20.068,-6.941,9.972,0.1486,-19.07,62.09,-115.66,0.6871,0.0736,9.59,1.03,3.81,50.4,50.4,12.6,0.15
4685,20.0,-6.8,9.949,20.068,-6.93,9.972,0.1489,-19.05,62.12,-115.69,0.6873,0.073,9.6,1.02,3.81,50.4,50.4,12.6,0.15
4686,20.0,-6.789,9.949,20.069,-6.919,9.972,0.1492,-19.03,62.12,-115.69,0.6875,0.0724,9.6,1.01,3.82,50.4,50.4,12.6,0.15
4687,20.0,-6.778,9.949,20.069,-6.909,9.973,0.1495,-19.01,62.12,-115.71,0.6876,0.0718,9.6,1.0,3.83,50.4,50.4,12.6,0.15
4688,20.0,-6.767,9.949,20.069,-6.898,9.973,0.1498,-18.96,62.14,-115.71,0.6878,0.0712,9.6,0.99,3.84,50.4,50.4,12.6,0.15
4689,20.0,-6.756,9.949,20.069,-6.887,9.973,0.1501,-18.94,62.14,-115.73,0.688,0.0706,9.61,0.99,3.85,50.4,50.4,12.6,0.15
4690,20.0,-6.745,9.949,20.069,-6.876,9.973,0.1504,-18.92,62.14,-115.73,0.6882,0.07,9.61,0.98,3.86,50.4,50.4,12.6,0.15
4691,20.0,-6.733,9.949,20.069,-6.865,9.973,0.1507,-18.87,62.14,-115.75,0.6883,0.0693,9.61,0.97,3.87,50.4,50.4,12.6,0.14
4692,20.0,-6.722,9.949,20.07,-6.854,9.973,0.151,-18.85,62.16,-115.77,0.6885,0.0687,9.61,0.96,3.88,50.4,50.4,12.6,0.14
4693,20.0,-6.711,9.949,20.07,-6.843,9.973,0.1513,-18.83,62.16,-115.77,0.6886,0.0682,9.62,0.95,3.89,50.4,50.4,12.6,0.14
4694,20.0,-6.699,9.949,20.07,-6.832,9.973,0.1516,-18.81,62.16,-115.8,0.689,0.0676,9.62,0.94,3.9,50.4,50.4,12.6,0.21
4695,20.0,-6.688,9.949,20.07,-6.821,9.973,0.152,-18.76,62.16,-115.8,0.6894,0.067,9.63,0.94,3.92,50.4,50.4,12.6,0.27
4696,20.0,-6.676,9.949,20.07,-6.809,9.973,0.1522,-18.74,62.18,-115.82,0.6896,0.0664,9.63,0.93,3.92,50.4,50.4,12.6,0.2
4697,20.0,-6.665,9.949,20.07,-6.798,9.973,0.1525,-18.72,62.18,-115.82,0.6898,0.0659,9.63,0.92,3.93,50.4,50.4,12.6,0.14
4698,20.0,-6.653,9.949,20.071,-6.787,9.973,0.1527,-18.68,62.18,-115.84,0.6899,0.0653,9.63,0.91,3.94,50.4,50.4,12.6,0.14
4699,20.0,-6.642,9.949,20.071,-6.775,9.973,0.153,-18.65,62.2,-115.84,0.69,0.0647,9.63,0.9,3.95,50.4,50.4,12.6,0.13
4700,20.0,-6.63,9.949,20.071,-6.764,9.973,0.1533,-18.63,62.2,-115.86,0.6902,0.0642,9.64,0.9,3.96,50.4,50.4,12.6,0.13
4701,20.0,-6.618,9.949,20.071,-6.752,9.973,0.1536,-18.59,62.2,-115.86,0.6903,0.0636,9.64,0.89,3.97,50.4,50.4,12.6,0.13
4702,20.0,-6.606,9.949,20.071,-6.741,9.973,0.1539,-18.57,62.2,-115.88,0.6905,0.063,9.64,0.88,3.98,50.4,50.4,12.6,0.13
4703,20.0,-6.595,9.949,20.071,-6.729,9.973,0.1542,-18.54,62.23,-115.88,0.6906,0.0625,9.64,0.87,3.99,50.4,50.4,12.6,0.13
4704,20.0,-6.583,9.949,20.071,-6.718,9.973,0.1545,-18.5,62.23,-115.91,0.6907,0.0619,9.64,0.86,4.0,50.4,50.4,12.6,0.13
4705,20.0,-6.571,9.949,20.072,-6.706,9.973,0.1548,-18.48,62.23,-115.93,0.6909,0.0614,9.65,0.86,4.01,50.4,50.4,12.6,0.13
4706,20.0,-6.559,9.949,20.072,-6.694,9.973,0.1551,-18.44,62.23,-115.93,0.691,0.0608,9.65,0.85,4.02,50.4,50.4,12.6,0.13
4707,20.0,-6.547,9.949,20.072,-6.682,9.973,0.1553,-18.41,62.25,-115.95,0.6911,0.0603,9.65,0.84,4.03,50.4,50.4,12.6,0.12
4708,20.0,-6.535,9.949,20.072,-6.67,9.974,0.1556,-18.39,62.25,-115.95,0.6912,0.0598,9.65,0.83,4.04,50.4,50.4,12.6,0.12
4709,20.0,-6.522,9.949,20.072,-6.659,9.974,0.1559,-18.35,62.25,-115.97,0.6914,0.0593,9.65,0.83,4.05,50.4,50.4,12.6,0.12
4710,20.0,-6.51,9.949,20.072,-6.647,9.974,0.1562,-18.33,62.27,-115.97,0.6915,0.0587,9.65,0.82,4.06,50.4,50.4,12.6,0.12
4711,20.0,-6.498,9.949,20.072,-6.635,9.974,0.1565,-18.28,62.27,-115.99,0.6916,0.0582,9.66,0.81,4.07,50.4,50.4,12.6,0.12
4712,20.0,-6.486,9.949,20.073,-6.623,9.974,0.1568,-18.26,62.27,-115.99,0.6917,0.0577,9.66,0.81,4.08,50.4,50.4,12.6,0.12
4713,20.0,-6.473,9.949,20.073,-6.61,9.974,0.157,-18.24,62.27,-116.02,0.6918,0.0572,9.66,0.8,4.09,50.4,50.4,12.6,0.12
4714,20.0,-6.461,9.949,20.073,-6.598,9.974,0.1573,-18.19,62.29,-116.04,0.6919,0.0567,9.66,0.79,4.1,50.4,50.4,12.6,0.11
4715,20.0,-6.449,9.949,20.073,-6.586,9.974,0.1576,-18.17,62.29,-116.04,0.692,0.0562,9.66,0.78,4.11,50.4,50.4,12.6,0.11
4716,20.0,-6.436,9.949,20.073,-6.574,9.974,0.1579,-18.13,62.29,-116.06,0.6921,0.0557,9.66,0.78,4.12,50.4,50.4,12.6,0.11
4717,20.0,-6.424,9.949,20.073,-6.562,9.974,0.1581,-18.11,62.31,-116.06,0.6922,0.0552,9.67,0.77,4.13,50.4,50.4,12.6,0.11
4718,20.0,-6.411,9.949,20.073,-6.549,9.974,0.1584,-18.06,62.31,-116.08,0.6923,0.0547,9.67,0.76,4.14,50.4,50.4,12.6,0.11
4719,20.0,-6.398,9.949,20.074,-6.537,9.974,0.1587,-18.04,62.31,-116.08,0.6924,0.0542,9.67,0.76,4.15,50.4,50.4,12.6,0.11
4720,20.0,-6.386,9.949,20.074,-6.524,9.974,0.159,-18.0,62.31,-116.1,0.6925,0.0537,9.67,0.75,4.15,50.4,50.4,12.6,0.11
4721,20.0,-6.373,9.949,20.074,-6.512,9.974,0.1593,-17.97,62.34,-116.13,0.6928,0.0533,9.67,0.74,4.17,50.4,50.4,12.6,0.19
4722,20.0,-6.36,9.949,20.074,-6.499,9.974,0.1596,-17.93,62.34,-116.13,0.6932,0.0528,9.68,0.74,4.18,50.4,50.4,12.6,0.26
4723,20.0,-6.347,9.949,20.074,-6.487,9.974,0.1598,-17.91,62.34,-116.15,0.6933,0.0524,9.68,0.73,4.19,50.4,50.4,12.6,0.17
4724,20.0,-6.334,9.949,20.074,-6.474,9.974,0.16,-17.86,62.36,-116.15,0.6934,0.0519,9.68,0.73,4.19,50.4,50.4,12.6,0.1
4725,20.0,-6.322,9.949,20.074,-6.461,9.974,0.1603,-17.84,62.36,-116.17,0.6935,0.0515,9.68,0.72,4.2,50.4,50.4,12.6,0.1
4726,20.0,-6.309,9.949,20.075,-6.449,9.974,0.1606,-17.8,62.36,-116.17,0.6935,0.051,9.68,0.71,4.21,50.4,50.4,12.6,0.1
4727,20.0,-6.295,9.949,20.075,-6.436,9.974,0.1609,-17.78,62.38,-116.19,0.6936,0.0506,9.68,0.71,4.22,50.4,50.4,12.6,0.1
4728,20.0,-6.282,9.949,20.075,-6.423,9.975,0.1611,-17.73,62.38,-116.21,0.6937,0.0501,9.69,0.7,4.23,50.4,50.4,12.6,0.1
4729,20.0,-6.269,9.949,20.075,-6.41,9.975,0.1614,-17.71,62.38,-116.21,0.6937,0.0497,9.69,0.69,4.24,50.4,50.4,12.6,0.09
4730,20.0,-6.256,9.949,20.075,-6.397,9.975,0.1617,-17.67,62.38,-116.24,0.6938,0.0493,9.69,0.69,4.25,50.4,50.4,12.6,0.09
4731,20.0,-6.243,9.949,20.075,-6.384,9.975,0.1619,-17.64,62.4,-116.24,0.6939,0.0488,9.69,0.68,4.26,50.4,50.4,12.6,0.09
4732,20.0,-6.23,9.949,20.075,-6.371,9.975,0.1622,-17.6,62.4,-116.26,0.6939,0.0484,9.69,0.68,4.27,50.4,50.4,12.6,0.09
4733,20.0,-6.216,9.949,20.075,-6.358,9.975,0.1625,-17.58,62.4,-116.28,0.694,0.048,9.69,0.67,4.28,50.4,50.4,12.6,0.09
4734,20.0,-6.203,9.949,20.076,-6.345,9.975,0.1627,-17.53,62.42,-116.28,0.694,0.0476,9.69,0.66,4.29,50.4,50.4,12.6,0.09
4735,20.0,-6.189,9.949,20.076,-6.331,9.975,0.163,-17.51,62.42,-116.3,0.6941,0.0472,9.69,0.66,4.3,50.4,50.4,12.6,0.08
4736,20.0,-6.176,9.949,20.076,-6.318,9.975,0.1632,-17.47,62.42,-116.3,0.6941,0.0468,9.69,0.65,4.31,50.4,50.4,12.6,0.08
4737,20.0,-6.162,9.949,20.076,-6.305,9.975,0.1635,-17.42,62.45,-116.32,0.6942,0.0464,9.69,0.65,4.32,50.4,50.4,12.6,0.08
4738,20.0,-6.149,9.949,20.076,-6.291,9.975,0.1638,-17.4,62.45,-116.35,0.6942,0.046,9.69,0.64,4.33,50.4,50.4,12.6,0.08
4739,20.0,-6.135,9.949,20.076,-6.278,9.975,0.164,-17.36,62.45,-116.35,0.6942,0.0456,9.69,0.64,4.34,50.4,50.4,12.6,0.08
4740,20.0,-6.121,9.949,20.076,-6.265,9.975,0.1643,-17.34,62.45,-116.37,0.6943,0.0452,9.69,0.63,4.35,50.4,50.4,12.6,0.08
4741,20.0,-6.108,9.949,20.077,-6.251,9.975,0.1645,-17.29,62.47,-116.37,0.6943,0.0449,9.69,0.63,4.36,50.4,50.4,12.6,0.08
4742,20.0,-6.094,9.949,20.077,-6.237,9.975,0.1648,-17.25,62.47,-116.39,0.6943,0.0445,9.69,0.62,4.38,50.4,50.4,12.6,0.07
4743,20.0,-6.08,9.949,20.077,-6.224,9.975,0.1651,-17.23,62.47,-116.41,0.6943,0.0441,9.69,0.62,4.39,50.4,50.4,12.6,0.07
4745,20.0,-6.066,9.949,20.077,-6.21,9.975,0.1653,-17.18,62.49,-116.41,0.6944,0.0438,9.7,0.61,4.4,50.4,50.4,12.6,0.07
4746,20.0,-6.052,9.949,20.077,-6.196,9.975,0.1656,-17.16,62.49,-116.43,0.6945,0.0434,9.7,0.61,4.41,50.4,50.4,12.6,0.1
4747,20.0,-6.038,9.949,20.077,-6.183,9.975,0.1659,-17.12,62.49,-116.43,0.6948,0.0431,9.7,0.6,4.42,50.4,50.4,12.6,0.24
4748,20.0,-6.024,9.949,20.077,-6.169,9.975,0.1661,-17.07,62.51,-116.46,0.6951,0.0428,9.71,0.6,4.43,50.4,50.4,12.6,0.21
4749,20.0,-6.01,9.949,20.077,-6.155,9.975,0.1663,-17.05,62.51,-116.48,0.695,0.0424,9.7,0.59,4.44,50.4,50.4,12.6,0.07
4750,20.0,-5.996,9.949,20.077,-6.141,9.976,0.1665,-17.01,62.51,-116.48,0.695,0.0421,9.7,0.59,4.45,50.4,50.4,12.6,0.06
4751,20.0,-5.982,9.949,20.078,-6.127,9.976,0.1668,-16.96,62.53,-116.5,0.6951,0.0418,9.7,0.58,4.46,50.4,50.4,12.6,0.06
4752,20.0,-5.968,9.949,20.078,-6.113,9.976,0.167,-16.94,62.53,-116.5,0.6951,0.0414,9.7,0.58,4.47,50.4,50.4,12.6,0.06
4753,20.0,-5.953,9.949,20.078,-6.099,9.976,0.1673,-16.9,62.53,-116.52,0.695,0.0411,9.7,0.57,4.48,50.4,50.4,12.6,0.06
4754,20.0,-5.939,9.949,20.078,-6.085,9.976,0.1675,-16.85,62.53,-116.54,0.695,0.0408,9.7,0.57,4.49,50.4,50.4,12.6,0.06
4755,20.0,-5.925,9.949,20.078,-6.071,9.976,0.1678,-16.83,62.56,-116.54,0.695,0.0405,9.7,0.57,4.5,50.4,50.4,12.6,0.06
4756,20.0,-5.91,9.949,20.078,-6.056,9.976,0.168,-16.79,62.56,-116.56,0.695,0.0402,9.7,0.56,4.51,50.4,50.4,12.6,0.05
4757,20.0,-5.896,9.949,20.078,-6.042,9.976,0.1683,-16.74,62.56,-116.56,0.695,0.0399,9.7,0.56,4.52,50.4,50.4,12.6,0.05
4758,20.0,-5.881,9.949,20.078,-6.028,9.976,0.1685,-16.72,62.58,-116.59,0.695,0.0396,9.7,0.55,4.53,50.4,50.4,12.6,0.05
4759,20.0,-5.867,9.949,20.079,-6.013,9.976,0.1687,-16.68,62.58,-116.61,0.695,0.0393,9.7,0.55,4.54,50.4,50.4,12.6,0.05
4760,20.0,-5.852,9.949,20.079,-5.999,9.976,0.169,-16.63,62.58,-116.61,0.6949,0.039,9.7,0.55,4.55,50.4,50.4,12.6,0.05
4761,20.0,-5.837,9.949,20.079,-5.985,9.976,0.1692,-16.59,62.6,-116.63,0.6949,0.0388,9.7,0.54,4.56,50.4,50.4,12.6,0.05
4762,20.0,-5.822,9.949,20.079,-5.97,9.976,0.1695,-16.57,62.6,-116.65,0.6949,0.0385,9.7,0.54,4.57,50.4,50.4,12.6,0.04
4763,20.0,-5.808,9.949,20.079,-5.955,9.976,0.1697,-16.52,62.6,-116.65,0.6948,0.0382,9.7,0.53,4.58,50.4,50.4,12.6,0.04
4764,20.0,-5.793,9.949,20.079,-5.941,9.976,0.1699,-16.48,62.62,-116.67,0.6948,0.038,9.7,0.53,4.59,50.4,50.4,12.6,0.04
4765,20.0,-5.778,9.949,20.079,-5.926,9.976,0.1702,-16.44,62.62,-116.67,0.6948,0.0377,9.7,0.53,4.6,50.4,50.4,12.6,0.04
4766,20.0,-5.763,9.949,20.079,-5.911,9.976,0.1701,-16.41,62.62,-116.7,0.6947,0.0375,9.7,0.52,4.59,50.4,50.4,12.6,0.04
4767,20.0,-5.748,9.949,20.084,-5.879,9.977,0.1583,-16.33,62.64,-116.72,0.6945,0.0375,9.7,0.52,3.92,50.4,50.4,12.6,-0.03
4768,20.0,-5.733,9.949,20.092,-5.839,9.977,0.1426,-16.19,62.64,-116.72,0.6941,0.038,9.69,0.53,2.91,50.4,50.4,12.6,-0.13
4769,20.0,-5.718,9.949,20.094,-5.815,9.976,0.1379,-16.15,62.64,-116.74,0.694,0.0385,9.69,0.54,2.57,50.4,50.4,12.6,-0.03
4770,20.0,-5.703,9.949,20.094,-5.8,9.976,0.1377,-16.11,62.67,-116.76,0.6939,0.039,9.69,0.55,2.57,50.4,50.4,12.6,0.02
4771,20.0,-5.688,9.949,20.094,-5.784,9.976,0.1376,-16.06,62.67,-116.76,0.6936,0.0395,9.68,0.55,2.57,50.4,50.4,12.6,-0.12
4772,20.0,-5.673,9.949,20.094,-5.769,9.976,0.1374,-16.02,62.67,-116.78,0.6931,0.04,9.68,0.56,2.57,50.4,50.4,12.6,-0.17
4773,20.0,-5.658,9.949,20.094,-5.754,9.977,0.1373,-15.97,62.69,-116.81,0.6927,0.0405,9.67,0.57,2.57,50.4,50.4,12.6,-0.17
4774,20.0,-5.643,9.949,20.094,-5.739,9.977,0.1372,-15.93,62.69,-116.81,0.6923,0.041,9.67,0.57,2.57,50.4,50.4,12.6,-0.17
4775,20.0,-5.628,9.949,20.094,-5.724,9.977,0.1371,-15.91,62.69,-116.83,0.6919,0.0415,9.66,0.58,2.57,50.4,50.4,12.6,-0.17
4776,20.0,-5.613,9.949,20.094,-5.709,9.977,0.137,-15.86,62.71,-116.85,0.6915,0.0421,9.65,0.59,2.57,50.4,50.4,12.6,-0.17
4777,20.0,-5.598,9.949,20.094,-5.694,9.977,0.1369,-15.82,62.71,-116.85,0.691,0.0426,9.65,0.59,2.57,50.4,50.4,12.6,-0.17
4778,20.0,-5.583,9.949,20.094,-5.679,9.977,0.1368,-15.78,62.71,-116.87,0.6906,0.0431,9.64,0.6,2.57,50.4,50.4,12.6,-0.17
4779,20.0,-5.568,9.949,20.094,-5.664,9.977,0.1367,-15.73,62.73,-116.87,0.6902,0.0436,9.64,0.61,2.57,50.4,50.4,12.6,-0.17
4780,20.0,-5.553,9.949,20.094,-5.648,9.977,0.1365,-15.71,62.73,-116.89,0.6898,0.0441,9.63,0.62,2.57,50.4,50.4,12.6,-0.17
4781,20.0,-5.538,9.949,20.093,-5.633,9.977,0.1364,-15.67,62.73,-116.92,0.6894,0.0446,9.63,0.62,2.57,50.4,50.4,12.6,-0.17
4782,20.0,-5.523,9.949,20.093,-5.618,9.977,0.1363,-15.62,62.75,-116.92,0.689,0.0451,9.62,0.63,2.57,50.4,50.4,12.6,-0.17
4783,20.0,-5.508,9.949,20.093,-5.603,9.977,0.1362,-15.58,62.75,-116.94,0.6885,0.0456,9.61,0.64,2.57,50.4,50.4,12.6,-0.17
4784,20.0,-5.493,9.949,20.093,-5.588,9.977,0.1361,-15.53,62.75,-116.96,0.6881,0.0461,9.61,0.64,2.57,50.4,50.4,12.6,-0.17
4785,20.0,-5.478,9.949,20.093,-5.573,9.977,0.136,-15.49,62.78,-116.96,0.6877,0.0466,9.6,0.65,2.57,50.4,50.4,12.6,-0.17
4786,20.0,-5.463,9.949,20.093,-5.558,9.977,0.1359,-15.47,62.78,-116.98,0.6873,0.0471,9.6,0.66,2.57,50.4,50.4,12.6,-0.17
4787,20.0,-5.448,9.949,20.093,-5.543,9.977,0.1358,-15.42,62.78,-117.0,0.6869,0.0476,9.59,0.66,2.57,50.4,50.4,12.6,-0.17
4788,20.0,-5.433,9.949,20.093,-5.528,9.977,0.1357,-15.38,62.78,-117.0,0.6865,0.0481,9.58,0.67,2.57,50.4,50.4,12.6,-0.17
4789,20.0,-5.418,9.949,20.093,-5.512,9.977,0.1355,-15.34,62.8,-117.03,0.6861,0.0486,9.58,0.68,2.57,50.4,50.4,12.6,-0.17
4790,20.0,-5.403,9.949,20.093,-5.497,9.977,0.1354,-15.29,62.8,-117.03,0.6856,0.0491,9.57,0.69,2.57,50.4,50.4,12.6,-0.17
4791,20.0,-5.388,9.949,20.093,-5.482,9.977,0.1354,-15.27,62.8,-117.05,0.6856,0.0497,9.57,0.69,2.58,50.4,50.4,12.6,0.02
4792,20.0,-5.373,9.949,20.093,-5.467,9.977,0.1352,-15.23,62.82,-117.07,0.6856,0.0502,9.57,0.7,2.58,50.4,50.4,12.6,0.02
4793,20.0,-5.358,9.949,20.093,-5.452,9.977,0.135,-15.18,62.82,-117.07,0.6851,0.0507,9.57,0.71,2.57,50.4,50.4,12.6,-0.17
4794,20.0,-5.343,9.949,20.093,-5.437,9.977,0.1349,-15.14,62.82,-117.09,0.6847,0.0512,9.56,0.71,2.57,50.4,50.4,12.6,-0.17
4795,20.0,-5.328,9.949,20.093,-5.422,9.977,0.1348,-15.1,62.84,-117.09,0.6843,0.0517,9.55,0.72,2.57,50.4,50.4,12.6,-0.17
4796,20.0,-5.313,9.949,20.092,-5.407,9.977,0.1347,-15.05,62.84,-117.11,0.6838,0.0522,9.55,0.73,2.57,50.4,50.4,12.6,-0.17
4797,20.0,-5.298,9.949,20.092,-5.392,9.977,0.1346,-15.03,62.84,-117.14,0.6834,0.0527,9.54,0.74,2.57,50.4,50.4,12.6,-0.17
4798,20.0,-5.283,9.949,20.092,-5.376,9.977,0.1345,-14.99,62.86,-117.14,0.683,0.0532,9.54,0.74,2.58,50.4,50.4,12.6,-0.17
4799,20.0,-5.268,9.949,20.092,-5.361,9.977,0.1344,-14.94,62.86,-117.16,0.6826,0.0538,9.53,0.75,2.58,50.4,50.4,12.6,-0.17
4800,20.0,-5.253,9.949,20.092,-5.346,9.977,0.1343,-14.9,62.86,-117.18,0.6822,0.0543,9.53,0.76,2.58,50.4,50.4,12.6,-0.17
4801,20.0,-5.238,9.949,20.092,-5.331,9.977,0.1341,-14.85,62.89,-117.18,0.6818,0.0548,9.52,0.76,2.58,50.4,50.4,12.6,-0.17
4802,20.0,-5.223,9.949,20.092,-5.316,9.977,0.134,-14.81,62.89,-117.2,0.6814,0.0553,9.51,0.77,2.58,50.4,50.4,12.6,-0.17
4803,20.0,-5.208,9.949,20.092,-5.301,9.978,0.1339,-14.79,62.89,-117.2,0.681,0.0558,9.51,0.78,2.58,50.4,50.4,12.6,-0.17
4804,20.0,-5.193,9.949,20.092,-5.286,9.978,0.1338,-14.74,62.89,-117.22,0.6805,0.0563,9.5,0.79,2.58,50.4,50.4,12.6,-0.17
4805,20.0,-5.178,9.949,20.092,-5.271,9.978,0.1337,-14.7,62.91,-117.25,0.6801,0.0568,9.5,0.79,2.58,50.4,50.4,12.6,-0.17
4806,20.0,-5.163,9.949,20.092,-5.256,9.978,0.1336,-14.66,62.91,-117.25,0.6797,0.0573,9.49,0.8,2.58,50.4,50.4,12.6,-0.17
4807,20.0,-5.148,9.949,20.092,-5.24,9.978,0.1335,-14.61,62.91,-117.27,0.6793,0.0578,9.48,0.81,2.58,50.4,50.4,12.6,-0.17
4808,20.0,-5.133,9.949,20.092,-5.225,9.978,0.1334,-14.57,62.93,-117.27,0.6789,0.0584,9.48,0.81,2.58,50.4,50.4,12.6,-0.17
4809,20.0,-5.118,9.949,20.092,-5.21,9.978,0.1332,-14.55,62.93,-117.29,0.6785,0.0589,9.47,0.82,2.58,50.4,50.4,12.6,-0.17
4810,20.0,-5.103,9.949,20.091,-5.195,9.978,0.1331,-14.5,62.93,-117.29,0.6781,0.0594,9.47,0.83,2.58,50.4,50.4,12.6,-0.17
4811,20.0,-5.088,9.949,20.091,-5.18,9.978,0.133,-14.46,62.95,-117.31,0.6777,0.0599,9.46,0.84,2.58,50.4,50.4,12.6,-0.17
4812,20.0,-5.073,9.949,20.091,-5.165,9.978,0.1329,-14.41,62.95,-117.33,0.6773,0.0604,9.46,0.84,2.58,50.4,50.4,12.6,-0.13
4813,20.0,-5.058,9.949,20.091,-5.15,9.978,0.1328,-14.37,62.95,-117.33,0.6773,0.061,9.46,0.85,2.59,50.4,50.4,12.6,0.02
4814,20.0,-5.043,9.949,20.091,-5.135,9.978,0.1327,-14.33,62.95,-117.36,0.6772,0.0615,9.45,0.86,2.59,50.4,50.4,12.6,-0.03
4815,20.0,-5.028,9.949,20.091,-5.12,9.978,0.1325,-14.3,62.97,-117.36,0.6767,0.062,9.45,0.87,2.58,50.4,50.4,12.6,-0.17
4816,20.0,-5.013,9.949,20.091,-5.104,9.978,0.1324,-14.26,62.97,-117.38,0.6763,0.0625,9.44,0.87,2.58,50.4,50.4,12.6,-0.17
4817,20.0,-4.998,9.949,20.091,-5.089,9.978,0.1323,-14.22,62.97,-117.4,0.6759,0.063,9.44,0.88,2.58,50.4,50.4,12.6,-0.17
4818,20.0,-4.983,9.949,20.091,-5.074,9.978,0.1322,-14.17,63.0,-117.4,0.6755,0.0636,9.43,0.89,2.58,50.4,50.4,12.6,-0.17
4819,20.0,-4.968,9.949,20.091,-5.059,9.978,0.132,-14.13,63.0,-117.42,0.6751,0.0641,9.43,0.89,2.58,50.4,50.4,12.6,-0.17
4820,20.0,-4.953,9.949,20.091,-5.044,9.978,0.1319,-14.08,63.0,-117.42,0.6747,0.0646,9.42,0.9,2.58,50.4,50.4,12.6,-0.17
4821,20.0,-4.938,9.949,20.091,-5.029,9.978,0.1318,-14.06,63.02,-117.44,0.6742,0.0651,9.41,0.91,2.58,50.4,50.4,12.6,-0.17
4822,20.0,-4.923,9.949,20.091,-5.014,9.978,0.1317,-14.02,63.02,-117.44,0.6738,0.0656,9.41,0.92,2.58,50.4,50.4,12.6,-0.17
4823,20.0,-4.908,9.949,20.09,-4.999,9.978,0.1316,-13.97,63.02,-117.47,0.6734,0.0661,9.4,0.92,2.58,50.4,50.4,12.6,-0.17
4824,20.0,-4.893,9.949,20.09,-4.984,9.978,0.1315,-13.93,63.02,-117.49,0.673,0.0667,9.4,0.93,2.58,50.4,50.4,12.6,-0.17
4825,20.0,-4.878,9.949,20.09,-4.968,9.978,0.1314,-13.89,63.04,-117.49,0.6726,0.0672,9.39,0.94,2.58,50.4,50.4,12.6,-0.17
4826,20.0,-4.863,9.949,20.09,-4.953,9.978,0.1312,-13.84,63.04,-117.51,0.6722,0.0677,9.39,0.95,2.58,50.4,50.4,12.6,-0.17
4827,20.0,-4.848,9.949,20.09,-4.938,9.978,0.1311,-13.8,63.04,-117.51,0.6718,0.0682,9.38,0.95,2.58,50.4,50.4,12.6,-0.17
4828,20.0,-4.833,9.949,20.09,-4.923,9.978,0.131,-13.78,63.06,-117.53,0.6714,0.0687,9.37,0.96,2.58,50.4,50.4,12.6,-0.17
4829,20.0,-4.818,9.949,20.09,-4.908,9.978,0.1309,-13.73,63.06,-117.53,0.671,0.0692,9.37,0.97,2.58,50.4,50.4,12.6,-0.17
4830,20.0,-4.803,9.949,20.09,-4.893,9.978,0.1308,-13.69,63.06,-117.55,0.6706,0.0698,9.36,0.97,2.58,50.4,50.4,12.6,-0.17
4831,20.0,-4.788,9.949,20.09,-4.878,9.978,0.1307,-13.65,63.06,-117.58,0.6702,0.0703,9.36,0.98,2.58,50.4,50.4,12.6,-0.17
4832,20.0,-4.773,9.949,20.09,-4.863,9.978,0.1306,-13.6,63.08,-117.58,0.6697,0.0708,9.35,0.99,2.59,50.4,50.4,12.6,-0.17
4833,20.0,-4.758,9.949,20.09,-4.848,9.978,0.1304,-13.56,63.08,-117.6,0.6693,0.0713,9.35,1.0,2.59,50.4,50.4,12.6,-0.17
4834,20.0,-4.743,9.949,20.09,-4.833,9.978,0.1303,-13.54,63.08,-117.6,0.6691,0.0719,9.34,1.0,2.59,50.4,50.4,12.6,-0.08
4835,20.0,-4.728,9.949,20.09,-4.817,9.978,0.1302,-13.49,63.11,-117.62,0.6691,0.0724,9.34,1.01,2.59,50.4,50.4,12.6,0.02
4836,20.0,-4.713,9.949,20.089,-4.802,9.978,0.1301,-13.45,63.11,-117.62,0.6689,0.0729,9.34,1.02,2.59,50.4,50.4,12.6,-0.07
4837,20.0,-4.698,9.949,20.089,-4.787,9.978,0.1299,-13.4,63.11,-117.64,0.6684,0.0735,9.33,1.03,2.59,50.4,50.4,12.6,-0.17
4838,20.0,-4.683,9.949,20.089,-4.772,9.978,0.1298,-13.36,63.11,-117.64,0.668,0.074,9.33,1.03,2.59,50.4,50.4,12.6,-0.17
4839,20.0,-4.668,9.949,20.089,-4.757,9.978,0.1297,-13.32,63.13,-117.66,0.6676,0.0745,9.32,1.04,2.59,50.4,50.4,12.6,-0.17
4840,20.0,-4.653,9.949,20.089,-4.742,9.978,0.1296,-13.27,63.13,-117.66,0.6672,0.075,9.32,1.05,2.59,50.4,50.4,12.6,-0.17
4841,20.0,-4.638,9.949,20.089,-4.727,9.978,0.1295,-13.25,63.13,-117.69,0.6668,0.0756,9.31,1.05,2.59,50.4,50.4,12.6,-0.17
4842,20.0,-4.623,9.949,20.089,-4.712,9.978,0.1293,-13.21,63.13,-117.71,0.6664,0.0761,9.3,1.06,2.59,50.4,50.4,12.6,-0.17
4843,20.0,-4.608,9.949,20.089,-4.696,9.978,0.1292,-13.16,63.15,-117.71,0.666,0.0766,9.3,1.07,2.59,50.4,50.4,12.6,-0.17
4844,20.0,-4.593,9.949,20.089,-4.681,9.979,0.1291,-13.12,63.15,-117.73,0.6656,0.0771,9.29,1.08,2.59,50.4,50.4,12.6,-0.17
4845,20.0,-4.577,9.949,20.089,-4.666,9.979,0.129,-13.07,63.15,-117.73,0.6652,0.0776,9.29,1.08,2.59,50.4,50.4,12.6,-0.17
4846,20.0,-4.562,9.949,20.089,-4.651,9.979,0.1289,-13.03,63.17,-117.75,0.6648,0.0782,9.28,1.09,2.59,50.4,50.4,12.6,-0.17
4847,20.0,-4.547,9.949,20.089,-4.636,9.979,0.1288,-12.99,63.17,-117.75,0.6644,0.0787,9.28,1.1,2.59,50.4,50.4,12.6,-0.17
4848,20.0,-4.532,9.949,20.089,-4.621,9.979,0.1286,-12.96,63.17,-117.77,0.664,0.0792,9.27,1.11,2.59,50.4,50.4,12.6,-0.17
4849,20.0,-4.517,9.949,20.088,-4.606,9.979,0.1285,-12.92,63.17,-117.77,0.6635,0.0797,9.26,1.11,2.59,50.4,50.4,12.6,-0.17
4850,20.0,-4.502,9.949,20.088,-4.591,9.979,0.1284,-12.88,63.19,-117.8,0.6631,0.0803,9.26,1.12,2.59,50.4,50.4,12.6,-0.17
4851,20.0,-4.487,9.949,20.088,-4.576,9.979,0.1283,-12.83,63.19,-117.8,0.6627,0.0808,9.25,1.13,2.59,50.4,50.4,12.6,-0.17
4852,20.0,-4.472,9.949,20.088,-4.56,9.979,0.1282,-12.79,63.19,-117.82,0.6623,0.0813,9.25,1.14,2.59,50.4,50.4,12.6,-0.17
4853,20.0,-4.457,9.949,20.088,-4.545,9.979,0.1281,-12.74,63.19,-117.82,0.6619,0.0818,9.24,1.14,2.59,50.4,50.4,12.6,-0.17
4854,20.0,-4.442,9.949,20.088,-4.53,9.979,0.1279,-12.7,63.22,-117.84,0.6615,0.0824,9.24,1.15,2.59,50.4,50.4,12.6,-0.17
4855,20.0,-4.427,9.949,20.088,-4.515,9.979,0.1278,-12.68,63.22,-117.84,0.6611,0.0829,9.23,1.16,2.59,50.4,50.4,12.6,-0.17
4856,20.0,-4.412,9.949,20.088,-4.5,9.979,0.1277,-12.63,63.22,-117.86,0.661,0.0834,9.23,1.17,2.59,50.4,50.4,12.6,-0.03
4857,20.0,-4.397,9.949,20.088,-4.485,9.979,0.1276,-12.59,63.22,-117.86,0.661,0.084,9.23,1.17,2.6,50.4,50.4,12.6,0.02
4858,20.0,-4.382,9.949,20.088,-4.47,9.979,0.1274,-12.55,63.24,-117.88,0.6606,0.0845,9.22,1.18,2.59,50.4,50.4,12.6,-0.12
4859,20.0,-4.367,9.949,20.088,-4.455,9.979,0.1273,-12.5,63.24,-117.88,0.6602,0.0851,9.22,1.19,2.59,50.4,50.4,12.6,-0.17
4860,20.0,-4.352,9.949,20.088,-4.44,9.979,0.1272,-12.46,63.24,-117.91,0.6598,0.0856,9.21,1.2,2.59,50.4,50.4,12.6,-0.17
4861,20.0,-4.337,9.949,20.087,-4.425,9.979,0.1271,-12.41,63.26,-117.91,0.6594,0.0861,9.21,1.2,2.59,50.4,50.4,12.6,-0.17
4862,20.0,-4.322,9.949,20.087,-4.409,9.979,0.1269,-12.37,63.26,-117.93,0.659,0.0866,9.2,1.21,2.59,50.4,50.4,12.6,-0.17
4863,20.0,-4.307,9.949,20.087,-4.394,9.979,0.1268,-12.35,63.26,-117.93,0.6586,0.0872,9.2,1.22,2.59,50.4,50.4,12.6,-0.17
4864,20.0,-4.292,9.949,20.087,-4.379,9.979,0.1267,-12.3,63.26,-117.95,0.6582,0.0877,9.19,1.22,2.59,50.4,50.4,12.6,-0.17
4865,20.0,-4.277,9.949,20.087,-4.364,9.979,0.1266,-12.26,63.28,-117.95,0.6578,0.0882,9.18,1.23,2.59,50.4,50.4,12.6,-0.17
4866,20.0,-4.262,9.949,20.087,-4.349,9.979,0.1265,-12.22,63.28,-117.97,0.6574,0.0888,9.18,1.24,2.59,50.4,50.4,12.6,-0.17
4867,20.0,-4.247,9.949,20.087,-4.334,9.979,0.1263,-12.17,63.28,-117.97,0.657,0.0893,9.17,1.25,2.59,50.4,50.4,12.6,-0.17
4868,20.0,-4.232,9.949,20.087,-4.319,9.979,0.1262,-12.13,63.28,-117.99,0.6566,0.0898,9.17,1.25,2.59,50.4,50.4,12.6,-0.17
4869,20.0,-4.217,9.949,20.087,-4.304,9.979,0.1261,-12.08,63.3,-117.99,0.6562,0.0904,9.16,1.26,2.59,50.4,50.4,12.6,-0.17
4870,20.0,-4.202,9.949,20.087,-4.289,9.979,0.126,-12.04,63.3,-118.02,0.6558,0.0909,9.16,1.27,2.59,50.4,50.4,12.6,-0.17
4871,20.0,-4.187,9.949,20.087,-4.273,9.979,0.1259,-12.02,63.3,-118.02,0.6554,0.0914,9.15,1.28,2.59,50.4,50.4,12.6,-0.17
4872,20.0,-4.172,9.949,20.087,-4.258,9.979,0.1258,-11.98,63.3,-118.04,0.655,0.0919,9.15,1.28,2.59,50.4,50.4,12.6,-0.17
4873,20.0,-4.157,9.949,20.086,-4.243,9.979,0.1256,-11.93,63.33,-118.04,0.6546,0.0925,9.14,1.29,2.59,50.4,50.4,12.6,-0.17
4874,20.0,-4.142,9.949,20.086,-4.228,9.979,0.1255,-11.89,63.33,-118.06,0.6542,0.093,9.13,1.3,2.59,50.4,50.4,12.6,-0.17
4875,20.0,-4.127,9.949,20.086,-4.213,9.979,0.1254,-11.84,63.33,-118.06,0.6538,0.0935,9.13,1.31,2.59,50.4,50.4,12.6,-0.17
4876,20.0,-4.112,9.949,20.086,-4.198,9.979,0.1253,-11.8,63.33,-118.08,0.6534,0.0941,9.12,1.31,2.59,50.4,50.4,12.6,-0.17
4877,20.0,-4.097,9.949,20.086,-4.183,9.979,0.1252,-11.76,63.35,-118.08,0.653,0.0946,9.12,1.32,2.59,50.4,50.4,12.6,-0.18
4878,20.0,-4.082,9.949,20.086,-4.168,9.979,0.1251,-11.73,63.35,-118.1,0.653,0.0952,9.12,1.33,2.6,50.4,50.4,12.6,0.02
4879,20.0,-4.067,9.949,20.086,-4.153,9.979,0.1249,-11.69,63.35,-118.1,0.653,0.0957,9.12,1.34,2.6,50.4,50.4,12.6,0.02
4880,20.0,-4.052,9.949,20.086,-4.137,9.979,0.1247,-11.65,63.35,-118.12,0.6525,0.0963,9.11,1.34,2.59,50.4,50.4,12.6,-0.17
4881,20.0,-4.037,9.949,20.086,-4.122,9.979,0.1246,-11.6,63.37,-118.12,0.6521,0.0968,9.11,1.35,2.59,50.4,50.4,12.6,-0.18
4882,20.0,-4.022,9.949,20.086,-4.107,9.979,0.1245,-11.56,63.37,-118.15,0.6517,0.0973,9.1,1.36,2.59,50.4,50.4,12.6,-0.18
4883,20.0,-4.007,9.949,20.086,-4.092,9.979,0.1244,-11.51,63.37,-118.15,0.6513,0.0979,9.09,1.37,2.59,50.4,50.4,12.6,-0.18
4884,20.0,-3.992,9.949,20.086,-4.077,9.979,0.1243,-11.47,63.37,-118.17,0.6509,0.0984,9.09,1.37,2.59,50.4,50.4,12.6,-0.18
4885,20.0,-3.977,9.949,20.085,-4.062,9.979,0.1241,-11.43,63.37,-118.17,0.6505,0.0989,9.08,1.38,2.59,50.4,50.4,12.6,-0.18
4886,20.0,-3.962,9.949,20.085,-4.047,9.979,0.124,-11.38,63.39,-118.19,0.6501,0.0995,9.08,1.39,2.59,50.4,50.4,12.6,-0.18
4887,20.0,-3.947,9.949,20.085,-4.032,9.979,0.1239,-11.36,63.39,-118.19,0.6497,0.1,9.07,1.4,2.59,50.4,50.4,12.6,-0.18
4888,20.0,-3.932,9.949,20.085,-4.017,9.979,0.1238,-11.32,63.39,-118.21,0.6493,0.1006,9.07,1.4,2.59,50.4,50.4,12.6,-0.18
4889,20.0,-3.917,9.949,20.085,-4.002,9.979,0.1237,-11.27,63.39,-118.21,0.6489,0.1011,9.06,1.41,2.59,50.4,50.4,12.6,-0.18
4890,20.0,-3.902,9.949,20.085,-3.986,9.979,0.1235,-11.23,63.41,-118.23,0.6485,0.1016,9.06,1.42,2.59,50.4,50.4,12.6,-0.18
4891,20.0,-3.887,9.949,20.085,-3.971,9.979,0.1234,-11.18,63.41,-118.23,0.6481,0.1022,9.05,1.43,2.59,50.4,50.4,12.6,-0.18
4892,20.0,-3.872,9.949,20.085,-3.956,9.979,0.1233,-11.14,63.41,-118.23,0.6477,0.1027,9.04,1.43,2.59,50.4,50.4,12.6,-0.18
4893,20.0,-3.857,9.949,20.085,-3.941,9.98,0.1232,-11.1,63.41,-118.26,0.6473,0.1032,9.04,1.44,2.59,50.4,50.4,12.6,-0.18
4894,20.0,-3.842,9.949,20.085,-3.926,9.98,0.1231,-11.05,63.44,-118.26,0.6469,0.1038,9.03,1.45,2.59,50.4,50.4,12.6,-0.18
4895,20.0,-3.827,9.949,20.085,-3.911,9.98,0.1229,-11.01,63.44,-118.28,0.6465,0.1043,9.03,1.46,2.59,50.4,50.4,12.6,-0.18
4896,20.0,-3.812,9.949,20.084,-3.896,9.98,0.1228,-10.99,63.44,-118.28,0.6462,0.1048,9.02,1.46,2.59,50.4,50.4,12.6,-0.18
4897,20.0,-3.797,9.949,20.084,-3.881,9.98,0.1227,-10.94,63.44,-118.3,0.6458,0.1054,9.02,1.47,2.59,50.4,50.4,12.6,-0.18
4898,20.0,-3.782,9.949,20.084,-3.866,9.98,0.1226,-10.9,63.46,-118.3,0.6454,0.1059,9.01,1.48,2.59,50.4,50.4,12.6,-0.18
4899,20.0,-3.767,9.949,20.084,-3.85,9.98,0.1225,-10.85,63.46,-118.32,0.6451,0.1065,9.01,1.49,2.6,50.4,50.4,12.6,-0.14
4900,20.0,-3.752,9.949,20.084,-3.835,9.979,0.1224,-10.81,63.46,-118.32,0.6451,0.107,9.01,1.49,2.6,50.4,50.4,12.6,0.03
4901,20.0,-3.737,9.949,20.084,-3.82,9.979,0.1222,-10.77,63.46,-118.32,0.645,0.1076,9.01,1.5,2.6,50.4,50.4,12.6,-0.02
4902,20.0,-3.722,9.949,20.084,-3.805,9.979,0.122,-10.72,63.46,-118.34,0.6445,0.1081,9.0,1.51,2.59,50.4,50.4,12.6,-0.18
4903,20.0,-3.707,9.949,20.084,-3.79,9.98,0.1219,-10.68,63.48,-118.34,0.6441,0.1087,8.99,1.52,2.59,50.4,50.4,12.6,-0.18
4904,20.0,-3.692,9.949,20.084,-3.775,9.98,0.1218,-10.63,63.48,-118.37,0.6437,0.1092,8.99,1.53,2.59,50.4,50.4,12.6,-0.18
4905,20.0,-3.677,9.949,20.084,-3.76,9.98,0.1217,-10.61,63.48,-118.37,0.6433,0.1098,8.98,1.53,2.59,50.4,50.4,12.6,-0.18
4906,20.0,-3.662,9.949,20.084,-3.745,9.98,0.1215,-10.57,63.48,-118.39,0.6429,0.1103,8.98,1.54,2.59,50.4,50.4,12.6,-0.18
4907,20.0,-3.647,9.949,20.083,-3.73,9.98,0.1214,-10.52,63.5,-118.39,0.6425,0.1108,8.97,1.55,2.59,50.4,50.4,12.6,-0.18
4908,20.0,-3.632,9.949,20.083,-3.714,9.98,0.1213,-10.48,63.5,-118.41,0.6421,0.1114,8.97,1.56,2.59,50.4,50.4,12.6,-0.18
4909,20.0,-3.617,9.949,20.083,-3.699,9.98,0.1212,-10.44,63.5,-118.41,0.6418,0.1119,8.96,1.56,2.59,50.4,50.4,12.6,-0.18
4910,20.0,-3.602,9.949,20.083,-3.684,9.98,0.1211,-10.39,63.5,-118.41,0.6414,0.1125,8.96,1.57,2.59,50.4,50.4,12.6,-0.18
4911,20.0,-3.587,9.949,20.083,-3.669,9.98,0.1209,-10.35,63.5,-118.43,0.641,0.113,8.95,1.58,2.59,50.4,50.4,12.6,-0.18
4912,20.0,-3.572,9.949,20.083,-3.654,9.98,0.1208,-10.31,63.52,-118.43,0.6406,0.1136,8.94,1.59,2.59,50.4,50.4,12.6,-0.18
4913,20.0,-3.557,9.949,20.083,-3.639,9.98,0.1207,-10.26,63.52,-118.45,0.6402,0.1141,8.94,1.59,2.59,50.4,50.4,12.6,-0.18
4914,20.0,-3.542,9.949,20.083,-3.624,9.98,0.1206,-10.24,63.52,-118.45,0.6398,0.1146,8.93,1.6,2.59,50.4,50.4,12.6,-0.18
4915,20.0,-3.527,9.949,20.083,-3.609,9.98,0.1204,-10.2,63.52,-118.48,0.6394,0.1152,8.93,1.61,2.59,50.4,50.4,12.6,-0.18
4916,20.0,-3.512,9.949,20.083,-3.594,9.98,0.1203,-10.15,63.54,-118.48,0.639,0.1157,8.92,1.62,2.59,50.4,50.4,12.6,-0.18
4917,20.0,-3.497,9.949,20.083,-3.579,9.98,0.1202,-10.11,63.54,-118.48,0.6386,0.1163,8.92,1.62,2.59,50.4,50.4,12.6,-0.18
4918,20.0,-3.482,9.949,20.082,-3.563,9.98,0.1201,-10.06,63.54,-118.5,0.6382,0.1168,8.91,1.63,2.59,50.4,50.4,12.6,-0.18
4919,20.0,-3.467,9.949,20.082,-3.548,9.98,0.12,-10.02,63.54,-118.5,0.6378,0.1174,8.91,1.64,2.59,50.4,50.4,12.6,-0.18
4920,20.0,-3.452,9.949,20.082,-3.533,9.98,0.1198,-9.98,63.54,-118.52,0.6374,0.1179,8.9,1.65,2.59,50.4,50.4,12.6,-0.18
4921,20.0,-3.437,9.949,20.082,-3.518,9.98,0.1197,-9.93,63.57,-118.52,0.6372,0.1185,8.9,1.65,2.6,50.4,50.4,12.6,-0.09
4922,20.0,-3.422,9.949,20.082,-3.503,9.98,0.1196,-9.89,63.57,-118.52,0.6372,0.119,8.9,1.66,2.6,50.4,50.4,12.6,0.03
4923,20.0,-3.407,9.949,20.082,-3.488,9.98,0.1194,-9.84,63.57,-118.54,0.637,0.1196,8.89,1.67,2.6,50.4,50.4,12.6,-0.06
4924,20.0,-3.392,9.949,20.082,-3.473,9.98,0.1193,-9.82,63.57,-118.54,0.6366,0.1202,8.89,1.68,2.59,50.4,50.4,12.6,-0.18
4925,20.0,-3.377,9.949,20.082,-3.458,9.98,0.1192,-9.78,63.57,-118.56,0.6362,0.1207,8.88,1.69,2.59,50.4,50.4,12.6,-0.18
4926,20.0,-3.362,9.949,20.082,-3.443,9.98,0.119,-9.73,63.59,-118.56,0.6358,0.1212,8.88,1.69,2.59,50.4,50.4,12.6,-0.18
4927,20.0,-3.347,9.949,20.082,-3.428,9.98,0.1189,-9.69,63.59,-118.56,0.6354,0.1218,8.87,1.7,2.59,50.4,50.4,12.6,-0.18
4928,20.0,-3.332,9.949,20.082,-3.412,9.98,0.1188,-9.65,63.59,-118.59,0.635,0.1223,8.87,1.71,2.59,50.4,50.4,12.6,-0.18
4929,20.0,-3.317,9.949,20.081,-3.397,9.98,0.1187,-9.6,63.59,-118.59,0.6347,0.1229,8.86,1.72,2.59,50.4,50.4,12.6,-0.18
4930,20.0,-3.302,9.949,20.081,-3.382,9.98,0.1185,-9.56,63.59,-118.61,0.6343,0.1234,8.86,1.72,2.59,50.4,50.4,12.6,-0.18
4931,20.0,-3.287,9.949,20.081,-3.367,9.98,0.1184,-9.51,63.61,-118.61,0.6339,0.124,8.85,1.73,2.59,50.4,50.4,12.6,-0.18
4932,20.0,-3.272,9.949,20.081,-3.352,9.98,0.1183,-9.47,63.61,-118.61,0.6328,0.1245,8.84,1.74,2.59,50.4,50.4,12.6,-0.18
4933,20.0,-3.257,9.949,20.081,-3.337,9.98,0.1182,-9.43,63.61,-118.63,0.6321,0.1251,8.83,1.75,2.59,50.4,50.4,12.6,-0.18
4934,20.0,-3.242,9.949,20.081,-3.322,9.98,0.1181,-9.38,63.61,-118.63,0.6318,0.1256,8.82,1.75,2.59,50.4,50.4,12.6,-0.18
4935,20.0,-3.227,9.949,20.081,-3.307,9.98,0.118,-9.36,63.61,-118.65,0.6314,0.1262,8.82,1.76,2.59,50.4,50.4,12.6,-0.18
4936,20.0,-3.212,9.949,20.081,-3.292,9.98,0.1179,-9.32,63.63,-118.65,0.631,0.1267,8.81,1.77,2.59,50.4,50.4,12.6,-0.18
4937,20.0,-3.197,9.949,20.081,-3.276,9.98,0.1177,-9.27,63.63,-118.65,0.6306,0.1273,8.8,1.78,2.59,50.4,50.4,12.6,-0.18
4938,20.0,-3.182,9.949,20.081,-3.261,9.98,0.1176,-9.23,63.63,-118.67,0.6302,0.1278,8.8,1.78,2.59,50.4,50.4,12.6,-0.18
4939,20.0,-3.167,9.949,20.08,-3.246,9.98,0.1175,-9.18,63.63,-118.67,0.6298,0.1284,8.79,1.79,2.59,50.4,50.4,12.6,-0.18
4940,20.0,-3.152,9.949,20.08,-3.231,9.98,0.1174,-9.14,63.63,-118.7,0.6295,0.1289,8.79,1.8,2.59,50.4,50.4,12.6,-0.18
4941,20.0,-3.137,9.949,20.08,-3.216,9.98,0.1172,-9.1,63.65,-118.7,0.6291,0.1295,8.78,1.81,2.59,50.4,50.4,12.6,-0.18
4942,20.0,-3.122,9.949,20.08,-3.201,9.98,0.1171,-9.05,63.65,-118.7,0.6287,0.13,8.78,1.82,2.59,50.4,50.4,12.6,-0.18
4943,20.0,-3.107,9.949,20.08,-3.186,9.98,0.1169,-9.01,63.65,-118.72,0.6297,0.1306,8.79,1.82,2.6,50.4,50.4,12.6,-0.04
4944,20.0,-3.092,9.949,20.08,-3.171,9.98,0.1168,-8.96,63.65,-118.72,0.6295,0.1312,8.79,1.83,2.6,50.4,50.4,12.6,0.03
4945,20.0,-3.077,9.949,20.08,-3.156,9.98,0.1166,-8.92,63.65,-118.72,0.6292,0.1317,8.79,1.84,2.59,50.4,50.4,12.6,-0.11
4946,20.0,-3.062,9.949,20.08,-3.141,9.981,0.1168,-8.9,63.68,-118.74,0.6242,0.1323,8.72,1.85,2.59,50.4,50.4,12.6,-0.18
4947,20.0,-3.047,9.949,20.08,-3.125,9.98,0.1163,-8.85,63.68,-118.74,0.6281,0.1328,8.77,1.85,2.59,50.4,50.4,12.6,-0.18
4948,20.0,-3.032,9.949,20.08,-3.11,9.98,0.1163,-8.81,63.68,-118.74,0.6272,0.1334,8.76,1.86,2.59,50.4,50.4,12.6,-0.18
4949,20.0,-3.017,9.949,20.08,-3.095,9.98,0.1161,-8.77,63.68,-118.76,0.6268,0.1339,8.75,1.87,2.59,50.4,50.4,12.6,-0.18
4950,20.0,-3.002,9.949,20.079,-3.08,9.98,0.116,-8.72,63.68,-118.76,0.6264,0.1345,8.75,1.88,2.59,50.4,50.4,12.6,-0.18
4951,20.0,-2.987,9.949,20.079,-3.065,9.98,0.1159,-8.68,63.68,-118.78,0.626,0.1351,8.74,1.89,2.59,50.4,50.4,12.6,-0.18
4952,20.0,-2.972,9.949,20.079,-3.05,9.98,0.1157,-8.64,63.7,-118.78,0.6256,0.1356,8.74,1.89,2.59,50.4,50.4,12.6,-0.18
4953,20.0,-2.957,9.949,20.079,-3.035,9.98,0.1156,-8.59,63.7,-118.78,0.6253,0.1362,8.73,1.9,2.59,50.4,50.4,12.6,-0.18
4954,20.0,-2.942,9.949,20.079,-3.02,9.98,0.1155,-8.55,63.7,-118.81,0.6249,0.1367,8.72,1.91,2.59,50.4,50.4,12.6,-0.18
4955,20.0,-2.927,9.949,20.079,-3.005,9.98,0.1154,-8.5,63.7,-118.81,0.6245,0.1373,8.72,1.92,2.59,50.4,50.4,12.6,-0.18
4956,20.0,-2.912,9.949,20.079,-2.99,9.98,0.1152,-8.46,63.7,-118.81,0.6241,0.1378,8.71,1.92,2.59,50.4,50.4,12.6,-0.18
4957,20.0,-2.897,9.949,20.079,-2.974,9.98,0.1151,-8.44,63.72,-118.83,0.6237,0.1384,8.71,1.93,2.59,50.4,50.4,12.6,-0.18
4958,20.0,-2.882,9.949,20.079,-2.959,9.98,0.115,-8.39,63.72,-118.83,0.6234,0.1389,8.7,1.94,2.59,50.4,50.4,12.6,-0.18
4959,20.0,-2.867,9.949,20.079,-2.944,9.98,0.1148,-8.35,63.72,-118.83,0.623,0.1395,8.7,1.95,2.59,50.4,50.4,12.6,-0.18
4960,20.0,-2.852,9.949,20.078,-2.929,9.98,0.1147,-8.31,63.72,-118.85,0.6226,0.14,8.69,1.96,2.59,50.4,50.4,12.6,-0.18
4961,20.0,-2.837,9.949,20.078,-2.914,9.98,0.1146,-8.26,63.72,-118.85,0.6222,0.1406,8.69,1.96,2.59,50.4,50.4,12.6,-0.18
4962,20.0,-2.822,9.949,20.078,-2.899,9.98,0.1145,-8.22,63.72,-118.85,0.6218,0.1411,8.68,1.97,2.59,50.4,50.4,12.6,-0.18
4963,20.0,-2.807,9.949,20.078,-2.884,9.98,0.1143,-8.17,63.74,-118.87,0.6215,0.1417,8.68,1.98,2.59,50.4,50.4,12.6,-0.18
4964,20.0,-2.792,9.949,20.078,-2.869,9.98,0.1142,-8.13,63.74,-118.87,0.6211,0.1423,8.67,1.99,2.59,50.4,50.4,12.6,-0.18
4965,20.0,-2.777,9.949,20.078,-2.854,9.98,0.114,-8.09,63.74,-118.87,0.6221,0.1428,8.69,1.99,2.59,50.4,50.4,12.6,0.01
4966,20.0,-2.762,9.949,20.078,-2.839,9.98,0.1139,-8.04,63.74,-118.89,0.6219,0.1434,8.68,2.0,2.59,50.4,50.4,12.6,0.03
4967,20.0,-2.747,9.949,20.078,-2.823,9.98,0.1137,-8.0,63.74,-118.89,0.6215,0.144,8.68,2.01,2.59,50.4,50.4,12.6,-0.16
4968,20.0,-2.732,9.949,20.078,-2.808,9.981,0.1139,-7.95,63.76,-118.89,0.6171,0.1445,8.62,2.02,2.59,50.4,50.4,12.6,-0.18
4969,20.0,-2.717,9.949,20.078,-2.793,9.98,0.1134,-7.91,63.76,-118.92,0.6204,0.1451,8.66,2.03,2.59,50.4,50.4,12.6,-0.18
4970,20.0,-2.702,9.949,20.077,-2.778,9.98,0.1133,-7.89,63.76,-118.92,0.6196,0.1457,8.65,2.03,2.59,50.4,50.4,12.6,-0.18
4971,20.0,-2.687,9.949,20.077,-2.763,9.98,0.1132,-7.84,63.76,-118.92,0.6192,0.1462,8.65,2.04,2.59,50.4,50.4,12.6,-0.18
4972,20.0,-2.672,9.949,20.077,-2.748,9.98,0.1131,-7.8,63.76,-118.94,0.6188,0.1468,8.64,2.05,2.59,50.4,50.4,12.6,-0.18
4973,20.0,-2.657,9.949,20.077,-2.733,9.98,0.113,-7.76,63.76,-118.94,0.6185,0.1473,8.64,2.06,2.59,50.4,50.4,12.6,-0.18
4974,20.0,-2.642,9.949,20.077,-2.718,9.98,0.1128,-7.71,63.76,-118.94,0.6181,0.1479,8.63,2.07,2.59,50.4,50.4,12.6,-0.18
4975,20.0,-2.627,9.949,20.077,-2.703,9.98,0.1127,-7.67,63.79,-118.96,0.6177,0.1485,8.62,2.07,2.59,50.4,50.4,12.6,-0.18
4976,20.0,-2.612,9.949,20.077,-2.688,9.98,0.1126,-7.62,63.79,-118.96,0.6173,0.149,8.62,2.08,2.59,50.4,50.4,12.6,-0.18
4977,20.0,-2.596,9.949,20.077,-2.672,9.98,0.1124,-7.58,63.79,-118.96,0.617,0.1496,8.61,2.09,2.59,50.4,50.4,12.6,-0.18
4978,20.0,-2.581,9.949,20.077,-2.657,9.98,0.1123,-7.54,63.79,-118.98,0.6166,0.1501,8.61,2.1,2.59,50.4,50.4,12.6,-0.18
4979,20.0,-2.566,9.949,20.077,-2.642,9.98,0.1122,-7.49,63.79,-118.98,0.6162,0.1507,8.6,2.1,2.59,50.4,50.4,12.6,-0.18
4980,20.0,-2.551,9.949,20.076,-2.627,9.98,0.1121,-7.45,63.79,-118.98,0.6158,0.1513,8.6,2.11,2.59,50.4,50.4,12.6,-0.18
4981,20.0,-2.536,9.949,20.076,-2.612,9.98,0.1119,-7.4,63.79,-119.0,0.6155,0.1518,8.59,2.12,2.59,50.4,50.4,12.6,-0.18
4982,20.0,-2.521,9.949,20.076,-2.597,9.98,0.1118,-7.36,63.81,-119.0,0.6151,0.1524,8.59,2.13,2.59,50.4,50.4,12.6,-0.18
4983,20.0,-2.506,9.949,20.076,-2.582,9.98,0.1117,-7.34,63.81,-119.0,0.6147,0.1529,8.58,2.14,2.58,50.4,50.4,12.6,-0.18
4984,20.0,-2.491,9.949,20.076,-2.567,9.98,0.1115,-7.29,63.81,-119.03,0.6143,0.1535,8.58,2.14,2.58,50.4,50.4,12.6,-0.18
4985,20.0,-2.476,9.949,20.076,-2.552,9.98,0.1114,-7.25,63.81,-119.03,0.614,0.1541,8.57,2.15,2.58,50.4,50.4,12.6,-0.18
4986,20.0,-2.461,9.949,20.076,-2.537,9.979,0.1112,-7.21,63.81,-119.03,0.6145,0.1546,8.58,2.16,2.58,50.4,50.4,12.6,-0.14
4987,20.0,-2.446,9.948,20.076,-2.522,9.979,0.1111,-7.16,63.81,-119.03,0.6144,0.1552,8.58,2.17,2.59,50.4,50.4,12.6,0.03
4988,20.0,-2.431,9.948,20.076,-2.506,9.979,0.1109,-7.12,63.83,-119.05,0.6144,0.1558,8.58,2.18,2.59,50.4,50.4,12.6,-0.01
4989,20.0,-2.416,9.949,20.075,-2.491,9.981,0.111,-7.08,63.83,-119.05,0.6104,0.1564,8.52,2.18,2.58,50.4,50.4,12.6,-0.18
4990,20.0,-2.401,9.949,20.075,-2.476,9.979,0.1107,-7.03,63.83,-119.05,0.6133,0.1569,8.56,2.19,2.58,50.4,50.4,12.6,-0.18
4991,20.0,-2.386,9.949,20.075,-2.461,9.98,0.1106,-6.99,63.83,-119.07,0.6125,0.1575,8.55,2.2,2.58,50.4,50.4,12.6,-0.18
4992,20.0,-2.371,9.949,20.075,-2.446,9.98,0.1104,-6.94,63.83,-119.07,0.6121,0.1581,8.55,2.21,2.58,50.4,50.4,12.6,-0.18
4993,20.0,-2.356,9.949,20.075,-2.431,9.98,0.1103,-6.9,63.83,-119.07,0.6118,0.1586,8.54,2.21,2.58,50.4,50.4,12.6,-0.18
4994,20.0,-2.341,9.949,20.075,-2.416,9.98,0.1102,-6.86,63.83,-119.09,0.6114,0.1592,8.54,2.22,2.58,50.4,50.4,12.6,-0.18
4995,20.0,-2.326,9.949,20.075,-2.401,9.98,0.11,-6.81,63.85,-119.09,0.611,0.1597,8.53,2.23,2.58,50.4,50.4,12.6,-0.18
4996,20.0,-2.311,9.949,20.075,-2.386,9.98,0.1099,-6.77,63.85,-119.09,0.6107,0.1603,8.53,2.24,2.58,50.4,50.4,12.6,-0.18
4997,20.0,-2.296,9.949,20.075,-2.371,9.98,0.1098,-6.75,63.85,-119.09,0.6103,0.1609,8.52,2.25,2.58,50.4,50.4,12.6,-0.18
4998,20.0,-2.281,9.949,20.075,-2.355,9.98,0.1097,-6.7,63.85,-119.11,0.6099,0.1614,8.52,2.25,2.58,50.4,50.4,12.6,-0.18
4999,20.0,-2.266,9.949,20.074,-2.34,9.98,0.1095,-6.66,63.85,-119.11,0.6095,0.162,8.51,2.26,2.58,50.4,50.4,12.6,-0.18
5000,20.0,-2.251,9.949,20.074,-2.325,9.98,0.1094,-6.61,63.85,-119.11,0.6092,0.1626,8.51,2.27,2.58,50.4,50.4,12.6,-0.18
5001,20.0,-2.236,9.949,20.074,-2.31,9.98,0.1093,-6.57,63.85,-119.14,0.6088,0.1631,8.5,2.28,2.58,50.4,50.4,12.6,-0.18
5002,20.0,-2.221,9.949,20.074,-2.295,9.98,0.1091,-6.53,63.87,-119.14,0.6084,0.1637,8.5,2.29,2.58,50.4,50.4,12.6,-0.18
5003,20.0,-2.206,9.949,20.074,-2.28,9.98,0.109,-6.48,63.87,-119.14,0.6081,0.1643,8.49,2.29,2.58,50.4,50.4,12.6,-0.18
5004,20.0,-2.191,9.948,20.074,-2.265,9.98,0.1089,-6.44,63.87,-119.14,0.6077,0.1648,8.49,2.3,2.58,50.4,50.4,12.6,-0.18
5005,20.0,-2.176,9.948,20.074,-2.25,9.98,0.1087,-6.39,63.87,-119.16,0.6073,0.1654,8.48,2.31,2.58,50.4,50.4,12.6,-0.18
5006,20.0,-2.161,9.948,20.074,-2.235,9.98,0.1086,-6.35,63.87,-119.16,0.607,0.166,8.47,2.32,2.58,50.4,50.4,12.6,-0.18
5007,20.0,-2.146,9.948,20.074,-2.22,9.98,0.1085,-6.31,63.87,-119.16,0.6066,0.1665,8.47,2.33,2.58,50.4,50.4,12.6,-0.18
5008,20.0,-2.131,9.948,20.074,-2.205,9.979,0.1083,-6.26,63.87,-119.16,0.6071,0.1671,8.48,2.33,2.58,50.4,50.4,12.6,-0.09
5009,20.0,-2.116,9.948,20.073,-2.189,9.979,0.1082,-6.22,63.87,-119.18,0.607,0.1677,8.48,2.34,2.58,50.4,50.4,12.6,0.03
5010,20.0,-2.101,9.948,20.073,-2.174,9.979,0.108,-6.17,63.9,-119.18,0.6069,0.1683,8.47,2.35,2.58,50.4,50.4,12.6,-0.06
5011,20.0,-2.086,9.948,20.073,-2.159,9.98,0.1081,-6.13,63.9,-119.18,0.6034,0.1689,8.43,2.36,2.58,50.4,50.4,12.6,-0.18
5012,20.0,-2.071,9.948,20.073,-2.144,9.979,0.1077,-6.09,63.9,-119.18,0.6059,0.1694,8.46,2.37,2.58,50.4,50.4,12.6,-0.18
5013,20.0,-2.056,9.948,20.073,-2.129,9.979,0.1076,-6.06,63.9,-119.2,0.6052,0.17,8.45,2.37,2.58,50.4,50.4,12.6,-0.18
5014,20.0,-2.041,9.948,20.073,-2.114,9.979,0.1075,-6.02,63.9,-119.2,0.6048,0.1706,8.44,2.38,2.58,50.4,50.4,12.6,-0.18
5015,20.0,-2.026,9.948,20.073,-2.099,9.979,0.1074,-5.98,63.9,-119.2,0.6044,0.1711,8.44,2.39,2.58,50.4,50.4,12.6,-0.18
5016,20.0,-2.011,9.948,20.073,-2.084,9.979,0.1072,-5.93,63.9,-119.22,0.6041,0.1717,8.43,2.4,2.57,50.4,50.4,12.6,-0.18
5017,20.0,-1.996,9.948,20.073,-2.069,9.979,0.1071,-5.89,63.92,-119.22,0.6037,0.1723,8.43,2.41,2.57,50.4,50.4,12.6,-0.18
5018,20.0,-1.981,9.948,20.072,-2.054,9.979,0.107,-5.84,63.92,-119.22,0.6033,0.1728,8.42,2.41,2.57,50.4,50.4,12.6,-0.18
5019,20.0,-1.966,9.948,20.072,-2.038,9.979,0.1068,-5.8,63.92,-119.22,0.603,0.1734,8.42,2.42,2.57,50.4,50.4,12.6,-0.18
5020,20.0,-1.951,9.948,20.072,-2.023,9.979,0.1067,-5.76,63.92,-119.25,0.6026,0.174,8.41,2.43,2.57,50.4,50.4,12.6,-0.18
5021,20.0,-1.936,9.948,20.072,-2.008,9.979,0.1066,-5.71,63.92,-119.25,0.6022,0.1745,8.41,2.44,2.57,50.4,50.4,12.6,-0.18
5022,20.0,-1.921,9.948,20.072,-1.993,9.979,0.1065,-5.67,63.92,-119.25,0.6019,0.1751,8.4,2.44,2.57,50.4,50.4,12.6,-0.18
5023,20.0,-1.906,9.948,20.072,-1.978,9.979,0.1063,-5.62,63.92,-119.25,0.6015,0.1757,8.4,2.45,2.57,50.4,50.4,12.6,-0.18
5024,20.0,-1.891,9.948,20.072,-1.963,9.979,0.1062,-5.58,63.92,-119.25,0.6012,0.1762,8.39,2.46,2.57,50.4,50.4,12.6,-0.18
5025,20.0,-1.876,9.948,20.072,-1.948,9.979,0.1061,-5.54,63.94,-119.27,0.6008,0.1768,8.39,2.47,2.57,50.4,50.4,12.6,-0.18
5026,20.0,-1.861,9.948,20.072,-1.933,9.979,0.1059,-5.49,63.94,-119.27,0.6004,0.1774,8.38,2.48,2.57,50.4,50.4,12.6,-0.18
5027,20.0,-1.846,9.948,20.071,-1.918,9.979,0.1058,-5.45,63.94,-119.27,0.6001,0.178,8.38,2.48,2.57,50.4,50.4,12.6,-0.18
5028,20.0,-1.831,9.948,20.071,-1.903,9.979,0.1057,-5.41,63.94,-119.27,0.5997,0.1785,8.37,2.49,2.57,50.4,50.4,12.6,-0.18
5029,20.0,-1.816,9.948,20.071,-1.888,9.979,0.1056,-5.38,63.94,-119.29,0.5993,0.1791,8.37,2.5,2.57,50.4,50.4,12.6,-0.18
5030,20.0,-1.801,9.948,20.071,-1.873,9.979,0.1054,-5.34,63.94,-119.29,0.5998,0.1797,8.38,2.51,2.57,50.4,50.4,12.6,-0.04
5031,20.0,-1.786,9.948,20.071,-1.857,9.979,0.1052,-5.3,63.94,-119.29,0.5998,0.1803,8.37,2.52,2.57,50.4,50.4,12.6,0.03
5032,20.0,-1.771,9.948,20.071,-1.842,9.979,0.1051,-5.25,63.94,-119.29,0.5995,0.1809,8.37,2.53,2.57,50.4,50.4,12.6,-0.11
5033,20.0,-1.756,9.948,20.071,-1.827,9.98,0.1051,-5.21,63.96,-119.31,0.5966,0.1815,8.33,2.53,2.57,50.4,50.4,12.6,-0.18
5034,20.0,-1.741,9.948,20.071,-1.812,9.979,0.1048,-5.16,63.96,-119.31,0.5986,0.182,8.36,2.54,2.57,50.4,50.4,12.6,-0.18
5035,20.0,-1.726,9.948,20.071,-1.797,9.979,0.1047,-5.12,63.96,-119.31,0.598,0.1826,8.35,2.55,2.57,50.4,50.4,12.6,-0.18
5036,20.0,-1.711,9.948,20.07,-1.782,9.979,0.1046,-5.08,63.96,-119.31,0.5976,0.1832,8.34,2.56,2.57,50.4,50.4,12.6,-0.18
5037,20.0,-1.696,9.948,20.07,-1.767,9.979,0.1044,-5.03,63.96,-119.31,0.5972,0.1837,8.34,2.57,2.57,50.4,50.4,12.6,-0.18
5038,20.0,-1.681,9.948,20.07,-1.752,9.979,0.1043,-4.99,63.96,-119.33,0.5969,0.1843,8.33,2.57,2.57,50.4,50.4,12.6,-0.18
5039,20.0,-1.666,9.948,20.07,-1.737,9.979,0.1042,-4.94,63.96,-119.33,0.5965,0.1849,8.33,2.58,2.57,50.4,50.4,12.6,-0.18
5040,20.0,-1.651,9.948,20.07,-1.722,9.979,0.104,-4.9,63.96,-119.33,0.5962,0.1855,8.32,2.59,2.57,50.4,50.4,12.6,-0.18
5041,20.0,-1.636,9.948,20.07,-1.706,9.979,0.1039,-4.86,63.96,-119.33,0.5958,0.186,8.32,2.6,2.57,50.4,50.4,12.6,-0.18
5042,20.0,-1.621,9.948,20.07,-1.691,9.979,0.1038,-4.81,63.96,-119.36,0.5954,0.1866,8.31,2.61,2.56,50.4,50.4,12.6,-0.18
5043,20.0,-1.606,9.948,20.07,-1.676,9.979,0.1037,-4.77,63.98,-119.36,0.5951,0.1872,8.31,2.61,2.56,50.4,50.4,12.6,-0.18
5044,20.0,-1.591,9.948,20.07,-1.661,9.979,0.1035,-4.72,63.98,-119.36,0.5947,0.1878,8.3,2.62,2.56,50.4,50.4,12.6,-0.18
5045,20.0,-1.576,9.948,20.069,-1.646,9.979,0.1034,-4.68,63.98,-119.36,0.5944,0.1883,8.3,2.63,2.56,50.4,50.4,12.6,-0.18
5046,20.0,-1.561,9.948,20.069,-1.631,9.979,0.1033,-4.64,63.98,-119.36,0.594,0.1889,8.29,2.64,2.56,50.4,50.4,12.6,-0.18
5047,20.0,-1.546,9.948,20.069,-1.616,9.979,0.1031,-4.61,63.98,-119.38,0.5936,0.1895,8.29,2.65,2.56,50.4,50.4,12.6,-0.18
5048,20.0,-1.531,9.948,20.069,-1.601,9.979,0.103,-4.57,63.98,-119.38,0.5933,0.1901,8.28,2.65,2.56,50.4,50.4,12.6,-0.18
5049,20.0,-1.516,9.948,20.069,-1.586,9.979,0.1029,-4.53,63.98,-119.38,0.5929,0.1906,8.28,2.66,2.56,50.4,50.4,12.6,-0.18
5050,20.0,-1.501,9.948,20.069,-1.571,9.979,0.1027,-4.48,63.98,-119.38,0.5926,0.1912,8.27,2.67,2.56,50.4,50.4,12.6,-0.18
5051,20.0,-1.486,9.948,20.069,-1.556,9.979,0.1026,-4.44,63.98,-119.38,0.5922,0.1918,8.27,2.68,2.56,50.4,50.4,12.6,-0.18
5052,20.0,-1.471,9.948,20.069,-1.541,9.979,0.1024,-4.39,63.98,-119.4,0.5927,0.1924,8.28,2.69,2.56,50.4,50.4,12.6,0.01
5053,20.0,-1.456,9.948,20.069,-1.525,9.979,0.1023,-4.35,64.01,-119.4,0.5927,0.193,8.28,2.69,2.56,50.4,50.4,12.6,0.03
5054,20.0,-1.441,9.948,20.068,-1.51,9.979,0.1021,-4.31,64.01,-119.4,0.5923,0.1936,8.27,2.7,2.56,50.4,50.4,12.6,-0.16
5055,20.0,-1.426,9.948,20.068,-1.495,9.979,0.1022,-4.26,64.01,-119.4,0.5899,0.1941,8.24,2.71,2.56,50.4,50.4,12.6,-0.18
5056,20.0,-1.411,9.948,20.068,-1.48,9.979,0.1019,-4.22,64.01,-119.4,0.5915,0.1947,8.26,2.72,2.56,50.4,50.4,12.6,-0.18
5057,20.0,-1.396,9.948,20.068,-1.465,9.979,0.1018,-4.17,64.01,-119.4,0.5909,0.1953,8.25,2.73,2.56,50.4,50.4,12.6,-0.18
5058,20.0,-1.381,9.948,20.068,-1.45,9.979,0.1016,-4.13,64.01,-119.42,0.5905,0.1959,8.25,2.73,2.56,50.4,50.4,12.6,-0.18
5059,20.0,-1.366,9.948,20.068,-1.435,9.979,0.1015,-4.09,64.01,-119.42,0.5902,0.1965,8.24,2.74,2.56,50.4,50.4,12.6,-0.18
5060,20.0,-1.351,9.948,20.068,-1.42,9.979,0.1014,-4.04,64.01,-119.42,0.5898,0.197,8.24,2.75,2.56,50.4,50.4,12.6,-0.18
5061,20.0,-1.336,9.948,20.068,-1.405,9.979,0.1012,-4.0,64.01,-119.42,0.5894,0.1976,8.23,2.76,2.56,50.4,50.4,12.6,-0.18
5062,20.0,-1.321,9.948,20.068,-1.39,9.979,0.1011,-3.96,64.01,-119.42,0.5891,0.1982,8.23,2.77,2.56,50.4,50.4,12.6,-0.18
5063,20.0,-1.306,9.948,20.067,-1.375,9.979,0.101,-3.91,64.01,-119.44,0.5887,0.1988,8.22,2.78,2.55,50.4,50.4,12.6,-0.18
5064,20.0,-1.291,9.948,20.067,-1.359,9.979,0.1009,-3.87,64.03,-119.44,0.5884,0.1993,8.22,2.78,2.55,50.4,50.4,12.6,-0.18
5065,20.0,-1.276,9.948,20.067,-1.344,9.979,0.1007,-3.82,64.03,-119.44,0.588,0.1999,8.21,2.79,2.55,50.4,50.4,12.6,-0.18
5066,20.0,-1.261,9.948,20.067,-1.329,9.979,0.1006,-3.78,64.03,-119.44,0.5877,0.2005,8.21,2.8,2.55,50.4,50.4,12.6,-0.18
5067,20.0,-1.246,9.948,20.067,-1.314,9.979,0.1005,-3.76,64.03,-119.44,0.5873,0.2011,8.2,2.81,2.55,50.4,50.4,12.6,-0.18
5068,20.0,-1.231,9.948,20.067,-1.299,9.979,0.1003,-3.71,64.03,-119.44,0.587,0.2017,8.2,2.82,2.55,50.4,50.4,12.6,-0.18
5069,20.0,-1.216,9.948,20.067,-1.284,9.979,0.1002,-3.67,64.03,-119.47,0.5866,0.2022,8.19,2.82,2.55,50.4,50.4,12.6,-0.18
5070,20.0,-1.201,9.948,20.067,-1.269,9.979,0.1001,-3.63,64.03,-119.47,0.5863,0.2028,8.19,2.83,2.55,50.4,50.4,12.6,-0.18
5071,20.0,-1.186,9.948,20.067,-1.254,9.979,0.1,-3.58,64.03,-119.47,0.5859,0.2034,8.18,2.84,2.55,50.4,50.4,12.6,-0.18
5072,20.0,-1.171,9.948,20.066,-1.239,9.979,0.0998,-3.54,64.03,-119.47,0.5856,0.204,8.18,2.85,2.55,50.4,50.4,12.6,-0.18
5073,20.0,-1.156,9.948,20.066,-1.224,9.979,0.0997,-3.49,64.03,-119.47,0.5856,0.2046,8.18,2.86,2.55,50.4,50.4,12.6,-0.15
5074,20.0,-1.141,9.948,20.066,-1.209,9.978,0.0995,-3.45,64.03,-119.47,0.5856,0.2052,8.18,2.86,2.55,50.4,50.4,12.6,0.03
5075,20.0,-1.126,9.948,20.066,-1.194,9.978,0.0994,-3.41,64.03,-119.47,0.5856,0.2058,8.18,2.87,2.55,50.4,50.4,12.6,0.0
5076,20.0,-1.111,9.948,20.066,-1.178,9.979,0.0993,-3.36,64.05,-119.49,0.5837,0.2064,8.15,2.88,2.55,50.4,50.4,12.6,-0.18
5077,20.0,-1.096,9.948,20.066,-1.163,9.978,0.0991,-3.32,64.05,-119.49,0.5848,0.2069,8.17,2.89,2.55,50.4,50.4,12.6,-0.18
5078,20.0,-1.081,9.948,20.066,-1.148,9.978,0.099,-3.27,64.05,-119.49,0.5843,0.2075,8.16,2.9,2.55,50.4,50.4,12.6,-0.18
5079,20.0,-1.066,9.948,20.066,-1.133,9.978,0.0988,-3.23,64.05,-119.49,0.5839,0.2081,8.15,2.91,2.55,50.4,50.4,12.6,-0.18
5080,20.0,-1.051,9.948,20.065,-1.118,9.978,0.0987,-3.19,64.05,-119.49,0.5836,0.2087,8.15,2.91,2.55,50.4,50.4,12.6,-0.18
5081,20.0,-1.036,9.948,20.065,-1.103,9.978,0.0986,-3.14,64.05,-119.49,0.5832,0.2093,8.14,2.92,2.55,50.4,50.4,12.6,-0.18
5082,20.0,-1.021,9.948,20.065,-1.088,9.978,0.0985,-3.1,64.05,-119.51,0.5829,0.2098,8.14,2.93,2.54,50.4,50.4,12.6,-0.18
5083,20.0,-1.006,9.948,20.065,-1.073,9.978,0.0983,-3.05,64.05,-119.51,0.5825,0.2104,8.13,2.94,2.54,50.4,50.4,12.6,-0.18
5084,20.0,-0.991,9.948,20.065,-1.058,9.978,0.0982,-3.01,64.05,-119.51,0.5822,0.211,8.13,2.95,2.54,50.4,50.4,12.6,-0.18
5085,20.0,-0.976,9.948,20.065,-1.043,9.978,0.0981,-2.97,64.05,-119.51,0.5818,0.2116,8.12,2.95,2.54,50.4,50.4,12.6,-0.18
5086,20.0,-0.961,9.948,20.065,-1.028,9.978,0.0979,-2.92,64.05,-119.51,0.5815,0.2122,8.12,2.96,2.54,50.4,50.4,12.6,-0.18
5087,20.0,-0.946,9.948,20.065,-1.013,9.978,0.0978,-2.88,64.05,-119.51,0.5811,0.2128,8.11,2.97,2.54,50.4,50.4,12.6,-0.18
5088,20.0,-0.931,9.948,20.065,-0.997,9.978,0.0977,-2.86,64.05,-119.51,0.5808,0.2133,8.11,2.98,2.54,50.4,50.4,12.6,-0.18
5089,20.0,-0.916,9.948,20.064,-0.982,9.978,0.0976,-2.81,64.05,-119.51,0.5804,0.2139,8.1,2.99,2.54,50.4,50.4,12.6,-0.18
5090,20.0,-0.901,9.948,20.064,-0.967,9.978,0.0974,-2.77,64.05,-119.53,0.5801,0.2145,8.1,2.99,2.54,50.4,50.4,12.6,-0.18
5091,20.0,-0.886,9.948,20.064,-0.952,9.978,0.0973,-2.72,64.07,-119.53,0.5797,0.2151,8.09,3.0,2.54,50.4,50.4,12.6,-0.18
5092,20.0,-0.871,9.948,20.064,-0.937,9.978,0.0972,-2.68,64.07,-119.53,0.5794,0.2157,8.09,3.01,2.54,50.4,50.4,12.6,-0.18
5093,20.0,-0.856,9.948,20.064,-0.922,9.978,0.097,-2.64,64.07,-119.53,0.579,0.2162,8.09,3.02,2.54,50.4,50.4,12.6,-0.18
5094,20.0,-0.84,9.948,20.064,-0.907,9.978,0.0969,-2.59,64.07,-119.53,0.5787,0.2168,8.08,3.03,2.54,50.4,50.4,12.6,-0.18
5095,20.0,-0.825,9.948,20.064,-0.892,9.978,0.0968,-2.55,64.07,-119.53,0.5787,0.2174,8.08,3.04,2.54,50.4,50.4,12.6,-0.1
5096,20.0,-0.81,9.948,20.064,-0.877,9.978,0.0966,-2.5,64.07,-119.53,0.5787,0.2181,8.08,3.04,2.54,50.4,50.4,12.6,0.03
5097,20.0,-0.795,9.948,20.063,-0.862,9.978,0.0964,-2.46,64.07,-119.53,0.5786,0.2187,8.08,3.05,2.54,50.4,50.4,12.6,-0.05
5098,20.0,-0.78,9.948,20.063,-0.847,9.978,0.0964,-2.42,64.07,-119.55,0.5772,0.2192,8.06,3.06,2.54,50.4,50.4,12.6,-0.18
5099,20.0,-0.765,9.948,20.063,-0.832,9.978,0.0962,-2.37,64.07,-119.55,0.5779,0.2198,8.07,3.07,2.53,50.4,50.4,12.6,-0.18
5100,20.0,-0.75,9.948,20.063,-0.816,9.978,0.0961,-2.33,64.07,-119.55,0.5774,0.2204,8.06,3.08,2.53,50.4,50.4,12.6,-0.18
5101,20.0,-0.735,9.948,20.063,-0.801,9.978,0.0959,-2.29,64.07,-119.55,0.5771,0.221,8.06,3.09,2.53,50.4,50.4,12.6,-0.18
5102,20.0,-0.72,9.948,20.063,-0.786,9.978,0.0958,-2.24,64.07,-119.55,0.5767,0.2216,8.05,3.09,2.53,50.4,50.4,12.6,-0.18
5103,20.0,-0.705,9.948,20.063,-0.771,9.978,0.0957,-2.2,64.07,-119.55,0.5764,0.2222,8.05,3.1,2.53,50.4,50.4,12.6,-0.18
5104,20.0,-0.69,9.948,20.063,-0.756,9.978,0.0956,-2.15,64.07,-119.55,0.5761,0.2227,8.04,3.11,2.53,50.4,50.4,12.6,-0.18
5105,20.0,-0.675,9.948,20.062,-0.741,9.978,0.0954,-2.11,64.07,-119.55,0.5757,0.2233,8.04,3.12,2.53,50.4,50.4,12.6,-0.18
5106,20.0,-0.66,9.948,20.062,-0.726,9.978,0.0953,-2.07,64.07,-119.55,0.5754,0.2239,8.03,3.13,2.53,50.4,50.4,12.6,-0.18
5107,20.0,-0.645,9.948,20.062,-0.711,9.978,0.0952,-2.02,64.07,-119.58,0.575,0.2245,8.03,3.13,2.53,50.4,50.4,12.6,-0.18
5108,20.0,-0.63,9.948,20.062,-0.696,9.978,0.095,-1.98,64.09,-119.58,0.5747,0.2251,8.02,3.14,2.53,50.4,50.4,12.6,-0.18
5109,20.0,-0.615,9.948,20.062,-0.681,9.978,0.0949,-1.93,64.09,-119.58,0.5743,0.2257,8.02,3.15,2.53,50.4,50.4,12.6,-0.18
5110,20.0,-0.6,9.948,20.062,-0.666,9.978,0.0948,-1.89,64.09,-119.58,0.574,0.2263,8.01,3.16,2.53,50.4,50.4,12.6,-0.18
5111,20.0,-0.585,9.948,20.062,-0.651,9.978,0.0947,-1.87,64.09,-119.58,0.5737,0.2268,8.01,3.17,2.53,50.4,50.4,12.6,-0.18
5112,20.0,-0.57,9.948,20.062,-0.636,9.978,0.0945,-1.82,64.09,-119.58,0.5733,0.2274,8.01,3.18,2.53,50.4,50.4,12.6,-0.18
5113,20.0,-0.555,9.948,20.062,-0.62,9.978,0.0944,-1.78,64.09,-119.58,0.573,0.228,8.0,3.18,2.53,50.4,50.4,12.6,-0.18
5114,20.0,-0.54,9.948,20.061,-0.605,9.978,0.0943,-1.74,64.09,-119.58,0.5726,0.2286,8.0,3.19,2.53,50.4,50.4,12.6,-0.18
5115,20.0,-0.525,9.948,20.061,-0.59,9.978,0.0942,-1.69,64.09,-119.58,0.5723,0.2292,7.99,3.2,2.52,50.4,50.4,12.6,-0.18
5116,20.0,-0.51,9.948,20.061,-0.575,9.978,0.094,-1.65,64.09,-119.58,0.572,0.2298,7.99,3.21,2.52,50.4,50.4,12.6,-0.18
5117,20.0,-0.495,9.948,20.061,-0.56,9.978,0.0939,-1.6,64.09,-119.58,0.5719,0.2304,7.99,3.22,2.52,50.4,50.4,12.6,-0.05
5118,20.0,-0.48,9.948,20.061,-0.545,9.978,0.0937,-1.56,64.09,-119.6,0.572,0.231,7.99,3.23,2.52,50.4,50.4,12.6,0.03
5119,20.0,-0.465,9.948,20.061,-0.53,9.978,0.0936,-1.52,64.09,-119.6,0.5718,0.2316,7.98,3.23,2.52,50.4,50.4,12.6,-0.1
5120,20.0,-0.45,9.948,20.061,-0.515,9.978,0.0935,-1.47,64.09,-119.6,0.5709,0.2322,7.97,3.24,2.52,50.4,50.4,12.6,-0.18
5121,20.0,-0.435,9.948,20.061,-0.5,9.978,0.0933,-1.43,64.09,-119.6,0.5711,0.2328,7.97,3.25,2.52,50.4,50.4,12.6,-0.18
5122,20.0,-0.42,9.948,20.06,-0.485,9.978,0.0932,-1.38,64.09,-119.6,0.5707,0.2334,7.97,3.26,2.52,50.4,50.4,12.6,-0.18
5123,20.0,-0.405,9.948,20.06,-0.47,9.978,0.0931,-1.34,64.09,-119.6,0.5704,0.234,7.96,3.27,2.52,50.4,50.4,12.6,-0.18
5124,20.0,-0.39,9.948,20.06,-0.455,9.978,0.0929,-1.3,64.09,-119.6,0.57,0.2345,7.96,3.27,2.52,50.4,50.4,12.6,-0.18
5125,20.0,-0.375,9.948,20.06,-0.44,9.978,0.0928,-1.25,64.09,-119.6,0.5697,0.2351,7.95,3.28,2.52,50.4,50.4,12.6,-0.18
5126,20.0,-0.36,9.948,20.06,-0.424,9.978,0.0927,-1.21,64.09,-119.6,0.5693,0.2357,7.95,3.29,2.52,50.4,50.4,12.6,-0.18
5127,20.0,-0.345,9.948,20.06,-0.409,9.978,0.0926,-1.16,64.09,-119.6,0.569,0.2363,7.94,3.3,2.52,50.4,50.4,12.6,-0.18
5128,20.0,-0.33,9.948,20.06,-0.394,9.978,0.0924,-1.12,64.09,-119.6,0.5687,0.2369,7.94,3.31,2.52,50.4,50.4,12.6,-0.18
5129,20.0,-0.315,9.948,20.06,-0.379,9.978,0.0923,-1.08,64.09,-119.6,0.5683,0.2375,7.94,3.32,2.52,50.4,50.4,12.6,-0.18
5130,20.0,-0.3,9.948,20.059,-0.364,9.978,0.0922,-1.03,64.09,-119.6,0.568,0.2381,7.93,3.32,2.51,50.4,50.4,12.6,-0.18
5131,20.0,-0.285,9.948,20.059,-0.349,9.978,0.0921,-0.99,64.09,-119.6,0.5676,0.2387,7.93,3.33,2.51,50.4,50.4,12.6,-0.18
5132,20.0,-0.27,9.948,20.059,-0.334,9.978,0.0919,-0.94,64.09,-119.6,0.5673,0.2393,7.92,3.34,2.51,50.4,50.4,12.6,-0.18
5133,20.0,-0.255,9.948,20.059,-0.319,9.978,0.0918,-0.9,64.09,-119.62,0.567,0.2398,7.92,3.35,2.51,50.4,50.4,12.6,-0.18
5134,20.0,-0.24,9.948,20.059,-0.304,9.978,0.0917,-0.86,64.12,-119.62,0.5666,0.2404,7.91,3.36,2.51,50.4,50.4,12.6,-0.18
5135,20.0,-0.225,9.948,20.059,-0.289,9.978,0.0916,-0.83,64.12,-119.62,0.5663,0.241,7.91,3.37,2.51,50.4,50.4,12.6,-0.18
5136,20.0,-0.21,9.948,20.059,-0.274,9.978,0.0914,-0.79,64.12,-119.62,0.566,0.2416,7.9,3.37,2.51,50.4,50.4,12.6,-0.18
5137,20.0,-0.195,9.948,20.059,-0.259,9.978,0.0913,-0.75,64.12,-119.62,0.5656,0.2422,7.9,3.38,2.51,50.4,50.4,12.6,-0.18
5138,20.0,-0.18,9.948,20.058,-0.244,9.978,0.0912,-0.7,64.12,-119.62,0.5653,0.2428,7.89,3.39,2.51,50.4,50.4,12.6,-0.18
5139,20.0,-0.165,9.948,20.058,-0.228,9.978,0.091,-0.66,64.12,-119.62,0.5653,0.2434,7.89,3.4,2.51,50.4,50.4,12.6,0.01
5140,20.0,-0.15,9.948,20.058,-0.213,9.978,0.0908,-0.62,64.12,-119.62,0.5654,0.244,7.89,3.41,2.51,50.4,50.4,12.6,0.03
5141,20.0,-0.135,9.948,20.058,-0.198,9.978,0.0907,-0.57,64.12,-119.62,0.5651,0.2446,7.89,3.42,2.51,50.4,50.4,12.6,-0.16
5142,20.0,-0.12,9.948,20.058,-0.183,9.978,0.0906,-0.53,64.12,-119.62,0.5647,0.2452,7.88,3.42,2.51,50.4,50.4,12.6,-0.18
5143,20.0,-0.105,9.948,20.058,-0.168,9.978,0.0905,-0.48,64.12,-119.62,0.5644,0.2458,7.88,3.43,2.51,50.4,50.4,12.6,-0.18
5144,20.0,-0.09,9.948,20.058,-0.153,9.978,0.0903,-0.44,64.12,-119.62,0.564,0.2464,7.88,3.44,2.5,50.4,50.4,12.6,-0.18
5145,20.0,-0.075,9.948,20.058,-0.138,9.978,0.0902,-0.4,64.12,-119.62,0.5637,0.247,7.87,3.45,2.5,50.4,50.4,12.6,-0.18
5146,20.0,-0.06,9.948,20.057,-0.123,9.978,0.0901,-0.35,64.12,-119.62,0.5634,0.2476,7.87,3.46,2.5,50.4,50.4,12.6,-0.18
5147,20.0,-0.045,9.948,20.057,-0.108,9.978,0.09,-0.31,64.12,-119.62,0.563,0.2482,7.86,3.47,2.5,50.4,50.4,12.6,-0.18
5148,20.0,-0.03,9.948,20.057,-0.093,9.978,0.0899,-0.26,64.12,-119.62,0.5627,0.2488,7.86,3.47,2.5,50.4,50.4,12.6,-0.18
5149,20.0,-0.015,9.948,20.057,-0.078,9.978,0.0897,-0.22,64.12,-119.62,0.5624,0.2494,7.85,3.48,2.5,50.4,50.4,12.6,-0.18
5150,20.0,-0.0,9.948,20.047,-0.063,9.983,0.0854,-0.18,64.14,-119.66,0.5302,0.2818,7.4,3.93,2.5,50.4,50.4,12.6,-0.18
5151,20.0,0.015,9.948,20.057,-0.048,9.978,0.0897,-0.13,64.12,-119.62,0.5625,0.2492,7.85,3.48,2.5,50.4,50.4,12.6,-0.18
5152,20.0,0.03,9.948,20.057,-0.033,9.978,0.0898,-0.09,64.12,-119.62,0.5628,0.2486,7.86,3.47,2.5,50.4,50.4,12.6,-0.18
5153,20.0,0.045,9.948,20.056,-0.017,10.0,0.0987,-0.04,64.18,-119.62,0.498,0.248,6.95,3.46,2.5,50.4,50.4,12.6,-0.18
5154,20.0,0.06,9.948,20.056,-0.002,10.001,0.0989,0.0,64.18,-119.62,0.4971,0.2474,6.94,3.45,2.5,50.4,50.4,12.6,-0.18
5155,20.0,0.075,9.948,20.056,0.013,10.001,0.099,0.04,64.18,-119.62,0.4969,0.2468,6.94,3.45,2.5,50.4,50.4,12.6,-0.18
5156,20.0,0.09,9.948,20.056,0.028,10.001,0.0991,0.09,64.18,-119.62,0.4966,0.2462,6.93,3.44,2.5,50.4,50.4,12.6,-0.18
5157,20.0,0.105,9.948,20.056,0.043,10.001,0.0991,0.13,64.18,-119.62,0.4963,0.2456,6.93,3.43,2.49,50.4,50.4,12.6,-0.18
5158,20.0,0.12,9.948,20.056,0.058,10.001,0.0992,0.18,64.18,-119.62,0.4959,0.245,6.92,3.42,2.49,50.4,50.4,12.6,-0.18
5159,20.0,0.135,9.948,20.056,0.073,10.001,0.0992,0.2,64.18,-119.62,0.4956,0.2444,6.92,3.41,2.49,50.4,50.4,12.6,-0.18
5160,20.0,0.15,9.948,20.058,0.088,9.977,0.0898,0.24,64.12,-119.62,0.5649,0.2438,7.89,3.4,2.49,50.4,50.4,12.6,-0.16
5161,20.0,0.165,9.948,20.058,0.103,9.977,0.0897,0.29,64.12,-119.62,0.5656,0.2432,7.9,3.4,2.49,50.4,50.4,12.6,0.03
5162,20.0,0.18,9.948,20.058,0.118,9.977,0.0897,0.33,64.12,-119.62,0.5653,0.2426,7.89,3.39,2.49,50.4,50.4,12.6,0.01
5163,20.0,0.195,9.948,20.056,0.133,10.002,0.0991,0.37,64.18,-119.62,0.4961,0.242,6.93,3.38,2.49,50.4,50.4,12.6,-0.18
5164,20.0,0.21,9.948,20.056,0.148,10.002,0.0992,0.42,64.18,-119.62,0.4942,0.2414,6.9,3.37,2.49,50.4,50.4,12.6,-0.18
5165,20.0,0.225,9.948,20.056,0.163,10.002,0.0991,0.46,64.18,-119.62,0.4942,0.2408,6.9,3.36,2.49,50.4,50.4,12.6,-0.18
5166,20.0,0.24,9.948,20.056,0.178,10.002,0.099,0.51,64.18,-119.62,0.4939,0.2402,6.9,3.35,2.49,50.4,50.4,12.6,-0.18
5167,20.0,0.255,9.948,20.056,0.194,10.002,0.0988,0.55,64.18,-119.62,0.4935,0.2396,6.89,3.35,2.49,50.4,50.4,12.6,-0.18
5168,20.0,0.27,9.948,20.055,0.209,10.002,0.0987,0.59,64.18,-119.62,0.4932,0.2391,6.89,3.34,2.49,50.4,50.4,12.6,-0.18
5169,20.0,0.285,9.948,20.055,0.224,10.002,0.0985,0.64,64.18,-119.62,0.4929,0.2385,6.88,3.33,2.49,50.4,50.4,12.6,-0.18
5170,20.0,0.3,9.948,20.055,0.239,10.002,0.0983,0.68,64.18,-119.62,0.4925,0.2379,6.88,3.32,2.48,50.4,50.4,12.6,-0.18
5171,20.0,0.315,9.948,20.055,0.254,10.002,0.0981,0.73,64.18,-119.62,0.4922,0.2373,6.87,3.31,2.48,50.4,50.4,12.6,-0.18
5172,20.0,0.33,9.948,20.055,0.269,10.002,0.0979,0.77,64.18,-119.62,0.4919,0.2367,6.87,3.3,2.48,50.4,50.4,12.6,-0.18
5173,20.0,0.345,9.948,20.054,0.284,10.002,0.0976,0.81,64.18,-119.62,0.4916,0.2361,6.86,3.3,2.48,50.4,50.4,12.6,-0.18
5174,20.0,0.36,9.948,20.054,0.299,10.001,0.0974,0.86,64.18,-119.62,0.4912,0.2355,6.86,3.29,2.48,50.4,50.4,12.6,-0.18
5175,20.0,0.375,9.948,20.054,0.314,10.001,0.0971,0.9,64.18,-119.62,0.4909,0.2349,6.85,3.28,2.48,50.4,50.4,12.6,-0.18
5176,20.0,0.39,9.948,20.053,0.329,10.001,0.0968,0.94,64.18,-119.62,0.4906,0.2343,6.85,3.27,2.48,50.4,50.4,12.6,-0.18
5177,20.0,0.405,9.948,20.053,0.344,10.001,0.0964,0.99,64.18,-119.62,0.4903,0.2338,6.85,3.26,2.48,50.4,50.4,12.6,-0.18
5178,20.0,0.42,9.948,20.053,0.359,10.001,0.0961,1.03,64.18,-119.62,0.4899,0.2332,6.84,3.26,2.48,50.4,50.4,12.6,-0.18
5179,20.0,0.435,9.948,20.052,0.374,10.001,0.0957,1.08,64.18,-119.62,0.4896,0.2326,6.84,3.25,2.48,50.4,50.4,12.6,-0.18
5180,20.0,0.45,9.948,20.052,0.389,10.0,0.0953,1.12,64.18,-119.62,0.4893,0.232,6.83,3.24,2.48,50.4,50.4,12.6,-0.18
5181,20.0,0.465,9.948,20.051,0.404,10.0,0.0949,1.16,64.18,-119.62,0.489,0.2314,6.83,3.23,2.48,50.4,50.4,12.6,-0.18
5182,20.0,0.48,9.948,20.051,0.419,9.998,0.0935,1.21,64.18,-119.62,0.4946,0.2308,6.91,3.22,2.47,50.4,50.4,12.6,-0.1
5183,20.0,0.495,9.948,20.051,0.435,9.996,0.0923,1.25,64.16,-119.62,0.4994,0.2302,6.97,3.21,2.47,50.4,50.4,12.6,0.03
5184,20.0,0.51,9.948,20.052,0.45,9.972,0.0832,1.27,64.09,-119.62,0.5679,0.2296,7.93,3.21,2.47,50.4,50.4,12.6,-0.05
5185,20.0,0.525,9.948,20.049,0.465,9.996,0.0919,1.32,64.16,-119.62,0.4978,0.229,6.95,3.2,2.47,50.4,50.4,12.6,-0.18
5186,20.0,0.54,9.948,20.049,0.48,9.998,0.0922,1.36,64.18,-119.62,0.493,0.2284,6.88,3.19,2.47,50.4,50.4,12.6,-0.18
5187,20.0,0.555,9.948,20.048,0.495,9.999,0.0925,1.41,64.18,-119.62,0.4883,0.2278,6.82,3.18,2.47,50.4,50.4,12.6,-0.18
5188,20.0,0.57,9.948,20.047,0.51,9.999,0.0921,1.45,64.18,-119.62,0.4873,0.2272,6.8,3.17,2.47,50.4,50.4,12.6,-0.18
5189,20.0,0.585,9.948,20.047,0.525,9.999,0.0915,1.49,64.18,-119.62,0.4872,0.2266,6.8,3.16,2.47,50.4,50.4,12.6,-0.18
5190,20.0,0.6,9.948,20.046,0.54,9.998,0.0909,1.54,64.18,-119.64,0.4868,0.2261,6.8,3.16,2.47,50.4,50.4,12.6,-0.18
5191,20.0,0.615,9.948,20.045,0.555,9.998,0.0904,1.58,64.18,-119.64,0.4865,0.2255,6.79,3.15,2.47,50.4,50.4,12.6,-0.18
5192,20.0,0.63,9.948,20.045,0.57,9.997,0.0898,1.63,64.18,-119.64,0.4862,0.2249,6.79,3.14,2.47,50.4,50.4,12.6,-0.18
5193,20.0,0.645,9.948,20.044,0.585,9.997,0.0892,1.67,64.18,-119.64,0.4859,0.2243,6.78,3.13,2.47,50.4,50.4,12.6,-0.18
5194,20.0,0.66,9.948,20.043,0.6,9.997,0.0886,1.71,64.18,-119.64,0.4856,0.2237,6.78,3.12,2.46,50.4,50.4,12.6,-0.18
5195,20.0,0.675,9.948,20.043,0.615,9.996,0.088,1.76,64.18,-119.64,0.4852,0.2231,6.78,3.12,2.46,50.4,50.4,12.6,-0.18
5196,20.0,0.69,9.948,20.042,0.63,9.996,0.0873,1.8,64.18,-119.64,0.4849,0.2225,6.77,3.11,2.46,50.4,50.4,12.6,-0.18
5197,20.0,0.705,9.948,20.041,0.645,9.995,0.0867,1.85,64.18,-119.64,0.4846,0.222,6.77,3.1,2.46,50.4,50.4,12.6,-0.18
5198,20.0,0.72,9.948,20.04,0.66,9.995,0.086,1.89,64.18,-119.64,0.4843,0.2214,6.76,3.09,2.46,50.4,50.4,12.6,-0.18
5199,20.0,0.735,9.948,20.039,0.675,9.994,0.0853,1.93,64.18,-119.64,0.484,0.2208,6.76,3.08,2.46,50.4,50.4,12.6,-0.18
5200,20.0,0.75,9.948,20.038,0.69,9.994,0.0847,1.98,64.18,-119.64,0.4836,0.2202,6.75,3.07,2.46,50.4,50.4,12.6,-0.18
5201,20.0,0.765,9.948,20.038,0.705,9.993,0.084,2.02,64.16,-119.64,0.4833,0.2196,6.75,3.07,2.46,50.4,50.4,12.6,-0.18
5202,20.0,0.78,9.948,20.037,0.72,9.993,0.0833,2.07,64.16,-119.64,0.483,0.219,6.74,3.06,2.46,50.4,50.4,12.6,-0.18
5203,20.0,0.795,9.948,20.036,0.735,9.992,0.0826,2.11,64.16,-119.64,0.4827,0.2184,6.74,3.05,2.46,50.4,50.4,12.6,-0.18
5204,20.0,0.81,9.948,20.035,0.75,9.99,0.0809,2.15,64.16,-119.64,0.4884,0.2178,6.82,3.04,2.46,50.4,50.4,12.6,-0.05
5205,20.0,0.825,9.948,20.034,0.765,9.987,0.0794,2.2,64.16,-119.64,0.4932,0.2172,6.89,3.03,2.45,50.4,50.4,12.6,0.03
5206,20.0,0.84,9.948,20.033,0.78,9.985,0.078,2.24,64.16,-119.64,0.498,0.2166,6.95,3.02,2.45,50.4,50.4,12.6,-0.1
5207,20.0,0.856,9.948,20.032,0.795,9.987,0.0784,2.26,64.16,-119.64,0.4915,0.216,6.86,3.02,2.45,50.4,50.4,12.6,-0.18
5208,20.0,0.871,9.948,20.031,0.81,9.988,0.0784,2.31,64.16,-119.66,0.4868,0.2155,6.8,3.01,2.45,50.4,50.4,12.6,-0.18
5209,20.0,0.886,9.948,20.03,0.825,9.989,0.0785,2.35,64.16,-119.66,0.482,0.2149,6.73,3.0,2.45,50.4,50.4,12.6,-0.18
5210,20.0,0.901,9.948,20.029,0.84,9.989,0.0779,2.4,64.16,-119.66,0.4811,0.2143,6.72,2.99,2.45,50.4,50.4,12.6,-0.18
5211,20.0,0.916,9.948,20.027,0.855,9.988,0.0771,2.44,64.16,-119.66,0.481,0.2137,6.72,2.98,2.45,50.4,50.4,12.6,-0.18
5212,20.0,0.931,9.948,20.026,0.87,9.987,0.0763,2.48,64.16,-119.66,0.4806,0.2131,6.71,2.98,2.45,50.4,50.4,12.6,-0.18
5213,20.0,0.946,9.948,20.023,0.885,9.985,0.0745,2.53,64.16,-119.66,0.4803,0.2188,6.71,3.06,2.45,50.4,50.4,12.6,-0.18
5214,20.0,0.961,9.948,20.021,0.9,9.984,0.073,2.57,64.16,-119.69,0.48,0.2236,6.7,3.12,2.45,50.4,50.4,12.6,-0.18
5215,20.0,0.976,9.948,20.019,0.915,9.982,0.0717,2.61,64.16,-119.69,0.4797,0.2284,6.7,3.19,2.45,50.4,50.4,12.6,-0.18
5216,20.0,0.991,9.948,20.016,0.93,9.981,0.0704,2.66,64.16,-119.69,0.4794,0.2332,6.69,3.26,2.44,50.4,50.4,12.6,-0.18
5217,20.0,1.006,9.948,20.014,0.945,9.979,0.0693,2.7,64.16,-119.69,0.4791,0.238,6.69,3.32,2.44,50.4,50.4,12.6,-0.18
5218,20.0,1.021,9.948,20.012,0.96,9.978,0.0684,2.75,64.16,-119.71,0.4788,0.2428,6.68,3.39,2.44,50.4,50.4,12.6,-0.18
5219,20.0,1.036,9.948,20.01,0.975,9.976,0.0675,2.79,64.16,-119.71,0.4784,0.2476,6.68,3.46,2.44,50.4,50.4,12.6,-0.18
5220,20.0,1.051,9.948,19.989,0.989,9.962,0.0642,2.83,64.16,-119.77,0.4781,0.316,6.68,4.41,2.44,50.4,50.4,12.6,-0.18
5221,20.0,1.066,9.948,19.987,1.004,9.961,0.0644,2.88,64.16,-119.77,0.4778,0.3208,6.67,4.48,2.44,50.4,50.4,12.6,-0.18
5222,20.0,1.081,9.948,19.985,1.019,9.96,0.0647,2.92,64.16,-119.77,0.4775,0.3256,6.67,4.55,2.44,50.4,50.4,12.6,-0.18
5223,20.0,1.096,9.948,19.983,1.034,9.959,0.065,2.97,64.16,-119.77,0.4772,0.3303,6.66,4.61,2.44,50.4,50.4,12.6,-0.18
5224,20.0,1.111,9.948,19.982,1.049,9.958,0.0654,3.01,64.16,-119.79,0.4769,0.3351,6.66,4.68,2.44,50.4,50.4,12.6,-0.18
5225,20.0,1.126,9.948,19.98,1.063,9.956,0.0658,3.05,64.16,-119.79,0.4766,0.3399,6.65,4.75,2.44,50.4,50.4,12.6,-0.18
5226,20.0,1.141,9.948,19.979,1.078,9.953,0.066,3.1,64.14,-119.79,0.4823,0.3447,6.73,4.81,2.43,50.4,50.4,12.6,0.0
5227,20.0,1.156,9.948,19.977,1.093,9.951,0.0664,3.14,64.14,-119.79,0.4871,0.3495,6.8,4.88,2.43,50.4,50.4,12.6,0.03
5228,20.0,1.171,9.948,19.975,1.108,9.952,0.0672,3.19,64.14,-119.79,0.4806,0.3543,6.71,4.95,2.43,50.4,50.4,12.6,-0.15
5229,20.0,1.186,9.948,19.974,1.123,9.953,0.0679,3.21,64.14,-119.79,0.4759,0.3591,6.64,5.01,2.43,50.4,50.4,12.6,-0.18
5230,20.0,1.201,9.948,19.973,1.138,9.952,0.0682,3.25,64.14,-119.79,0.4757,0.3621,6.64,5.06,2.43,50.4,50.4,12.6,-0.18
5231,20.0,1.216,9.948,19.973,1.153,9.952,0.0682,3.3,64.14,-119.79,0.4755,0.3622,6.64,5.06,2.43,50.4,50.4,12.6,-0.18
5232,20.0,1.231,9.948,19.973,1.168,9.952,0.0683,3.34,64.14,-119.79,0.4752,0.3628,6.64,5.07,2.43,50.4,50.4,12.6,-0.18
5233,20.0,1.246,9.948,19.973,1.183,9.952,0.0683,3.38,64.14,-119.79,0.4749,0.3634,6.63,5.07,2.43,50.4,50.4,12.6,-0.18
5234,20.0,1.261,9.948,19.973,1.198,9.952,0.0684,3.43,64.14,-119.79,0.4746,0.364,6.63,5.08,2.43,50.4,50.4,12.6,-0.18
5235,20.0,1.276,9.948,19.973,1.213,9.952,0.0684,3.47,64.14,-119.79,0.4743,0.3646,6.62,5.09,2.43,50.4,50.4,12.6,-0.18
5236,20.0,1.291,9.948,19.973,1.228,9.952,0.0685,3.52,64.14,-119.77,0.474,0.3652,6.62,5.1,2.43,50.4,50.4,12.6,-0.18
5237,20.0,1.306,9.948,19.972,1.243,9.952,0.0686,3.56,64.14,-119.77,0.4737,0.3658,6.61,5.11,2.43,50.4,50.4,12.6,-0.18
5238,20.0,1.321,9.948,19.972,1.258,9.952,0.0686,3.6,64.14,-119.77,0.4734,0.3664,6.61,5.12,2.42,50.4,50.4,12.6,-0.18
5239,20.0,1.336,9.948,19.972,1.273,9.952,0.0687,3.65,64.14,-119.77,0.4731,0.367,6.61,5.12,2.42,50.4,50.4,12.6,-0.18
5240,20.0,1.351,9.948,19.972,1.288,9.952,0.0688,3.69,64.14,-119.77,0.4728,0.3676,6.6,5.13,2.42,50.4,50.4,12.6,-0.18
5241,20.0,1.366,9.948,19.972,1.303,9.952,0.0688,3.74,64.14,-119.77,0.4724,0.3682,6.6,5.14,2.42,50.4,50.4,12.6,-0.18
5242,20.0,1.381,9.948,19.972,1.318,9.952,0.0689,3.78,64.14,-119.77,0.4721,0.3688,6.59,5.15,2.42,50.4,50.4,12.6,-0.18
5243,20.0,1.396,9.948,19.972,1.333,9.952,0.0689,3.82,64.14,-119.77,0.4718,0.3694,6.59,5.16,2.42,50.4,50.4,12.6,-0.18
5244,20.0,1.411,9.948,19.971,1.348,9.952,0.069,3.87,64.14,-119.75,0.4715,0.37,6.58,5.17,2.42,50.4,50.4,12.6,-0.18
5245,20.0,1.426,9.948,19.971,1.363,9.952,0.0691,3.91,64.12,-119.75,0.4712,0.3706,6.58,5.18,2.42,50.4,50.4,12.6,-0.18
5246,20.0,1.441,9.948,19.971,1.378,9.952,0.0691,3.96,64.12,-119.75,0.4709,0.3712,6.58,5.18,2.42,50.4,50.4,12.6,-0.18
5247,20.0,1.456,9.948,19.971,1.393,9.952,0.0692,4.0,64.12,-119.75,0.4707,0.3719,6.57,5.19,2.42,50.4,50.4,12.6,-0.16
5248,20.0,1.471,9.948,19.971,1.408,9.95,0.0691,4.04,64.12,-119.75,0.4764,0.3725,6.65,5.2,2.41,50.4,50.4,12.6,0.03
5249,20.0,1.486,9.948,19.971,1.423,9.949,0.0691,4.09,64.12,-119.75,0.4812,0.3731,6.72,5.21,2.41,50.4,50.4,12.6,0.01
5250,20.0,1.501,9.948,19.971,1.438,9.951,0.0693,4.11,64.12,-119.75,0.4748,0.3737,6.63,5.22,2.41,50.4,50.4,12.6,-0.18
5251,20.0,1.516,9.948,19.971,1.453,9.952,0.0695,4.15,64.12,-119.75,0.47,0.3743,6.56,5.23,2.41,50.4,50.4,12.6,-0.18
5252,20.0,1.531,9.948,19.97,1.468,9.952,0.0696,4.2,64.12,-119.73,0.4698,0.3749,6.56,5.24,2.41,50.4,50.4,12.6,-0.18
5253,20.0,1.546,9.948,19.97,1.483,9.952,0.0696,4.24,64.12,-119.73,0.4696,0.3755,6.56,5.24,2.41,50.4,50.4,12.6,-0.18
5254,20.0,1.561,9.948,19.97,1.498,9.952,0.0697,4.28,64.12,-119.73,0.4693,0.3761,6.55,5.25,2.41,50.4,50.4,12.6,-0.18
5255,20.0,1.576,9.948,19.97,1.513,9.952,0.0698,4.33,64.12,-119.73,0.469,0.3767,6.55,5.26,2.41,50.4,50.4,12.6,-0.18
5256,20.0,1.591,9.948,19.97,1.528,9.952,0.0698,4.37,64.12,-119.73,0.4687,0.3773,6.54,5.27,2.41,50.4,50.4,12.6,-0.18
5257,20.0,1.606,9.948,19.97,1.543,9.952,0.0699,4.42,64.12,-119.73,0.4684,0.3779,6.54,5.28,2.41,50.4,50.4,12.6,-0.18
5258,20.0,1.621,9.948,19.97,1.558,9.952,0.07,4.46,64.12,-119.71,0.4681,0.3785,6.54,5.29,2.4,50.4,50.4,12.6,-0.18
5259,20.0,1.636,9.948,19.969,1.573,9.952,0.07,4.5,64.09,-119.71,0.4678,0.3791,6.53,5.29,2.4,50.4,50.4,12.6,-0.18
5260,20.0,1.651,9.948,19.969,1.588,9.952,0.0701,4.55,64.09,-119.71,0.4675,0.3797,6.53,5.3,2.4,50.4,50.4,12.6,-0.18
5261,20.0,1.666,9.948,19.969,1.603,9.952,0.0702,4.59,64.09,-119.71,0.4672,0.3804,6.52,5.31,2.4,50.4,50.4,12.6,-0.18
5262,20.0,1.681,9.948,19.969,1.618,9.952,0.0702,4.64,64.09,-119.71,0.4669,0.381,6.52,5.32,2.4,50.4,50.4,12.6,-0.18
5263,20.0,1.696,9.948,19.969,1.633,9.952,0.0703,4.68,64.09,-119.71,0.4666,0.3816,6.52,5.33,2.4,50.4,50.4,12.6,-0.18
5264,20.0,1.711,9.948,19.969,1.648,9.952,0.0704,4.72,64.09,-119.69,0.4663,0.3822,6.51,5.34,2.4,50.4,50.4,12.6,-0.18
5265,20.0,1.726,9.948,19.969,1.663,9.952,0.0705,4.77,64.09,-119.69,0.466,0.3828,6.51,5.34,2.4,50.4,50.4,12.6,-0.18
5266,20.0,1.741,9.948,19.969,1.678,9.952,0.0705,4.81,64.09,-119.69,0.4657,0.3834,6.5,5.35,2.4,50.4,50.4,12.6,-0.18
5267,20.0,1.756,9.948,19.968,1.693,9.952,0.0706,4.86,64.09,-119.69,0.4654,0.384,6.5,5.36,2.4,50.4,50.4,12.6,-0.18
5268,20.0,1.771,9.948,19.968,1.708,9.952,0.0707,4.88,64.09,-119.69,0.4651,0.3846,6.49,5.37,2.39,50.4,50.4,12.6,-0.18
5269,20.0,1.786,9.948,19.968,1.723,9.952,0.0707,4.92,64.09,-119.69,0.465,0.3852,6.49,5.38,2.39,50.4,50.4,12.6,-0.11
5270,20.0,1.801,9.948,19.968,1.738,9.95,0.0706,4.97,64.07,-119.66,0.4707,0.3858,6.57,5.39,2.39,50.4,50.4,12.6,0.03
5271,20.0,1.816,9.948,19.968,1.753,9.949,0.0706,5.01,64.07,-119.66,0.4755,0.3865,6.64,5.4,2.39,50.4,50.4,12.6,-0.04
5272,20.0,1.831,9.948,19.968,1.768,9.951,0.0709,5.05,64.07,-119.66,0.4691,0.3871,6.55,5.4,2.39,50.4,50.4,12.6,-0.18
5273,20.0,1.846,9.948,19.968,1.783,9.952,0.0711,5.1,64.07,-119.66,0.4643,0.3877,6.48,5.41,2.39,50.4,50.4,12.6,-0.18
5274,20.0,1.861,9.948,19.968,1.798,9.952,0.0711,5.14,64.07,-119.66,0.464,0.3883,6.48,5.42,2.39,50.4,50.4,12.6,-0.18
5275,20.0,1.876,9.948,19.967,1.813,9.952,0.0712,5.19,64.07,-119.66,0.4638,0.3889,6.48,5.43,2.39,50.4,50.4,12.6,-0.18
5276,20.0,1.891,9.948,19.967,1.828,9.952,0.0713,5.23,64.07,-119.64,0.4635,0.3895,6.47,5.44,2.39,50.4,50.4,12.6,-0.18
5277,20.0,1.906,9.948,19.967,1.843,9.952,0.0714,5.27,64.07,-119.64,0.4633,0.3901,6.47,5.45,2.38,50.4,50.4,12.6,-0.18
5278,20.0,1.921,9.948,19.967,1.858,9.952,0.0714,5.32,64.07,-119.64,0.463,0.3907,6.46,5.45,2.38,50.4,50.4,12.6,-0.18
5279,20.0,1.936,9.948,19.967,1.873,9.952,0.0715,5.36,64.07,-119.64,0.4627,0.3913,6.46,5.46,2.38,50.4,50.4,12.6,-0.18
5280,20.0,1.951,9.948,19.967,1.888,9.952,0.0716,5.41,64.07,-119.64,0.4624,0.3919,6.46,5.47,2.38,50.4,50.4,12.6,-0.18
5281,20.0,1.966,9.948,19.967,1.903,9.952,0.0717,5.45,64.07,-119.62,0.4621,0.3925,6.45,5.48,2.38,50.4,50.4,12.6,-0.18
5282,20.0,1.981,9.948,19.966,1.918,9.952,0.0718,5.49,64.05,-119.62,0.4618,0.3931,6.45,5.49,2.38,50.4,50.4,12.6,-0.18
5283,20.0,1.996,9.948,19.966,1.933,9.952,0.0718,5.54,64.05,-119.62,0.4615,0.3937,6.44,5.5,2.38,50.4,50.4,12.6,-0.18
5284,20.0,2.011,9.948,19.966,1.948,9.952,0.0719,5.58,64.05,-119.62,0.4612,0.3943,6.44,5.51,2.38,50.4,50.4,12.6,-0.18
5285,20.0,2.026,9.948,19.966,1.963,9.952,0.072,5.62,64.05,-119.62,0.4609,0.3949,6.44,5.51,2.38,50.4,50.4,12.6,-0.18
5286,20.0,2.041,9.948,19.966,1.978,9.952,0.0721,5.65,64.05,-119.6,0.4606,0.3955,6.43,5.52,2.38,50.4,50.4,12.6,-0.18
5287,20.0,2.056,9.948,19.966,1.993,9.952,0.0721,5.69,64.05,-119.6,0.4603,0.3961,6.43,5.53,2.37,50.4,50.4,12.6,-0.18
5288,20.0,2.071,9.948,19.966,2.008,9.952,0.0722,5.73,64.05,-119.6,0.4601,0.3967,6.42,5.54,2.37,50.4,50.4,12.6,-0.18
5289,20.0,2.086,9.948,19.966,2.023,9.952,0.0723,5.78,64.05,-119.6,0.4598,0.3973,6.42,5.55,2.37,50.4,50.4,12.6,-0.18
5290,20.0,2.101,9.948,19.965,2.038,9.952,0.0724,5.82,64.05,-119.6,0.4595,0.3979,6.42,5.56,2.37,50.4,50.4,12.6,-0.18
5291,20.0,2.116,9.948,19.965,2.053,9.95,0.0723,5.87,64.03,-119.58,0.4652,0.3986,6.5,5.56,2.37,50.4,50.4,12.6,-0.06
5292,20.0,2.131,9.948,19.965,2.068,9.948,0.0723,5.91,64.03,-119.58,0.47,0.3992,6.56,5.57,2.37,50.4,50.4,12.6,0.03
5293,20.0,2.146,9.948,19.965,2.083,9.951,0.0725,5.95,64.03,-119.58,0.4636,0.3998,6.47,5.58,2.37,50.4,50.4,12.6,-0.09
5294,20.0,2.161,9.948,19.965,2.098,9.952,0.0727,6.0,64.03,-119.58,0.4589,0.4004,6.41,5.59,2.37,50.4,50.4,12.6,-0.18
5295,20.0,2.176,9.948,19.965,2.113,9.952,0.0728,6.04,64.03,-119.58,0.4587,0.401,6.41,5.6,2.37,50.4,50.4,12.6,-0.18
5296,20.0,2.191,9.948,19.965,2.128,9.952,0.0729,6.09,64.03,-119.55,0.4585,0.4016,6.4,5.61,2.36,50.4,50.4,12.6,-0.18
5297,20.0,2.206,9.949,19.965,2.143,9.952,0.073,6.13,64.03,-119.55,0.4582,0.4022,6.4,5.62,2.36,50.4,50.4,12.6,-0.18
5298,20.0,2.221,9.949,19.964,2.158,9.952,0.0731,6.17,64.03,-119.55,0.458,0.4028,6.39,5.62,2.36,50.4,50.4,12.6,-0.18
5299,20.0,2.236,9.949,19.964,2.173,9.952,0.0731,6.22,64.03,-119.55,0.4577,0.4034,6.39,5.63,2.36,50.4,50.4,12.6,-0.18
5300,20.0,2.251,9.949,19.964,2.188,9.952,0.0732,6.26,64.03,-119.53,0.4574,0.404,6.39,5.64,2.36,50.4,50.4,12.6,-0.18
5301,20.0,2.266,9.949,19.964,2.203,9.952,0.0733,6.31,64.01,-119.53,0.4571,0.4046,6.38,5.65,2.36,50.4,50.4,12.6,-0.18
5302,20.0,2.281,9.949,19.964,2.218,9.952,0.0734,6.33,64.01,-119.53,0.4568,0.4052,6.38,5.66,2.36,50.4,50.4,12.6,-0.18
5303,20.0,2.296,9.949,19.964,2.233,9.952,0.0735,6.37,64.01,-119.53,0.4565,0.4059,6.37,5.67,2.36,50.4,50.4,12.6,-0.18
5304,20.0,2.311,9.949,19.964,2.247,9.952,0.0736,6.42,64.01,-119.51,0.4563,0.4065,6.37,5.68,2.36,50.4,50.4,12.6,-0.18
5305,20.0,2.326,9.949,19.963,2.262,9.952,0.0737,6.46,64.01,-119.51,0.456,0.4071,6.37,5.68,2.35,50.4,50.4,12.6,-0.18
5306,20.0,2.341,9.949,19.963,2.277,9.952,0.0737,6.5,64.01,-119.51,0.4557,0.4077,6.36,5.69,2.35,50.4,50.4,12.6,-0.18
5307,20.0,2.356,9.949,19.963,2.292,9.952,0.0738,6.55,64.01,-119.51,0.4554,0.4083,6.36,5.7,2.35,50.4,50.4,12.6,-0.18
5308,20.0,2.371,9.949,19.963,2.307,9.952,0.0739,6.59,64.01,-119.51,0.4551,0.4089,6.35,5.71,2.35,50.4,50.4,12.6,-0.18
5309,20.0,2.386,9.949,19.963,2.322,9.952,0.074,6.64,63.98,-119.49,0.4549,0.4095,6.35,5.72,2.35,50.4,50.4,12.6,-0.18
5310,20.0,2.401,9.949,19.963,2.337,9.952,0.0741,6.68,63.98,-119.49,0.4546,0.4101,6.35,5.73,2.35,50.4,50.4,12.6,-0.18
5311,20.0,2.416,9.949,19.963,2.352,9.952,0.0742,6.72,63.98,-119.49,0.4543,0.4107,6.34,5.73,2.35,50.4,50.4,12.6,-0.18
5312,20.0,2.431,9.948,19.963,2.367,9.952,0.0743,6.77,63.98,-119.49,0.454,0.4113,6.34,5.74,2.35,50.4,50.4,12.6,-0.18
5313,20.0,2.446,9.948,19.963,2.382,9.95,0.0741,6.81,63.98,-119.47,0.4597,0.4119,6.42,5.75,2.34,50.4,50.4,12.6,-0.01
5314,20.0,2.461,9.949,19.963,2.397,9.948,0.0741,6.86,63.96,-119.47,0.4646,0.4126,6.49,5.76,2.34,50.4,50.4,12.6,0.03
5315,20.0,2.476,9.949,19.962,2.412,9.95,0.0744,6.9,63.98,-119.47,0.4582,0.4132,6.4,5.77,2.34,50.4,50.4,12.6,-0.14
5316,20.0,2.491,9.949,19.962,2.427,9.952,0.0746,6.94,63.98,-119.47,0.4534,0.4138,6.33,5.78,2.34,50.4,50.4,12.6,-0.18
5317,20.0,2.506,9.949,19.962,2.442,9.952,0.0747,6.97,63.96,-119.44,0.4533,0.4144,6.33,5.79,2.34,50.4,50.4,12.6,-0.18
5318,20.0,2.521,9.949,19.962,2.457,9.952,0.0748,7.01,63.96,-119.44,0.4531,0.415,6.33,5.79,2.34,50.4,50.4,12.6,-0.18
5319,20.0,2.536,9.949,19.962,2.472,9.952,0.0749,7.05,63.96,-119.44,0.4528,0.4156,6.32,5.8,2.34,50.4,50.4,12.6,-0.18
5320,20.0,2.551,9.949,19.962,2.487,9.952,0.075,7.1,63.96,-119.44,0.4525,0.4162,6.32,5.81,2.34,50.4,50.4,12.6,-0.18
5321,20.0,2.566,9.949,19.961,2.502,9.952,0.0751,7.14,63.96,-119.42,0.4523,0.4168,6.31,5.82,2.34,50.4,50.4,12.6,-0.18
5322,20.0,2.581,9.949,19.961,2.517,9.952,0.0752,7.19,63.96,-119.42,0.452,0.4174,6.31,5.83,2.34,50.4,50.4,12.6,-0.18
5323,20.0,2.596,9.949,19.961,2.532,9.952,0.0753,7.23,63.96,-119.42,0.4517,0.418,6.31,5.84,2.33,50.4,50.4,12.6,-0.18
5324,20.0,2.612,9.949,19.961,2.547,9.952,0.0753,7.27,63.96,-119.4,0.4514,0.4186,6.3,5.85,2.33,50.4,50.4,12.6,-0.18
5325,20.0,2.627,9.949,19.961,2.562,9.952,0.0754,7.32,63.94,-119.4,0.4512,0.4192,6.3,5.85,2.33,50.4,50.4,12.6,-0.18
5326,20.0,2.642,9.949,19.961,2.577,9.952,0.0755,7.36,63.94,-119.4,0.4509,0.4198,6.3,5.86,2.33,50.4,50.4,12.6,-0.18
5327,20.0,2.657,9.949,19.961,2.592,9.952,0.0756,7.4,63.94,-119.4,0.4506,0.4204,6.29,5.87,2.33,50.4,50.4,12.6,-0.18
5328,20.0,2.672,9.949,19.961,2.607,9.952,0.0757,7.45,63.94,-119.38,0.4503,0.421,6.29,5.88,2.33,50.4,50.4,12.6,-0.18
5329,20.0,2.687,9.949,19.96,2.622,9.952,0.0758,7.49,63.94,-119.38,0.4501,0.4217,6.28,5.89,2.33,50.4,50.4,12.6,-0.18
5330,20.0,2.702,9.949,19.96,2.637,9.952,0.0759,7.54,63.94,-119.38,0.4498,0.4223,6.28,5.9,2.33,50.4,50.4,12.6,-0.18
5331,20.0,2.717,9.949,19.96,2.652,9.952,0.076,7.56,63.94,-119.38,0.4495,0.4229,6.28,5.9,2.33,50.4,50.4,12.6,-0.18
5332,20.0,2.732,9.949,19.96,2.667,9.952,0.0761,7.6,63.92,-119.36,0.4493,0.4235,6.27,5.91,2.32,50.4,50.4,12.6,-0.18
5333,20.0,2.747,9.949,19.96,2.682,9.952,0.0762,7.65,63.92,-119.36,0.449,0.4241,6.27,5.92,2.32,50.4,50.4,12.6,-0.18
5334,20.0,2.762,9.949,19.96,2.697,9.951,0.0763,7.69,63.92,-119.36,0.4487,0.4247,6.27,5.93,2.32,50.4,50.4,12.6,-0.16
5335,20.0,2.777,9.949,19.96,2.712,9.949,0.0761,7.73,63.92,-119.33,0.4545,0.4253,6.35,5.94,2.32,50.4,50.4,12.6,0.03
5336,20.0,2.792,9.949,19.96,2.727,9.948,0.0762,7.78,63.9,-119.33,0.4593,0.426,6.41,5.95,2.32,50.4,50.4,12.6,0.01
5337,20.0,2.807,9.949,19.959,2.742,9.95,0.0765,7.82,63.92,-119.33,0.4529,0.4266,6.32,5.96,2.32,50.4,50.4,12.6,-0.18
5338,20.0,2.822,9.949,19.959,2.757,9.952,0.0767,7.87,63.92,-119.33,0.4482,0.4272,6.26,5.96,2.32,50.4,50.4,12.6,-0.18
5339,20.0,2.837,9.949,19.959,2.772,9.952,0.0768,7.91,63.9,-119.31,0.448,0.4278,6.26,5.97,2.32,50.4,50.4,12.6,-0.18
5340,20.0,2.852,9.949,19.959,2.787,9.952,0.0769,7.95,63.9,-119.31,0.4478,0.4284,6.25,5.98,2.32,50.4,50.4,12.6,-0.18
5341,20.0,2.867,9.949,19.959,2.802,9.952,0.077,8.0,63.9,-119.31,0.4476,0.429,6.25,5.99,2.31,50.4,50.4,12.6,-0.18
5342,20.0,2.882,9.949,19.959,2.817,9.952,0.077,8.04,63.9,-119.29,0.4473,0.4296,6.25,6.0,2.31,50.4,50.4,12.6,-0.18
5343,20.0,2.897,9.949,19.959,2.832,9.951,0.0771,8.09,63.9,-119.29,0.447,0.4302,6.24,6.01,2.31,50.4,50.4,12.6,-0.18
5344,20.0,2.912,9.949,19.958,2.847,9.951,0.0772,8.11,63.9,-119.29,0.4468,0.4308,6.24,6.02,2.31,50.4,50.4,12.6,-0.18
5345,20.0,2.927,9.949,19.958,2.862,9.951,0.0773,8.15,63.9,-119.27,0.4465,0.4314,6.23,6.02,2.31,50.4,50.4,12.6,-0.18
5346,20.0,2.942,9.949,19.958,2.877,9.951,0.0774,8.2,63.87,-119.27,0.4462,0.432,6.23,6.03,2.31,50.4,50.4,12.6,-0.18
5347,20.0,2.957,9.949,19.958,2.892,9.951,0.0775,8.24,63.87,-119.27,0.446,0.4326,6.23,6.04,2.31,50.4,50.4,12.6,-0.18
5348,20.0,2.972,9.949,19.958,2.907,9.951,0.0776,8.28,63.87,-119.27,0.4457,0.4332,6.22,6.05,2.31,50.4,50.4,12.6,-0.18
5349,20.0,2.987,9.949,19.958,2.921,9.951,0.0777,8.33,63.87,-119.25,0.4454,0.4338,6.22,6.06,2.3,50.4,50.4,12.6,-0.18
5350,20.0,3.002,9.949,19.958,2.936,9.951,0.0778,8.37,63.87,-119.25,0.4452,0.4344,6.22,6.07,2.3,50.4,50.4,12.6,-0.18
5351,20.0,3.017,9.949,19.958,2.951,9.951,0.0779,8.42,63.87,-119.25,0.4449,0.435,6.21,6.07,2.3,50.4,50.4,12.6,-0.18
5352,20.0,3.032,9.949,19.957,2.966,9.951,0.078,8.46,63.85,-119.22,0.4446,0.4356,6.21,6.08,2.3,50.4,50.4,12.6,-0.18
5353,20.0,3.047,9.949,19.957,2.981,9.951,0.0781,8.5,63.85,-119.22,0.4444,0.4363,6.2,6.09,2.3,50.4,50.4,12.6,-0.18
5354,20.0,3.062,9.949,19.957,2.996,9.951,0.0782,8.55,63.85,-119.22,0.4441,0.4369,6.2,6.1,2.3,50.4,50.4,12.6,-0.18
5355,20.0,3.077,9.949,19.957,3.011,9.951,0.0783,8.59,63.85,-119.2,0.4438,0.4375,6.2,6.11,2.3,50.4,50.4,12.6,-0.18
5356,20.0,3.092,9.949,19.957,3.026,9.951,0.0784,8.61,63.85,-119.2,0.4437,0.4381,6.2,6.12,2.29,50.4,50.4,12.6,-0.11
5357,20.0,3.107,9.949,19.957,3.041,9.949,0.0783,8.66,63.83,-119.2,0.4494,0.4387,6.28,6.13,2.29,50.4,50.4,12.6,0.03
5358,20.0,3.122,9.949,19.957,3.056,9.947,0.0784,8.7,63.83,-119.18,0.4543,0.4394,6.34,6.13,2.29,50.4,50.4,12.6,-0.04
5359,20.0,3.137,9.949,19.957,3.071,9.95,0.0786,8.75,63.83,-119.18,0.4479,0.44,6.25,6.14,2.29,50.4,50.4,12.6,-0.18
5360,20.0,3.152,9.949,19.956,3.086,9.951,0.0788,8.79,63.83,-119.18,0.4432,0.4406,6.19,6.15,2.29,50.4,50.4,12.6,-0.18
5361,20.0,3.167,9.949,19.956,3.101,9.951,0.0789,8.83,63.83,-119.16,0.4429,0.4412,6.18,6.16,2.29,50.4,50.4,12.6,-0.18
5362,20.0,3.182,9.949,19.956,3.116,9.951,0.079,8.88,63.83,-119.16,0.4427,0.4418,6.18,6.17,2.29,50.4,50.4,12.6,-0.18
5363,20.0,3.197,9.949,19.956,3.131,9.951,0.0791,8.92,63.83,-119.16,0.4425,0.4424,6.18,6.18,2.29,50.4,50.4,12.6,-0.18
5364,20.0,3.212,9.949,19.956,3.146,9.951,0.0792,8.96,63.83,-119.14,0.4422,0.443,6.17,6.19,2.29,50.4,50.4,12.6,-0.18
5365,20.0,3.227,9.949,19.956,3.161,9.951,0.0793,9.01,63.81,-119.14,0.442,0.4436,6.17,6.19,2.29,50.4,50.4,12.6,-0.18
5366,20.0,3.242,9.949,19.956,3.176,9.951,0.0794,9.05,63.81,-119.14,0.4417,0.4442,6.17,6.2,2.28,50.4,50.4,12.6,-0.18
5367,20.0,3.257,9.949,19.956,3.191,9.951,0.0795,9.07,63.81,-119.11,0.4414,0.4448,6.16,6.21,2.28,50.4,50.4,12.6,-0.18
5368,20.0,3.272,9.949,19.955,3.206,9.951,0.0796,9.12,63.81,-119.11,0.4412,0.4454,6.16,6.22,2.28,50.4,50.4,12.6,-0.18
5369,20.0,3.287,9.949,19.955,3.221,9.951,0.0797,9.16,63.81,-119.11,0.4409,0.446,6.16,6.23,2.28,50.4,50.4,12.6,-0.18
5370,20.0,3.302,9.949,19.955,3.236,9.951,0.0798,9.21,63.79,-119.09,0.4407,0.4466,6.15,6.24,2.28,50.4,50.4,12.6,-0.18
5371,20.0,3.317,9.949,19.955,3.251,9.951,0.0799,9.25,63.79,-119.09,0.4404,0.4472,6.15,6.24,2.28,50.4,50.4,12.6,-0.18
5372,20.0,3.332,9.949,19.955,3.266,9.951,0.0801,9.29,63.79,-119.09,0.4402,0.4478,6.15,6.25,2.28,50.4,50.4,12.6,-0.18
5373,20.0,3.347,9.949,19.955,3.281,9.951,0.0802,9.34,63.79,-119.07,0.4399,0.4484,6.14,6.26,2.28,50.4,50.4,12.6,-0.18
5374,20.0,3.362,9.949,19.955,3.296,9.951,0.0803,9.38,63.79,-119.07,0.4396,0.449,6.14,6.27,2.27,50.4,50.4,12.6,-0.18
5375,20.0,3.377,9.949,19.954,3.311,9.951,0.0804,9.43,63.79,-119.07,0.4394,0.4496,6.13,6.28,2.27,50.4,50.4,12.6,-0.18
5376,20.0,3.392,9.949,19.954,3.326,9.951,0.0805,9.47,63.76,-119.05,0.4391,0.4502,6.13,6.29,2.27,50.4,50.4,12.6,-0.18
5377,20.0,3.407,9.949,19.954,3.341,9.951,0.0806,9.51,63.76,-119.05,0.4389,0.4509,6.13,6.3,2.27,50.4,50.4,12.6,-0.18
5378,20.0,3.422,9.949,19.954,3.356,9.949,0.0805,9.54,63.76,-119.05,0.4446,0.4515,6.21,6.3,2.27,50.4,50.4,12.6,-0.06
5379,20.0,3.437,9.949,19.954,3.371,9.947,0.0805,9.58,63.74,-119.03,0.4494,0.4521,6.28,6.31,2.26,50.4,50.4,12.6,0.03
5380,20.0,3.452,9.949,19.954,3.386,9.949,0.0808,9.62,63.74,-119.03,0.4437,0.4527,6.19,6.32,2.27,50.4,50.4,12.6,-0.09
5381,20.0,3.467,9.949,19.954,3.401,9.951,0.081,9.67,63.76,-119.0,0.4389,0.4533,6.13,6.33,2.27,50.4,50.4,12.6,-0.18
5382,20.0,3.482,9.949,19.954,3.415,9.951,0.0811,9.71,63.74,-119.0,0.4382,0.4539,6.12,6.34,2.27,50.4,50.4,12.6,-0.18
5383,20.0,3.497,9.949,19.953,3.43,9.951,0.0812,9.76,63.74,-119.0,0.4381,0.4546,6.12,6.35,2.26,50.4,50.4,12.6,-0.18
5384,20.0,3.512,9.949,19.953,3.445,9.951,0.0813,9.8,63.74,-118.98,0.4378,0.4552,6.11,6.36,2.26,50.4,50.4,12.6,-0.18
5385,20.0,3.527,9.949,19.953,3.46,9.951,0.0814,9.84,63.74,-118.98,0.4376,0.4558,6.11,6.36,2.26,50.4,50.4,12.6,-0.18
5386,20.0,3.542,9.949,19.953,3.475,9.951,0.0815,9.89,63.74,-118.98,0.4373,0.4564,6.11,6.37,2.26,50.4,50.4,12.6,-0.18
5387,20.0,3.557,9.949,19.953,3.49,9.951,0.0816,9.93,63.72,-118.96,0.4371,0.457,6.1,6.38,2.26,50.4,50.4,12.6,-0.18
5388,20.0,3.572,9.949,19.953,3.505,9.951,0.0818,9.95,63.72,-118.96,0.4368,0.4576,6.1,6.39,2.26,50.4,50.4,12.6,-0.18
5389,20.0,3.587,9.949,19.953,3.52,9.951,0.0819,10.0,63.72,-118.96,0.4366,0.4582,6.1,6.4,2.26,50.4,50.4,12.6,-0.18
5390,20.0,3.602,9.949,19.953,3.535,9.951,0.082,10.04,63.72,-118.94,0.4363,0.4588,6.09,6.41,2.26,50.4,50.4,12.6,-0.18
5391,20.0,3.617,9.949,19.952,3.55,9.951,0.0821,10.09,63.72,-118.94,0.4361,0.4594,6.09,6.41,2.25,50.4,50.4,12.6,-0.18
5392,20.0,3.632,9.949,19.952,3.565,9.951,0.0822,10.13,63.7,-118.92,0.4358,0.46,6.09,6.42,2.25,50.4,50.4,12.6,-0.18
5393,20.0,3.647,9.949,19.952,3.58,9.951,0.0823,10.17,63.7,-118.92,0.4356,0.4606,6.08,6.43,2.25,50.4,50.4,12.6,-0.18
5394,20.0,3.662,9.949,19.952,3.595,9.951,0.0824,10.22,63.7,-118.92,0.4353,0.4612,6.08,6.44,2.25,50.4,50.4,12.6,-0.18
5395,20.0,3.677,9.949,19.952,3.61,9.951,0.0825,10.26,63.7,-118.89,0.4351,0.4618,6.07,6.45,2.25,50.4,50.4,12.6,-0.18
5396,20.0,3.692,9.949,19.952,3.625,9.95,0.0826,10.31,63.7,-118.89,0.4348,0.4624,6.07,6.46,2.25,50.4,50.4,12.6,-0.18
5397,20.0,3.707,9.949,19.952,3.64,9.95,0.0827,10.35,63.68,-118.87,0.4346,0.463,6.07,6.47,2.25,50.4,50.4,12.6,-0.18
5398,20.0,3.722,9.949,19.952,3.655,9.95,0.0828,10.37,63.68,-118.87,0.4343,0.4636,6.06,6.47,2.25,50.4,50.4,12.6,-0.18
5399,20.0,3.737,9.949,19.951,3.67,9.95,0.0829,10.42,63.68,-118.87,0.4341,0.4642,6.06,6.48,2.24,50.4,50.4,12.6,-0.18
5400,20.0,3.752,9.949,19.951,3.685,9.948,0.0829,10.46,63.68,-118.85,0.4398,0.4649,6.14,6.49,2.24,50.4,50.4,12.6,-0.02
5401,20.0,3.767,9.949,19.951,3.7,9.947,0.0829,10.5,63.65,-118.85,0.4447,0.4655,6.21,6.5,2.24,50.4,50.4,12.6,0.03
5402,20.0,3.782,9.949,19.951,3.715,9.949,0.0832,10.55,63.65,-118.85,0.4383,0.4661,6.12,6.51,2.24,50.4,50.4,12.6,-0.14
5403,20.0,3.797,9.949,19.951,3.73,9.951,0.0834,10.59,63.65,-118.83,0.4336,0.4667,6.05,6.52,2.24,50.4,50.4,12.6,-0.18
5404,20.0,3.812,9.949,19.951,3.745,9.95,0.0835,10.63,63.65,-118.83,0.4335,0.4673,6.05,6.53,2.24,50.4,50.4,12.6,-0.18
5405,20.0,3.827,9.949,19.951,3.76,9.95,0.0836,10.68,63.65,-118.81,0.4333,0.4679,6.05,6.53,2.24,50.4,50.4,12.6,-0.18
5406,20.0,3.842,9.949,19.951,3.775,9.95,0.0837,10.72,63.65,-118.81,0.4331,0.4685,6.05,6.54,2.24,50.4,50.4,12.6,-0.18
5407,20.0,3.857,9.949,19.95,3.79,9.95,0.0838,10.74,63.65,-118.81,0.4328,0.4691,6.04,6.55,2.23,50.4,50.4,12.6,-0.18
5408,20.0,3.872,9.949,19.95,3.805,9.95,0.0839,10.79,63.63,-118.78,0.4326,0.4698,6.04,6.56,2.23,50.4,50.4,12.6,-0.18
5409,20.0,3.887,9.949,19.95,3.819,9.95,0.0841,10.83,63.63,-118.78,0.4324,0.4704,6.04,6.57,2.23,50.4,50.4,12.6,-0.18
5410,20.0,3.902,9.949,19.95,3.834,9.95,0.0842,10.88,63.63,-118.76,0.4321,0.471,6.03,6.58,2.23,50.4,50.4,12.6,-0.18
5411,20.0,3.917,9.949,19.95,3.849,9.95,0.0843,10.92,63.63,-118.76,0.4319,0.4716,6.03,6.58,2.23,50.4,50.4,12.6,-0.18
5412,20.0,3.932,9.949,19.95,3.864,9.95,0.0844,10.96,63.61,-118.74,0.4316,0.4722,6.03,6.59,2.23,50.4,50.4,12.6,-0.18
5413,20.0,3.947,9.949,19.95,3.879,9.95,0.0845,11.01,63.61,-118.74,0.4314,0.4728,6.02,6.6,2.23,50.4,50.4,12.6,-0.18
5414,20.0,3.962,9.949,19.95,3.894,9.95,0.0846,11.05,63.61,-118.74,0.4311,0.4734,6.02,6.61,2.23,50.4,50.4,12.6,-0.18
5415,20.0,3.977,9.949,19.949,3.909,9.95,0.0847,11.1,63.61,-118.72,0.4309,0.474,6.02,6.62,2.22,50.4,50.4,12.6,-0.18
5416,20.0,3.992,9.949,19.949,3.924,9.95,0.0848,11.12,63.61,-118.72,0.4307,0.4746,6.01,6.63,2.22,50.4,50.4,12.6,-0.18
5417,20.0,4.007,9.949,19.949,3.939,9.95,0.0849,11.16,63.59,-118.7,0.4304,0.4752,6.01,6.64,2.22,50.4,50.4,12.6,-0.18
5418,20.0,4.022,9.949,19.949,3.954,9.95,0.0851,11.21,63.59,-118.7,0.4302,0.4758,6.01,6.64,2.22,50.4,50.4,12.6,-0.18
5419,20.0,4.037,9.949,19.949,3.969,9.95,0.0852,11.25,63.59,-118.7,0.4299,0.4764,6.0,6.65,2.22,50.4,50.4,12.6,-0.18
5420,20.0,4.052,9.949,19.949,3.984,9.95,0.0853,11.29,63.59,-118.67,0.4297,0.477,6.0,6.66,2.22,50.4,50.4,12.6,-0.18
5421,20.0,4.067,9.949,19.949,3.999,9.95,0.0854,11.34,63.59,-118.67,0.4295,0.4776,6.0,6.67,2.22,50.4,50.4,12.6,-0.17
5422,20.0,4.082,9.949,19.949,4.014,9.948,0.0853,11.38,63.57,-118.65,0.4352,0.4783,6.08,6.68,2.21,50.4,50.4,12.6,0.02
5423,20.0,4.097,9.949,19.949,4.029,9.946,0.0854,11.43,63.57,-118.65,0.4401,0.4789,6.14,6.69,2.21,50.4,50.4,12.6,0.02
5424,20.0,4.112,9.949,19.948,4.044,9.948,0.0857,11.47,63.57,-118.63,0.4337,0.4795,6.06,6.7,2.21,50.4,50.4,12.6,-0.18
5425,20.0,4.127,9.949,19.948,4.059,9.95,0.0859,11.49,63.57,-118.63,0.429,0.4801,5.99,6.7,2.21,50.4,50.4,12.6,-0.17
5426,20.0,4.142,9.949,19.948,4.074,9.95,0.086,11.54,63.54,-118.63,0.4289,0.4807,5.99,6.71,2.21,50.4,50.4,12.6,-0.17
5427,20.0,4.157,9.949,19.948,4.089,9.95,0.0861,11.58,63.54,-118.61,0.4288,0.4813,5.99,6.72,2.21,50.4,50.4,12.6,-0.17
5428,20.0,4.172,9.949,19.948,4.104,9.95,0.0862,11.62,63.54,-118.61,0.4285,0.4819,5.98,6.73,2.21,50.4,50.4,12.6,-0.17
5429,20.0,4.187,9.949,19.948,4.119,9.95,0.0863,11.67,63.54,-118.59,0.4283,0.4825,5.98,6.74,2.21,50.4,50.4,12.6,-0.17
5430,20.0,4.202,9.949,19.948,4.134,9.95,0.0864,11.71,63.54,-118.59,0.428,0.4831,5.98,6.75,2.21,50.4,50.4,12.6,-0.17
5431,20.0,4.217,9.949,19.947,4.149,9.95,0.0866,11.76,63.52,-118.56,0.4278,0.4837,5.97,6.75,2.2,50.4,50.4,12.6,-0.17
5432,20.0,4.232,9.949,19.947,4.164,9.95,0.0867,11.8,63.52,-118.56,0.4276,0.4843,5.97,6.76,2.2,50.4,50.4,12.6,-0.17
5433,20.0,4.247,9.949,19.947,4.178,9.95,0.0868,11.82,63.52,-118.54,0.4273,0.4849,5.97,6.77,2.2,50.4,50.4,12.6,-0.17
5434,20.0,4.262,9.949,19.947,4.193,9.95,0.0869,11.87,63.52,-118.54,0.4271,0.4855,5.96,6.78,2.2,50.4,50.4,12.6,-0.17
5435,20.0,4.277,9.949,19.947,4.208,9.95,0.087,11.91,63.5,-118.54,0.4269,0.4861,5.96,6.79,2.2,50.4,50.4,12.6,-0.17
5436,20.0,4.292,9.949,19.947,4.223,9.95,0.0871,11.95,63.5,-118.52,0.4266,0.4867,5.96,6.8,2.2,50.4,50.4,12.6,-0.17
5437,20.0,4.307,9.949,19.947,4.238,9.95,0.0872,12.0,63.5,-118.52,0.4264,0.4874,5.95,6.8,2.2,50.4,50.4,12.6,-0.17
5438,20.0,4.322,9.949,19.947,4.253,9.95,0.0874,12.04,63.5,-118.5,0.4262,0.488,5.95,6.81,2.2,50.4,50.4,12.6,-0.17
5439,20.0,4.337,9.949,19.946,4.268,9.949,0.0875,12.08,63.5,-118.5,0.4259,0.4886,5.95,6.82,2.19,50.4,50.4,12.6,-0.17
5440,20.0,4.352,9.949,19.946,4.283,9.949,0.0876,12.13,63.48,-118.48,0.4257,0.4892,5.94,6.83,2.19,50.4,50.4,12.6,-0.17
5441,20.0,4.367,9.949,19.946,4.298,9.949,0.0877,12.15,63.48,-118.48,0.4255,0.4898,5.94,6.84,2.19,50.4,50.4,12.6,-0.17
5442,20.0,4.382,9.949,19.946,4.313,9.949,0.0878,12.19,63.48,-118.45,0.4252,0.4904,5.94,6.85,2.19,50.4,50.4,12.6,-0.17
5443,20.0,4.397,9.949,19.946,4.328,9.947,0.0878,12.24,63.46,-118.45,0.431,0.491,6.02,6.86,2.19,50.4,50.4,12.6,-0.12
5444,20.0,4.412,9.949,19.946,4.343,9.946,0.0878,12.28,63.46,-118.43,0.4359,0.4916,6.09,6.86,2.18,50.4,50.4,12.6,0.02
5445,20.0,4.427,9.949,19.946,4.358,9.944,0.088,12.33,63.44,-118.43,0.4407,0.4923,6.15,6.87,2.18,50.4,50.4,12.6,-0.03
5446,20.0,4.442,9.949,19.946,4.373,9.947,0.0882,12.37,63.46,-118.41,0.4344,0.4929,6.06,6.88,2.19,50.4,50.4,12.6,-0.17
5447,20.0,4.457,9.949,19.946,4.388,9.948,0.0884,12.41,63.46,-118.41,0.4297,0.4935,6.0,6.89,2.18,50.4,50.4,12.6,-0.17
5448,20.0,4.472,9.949,19.945,4.403,9.95,0.0886,12.46,63.44,-118.41,0.425,0.4941,5.93,6.9,2.18,50.4,50.4,12.6,-0.17
5449,20.0,4.487,9.949,19.945,4.418,9.95,0.0887,12.48,63.44,-118.39,0.4241,0.4947,5.92,6.91,2.18,50.4,50.4,12.6,-0.17
5450,20.0,4.502,9.949,19.945,4.433,9.95,0.0888,12.52,63.44,-118.39,0.4241,0.4953,5.92,6.92,2.18,50.4,50.4,12.6,-0.17
5451,20.0,4.517,9.949,19.945,4.448,9.95,0.0889,12.57,63.44,-118.37,0.4239,0.4959,5.92,6.92,2.18,50.4,50.4,12.6,-0.17
5452,20.0,4.532,9.949,19.945,4.463,9.95,0.0891,12.61,63.44,-118.37,0.4237,0.4965,5.92,6.93,2.18,50.4,50.4,12.6,-0.17
5453,20.0,4.547,9.949,19.945,4.478,9.95,0.0892,12.66,63.41,-118.34,0.4234,0.4971,5.91,6.94,2.18,50.4,50.4,12.6,-0.17
5454,20.0,4.562,9.949,19.945,4.492,9.95,0.0893,12.7,63.41,-118.34,0.4232,0.4977,5.91,6.95,2.17,50.4,50.4,12.6,-0.17
5455,20.0,4.577,9.949,19.944,4.507,9.95,0.0894,12.74,63.41,-118.32,0.423,0.4983,5.91,6.96,2.17,50.4,50.4,12.6,-0.17
5456,20.0,4.593,9.949,19.944,4.522,9.95,0.0895,12.77,63.41,-118.32,0.4228,0.4989,5.9,6.97,2.17,50.4,50.4,12.6,-0.17
5457,20.0,4.608,9.949,19.944,4.537,9.95,0.0896,12.81,63.39,-118.3,0.4225,0.4995,5.9,6.97,2.17,50.4,50.4,12.6,-0.17
5458,20.0,4.623,9.949,19.944,4.552,9.95,0.0898,12.85,63.39,-118.3,0.4223,0.5001,5.9,6.98,2.17,50.4,50.4,12.6,-0.17
5459,20.0,4.638,9.949,19.944,4.567,9.95,0.0899,12.9,63.39,-118.28,0.4221,0.5007,5.89,6.99,2.17,50.4,50.4,12.6,-0.17
5460,20.0,4.653,9.949,19.944,4.582,9.95,0.09,12.94,63.39,-118.28,0.4219,0.5013,5.89,7.0,2.17,50.4,50.4,12.6,-0.17
5461,20.0,4.668,9.949,19.944,4.597,9.949,0.0901,12.99,63.37,-118.26,0.4216,0.5019,5.89,7.01,2.17,50.4,50.4,12.6,-0.17
5462,20.0,4.683,9.949,19.944,4.612,9.949,0.0902,13.03,63.37,-118.26,0.4214,0.5025,5.88,7.02,2.16,50.4,50.4,12.6,-0.17
5463,20.0,4.698,9.949,19.944,4.627,9.949,0.0904,13.05,63.37,-118.23,0.4212,0.5031,5.88,7.02,2.16,50.4,50.4,12.6,-0.17
5464,20.0,4.713,9.949,19.943,4.642,9.949,0.0905,13.1,63.37,-118.23,0.421,0.5037,5.88,7.03,2.16,50.4,50.4,12.6,-0.17
5465,20.0,4.728,9.949,19.943,4.657,9.947,0.0904,13.14,63.35,-118.21,0.4267,0.5043,5.96,7.04,2.16,50.4,50.4,12.6,-0.07
5466,20.0,4.743,9.949,19.943,4.672,9.946,0.0905,13.18,63.35,-118.21,0.4316,0.505,6.03,7.05,2.15,50.4,50.4,12.6,0.02
5467,20.0,4.758,9.949,19.943,4.687,9.944,0.0906,13.23,63.33,-118.19,0.4365,0.5056,6.09,7.06,2.16,50.4,50.4,12.6,-0.08
5468,20.0,4.773,9.949,19.943,4.702,9.946,0.0908,13.27,63.33,-118.19,0.4301,0.5062,6.01,7.07,2.16,50.4,50.4,12.6,-0.17
5469,20.0,4.788,9.949,19.943,4.717,9.948,0.091,13.32,63.33,-118.17,0.4254,0.5068,5.94,7.08,2.16,50.4,50.4,12.6,-0.17
5470,20.0,4.803,9.949,19.943,4.732,9.95,0.0912,13.34,63.33,-118.17,0.4207,0.5074,5.87,7.08,2.15,50.4,50.4,12.6,-0.17
5471,20.0,4.818,9.949,19.943,4.747,9.95,0.0914,13.38,63.33,-118.15,0.4199,0.508,5.86,7.09,2.15,50.4,50.4,12.6,-0.17
5472,20.0,4.833,9.949,19.942,4.762,9.95,0.0915,13.43,63.33,-118.15,0.4199,0.5086,5.86,7.1,2.15,50.4,50.4,12.6,-0.17
5473,20.0,4.848,9.949,19.942,4.776,9.95,0.0916,13.47,63.3,-118.12,0.4197,0.5092,5.86,7.11,2.15,50.4,50.4,12.6,-0.17
5474,20.0,4.863,9.949,19.942,4.791,9.95,0.0917,13.51,63.3,-118.12,0.4195,0.5098,5.86,7.12,2.15,50.4,50.4,12.6,-0.17
5475,20.0,4.878,9.949,19.942,4.806,9.95,0.0919,13.56,63.3,-118.1,0.4192,0.5104,5.85,7.13,2.15,50.4,50.4,12.6,-0.17
5476,20.0,4.893,9.949,19.942,4.821,9.95,0.092,13.6,63.3,-118.1,0.419,0.511,5.85,7.14,2.15,50.4,50.4,12.6,-0.17
5477,20.0,4.908,9.949,19.942,4.836,9.95,0.0921,13.62,63.28,-118.08,0.4188,0.5116,5.85,7.14,2.15,50.4,50.4,12.6,-0.17
5478,20.0,4.923,9.949,19.942,4.851,9.95,0.0922,13.67,63.28,-118.08,0.4186,0.5122,5.84,7.15,2.14,50.4,50.4,12.6,-0.17
5479,20.0,4.938,9.949,19.942,4.866,9.95,0.0923,13.71,63.28,-118.06,0.4184,0.5128,5.84,7.16,2.14,50.4,50.4,12.6,-0.17
5480,20.0,4.953,9.949,19.941,4.881,9.95,0.0925,13.75,63.28,-118.06,0.4182,0.5134,5.84,7.17,2.14,50.4,50.4,12.6,-0.17
5481,20.0,4.968,9.949,19.941,4.896,9.949,0.0926,13.8,63.26,-118.04,0.4179,0.514,5.84,7.18,2.14,50.4,50.4,12.6,-0.17
5482,20.0,4.983,9.949,19.941,4.911,9.949,0.0927,13.84,63.26,-118.04,0.4177,0.5146,5.83,7.19,2.14,50.4,50.4,12.6,-0.17
5483,20.0,4.998,9.949,19.941,4.926,9.949,0.0928,13.86,63.26,-118.02,0.4175,0.5152,5.83,7.19,2.14,50.4,50.4,12.6,-0.17
5484,20.0,5.013,9.949,19.941,4.941,9.949,0.0929,13.91,63.24,-117.99,0.4173,0.5158,5.83,7.2,2.14,50.4,50.4,12.6,-0.17
5485,20.0,5.028,9.949,19.941,4.956,9.949,0.0931,13.95,63.24,-117.99,0.4171,0.5164,5.82,7.21,2.13,50.4,50.4,12.6,-0.17
5486,20.0,5.043,9.949,19.941,4.971,9.949,0.0932,14.0,63.24,-117.97,0.4169,0.517,5.82,7.22,2.13,50.4,50.4,12.6,-0.17
5487,20.0,5.058,9.949,19.941,4.986,9.947,0.0931,14.04,63.22,-117.97,0.4226,0.5177,5.9,7.23,2.13,50.4,50.4,12.6,-0.03
5488,20.0,5.073,9.949,19.941,5.001,9.946,0.0932,14.08,63.22,-117.95,0.4275,0.5183,5.97,7.24,2.12,50.4,50.4,12.6,0.02
5489,20.0,5.088,9.949,19.94,5.016,9.948,0.0935,14.13,63.22,-117.95,0.4212,0.5189,5.88,7.25,2.13,50.4,50.4,12.6,-0.13
5490,20.0,5.103,9.949,19.94,5.031,9.949,0.0937,14.15,63.22,-117.93,0.4165,0.5195,5.82,7.25,2.13,50.4,50.4,12.6,-0.17
5491,20.0,5.118,9.949,19.94,5.045,9.949,0.0938,14.19,63.22,-117.93,0.4164,0.5201,5.81,7.26,2.13,50.4,50.4,12.6,-0.17
5492,20.0,5.133,9.949,19.94,5.06,9.949,0.0939,14.24,63.19,-117.91,0.4163,0.5207,5.81,7.27,2.13,50.4,50.4,12.6,-0.17
5493,20.0,5.148,9.949,19.94,5.075,9.949,0.0941,14.28,63.19,-117.91,0.4161,0.5213,5.81,7.28,2.12,50.4,50.4,12.6,-0.17
5494,20.0,5.163,9.949,19.94,5.09,9.949,0.0942,14.33,63.19,-117.88,0.4159,0.5219,5.81,7.29,2.12,50.4,50.4,12.6,-0.17
5495,20.0,5.178,9.949,19.94,5.105,9.949,0.0943,14.37,63.17,-117.88,0.4157,0.5225,5.8,7.3,2.12,50.4,50.4,12.6,-0.17
5496,20.0,5.193,9.949,19.94,5.12,9.949,0.0944,14.39,63.17,-117.86,0.4154,0.5231,5.8,7.3,2.12,50.4,50.4,12.6,-0.17
5497,20.0,5.208,9.949,19.939,5.135,9.949,0.0946,14.44,63.17,-117.84,0.4152,0.5237,5.8,7.31,2.12,50.4,50.4,12.6,-0.17
5498,20.0,5.223,9.949,19.939,5.15,9.949,0.0947,14.48,63.17,-117.84,0.415,0.5243,5.79,7.32,2.12,50.4,50.4,12.6,-0.17
5499,20.0,5.238,9.949,19.939,5.165,9.949,0.0948,14.52,63.15,-117.82,0.4148,0.5249,5.79,7.33,2.12,50.4,50.4,12.6,-0.17
5500,20.0,5.253,9.949,19.939,5.18,9.949,0.0949,14.57,63.15,-117.82,0.4146,0.5255,5.79,7.34,2.11,50.4,50.4,12.6,-0.17
5501,20.0,5.268,9.949,19.939,5.195,9.949,0.0951,14.61,63.15,-117.8,0.4144,0.5261,5.79,7.35,2.11,50.4,50.4,12.6,-0.17
5502,20.0,5.283,9.949,19.939,5.21,9.949,0.0952,14.63,63.13,-117.8,0.4142,0.5267,5.78,7.35,2.11,50.4,50.4,12.6,-0.17
5503,20.0,5.298,9.949,19.939,5.225,9.949,0.0953,14.68,63.13,-117.77,0.414,0.5273,5.78,7.36,2.11,50.4,50.4,12.6,-0.17
5504,20.0,5.313,9.949,19.939,5.24,9.949,0.0954,14.72,63.13,-117.77,0.4138,0.5279,5.78,7.37,2.11,50.4,50.4,12.6,-0.17
5505,20.0,5.328,9.949,19.939,5.255,9.949,0.0955,14.77,63.13,-117.75,0.4136,0.5285,5.77,7.38,2.11,50.4,50.4,12.6,-0.17
5506,20.0,5.343,9.949,19.938,5.27,9.949,0.0957,14.81,63.11,-117.73,0.4134,0.5291,5.77,7.39,2.11,50.4,50.4,12.6,-0.17
5507,20.0,5.358,9.949,19.938,5.285,9.949,0.0958,14.85,63.11,-117.73,0.4132,0.5297,5.77,7.4,2.11,50.4,50.4,12.6,-0.17
5508,20.0,5.373,9.949,19.938,5.3,9.949,0.0959,14.88,63.11,-117.71,0.413,0.5303,5.77,7.4,2.1,50.4,50.4,12.6,-0.17
5509,20.0,5.388,9.949,19.938,5.315,9.946,0.0959,14.92,63.08,-117.71,0.4187,0.5309,5.85,7.41,2.1,50.4,50.4,12.6,0.02
5510,20.0,5.403,9.949,19.938,5.33,9.945,0.096,14.96,63.08,-117.69,0.4236,0.5316,5.91,7.42,2.1,50.4,50.4,12.6,0.02
5511,20.0,5.418,9.949,19.938,5.344,9.947,0.0962,15.01,63.08,-117.69,0.4173,0.5322,5.83,7.43,2.1,50.4,50.4,12.6,-0.17
5512,20.0,5.433,9.949,19.938,5.359,9.949,0.0964,15.05,63.08,-117.66,0.4126,0.5328,5.76,7.44,2.1,50.4,50.4,12.6,-0.17
5513,20.0,5.448,9.949,19.938,5.374,9.949,0.0966,15.1,63.06,-117.64,0.4125,0.5334,5.76,7.45,2.1,50.4,50.4,12.6,-0.17
5514,20.0,5.463,9.949,19.937,5.389,9.949,0.0967,15.12,63.06,-117.64,0.4124,0.534,5.76,7.46,2.1,50.4,50.4,12.6,-0.17
5515,20.0,5.478,9.949,19.937,5.404,9.948,0.0968,15.16,63.06,-117.62,0.4122,0.5346,5.76,7.46,2.1,50.4,50.4,12.6,-0.17
5516,20.0,5.493,9.949,19.937,5.419,9.948,0.0969,15.21,63.04,-117.62,0.412,0.5352,5.75,7.47,2.09,50.4,50.4,12.6,-0.17
5517,20.0,5.508,9.949,19.937,5.434,9.948,0.0971,15.25,63.04,-117.6,0.4118,0.5358,5.75,7.48,2.09,50.4,50.4,12.6,-0.17
5518,20.0,5.523,9.949,19.937,5.449,9.948,0.0972,15.29,63.04,-117.6,0.4116,0.5364,5.75,7.49,2.09,50.4,50.4,12.6,-0.17
5519,20.0,5.538,9.949,19.937,5.464,9.948,0.0973,15.34,63.04,-117.58,0.4114,0.537,5.74,7.5,2.09,50.4,50.4,12.6,-0.17
5520,20.0,5.553,9.949,19.937,5.479,9.948,0.0974,15.36,63.02,-117.55,0.4112,0.5376,5.74,7.51,2.09,50.4,50.4,12.6,-0.17
5521,20.0,5.568,9.949,19.937,5.494,9.948,0.0976,15.4,63.02,-117.55,0.411,0.5382,5.74,7.51,2.09,50.4,50.4,12.6,-0.17
5522,20.0,5.583,9.949,19.937,5.509,9.948,0.0977,15.45,63.02,-117.53,0.4108,0.5388,5.74,7.52,2.09,50.4,50.4,12.6,-0.17
5523,20.0,5.598,9.949,19.936,5.524,9.948,0.0978,15.49,63.0,-117.53,0.4106,0.5394,5.73,7.53,2.08,50.4,50.4,12.6,-0.17
5524,20.0,5.613,9.949,19.936,5.539,9.948,0.0979,15.53,63.0,-117.51,0.4104,0.54,5.73,7.54,2.08,50.4,50.4,12.6,-0.17
5525,20.0,5.628,9.949,19.936,5.553,9.948,0.0981,15.56,63.0,-117.49,0.4102,0.5406,5.73,7.55,2.08,50.4,50.4,12.6,-0.17
5526,20.0,5.643,9.949,19.936,5.568,9.948,0.0982,15.6,62.97,-117.49,0.41,0.5412,5.72,7.56,2.08,50.4,50.4,12.6,-0.17
5527,20.0,5.658,9.949,19.936,5.583,9.948,0.0983,15.64,62.97,-117.47,0.4098,0.5418,5.72,7.56,2.08,50.4,50.4,12.6,-0.17
5528,20.0,5.673,9.949,19.936,5.598,9.948,0.0984,15.69,62.97,-117.47,0.4096,0.5424,5.72,7.57,2.08,50.4,50.4,12.6,-0.17
5529,20.0,5.688,9.949,19.936,5.613,9.948,0.0986,15.73,62.97,-117.44,0.4094,0.543,5.72,7.58,2.08,50.4,50.4,12.6,-0.17
5530,20.0,5.703,9.949,19.936,5.628,9.946,0.0986,15.75,62.95,-117.42,0.4152,0.5436,5.8,7.59,2.07,50.4,50.4,12.6,-0.12
5531,20.0,5.718,9.949,19.936,5.643,9.944,0.0986,15.8,62.93,-117.42,0.4201,0.5442,5.87,7.6,2.07,50.4,50.4,12.6,0.02
5532,20.0,5.733,9.949,19.936,5.658,9.943,0.0988,15.84,62.93,-117.4,0.425,0.5448,5.93,7.61,2.07,50.4,50.4,12.6,-0.03
5533,20.0,5.748,9.949,19.933,5.682,9.945,0.0943,15.91,62.93,-117.4,0.4186,0.5453,5.85,7.61,1.72,50.4,50.4,12.6,-0.13
5534,20.0,5.763,9.949,19.926,5.722,9.943,0.0848,16.02,62.91,-117.38,0.4252,0.5453,5.94,7.61,0.7,50.4,50.4,12.6,-0.03
5535,20.0,5.778,9.949,19.921,5.754,9.942,0.0826,16.11,62.91,-117.36,0.4301,0.5451,6.0,7.61,0.02,50.4,50.4,12.6,0.04
5536,20.0,5.793,9.949,19.921,5.769,9.94,0.0826,16.15,62.89,-117.36,0.4349,0.545,6.07,7.61,-0.01,50.4,50.4,12.6,0.04
5537,20.0,5.808,9.949,19.921,5.784,9.939,0.0826,16.19,62.89,-117.33,0.4398,0.5448,6.14,7.61,-0.01,50.4,50.4,12.6,0.04
5538,20.0,5.822,9.949,19.921,5.799,9.938,0.0826,16.24,62.89,-117.31,0.4447,0.5446,6.21,7.6,-0.02,50.4,50.4,12.6,0.04
5539,20.0,5.837,9.949,19.922,5.814,9.938,0.0826,16.26,62.86,-117.31,0.4496,0.5445,6.28,7.6,-0.03,50.4,50.4,12.6,0.04
5540,20.0,5.852,9.949,19.922,5.829,9.938,0.0825,16.3,62.86,-117.29,0.4514,0.5443,6.3,7.6,-0.03,50.4,50.4,12.6,0.05
5541,20.0,5.867,9.949,19.921,5.844,9.941,0.0823,16.35,62.86,-117.27,0.4455,0.5441,6.22,7.6,-0.04,50.4,50.4,12.6,0.05
5542,20.0,5.881,9.949,19.921,5.858,9.943,0.0822,16.39,62.86,-117.27,0.4408,0.5439,6.16,7.59,-0.04,50.4,50.4,12.6,0.05
5543,20.0,5.896,9.949,19.921,5.873,9.946,0.0822,16.44,62.86,-117.25,0.4362,0.5437,6.09,7.59,-0.05,50.4,50.4,12.6,0.05
5544,20.0,5.91,9.949,19.921,5.887,9.948,0.0822,16.46,62.86,-117.25,0.4315,0.5435,6.02,7.59,-0.06,50.4,50.4,12.6,0.05
5545,20.0,5.925,9.949,19.921,5.902,9.95,0.0823,16.5,62.86,-117.22,0.4268,0.5433,5.96,7.59,-0.06,50.4,50.4,12.6,0.05
5546,20.0,5.939,9.949,19.921,5.916,9.952,0.0824,16.55,62.86,-117.2,0.4222,0.5431,5.89,7.58,-0.07,50.4,50.4,12.6,0.06
5547,20.0,5.953,9.949,19.921,5.931,9.954,0.0826,16.59,62.86,-117.2,0.4175,0.5429,5.83,7.58,-0.07,50.4,50.4,12.6,0.06
5548,20.0,5.968,9.949,19.921,5.945,9.956,0.0828,16.61,62.86,-117.18,0.4128,0.5427,5.76,7.58,-0.08,50.4,50.4,12.6,0.06
5549,20.0,5.982,9.949,19.921,5.959,9.956,0.0828,16.66,62.84,-117.16,0.4122,0.5424,5.76,7.57,-0.09,50.4,50.4,12.6,0.06
5550,20.0,5.996,9.949,19.921,5.974,9.956,0.0827,16.7,62.84,-117.16,0.4127,0.5422,5.76,7.57,-0.09,50.4,50.4,12.6,0.06
5551,20.0,6.01,9.949,19.921,5.988,9.956,0.0826,16.72,62.84,-117.14,0.4129,0.5419,5.77,7.57,-0.1,50.4,50.4,12.6,0.06
5552,20.0,6.024,9.949,19.921,6.002,9.956,0.0825,16.77,62.82,-117.11,0.4131,0.5417,5.77,7.56,-0.11,50.4,50.4,12.6,0.07
5553,20.0,6.038,9.949,19.921,6.016,9.954,0.0822,16.81,62.82,-117.11,0.4188,0.5415,5.85,7.56,-0.12,50.4,50.4,12.6,0.21
5554,20.0,6.052,9.949,19.921,6.031,9.952,0.0819,16.85,62.8,-117.09,0.4237,0.5412,5.92,7.56,-0.12,50.4,50.4,12.6,0.24
5555,20.0,6.066,9.949,19.921,6.044,9.955,0.0822,16.88,62.8,-117.09,0.4174,0.541,5.83,7.55,-0.12,50.4,50.4,12.6,0.1
5556,20.0,6.08,9.949,19.921,6.058,9.956,0.0823,16.92,62.8,-117.07,0.414,0.5407,5.78,7.55,-0.13,50.4,50.4,12.6,0.07
5557,20.0,6.094,9.949,19.921,6.072,9.956,0.0821,16.96,62.8,-117.05,0.4149,0.5405,5.79,7.55,-0.14,50.4,50.4,12.6,0.07
5558,20.0,6.108,9.949,19.921,6.086,9.956,0.0821,16.98,62.78,-117.05,0.4152,0.5402,5.8,7.54,-0.14,50.4,50.4,12.6,0.07
5559,20.0,6.121,9.949,19.921,6.1,9.956,0.082,17.03,62.78,-117.03,0.4154,0.5399,5.8,7.54,-0.15,50.4,50.4,12.6,0.08
5560,20.0,6.135,9.949,19.921,6.114,9.956,0.0819,17.05,62.78,-117.0,0.4157,0.5396,5.8,7.53,-0.15,50.4,50.4,12.6,0.08
5561,20.0,6.149,9.949,19.921,6.128,9.956,0.0818,17.09,62.75,-117.0,0.4159,0.5393,5.81,7.53,-0.16,50.4,50.4,12.6,0.08
5562,20.0,6.162,9.949,19.921,6.141,9.956,0.0817,17.14,62.75,-116.98,0.4162,0.539,5.81,7.53,-0.17,50.4,50.4,12.6,0.08
5563,20.0,6.176,9.949,19.921,6.155,9.956,0.0816,17.16,62.75,-116.98,0.4164,0.5387,5.81,7.52,-0.17,50.4,50.4,12.6,0.08
5564,20.0,6.189,9.949,19.921,6.168,9.956,0.0815,17.2,62.73,-116.96,0.4167,0.5384,5.82,7.52,-0.18,50.4,50.4,12.6,0.08
5565,20.0,6.203,9.949,19.922,6.182,9.956,0.0814,17.25,62.73,-116.94,0.417,0.5381,5.82,7.51,-0.18,50.4,50.4,12.6,0.08
5566,20.0,6.216,9.949,19.922,6.195,9.956,0.0813,17.27,62.73,-116.94,0.4172,0.5378,5.83,7.51,-0.19,50.4,50.4,12.6,0.09
5567,20.0,6.23,9.949,19.922,6.209,9.956,0.0812,17.31,62.71,-116.92,0.4175,0.5374,5.83,7.5,-0.2,50.4,50.4,12.6,0.09
5568,20.0,6.243,9.949,19.922,6.222,9.955,0.0811,17.34,62.71,-116.89,0.4178,0.5371,5.83,7.5,-0.2,50.4,50.4,12.6,0.09
5569,20.0,6.256,9.949,19.922,6.236,9.955,0.081,17.38,62.71,-116.89,0.418,0.5368,5.84,7.49,-0.21,50.4,50.4,12.6,0.09
5570,20.0,6.269,9.949,19.922,6.249,9.955,0.0809,17.42,62.71,-116.87,0.4183,0.5364,5.84,7.49,-0.21,50.4,50.4,12.6,0.09
5571,20.0,6.282,9.949,19.922,6.262,9.955,0.0808,17.45,62.69,-116.87,0.4186,0.5361,5.84,7.49,-0.22,50.4,50.4,12.6,0.09
5572,20.0,6.295,9.949,19.922,6.275,9.955,0.0807,17.49,62.69,-116.85,0.4189,0.5358,5.85,7.48,-0.23,50.4,50.4,12.6,0.1
5573,20.0,6.309,9.949,19.922,6.289,9.955,0.0806,17.51,62.69,-116.83,0.4191,0.5354,5.85,7.48,-0.23,50.4,50.4,12.6,0.1
5574,20.0,6.322,9.949,19.922,6.302,9.955,0.0805,17.56,62.67,-116.83,0.4194,0.535,5.86,7.47,-0.24,50.4,50.4,12.6,0.1
5575,20.0,6.334,9.949,19.922,6.315,9.955,0.0804,17.58,62.67,-116.81,0.4197,0.5347,5.86,7.47,-0.24,50.4,50.4,12.6,0.1
5576,20.0,6.347,9.949,19.922,6.328,9.955,0.0803,17.62,62.67,-116.78,0.42,0.5343,5.86,7.46,-0.25,50.4,50.4,12.6,0.1
5577,20.0,6.36,9.949,19.923,6.341,9.953,0.0799,17.64,62.64,-116.78,0.4257,0.534,5.94,7.46,-0.26,50.4,50.4,12.6,0.17
5578,20.0,6.373,9.949,19.923,6.354,9.952,0.0797,17.69,62.64,-116.76,0.4306,0.5336,6.01,7.45,-0.27,50.4,50.4,12.6,0.26
5579,20.0,6.386,9.949,19.923,6.367,9.95,0.0794,17.73,62.62,-116.76,0.4354,0.5332,6.08,7.45,-0.27,50.4,50.4,12.6,0.19
5580,20.0,6.398,9.949,19.923,6.379,9.953,0.0796,17.75,62.62,-116.74,0.4291,0.5328,5.99,7.44,-0.27,50.4,50.4,12.6,0.11
5581,20.0,6.411,9.949,19.923,6.392,9.955,0.0797,17.8,62.62,-116.72,0.4244,0.5324,5.93,7.43,-0.28,50.4,50.4,12.6,0.11
5582,20.0,6.424,9.949,19.923,6.405,9.956,0.0798,17.82,62.62,-116.72,0.4218,0.5321,5.89,7.43,-0.28,50.4,50.4,12.6,0.11
5583,20.0,6.436,9.949,19.923,6.417,9.956,0.0796,17.86,62.62,-116.7,0.4226,0.5316,5.9,7.42,-0.29,50.4,50.4,12.6,0.11
5584,20.0,6.449,9.949,19.923,6.43,9.956,0.0795,17.89,62.6,-116.7,0.4229,0.5312,5.91,7.42,-0.3,50.4,50.4,12.6,0.11
5585,20.0,6.461,9.949,19.923,6.442,9.956,0.0794,17.93,62.6,-116.67,0.4233,0.5308,5.91,7.41,-0.3,50.4,50.4,12.6,0.11
5586,20.0,6.473,9.949,19.923,6.455,9.956,0.0793,17.95,62.6,-116.65,0.4236,0.5304,5.91,7.41,-0.31,50.4,50.4,12.6,0.11
5587,20.0,6.486,9.949,19.923,6.467,9.956,0.0792,17.97,62.58,-116.65,0.4239,0.53,5.92,7.4,-0.31,50.4,50.4,12.6,0.12
5588,20.0,6.498,9.949,19.923,6.48,9.956,0.079,18.02,62.58,-116.63,0.4242,0.5296,5.92,7.39,-0.32,50.4,50.4,12.6,0.12
5589,20.0,6.51,9.949,19.923,6.492,9.956,0.0789,18.04,62.58,-116.63,0.4245,0.5291,5.93,7.39,-0.33,50.4,50.4,12.6,0.12
5590,20.0,6.522,9.949,19.924,6.504,9.956,0.0788,18.08,62.56,-116.61,0.4248,0.5287,5.93,7.38,-0.33,50.4,50.4,12.6,0.12
5591,20.0,6.535,9.949,19.924,6.517,9.956,0.0787,18.11,62.56,-116.59,0.4252,0.5283,5.94,7.38,-0.34,50.4,50.4,12.6,0.12
5592,20.0,6.547,9.949,19.924,6.529,9.956,0.0785,18.15,62.56,-116.59,0.4255,0.5278,5.94,7.37,-0.34,50.4,50.4,12.6,0.12
5593,20.0,6.559,9.949,19.924,6.541,9.956,0.0784,18.17,62.56,-116.56,0.4258,0.5274,5.95,7.36,-0.35,50.4,50.4,12.6,0.12
5594,20.0,6.571,9.949,19.924,6.553,9.956,0.0783,18.22,62.53,-116.56,0.4261,0.5269,5.95,7.36,-0.35,50.4,50.4,12.6,0.13
5595,20.0,6.583,9.949,19.924,6.565,9.956,0.0782,18.24,62.53,-116.54,0.4265,0.5265,5.95,7.35,-0.36,50.4,50.4,12.6,0.13
5596,20.0,6.595,9.949,19.924,6.577,9.955,0.078,18.26,62.53,-116.52,0.4268,0.526,5.96,7.34,-0.37,50.4,50.4,12.6,0.13
5597,20.0,6.606,9.949,19.924,6.589,9.955,0.0779,18.3,62.51,-116.52,0.4271,0.5255,5.96,7.34,-0.37,50.4,50.4,12.6,0.13
5598,20.0,6.618,9.949,19.924,6.601,9.955,0.0778,18.33,62.51,-116.5,0.4275,0.5251,5.97,7.33,-0.38,50.4,50.4,12.6,0.13
5599,20.0,6.63,9.949,19.924,6.613,9.955,0.0776,18.37,62.51,-116.5,0.4278,0.5246,5.97,7.32,-0.38,50.4,50.4,12.6,0.13
5600,20.0,6.642,9.949,19.925,6.625,9.955,0.0775,18.39,62.49,-116.48,0.4282,0.5241,5.98,7.32,-0.39,50.4,50.4,12.6,0.13
5601,20.0,6.653,9.949,19.925,6.637,9.955,0.0774,18.41,62.49,-116.46,0.4285,0.5236,5.98,7.31,-0.4,50.4,50.4,12.6,0.13
5602,20.0,6.665,9.949,19.925,6.648,9.955,0.0771,18.46,62.49,-116.46,0.431,0.5231,6.02,7.3,-0.4,50.4,50.4,12.6,0.14
5603,20.0,6.676,9.949,19.925,6.66,9.954,0.077,18.48,62.47,-116.43,0.4324,0.5226,6.04,7.3,-0.41,50.4,50.4,12.6,0.14
5604,20.0,6.688,9.949,19.925,6.672,9.953,0.0766,18.52,62.47,-116.43,0.4378,0.5222,6.11,7.29,-0.42,50.4,50.4,12.6,0.2
5605,20.0,6.699,9.949,19.925,6.683,9.951,0.0763,18.54,62.45,-116.41,0.4427,0.5217,6.18,7.28,-0.42,50.4,50.4,12.6,0.27
5606,20.0,6.711,9.949,19.926,6.695,9.95,0.0761,18.57,62.45,-116.41,0.4476,0.5212,6.25,7.28,-0.43,50.4,50.4,12.6,0.21
5607,20.0,6.722,9.949,19.926,6.706,9.952,0.0762,18.61,62.45,-116.39,0.4412,0.5207,6.16,7.27,-0.43,50.4,50.4,12.6,0.14
5608,20.0,6.733,9.949,19.925,6.718,9.954,0.0763,18.63,62.45,-116.37,0.4366,0.5202,6.1,7.26,-0.44,50.4,50.4,12.6,0.14
5609,20.0,6.745,9.949,19.925,6.729,9.956,0.0765,18.65,62.45,-116.37,0.4319,0.5196,6.03,7.26,-0.44,50.4,50.4,12.6,0.14
5610,20.0,6.756,9.949,19.926,6.74,9.956,0.0763,18.7,62.45,-116.35,0.432,0.5191,6.03,7.25,-0.45,50.4,50.4,12.6,0.15
5611,20.0,6.767,9.949,19.926,6.751,9.956,0.0762,18.72,62.42,-116.35,0.4325,0.5186,6.04,7.24,-0.45,50.4,50.4,12.6,0.15
5612,20.0,6.778,9.949,19.926,6.763,9.956,0.076,18.74,62.42,-116.32,0.4329,0.5181,6.04,7.23,-0.46,50.4,50.4,12.6,0.15
5613,20.0,6.789,9.949,19.926,6.774,9.956,0.0759,18.76,62.42,-116.32,0.4333,0.5175,6.05,7.23,-0.47,50.4,50.4,12.6,0.15
5614,20.0,6.8,9.949,19.926,6.785,9.956,0.0757,18.81,62.4,-116.3,0.4336,0.517,6.05,7.22,-0.47,50.4,50.4,12.6,0.15
5615,20.0,6.811,9.949,19.926,6.796,9.956,0.0756,18.83,62.4,-116.28,0.434,0.5164,6.06,7.21,-0.48,50.4,50.4,12.6,0.15
5616,20.0,6.822,9.949,19.926,6.807,9.956,0.0755,18.85,62.4,-116.28,0.4344,0.5159,6.07,7.2,-0.48,50.4,50.4,12.6,0.15
5617,20.0,6.833,9.949,19.926,6.818,9.956,0.0753,18.9,62.4,-116.26,0.4348,0.5153,6.07,7.2,-0.49,50.4,50.4,12.6,0.15
5618,20.0,6.843,9.949,19.927,6.829,9.956,0.0752,18.92,62.38,-116.26,0.4351,0.5148,6.08,7.19,-0.49,50.4,50.4,12.6,0.15
5619,20.0,6.854,9.949,19.927,6.84,9.956,0.075,18.94,62.38,-116.24,0.4355,0.5142,6.08,7.18,-0.5,50.4,50.4,12.6,0.16
5620,20.0,6.865,9.949,19.927,6.851,9.956,0.0749,18.96,62.38,-116.24,0.4359,0.5137,6.09,7.17,-0.51,50.4,50.4,12.6,0.16
5621,20.0,6.875,9.949,19.927,6.861,9.956,0.0747,19.01,62.36,-116.21,0.4363,0.5131,6.09,7.16,-0.51,50.4,50.4,12.6,0.16
5622,20.0,6.886,9.949,19.927,6.872,9.956,0.0746,19.03,62.36,-116.19,0.4367,0.5125,6.1,7.16,-0.52,50.4,50.4,12.6,0.16
5623,20.0,6.897,9.949,19.927,6.883,9.955,0.0743,19.05,62.36,-116.19,0.4394,0.512,6.13,7.15,-0.52,50.4,50.4,12.6,0.16
5624,20.0,6.907,9.949,19.927,6.894,9.955,0.0741,19.07,62.36,-116.17,0.4403,0.5114,6.15,7.14,-0.53,50.4,50.4,12.6,0.16
5625,20.0,6.917,9.949,19.927,6.904,9.955,0.074,19.12,62.34,-116.17,0.4405,0.5108,6.15,7.13,-0.53,50.4,50.4,12.6,0.16
5626,20.0,6.928,9.949,19.928,6.915,9.955,0.0738,19.14,62.34,-116.15,0.4409,0.5102,6.16,7.12,-0.54,50.4,50.4,12.6,0.16
5627,20.0,6.938,9.949,19.928,6.925,9.955,0.0737,19.16,62.34,-116.15,0.4413,0.5096,6.16,7.12,-0.55,50.4,50.4,12.6,0.17
5628,20.0,6.948,9.949,19.928,6.936,9.955,0.0735,19.18,62.31,-116.13,0.4416,0.509,6.17,7.11,-0.55,50.4,50.4,12.6,0.17
5629,20.0,6.959,9.949,19.928,6.946,9.955,0.0734,19.23,62.31,-116.13,0.442,0.5084,6.17,7.1,-0.56,50.4,50.4,12.6,0.17
5630,20.0,6.969,9.949,19.928,6.956,9.955,0.0732,19.25,62.31,-116.1,0.4424,0.5078,6.18,7.09,-0.56,50.4,50.4,12.6,0.17
5631,20.0,6.979,9.949,19.928,6.967,9.956,0.0731,19.27,62.31,-116.1,0.4428,0.5072,6.18,7.08,-0.57,50.4,50.4,12.6,0.17
5632,20.0,6.989,9.949,19.928,6.977,9.956,0.0729,19.29,62.29,-116.08,0.4432,0.5066,6.19,7.07,-0.58,50.4,50.4,12.6,0.17
5633,20.0,6.999,9.949,19.928,6.987,9.956,0.0728,19.31,62.29,-116.06,0.4436,0.506,6.19,7.06,-0.58,50.4,50.4,12.6,0.17
5634,20.0,7.009,9.949,19.929,6.997,9.956,0.0726,19.34,62.29,-116.06,0.444,0.5054,6.2,7.06,-0.59,50.4,50.4,12.6,0.17
5635,20.0,7.019,9.949,19.929,7.007,9.954,0.0723,19.38,62.27,-116.04,0.4496,0.5048,6.28,7.05,-0.6,50.4,50.4,12.6,0.27
5636,20.0,7.029,9.949,19.929,7.017,9.952,0.0719,19.4,62.27,-116.04,0.4545,0.5042,6.35,7.04,-0.6,50.4,50.4,12.6,0.29
5637,20.0,7.039,9.949,19.929,7.027,9.955,0.0721,19.42,62.27,-116.02,0.4481,0.5035,6.26,7.03,-0.6,50.4,50.4,12.6,0.19
5638,20.0,7.049,9.949,19.929,7.037,9.957,0.0722,19.45,62.27,-116.02,0.4434,0.5029,6.19,7.02,-0.61,50.4,50.4,12.6,0.18
5639,20.0,7.058,9.949,19.929,7.047,9.957,0.0721,19.47,62.27,-115.99,0.4437,0.5023,6.2,7.01,-0.62,50.4,50.4,12.6,0.18
5640,20.0,7.068,9.949,19.929,7.057,9.957,0.0719,19.49,62.25,-115.99,0.4443,0.5016,6.2,7.0,-0.62,50.4,50.4,12.6,0.18
5641,20.0,7.078,9.949,19.929,7.067,9.957,0.0717,19.53,62.25,-115.97,0.4447,0.501,6.21,6.99,-0.63,50.4,50.4,12.6,0.18
5642,20.0,7.087,9.949,19.93,7.076,9.957,0.0716,19.56,62.25,-115.97,0.4451,0.5003,6.21,6.99,-0.63,50.4,50.4,12.6,0.18
5643,20.0,7.097,9.949,19.93,7.086,9.957,0.0714,19.58,62.25,-115.95,0.4455,0.4997,6.22,6.98,-0.64,50.4,50.4,12.6,0.18
5644,20.0,7.106,9.949,19.93,7.096,9.957,0.0713,19.6,62.23,-115.95,0.4459,0.499,6.23,6.97,-0.64,50.4,50.4,12.6,0.18
5645,20.0,7.116,9.95,19.93,7.105,9.956,0.071,19.62,62.23,-115.93,0.4475,0.4984,6.25,6.96,-0.65,50.4,50.4,12.6,0.18
5646,20.0,7.125,9.95,19.93,7.115,9.956,0.0708,19.64,62.23,-115.93,0.4494,0.4977,6.28,6.95,-0.66,50.4,50.4,12.6,0.18
5647,20.0,7.134,9.95,19.93,7.124,9.956,0.0706,19.67,62.2,-115.91,0.4496,0.497,6.28,6.94,-0.66,50.4,50.4,12.6,0.19
5648,20.0,7.144,9.95,19.931,7.134,9.956,0.0705,19.69,62.2,-115.91,0.45,0.4964,6.28,6.93,-0.67,50.4,50.4,12.6,0.19
5649,20.0,7.153,9.95,19.931,7.143,9.956,0.0703,19.71,62.2,-115.88,0.4504,0.4957,6.29,6.92,-0.67,50.4,50.4,12.6,0.19
5650,20.0,7.162,9.95,19.931,7.153,9.956,0.0701,19.73,62.2,-115.88,0.4508,0.495,6.29,6.91,-0.68,50.4,50.4,12.6,0.19
5651,20.0,7.171,9.95,19.931,7.162,9.956,0.07,19.78,62.18,-115.86,0.4512,0.4943,6.3,6.9,-0.69,50.4,50.4,12.6,0.19
5652,20.0,7.18,9.95,19.931,7.171,9.956,0.0698,19.8,62.18,-115.86,0.4517,0.4936,6.31,6.89,-0.69,50.4,50.4,12.6,0.19
5653,20.0,7.189,9.95,19.931,7.18,9.956,0.0697,19.82,62.18,-115.84,0.4521,0.493,6.31,6.88,-0.7,50.4,50.4,12.6,0.19
5654,20.0,7.198,9.95,19.931,7.189,9.956,0.0695,19.84,62.18,-115.84,0.4525,0.4923,6.32,6.87,-0.7,50.4,50.4,12.6,0.19
5655,20.0,7.207,9.95,19.932,7.198,9.956,0.0693,19.86,62.16,-115.82,0.4529,0.4916,6.32,6.86,-0.71,50.4,50.4,12.6,0.19
5656,20.0,7.216,9.95,19.932,7.208,9.956,0.0692,19.89,62.16,-115.82,0.4533,0.4909,6.33,6.85,-0.71,50.4,50.4,12.6,0.19
5657,20.0,7.225,9.95,19.932,7.217,9.957,0.069,19.91,62.16,-115.8,0.4538,0.4902,6.34,6.84,-0.72,50.4,50.4,12.6,0.2
5658,20.0,7.234,9.95,19.932,7.225,9.957,0.0689,19.93,62.16,-115.8,0.4542,0.4895,6.34,6.83,-0.73,50.4,50.4,12.6,0.2
5659,20.0,7.242,9.95,19.932,7.234,9.957,0.0687,19.95,62.14,-115.77,0.4546,0.4888,6.35,6.82,-0.73,50.4,50.4,12.6,0.2
5660,20.0,7.251,9.95,19.932,7.243,9.957,0.0685,19.97,62.14,-115.77,0.4551,0.4881,6.35,6.81,-0.74,50.4,50.4,12.6,0.2
5661,20.0,7.26,9.95,19.932,7.252,9.957,0.0684,20.0,62.14,-115.75,0.4555,0.4874,6.36,6.8,-0.74,50.4,50.4,12.6,0.2
5662,20.0,7.268,9.95,19.933,7.261,9.957,0.0682,20.02,62.14,-115.75,0.4559,0.4866,6.37,6.79,-0.75,50.4,50.4,12.6,0.2
5663,20.0,7.277,9.95,19.933,7.269,9.957,0.068,20.04,62.14,-115.73,0.4563,0.4859,6.37,6.78,-0.75,50.4,50.4,12.6,0.2
5664,20.0,7.285,9.95,19.933,7.278,9.957,0.0679,20.06,62.12,-115.73,0.4568,0.4852,6.38,6.77,-0.76,50.4,50.4,12.6,0.2
5665,20.0,7.294,9.95,19.933,7.287,9.957,0.0677,20.08,62.12,-115.71,0.4572,0.4845,6.38,6.76,-0.77,50.4,50.4,12.6,0.2
5666,20.0,7.302,9.95,19.933,7.295,9.957,0.0675,20.1,62.12,-115.71,0.4577,0.4837,6.39,6.75,-0.77,50.4,50.4,12.6,0.2
5667,20.0,7.311,9.95,19.933,7.304,9.957,0.0674,20.13,62.12,-115.69,0.4581,0.483,6.4,6.74,-0.78,50.4,50.4,12.6,0.21
5668,20.0,7.319,9.95,19.934,7.312,9.957,0.0672,20.15,62.09,-115.69,0.4585,0.4823,6.4,6.73,-0.78,50.4,50.4,12.6,0.21
5669,20.0,7.327,9.95,19.934,7.321,9.957,0.067,20.17,62.09,-115.66,0.459,0.4815,6.41,6.72,-0.79,50.4,50.4,12.6,0.21
5670,20.0,7.335,9.95,19.934,7.329,9.957,0.0669,20.19,62.09,-115.66,0.4594,0.4808,6.41,6.71,-0.8,50.4,50.4,12.6,0.21
5671,20.0,7.343,9.95,19.934,7.337,9.955,0.0664,20.21,62.07,-115.64,0.465,0.4801,6.49,6.7,-0.8,50.4,50.4,12.6,0.26
5672,20.0,7.351,9.95,19.934,7.346,9.954,0.0661,20.24,62.07,-115.64,0.4699,0.4793,6.56,6.69,-0.81,50.4,50.4,12.6,0.3
5673,20.0,7.359,9.95,19.935,7.354,9.953,0.0657,20.26,62.07,-115.62,0.4747,0.4786,6.63,6.68,-0.81,50.4,50.4,12.6,0.25
5674,20.0,7.367,9.95,19.935,7.362,9.955,0.0659,20.26,62.07,-115.62,0.4684,0.4778,6.54,6.67,-0.82,50.4,50.4,12.6,0.21
5675,20.0,7.375,9.95,19.935,7.37,9.957,0.0661,20.28,62.07,-115.62,0.4637,0.4771,6.47,6.66,-0.82,50.4,50.4,12.6,0.21
5676,20.0,7.383,9.95,19.935,7.378,9.959,0.0662,20.3,62.07,-115.6,0.4596,0.4763,6.42,6.65,-0.83,50.4,50.4,12.6,0.21
5677,20.0,7.391,9.95,19.935,7.386,9.959,0.066,20.32,62.05,-115.6,0.4609,0.4755,6.44,6.64,-0.84,50.4,50.4,12.6,0.21
5678,20.0,7.399,9.95,19.935,7.394,9.959,0.0658,20.35,62.05,-115.58,0.4613,0.4748,6.44,6.63,-0.84,50.4,50.4,12.6,0.21
5679,20.0,7.407,9.95,19.935,7.402,9.959,0.0656,20.37,62.05,-115.58,0.4618,0.474,6.45,6.62,-0.85,50.4,50.4,12.6,0.21
5680,20.0,7.414,9.95,19.935,7.41,9.959,0.0655,20.39,62.05,-115.55,0.4623,0.4732,6.45,6.61,-0.85,50.4,50.4,12.6,0.22
5681,20.0,7.422,9.95,19.936,7.418,9.959,0.0653,20.41,62.05,-115.55,0.4627,0.4725,6.46,6.6,-0.86,50.4,50.4,12.6,0.22
5682,20.0,7.43,9.95,19.936,7.425,9.959,0.0651,20.43,62.03,-115.53,0.4632,0.4717,6.47,6.59,-0.87,50.4,50.4,12.6,0.22
5683,20.0,7.437,9.95,19.936,7.433,9.959,0.0649,20.46,62.03,-115.53,0.4637,0.4709,6.47,6.58,-0.87,50.4,50.4,12.6,0.22
5684,20.0,7.445,9.95,19.936,7.441,9.959,0.0647,20.46,62.03,-115.51,0.4641,0.4701,6.48,6.56,-0.88,50.4,50.4,12.6,0.22
5685,20.0,7.452,9.95,19.936,7.448,9.959,0.0646,20.48,62.03,-115.51,0.4646,0.4693,6.49,6.55,-0.88,50.4,50.4,12.6,0.22
5686,20.0,7.459,9.95,19.936,7.456,9.959,0.0644,20.5,62.01,-115.51,0.4651,0.4686,6.49,6.54,-0.89,50.4,50.4,12.6,0.22
5687,20.0,7.467,9.95,19.937,7.463,9.959,0.0642,20.52,62.01,-115.49,0.4656,0.4678,6.5,6.53,-0.89,50.4,50.4,12.6,0.22
5688,20.0,7.474,9.95,19.937,7.471,9.959,0.064,20.54,62.01,-115.49,0.466,0.467,6.51,6.52,-0.9,50.4,50.4,12.6,0.22
5689,20.0,7.481,9.95,19.937,7.478,9.959,0.0638,20.57,62.01,-115.47,0.4665,0.4662,6.51,6.51,-0.91,50.4,50.4,12.6,0.22
5690,20.0,7.488,9.95,19.937,7.486,9.959,0.0637,20.59,62.01,-115.47,0.467,0.4654,6.52,6.5,-0.91,50.4,50.4,12.6,0.22
5691,20.0,7.495,9.95,19.937,7.493,9.959,0.0635,20.59,61.98,-115.44,0.4675,0.4646,6.53,6.49,-0.92,50.4,50.4,12.6,0.22
5692,20.0,7.503,9.95,19.937,7.5,9.959,0.0633,20.61,61.98,-115.44,0.4679,0.4638,6.53,6.48,-0.92,50.4,50.4,12.6,0.23
5693,20.0,7.51,9.95,19.938,7.508,9.959,0.0631,20.63,61.98,-115.44,0.4684,0.463,6.54,6.46,-0.93,50.4,50.4,12.6,0.23
5694,20.0,7.517,9.95,19.938,7.515,9.959,0.063,20.65,61.98,-115.42,0.4689,0.4622,6.55,6.45,-0.94,50.4,50.4,12.6,0.23
5695,20.0,7.524,9.95,19.938,7.522,9.959,0.0628,20.68,61.96,-115.42,0.4694,0.4613,6.55,6.44,-0.94,50.4,50.4,12.6,0.23
5696,20.0,7.53,9.95,19.938,7.529,9.958,0.0625,20.68,61.96,-115.4,0.4713,0.4605,6.58,6.43,-0.95,50.4,50.4,12.6,0.23
5697,20.0,7.537,9.95,19.938,7.536,9.958,0.0623,20.7,61.96,-115.4,0.4721,0.4597,6.59,6.42,-0.95,50.4,50.4,12.6,0.23
5698,20.0,7.544,9.95,19.938,7.543,9.958,0.0621,20.72,61.96,-115.4,0.4725,0.4589,6.6,6.41,-0.96,50.4,50.4,12.6,0.23
5699,20.0,7.551,9.95,19.939,7.55,9.958,0.062,20.74,61.96,-115.38,0.473,0.4581,6.6,6.4,-0.96,50.4,50.4,12.6,0.23
5700,20.0,7.557,9.95,19.939,7.557,9.958,0.0618,20.76,61.94,-115.38,0.4734,0.4572,6.61,6.38,-0.97,50.4,50.4,12.6,0.23
5701,20.0,7.564,9.95,19.939,7.564,9.958,0.0616,20.76,61.94,-115.36,0.4739,0.4564,6.62,6.37,-0.98,50.4,50.4,12.6,0.23
5702,20.0,7.571,9.95,19.939,7.57,9.958,0.0615,20.79,61.94,-115.36,0.4744,0.4556,6.62,6.36,-0.98,50.4,50.4,12.6,0.23
5703,20.0,7.577,9.95,19.939,7.577,9.958,0.0613,20.81,61.94,-115.36,0.4749,0.4547,6.63,6.35,-0.99,50.4,50.4,12.6,0.23
5704,20.0,7.584,9.95,19.939,7.584,9.958,0.0611,20.83,61.94,-115.33,0.4753,0.4539,6.64,6.34,-0.99,50.4,50.4,12.6,0.23
5705,20.0,7.59,9.95,19.94,7.59,9.958,0.061,20.83,61.92,-115.33,0.4758,0.4531,6.64,6.33,-1.0,50.4,50.4,12.6,0.23
5706,20.0,7.596,9.95,19.94,7.597,9.958,0.0608,20.85,61.92,-115.31,0.4763,0.4522,6.65,6.31,-1.01,50.4,50.4,12.6,0.24
5707,20.0,7.603,9.95,19.94,7.603,9.958,0.0606,20.87,61.92,-115.31,0.4768,0.4514,6.66,6.3,-1.01,50.4,50.4,12.6,0.24
5708,20.0,7.609,9.95,19.94,7.61,9.958,0.0604,20.9,61.92,-115.31,0.4772,0.4505,6.66,6.29,-1.02,50.4,50.4,12.6,0.24
5709,20.0,7.615,9.95,19.94,7.616,9.958,0.0603,20.9,61.92,-115.29,0.4777,0.4497,6.67,6.28,-1.02,50.4,50.4,12.6,0.24
5710,20.0,7.621,9.95,19.941,7.623,9.959,0.0601,20.92,61.9,-115.29,0.4782,0.4488,6.68,6.27,-1.03,50.4,50.4,12.6,0.24
5711,20.0,7.628,9.95,19.941,7.629,9.959,0.0599,20.94,61.9,-115.29,0.4787,0.448,6.68,6.26,-1.04,50.4,50.4,12.6,0.24
5712,20.0,7.634,9.95,19.941,7.635,9.959,0.0598,20.96,61.9,-115.27,0.4791,0.4471,6.69,6.24,-1.04,50.4,50.4,12.6,0.24
5713,20.0,7.64,9.95,19.941,7.642,9.959,0.0596,20.96,61.9,-115.27,0.4796,0.4463,6.7,6.23,-1.05,50.4,50.4,12.6,0.24
5714,20.0,7.646,9.95,19.941,7.648,9.959,0.0594,20.98,61.9,-115.25,0.4801,0.4454,6.7,6.22,-1.05,50.4,50.4,12.6,0.24
5715,20.0,7.652,9.95,19.941,7.654,9.959,0.0593,21.01,61.9,-115.25,0.4806,0.4446,6.71,6.21,-1.06,50.4,50.4,12.6,0.24
5716,20.0,7.657,9.95,19.942,7.66,9.959,0.0591,21.01,61.88,-115.25,0.4811,0.4437,6.72,6.2,-1.07,50.4,50.4,12.6,0.24
5717,20.0,7.663,9.95,19.942,7.666,9.959,0.059,21.03,61.88,-115.22,0.4816,0.4428,6.72,6.18,-1.07,50.4,50.4,12.6,0.24
5718,20.0,7.669,9.95,19.942,7.672,9.957,0.0584,21.05,61.88,-115.22,0.4871,0.442,6.8,6.17,-1.08,50.4,50.4,12.6,0.26
5719,20.0,7.675,9.95,19.942,7.678,9.956,0.058,21.05,61.85,-115.22,0.492,0.4411,6.87,6.16,-1.09,50.4,50.4,12.6,0.31
5720,20.0,7.681,9.95,19.943,7.684,9.954,0.0576,21.07,61.85,-115.2,0.4968,0.4402,6.94,6.15,-1.09,50.4,50.4,12.6,0.29
5721,20.0,7.686,9.95,19.943,7.69,9.957,0.0579,21.09,61.85,-115.2,0.4904,0.4394,6.85,6.13,-1.1,50.4,50.4,12.6,0.24
5722,20.0,7.692,9.95,19.943,7.695,9.959,0.0582,21.09,61.85,-115.2,0.4857,0.4385,6.78,6.12,-1.1,50.4,50.4,12.6,0.24
5723,20.0,7.697,9.95,19.943,7.701,9.96,0.0583,21.12,61.85,-115.18,0.4827,0.4376,6.74,6.11,-1.11,50.4,50.4,12.6,0.24
5724,20.0,7.703,9.95,19.943,7.707,9.96,0.0581,21.14,61.85,-115.18,0.4839,0.4367,6.76,6.1,-1.11,50.4,50.4,12.6,0.25
5725,20.0,7.708,9.95,19.943,7.712,9.96,0.0579,21.14,61.85,-115.18,0.4844,0.4358,6.76,6.09,-1.12,50.4,50.4,12.6,0.25
5726,20.0,7.714,9.95,19.943,7.718,9.96,0.0578,21.16,61.85,-115.16,0.4849,0.4349,6.77,6.07,-1.13,50.4,50.4,12.6,0.25
5727,20.0,7.719,9.95,19.944,7.724,9.96,0.0576,21.16,61.85,-115.16,0.4854,0.4341,6.78,6.06,-1.13,50.4,50.4,12.6,0.25
5728,20.0,7.724,9.95,19.944,7.729,9.96,0.0574,21.18,61.83,-115.14,0.4859,0.4332,6.78,6.05,-1.14,50.4,50.4,12.6,0.25
5729,20.0,7.729,9.95,19.944,7.734,9.96,0.0573,21.2,61.83,-115.14,0.4864,0.4323,6.79,6.04,-1.14,50.4,50.4,12.6,0.25
5730,20.0,7.735,9.95,19.944,7.74,9.96,0.0571,21.2,61.83,-115.14,0.4869,0.4314,6.8,6.02,-1.15,50.4,50.4,12.6,0.25
5731,20.0,7.74,9.95,19.944,7.745,9.96,0.0569,21.23,61.83,-115.14,0.4874,0.4305,6.81,6.01,-1.16,50.4,50.4,12.6,0.25
5732,20.0,7.745,9.95,19.945,7.751,9.96,0.0568,21.23,61.83,-115.11,0.4879,0.4296,6.81,6.0,-1.16,50.4,50.4,12.6,0.25
5733,20.0,7.75,9.95,19.945,7.756,9.96,0.0566,21.25,61.83,-115.11,0.4884,0.4287,6.82,5.99,-1.17,50.4,50.4,12.6,0.25
5734,20.0,7.755,9.95,19.945,7.761,9.96,0.0564,21.27,61.81,-115.11,0.4889,0.4278,6.83,5.97,-1.17,50.4,50.4,12.6,0.25
5735,20.0,7.76,9.95,19.945,7.766,9.96,0.0563,21.27,61.81,-115.09,0.4894,0.4269,6.83,5.96,-1.18,50.4,50.4,12.6,0.25
5736,20.0,7.765,9.95,19.945,7.771,9.96,0.0561,21.29,61.81,-115.09,0.4899,0.426,6.84,5.95,-1.19,50.4,50.4,12.6,0.25
5737,20.0,7.769,9.95,19.945,7.776,9.96,0.056,21.29,61.81,-115.09,0.4904,0.4251,6.85,5.94,-1.19,50.4,50.4,12.6,0.25
5738,20.0,7.774,9.95,19.946,7.781,9.96,0.0558,21.31,61.81,-115.07,0.4909,0.4242,6.85,5.92,-1.2,50.4,50.4,12.6,0.25
5739,20.0,7.779,9.95,19.946,7.786,9.96,0.0556,21.31,61.81,-115.07,0.4914,0.4232,6.86,5.91,-1.2,50.4,50.4,12.6,0.25
5740,20.0,7.784,9.95,19.946,7.791,9.96,0.0555,21.34,61.81,-115.07,0.492,0.4223,6.87,5.9,-1.21,50.4,50.4,12.6,0.25
5741,20.0,7.788,9.95,19.946,7.796,9.96,0.0553,21.36,61.79,-115.05,0.4925,0.4214,6.88,5.88,-1.22,50.4,50.4,12.6,0.25
5742,20.0,7.793,9.95,19.946,7.801,9.96,0.0552,21.36,61.79,-115.05,0.493,0.4205,6.88,5.87,-1.22,50.4,50.4,12.6,0.26
5743,20.0,7.797,9.95,19.947,7.805,9.96,0.055,21.38,61.79,-115.05,0.4935,0.4196,6.89,5.86,-1.23,50.4,50.4,12.6,0.26
5744,20.0,7.802,9.95,19.947,7.81,9.96,0.0549,21.38,61.79,-115.05,0.494,0.4187,6.9,5.85,-1.24,50.4,50.4,12.6,0.26
5745,20.0,7.806,9.95,19.947,7.815,9.96,0.0547,21.4,61.79,-115.03,0.4945,0.4177,6.9,5.83,-1.24,50.4,50.4,12.6,0.26
5746,20.0,7.811,9.95,19.947,7.819,9.96,0.0546,21.4,61.79,-115.03,0.495,0.4168,6.91,5.82,-1.25,50.4,50.4,12.6,0.26
5747,20.0,7.815,9.95,19.947,7.824,9.96,0.0544,21.42,61.77,-115.03,0.4955,0.4159,6.92,5.81,-1.25,50.4,50.4,12.6,0.26
5748,20.0,7.819,9.95,19.948,7.828,9.96,0.0543,21.42,61.77,-115.0,0.496,0.415,6.93,5.79,-1.26,50.4,50.4,12.6,0.26
5749,20.0,7.823,9.95,19.948,7.833,9.96,0.0541,21.45,61.77,-115.0,0.4966,0.414,6.93,5.78,-1.27,50.4,50.4,12.6,0.26
5750,20.0,7.828,9.95,19.948,7.837,9.96,0.054,21.45,61.77,-115.0,0.4971,0.4131,6.94,5.77,-1.27,50.4,50.4,12.6,0.26
5751,20.0,7.832,9.95,19.948,7.842,9.96,0.0538,21.47,61.77,-115.0,0.4976,0.4122,6.95,5.75,-1.28,50.4,50.4,12.6,0.26
5752,20.0,7.836,9.95,19.948,7.846,9.96,0.0537,21.47,61.77,-114.98,0.4981,0.4112,6.95,5.74,-1.28,50.4,50.4,12.6,0.26
5753,20.0,7.84,9.95,19.949,7.85,9.96,0.0535,21.49,61.77,-114.98,0.4986,0.4103,6.96,5.73,-1.29,50.4,50.4,12.6,0.26
5754,20.0,7.844,9.95,19.949,7.854,9.96,0.0534,21.49,61.74,-114.98,0.4991,0.4094,6.97,5.72,-1.3,50.4,50.4,12.6,0.26
5755,20.0,7.848,9.95,19.949,7.859,9.96,0.0532,21.51,61.74,-114.96,0.4996,0.4084,6.98,5.7,-1.3,50.4,50.4,12.6,0.26
5756,20.0,7.852,9.95,19.949,7.863,9.96,0.0531,21.51,61.74,-114.96,0.5004,0.4075,6.99,5.69,-1.31,50.4,50.4,12.6,0.26
5757,20.0,7.855,9.95,19.949,7.867,9.96,0.0529,21.51,61.74,-114.96,0.5016,0.4065,7.0,5.68,-1.32,50.4,50.4,12.6,0.26
5758,20.0,7.859,9.95,19.95,7.871,9.96,0.0528,21.53,61.74,-114.96,0.502,0.4056,7.01,5.66,-1.32,50.4,50.4,12.6,0.26
5759,20.0,7.863,9.95,19.95,7.875,9.96,0.0526,21.53,61.74,-114.94,0.5025,0.4047,7.02,5.65,-1.33,50.4,50.4,12.6,0.26
5760,20.0,7.867,9.95,19.95,7.879,9.96,0.0525,21.56,61.74,-114.94,0.503,0.4037,7.02,5.64,-1.33,50.4,50.4,12.6,0.26
5761,20.0,7.87,9.95,19.95,7.882,9.96,0.0524,21.56,61.74,-114.94,0.5035,0.4028,7.03,5.62,-1.34,50.4,50.4,12.6,0.26
5762,20.0,7.874,9.95,19.95,7.886,9.96,0.0522,21.58,61.72,-114.94,0.504,0.4018,7.04,5.61,-1.35,50.4,50.4,12.6,0.26
5763,20.0,7.877,9.95,19.951,7.89,9.96,0.0521,21.58,61.72,-114.92,0.5045,0.4009,7.04,5.6,-1.35,50.4,50.4,12.6,0.26
5764,20.0,7.881,9.95,19.951,7.894,9.96,0.052,21.58,61.72,-114.92,0.505,0.3999,7.05,5.58,-1.36,50.4,50.4,12.6,0.26
5765,20.0,7.884,9.95,19.951,7.897,9.96,0.0519,21.6,61.72,-114.92,0.5055,0.3989,7.06,5.57,-1.37,50.4,50.4,12.6,0.26
5766,20.0,7.888,9.95,19.951,7.901,9.96,0.0517,21.6,61.72,-114.92,0.506,0.398,7.07,5.56,-1.37,50.4,50.4,12.6,0.27
5767,20.0,7.891,9.95,19.951,7.905,9.96,0.0516,21.62,61.72,-114.9,0.5065,0.397,7.07,5.54,-1.38,50.4,50.4,12.6,0.27
5768,20.0,7.894,9.95,19.951,7.908,9.96,0.0515,21.62,61.72,-114.9,0.507,0.3961,7.08,5.53,-1.38,50.4,50.4,12.6,0.27
5769,20.0,7.898,9.95,19.952,7.911,9.96,0.0514,21.62,61.72,-114.9,0.5075,0.3951,7.09,5.52,-1.39,50.4,50.4,12.6,0.27
5770,20.0,7.901,9.95,19.952,7.915,9.96,0.0513,21.64,61.72,-114.9,0.508,0.3942,7.09,5.5,-1.4,50.4,50.4,12.6,0.27
5771,20.0,7.904,9.95,19.952,7.918,9.96,0.0512,21.64,61.7,-114.9,0.5085,0.3932,7.1,5.49,-1.4,50.4,50.4,12.6,0.27
5772,20.0,7.907,9.95,19.952,7.922,9.96,0.051,21.67,61.7,-114.87,0.5091,0.3922,7.11,5.48,-1.41,50.4,50.4,12.6,0.27
5773,20.0,7.91,9.95,19.952,7.925,9.96,0.0509,21.67,61.7,-114.87,0.5096,0.3913,7.11,5.46,-1.42,50.4,50.4,12.6,0.27
5774,20.0,7.913,9.95,19.953,7.928,9.961,0.0508,21.67,61.7,-114.87,0.5101,0.3903,7.12,5.45,-1.42,50.4,50.4,12.6,0.27
5775,20.0,7.916,9.95,19.953,7.931,9.961,0.0507,21.69,61.7,-114.87,0.5106,0.3893,7.13,5.44,-1.43,50.4,50.4,12.6,0.27
5776,20.0,7.919,9.95,19.953,7.934,9.961,0.0506,21.69,61.7,-114.87,0.5111,0.3884,7.14,5.42,-1.43,50.4,50.4,12.6,0.27
5777,20.0,7.922,9.95,19.953,7.937,9.961,0.0505,21.69,61.7,-114.85,0.5116,0.3874,7.14,5.41,-1.44,50.4,50.4,12.6,0.27
5778,20.0,7.924,9.95,19.953,7.94,9.961,0.0504,21.71,61.7,-114.85,0.5121,0.3864,7.15,5.4,-1.45,50.4,50.4,12.6,0.27
5779,20.0,7.927,9.95,19.954,7.943,9.961,0.0503,21.71,61.7,-114.85,0.5126,0.3855,7.16,5.38,-1.45,50.4,50.4,12.6,0.27
5780,20.0,7.93,9.95,19.954,7.946,9.961,0.0502,21.71,61.68,-114.85,0.5131,0.3845,7.16,5.37,-1.46,50.4,50.4,12.6,0.27
5781,20.0,7.932,9.95,19.954,7.949,9.961,0.0501,21.73,61.68,-114.85,0.5136,0.3835,7.17,5.35,-1.47,50.4,50.4,12.6,0.27
5782,20.0,7.935,9.95,19.954,7.952,9.961,0.05,21.73,61.68,-114.83,0.5141,0.3825,7.18,5.34,-1.47,50.4,50.4,12.6,0.27
5783,20.0,7.937,9.95,19.954,7.955,9.961,0.0499,21.73,61.68,-114.83,0.5146,0.3816,7.19,5.33,-1.48,50.4,50.4,12.6,0.27
5784,20.0,7.94,9.95,19.955,7.957,9.961,0.0498,21.73,61.68,-114.83,0.5151,0.3806,7.19,5.31,-1.49,50.4,50.4,12.6,0.27
5785,20.0,7.942,9.95,19.955,7.96,9.961,0.0497,21.75,61.68,-114.83,0.5156,0.3796,7.2,5.3,-1.49,50.4,50.4,12.6,0.27
5786,20.0,7.945,9.95,19.955,7.963,9.961,0.0496,21.75,61.68,-114.83,0.5161,0.3786,7.21,5.29,-1.5,50.4,50.4,12.6,0.27
5787,20.0,7.947,9.95,19.955,7.965,9.961,0.0495,21.75,61.68,-114.81,0.5166,0.3776,7.21,5.27,-1.51,50.4,50.4,12.6,0.27
5788,20.0,7.949,9.95,19.955,7.968,9.961,0.0494,21.77,61.68,-114.81,0.5171,0.3767,7.22,5.26,-1.51,50.4,50.4,12.6,0.27
5789,20.0,7.952,9.95,19.956,7.97,9.961,0.0494,21.77,61.68,-114.81,0.5176,0.3757,7.23,5.25,-1.52,50.4,50.4,12.6,0.27
5790,20.0,7.954,9.95,19.956,7.973,9.961,0.0493,21.77,61.68,-114.81,0.5181,0.3747,7.23,5.23,-1.52,50.4,50.4,12.6,0.27
5791,20.0,7.956,9.95,19.956,7.975,9.961,0.0492,21.77,61.66,-114.81,0.5186,0.3737,7.24,5.22,-1.53,50.4,50.4,12.6,0.27
5792,20.0,7.958,9.95,19.956,7.977,9.961,0.0491,21.8,61.66,-114.81,0.5191,0.3727,7.25,5.2,-1.54,50.4,50.4,12.6,0.27
5793,20.0,7.96,9.95,19.956,7.98,9.961,0.049,21.8,61.66,-114.79,0.5196,0.3717,7.26,5.19,-1.54,50.4,50.4,12.6,0.27
5794,20.0,7.962,9.95,19.957,7.982,9.961,0.049,21.8,61.66,-114.79,0.5201,0.3707,7.26,5.18,-1.55,50.4,50.4,12.6,0.27
5795,20.0,7.964,9.95,19.957,7.984,9.961,0.0489,21.8,61.66,-114.79,0.5206,0.3698,7.27,5.16,-1.56,50.4,50.4,12.6,0.27
5796,20.0,7.966,9.95,19.957,7.986,9.961,0.0488,21.82,61.66,-114.79,0.5211,0.3688,7.28,5.15,-1.56,50.4,50.4,12.6,0.27
5797,20.0,7.968,9.95,19.957,7.988,9.961,0.0487,21.82,61.66,-114.79,0.5217,0.3678,7.28,5.14,-1.57,50.4,50.4,12.6,0.27
5798,20.0,7.969,9.95,19.958,7.99,9.961,0.0487,21.82,61.66,-114.79,0.5222,0.3668,7.29,5.12,-1.58,50.4,50.4,12.6,0.27
5799,20.0,7.971,9.95,19.958,7.992,9.961,0.0486,21.82,61.66,-114.79,0.5227,0.3658,7.3,5.11,-1.58,50.4,50.4,12.6,0.27
5800,20.0,7.973,9.95,19.958,7.994,9.961,0.0486,21.82,61.66,-114.76,0.5232,0.3648,7.3,5.09,-1.59,50.4,50.4,12.6,0.27
5801,20.0,7.974,9.95,19.958,7.996,9.961,0.0485,21.84,61.66,-114.76,0.5237,0.3638,7.31,5.08,-1.6,50.4,50.4,12.6,0.27
5802,20.0,7.976,9.95,19.958,7.998,9.961,0.0484,21.84,61.66,-114.76,0.5242,0.3628,7.32,5.07,-1.6,50.4,50.4,12.6,0.27
5803,20.0,7.977,9.95,19.959,8.0,9.961,0.0484,21.84,61.66,-114.76,0.5247,0.3618,7.33,5.05,-1.61,50.4,50.4,12.6,0.27
5804,20.0,7.979,9.95,19.959,8.001,9.961,0.0483,21.84,61.66,-114.76,0.5252,0.3608,7.33,5.04,-1.62,50.4,50.4,12.6,0.28
5805,20.0,7.98,9.95,19.959,8.003,9.961,0.0483,21.84,61.63,-114.76,0.5257,0.3598,7.34,5.02,-1.62,50.4,50.4,12.6,0.28
5806,20.0,7.982,9.95,19.959,8.005,9.961,0.0482,21.86,61.63,-114.76,0.5262,0.3588,7.35,5.01,-1.63,50.4,50.4,12.6,0.28
5807,20.0,7.983,9.95,19.959,8.006,9.961,0.0482,21.86,61.63,-114.74,0.5267,0.3578,7.35,5.0,-1.64,50.4,50.4,12.6,0.28
5808,20.0,7.984,9.95,19.96,8.008,9.961,0.0481,21.86,61.63,-114.74,0.5272,0.3568,7.36,4.98,-1.64,50.4,50.4,12.6,0.28
5809,20.0,7.986,9.95,19.96,8.009,9.961,0.0481,21.86,61.63,-114.74,0.5277,0.3558,7.37,4.97,-1.65,50.4,50.4,12.6,0.28
5810,20.0,7.987,9.95,19.96,8.011,9.961,0.048,21.86,61.63,-114.74,0.5282,0.3548,7.37,4.95,-1.66,50.4,50.4,12.6,0.28
5811,20.0,7.988,9.95,19.96,8.012,9.961,0.048,21.86,61.63,-114.74,0.5287,0.3538,7.38,4.94,-1.66,50.4,50.4,12.6,0.28
5812,20.0,7.989,9.95,19.96,8.013,9.961,0.048,21.86,61.63,-114.74,0.5292,0.3528,7.39,4.93,-1.67,50.4,50.4,12.6,0.28
5813,20.0,7.99,9.95,19.961,8.015,9.961,0.0479,21.88,61.63,-114.74,0.5297,0.3518,7.4,4.91,-1.68,50.4,50.4,12.6,0.28
5814,20.0,7.991,9.95,19.961,8.016,9.962,0.0479,21.88,61.63,-114.74,0.5302,0.3508,7.4,4.9,-1.68,50.4,50.4,12.6,0.28
5815,20.0,7.992,9.95,19.961,8.017,9.962,0.0478,21.88,61.63,-114.74,0.5307,0.3498,7.41,4.88,-1.69,50.4,50.4,12.6,0.28
5816,20.0,7.993,9.95,19.961,8.018,9.962,0.0478,21.88,61.63,-114.74,0.5312,0.3488,7.42,4.87,-1.7,50.4,50.4,12.6,0.28
5817,20.0,7.994,9.95,19.961,8.019,9.962,0.0478,21.88,61.63,-114.72,0.5317,0.3478,7.42,4.86,-1.7,50.4,50.4,12.6,0.28
5818,20.0,7.994,9.95,19.962,8.02,9.962,0.0478,21.88,61.63,-114.72,0.5322,0.3468,7.43,4.84,-1.71,50.4,50.4,12.6,0.28
5819,20.0,7.995,9.95,19.962,8.021,9.962,0.0477,21.88,61.63,-114.72,0.5327,0.3458,7.44,4.83,-1.72,50.4,50.4,12.6,0.28
5820,20.0,7.996,9.95,19.962,8.022,9.962,0.0477,21.88,61.63,-114.72,0.5332,0.3448,7.45,4.81,-1.72,50.4,50.4,12.6,0.28
5821,20.0,7.996,9.95,19.962,8.023,9.962,0.0477,21.88,61.63,-114.72,0.5337,0.3438,7.45,4.8,-1.73,50.4,50.4,12.6,0.28
5822,20.0,7.997,9.95,19.962,8.024,9.962,0.0477,21.91,61.63,-114.72,0.5342,0.3428,7.46,4.79,-1.74,50.4,50.4,12.6,0.28
5823,20.0,7.997,9.95,19.963,8.025,9.962,0.0477,21.91,61.63,-114.72,0.5348,0.3418,7.47,4.77,-1.74,50.4,50.4,12.6,0.28
5824,20.0,7.998,9.95,19.963,8.025,9.962,0.0477,21.91,61.63,-114.72,0.5353,0.3408,7.47,4.76,-1.75,50.4,50.4,12.6,0.28
5825,20.0,7.998,9.95,19.963,8.026,9.962,0.0477,21.91,61.63,-114.72,0.5358,0.3398,7.48,4.74,-1.76,50.4,50.4,12.6,0.28
5826,20.0,7.999,9.95,19.963,8.027,9.962,0.0476,21.91,61.61,-114.72,0.5363,0.3388,7.49,4.73,-1.76,50.4,50.4,12.6,0.28
5827,20.0,7.999,9.95,19.963,8.027,9.962,0.0476,21.91,61.61,-114.72,0.5368,0.3378,7.5,4.72,-1.77,50.4,50.4,12.6,0.28
5828,20.0,7.999,9.95,19.964,8.028,9.962,0.0476,21.91,61.61,-114.72,0.5373,0.3368,7.5,4.7,-1.78,50.4,50.4,12.6,0.28
5829,20.0,8.0,9.95,19.964,8.028,9.962,0.0476,21.91,61.61,-114.72,0.5378,0.3358,7.51,4.69,-1.78,50.4,50.4,12.6,0.28
5830,20.0,8.0,9.95,19.964,8.029,9.962,0.0476,21.91,61.61,-114.72,0.5383,0.3347,7.52,4.67,-1.79,50.4,50.4,12.6,0.28
5831,20.0,8.0,9.95,19.964,8.029,9.962,0.0477,21.91,61.61,-114.7,0.5388,0.3337,7.52,4.66,-1.8,50.4,50.4,12.6,0.28
5832,20.0,8.0,9.95,19.964,8.029,9.962,0.0477,21.91,61.61,-114.7,0.5393,0.3327,7.53,4.65,-1.8,50.4,50.4,12.6,0.28
5833,20.0,8.0,9.95,19.974,8.006,9.962,0.029,21.84,61.61,-114.7,0.5395,0.3323,7.53,4.64,-0.85,50.4,50.4,12.6,0.14
