timestamp_ms,target_pos,sensor_pos,real_arm_pos,belt_stretch,error,velocity_cmd,torque_load,torque_total_req,hz
0,0.0,0.0,0.0,0.0,0.0,180,0.0,0.0,1000
1,0.003,-0.04,-0.04,0.0398,0.043,180,0.03,0.56,1000
2,0.012,-0.046,-0.046,0.047,0.058,180,0.06,0.66,1000
3,0.027,-0.052,-0.052,0.0542,0.079,180,0.09,0.76,1000
4,0.048,-0.058,-0.058,0.0613,0.106,180,0.12,0.86,1000
5,0.075,-0.064,-0.064,0.0685,0.139,180,0.15,0.96,1000
6,0.108,-0.069,-0.069,0.0756,0.177,180,0.18,1.06,1000
7,0.147,-0.074,-0.074,0.0828,0.221,180,0.21,1.16,1000
8,0.192,-0.079,-0.079,0.09,0.271,180,0.24,1.26,1000
9,0.243,-0.084,-0.084,0.0971,0.327,180,0.27,1.36,1000
10,0.3,-0.088,-0.088,0.1043,0.388,180,0.3,1.46,1000
11,0.363,-0.092,-0.092,0.1114,0.455,180,0.33,1.56,1000
12,0.432,-0.095,-0.095,0.1186,0.527,180,0.36,1.66,1000
13,0.507,-0.098,-0.098,0.1258,0.605,180,0.39,1.76,1000
14,0.588,-0.101,-0.101,0.1329,0.689,180,0.42,1.86,1000
15,0.675,-0.104,-0.104,0.1401,0.779,180,0.45,1.96,1000
16,0.768,-0.106,-0.106,0.1472,0.874,180,0.48,2.06,1000
17,0.867,-0.109,-0.109,0.1544,0.976,180,0.51,2.16,1000
18,0.972,-0.11,-0.11,0.1616,1.082,180,0.54,2.26,1000
19,1.083,-0.112,-0.112,0.1687,1.195,180,0.57,2.36,1000
20,1.2,-0.113,-0.113,0.1759,1.313,180,0.6,2.46,1000
21,1.323,-0.114,-0.114,0.1831,1.437,180,0.63,2.56,1000
22,1.452,-0.114,-0.114,0.1902,1.566,180,0.66,2.66,1000
23,1.587,-0.115,-0.115,0.1974,1.702,180,0.69,2.76,1000
24,1.728,-0.115,-0.115,0.2045,1.843,180,0.72,2.86,1000
25,1.875,-0.114,-0.114,0.2117,1.989,180,0.75,2.96,1000
26,2.028,-0.114,-0.114,0.2188,2.142,180,0.78,3.06,1000
27,2.187,-0.113,-0.113,0.226,2.3,180,0.81,3.16,1000
28,2.352,-0.111,-0.111,0.2332,2.463,180,0.84,3.26,1000
29,2.523,-0.11,-0.11,0.2403,2.633,180,0.87,3.36,1000
30,2.7,-0.108,-0.108,0.2475,2.808,180,0.9,3.46,1000
31,2.88,-0.106,-0.106,0.2546,2.986,180,0.93,3.56,1000
32,3.06,-0.103,-0.103,0.2618,3.163,180,0.96,3.66,1000
33,3.24,-0.101,-0.101,0.269,3.341,180,0.99,3.76,1000
34,3.42,-0.098,-0.098,0.2761,3.518,180,1.02,3.86,1000
35,3.6,-0.094,-0.094,0.2833,3.694,180,1.05,3.96,1000
36,3.78,-0.091,-0.091,0.2904,3.871,180,1.08,4.06,1000
37,3.96,-0.087,-0.087,0.2976,4.047,180,1.11,4.15,1000
38,4.14,-0.082,-0.082,0.3047,4.222,180,1.14,4.25,1000
39,4.32,-0.078,-0.078,0.3119,4.398,180,1.17,4.35,1000
40,4.5,-0.073,-0.073,0.319,4.573,180,1.2,4.45,1000
41,4.68,-0.068,-0.068,0.3262,4.748,180,1.23,4.55,1000
42,4.86,-0.062,-0.062,0.3333,4.922,180,1.26,4.65,1000
43,5.04,-0.057,-0.057,0.3405,5.097,180,1.29,4.75,1000
44,5.22,-0.051,-0.051,0.3477,5.271,180,1.32,4.85,1000
45,5.4,-0.044,-0.044,0.3548,5.444,180,1.35,4.95,1000
46,5.58,-0.038,-0.038,0.362,5.618,180,1.38,5.05,1000
47,5.76,-0.031,-0.031,0.3691,5.791,180,1.41,5.15,1000
48,5.94,-0.023,-0.023,0.3763,5.963,180,1.44,5.25,1000
49,6.12,-0.016,-0.016,0.3834,6.136,180,1.47,5.35,1000
50,6.3,-0.008,-0.008,0.3906,6.308,180,1.5,5.45,1000
51,6.48,0.0,0.0,0.3977,6.48,180,1.53,5.55,1000
52,6.66,0.009,0.009,0.4049,6.651,180,1.56,5.65,1000
53,6.84,0.017,0.017,0.412,6.823,180,1.59,5.75,1000
54,7.02,0.026,0.026,0.4192,6.994,180,1.62,5.85,1000
55,7.2,0.036,0.036,0.4263,7.164,180,1.65,5.95,1000
56,7.38,0.045,0.045,0.4335,7.335,180,1.68,6.05,1000
57,7.56,0.055,0.055,0.4406,7.505,180,1.71,6.15,1000
58,7.74,0.066,0.066,0.4477,7.674,180,1.74,6.25,1000
59,7.92,0.076,0.076,0.4549,7.844,180,1.77,6.35,1000
60,8.1,0.087,0.087,0.462,8.013,180,1.8,6.45,1000
61,8.28,0.098,0.098,0.4692,8.182,180,1.83,6.55,1000
62,8.46,0.11,0.11,0.4763,8.35,180,1.86,6.65,1000
63,8.64,0.121,0.121,0.4835,8.519,180,1.89,6.75,1000
64,8.82,0.133,0.133,0.4906,8.687,180,1.91,6.85,1000
65,9.0,0.146,0.146,0.4978,8.854,180,1.94,6.95,1000
66,9.18,0.158,0.158,0.5049,9.022,180,1.97,7.05,1000
67,9.36,0.171,0.171,0.512,9.189,180,2.0,7.15,1000
68,9.54,0.185,0.185,0.5192,9.355,180,2.03,7.25,1000
69,9.72,0.198,0.198,0.5263,9.522,180,2.06,7.35,1000
70,9.9,0.212,0.212,0.5335,9.688,180,2.09,7.45,1000
71,10.08,0.226,0.226,0.5406,9.854,180,2.12,7.55,1000
72,10.26,0.241,0.241,0.5477,10.019,180,2.15,7.65,1000
73,10.44,0.255,0.255,0.5549,10.185,180,2.18,7.75,1000
74,10.62,0.27,0.27,0.562,10.35,180,2.21,7.85,1000
75,10.8,0.286,0.286,0.5691,10.514,180,2.24,7.95,1000
76,10.98,0.302,0.302,0.5763,10.678,180,2.27,8.05,1000
77,11.16,0.317,0.317,0.5834,10.843,180,2.3,8.15,1000
78,11.34,0.334,0.334,0.5905,11.006,180,2.33,8.25,1000
79,11.52,0.35,0.35,0.5977,11.17,180,2.36,8.35,1000
80,11.7,0.367,0.367,0.6048,11.333,180,2.39,8.44,1000
81,11.88,0.384,0.384,0.6119,11.496,180,2.42,8.54,1000
82,12.06,0.402,0.402,0.6191,11.658,180,2.45,8.64,1000
83,12.24,0.42,0.42,0.6262,11.82,180,2.48,8.74,1000
84,12.42,0.438,0.438,0.6333,11.982,180,2.51,8.84,1000
85,12.6,0.456,0.456,0.6405,12.144,180,2.54,8.94,1000
86,12.78,0.475,0.475,0.6476,12.305,180,2.57,9.04,1000
87,12.96,0.494,0.494,0.6547,12.466,180,2.6,9.14,1000
88,13.14,0.513,0.513,0.6618,12.627,180,2.63,9.24,1000
89,13.32,0.533,0.533,0.669,12.787,180,2.66,9.34,1000
90,13.5,0.552,0.552,0.6761,12.948,180,2.69,9.44,1000
91,13.68,0.573,0.573,0.6832,13.107,180,2.71,9.54,1000
92,13.86,0.593,0.593,0.6903,13.267,180,2.74,9.64,1000
93,14.04,0.614,0.614,0.6974,13.426,180,2.77,9.74,1000
94,14.22,0.635,0.635,0.7046,13.585,180,2.8,9.84,1000
95,14.4,0.656,0.656,0.7117,13.744,180,2.83,9.94,1000
96,14.58,0.678,0.678,0.7188,13.902,180,2.86,10.04,1000
97,14.76,0.7,0.7,0.7259,14.06,180,2.89,10.14,1000
98,14.94,0.722,0.722,0.733,14.218,180,2.92,10.24,1000
99,15.12,0.745,0.745,0.7402,14.375,180,2.95,10.33,1000
100,15.3,0.768,0.768,0.7473,14.532,180,2.98,10.43,1000
101,15.48,0.791,0.791,0.7544,14.689,180,3.01,10.53,1000
102,15.66,0.814,0.814,0.7615,14.846,180,3.04,10.63,1000
103,15.84,0.838,0.838,0.7686,15.002,180,3.07,10.73,1000
104,16.02,0.862,0.862,0.7757,15.158,180,3.1,10.83,1000
105,16.2,0.887,0.887,0.7828,15.313,180,3.13,10.93,1000
106,16.38,0.911,0.911,0.7899,15.469,180,3.16,11.03,1000
107,16.56,0.936,0.936,0.7971,15.624,180,3.19,11.13,1000
108,16.74,0.962,0.962,0.8042,15.778,180,3.21,11.23,1000
109,16.92,0.987,0.987,0.8113,15.933,180,3.24,11.33,1000
110,17.1,1.013,1.013,0.8184,16.087,180,3.27,11.43,1000
111,17.28,1.039,1.039,0.8255,16.241,180,3.3,11.53,1000
112,17.46,1.066,1.066,0.8326,16.394,180,3.33,11.62,1000
113,17.64,1.093,1.093,0.8397,16.547,180,3.36,11.72,1000
114,17.82,1.12,1.12,0.8468,16.7,180,3.39,11.82,1000
115,18.0,1.147,1.147,0.8539,16.853,180,3.42,11.92,1000
116,18.18,1.175,1.175,0.861,17.005,180,3.45,12.02,1000
117,18.36,1.203,1.203,0.8681,17.157,180,3.48,12.12,1000
118,18.54,1.231,1.231,0.8752,17.309,180,3.51,12.22,1000
119,18.72,1.26,1.26,0.8823,17.46,180,3.54,12.32,1000
120,18.9,1.289,1.289,0.8894,17.611,180,3.57,12.42,1000
121,19.08,1.318,1.318,0.8965,17.762,180,3.59,12.52,1000
122,19.26,1.347,1.347,0.9035,17.913,180,3.62,12.62,1000
123,19.44,1.377,1.377,0.9106,18.063,180,3.65,12.71,1000
124,19.62,1.407,1.407,0.9177,18.213,180,3.68,12.81,1000
125,19.8,1.438,1.438,0.9248,18.362,180,3.71,12.91,1000
126,19.98,1.468,1.468,0.9319,18.512,180,3.74,13.01,1000
127,20.16,1.499,1.499,0.939,18.661,180,3.77,13.11,1000
128,20.34,1.531,1.531,0.9461,18.809,180,3.8,13.21,1000
129,20.52,1.562,1.562,0.9532,18.958,180,3.83,13.31,1000
130,20.7,1.594,1.594,0.9602,19.106,180,3.86,13.41,1000
131,20.88,1.626,1.626,0.9673,19.254,180,3.89,13.51,1000
132,21.06,1.659,1.659,0.9744,19.401,180,3.91,13.61,1000
133,21.24,1.692,1.692,0.9815,19.548,180,3.94,13.7,1000
134,21.42,1.725,1.725,0.9886,19.695,180,3.97,13.8,1000
135,21.6,1.758,1.758,0.9956,19.842,180,4.0,13.9,1000
136,21.78,1.792,1.792,1.0027,19.988,180,4.03,14.0,1000
137,21.96,1.826,1.826,1.0098,20.134,180,4.06,14.1,1000
138,22.14,1.86,1.86,1.0168,20.28,180,4.09,14.2,1000
139,22.32,1.895,1.895,1.0239,20.425,180,4.12,14.3,1000
140,22.5,1.93,1.93,1.031,20.57,180,4.15,14.4,1000
141,22.68,1.965,1.965,1.0381,20.715,180,4.17,14.49,1000
142,22.86,2.001,2.001,1.0451,20.859,180,4.2,14.59,1000
143,23.04,2.037,2.037,1.0522,21.003,180,4.23,14.69,1000
144,23.22,2.073,2.073,1.0593,21.147,180,4.26,14.79,1000
145,23.4,2.109,2.109,1.0663,21.291,180,4.29,14.89,1000
146,23.58,2.146,2.146,1.0734,21.434,180,4.32,14.99,1000
147,23.76,2.183,2.183,1.0804,21.577,180,4.35,15.09,1000
148,23.94,2.22,2.22,1.0875,21.72,180,4.38,15.18,1000
149,24.12,2.258,2.258,1.0946,21.862,180,4.4,15.28,1000
150,24.3,2.296,2.296,1.1016,22.004,180,4.43,15.38,1000
151,24.48,2.334,2.334,1.1087,22.146,180,4.46,15.48,1000
152,24.66,2.373,2.373,1.1157,22.287,180,4.49,15.58,1000
153,24.84,2.412,2.412,1.1228,22.428,180,4.52,15.68,1000
154,25.02,2.451,2.451,1.1298,22.569,180,4.55,15.78,1000
155,25.2,2.49,2.49,1.1369,22.71,180,4.58,15.87,1000
156,25.38,2.53,2.53,1.1439,22.85,180,4.6,15.97,1000
157,25.56,2.57,2.57,1.151,22.99,180,4.63,16.07,1000
158,25.74,2.61,2.61,1.158,23.13,180,4.66,16.17,1000
159,25.92,2.651,2.651,1.1651,23.269,180,4.69,16.27,1000
160,26.1,2.692,2.692,1.1721,23.408,180,4.72,16.37,1000
161,26.28,2.733,2.733,1.1791,23.547,180,4.75,16.46,1000
162,26.46,2.775,2.775,1.1862,23.685,180,4.78,16.56,1000
163,26.64,2.817,2.817,1.1932,23.823,180,4.8,16.66,1000
164,26.82,2.859,2.859,1.2002,23.961,180,4.83,16.76,1000
165,27.0,2.901,2.901,1.2073,24.099,180,4.86,16.86,1000
166,27.18,2.944,2.944,1.2143,24.236,180,4.89,16.95,1000
167,27.36,2.987,2.987,1.2213,24.373,180,4.92,17.05,1000
168,27.54,3.03,3.03,1.2284,24.51,180,4.95,17.15,1000
169,27.72,3.074,3.074,1.2354,24.646,180,4.97,17.25,1000
170,27.9,3.118,3.118,1.2424,24.782,180,5.0,17.35,1000
171,28.08,3.162,3.162,1.2494,24.918,180,5.03,17.45,1000
172,28.26,3.207,3.207,1.2565,25.053,180,5.06,17.54,1000
173,28.44,3.252,3.252,1.2635,25.188,180,5.09,17.64,1000
174,28.62,3.297,3.297,1.2705,25.323,180,5.12,17.74,1000
175,28.8,3.342,3.342,1.2775,25.458,180,5.14,17.84,1000
176,28.98,3.388,3.388,1.2845,25.592,180,5.17,17.94,1000
177,29.16,3.434,3.434,1.2916,25.726,180,5.2,18.03,1000
178,29.34,3.481,3.481,1.2986,25.859,180,5.23,18.13,1000
179,29.52,3.527,3.527,1.3056,25.993,180,5.26,18.23,1000
180,29.7,3.574,3.574,1.3126,26.126,180,5.28,18.33,1000
181,29.88,3.622,3.622,1.3196,26.258,180,5.31,18.43,1000
182,30.06,3.669,3.669,1.3266,26.391,180,5.34,18.52,1000
183,30.24,3.717,3.717,1.3336,26.523,180,5.37,18.62,1000
184,30.42,3.765,3.765,1.3406,26.655,180,5.4,18.72,1000
185,30.6,3.814,3.814,1.3476,26.786,180,5.42,18.82,1000
186,30.78,3.863,3.863,1.3546,26.917,180,5.45,18.91,1000
187,30.96,3.912,3.912,1.3616,27.048,180,5.48,19.01,1000
188,31.14,3.961,3.961,1.3686,27.179,180,5.51,19.11,1000
189,31.32,4.011,4.011,1.3756,27.309,180,5.54,19.21,1000
190,31.5,4.061,4.061,1.3826,27.439,180,5.56,19.3,1000
191,31.68,4.111,4.111,1.3896,27.569,180,5.59,19.4,1000
192,31.86,4.162,4.162,1.3966,27.698,180,5.62,19.5,1000
193,32.04,4.213,4.213,1.4036,27.827,180,5.65,19.6,1000
194,32.22,4.264,4.264,1.4106,27.956,180,5.68,19.7,1000
195,32.4,4.315,4.315,1.4175,28.085,180,5.7,19.79,1000
196,32.58,4.367,4.367,1.4245,28.213,180,5.73,19.89,1000
197,32.76,4.419,4.419,1.4315,28.341,180,5.76,19.99,1000
198,32.94,4.472,4.472,1.4385,28.468,180,5.79,20.08,1000
199,33.12,4.525,4.525,1.4455,28.595,180,5.81,20.18,1000
200,33.3,4.578,4.578,1.4524,28.722,180,5.84,20.28,1000
201,33.48,4.631,4.631,1.4594,28.849,180,5.87,20.38,1000
202,33.66,4.685,4.685,1.4664,28.975,180,5.9,20.47,1000
203,33.84,4.738,4.738,1.4733,29.102,180,5.92,20.57,1000
204,34.02,4.793,4.793,1.4803,29.227,180,5.95,20.67,1000
205,34.2,4.847,4.847,1.4873,29.353,180,5.98,20.77,1000
206,34.38,4.902,4.902,1.4942,29.478,180,6.01,20.86,1000
207,34.56,4.957,4.957,1.5012,29.603,180,6.03,20.96,1000
208,34.74,5.013,5.013,1.5082,29.727,180,6.06,21.06,1000
209,34.92,5.068,5.068,1.5151,29.852,180,6.09,21.15,1000
210,35.1,5.124,5.124,1.5221,29.976,180,6.12,21.25,1000
211,35.28,5.181,5.181,1.529,30.099,180,6.14,21.35,1000
212,35.46,5.237,5.237,1.536,30.223,180,6.17,21.45,1000
213,35.64,5.294,5.294,1.5429,30.346,180,6.2,21.54,1000
214,35.82,5.352,5.352,1.5499,30.468,180,6.23,21.64,1000
215,36.0,5.409,5.409,1.5568,30.591,180,6.25,21.74,1000
216,36.18,5.467,5.467,1.5638,30.713,180,6.28,21.83,1000
217,36.36,5.525,5.525,1.5707,30.835,180,6.31,21.93,1000
218,36.54,5.584,5.584,1.5776,30.956,180,6.33,22.03,1000
219,36.72,5.642,5.642,1.5846,31.078,180,6.36,22.12,1000
220,36.9,5.701,5.701,1.5915,31.199,180,6.39,22.22,1000
221,37.08,5.761,5.761,1.5984,31.319,180,6.42,22.32,1000
222,37.26,5.821,5.821,1.6054,31.439,180,6.44,22.42,1000
223,37.44,5.88,5.88,1.6123,31.56,180,6.47,22.51,1000
224,37.62,5.941,5.941,1.6192,31.679,180,6.5,22.61,1000
225,37.8,6.001,6.001,1.6262,31.799,180,6.52,22.71,1000
226,37.98,6.062,6.062,1.6331,31.918,180,6.55,22.8,1000
227,38.16,6.123,6.123,1.64,32.037,180,6.58,22.9,1000
228,38.34,6.185,6.185,1.6469,32.155,180,6.61,23.0,1000
229,38.52,6.247,6.247,1.6538,32.273,180,6.63,23.09,1000
230,38.7,6.309,6.309,1.6608,32.391,180,6.66,23.19,1000
231,38.88,6.371,6.371,1.6677,32.509,180,6.69,23.29,1000
232,39.06,6.434,6.434,1.6746,32.626,180,6.71,23.38,1000
233,39.24,6.497,6.497,1.6815,32.743,180,6.74,23.48,1000
234,39.42,6.56,6.56,1.6884,32.86,180,6.77,23.57,1000
235,39.6,6.624,6.624,1.6953,32.976,180,6.79,23.67,1000
236,39.78,6.688,6.688,1.7022,33.092,180,6.82,23.77,1000
237,39.96,6.752,6.752,1.7091,33.208,180,6.85,23.86,1000
238,40.14,6.816,6.816,1.716,33.324,180,6.87,23.96,1000
239,40.32,6.881,6.881,1.7229,33.439,180,6.9,24.06,1000
240,40.5,6.946,6.946,1.7298,33.554,180,6.93,24.15,1000
241,40.68,7.012,7.012,1.7367,33.668,180,6.95,24.25,1000
242,40.86,7.077,7.077,1.7436,33.783,180,6.98,24.34,1000
243,41.04,7.143,7.143,1.7505,33.897,180,7.01,24.44,1000
244,41.22,7.21,7.21,1.7573,34.01,180,7.03,24.54,1000
245,41.4,7.276,7.276,1.7642,34.124,180,7.06,24.63,1000
246,41.58,7.343,7.343,1.7711,34.237,180,7.09,24.73,1000
247,41.76,7.41,7.41,1.778,34.35,180,7.11,24.83,1000
248,41.94,7.478,7.478,1.7849,34.462,180,7.14,24.92,1000
249,42.12,7.546,7.546,1.7917,34.574,180,7.17,25.02,1000
250,42.3,7.614,7.614,1.7986,34.686,180,7.19,25.11,1000
251,42.48,7.682,7.682,1.8055,34.798,180,7.22,25.21,1000
252,42.66,7.751,7.751,1.8123,34.909,180,7.24,25.3,1000
253,42.84,7.82,7.82,1.8192,35.02,180,7.27,25.4,1000
254,43.02,7.889,7.889,1.8261,35.131,180,7.3,25.5,1000
255,43.2,7.959,7.959,1.8329,35.241,180,7.32,25.59,1000
256,43.38,8.029,8.029,1.8398,35.351,180,7.35,25.69,1000
257,43.56,8.099,8.099,1.8466,35.461,180,7.37,25.78,1000
258,43.74,8.17,8.17,1.8535,35.57,180,7.4,25.88,1000
259,43.92,8.241,8.241,1.8603,35.679,180,7.43,25.98,1000
260,44.1,8.312,8.312,1.8672,35.788,180,7.45,26.07,1000
261,44.28,8.383,8.383,1.874,35.897,180,7.48,26.17,1000
262,44.46,8.455,8.455,1.8809,36.005,180,7.51,26.26,1000
263,44.64,8.527,8.527,1.8877,36.113,180,7.53,26.36,1000
264,44.82,8.599,8.599,1.8945,36.221,180,7.56,26.45,1000
265,45.0,8.672,8.672,1.9014,36.328,180,7.58,26.55,1000
266,45.18,8.745,8.745,1.9082,36.435,180,7.61,26.64,1000
267,45.36,8.818,8.818,1.915,36.542,180,7.63,26.74,1000
268,45.54,8.892,8.892,1.9219,36.648,180,7.66,26.83,1000
269,45.72,8.966,8.966,1.9287,36.754,180,7.69,26.93,1000
270,45.9,9.04,9.04,1.9355,36.86,180,7.71,27.03,1000
271,46.08,9.114,9.114,1.9423,36.966,180,7.74,27.12,1000
272,46.26,9.189,9.189,1.9492,37.071,180,7.76,27.22,1000
273,46.44,9.264,9.264,1.956,37.176,180,7.79,27.31,1000
274,46.62,9.34,9.34,1.9628,37.28,180,7.81,27.41,1000
275,46.8,9.415,9.415,1.9696,37.385,180,7.84,27.5,1000
276,46.98,9.491,9.491,1.9764,37.489,180,7.87,27.6,1000
277,47.16,9.568,9.568,1.9832,37.592,180,7.89,27.69,1000
278,47.34,9.644,9.644,1.99,37.696,180,7.92,27.79,1000
279,47.52,9.721,9.721,1.9968,37.799,180,7.94,27.88,1000
280,47.7,9.798,9.798,2.0036,37.902,180,7.97,27.98,1000
281,47.88,9.876,9.876,2.0104,38.004,180,7.99,28.07,1000
282,48.06,9.954,9.954,2.0172,38.106,180,8.02,28.17,1000
283,48.24,10.032,10.032,2.024,38.208,180,8.04,28.26,1000
284,48.42,10.11,10.11,2.0308,38.31,180,8.07,28.36,1000
285,48.6,10.189,10.189,2.0376,38.411,180,8.09,28.45,1000
286,48.78,10.268,10.268,2.0444,38.512,180,8.12,28.54,1000
287,48.96,10.347,10.347,2.0511,38.613,180,8.14,28.64,1000
288,49.14,10.427,10.427,2.0579,38.713,180,8.17,28.73,1000
289,49.32,10.507,10.507,2.0647,38.813,180,8.2,28.83,1000
290,49.5,10.587,10.587,2.0715,38.913,180,8.22,28.92,1000
291,49.68,10.668,10.668,2.0782,39.012,180,8.25,29.02,1000
292,49.86,10.748,10.748,2.085,39.112,180,8.27,29.11,1000
293,50.04,10.83,10.83,2.0918,39.21,180,8.3,29.21,1000
294,50.22,10.911,10.911,2.0985,39.309,180,8.32,29.3,1000
295,50.4,10.993,10.993,2.1053,39.407,180,8.35,29.4,1000
296,50.58,11.075,11.075,2.112,39.505,180,8.37,29.49,1000
297,50.76,11.157,11.157,2.1188,39.603,180,8.4,29.58,1000
298,50.94,11.24,11.24,2.1256,39.7,180,8.42,29.68,1000
299,51.12,11.323,11.323,2.1323,39.797,180,8.44,29.77,1000
300,51.3,11.406,11.406,2.1391,39.894,180,8.47,29.87,1000
301,51.48,11.49,11.49,2.1458,39.99,180,8.49,29.96,1000
302,51.66,11.573,11.573,2.1525,40.087,180,8.52,30.06,1000
303,51.84,11.658,11.658,2.1593,40.182,180,8.54,30.15,1000
304,52.02,11.742,11.742,2.166,40.278,180,8.57,30.24,1000
305,52.2,11.827,11.827,2.1727,40.373,180,8.59,30.34,1000
306,52.38,11.912,11.912,2.1795,40.468,180,8.62,30.43,1000
307,52.56,11.997,11.997,2.1862,40.563,180,8.64,30.53,1000
308,52.74,12.083,12.083,2.1929,40.657,180,8.67,30.62,1000
309,52.92,12.169,12.169,2.1996,40.751,180,8.69,30.71,1000
310,53.1,12.255,12.255,2.2064,40.845,180,8.72,30.81,1000
311,53.28,12.342,12.342,2.2131,40.938,180,8.74,30.9,1000
312,53.46,12.429,12.429,2.2198,41.031,180,8.76,30.99,1000
313,53.64,12.516,12.516,2.2265,41.124,180,8.79,31.09,1000
314,53.82,12.603,12.603,2.2332,41.217,180,8.81,31.18,1000
315,54.0,12.691,12.691,2.2399,41.309,180,8.84,31.28,1000
316,54.18,12.779,12.779,2.2466,41.401,180,8.86,31.37,1000
317,54.36,12.868,12.868,2.2533,41.492,180,8.89,31.46,1000
318,54.54,12.956,12.956,2.26,41.584,180,8.91,31.56,1000
319,54.72,13.045,13.045,2.2667,41.675,180,8.93,31.65,1000
320,54.9,13.135,13.135,2.2734,41.765,180,8.96,31.74,1000
321,55.08,13.224,13.224,2.2801,41.856,180,8.98,31.84,1000
322,55.26,13.314,13.314,2.2868,41.946,180,9.01,31.93,1000
323,55.44,13.404,13.404,2.2935,42.036,180,9.03,32.02,1000
324,55.62,13.495,13.495,2.3001,42.125,180,9.05,32.12,1000
325,55.8,13.586,13.586,2.3068,42.214,180,9.08,32.21,1000
326,55.98,13.677,13.677,2.3135,42.303,180,9.1,32.3,1000
327,56.16,13.768,13.768,2.3202,42.392,180,9.13,32.4,1000
328,56.34,13.86,13.86,2.3268,42.48,180,9.15,32.49,1000
329,56.52,13.952,13.952,2.3335,42.568,180,9.17,32.58,1000
330,56.7,14.044,14.044,2.3402,42.656,180,9.2,32.67,1000
331,56.88,14.137,14.137,2.3468,42.743,180,9.22,32.77,1000
332,57.06,14.23,14.23,2.3535,42.83,180,9.24,32.86,1000
333,57.24,14.323,14.323,2.3601,42.917,180,9.27,32.95,1000
334,57.42,14.417,14.417,2.3668,43.003,180,9.29,33.05,1000
335,57.6,14.511,14.511,2.3734,43.089,180,9.31,33.14,1000
336,57.78,14.605,14.605,2.3801,43.175,180,9.34,33.23,1000
337,57.96,14.699,14.699,2.3867,43.261,180,9.36,33.32,1000
338,58.14,14.794,14.794,2.3933,43.346,180,9.39,33.42,1000
339,58.32,14.889,14.889,2.4,43.431,180,9.41,33.51,1000
340,58.5,14.984,14.984,2.4066,43.516,180,9.43,33.6,1000
341,58.68,15.08,15.08,2.4132,43.6,180,9.46,33.7,1000
342,58.86,15.176,15.176,2.4199,43.684,180,9.48,33.79,1000
343,59.04,15.272,15.272,2.4265,43.768,180,9.5,33.88,1000
344,59.22,15.369,15.369,2.4331,43.851,180,9.52,33.97,1000
345,59.4,15.466,15.466,2.4397,43.934,180,9.55,34.07,1000
346,59.58,15.563,15.563,2.4463,44.017,180,9.57,34.16,1000
347,59.76,15.66,15.66,2.453,44.1,180,9.59,34.25,1000
348,59.94,15.758,15.758,2.4596,44.182,180,9.62,34.34,1000
349,60.12,15.856,15.856,2.4662,44.264,180,9.64,34.43,1000
350,60.3,15.955,15.955,2.4728,44.345,180,9.66,34.53,1000
351,60.48,16.053,16.053,2.4794,44.427,180,9.69,34.62,1000
352,60.66,16.152,16.152,2.486,44.508,180,9.71,34.71,1000
353,60.84,16.252,16.252,2.4926,44.588,180,9.73,34.8,1000
354,61.02,16.351,16.351,2.4991,44.669,180,9.75,34.89,1000
355,61.2,16.451,16.451,2.5057,44.749,180,9.78,34.99,1000
356,61.38,16.551,16.551,2.5123,44.829,180,9.8,35.08,1000
357,61.56,16.652,16.652,2.5189,44.908,180,9.82,35.17,1000
358,61.74,16.753,16.753,2.5255,44.987,180,9.85,35.26,1000
359,61.92,16.854,16.854,2.532,45.066,180,9.87,35.35,1000
360,62.1,16.955,16.955,2.5386,45.145,180,9.89,35.45,1000
361,62.28,17.057,17.057,2.5452,45.223,180,9.91,35.54,1000
362,62.46,17.159,17.159,2.5518,45.301,180,9.94,35.63,1000
363,62.64,17.261,17.261,2.5583,45.379,180,9.96,35.72,1000
364,62.82,17.364,17.364,2.5649,45.456,180,9.98,35.81,1000
365,63.0,17.467,17.467,2.5714,45.533,180,10.0,35.9,1000
366,63.18,17.57,17.57,2.578,45.61,180,10.03,36.0,1000
367,63.36,17.674,17.674,2.5845,45.686,180,10.05,36.09,1000
368,63.54,17.778,17.778,2.5911,45.762,180,10.07,36.18,1000
369,63.72,17.882,17.882,2.5976,45.838,180,10.09,36.27,1000
370,63.9,17.986,17.986,2.6042,45.914,180,10.11,36.36,1000
371,64.08,18.091,18.091,2.6107,45.989,180,10.14,36.45,1000
372,64.26,18.196,18.196,2.6172,46.064,180,10.16,36.54,1000
373,64.44,18.302,18.302,2.6238,46.138,180,10.18,36.63,1000
374,64.62,18.407,18.407,2.6303,46.213,180,10.2,36.73,1000
375,64.8,18.513,18.513,2.6368,46.287,180,10.22,36.82,1000
376,64.98,18.619,18.619,2.6433,46.361,180,10.25,36.91,1000
377,65.16,18.726,18.726,2.6498,46.434,180,10.27,37.0,1000
378,65.34,18.833,18.833,2.6564,46.507,180,10.29,37.09,1000
379,65.52,18.94,18.94,2.6629,46.58,180,10.31,37.18,1000
380,65.7,19.048,19.048,2.6694,46.652,180,10.33,37.27,1000
381,65.88,19.155,19.155,2.6759,46.725,180,10.36,37.36,1000
382,66.06,19.264,19.264,2.6824,46.796,180,10.38,37.45,1000
383,66.24,19.372,19.372,2.6889,46.868,180,10.4,37.54,1000
384,66.42,19.481,19.481,2.6954,46.939,180,10.42,37.63,1000
385,66.6,19.59,19.59,2.7019,47.01,180,10.44,37.73,1000
386,66.78,19.699,19.699,2.7083,47.081,180,10.46,37.82,1000
387,66.96,19.809,19.809,2.7148,47.151,180,10.49,37.91,1000
388,67.14,19.918,19.918,2.7213,47.222,180,10.51,38.0,1000
389,67.32,20.029,20.029,2.7278,47.291,180,10.53,38.09,1000
390,67.5,20.139,20.139,2.7343,47.361,180,10.55,38.18,1000
391,67.68,20.25,20.25,2.7407,47.43,180,10.57,38.27,1000
392,67.86,20.361,20.361,2.7472,47.499,180,10.59,38.36,1000
393,68.04,20.473,20.473,2.7537,47.567,180,10.61,38.45,1000
394,68.22,20.584,20.584,2.7601,47.636,180,10.63,38.54,1000
395,68.4,20.696,20.696,2.7666,47.704,180,10.66,38.63,1000
396,68.58,20.809,20.809,2.773,47.771,180,10.68,38.72,1000
397,68.76,20.921,20.921,2.7795,47.839,180,10.7,38.81,1000
398,68.94,21.034,21.034,2.7859,47.906,180,10.72,38.9,1000
399,69.12,21.148,21.148,2.7924,47.972,180,10.74,38.99,1000
400,69.3,21.261,21.261,2.7988,48.039,180,10.76,39.08,1000
401,69.48,21.375,21.375,2.8052,48.105,180,10.78,39.17,1000
402,69.66,21.489,21.489,2.8117,48.171,180,10.8,39.26,1000
403,69.84,21.604,21.604,2.8181,48.236,180,10.82,39.35,1000
404,70.02,21.718,21.718,2.8245,48.302,180,10.84,39.44,1000
405,70.2,21.834,21.834,2.831,48.366,180,10.86,39.53,1000
406,70.38,21.949,21.949,2.8374,48.431,180,10.88,39.62,1000
407,70.56,22.065,22.065,2.8438,48.495,180,10.91,39.71,1000
408,70.74,22.181,22.181,2.8502,48.559,180,10.93,39.8,1000
409,70.92,22.297,22.297,2.8566,48.623,180,10.95,39.89,1000
410,71.1,22.413,22.413,2.863,48.687,180,10.97,39.98,1000
411,71.28,22.53,22.53,2.8694,48.75,180,10.99,40.06,1000
412,71.46,22.648,22.648,2.8758,48.812,180,11.01,40.15,1000
413,71.64,22.765,22.765,2.8822,48.875,180,11.03,40.24,1000
414,71.82,22.883,22.883,2.8886,48.937,180,11.05,40.33,1000
415,72.0,23.001,23.001,2.895,48.999,180,11.07,40.42,1000
416,72.18,23.119,23.119,2.9014,49.061,180,11.09,40.51,1000
417,72.36,23.238,23.238,2.9077,49.122,180,11.11,40.6,1000
418,72.54,23.357,23.357,2.9141,49.183,180,11.13,40.69,1000
419,72.72,23.477,23.477,2.9205,49.243,180,11.15,40.78,1000
420,72.9,23.596,23.596,2.9269,49.304,180,11.17,40.87,1000
421,73.08,23.716,23.716,2.9332,49.364,180,11.19,40.96,1000
422,73.26,23.836,23.836,2.9396,49.424,180,11.21,41.04,1000
423,73.44,23.957,23.957,2.946,49.483,180,11.23,41.13,1000
424,73.62,24.078,24.078,2.9523,49.542,180,11.25,41.22,1000
425,73.8,24.199,24.199,2.9587,49.601,180,11.27,41.31,1000
426,73.98,24.32,24.32,2.965,49.66,180,11.29,41.4,1000
427,74.16,24.442,24.442,2.9714,49.718,180,11.31,41.49,1000
428,74.34,24.564,24.564,2.9777,49.776,180,11.33,41.58,1000
429,74.52,24.686,24.686,2.984,49.834,180,11.35,41.67,1000
430,74.7,24.809,24.809,2.9904,49.891,180,11.37,41.75,1000
431,74.88,24.932,24.932,2.9967,49.948,180,11.39,41.84,1000
432,75.06,25.055,25.055,3.003,50.005,180,11.41,41.93,1000
433,75.24,25.179,25.179,3.0094,50.061,180,11.43,42.02,1000
434,75.42,25.303,25.303,3.0157,50.117,180,11.45,42.11,1000
435,75.6,25.427,25.427,3.022,50.173,180,11.46,42.19,1000
436,75.78,25.552,25.552,3.0283,50.228,180,11.48,42.28,1000
437,75.96,25.676,25.676,3.0346,50.284,180,11.5,42.37,1000
438,76.14,25.801,25.801,3.0409,50.339,180,11.52,42.46,1000
439,76.32,25.927,25.927,3.0472,50.393,180,11.54,42.55,1000
440,76.5,26.052,26.052,3.0535,50.448,180,11.56,42.64,1000
441,76.68,26.178,26.178,3.0598,50.502,180,11.58,42.72,1000
442,76.86,26.305,26.305,3.0661,50.555,180,11.6,42.81,1000
443,77.04,26.431,26.431,3.0724,50.609,180,11.62,42.9,1000
444,77.22,26.558,26.558,3.0787,50.662,180,11.64,42.99,1000
445,77.4,26.686,26.686,3.0849,50.714,180,11.66,43.07,1000
446,77.58,26.813,26.813,3.0912,50.767,180,11.67,43.16,1000
447,77.76,26.941,26.941,3.0975,50.819,180,11.69,43.25,1000
448,77.94,27.069,27.069,3.1038,50.871,180,11.71,43.34,1000
449,78.12,27.197,27.197,3.11,50.923,180,11.73,43.42,1000
450,78.3,27.326,27.326,3.1163,50.974,180,11.75,43.51,1000
451,78.48,27.455,27.455,3.1225,51.025,180,11.77,43.6,1000
452,78.66,27.585,27.585,3.1288,51.075,180,11.79,43.69,1000
453,78.84,27.714,27.714,3.135,51.126,180,11.81,43.77,1000
454,79.02,27.844,27.844,3.1413,51.176,180,11.82,43.86,1000
455,79.2,27.974,27.974,3.1475,51.226,180,11.84,43.95,1000
456,79.38,28.105,28.105,3.1538,51.275,180,11.86,44.03,1000
457,79.56,28.236,28.236,3.16,51.324,180,11.88,44.12,1000
458,79.74,28.367,28.367,3.1662,51.373,180,11.9,44.21,1000
459,79.92,28.499,28.499,3.1725,51.421,180,11.92,44.3,1000
460,80.1,28.63,28.63,3.1787,51.47,180,11.93,44.38,1000
461,80.28,28.762,28.762,3.1849,51.518,180,11.95,44.47,1000
462,80.46,28.895,28.895,3.1911,51.565,180,11.97,44.56,1000
463,80.64,29.027,29.027,3.1973,51.613,180,11.99,44.64,1000
464,80.82,29.16,29.16,3.2035,51.66,180,12.01,44.73,1000
465,81.0,29.294,29.294,3.2097,51.706,180,12.02,44.82,1000
466,81.18,29.427,29.427,3.2159,51.753,180,12.04,44.9,1000
467,81.36,29.561,29.561,3.2221,51.799,180,12.06,44.99,1000
468,81.54,29.695,29.695,3.2283,51.845,180,12.08,45.08,1000
469,81.72,29.83,29.83,3.2345,51.89,180,12.1,45.16,1000
470,81.9,29.965,29.965,3.2407,51.935,180,12.11,45.25,1000
471,82.08,30.1,30.1,3.2469,51.98,180,12.13,45.34,1000
472,82.26,30.235,30.235,3.2531,52.025,180,12.15,45.42,1000
473,82.44,30.371,30.371,3.2592,52.069,180,12.17,45.51,1000
474,82.62,30.507,30.507,3.2654,52.113,180,12.18,45.59,1000
475,82.8,30.643,30.643,3.2716,52.157,180,12.2,45.68,1000
476,82.98,30.78,30.78,3.2777,52.2,180,12.22,45.77,1000
477,83.16,30.917,30.917,3.2839,52.243,180,12.24,45.85,1000
478,83.34,31.054,31.054,3.29,52.286,180,12.25,45.94,1000
479,83.52,31.192,31.192,3.2962,52.328,180,12.27,46.02,1000
480,83.7,31.33,31.33,3.3023,52.37,180,12.29,46.11,1000
481,83.88,31.468,31.468,3.3085,52.412,180,12.31,46.2,1000
482,84.06,31.606,31.606,3.3146,52.454,180,12.32,46.28,1000
483,84.24,31.745,31.745,3.3207,52.495,180,12.34,46.37,1000
484,84.42,31.884,31.884,3.3269,52.536,180,12.36,46.45,1000
485,84.6,32.023,32.023,3.333,52.577,180,12.37,46.54,1000
486,84.78,32.163,32.163,3.3391,52.617,180,12.39,46.62,1000
487,84.96,32.303,32.303,3.3452,52.657,180,12.41,46.71,1000
488,85.14,32.443,32.443,3.3514,52.697,180,12.42,46.79,1000
489,85.32,32.584,32.584,3.3575,52.736,180,12.44,46.88,1000
490,85.5,32.725,32.725,3.3636,52.775,180,12.46,46.96,1000
491,85.68,32.866,32.866,3.3697,52.814,180,12.47,47.05,1000
492,85.86,33.008,33.008,3.3758,52.852,180,12.49,47.13,1000
493,86.04,33.149,33.149,3.3819,52.891,180,12.51,47.22,1000
494,86.22,33.292,33.292,3.388,52.928,180,12.52,47.3,1000
495,86.4,33.434,33.434,3.394,52.966,180,12.54,47.39,1000
496,86.58,33.577,33.577,3.4001,53.003,180,12.56,47.47,1000
497,86.76,33.72,33.72,3.4062,53.04,180,12.57,47.56,1000
498,86.94,33.863,33.863,3.4123,53.077,180,12.59,47.64,1000
499,87.12,34.007,34.007,3.4184,53.113,180,12.61,47.73,1000
500,87.3,34.151,34.151,3.4244,53.149,180,12.62,47.81,1000
501,87.48,34.295,34.295,3.4305,53.185,180,12.64,47.9,1000
502,87.66,34.439,34.439,3.4365,53.221,180,12.65,47.98,1000
503,87.84,34.584,34.584,3.4426,53.256,180,12.67,48.07,1000
504,88.02,34.729,34.729,3.4486,53.291,180,12.69,48.15,1000
505,88.2,34.875,34.875,3.4547,53.325,180,12.7,48.24,1000
506,88.38,35.021,35.021,3.4607,53.359,180,12.72,48.32,1000
507,88.56,35.167,35.167,3.4668,53.393,180,12.73,48.41,1000
508,88.74,35.313,35.313,3.4728,53.427,180,12.75,48.49,1000
509,88.92,35.46,35.46,3.4788,53.46,180,12.77,48.57,1000
510,89.1,35.607,35.607,3.4849,53.493,180,12.78,48.66,1000
511,89.28,35.754,35.754,3.4909,53.526,180,12.8,48.74,1000
512,89.46,35.901,35.901,3.4969,53.559,180,12.81,48.83,1000
513,89.64,36.049,36.049,3.5029,53.591,180,12.83,48.91,1000
514,89.82,36.198,36.198,3.5089,53.622,180,12.84,48.99,1000
515,90.0,36.346,36.346,3.5149,53.654,180,12.86,49.08,1000
516,90.18,36.495,36.495,3.5209,53.685,180,12.87,49.16,1000
517,90.36,36.644,36.644,3.5269,53.716,180,12.89,49.25,1000
518,90.54,36.793,36.793,3.5329,53.747,180,12.91,49.33,1000
519,90.72,36.943,36.943,3.5389,53.777,180,12.92,49.41,1000
520,90.9,37.093,37.093,3.5449,53.807,180,12.94,49.5,1000
521,91.08,37.243,37.243,3.5509,53.837,180,12.95,49.58,1000
522,91.26,37.394,37.394,3.5569,53.866,180,12.97,49.66,1000
523,91.44,37.545,37.545,3.5628,53.895,180,12.98,49.75,1000
524,91.62,37.696,37.696,3.5688,53.924,180,13.0,49.83,1000
525,91.8,37.848,37.848,3.5748,53.952,180,13.01,49.91,1000
526,91.98,38.0,38.0,3.5807,53.98,180,13.03,50.0,1000
527,92.16,38.152,38.152,3.5867,54.008,180,13.04,50.08,1000
528,92.34,38.304,38.304,3.5926,54.036,180,13.06,50.16,1000
529,92.52,38.457,38.457,3.5986,54.063,180,13.07,50.25,1000
530,92.7,38.61,38.61,3.6045,54.09,180,13.09,50.33,1000
531,92.88,38.763,38.763,3.6105,54.117,180,13.1,50.41,1000
532,93.06,38.917,38.917,3.6164,54.143,180,13.11,50.49,1000
533,93.24,39.071,39.071,3.6223,54.169,180,13.13,50.58,1000
534,93.42,39.225,39.225,3.6283,54.195,180,13.14,50.66,1000
535,93.6,39.38,39.38,3.6342,54.22,180,13.16,50.74,1000
536,93.78,39.535,39.535,3.6401,54.245,180,13.17,50.83,1000
537,93.96,39.69,39.69,3.646,54.27,180,13.19,50.91,1000
538,94.14,39.845,39.845,3.6519,54.295,180,13.2,50.99,1000
539,94.32,40.001,40.001,3.6578,54.319,180,13.22,51.07,1000
540,94.5,40.157,40.157,3.6637,54.343,180,13.23,51.16,1000
541,94.68,40.314,40.314,3.6696,54.366,180,13.24,51.24,1000
542,94.86,40.47,40.47,3.6755,54.39,180,13.26,51.32,1000
543,95.04,40.627,40.627,3.6814,54.413,180,13.27,51.4,1000
544,95.22,40.785,40.785,3.6873,54.435,180,13.29,51.48,1000
545,95.4,40.942,40.942,3.6932,54.458,180,13.3,51.57,1000
546,95.58,41.1,41.1,3.6991,54.48,180,13.31,51.65,1000
547,95.76,41.258,41.258,3.7049,54.502,180,13.33,51.73,1000
548,95.94,41.417,41.417,3.7108,54.523,180,13.34,51.81,1000
549,96.12,41.576,41.576,3.7167,54.544,180,13.35,51.89,1000
550,96.3,41.735,41.735,3.7225,54.565,180,13.37,51.98,1000
551,96.48,41.894,41.894,3.7284,54.586,180,13.38,52.06,1000
552,96.66,42.054,42.054,3.7342,54.606,180,13.4,52.14,1000
553,96.84,42.214,42.214,3.7401,54.626,180,13.41,52.22,1000
554,97.02,42.375,42.375,3.7459,54.645,180,13.42,52.3,1000
555,97.2,42.535,42.535,3.7518,54.665,180,13.44,52.38,1000
556,97.38,42.696,42.696,3.7576,54.684,180,13.45,52.47,1000
557,97.56,42.857,42.857,3.7634,54.703,180,13.46,52.55,1000
558,97.74,43.019,43.019,3.7692,54.721,180,13.48,52.63,1000
559,97.92,43.181,43.181,3.7751,54.739,180,13.49,52.71,1000
560,98.1,43.343,43.343,3.7809,54.757,180,13.5,52.79,1000
561,98.28,43.506,43.506,3.7867,54.774,180,13.51,52.87,1000
562,98.46,43.668,43.668,3.7925,54.792,180,13.53,52.95,1000
563,98.64,43.831,43.831,3.7983,54.809,180,13.54,53.03,1000
564,98.82,43.995,43.995,3.8041,54.825,180,13.55,53.12,1000
565,99.0,44.159,44.159,3.8099,54.841,180,13.57,53.2,1000
566,99.18,44.323,44.323,3.8157,54.857,180,13.58,53.28,1000
567,99.36,44.487,44.487,3.8215,54.873,180,13.59,53.36,1000
568,99.54,44.652,44.652,3.8273,54.888,180,13.6,53.44,1000
569,99.72,44.816,44.816,3.833,54.904,180,13.62,53.52,1000
570,99.9,44.982,44.982,3.8388,54.918,180,13.63,53.6,1000
571,100.08,45.147,45.147,3.8446,54.933,180,13.64,53.68,1000
572,100.26,45.313,45.313,3.8503,54.947,180,13.65,53.76,1000
573,100.44,45.479,45.479,3.8561,54.961,180,13.67,53.84,1000
574,100.62,45.646,45.646,3.8619,54.974,180,13.68,53.92,1000
575,100.8,45.646,45.646,3.8619,55.154,180,13.69,54.0,1000
576,100.98,45.626,45.626,3.8619,55.354,180,13.7,54.0,1000
577,101.16,45.606,45.606,3.8619,55.554,180,13.72,54.0,1000
578,101.34,45.586,45.586,3.8619,55.754,180,13.73,54.0,1000
579,101.52,45.566,45.566,3.8619,55.954,180,13.74,54.0,1000
580,101.7,45.546,45.546,3.8619,56.154,180,13.75,54.0,1000
581,101.88,45.526,45.526,3.8619,56.354,180,13.76,54.0,1000
582,102.06,45.506,45.506,3.8619,56.554,180,13.78,54.0,1000
583,102.24,45.486,45.486,3.8619,56.754,180,13.79,54.0,1000
584,102.42,45.466,45.466,3.8619,56.954,180,13.8,54.0,1000
585,102.6,45.446,45.446,3.8619,57.154,180,13.81,54.0,1000
586,102.78,45.426,45.426,3.8619,57.354,180,13.82,54.0,1000
587,102.96,45.406,45.406,3.8619,57.554,180,13.83,54.0,1000
588,103.14,45.386,45.386,3.8619,57.754,180,13.85,54.0,1000
589,103.32,45.366,45.366,3.8619,57.954,180,13.86,54.0,1000
590,103.5,45.346,45.346,3.8619,58.154,180,13.87,54.0,1000
591,103.68,45.326,45.326,3.8619,58.354,180,13.88,54.0,1000
592,103.86,45.306,45.306,3.8619,58.554,180,13.89,54.0,1000
593,104.04,45.286,45.286,3.8619,58.754,180,13.9,54.0,1000
594,104.22,45.266,45.266,3.8619,58.954,180,13.91,54.0,1000
595,104.4,45.246,45.246,3.8619,59.154,180,13.93,54.0,1000
596,104.58,45.226,45.226,3.8619,59.354,180,13.94,54.0,1000
597,104.76,45.206,45.206,3.8619,59.554,180,13.95,54.0,1000
598,104.94,45.186,45.186,3.8619,59.754,180,13.96,54.0,1000
599,105.12,45.166,45.166,3.8619,59.954,180,13.97,54.0,1000
600,105.3,45.146,45.146,3.8619,60.154,180,13.98,54.0,1000
601,105.48,45.126,45.126,3.8619,60.354,180,13.99,54.0,1000
602,105.66,45.106,45.106,3.8619,60.554,180,14.0,54.0,1000
603,105.84,45.086,45.086,3.8619,60.754,180,14.01,54.0,1000
604,106.02,45.066,45.066,3.8619,60.954,180,14.02,54.0,1000
605,106.2,45.046,45.046,3.8619,61.154,180,14.03,54.0,1000
606,106.38,45.026,45.026,3.8619,61.354,180,14.04,54.0,1000
607,106.56,45.006,45.006,3.8619,61.554,180,14.06,54.0,1000
608,106.74,44.986,44.986,3.8619,61.754,180,14.07,54.0,1000
609,106.92,44.966,44.966,3.8619,61.954,180,14.08,54.0,1000
610,107.1,44.946,44.946,3.8619,62.154,180,14.09,54.0,1000
611,107.28,44.926,44.926,3.8619,62.354,180,14.1,54.0,1000
612,107.46,44.906,44.906,3.8619,62.554,180,14.11,54.0,1000
613,107.64,44.886,44.886,3.8619,62.754,180,14.12,54.0,1000
614,107.82,44.866,44.866,3.8619,62.954,180,14.13,54.0,1000
615,108.0,44.846,44.846,3.8619,63.154,180,14.14,54.0,1000
616,108.18,44.826,44.826,3.8619,63.354,180,14.15,54.0,1000
617,108.36,44.806,44.806,3.8619,63.554,180,14.16,54.0,1000
618,108.54,44.786,44.786,3.8619,63.754,180,14.17,54.0,1000
619,108.72,44.766,44.766,3.8619,63.954,180,14.18,54.0,1000
620,108.9,44.746,44.746,3.8619,64.154,180,14.19,54.0,1000
621,109.08,44.726,44.726,3.8619,64.354,180,14.2,54.0,1000
622,109.26,44.706,44.706,3.8619,64.554,180,14.21,54.0,1000
623,109.44,44.686,44.686,3.8619,64.754,180,14.22,54.0,1000
624,109.62,44.666,44.666,3.8619,64.954,180,14.23,54.0,1000
625,109.8,44.646,44.646,3.8619,65.154,180,14.23,54.0,1000
626,109.98,44.626,44.626,3.8619,65.354,180,14.24,54.0,1000
627,110.16,44.606,44.606,3.8619,65.554,180,14.25,54.0,1000
628,110.34,44.586,44.586,3.8619,65.754,180,14.26,54.0,1000
629,110.52,44.566,44.566,3.8619,65.954,180,14.27,54.0,1000
630,110.7,44.546,44.546,3.8619,66.154,180,14.28,54.0,1000
631,110.88,44.526,44.526,3.8619,66.354,180,14.29,54.0,1000
632,111.06,44.506,44.506,3.8619,66.554,180,14.3,54.0,1000
633,111.24,44.486,44.486,3.8619,66.754,180,14.31,54.0,1000
634,111.42,44.466,44.466,3.8619,66.954,180,14.32,54.0,1000
635,111.6,44.446,44.446,3.8619,67.154,180,14.33,54.0,1000
636,111.78,44.426,44.426,3.8619,67.354,180,14.34,54.0,1000
637,111.96,44.406,44.406,3.8619,67.554,180,14.34,54.0,1000
638,112.14,44.386,44.386,3.8619,67.754,180,14.35,54.0,1000
639,112.32,44.366,44.366,3.8619,67.954,180,14.36,54.0,1000
640,112.5,44.346,44.346,3.8619,68.154,180,14.37,54.0,1000
641,112.68,44.326,44.326,3.8619,68.354,180,14.38,54.0,1000
642,112.86,44.306,44.306,3.8619,68.554,180,14.39,54.0,1000
643,113.04,44.286,44.286,3.8619,68.754,180,14.4,54.0,1000
644,113.22,44.266,44.266,3.8619,68.954,180,14.4,54.0,1000
645,113.4,44.246,44.246,3.8619,69.154,180,14.41,54.0,1000
646,113.58,44.226,44.226,3.8619,69.354,180,14.42,54.0,1000
647,113.76,44.206,44.206,3.8619,69.554,180,14.43,54.0,1000
648,113.94,44.186,44.186,3.8619,69.754,180,14.44,54.0,1000
649,114.12,44.166,44.166,3.8619,69.954,180,14.45,54.0,1000
650,114.3,44.146,44.146,3.8619,70.154,180,14.45,54.0,1000
651,114.48,44.126,44.126,3.8619,70.354,180,14.46,54.0,1000
652,114.66,44.106,44.106,3.8619,70.554,180,14.47,54.0,1000
653,114.84,44.086,44.086,3.8619,70.754,180,14.48,54.0,1000
654,115.02,44.066,44.066,3.8619,70.954,180,14.49,54.0,1000
655,115.2,44.046,44.046,3.8619,71.154,180,14.49,54.0,1000
656,115.38,44.026,44.026,3.8619,71.354,180,14.5,54.0,1000
657,115.56,44.006,44.006,3.8619,71.554,180,14.51,54.0,1000
658,115.74,43.986,43.986,3.8619,71.754,180,14.52,54.0,1000
659,115.92,43.966,43.966,3.8619,71.954,180,14.52,54.0,1000
660,116.1,43.946,43.946,3.8619,72.154,180,14.53,54.0,1000
661,116.28,43.926,43.926,3.8619,72.354,180,14.54,54.0,1000
662,116.46,43.906,43.906,3.8619,72.554,180,14.55,54.0,1000
663,116.64,43.886,43.886,3.8619,72.754,180,14.55,54.0,1000
664,116.82,43.866,43.866,3.8619,72.954,180,14.56,54.0,1000
665,117.0,43.846,43.846,3.8619,73.154,180,14.57,54.0,1000
666,117.18,43.826,43.826,3.8619,73.354,180,14.57,54.0,1000
667,117.36,43.806,43.806,3.8619,73.554,180,14.58,54.0,1000
668,117.54,43.786,43.786,3.8619,73.754,180,14.59,54.0,1000
669,117.72,43.766,43.766,3.8619,73.954,180,14.6,54.0,1000
670,117.9,43.746,43.746,3.8619,74.154,180,14.6,54.0,1000
671,118.08,43.726,43.726,3.8619,74.354,180,14.61,54.0,1000
672,118.26,43.706,43.706,3.8619,74.554,180,14.62,54.0,1000
673,118.44,43.686,43.686,3.8619,74.754,180,14.62,54.0,1000
674,118.62,43.666,43.666,3.8619,74.954,180,14.63,54.0,1000
675,118.8,43.646,43.646,3.8619,75.154,180,14.64,54.0,1000
676,118.98,43.626,43.626,3.8619,75.354,180,14.64,54.0,1000
677,119.16,43.606,43.606,3.8619,75.554,180,14.65,54.0,1000
678,119.34,43.586,43.586,3.8619,75.754,180,14.66,54.0,1000
679,119.52,43.566,43.566,3.8619,75.954,180,14.66,54.0,1000
680,119.7,43.546,43.546,3.8619,76.154,180,14.67,54.0,1000
681,119.88,43.526,43.526,3.8619,76.354,180,14.67,54.0,1000
682,120.06,43.506,43.506,3.8619,76.554,180,14.68,54.0,1000
683,120.24,43.486,43.486,3.8619,76.754,180,14.69,54.0,1000
684,120.42,43.466,43.466,3.8619,76.954,180,14.69,54.0,1000
685,120.6,43.446,43.446,3.8619,77.154,180,14.7,54.0,1000
686,120.78,43.426,43.426,3.8619,77.354,180,14.7,54.0,1000
687,120.96,43.406,43.406,3.8619,77.554,180,14.71,54.0,1000
688,121.14,43.386,43.386,3.8619,77.754,180,14.72,54.0,1000
689,121.32,43.366,43.366,3.8619,77.954,180,14.72,54.0,1000
690,121.5,43.346,43.346,3.8619,78.154,180,14.73,54.0,1000
691,121.68,43.326,43.326,3.8619,78.354,180,14.73,54.0,1000
692,121.86,43.306,43.306,3.8619,78.554,180,14.74,54.0,1000
693,122.04,43.286,43.286,3.8619,78.754,180,14.74,54.0,1000
694,122.22,43.266,43.266,3.8619,78.954,180,14.75,54.0,1000
695,122.4,43.246,43.246,3.8619,79.154,180,14.76,54.0,1000
696,122.58,43.226,43.226,3.8619,79.354,180,14.76,54.0,1000
697,122.76,43.206,43.206,3.8619,79.554,180,14.77,54.0,1000
698,122.94,43.186,43.186,3.8619,79.754,180,14.77,54.0,1000
699,123.12,43.166,43.166,3.8619,79.954,180,14.78,54.0,1000
700,123.3,43.146,43.146,3.8619,80.154,180,14.78,54.0,1000
701,123.48,43.126,43.126,3.8619,80.354,180,14.79,54.0,1000
702,123.66,43.106,43.106,3.8619,80.554,180,14.79,54.0,1000
703,123.84,43.086,43.086,3.8619,80.754,180,14.8,54.0,1000
704,124.02,43.066,43.066,3.8619,80.954,180,14.8,54.0,1000
705,124.2,43.046,43.046,3.8619,81.154,180,14.81,54.0,1000
706,124.38,43.026,43.026,3.8619,81.354,180,14.81,54.0,1000
707,124.56,43.006,43.006,3.8619,81.554,180,14.82,54.0,1000
708,124.74,42.986,42.986,3.8619,81.754,180,14.82,54.0,1000
709,124.92,42.966,42.966,3.8619,81.954,180,14.83,54.0,1000
710,125.1,42.946,42.946,3.8619,82.154,180,14.83,54.0,1000
711,125.28,42.926,42.926,3.8619,82.354,180,14.83,54.0,1000
712,125.46,42.906,42.906,3.8619,82.554,180,14.84,54.0,1000
713,125.64,42.886,42.886,3.8619,82.754,180,14.84,54.0,1000
714,125.82,42.866,42.866,3.8619,82.954,180,14.85,54.0,1000
715,126.0,42.846,42.846,3.8619,83.154,180,14.85,54.0,1000
716,126.18,42.826,42.826,3.8619,83.354,180,14.86,54.0,1000
717,126.36,42.806,42.806,3.8619,83.554,180,14.86,54.0,1000
718,126.54,42.786,42.786,3.8619,83.754,180,14.86,54.0,1000
719,126.72,42.766,42.766,3.8619,83.954,180,14.87,54.0,1000
720,126.9,42.746,42.746,3.8619,84.154,180,14.87,54.0,1000
721,127.08,42.726,42.726,3.8619,84.354,180,14.88,54.0,1000
722,127.26,42.706,42.706,3.8619,84.554,180,14.88,54.0,1000
723,127.44,42.686,42.686,3.8619,84.754,180,14.88,54.0,1000
724,127.62,42.666,42.666,3.8619,84.954,180,14.89,54.0,1000
725,127.8,42.646,42.646,3.8619,85.154,180,14.89,54.0,1000
726,127.98,42.626,42.626,3.8619,85.354,180,14.89,54.0,1000
727,128.16,42.606,42.606,3.8619,85.554,180,14.9,54.0,1000
728,128.34,42.586,42.586,3.8619,85.754,180,14.9,54.0,1000
729,128.52,42.566,42.566,3.8619,85.954,180,14.9,54.0,1000
730,128.7,42.546,42.546,3.8619,86.154,180,14.91,54.0,1000
731,128.88,42.526,42.526,3.8619,86.354,180,14.91,54.0,1000
732,129.06,42.506,42.506,3.8619,86.554,180,14.91,54.0,1000
733,129.24,42.486,42.486,3.8619,86.754,180,14.92,54.0,1000
734,129.42,42.466,42.466,3.8619,86.954,180,14.92,54.0,1000
735,129.6,42.446,42.446,3.8619,87.154,180,14.92,54.0,1000
736,129.78,42.426,42.426,3.8619,87.354,180,14.93,54.0,1000
737,129.96,42.406,42.406,3.8619,87.554,180,14.93,54.0,1000
738,130.14,42.386,42.386,3.8619,87.754,180,14.93,54.0,1000
739,130.32,42.366,42.366,3.8619,87.954,180,14.94,54.0,1000
740,130.5,42.346,42.346,3.8619,88.154,180,14.94,54.0,1000
741,130.68,42.326,42.326,3.8619,88.354,180,14.94,54.0,1000
742,130.86,42.306,42.306,3.8619,88.554,180,14.94,54.0,1000
743,131.04,42.286,42.286,3.8619,88.754,180,14.95,54.0,1000
744,131.22,42.266,42.266,3.8619,88.954,180,14.95,54.0,1000
745,131.4,42.246,42.246,3.8619,89.154,180,14.95,54.0,1000
746,131.58,42.226,42.226,3.8619,89.354,180,14.95,54.0,1000
747,131.76,42.206,42.206,3.8619,89.554,180,14.96,54.0,1000
748,131.94,42.186,42.186,3.8619,89.754,180,14.96,54.0,1000
749,132.12,42.166,42.166,3.8619,89.954,180,14.96,54.0,1000
750,132.3,42.146,42.146,3.8619,90.154,180,14.96,54.0,1000
751,132.48,42.126,42.126,3.8619,90.354,180,14.96,54.0,1000
752,132.66,42.106,42.106,3.8619,90.554,180,14.97,54.0,1000
753,132.84,42.086,42.086,3.8619,90.754,180,14.97,54.0,1000
754,133.02,42.066,42.066,3.8619,90.954,180,14.97,54.0,1000
755,133.2,42.046,42.046,3.8619,91.154,180,14.97,54.0,1000
756,133.38,42.026,42.026,3.8619,91.354,180,14.97,54.0,1000
757,133.56,42.006,42.006,3.8619,91.554,180,14.98,54.0,1000
758,133.74,41.986,41.986,3.8619,91.754,180,14.98,54.0,1000
759,133.92,41.966,41.966,3.8619,91.954,180,14.98,54.0,1000
760,134.1,41.946,41.946,3.8619,92.154,180,14.98,54.0,1000
761,134.28,41.926,41.926,3.8619,92.354,180,14.98,54.0,1000
762,134.46,41.906,41.906,3.8619,92.554,180,14.98,54.0,1000
763,134.64,41.886,41.886,3.8619,92.754,180,14.98,54.0,1000
764,134.82,41.866,41.866,3.8619,92.954,180,14.99,54.0,1000
765,135.0,41.846,41.846,3.8619,93.154,180,14.99,54.0,1000
766,135.18,41.826,41.826,3.8619,93.354,180,14.99,54.0,1000
767,135.36,41.806,41.806,3.8619,93.554,180,14.99,54.0,1000
768,135.54,41.786,41.786,3.8619,93.754,180,14.99,54.0,1000
769,135.72,41.766,41.766,3.8619,93.954,180,14.99,54.0,1000
770,135.9,41.746,41.746,3.8619,94.154,180,14.99,54.0,1000
771,136.08,41.726,41.726,3.8619,94.354,180,14.99,54.0,1000
772,136.26,41.706,41.706,3.8619,94.554,180,14.99,54.0,1000
773,136.44,41.686,41.686,3.8619,94.754,180,15.0,54.0,1000
774,136.62,41.666,41.666,3.8619,94.954,180,15.0,54.0,1000
775,136.8,41.646,41.646,3.8619,95.154,180,15.0,54.0,1000
776,136.98,41.626,41.626,3.8619,95.354,180,15.0,54.0,1000
777,137.16,41.606,41.606,3.8619,95.554,180,15.0,54.0,1000
778,137.34,41.586,41.586,3.8619,95.754,180,15.0,54.0,1000
779,137.52,41.566,41.566,3.8619,95.954,180,15.0,54.0,1000
780,137.7,41.546,41.546,3.8619,96.154,180,15.0,54.0,1000
781,137.88,41.526,41.526,3.8619,96.354,180,15.0,54.0,1000
782,138.06,41.506,41.506,3.8619,96.554,180,15.0,54.0,1000
783,138.24,41.486,41.486,3.8619,96.754,180,15.0,54.0,1000
784,138.42,41.466,41.466,3.8619,96.954,180,15.0,54.0,1000
785,138.6,41.446,41.446,3.8619,97.154,180,15.0,54.0,1000
786,138.78,41.426,41.426,3.8619,97.354,180,15.0,54.0,1000
787,138.96,41.406,41.406,3.8619,97.554,180,15.0,54.0,1000
788,139.14,41.386,41.386,3.8619,97.754,180,15.0,54.0,1000
789,139.32,41.366,41.366,3.8619,97.954,180,15.0,54.0,1000
790,139.5,41.346,41.346,3.8619,98.154,180,15.0,54.0,1000
791,139.68,41.326,41.326,3.8619,98.354,180,15.0,54.0,1000
792,139.86,41.306,41.306,3.8619,98.554,180,15.0,54.0,1000
793,140.04,41.286,41.286,3.8619,98.754,180,15.0,54.0,1000
794,140.22,41.266,41.266,3.8619,98.954,180,15.0,54.0,1000
795,140.4,41.246,41.246,3.8619,99.154,180,15.0,54.0,1000
796,140.58,41.226,41.226,3.8619,99.354,180,15.0,54.0,1000
797,140.76,41.206,41.206,3.8619,99.554,180,15.0,54.0,1000
798,140.94,41.186,41.186,3.8619,99.754,180,15.0,54.0,1000
799,141.12,41.166,41.166,3.8619,99.954,180,14.99,54.0,1000
800,141.3,41.146,41.146,3.8619,100.154,180,14.99,54.0,1000
801,141.48,41.126,41.126,3.8619,100.354,180,14.99,54.0,1000
802,141.66,41.106,41.106,3.8619,100.554,180,14.99,54.0,1000
803,141.84,41.086,41.086,3.8619,100.754,180,14.99,54.0,1000
804,142.02,41.066,41.066,3.8619,100.954,180,14.99,54.0,1000
805,142.2,41.046,41.046,3.8619,101.154,180,14.99,54.0,1000
806,142.38,41.026,41.026,3.8619,101.354,180,14.99,54.0,1000
807,142.56,41.006,41.006,3.8619,101.554,180,14.99,54.0,1000
808,142.74,40.986,40.986,3.8619,101.754,180,14.98,54.0,1000
809,142.92,40.966,40.966,3.8619,101.954,180,14.98,54.0,1000
810,143.1,40.946,40.946,3.8619,102.154,180,14.98,54.0,1000
811,143.28,40.926,40.926,3.8619,102.354,180,14.98,54.0,1000
812,143.46,40.906,40.906,3.8619,102.554,180,14.98,54.0,1000
813,143.64,40.886,40.886,3.8619,102.754,180,14.98,54.0,1000
814,143.82,40.866,40.866,3.8619,102.954,180,14.98,54.0,1000
815,144.0,40.846,40.846,3.8619,103.154,180,14.97,54.0,1000
816,144.18,40.826,40.826,3.8619,103.354,180,14.97,54.0,1000
817,144.36,40.806,40.806,3.8619,103.554,180,14.97,54.0,1000
818,144.54,40.786,40.786,3.8619,103.754,180,14.97,54.0,1000
819,144.72,40.766,40.766,3.8619,103.954,180,14.97,54.0,1000
820,144.9,40.746,40.746,3.8619,104.154,180,14.96,54.0,1000
821,145.08,40.726,40.726,3.8619,104.354,180,14.96,54.0,1000
822,145.26,40.706,40.706,3.8619,104.554,180,14.96,54.0,1000
823,145.44,40.686,40.686,3.8619,104.754,180,14.96,54.0,1000
824,145.62,40.666,40.666,3.8619,104.954,180,14.96,54.0,1000
825,145.8,40.646,40.646,3.8619,105.154,180,14.95,54.0,1000
826,145.98,40.626,40.626,3.8619,105.354,180,14.95,54.0,1000
827,146.16,40.606,40.606,3.8619,105.554,180,14.95,54.0,1000
828,146.34,40.586,40.586,3.8619,105.754,180,14.95,54.0,1000
829,146.52,40.566,40.566,3.8619,105.954,180,14.94,54.0,1000
830,146.7,40.546,40.546,3.8619,106.154,180,14.94,54.0,1000
831,146.88,40.526,40.526,3.8619,106.354,180,14.94,54.0,1000
832,147.06,40.506,40.506,3.8619,106.554,180,14.93,54.0,1000
833,147.24,40.486,40.486,3.8619,106.754,180,14.93,54.0,1000
834,147.42,40.466,40.466,3.8619,106.954,180,14.93,54.0,1000
835,147.6,40.446,40.446,3.8619,107.154,180,14.93,54.0,1000
836,147.78,40.426,40.426,3.8619,107.354,180,14.92,54.0,1000
837,147.96,40.406,40.406,3.8619,107.554,180,14.92,54.0,1000
838,148.14,40.386,40.386,3.8619,107.754,180,14.92,54.0,1000
839,148.32,40.366,40.366,3.8619,107.954,180,14.91,54.0,1000
840,148.5,40.346,40.346,3.8619,108.154,180,14.91,54.0,1000
841,148.68,40.326,40.326,3.8619,108.354,180,14.91,54.0,1000
842,148.86,40.306,40.306,3.8619,108.554,180,14.9,54.0,1000
843,149.04,40.286,40.286,3.8619,108.754,180,14.9,54.0,1000
844,149.22,40.266,40.266,3.8619,108.954,180,14.9,54.0,1000
845,149.4,40.246,40.246,3.8619,109.154,180,14.89,54.0,1000
846,149.58,40.226,40.226,3.8619,109.354,180,14.89,54.0,1000
847,149.76,40.206,40.206,3.8619,109.554,180,14.89,54.0,1000
848,149.94,40.186,40.186,3.8619,109.754,180,14.88,54.0,1000
849,150.12,40.166,40.166,3.8619,109.954,180,14.88,54.0,1000
850,150.3,40.146,40.146,3.8619,110.154,180,14.87,54.0,1000
851,150.48,40.126,40.126,3.8619,110.354,180,14.87,54.0,1000
852,150.66,40.106,40.106,3.8619,110.554,180,14.87,54.0,1000
853,150.84,40.086,40.086,3.8619,110.754,180,14.86,54.0,1000
854,151.02,40.066,40.066,3.8619,110.954,180,14.86,54.0,1000
855,151.2,40.046,40.046,3.8619,111.154,180,14.85,54.0,1000
856,151.38,40.026,40.026,3.8619,111.354,180,14.85,54.0,1000
857,151.56,40.006,40.006,3.8619,111.554,180,14.85,54.0,1000
858,151.74,39.986,39.986,3.8619,111.754,180,14.84,54.0,1000
859,151.92,39.966,39.966,3.8619,111.954,180,14.84,54.0,1000
860,152.1,39.946,39.946,3.8619,112.154,180,14.83,54.0,1000
861,152.28,39.926,39.926,3.8619,112.354,180,14.83,54.0,1000
862,152.46,39.906,39.906,3.8619,112.554,180,14.82,54.0,1000
863,152.64,39.886,39.886,3.8619,112.754,180,14.82,54.0,1000
864,152.82,39.866,39.866,3.8619,112.954,180,14.82,54.0,1000
865,153.0,39.846,39.846,3.8619,113.154,180,14.81,54.0,1000
866,153.18,39.826,39.826,3.8619,113.354,180,14.81,54.0,1000
867,153.36,39.806,39.806,3.8619,113.554,180,14.8,54.0,1000
868,153.54,39.786,39.786,3.8619,113.754,180,14.8,54.0,1000
869,153.72,39.766,39.766,3.8619,113.954,180,14.79,54.0,1000
870,153.9,39.746,39.746,3.8619,114.154,180,14.79,54.0,1000
871,154.08,39.726,39.726,3.8619,114.354,180,14.78,54.0,1000
872,154.26,39.706,39.706,3.8619,114.554,180,14.78,54.0,1000
873,154.44,39.686,39.686,3.8619,114.754,180,14.77,54.0,1000
874,154.62,39.666,39.666,3.8619,114.954,180,14.77,54.0,1000
875,154.8,39.646,39.646,3.8619,115.154,180,14.76,54.0,1000
876,154.98,39.626,39.626,3.8619,115.354,180,14.75,54.0,1000
877,155.16,39.606,39.606,3.8619,115.554,180,14.75,54.0,1000
878,155.34,39.586,39.586,3.8619,115.754,180,14.74,54.0,1000
879,155.52,39.566,39.566,3.8619,115.954,180,14.74,54.0,1000
880,155.7,39.546,39.546,3.8619,116.154,180,14.73,54.0,1000
881,155.88,39.526,39.526,3.8619,116.354,180,14.73,54.0,1000
882,156.06,39.506,39.506,3.8619,116.554,180,14.72,54.0,1000
883,156.24,39.486,39.486,3.8619,116.754,180,14.72,54.0,1000
884,156.42,39.466,39.466,3.8619,116.954,180,14.71,54.0,1000
885,156.6,39.446,39.446,3.8619,117.154,180,14.7,54.0,1000
886,156.78,39.426,39.426,3.8619,117.354,180,14.7,54.0,1000
887,156.96,39.406,39.406,3.8619,117.554,180,14.69,54.0,1000
888,157.14,39.386,39.386,3.8619,117.754,180,14.69,54.0,1000
889,157.32,39.366,39.366,3.8619,117.954,180,14.68,54.0,1000
890,157.5,39.346,39.346,3.8619,118.154,180,14.67,54.0,1000
891,157.68,39.326,39.326,3.8619,118.354,180,14.67,54.0,1000
892,157.86,39.306,39.306,3.8619,118.554,180,14.66,54.0,1000
893,158.04,39.286,39.286,3.8619,118.754,180,14.65,54.0,1000
894,158.22,39.266,39.266,3.8619,118.954,180,14.65,54.0,1000
895,158.4,39.246,39.246,3.8619,119.154,180,14.64,54.0,1000
896,158.58,39.226,39.226,3.8619,119.354,180,14.63,54.0,1000
897,158.76,39.206,39.206,3.8619,119.554,180,14.63,54.0,1000
898,158.94,39.186,39.186,3.8619,119.754,180,14.62,54.0,1000
899,159.12,39.166,39.166,3.8619,119.954,180,14.61,54.0,1000
900,159.3,39.146,39.146,3.8619,120.154,180,14.61,54.0,1000
901,159.48,39.126,39.126,3.8619,120.354,180,14.6,54.0,1000
902,159.66,39.106,39.106,3.8619,120.554,180,14.59,54.0,1000
903,159.84,39.086,39.086,3.8619,120.754,180,14.59,54.0,1000
904,160.02,39.066,39.066,3.8619,120.954,180,14.58,54.0,1000
905,160.2,39.046,39.046,3.8619,121.154,180,14.57,54.0,1000
906,160.38,39.026,39.026,3.8619,121.354,180,14.57,54.0,1000
907,160.56,39.006,39.006,3.8619,121.554,180,14.56,54.0,1000
908,160.74,38.986,38.986,3.8619,121.754,180,14.55,54.0,1000
909,160.92,38.966,38.966,3.8619,121.954,180,14.54,54.0,1000
910,161.1,38.946,38.946,3.8619,122.154,180,14.54,54.0,1000
911,161.28,38.926,38.926,3.8619,122.354,180,14.53,54.0,1000
912,161.46,38.906,38.906,3.8619,122.554,180,14.52,54.0,1000
913,161.64,38.886,38.886,3.8619,122.754,180,14.51,54.0,1000
914,161.82,38.866,38.866,3.8619,122.954,180,14.51,54.0,1000
915,162.0,38.846,38.846,3.8619,123.154,180,14.5,54.0,1000
916,162.18,38.826,38.826,3.8619,123.354,180,14.49,54.0,1000
917,162.36,38.806,38.806,3.8619,123.554,180,14.48,54.0,1000
918,162.54,38.786,38.786,3.8619,123.754,180,14.48,54.0,1000
919,162.72,38.766,38.766,3.8619,123.954,180,14.47,54.0,1000
920,162.9,38.746,38.746,3.8619,124.154,180,14.46,54.0,1000
921,163.08,38.726,38.726,3.8619,124.354,180,14.45,54.0,1000
922,163.26,38.706,38.706,3.8619,124.554,180,14.44,54.0,1000
923,163.44,38.686,38.686,3.8619,124.754,180,14.44,54.0,1000
924,163.62,38.666,38.666,3.8619,124.954,180,14.43,54.0,1000
925,163.8,38.646,38.646,3.8619,125.154,180,14.42,54.0,1000
926,163.98,38.626,38.626,3.8619,125.354,180,14.41,54.0,1000
927,164.16,38.606,38.606,3.8619,125.554,180,14.4,54.0,1000
928,164.34,38.586,38.586,3.8619,125.754,180,14.39,54.0,1000
929,164.52,38.566,38.566,3.8619,125.954,180,14.39,54.0,1000
930,164.7,38.546,38.546,3.8619,126.154,180,14.38,54.0,1000
931,164.88,38.526,38.526,3.8619,126.354,180,14.37,54.0,1000
932,165.06,38.506,38.506,3.8619,126.554,180,14.36,54.0,1000
933,165.24,38.486,38.486,3.8619,126.754,180,14.35,54.0,1000
934,165.42,38.466,38.466,3.8619,126.954,180,14.34,54.0,1000
935,165.6,38.446,38.446,3.8619,127.154,180,14.33,54.0,1000
936,165.78,38.426,38.426,3.8619,127.354,180,14.32,54.0,1000
937,165.96,38.406,38.406,3.8619,127.554,180,14.32,54.0,1000
938,166.14,38.386,38.386,3.8619,127.754,180,14.31,54.0,1000
939,166.32,38.366,38.366,3.8619,127.954,180,14.3,54.0,1000
940,166.5,38.346,38.346,3.8619,128.154,180,14.29,54.0,1000
941,166.68,38.326,38.326,3.8619,128.354,180,14.28,54.0,1000
942,166.86,38.306,38.306,3.8619,128.554,180,14.27,54.0,1000
943,167.04,38.286,38.286,3.8619,128.754,180,14.26,54.0,1000
944,167.22,38.266,38.266,3.8619,128.954,180,14.25,54.0,1000
945,167.4,38.246,38.246,3.8619,129.154,180,14.24,54.0,1000
946,167.58,38.226,38.226,3.8619,129.354,180,14.23,54.0,1000
947,167.76,38.206,38.206,3.8619,129.554,180,14.22,54.0,1000
948,167.94,38.186,38.186,3.8619,129.754,180,14.21,54.0,1000
949,168.12,38.166,38.166,3.8619,129.954,180,14.2,54.0,1000
950,168.3,38.146,38.146,3.8619,130.154,180,14.19,54.0,1000
951,168.48,38.126,38.126,3.8619,130.354,180,14.18,54.0,1000
952,168.66,38.106,38.106,3.8619,130.554,180,14.17,54.0,1000
953,168.84,38.086,38.086,3.8619,130.754,180,14.17,54.0,1000
954,169.02,38.066,38.066,3.8619,130.954,180,14.16,54.0,1000
955,169.2,38.046,38.046,3.8619,131.154,180,14.15,54.0,1000
956,169.38,38.026,38.026,3.8619,131.354,180,14.14,54.0,1000
957,169.56,38.006,38.006,3.8619,131.554,180,14.13,54.0,1000
958,169.74,37.986,37.986,3.8619,131.754,180,14.12,54.0,1000
959,169.92,37.966,37.966,3.8619,131.954,180,14.1,54.0,1000
960,170.1,37.946,37.946,3.8619,132.154,180,14.09,54.0,1000
961,170.28,37.926,37.926,3.8619,132.354,180,14.08,54.0,1000
962,170.46,37.906,37.906,3.8619,132.554,180,14.07,54.0,1000
963,170.64,37.886,37.886,3.8619,132.754,180,14.06,54.0,1000
964,170.82,37.866,37.866,3.8619,132.954,180,14.05,54.0,1000
965,171.0,37.846,37.846,3.8619,133.154,180,14.04,54.0,1000
966,171.18,37.826,37.826,3.8619,133.354,180,14.03,54.0,1000
967,171.36,37.806,37.806,3.8619,133.554,180,14.02,54.0,1000
968,171.54,37.786,37.786,3.8619,133.754,180,14.01,54.0,1000
969,171.72,37.766,37.766,3.8619,133.954,180,14.0,54.0,1000
970,171.9,37.746,37.746,3.8619,134.154,180,13.99,54.0,1000
971,172.08,37.726,37.726,3.8619,134.354,180,13.98,54.0,1000
972,172.26,37.706,37.706,3.8619,134.554,180,13.97,54.0,1000
973,172.44,37.686,37.686,3.8619,134.754,180,13.96,54.0,1000
974,172.62,37.666,37.666,3.8619,134.954,180,13.95,54.0,1000
975,172.8,37.646,37.646,3.8619,135.154,180,13.93,54.0,1000
976,172.98,37.626,37.626,3.8619,135.354,180,13.92,54.0,1000
977,173.16,37.606,37.606,3.8619,135.554,180,13.91,54.0,1000
978,173.34,37.586,37.586,3.8619,135.754,180,13.9,54.0,1000
979,173.52,37.566,37.566,3.8619,135.954,180,13.89,54.0,1000
980,173.7,37.546,37.546,3.8619,136.154,180,13.88,54.0,1000
981,173.88,37.526,37.526,3.8619,136.354,180,13.87,54.0,1000
982,174.06,37.506,37.506,3.8619,136.554,180,13.86,54.0,1000
983,174.24,37.486,37.486,3.8619,136.754,180,13.84,54.0,1000
984,174.42,37.466,37.466,3.8619,136.954,180,13.83,54.0,1000
985,174.6,37.446,37.446,3.8619,137.154,180,13.82,54.0,1000
986,174.78,37.426,37.426,3.8619,137.354,180,13.81,54.0,1000
987,174.96,37.406,37.406,3.8619,137.554,180,13.8,54.0,1000
988,175.14,37.386,37.386,3.8619,137.754,180,13.79,54.0,1000
989,175.32,37.366,37.366,3.8619,137.954,180,13.77,54.0,1000
990,175.5,37.346,37.346,3.8619,138.154,180,13.76,54.0,1000
991,175.68,37.326,37.326,3.8619,138.354,180,13.75,54.0,1000
992,175.86,37.306,37.306,3.8619,138.554,180,13.74,54.0,1000
993,176.04,37.286,37.286,3.8619,138.754,180,13.73,54.0,1000
994,176.22,37.266,37.266,3.8619,138.954,180,13.71,54.0,1000
995,176.4,37.246,37.246,3.8619,139.154,180,13.7,54.0,1000
996,176.58,37.226,37.226,3.8619,139.354,180,13.69,54.0,1000
997,176.76,37.206,37.206,3.8619,139.554,180,13.68,54.0,1000
998,176.94,37.186,37.186,3.8619,139.754,180,13.66,54.0,1000
999,177.12,37.166,37.166,3.8619,139.954,180,13.65,54.0,1000
1000,177.3,37.146,37.146,3.8619,140.154,180,13.64,54.0,1000
1001,177.48,37.126,37.126,3.8619,140.354,180,13.63,54.0,1000
1002,177.66,37.106,37.106,3.8619,140.554,180,13.61,54.0,1000
1003,177.84,37.086,37.086,3.8619,140.754,180,13.6,54.0,1000
1004,178.02,37.066,37.066,3.8619,140.954,180,13.59,54.0,1000
1005,178.2,37.046,37.046,3.8619,141.154,180,13.58,54.0,1000
1006,178.38,37.026,37.026,3.8619,141.354,180,13.56,54.0,1000
1007,178.56,37.006,37.006,3.8619,141.554,180,13.55,54.0,1000
1008,178.74,36.986,36.986,3.8619,141.754,180,13.54,54.0,1000
1009,178.92,36.966,36.966,3.8619,141.954,180,13.52,54.0,1000
1010,179.1,36.946,36.946,3.8619,142.154,180,13.51,54.0,1000
1011,179.28,36.926,36.926,3.8619,142.354,180,13.5,54.0,1000
1012,179.46,36.906,36.906,3.8619,142.554,180,13.49,54.0,1000
1013,179.64,36.886,36.886,3.8619,142.754,180,13.47,54.0,1000
1014,179.82,36.866,36.866,3.8619,142.954,180,13.46,54.0,1000
1015,180.0,36.846,36.846,3.8619,143.154,180,13.45,54.0,1000
1016,180.18,36.826,36.826,3.8619,143.354,180,13.43,54.0,1000
1017,180.36,36.806,36.806,3.8619,143.554,180,13.42,54.0,1000
1018,180.54,36.786,36.786,3.8619,143.754,180,13.41,54.0,1000
1019,180.72,36.766,36.766,3.8619,143.954,180,13.39,54.0,1000
1020,180.9,36.746,36.746,3.8619,144.154,180,13.38,54.0,1000
1021,181.08,36.726,36.726,3.8619,144.354,180,13.37,54.0,1000
1022,181.26,36.706,36.706,3.8619,144.554,180,13.35,54.0,1000
1023,181.44,36.686,36.686,3.8619,144.754,180,13.34,54.0,1000
1024,181.62,36.666,36.666,3.8619,144.954,180,13.32,54.0,1000
1025,181.8,36.646,36.646,3.8619,145.154,180,13.31,54.0,1000
1026,181.98,36.626,36.626,3.8619,145.354,180,13.3,54.0,1000
1027,182.16,36.606,36.606,3.8619,145.554,180,13.28,54.0,1000
1028,182.34,36.586,36.586,3.8619,145.754,180,13.27,54.0,1000
1029,182.52,36.566,36.566,3.8619,145.954,180,13.25,54.0,1000
1030,182.7,36.546,36.546,3.8619,146.154,180,13.24,54.0,1000
1031,182.88,36.526,36.526,3.8619,146.354,180,13.23,54.0,1000
1032,183.06,36.506,36.506,3.8619,146.554,180,13.21,54.0,1000
1033,183.24,36.486,36.486,3.8619,146.754,180,13.2,54.0,1000
1034,183.42,36.466,36.466,3.8619,146.954,180,13.18,54.0,1000
1035,183.6,36.446,36.446,3.8619,147.154,180,13.17,54.0,1000
1036,183.78,36.426,36.426,3.8619,147.354,180,13.16,54.0,1000
1037,183.96,36.406,36.406,3.8619,147.554,180,13.14,54.0,1000
1038,184.14,36.386,36.386,3.8619,147.754,180,13.13,54.0,1000
1039,184.32,36.366,36.366,3.8619,147.954,180,13.11,54.0,1000
1040,184.5,36.346,36.346,3.8619,148.154,180,13.1,54.0,1000
1041,184.68,36.326,36.326,3.8619,148.354,180,13.08,54.0,1000
1042,184.86,36.306,36.306,3.8619,148.554,180,13.07,54.0,1000
1043,185.04,36.286,36.286,3.8619,148.754,180,13.05,54.0,1000
1044,185.22,36.266,36.266,3.8619,148.954,180,13.04,54.0,1000
1045,185.4,36.246,36.246,3.8619,149.154,180,13.02,54.0,1000
1046,185.58,36.226,36.226,3.8619,149.354,180,13.01,54.0,1000
1047,185.76,36.206,36.206,3.8619,149.554,180,12.99,54.0,1000
1048,185.94,36.186,36.186,3.8619,149.754,180,12.98,54.0,1000
1049,186.12,36.166,36.166,3.8619,149.954,180,12.96,54.0,1000
1050,186.3,36.146,36.146,3.8619,150.154,180,12.95,54.0,1000
1051,186.48,36.126,36.126,3.8619,150.354,180,12.93,54.0,1000
1052,186.66,36.106,36.106,3.8619,150.554,180,12.92,54.0,1000
1053,186.84,36.086,36.086,3.8619,150.754,180,12.9,54.0,1000
1054,187.02,36.066,36.066,3.8619,150.954,180,12.89,54.0,1000
1055,187.2,36.046,36.046,3.8619,151.154,180,12.87,54.0,1000
1056,187.38,36.026,36.026,3.8619,151.354,180,12.86,54.0,1000
1057,187.56,36.006,36.006,3.8619,151.554,180,12.84,54.0,1000
1058,187.74,35.986,35.986,3.8619,151.754,180,12.83,54.0,1000
1059,187.92,35.966,35.966,3.8619,151.954,180,12.81,54.0,1000
1060,188.1,35.946,35.946,3.8619,152.154,180,12.79,54.0,1000
1061,188.28,35.926,35.926,3.8619,152.354,180,12.78,54.0,1000
1062,188.46,35.906,35.906,3.8619,152.554,180,12.76,54.0,1000
1063,188.64,35.886,35.886,3.8619,152.754,180,12.75,54.0,1000
1064,188.82,35.866,35.866,3.8619,152.954,180,12.73,54.0,1000
1065,189.0,35.846,35.846,3.8619,153.154,180,12.72,54.0,1000
1066,189.18,35.826,35.826,3.8619,153.354,180,12.7,54.0,1000
1067,189.36,35.806,35.806,3.8619,153.554,180,12.68,54.0,1000
1068,189.54,35.786,35.786,3.8619,153.754,180,12.67,54.0,1000
1069,189.72,35.766,35.766,3.8619,153.954,180,12.65,54.0,1000
1070,189.9,35.746,35.746,3.8619,154.154,180,12.63,54.0,1000
1071,190.08,35.726,35.726,3.8619,154.354,180,12.62,54.0,1000
1072,190.26,35.706,35.706,3.8619,154.554,180,12.6,54.0,1000
1073,190.44,35.686,35.686,3.8619,154.754,180,12.59,54.0,1000
1074,190.62,35.666,35.666,3.8619,154.954,180,12.57,54.0,1000
1075,190.8,35.646,35.646,3.8619,155.154,180,12.55,54.0,1000
1076,190.98,35.626,35.626,3.8619,155.354,180,12.54,54.0,1000
1077,191.16,35.606,35.606,3.8619,155.554,180,12.52,54.0,1000
1078,191.34,35.586,35.586,3.8619,155.754,180,12.5,54.0,1000
1079,191.52,35.566,35.566,3.8619,155.954,180,12.49,54.0,1000
1080,191.7,35.546,35.546,3.8619,156.154,180,12.47,54.0,1000
1081,191.88,35.526,35.526,3.8619,156.354,180,12.45,54.0,1000
1082,192.06,35.506,35.506,3.8619,156.554,180,12.44,54.0,1000
1083,192.24,35.486,35.486,3.8619,156.754,180,12.42,54.0,1000
1084,192.42,35.466,35.466,3.8619,156.954,180,12.4,54.0,1000
1085,192.6,35.446,35.446,3.8619,157.154,180,12.39,54.0,1000
1086,192.78,35.426,35.426,3.8619,157.354,180,12.37,54.0,1000
1087,192.96,35.406,35.406,3.8619,157.554,180,12.35,54.0,1000
1088,193.14,35.386,35.386,3.8619,157.754,180,12.34,54.0,1000
1089,193.32,35.366,35.366,3.8619,157.954,180,12.32,54.0,1000
1090,193.5,35.346,35.346,3.8619,158.154,180,12.3,54.0,1000
1091,193.68,35.326,35.326,3.8619,158.354,180,12.28,54.0,1000
1092,193.86,35.306,35.306,3.8619,158.554,180,12.27,54.0,1000
1093,194.04,35.286,35.286,3.8619,158.754,180,12.25,54.0,1000
1094,194.22,35.266,35.266,3.8619,158.954,180,12.23,54.0,1000
1095,194.4,35.246,35.246,3.8619,159.154,180,12.22,54.0,1000
1096,194.58,35.226,35.226,3.8619,159.354,180,12.2,54.0,1000
1097,194.76,35.206,35.206,3.8619,159.554,180,12.18,54.0,1000
1098,194.94,35.186,35.186,3.8619,159.754,180,12.16,54.0,1000
1099,195.12,35.166,35.166,3.8619,159.954,180,12.15,54.0,1000
1100,195.3,35.146,35.146,3.8619,160.154,180,12.13,54.0,1000
1101,195.48,35.126,35.126,3.8619,160.354,180,12.11,54.0,1000
1102,195.66,35.106,35.106,3.8619,160.554,180,12.09,54.0,1000
1103,195.84,35.086,35.086,3.8619,160.754,180,12.07,54.0,1000
1104,196.02,35.066,35.066,3.8619,160.954,180,12.06,54.0,1000
1105,196.2,35.046,35.046,3.8619,161.154,180,12.04,54.0,1000
1106,196.38,35.026,35.026,3.8619,161.354,180,12.02,54.0,1000
1107,196.56,35.006,35.006,3.8619,161.554,180,12.0,54.0,1000
1108,196.74,34.986,34.986,3.8619,161.754,180,11.98,54.0,1000
1109,196.92,34.966,34.966,3.8619,161.954,180,11.97,54.0,1000
1110,197.1,34.946,34.946,3.8619,162.154,180,11.95,54.0,1000
1111,197.28,34.926,34.926,3.8619,162.354,180,11.93,54.0,1000
1112,197.46,34.906,34.906,3.8619,162.554,180,11.91,54.0,1000
1113,197.64,34.886,34.886,3.8619,162.754,180,11.89,54.0,1000
1114,197.82,34.866,34.866,3.8619,162.954,180,11.88,54.0,1000
1115,198.0,34.846,34.846,3.8619,163.154,180,11.86,54.0,1000
1116,198.18,34.826,34.826,3.8619,163.354,180,11.84,54.0,1000
1117,198.36,34.806,34.806,3.8619,163.554,180,11.82,54.0,1000
1118,198.54,34.786,34.786,3.8619,163.754,180,11.8,54.0,1000
1119,198.72,34.766,34.766,3.8619,163.954,180,11.78,54.0,1000
1120,198.9,34.746,34.746,3.8619,164.154,180,11.76,54.0,1000
1121,199.08,34.726,34.726,3.8619,164.354,180,11.75,54.0,1000
1122,199.26,34.706,34.706,3.8619,164.554,180,11.73,54.0,1000
1123,199.44,34.686,34.686,3.8619,164.754,180,11.71,54.0,1000
1124,199.62,34.666,34.666,3.8619,164.954,180,11.69,54.0,1000
1125,199.8,34.646,34.646,3.8619,165.154,180,11.67,54.0,1000
1126,199.98,34.626,34.626,3.8619,165.354,180,11.65,54.0,1000
1127,200.16,34.606,34.606,3.8619,165.554,180,11.63,54.0,1000
1128,200.34,34.586,34.586,3.8619,165.754,180,11.61,54.0,1000
1129,200.52,34.566,34.566,3.8619,165.954,180,11.6,54.0,1000
1130,200.7,34.546,34.546,3.8619,166.154,180,11.58,54.0,1000
1131,200.88,34.526,34.526,3.8619,166.354,180,11.56,54.0,1000
1132,201.06,34.506,34.506,3.8619,166.554,180,11.54,54.0,1000
1133,201.24,34.486,34.486,3.8619,166.754,180,11.52,54.0,1000
1134,201.42,34.466,34.466,3.8619,166.954,180,11.5,54.0,1000
1135,201.6,34.446,34.446,3.8619,167.154,180,11.48,54.0,1000
1136,201.78,34.426,34.426,3.8619,167.354,180,11.46,54.0,1000
1137,201.96,34.406,34.406,3.8619,167.554,180,11.44,54.0,1000
1138,202.14,34.386,34.386,3.8619,167.754,180,11.42,54.0,1000
1139,202.32,34.366,34.366,3.8619,167.954,180,11.4,54.0,1000
1140,202.5,34.346,34.346,3.8619,168.154,180,11.38,54.0,1000
1141,202.68,34.326,34.326,3.8619,168.354,180,11.36,54.0,1000
1142,202.86,34.306,34.306,3.8619,168.554,180,11.34,54.0,1000
1143,203.04,34.286,34.286,3.8619,168.754,180,11.32,54.0,1000
1144,203.22,34.266,34.266,3.8619,168.954,180,11.3,54.0,1000
1145,203.4,34.246,34.246,3.8619,169.154,180,11.28,54.0,1000
1146,203.58,34.226,34.226,3.8619,169.354,180,11.27,54.0,1000
1147,203.76,34.206,34.206,3.8619,169.554,180,11.25,54.0,1000
1148,203.94,34.186,34.186,3.8619,169.754,180,11.23,54.0,1000
1149,204.12,34.166,34.166,3.8619,169.954,180,11.21,54.0,1000
1150,204.3,34.146,34.146,3.8619,170.154,180,11.19,54.0,1000
1151,204.48,34.126,34.126,3.8619,170.354,180,11.17,54.0,1000
1152,204.66,34.106,34.106,3.8619,170.554,180,11.15,54.0,1000
1153,204.84,34.086,34.086,3.8619,170.754,180,11.13,54.0,1000
1154,205.02,34.066,34.066,3.8619,170.954,180,11.11,54.0,1000
1155,205.2,34.046,34.046,3.8619,171.154,180,11.09,54.0,1000
1156,205.38,34.026,34.026,3.8619,171.354,180,11.06,54.0,1000
1157,205.56,34.006,34.006,3.8619,171.554,180,11.04,54.0,1000
1158,205.74,33.986,33.986,3.8619,171.754,180,11.02,54.0,1000
1159,205.92,33.966,33.966,3.8619,171.954,180,11.0,54.0,1000
1160,206.1,33.946,33.946,3.8619,172.154,180,10.98,54.0,1000
1161,206.28,33.926,33.926,3.8619,172.354,180,10.96,54.0,1000
1162,206.46,33.906,33.906,3.8619,172.554,180,10.94,54.0,1000
1163,206.64,33.886,33.886,3.8619,172.754,180,10.92,54.0,1000
1164,206.82,33.866,33.866,3.8619,172.954,180,10.9,54.0,1000
1165,207.0,33.846,33.846,3.8619,173.154,180,10.88,54.0,1000
1166,207.18,33.826,33.826,3.8619,173.354,180,10.86,54.0,1000
1167,207.36,33.806,33.806,3.8619,173.554,180,10.84,54.0,1000
1168,207.54,33.786,33.786,3.8619,173.754,180,10.82,54.0,1000
1169,207.72,33.766,33.766,3.8619,173.954,180,10.8,54.0,1000
1170,207.9,33.746,33.746,3.8619,174.154,180,10.78,54.0,1000
1171,208.08,33.726,33.726,3.8619,174.354,180,10.76,54.0,1000
1172,208.26,33.706,33.706,3.8619,174.554,180,10.74,54.0,1000
1173,208.44,33.686,33.686,3.8619,174.754,180,10.71,54.0,1000
1174,208.62,33.666,33.666,3.8619,174.954,180,10.69,54.0,1000
1175,208.8,33.646,33.646,3.8619,175.154,180,10.67,54.0,1000
1176,208.98,33.626,33.626,3.8619,175.354,180,10.65,54.0,1000
1177,209.16,33.606,33.606,3.8619,175.554,180,10.63,54.0,1000
1178,209.34,33.586,33.586,3.8619,175.754,180,10.61,54.0,1000
1179,209.52,33.566,33.566,3.8619,175.954,180,10.59,54.0,1000
1180,209.7,33.546,33.546,3.8619,176.154,180,10.57,54.0,1000
1181,209.88,33.526,33.526,3.8619,176.354,180,10.54,54.0,1000
1182,210.06,33.506,33.506,3.8619,176.554,180,10.52,54.0,1000
1183,210.24,33.486,33.486,3.8619,176.754,180,10.5,54.0,1000
1184,210.42,33.466,33.466,3.8619,176.954,180,10.48,54.0,1000
1185,210.6,33.446,33.446,3.8619,177.154,180,10.46,54.0,1000
1186,210.78,33.426,33.426,3.8619,177.354,180,10.44,54.0,1000
1187,210.96,33.406,33.406,3.8619,177.554,180,10.42,54.0,1000
1188,211.14,33.386,33.386,3.8619,177.754,180,10.39,54.0,1000
1189,211.32,33.366,33.366,3.8619,177.954,180,10.37,54.0,1000
1190,211.5,33.346,33.346,3.8619,178.154,180,10.35,54.0,1000
1191,211.68,33.326,33.326,3.8619,178.354,180,10.33,54.0,1000
1192,211.86,33.306,33.306,3.8619,178.554,180,10.31,54.0,1000
1193,212.04,33.286,33.286,3.8619,178.754,180,10.29,54.0,1000
1194,212.22,33.266,33.266,3.8619,178.954,180,10.26,54.0,1000
1195,212.4,33.246,33.246,3.8619,179.154,180,10.24,54.0,1000
1196,212.58,33.226,33.226,3.8619,179.354,180,10.22,54.0,1000
1197,212.76,33.206,33.206,3.8619,179.554,180,10.2,54.0,1000
1198,212.94,33.186,33.186,3.8619,179.754,180,10.18,54.0,1000
1199,213.12,33.166,33.166,3.8619,179.954,180,10.15,54.0,1000
1200,213.3,33.146,33.146,3.8619,180.154,180,10.13,54.0,1000
1201,213.48,33.126,33.126,3.8619,180.354,180,10.11,54.0,1000
1202,213.66,33.106,33.106,3.8619,180.554,180,10.09,54.0,1000
1203,213.84,33.086,33.086,3.8619,180.754,180,10.07,54.0,1000
1204,214.02,33.066,33.066,3.8619,180.954,180,10.04,54.0,1000
1205,214.2,33.046,33.046,3.8619,181.154,180,10.02,54.0,1000
1206,214.38,33.026,33.026,3.8619,181.354,180,10.0,54.0,1000
1207,214.56,33.006,33.006,3.8619,181.554,180,9.98,54.0,1000
1208,214.74,32.986,32.986,3.8619,181.754,180,9.95,54.0,1000
1209,214.92,32.966,32.966,3.8619,181.954,180,9.93,54.0,1000
1210,215.1,32.946,32.946,3.8619,182.154,180,9.91,54.0,1000
1211,215.28,32.926,32.926,3.8619,182.354,180,9.89,54.0,1000
1212,215.46,32.906,32.906,3.8619,182.554,180,9.86,54.0,1000
1213,215.64,32.886,32.886,3.8619,182.754,180,9.84,54.0,1000
1214,215.82,32.866,32.866,3.8619,182.954,180,9.82,54.0,1000
1215,216.0,32.846,32.846,3.8619,183.154,180,9.8,54.0,1000
1216,216.18,32.826,32.826,3.8619,183.354,180,9.77,54.0,1000
1217,216.36,32.806,32.806,3.8619,183.554,180,9.75,54.0,1000
1218,216.54,32.786,32.786,3.8619,183.754,180,9.73,54.0,1000
1219,216.72,32.766,32.766,3.8619,183.954,180,9.7,54.0,1000
1220,216.9,32.746,32.746,3.8619,184.154,180,9.68,54.0,1000
1221,217.08,32.726,32.726,3.8619,184.354,180,9.66,54.0,1000
1222,217.26,32.706,32.706,3.8619,184.554,180,9.64,54.0,1000
1223,217.44,32.686,32.686,3.8619,184.754,180,9.61,54.0,1000
1224,217.62,32.666,32.666,3.8619,184.954,180,9.59,54.0,1000
1225,217.8,32.646,32.646,3.8619,185.154,180,9.57,54.0,1000
1226,217.98,32.626,32.626,3.8619,185.354,180,9.54,54.0,1000
1227,218.16,32.606,32.606,3.8619,185.554,180,9.52,54.0,1000
1228,218.34,32.586,32.586,3.8619,185.754,180,9.5,54.0,1000
1229,218.52,32.566,32.566,3.8619,185.954,180,9.47,54.0,1000
1230,218.7,32.546,32.546,3.8619,186.154,180,9.45,54.0,1000
1231,218.88,32.526,32.526,3.8619,186.354,180,9.43,54.0,1000
1232,219.06,32.506,32.506,3.8619,186.554,180,9.4,54.0,1000
1233,219.24,32.486,32.486,3.8619,186.754,180,9.38,54.0,1000
1234,219.42,32.466,32.466,3.8619,186.954,180,9.36,54.0,1000
1235,219.6,32.446,32.446,3.8619,187.154,180,9.33,54.0,1000
1236,219.78,32.426,32.426,3.8619,187.354,180,9.31,54.0,1000
1237,219.96,32.406,32.406,3.8619,187.554,180,9.29,54.0,1000
1238,220.14,32.386,32.386,3.8619,187.754,180,9.26,54.0,1000
1239,220.32,32.366,32.366,3.8619,187.954,180,9.24,54.0,1000
1240,220.5,32.346,32.346,3.8619,188.154,180,9.22,54.0,1000
1241,220.68,32.326,32.326,3.8619,188.354,180,9.19,54.0,1000
1242,220.86,32.306,32.306,3.8619,188.554,180,9.17,54.0,1000
1243,221.04,32.286,32.286,3.8619,188.754,180,9.14,54.0,1000
1244,221.22,32.266,32.266,3.8619,188.954,180,9.12,54.0,1000
1245,221.4,32.246,32.246,3.8619,189.154,180,9.1,54.0,1000
1246,221.58,32.226,32.226,3.8619,189.354,180,9.07,54.0,1000
1247,221.76,32.206,32.206,3.8619,189.554,180,9.05,54.0,1000
1248,221.94,32.186,32.186,3.8619,189.754,180,9.03,54.0,1000
1249,222.12,32.166,32.166,3.8619,189.954,180,9.0,54.0,1000
1250,222.3,32.146,32.146,3.8619,190.154,180,8.98,54.0,1000
1251,222.48,32.126,32.126,3.8619,190.354,180,8.95,54.0,1000
1252,222.66,32.106,32.106,3.8619,190.554,180,8.93,54.0,1000
1253,222.84,32.086,32.086,3.8619,190.754,180,8.9,54.0,1000
1254,223.02,32.066,32.066,3.8619,190.954,180,8.88,54.0,1000
1255,223.2,32.046,32.046,3.8619,191.154,180,8.86,54.0,1000
1256,223.38,32.026,32.026,3.8619,191.354,180,8.83,54.0,1000
1257,223.56,32.006,32.006,3.8619,191.554,180,8.81,54.0,1000
1258,223.74,31.986,31.986,3.8619,191.754,180,8.78,54.0,1000
1259,223.92,31.966,31.966,3.8619,191.954,180,8.76,54.0,1000
1260,224.1,31.946,31.946,3.8619,192.154,180,8.73,54.0,1000
1261,224.28,31.926,31.926,3.8619,192.354,180,8.71,54.0,1000
1262,224.46,31.906,31.906,3.8619,192.554,180,8.69,54.0,1000
1263,224.64,31.886,31.886,3.8619,192.754,180,8.66,54.0,1000
1264,224.82,31.866,31.866,3.8619,192.954,180,8.64,54.0,1000
1265,225.0,31.846,31.846,3.8619,193.154,180,8.61,54.0,1000
1266,225.18,31.826,31.826,3.8619,193.354,180,8.59,54.0,1000
1267,225.36,31.806,31.806,3.8619,193.554,180,8.56,54.0,1000
1268,225.54,31.786,31.786,3.8619,193.754,180,8.54,54.0,1000
1269,225.72,31.766,31.766,3.8619,193.954,180,8.51,54.0,1000
1270,225.9,31.746,31.746,3.8619,194.154,180,8.49,54.0,1000
1271,226.08,31.726,31.726,3.8619,194.354,180,8.46,54.0,1000
1272,226.26,31.706,31.706,3.8619,194.554,180,8.44,54.0,1000
1273,226.44,31.686,31.686,3.8619,194.754,180,8.41,54.0,1000
1274,226.62,31.666,31.666,3.8619,194.954,180,8.39,54.0,1000
1275,226.8,31.646,31.646,3.8619,195.154,180,8.37,54.0,1000
1276,226.98,31.626,31.626,3.8619,195.354,180,8.34,54.0,1000
1277,227.16,31.606,31.606,3.8619,195.554,180,8.32,54.0,1000
1278,227.34,31.586,31.586,3.8619,195.754,180,8.29,54.0,1000
1279,227.52,31.566,31.566,3.8619,195.954,180,8.27,54.0,1000
1280,227.7,31.546,31.546,3.8619,196.154,180,8.24,54.0,1000
1281,227.88,31.526,31.526,3.8619,196.354,180,8.22,54.0,1000
1282,228.06,31.506,31.506,3.8619,196.554,180,8.19,54.0,1000
1283,228.24,31.486,31.486,3.8619,196.754,180,8.16,54.0,1000
1284,228.42,31.466,31.466,3.8619,196.954,180,8.14,54.0,1000
1285,228.6,31.446,31.446,3.8619,197.154,180,8.11,54.0,1000
1286,228.78,31.426,31.426,3.8619,197.354,180,8.09,54.0,1000
1287,228.96,31.406,31.406,3.8619,197.554,180,8.06,54.0,1000
1288,229.14,31.386,31.386,3.8619,197.754,180,8.04,54.0,1000
1289,229.32,31.366,31.366,3.8619,197.954,180,8.01,54.0,1000
1290,229.5,31.346,31.346,3.8619,198.154,180,7.99,54.0,1000
1291,229.68,31.326,31.326,3.8619,198.354,180,7.96,54.0,1000
1292,229.86,31.306,31.306,3.8619,198.554,180,7.94,54.0,1000
1293,230.04,31.286,31.286,3.8619,198.754,180,7.91,54.0,1000
1294,230.22,31.266,31.266,3.8619,198.954,180,7.89,54.0,1000
1295,230.4,31.246,31.246,3.8619,199.154,180,7.86,54.0,1000
1296,230.58,31.226,31.226,3.8619,199.354,180,7.84,54.0,1000
1297,230.76,31.206,31.206,3.8619,199.554,180,7.81,54.0,1000
1298,230.94,31.186,31.186,3.8619,199.754,180,7.78,54.0,1000
1299,231.12,31.166,31.166,3.8619,199.954,180,7.76,54.0,1000
1300,231.3,31.146,31.146,3.8619,200.154,180,7.73,54.0,1000
1301,231.48,31.126,31.126,3.8619,200.354,180,7.71,54.0,1000
1302,231.66,31.106,31.106,3.8619,200.554,180,7.68,54.0,1000
1303,231.84,31.086,31.086,3.8619,200.754,180,7.66,54.0,1000
1304,232.02,31.066,31.066,3.8619,200.954,180,7.63,54.0,1000
1305,232.2,31.046,31.046,3.8619,201.154,180,7.6,54.0,1000
1306,232.38,31.026,31.026,3.8619,201.354,180,7.58,54.0,1000
1307,232.56,31.006,31.006,3.8619,201.554,180,7.55,54.0,1000
1308,232.74,30.986,30.986,3.8619,201.754,180,7.53,54.0,1000
1309,232.92,30.966,30.966,3.8619,201.954,180,7.5,54.0,1000
1310,233.1,30.946,30.946,3.8619,202.154,180,7.47,54.0,1000
1311,233.28,30.926,30.926,3.8619,202.354,180,7.45,54.0,1000
1312,233.46,30.906,30.906,3.8619,202.554,180,7.42,54.0,1000
1313,233.64,30.886,30.886,3.8619,202.754,180,7.4,54.0,1000
1314,233.82,30.866,30.866,3.8619,202.954,180,7.37,54.0,1000
1315,234.0,30.846,30.846,3.8619,203.154,180,7.34,54.0,1000
1316,234.18,30.826,30.826,3.8619,203.354,180,7.32,54.0,1000
1317,234.36,30.806,30.806,3.8619,203.554,180,7.29,54.0,1000
1318,234.54,30.786,30.786,3.8619,203.754,180,7.26,54.0,1000
1319,234.72,30.766,30.766,3.8619,203.954,180,7.24,54.0,1000
1320,234.9,30.746,30.746,3.8619,204.154,180,7.21,54.0,1000
1321,235.08,30.726,30.726,3.8619,204.354,180,7.19,54.0,1000
1322,235.26,30.706,30.706,3.8619,204.554,180,7.16,54.0,1000
1323,235.44,30.686,30.686,3.8619,204.754,180,7.13,54.0,1000
1324,235.62,30.666,30.666,3.8619,204.954,180,7.11,54.0,1000
1325,235.8,30.646,30.646,3.8619,205.154,180,7.08,54.0,1000
1326,235.98,30.626,30.626,3.8619,205.354,180,7.05,54.0,1000
1327,236.16,30.606,30.606,3.8619,205.554,180,7.03,54.0,1000
1328,236.34,30.586,30.586,3.8619,205.754,180,7.0,54.0,1000
1329,236.52,30.566,30.566,3.8619,205.954,180,6.97,54.0,1000
1330,236.7,30.546,30.546,3.8619,206.154,180,6.95,54.0,1000
1331,236.88,30.526,30.526,3.8619,206.354,180,6.92,54.0,1000
1332,237.06,30.506,30.506,3.8619,206.554,180,6.89,54.0,1000
1333,237.24,30.486,30.486,3.8619,206.754,180,6.87,54.0,1000
1334,237.42,30.466,30.466,3.8619,206.954,180,6.84,54.0,1000
1335,237.6,30.446,30.446,3.8619,207.154,180,6.81,54.0,1000
1336,237.78,30.426,30.426,3.8619,207.354,180,6.79,54.0,1000
1337,237.96,30.406,30.406,3.8619,207.554,180,6.76,54.0,1000
1338,238.14,30.386,30.386,3.8619,207.754,180,6.73,54.0,1000
1339,238.32,30.366,30.366,3.8619,207.954,180,6.71,54.0,1000
1340,238.5,30.346,30.346,3.8619,208.154,180,6.68,54.0,1000
1341,238.68,30.326,30.326,3.8619,208.354,180,6.65,54.0,1000
1342,238.86,30.306,30.306,3.8619,208.554,180,6.63,54.0,1000
1343,239.04,30.286,30.286,3.8619,208.754,180,6.6,54.0,1000
1344,239.22,30.266,30.266,3.8619,208.954,180,6.57,54.0,1000
1345,239.4,30.246,30.246,3.8619,209.154,180,6.55,54.0,1000
1346,239.58,30.226,30.226,3.8619,209.354,180,6.52,54.0,1000
1347,239.76,30.206,30.206,3.8619,209.554,180,6.49,54.0,1000
1348,239.94,30.186,30.186,3.8619,209.754,180,6.46,54.0,1000
1349,240.12,30.166,30.166,3.8619,209.954,180,6.44,54.0,1000
1350,240.3,30.146,30.146,3.8619,210.154,180,6.41,54.0,1000
1351,240.48,30.126,30.126,3.8619,210.354,180,6.38,54.0,1000
1352,240.66,30.106,30.106,3.8619,210.554,180,6.36,54.0,1000
1353,240.84,30.086,30.086,3.8619,210.754,180,6.33,54.0,1000
1354,241.02,30.066,30.066,3.8619,210.954,180,6.3,54.0,1000
1355,241.2,30.046,30.046,3.8619,211.154,180,6.27,54.0,1000
1356,241.38,30.026,30.026,3.8619,211.354,180,6.25,54.0,1000
1357,241.56,30.006,30.006,3.8619,211.554,180,6.22,54.0,1000
1358,241.74,29.986,29.986,3.8619,211.754,180,6.19,54.0,1000
1359,241.92,29.966,29.966,3.8619,211.954,180,6.17,54.0,1000
1360,242.1,29.946,29.946,3.8619,212.154,180,6.14,54.0,1000
1361,242.28,29.926,29.926,3.8619,212.354,180,6.11,54.0,1000
1362,242.46,29.906,29.906,3.8619,212.554,180,6.08,54.0,1000
1363,242.64,29.886,29.886,3.8619,212.754,180,6.06,54.0,1000
1364,242.82,29.866,29.866,3.8619,212.954,180,6.03,54.0,1000
1365,243.0,29.846,29.846,3.8619,213.154,180,6.0,54.0,1000
1366,243.18,29.826,29.826,3.8619,213.354,180,5.97,54.0,1000
1367,243.36,29.806,29.806,3.8619,213.554,180,5.95,54.0,1000
1368,243.54,29.786,29.786,3.8619,213.754,180,5.92,54.0,1000
1369,243.72,29.766,29.766,3.8619,213.954,180,5.89,54.0,1000
1370,243.9,29.746,29.746,3.8619,214.154,180,5.86,54.0,1000
1371,244.08,29.726,29.726,3.8619,214.354,180,5.84,54.0,1000
1372,244.26,29.706,29.706,3.8619,214.554,180,5.81,54.0,1000
1373,244.44,29.686,29.686,3.8619,214.754,180,5.78,54.0,1000
1374,244.62,29.666,29.666,3.8619,214.954,180,5.75,54.0,1000
1375,244.8,29.646,29.646,3.8619,215.154,180,5.72,54.0,1000
1376,244.98,29.626,29.626,3.8619,215.354,180,5.7,54.0,1000
1377,245.16,29.606,29.606,3.8619,215.554,180,5.67,54.0,1000
1378,245.34,29.586,29.586,3.8619,215.754,180,5.64,54.0,1000
1379,245.52,29.566,29.566,3.8619,215.954,180,5.61,54.0,1000
1380,245.7,29.546,29.546,3.8619,216.154,180,5.59,54.0,1000
1381,245.88,29.526,29.526,3.8619,216.354,180,5.56,54.0,1000
1382,246.06,29.506,29.506,3.8619,216.554,180,5.53,54.0,1000
1383,246.24,29.486,29.486,3.8619,216.754,180,5.5,54.0,1000
1384,246.42,29.466,29.466,3.8619,216.954,180,5.47,54.0,1000
1385,246.6,29.446,29.446,3.8619,217.154,180,5.45,54.0,1000
1386,246.78,29.426,29.426,3.8619,217.354,180,5.42,54.0,1000
1387,246.96,29.406,29.406,3.8619,217.554,180,5.39,54.0,1000
1388,247.14,29.386,29.386,3.8619,217.754,180,5.36,54.0,1000
1389,247.32,29.366,29.366,3.8619,217.954,180,5.33,54.0,1000
1390,247.5,29.346,29.346,3.8619,218.154,180,5.31,54.0,1000
1391,247.68,29.326,29.326,3.8619,218.354,180,5.28,54.0,1000
1392,247.86,29.306,29.306,3.8619,218.554,180,5.25,54.0,1000
1393,248.04,29.286,29.286,3.8619,218.754,180,5.22,54.0,1000
1394,248.22,29.266,29.266,3.8619,218.954,180,5.19,54.0,1000
1395,248.4,29.246,29.246,3.8619,219.154,180,5.17,54.0,1000
1396,248.58,29.226,29.226,3.8619,219.354,180,5.14,54.0,1000
1397,248.76,29.206,29.206,3.8619,219.554,180,5.11,54.0,1000
1398,248.94,29.186,29.186,3.8619,219.754,180,5.08,54.0,1000
1399,249.12,29.166,29.166,3.8619,219.954,180,5.05,54.0,1000
1400,249.3,29.146,29.146,3.8619,220.154,180,5.02,54.0,1000
1401,249.48,29.126,29.126,3.8619,220.354,180,5.0,54.0,1000
1402,249.66,29.106,29.106,3.8619,220.554,180,4.97,54.0,1000
1403,249.84,29.086,29.086,3.8619,220.754,180,4.94,54.0,1000
1404,250.02,29.066,29.066,3.8619,220.954,180,4.91,54.0,1000
1405,250.2,29.046,29.046,3.8619,221.154,180,4.88,54.0,1000
1406,250.38,29.026,29.026,3.8619,221.354,180,4.85,54.0,1000
1407,250.56,29.006,29.006,3.8619,221.554,180,4.83,54.0,1000
1408,250.74,28.986,28.986,3.8619,221.754,180,4.8,54.0,1000
1409,250.92,28.966,28.966,3.8619,221.954,180,4.77,54.0,1000
1410,251.1,28.946,28.946,3.8619,222.154,180,4.74,54.0,1000
1411,251.28,28.926,28.926,3.8619,222.354,180,4.71,54.0,1000
1412,251.46,28.906,28.906,3.8619,222.554,180,4.68,54.0,1000
1413,251.64,28.886,28.886,3.8619,222.754,180,4.66,54.0,1000
1414,251.82,28.866,28.866,3.8619,222.954,180,4.63,54.0,1000
1415,252.0,28.846,28.846,3.8619,223.154,180,4.6,54.0,1000
1416,252.18,28.826,28.826,3.8619,223.354,180,4.57,54.0,1000
1417,252.36,28.806,28.806,3.8619,223.554,180,4.54,54.0,1000
1418,252.54,28.786,28.786,3.8619,223.754,180,4.51,54.0,1000
1419,252.72,28.766,28.766,3.8619,223.954,180,4.48,54.0,1000
1420,252.9,28.746,28.746,3.8619,224.154,180,4.46,54.0,1000
1421,253.08,28.726,28.726,3.8619,224.354,180,4.43,54.0,1000
1422,253.26,28.706,28.706,3.8619,224.554,180,4.4,54.0,1000
1423,253.44,28.686,28.686,3.8619,224.754,180,4.37,54.0,1000
1424,253.62,28.666,28.666,3.8619,224.954,180,4.34,54.0,1000
1425,253.8,28.646,28.646,3.8619,225.154,180,4.31,54.0,1000
1426,253.98,28.626,28.626,3.8619,225.354,180,4.28,54.0,1000
1427,254.16,28.606,28.606,3.8619,225.554,180,4.25,54.0,1000
1428,254.34,28.586,28.586,3.8619,225.754,180,4.23,54.0,1000
1429,254.52,28.566,28.566,3.8619,225.954,180,4.2,54.0,1000
1430,254.7,28.546,28.546,3.8619,226.154,180,4.17,54.0,1000
1431,254.88,28.526,28.526,3.8619,226.354,180,4.14,54.0,1000
1432,255.06,28.506,28.506,3.8619,226.554,180,4.11,54.0,1000
1433,255.24,28.486,28.486,3.8619,226.754,180,4.08,54.0,1000
1434,255.42,28.466,28.466,3.8619,226.954,180,4.05,54.0,1000
1435,255.6,28.446,28.446,3.8619,227.154,180,4.02,54.0,1000
1436,255.78,28.426,28.426,3.8619,227.354,180,4.0,54.0,1000
1437,255.96,28.406,28.406,3.8619,227.554,180,3.97,54.0,1000
1438,256.14,28.386,28.386,3.8619,227.754,180,3.94,54.0,1000
1439,256.32,28.366,28.366,3.8619,227.954,180,3.91,54.0,1000
1440,256.5,28.346,28.346,3.8619,228.154,180,3.88,54.0,1000
1441,256.68,28.326,28.326,3.8619,228.354,180,3.85,54.0,1000
1442,256.86,28.306,28.306,3.8619,228.554,180,3.82,54.0,1000
1443,257.04,28.286,28.286,3.8619,228.754,180,3.79,54.0,1000
1444,257.22,28.266,28.266,3.8619,228.954,180,3.76,54.0,1000
1445,257.4,28.246,28.246,3.8619,229.154,180,3.73,54.0,1000
1446,257.58,28.226,28.226,3.8619,229.354,180,3.71,54.0,1000
1447,257.76,28.206,28.206,3.8619,229.554,180,3.68,54.0,1000
1448,257.94,28.186,28.186,3.8619,229.754,180,3.65,54.0,1000
1449,258.12,28.166,28.166,3.8619,229.954,180,3.62,54.0,1000
1450,258.3,28.146,28.146,3.8619,230.154,180,3.59,54.0,1000
1451,258.48,28.126,28.126,3.8619,230.354,180,3.56,54.0,1000
1452,258.66,28.106,28.106,3.8619,230.554,180,3.53,54.0,1000
1453,258.84,28.086,28.086,3.8619,230.754,180,3.5,54.0,1000
1454,259.02,28.066,28.066,3.8619,230.954,180,3.47,54.0,1000
1455,259.2,28.046,28.046,3.8619,231.154,180,3.44,54.0,1000
1456,259.38,28.026,28.026,3.8619,231.354,180,3.41,54.0,1000
1457,259.56,28.006,28.006,3.8619,231.554,180,3.38,54.0,1000
1458,259.74,27.986,27.986,3.8619,231.754,180,3.36,54.0,1000
1459,259.92,27.966,27.966,3.8619,231.954,180,3.33,54.0,1000
1460,260.1,27.946,27.946,3.8619,232.154,180,3.3,54.0,1000
1461,260.28,27.926,27.926,3.8619,232.354,180,3.27,54.0,1000
1462,260.46,27.906,27.906,3.8619,232.554,180,3.24,54.0,1000
1463,260.64,27.886,27.886,3.8619,232.754,180,3.21,54.0,1000
1464,260.82,27.866,27.866,3.8619,232.954,180,3.18,54.0,1000
1465,261.0,27.846,27.846,3.8619,233.154,180,3.15,54.0,1000
1466,261.18,27.826,27.826,3.8619,233.354,180,3.12,54.0,1000
1467,261.36,27.806,27.806,3.8619,233.554,180,3.09,54.0,1000
1468,261.54,27.786,27.786,3.8619,233.754,180,3.06,54.0,1000
1469,261.72,27.766,27.766,3.8619,233.954,180,3.03,54.0,1000
1470,261.9,27.746,27.746,3.8619,234.154,180,3.0,54.0,1000
1471,262.08,27.726,27.726,3.8619,234.354,180,2.97,54.0,1000
1472,262.26,27.706,27.706,3.8619,234.554,180,2.94,54.0,1000
1473,262.44,27.686,27.686,3.8619,234.754,180,2.92,54.0,1000
1474,262.62,27.666,27.666,3.8619,234.954,180,2.89,54.0,1000
1475,262.8,27.646,27.646,3.8619,235.154,180,2.86,54.0,1000
1476,262.98,27.626,27.626,3.8619,235.354,180,2.83,54.0,1000
1477,263.16,27.606,27.606,3.8619,235.554,180,2.8,54.0,1000
1478,263.34,27.586,27.586,3.8619,235.754,180,2.77,54.0,1000
1479,263.52,27.566,27.566,3.8619,235.954,180,2.74,54.0,1000
1480,263.7,27.546,27.546,3.8619,236.154,180,2.71,54.0,1000
1481,263.88,27.526,27.526,3.8619,236.354,180,2.68,54.0,1000
1482,264.06,27.506,27.506,3.8619,236.554,180,2.65,54.0,1000
1483,264.24,27.486,27.486,3.8619,236.754,180,2.62,54.0,1000
1484,264.42,27.466,27.466,3.8619,236.954,180,2.59,54.0,1000
1485,264.6,27.446,27.446,3.8619,237.154,180,2.56,54.0,1000
1486,264.78,27.426,27.426,3.8619,237.354,180,2.53,54.0,1000
1487,264.96,27.406,27.406,3.8619,237.554,180,2.5,54.0,1000
1488,265.14,27.386,27.386,3.8619,237.754,180,2.47,54.0,1000
1489,265.32,27.366,27.366,3.8619,237.954,180,2.44,54.0,1000
1490,265.5,27.346,27.346,3.8619,238.154,180,2.41,54.0,1000
1491,265.68,27.326,27.326,3.8619,238.354,180,2.38,54.0,1000
1492,265.86,27.306,27.306,3.8619,238.554,180,2.35,54.0,1000
1493,266.04,27.286,27.286,3.8619,238.754,180,2.32,54.0,1000
1494,266.22,27.266,27.266,3.8619,238.954,180,2.29,54.0,1000
1495,266.4,27.246,27.246,3.8619,239.154,180,2.27,54.0,1000
1496,266.58,27.226,27.226,3.8619,239.354,180,2.24,54.0,1000
1497,266.76,27.206,27.206,3.8619,239.554,180,2.21,54.0,1000
1498,266.94,27.186,27.186,3.8619,239.754,180,2.18,54.0,1000
1499,267.12,27.166,27.166,3.8619,239.954,180,2.15,54.0,1000
1500,267.3,27.146,27.146,3.8619,240.154,180,2.12,54.0,1000
1501,267.48,27.126,27.126,3.8619,240.354,180,2.09,54.0,1000
1502,267.66,27.106,27.106,3.8619,240.554,180,2.06,54.0,1000
1503,267.84,27.086,27.086,3.8619,240.754,180,2.03,54.0,1000
1504,268.02,27.066,27.066,3.8619,240.954,180,2.0,54.0,1000
1505,268.2,27.046,27.046,3.8619,241.154,180,1.97,54.0,1000
1506,268.38,27.026,27.026,3.8619,241.354,180,1.94,54.0,1000
1507,268.56,27.006,27.006,3.8619,241.554,180,1.91,54.0,1000
1508,268.74,26.986,26.986,3.8619,241.754,180,1.88,54.0,1000
1509,268.92,26.966,26.966,3.8619,241.954,180,1.85,54.0,1000
1510,269.1,26.946,26.946,3.8619,242.154,180,1.82,54.0,1000
1511,269.28,26.926,26.926,3.8619,242.354,180,1.79,54.0,1000
1512,269.46,26.906,26.906,3.8619,242.554,180,1.76,54.0,1000
1513,269.64,26.886,26.886,3.8619,242.754,180,1.73,54.0,1000
1514,269.82,26.866,26.866,3.8619,242.954,180,1.7,54.0,1000
1515,270.0,26.846,26.846,3.8619,243.154,180,1.67,54.0,1000
1516,270.18,26.826,26.826,3.8619,243.354,180,1.64,54.0,1000
1517,270.36,26.806,26.806,3.8619,243.554,180,1.61,54.0,1000
1518,270.54,26.786,26.786,3.8619,243.754,180,1.58,54.0,1000
1519,270.72,26.766,26.766,3.8619,243.954,180,1.55,54.0,1000
1520,270.9,26.746,26.746,3.8619,244.154,180,1.52,54.0,1000
1521,271.08,26.726,26.726,3.8619,244.354,180,1.49,54.0,1000
1522,271.26,26.706,26.706,3.8619,244.554,180,1.46,54.0,1000
1523,271.44,26.686,26.686,3.8619,244.754,180,1.43,54.0,1000
1524,271.62,26.666,26.666,3.8619,244.954,180,1.4,54.0,1000
1525,271.8,26.646,26.646,3.8619,245.154,180,1.37,54.0,1000
1526,271.98,26.626,26.626,3.8619,245.354,180,1.34,54.0,1000
1527,272.16,26.606,26.606,3.8619,245.554,180,1.31,54.0,1000
1528,272.34,26.586,26.586,3.8619,245.754,180,1.28,54.0,1000
1529,272.52,26.566,26.566,3.8619,245.954,180,1.25,54.0,1000
1530,272.7,26.546,26.546,3.8619,246.154,180,1.22,54.0,1000
1531,272.88,26.526,26.526,3.8619,246.354,180,1.19,54.0,1000
1532,273.06,26.506,26.506,3.8619,246.554,180,1.16,54.0,1000
1533,273.24,26.486,26.486,3.8619,246.754,180,1.13,54.0,1000
1534,273.42,26.466,26.466,3.8619,246.954,180,1.1,54.0,1000
1535,273.6,26.446,26.446,3.8619,247.154,180,1.07,54.0,1000
1536,273.78,26.426,26.426,3.8619,247.354,180,1.04,54.0,1000
1537,273.96,26.406,26.406,3.8619,247.554,180,1.01,54.0,1000
1538,274.14,26.386,26.386,3.8619,247.754,180,0.98,54.0,1000
1539,274.32,26.366,26.366,3.8619,247.954,180,0.95,54.0,1000
1540,274.5,26.346,26.346,3.8619,248.154,180,0.92,54.0,1000
1541,274.68,26.326,26.326,3.8619,248.354,180,0.89,54.0,1000
1542,274.86,26.306,26.306,3.8619,248.554,180,0.86,54.0,1000
1543,275.04,26.286,26.286,3.8619,248.754,180,0.83,54.0,1000
1544,275.22,26.266,26.266,3.8619,248.954,180,0.8,54.0,1000
1545,275.4,26.246,26.246,3.8619,249.154,180,0.77,54.0,1000
1546,275.58,26.226,26.226,3.8619,249.354,180,0.74,54.0,1000
1547,275.76,26.206,26.206,3.8619,249.554,180,0.71,54.0,1000
1548,275.94,26.186,26.186,3.8619,249.754,180,0.68,54.0,1000
1549,276.12,26.166,26.166,3.8619,249.954,180,0.65,54.0,1000
1550,276.3,26.146,26.146,3.8619,250.154,180,0.62,54.0,1000
1551,276.48,26.126,26.126,3.8619,250.354,180,0.59,54.0,1000
1552,276.66,26.106,26.106,3.8619,250.554,180,0.56,54.0,1000
1553,276.84,26.086,26.086,3.8619,250.754,180,0.53,54.0,1000
1554,277.02,26.066,26.066,3.8619,250.954,180,0.5,54.0,1000
1555,277.2,26.046,26.046,3.8619,251.154,180,0.47,54.0,1000
1556,277.38,26.026,26.026,3.8619,251.354,180,0.44,54.0,1000
1557,277.56,26.006,26.006,3.8619,251.554,180,0.41,54.0,1000
1558,277.74,25.986,25.986,3.8619,251.754,180,0.38,54.0,1000
1559,277.92,25.966,25.966,3.8619,251.954,180,0.35,54.0,1000
1560,278.1,25.946,25.946,3.8619,252.154,180,0.32,54.0,1000
1561,278.28,25.926,25.926,3.8619,252.354,180,0.29,54.0,1000
1562,278.46,25.906,25.906,3.8619,252.554,180,0.26,54.0,1000
1563,278.64,25.886,25.886,3.8619,252.754,180,0.23,54.0,1000
1564,278.82,25.866,25.866,3.8619,252.954,180,0.2,54.0,1000
1565,279.0,25.846,25.846,3.8619,253.154,180,0.17,54.0,1000
1566,279.18,25.826,25.826,3.8619,253.354,180,0.14,54.0,1000
1567,279.36,25.806,25.806,3.8619,253.554,180,0.11,54.0,1000
1568,279.54,25.786,25.786,3.8619,253.754,180,0.08,54.0,1000
1569,279.72,25.766,25.766,3.8619,253.954,180,0.05,54.0,1000
1570,279.9,25.746,25.746,3.8619,254.154,180,0.02,54.0,1000
1571,280.08,25.766,25.766,3.8619,254.314,180,-0.01,54.0,1000
1572,280.26,25.786,25.786,3.8619,254.474,180,-0.04,54.0,1000
1573,280.44,25.806,25.806,3.8619,254.634,180,-0.07,54.0,1000
1574,280.62,25.826,25.826,3.8619,254.794,180,-0.1,54.0,1000
1575,280.8,25.846,25.846,3.8619,254.954,180,-0.13,54.0,1000
1576,280.98,25.866,25.866,3.8619,255.114,180,-0.16,54.0,1000
1577,281.16,25.886,25.886,3.8619,255.274,180,-0.19,54.0,1000
1578,281.34,25.906,25.906,3.8619,255.434,180,-0.22,54.0,1000
1579,281.52,25.926,25.926,3.8619,255.594,180,-0.25,54.0,1000
1580,281.7,25.946,25.946,3.8619,255.754,180,-0.28,54.0,1000
1581,281.88,25.966,25.966,3.8619,255.914,180,-0.31,54.0,1000
1582,282.06,25.986,25.986,3.8619,256.074,180,-0.34,54.0,1000
1583,282.24,26.006,26.006,3.8619,256.234,180,-0.37,54.0,1000
1584,282.42,26.026,26.026,3.8619,256.394,180,-0.4,54.0,1000
1585,282.6,26.046,26.046,3.8619,256.554,180,-0.43,54.0,1000
1586,282.78,26.066,26.066,3.8619,256.714,180,-0.46,54.0,1000
1587,282.96,26.086,26.086,3.8619,256.874,180,-0.49,54.0,1000
1588,283.14,26.106,26.106,3.8619,257.034,180,-0.52,54.0,1000
1589,283.32,26.126,26.126,3.8619,257.194,180,-0.55,54.0,1000
1590,283.5,26.146,26.146,3.8619,257.354,180,-0.58,54.0,1000
1591,283.68,26.166,26.166,3.8619,257.514,180,-0.61,54.0,1000
1592,283.86,26.186,26.186,3.8619,257.674,180,-0.64,54.0,1000
1593,284.04,26.206,26.206,3.8619,257.834,180,-0.67,54.0,1000
1594,284.22,26.226,26.226,3.8619,257.994,180,-0.7,54.0,1000
1595,284.4,26.246,26.246,3.8619,258.154,180,-0.73,54.0,1000
1596,284.58,26.266,26.266,3.8619,258.314,180,-0.76,54.0,1000
1597,284.76,26.286,26.286,3.8619,258.474,180,-0.79,54.0,1000
1598,284.94,26.306,26.306,3.8619,258.634,180,-0.82,54.0,1000
1599,285.12,26.326,26.326,3.8619,258.794,180,-0.85,54.0,1000
1600,285.3,26.346,26.346,3.8619,258.954,180,-0.88,54.0,1000
1601,285.48,26.366,26.366,3.8619,259.114,180,-0.91,54.0,1000
1602,285.66,26.386,26.386,3.8619,259.274,180,-0.94,54.0,1000
1603,285.84,26.406,26.406,3.8619,259.434,180,-0.97,54.0,1000
1604,286.02,26.426,26.426,3.8619,259.594,180,-1.0,54.0,1000
1605,286.2,26.446,26.446,3.8619,259.754,180,-1.03,54.0,1000
1606,286.38,26.466,26.466,3.8619,259.914,180,-1.06,54.0,1000
1607,286.56,26.486,26.486,3.8619,260.074,180,-1.09,54.0,1000
1608,286.74,26.506,26.506,3.8619,260.234,180,-1.12,54.0,1000
1609,286.92,26.526,26.526,3.8619,260.394,180,-1.14,54.0,1000
1610,287.1,26.546,26.546,3.8619,260.554,180,-1.17,54.0,1000
1611,287.28,26.566,26.566,3.8619,260.714,180,-1.2,54.0,1000
1612,287.46,26.586,26.586,3.8619,260.874,180,-1.23,54.0,1000
1613,287.64,26.606,26.606,3.8619,261.034,180,-1.26,54.0,1000
1614,287.82,26.626,26.626,3.8619,261.194,180,-1.29,54.0,1000
1615,288.0,26.646,26.646,3.8619,261.354,180,-1.32,54.0,1000
1616,288.18,26.666,26.666,3.8619,261.514,180,-1.35,54.0,1000
1617,288.36,26.686,26.686,3.8619,261.674,180,-1.38,54.0,1000
1618,288.54,26.706,26.706,3.8619,261.834,180,-1.41,54.0,1000
1619,288.72,26.726,26.726,3.8619,261.994,180,-1.44,54.0,1000
1620,288.9,26.746,26.746,3.8619,262.154,180,-1.47,54.0,1000
1621,289.08,26.766,26.766,3.8619,262.314,180,-1.5,54.0,1000
1622,289.26,26.786,26.786,3.8619,262.474,180,-1.53,54.0,1000
1623,289.44,26.806,26.806,3.8619,262.634,180,-1.56,54.0,1000
1624,289.62,26.826,26.826,3.8619,262.794,180,-1.59,54.0,1000
1625,289.8,26.846,26.846,3.8619,262.954,180,-1.62,54.0,1000
1626,289.98,26.866,26.866,3.8619,263.114,180,-1.65,54.0,1000
1627,290.16,26.886,26.886,3.8619,263.274,180,-1.68,54.0,1000
1628,290.34,26.906,26.906,3.8619,263.434,180,-1.71,54.0,1000
1629,290.52,26.926,26.926,3.8619,263.594,180,-1.74,54.0,1000
1630,290.7,26.946,26.946,3.8619,263.754,180,-1.77,54.0,1000
1631,290.88,26.966,26.966,3.8619,263.914,180,-1.8,54.0,1000
1632,291.06,26.986,26.986,3.8619,264.074,180,-1.83,54.0,1000
1633,291.24,27.006,27.006,3.8619,264.234,180,-1.86,54.0,1000
1634,291.42,27.026,27.026,3.8619,264.394,180,-1.89,54.0,1000
1635,291.6,27.046,27.046,3.8619,264.554,180,-1.92,54.0,1000
1636,291.78,27.066,27.066,3.8619,264.714,180,-1.95,54.0,1000
1637,291.96,27.086,27.086,3.8619,264.874,180,-1.98,54.0,1000
1638,292.14,27.106,27.106,3.8619,265.034,180,-2.01,54.0,1000
1639,292.32,27.126,27.126,3.8619,265.194,180,-2.04,54.0,1000
1640,292.5,27.146,27.146,3.8619,265.354,180,-2.07,54.0,1000
1641,292.68,27.166,27.166,3.8619,265.514,180,-2.1,54.0,1000
1642,292.86,27.186,27.186,3.8619,265.674,180,-2.13,54.0,1000
1643,293.04,27.206,27.206,3.8619,265.834,180,-2.16,54.0,1000
1644,293.22,27.226,27.226,3.8619,265.994,180,-2.19,54.0,1000
1645,293.4,27.246,27.246,3.8619,266.154,180,-2.22,54.0,1000
1646,293.58,27.266,27.266,3.8619,266.314,180,-2.25,54.0,1000
1647,293.76,27.286,27.286,3.8619,266.474,180,-2.28,54.0,1000
1648,293.94,27.306,27.306,3.8619,266.634,180,-2.31,54.0,1000
1649,294.12,27.326,27.326,3.8619,266.794,180,-2.34,54.0,1000
1650,294.3,27.346,27.346,3.8619,266.954,180,-2.37,54.0,1000
1651,294.48,27.366,27.366,3.8619,267.114,180,-2.4,54.0,1000
1652,294.66,27.386,27.386,3.8619,267.274,180,-2.43,54.0,1000
1653,294.84,27.406,27.406,3.8619,267.434,180,-2.46,54.0,1000
1654,295.02,27.426,27.426,3.8619,267.594,180,-2.48,54.0,1000
1655,295.2,27.446,27.446,3.8619,267.754,180,-2.51,54.0,1000
1656,295.38,27.466,27.466,3.8619,267.914,180,-2.54,54.0,1000
1657,295.56,27.486,27.486,3.8619,268.074,180,-2.57,54.0,1000
1658,295.74,27.506,27.506,3.8619,268.234,180,-2.6,54.0,1000
1659,295.92,27.526,27.526,3.8619,268.394,180,-2.63,54.0,1000
1660,296.1,27.546,27.546,3.8619,268.554,180,-2.66,54.0,1000
1661,296.28,27.566,27.566,3.8619,268.714,180,-2.69,54.0,1000
1662,296.46,27.586,27.586,3.8619,268.874,180,-2.72,54.0,1000
1663,296.64,27.606,27.606,3.8619,269.034,180,-2.75,54.0,1000
1664,296.82,27.626,27.626,3.8619,269.194,180,-2.78,54.0,1000
1665,297.0,27.646,27.646,3.8619,269.354,180,-2.81,54.0,1000
1666,297.18,27.666,27.666,3.8619,269.514,180,-2.84,54.0,1000
1667,297.36,27.686,27.686,3.8619,269.674,180,-2.87,54.0,1000
1668,297.54,27.706,27.706,3.8619,269.834,180,-2.9,54.0,1000
1669,297.72,27.726,27.726,3.8619,269.994,180,-2.93,54.0,1000
1670,297.9,27.746,27.746,3.8619,270.154,180,-2.96,54.0,1000
1671,298.08,27.766,27.766,3.8619,270.314,180,-2.99,54.0,1000
1672,298.26,27.786,27.786,3.8619,270.474,180,-3.02,54.0,1000
1673,298.44,27.806,27.806,3.8619,270.634,180,-3.04,54.0,1000
1674,298.62,27.826,27.826,3.8619,270.794,180,-3.07,54.0,1000
1675,298.8,27.846,27.846,3.8619,270.954,180,-3.1,54.0,1000
1676,298.98,27.866,27.866,3.8619,271.114,180,-3.13,54.0,1000
1677,299.16,27.886,27.886,3.8619,271.274,180,-3.16,54.0,1000
1678,299.34,27.906,27.906,3.8619,271.434,180,-3.19,54.0,1000
1679,299.52,27.926,27.926,3.8619,271.594,180,-3.22,54.0,1000
1680,299.7,27.946,27.946,3.8619,271.754,180,-3.25,54.0,1000
1681,299.88,27.966,27.966,3.8619,271.914,180,-3.28,54.0,1000
1682,300.06,27.986,27.986,3.8619,272.074,180,-3.31,54.0,1000
1683,300.24,28.006,28.006,3.8619,272.234,180,-3.34,54.0,1000
1684,300.42,28.026,28.026,3.8619,272.394,180,-3.37,54.0,1000
1685,300.6,28.046,28.046,3.8619,272.554,180,-3.4,54.0,1000
1686,300.78,28.066,28.066,3.8619,272.714,180,-3.43,54.0,1000
1687,300.96,28.086,28.086,3.8619,272.874,180,-3.45,54.0,1000
1688,301.14,28.106,28.106,3.8619,273.034,180,-3.48,54.0,1000
1689,301.32,28.126,28.126,3.8619,273.194,180,-3.51,54.0,1000
1690,301.5,28.146,28.146,3.8619,273.354,180,-3.54,54.0,1000
1691,301.68,28.166,28.166,3.8619,273.514,180,-3.57,54.0,1000
1692,301.86,28.186,28.186,3.8619,273.674,180,-3.6,54.0,1000
1693,302.04,28.206,28.206,3.8619,273.834,180,-3.63,54.0,1000
1694,302.22,28.226,28.226,3.8619,273.994,180,-3.66,54.0,1000
1695,302.4,28.246,28.246,3.8619,274.154,180,-3.69,54.0,1000
1696,302.58,28.266,28.266,3.8619,274.314,180,-3.72,54.0,1000
1697,302.76,28.286,28.286,3.8619,274.474,180,-3.75,54.0,1000
1698,302.94,28.306,28.306,3.8619,274.634,180,-3.78,54.0,1000
1699,303.12,28.326,28.326,3.8619,274.794,180,-3.8,54.0,1000
1700,303.3,28.346,28.346,3.8619,274.954,180,-3.83,54.0,1000
1701,303.48,28.366,28.366,3.8619,275.114,180,-3.86,54.0,1000
1702,303.66,28.386,28.386,3.8619,275.274,180,-3.89,54.0,1000
1703,303.84,28.406,28.406,3.8619,275.434,180,-3.92,54.0,1000
1704,304.02,28.426,28.426,3.8619,275.594,180,-3.95,54.0,1000
1705,304.2,28.446,28.446,3.8619,275.754,180,-3.98,54.0,1000
1706,304.38,28.466,28.466,3.8619,275.914,180,-4.01,54.0,1000
1707,304.56,28.486,28.486,3.8619,276.074,180,-4.04,54.0,1000
1708,304.74,28.506,28.506,3.8619,276.234,180,-4.06,54.0,1000
1709,304.92,28.526,28.526,3.8619,276.394,180,-4.09,54.0,1000
1710,305.1,28.546,28.546,3.8619,276.554,180,-4.12,54.0,1000
1711,305.28,28.566,28.566,3.8619,276.714,180,-4.15,54.0,1000
1712,305.46,28.586,28.586,3.8619,276.874,180,-4.18,54.0,1000
1713,305.64,28.606,28.606,3.8619,277.034,180,-4.21,54.0,1000
1714,305.82,28.626,28.626,3.8619,277.194,180,-4.24,54.0,1000
1715,306.0,28.646,28.646,3.8619,277.354,180,-4.27,54.0,1000
1716,306.18,28.666,28.666,3.8619,277.514,180,-4.3,54.0,1000
1717,306.36,28.686,28.686,3.8619,277.674,180,-4.32,54.0,1000
1718,306.54,28.706,28.706,3.8619,277.834,180,-4.35,54.0,1000
1719,306.72,28.726,28.726,3.8619,277.994,180,-4.38,54.0,1000
1720,306.9,28.746,28.746,3.8619,278.154,180,-4.41,54.0,1000
1721,307.08,28.766,28.766,3.8619,278.314,180,-4.44,54.0,1000
1722,307.26,28.786,28.786,3.8619,278.474,180,-4.47,54.0,1000
1723,307.44,28.806,28.806,3.8619,278.634,180,-4.5,54.0,1000
1724,307.62,28.826,28.826,3.8619,278.794,180,-4.52,54.0,1000
1725,307.8,28.846,28.846,3.8619,278.954,180,-4.55,54.0,1000
1726,307.98,28.866,28.866,3.8619,279.114,180,-4.58,54.0,1000
1727,308.16,28.886,28.886,3.8619,279.274,180,-4.61,54.0,1000
1728,308.34,28.906,28.906,3.8619,279.434,180,-4.64,54.0,1000
1729,308.52,28.926,28.926,3.8619,279.594,180,-4.67,54.0,1000
1730,308.7,28.946,28.946,3.8619,279.754,180,-4.7,54.0,1000
1731,308.88,28.966,28.966,3.8619,279.914,180,-4.72,54.0,1000
1732,309.06,28.986,28.986,3.8619,280.074,180,-4.75,54.0,1000
1733,309.24,29.006,29.006,3.8619,280.234,180,-4.78,54.0,1000
1734,309.42,29.026,29.026,3.8619,280.394,180,-4.81,54.0,1000
1735,309.6,29.046,29.046,3.8619,280.554,180,-4.84,54.0,1000
1736,309.78,29.066,29.066,3.8619,280.714,180,-4.87,54.0,1000
1737,309.96,29.086,29.086,3.8619,280.874,180,-4.89,54.0,1000
1738,310.14,29.106,29.106,3.8619,281.034,180,-4.92,54.0,1000
1739,310.32,29.126,29.126,3.8619,281.194,180,-4.95,54.0,1000
1740,310.5,29.146,29.146,3.8619,281.354,180,-4.98,54.0,1000
1741,310.68,29.166,29.166,3.8619,281.514,180,-5.01,54.0,1000
1742,310.86,29.186,29.186,3.8619,281.674,180,-5.04,54.0,1000
1743,311.04,29.206,29.206,3.8619,281.834,180,-5.06,54.0,1000
1744,311.22,29.226,29.226,3.8619,281.994,180,-5.09,54.0,1000
1745,311.4,29.246,29.246,3.8619,282.154,180,-5.12,54.0,1000
1746,311.58,29.266,29.266,3.8619,282.314,180,-5.15,54.0,1000
1747,311.76,29.286,29.286,3.8619,282.474,180,-5.18,54.0,1000
1748,311.94,29.306,29.306,3.8619,282.634,180,-5.21,54.0,1000
1749,312.12,29.326,29.326,3.8619,282.794,180,-5.23,54.0,1000
1750,312.3,29.346,29.346,3.8619,282.954,180,-5.26,54.0,1000
1751,312.48,29.366,29.366,3.8619,283.114,180,-5.29,54.0,1000
1752,312.66,29.386,29.386,3.8619,283.274,180,-5.32,54.0,1000
1753,312.84,29.406,29.406,3.8619,283.434,180,-5.35,54.0,1000
1754,313.02,29.426,29.426,3.8619,283.594,180,-5.37,54.0,1000
1755,313.2,29.446,29.446,3.8619,283.754,180,-5.4,54.0,1000
1756,313.38,29.466,29.466,3.8619,283.914,180,-5.43,54.0,1000
1757,313.56,29.486,29.486,3.8619,284.074,180,-5.46,54.0,1000
1758,313.74,29.506,29.506,3.8619,284.234,180,-5.49,54.0,1000
1759,313.92,29.526,29.526,3.8619,284.394,180,-5.51,54.0,1000
1760,314.1,29.546,29.546,3.8619,284.554,180,-5.54,54.0,1000
1761,314.28,29.566,29.566,3.8619,284.714,180,-5.57,54.0,1000
1762,314.46,29.586,29.586,3.8619,284.874,180,-5.6,54.0,1000
1763,314.64,29.606,29.606,3.8619,285.034,180,-5.63,54.0,1000
1764,314.82,29.626,29.626,3.8619,285.194,180,-5.65,54.0,1000
1765,315.0,29.646,29.646,3.8619,285.354,180,-5.68,54.0,1000
1766,315.18,29.666,29.666,3.8619,285.514,180,-5.71,54.0,1000
1767,315.36,29.686,29.686,3.8619,285.674,180,-5.74,54.0,1000
1768,315.54,29.706,29.706,3.8619,285.834,180,-5.76,54.0,1000
1769,315.72,29.726,29.726,3.8619,285.994,180,-5.79,54.0,1000
1770,315.9,29.746,29.746,3.8619,286.154,180,-5.82,54.0,1000
1771,316.08,29.766,29.766,3.8619,286.314,180,-5.85,54.0,1000
1772,316.26,29.786,29.786,3.8619,286.474,180,-5.87,54.0,1000
1773,316.44,29.806,29.806,3.8619,286.634,180,-5.9,54.0,1000
1774,316.62,29.826,29.826,3.8619,286.794,180,-5.93,54.0,1000
1775,316.8,29.846,29.846,3.8619,286.954,180,-5.96,54.0,1000
1776,316.98,29.866,29.866,3.8619,287.114,180,-5.98,54.0,1000
1777,317.16,29.886,29.886,3.8619,287.274,180,-6.01,54.0,1000
1778,317.34,29.906,29.906,3.8619,287.434,180,-6.04,54.0,1000
1779,317.52,29.926,29.926,3.8619,287.594,180,-6.07,54.0,1000
1780,317.7,29.946,29.946,3.8619,287.754,180,-6.09,54.0,1000
1781,317.88,29.966,29.966,3.8619,287.914,180,-6.12,54.0,1000
1782,318.06,29.986,29.986,3.8619,288.074,180,-6.15,54.0,1000
1783,318.24,30.006,30.006,3.8619,288.234,180,-6.18,54.0,1000
1784,318.42,30.026,30.026,3.8619,288.394,180,-6.2,54.0,1000
1785,318.6,30.046,30.046,3.8619,288.554,180,-6.23,54.0,1000
1786,318.78,30.066,30.066,3.8619,288.714,180,-6.26,54.0,1000
1787,318.96,30.086,30.086,3.8619,288.874,180,-6.29,54.0,1000
1788,319.14,30.106,30.106,3.8619,289.034,180,-6.31,54.0,1000
1789,319.32,30.126,30.126,3.8619,289.194,180,-6.34,54.0,1000
1790,319.5,30.146,30.146,3.8619,289.354,180,-6.37,54.0,1000
1791,319.68,30.166,30.166,3.8619,289.514,180,-6.39,54.0,1000
1792,319.86,30.186,30.186,3.8619,289.674,180,-6.42,54.0,1000
1793,320.04,30.206,30.206,3.8619,289.834,180,-6.45,54.0,1000
1794,320.22,30.226,30.226,3.8619,289.994,180,-6.48,54.0,1000
1795,320.4,30.246,30.246,3.8619,290.154,180,-6.5,54.0,1000
1796,320.58,30.266,30.266,3.8619,290.314,180,-6.53,54.0,1000
1797,320.76,30.286,30.286,3.8619,290.474,180,-6.56,54.0,1000
1798,320.94,30.306,30.306,3.8619,290.634,180,-6.58,54.0,1000
1799,321.12,30.326,30.326,3.8619,290.794,180,-6.61,54.0,1000
1800,321.3,30.346,30.346,3.8619,290.954,180,-6.64,54.0,1000
1801,321.48,30.366,30.366,3.8619,291.114,180,-6.66,54.0,1000
1802,321.66,30.386,30.386,3.8619,291.274,180,-6.69,54.0,1000
1803,321.84,30.406,30.406,3.8619,291.434,180,-6.72,54.0,1000
1804,322.02,30.426,30.426,3.8619,291.594,180,-6.75,54.0,1000
1805,322.2,30.446,30.446,3.8619,291.754,180,-6.77,54.0,1000
1806,322.38,30.466,30.466,3.8619,291.914,180,-6.8,54.0,1000
1807,322.56,30.486,30.486,3.8619,292.074,180,-6.83,54.0,1000
1808,322.74,30.506,30.506,3.8619,292.234,180,-6.85,54.0,1000
1809,322.92,30.526,30.526,3.8619,292.394,180,-6.88,54.0,1000
1810,323.1,30.546,30.546,3.8619,292.554,180,-6.91,54.0,1000
1811,323.28,30.566,30.566,3.8619,292.714,180,-6.93,54.0,1000
1812,323.46,30.586,30.586,3.8619,292.874,180,-6.96,54.0,1000
1813,323.64,30.606,30.606,3.8619,293.034,180,-6.99,54.0,1000
1814,323.82,30.626,30.626,3.8619,293.194,180,-7.01,54.0,1000
1815,324.0,30.646,30.646,3.8619,293.354,180,-7.04,54.0,1000
1816,324.18,30.666,30.666,3.8619,293.514,180,-7.06,54.0,1000
1817,324.36,30.686,30.686,3.8619,293.674,180,-7.09,54.0,1000
1818,324.54,30.706,30.706,3.8619,293.834,180,-7.12,54.0,1000
1819,324.72,30.726,30.726,3.8619,293.994,180,-7.14,54.0,1000
1820,324.9,30.746,30.746,3.8619,294.154,180,-7.17,54.0,1000
1821,325.08,30.766,30.766,3.8619,294.314,180,-7.2,54.0,1000
1822,325.26,30.786,30.786,3.8619,294.474,180,-7.22,54.0,1000
1823,325.44,30.806,30.806,3.8619,294.634,180,-7.25,54.0,1000
1824,325.62,30.826,30.826,3.8619,294.794,180,-7.28,54.0,1000
1825,325.8,30.846,30.846,3.8619,294.954,180,-7.3,54.0,1000
1826,325.98,30.866,30.866,3.8619,295.114,180,-7.33,54.0,1000
1827,326.16,30.886,30.886,3.8619,295.274,180,-7.35,54.0,1000
1828,326.34,30.906,30.906,3.8619,295.434,180,-7.38,54.0,1000
1829,326.52,30.926,30.926,3.8619,295.594,180,-7.41,54.0,1000
1830,326.7,30.946,30.946,3.8619,295.754,180,-7.43,54.0,1000
1831,326.88,30.966,30.966,3.8619,295.914,180,-7.46,54.0,1000
1832,327.06,30.986,30.986,3.8619,296.074,180,-7.48,54.0,1000
1833,327.24,31.006,31.006,3.8619,296.234,180,-7.51,54.0,1000
1834,327.42,31.026,31.026,3.8619,296.394,180,-7.54,54.0,1000
1835,327.6,31.046,31.046,3.8619,296.554,180,-7.56,54.0,1000
1836,327.78,31.066,31.066,3.8619,296.714,180,-7.59,54.0,1000
1837,327.96,31.086,31.086,3.8619,296.874,180,-7.61,54.0,1000
1838,328.14,31.106,31.106,3.8619,297.034,180,-7.64,54.0,1000
1839,328.32,31.126,31.126,3.8619,297.194,180,-7.67,54.0,1000
1840,328.5,31.146,31.146,3.8619,297.354,180,-7.69,54.0,1000
1841,328.68,31.166,31.166,3.8619,297.514,180,-7.72,54.0,1000
1842,328.86,31.186,31.186,3.8619,297.674,180,-7.74,54.0,1000
1843,329.04,31.206,31.206,3.8619,297.834,180,-7.77,54.0,1000
1844,329.22,31.226,31.226,3.8619,297.994,180,-7.79,54.0,1000
1845,329.4,31.246,31.246,3.8619,298.154,180,-7.82,54.0,1000
1846,329.58,31.266,31.266,3.8619,298.314,180,-7.85,54.0,1000
1847,329.76,31.286,31.286,3.8619,298.474,180,-7.87,54.0,1000
1848,329.94,31.306,31.306,3.8619,298.634,180,-7.9,54.0,1000
1849,330.12,31.326,31.326,3.8619,298.794,180,-7.92,54.0,1000
1850,330.3,31.346,31.346,3.8619,298.954,180,-7.95,54.0,1000
1851,330.48,31.366,31.366,3.8619,299.114,180,-7.97,54.0,1000
1852,330.66,31.386,31.386,3.8619,299.274,180,-8.0,54.0,1000
1853,330.84,31.406,31.406,3.8619,299.434,180,-8.02,54.0,1000
1854,331.02,31.426,31.426,3.8619,299.594,180,-8.05,54.0,1000
1855,331.2,31.446,31.446,3.8619,299.754,180,-8.07,54.0,1000
1856,331.38,31.466,31.466,3.8619,299.914,180,-8.1,54.0,1000
1857,331.56,31.486,31.486,3.8619,300.074,180,-8.12,54.0,1000
1858,331.74,31.506,31.506,3.8619,300.234,180,-8.15,54.0,1000
1859,331.92,31.526,31.526,3.8619,300.394,180,-8.18,54.0,1000
1860,332.1,31.546,31.546,3.8619,300.554,180,-8.2,54.0,1000
1861,332.28,31.566,31.566,3.8619,300.714,180,-8.23,54.0,1000
1862,332.46,31.586,31.586,3.8619,300.874,180,-8.25,54.0,1000
1863,332.64,31.606,31.606,3.8619,301.034,180,-8.28,54.0,1000
1864,332.82,31.626,31.626,3.8619,301.194,180,-8.3,54.0,1000
1865,333.0,31.646,31.646,3.8619,301.354,180,-8.33,54.0,1000
1866,333.18,31.666,31.666,3.8619,301.514,180,-8.35,54.0,1000
1867,333.36,31.686,31.686,3.8619,301.674,180,-8.38,54.0,1000
1868,333.54,31.706,31.706,3.8619,301.834,180,-8.4,54.0,1000
1869,333.72,31.726,31.726,3.8619,301.994,180,-8.43,54.0,1000
1870,333.9,31.746,31.746,3.8619,302.154,180,-8.45,54.0,1000
1871,334.08,31.766,31.766,3.8619,302.314,180,-8.47,54.0,1000
1872,334.26,31.786,31.786,3.8619,302.474,180,-8.5,54.0,1000
1873,334.44,31.806,31.806,3.8619,302.634,180,-8.52,54.0,1000
1874,334.62,31.826,31.826,3.8619,302.794,180,-8.55,54.0,1000
1875,334.8,31.846,31.846,3.8619,302.954,180,-8.57,54.0,1000
1876,334.98,31.866,31.866,3.8619,303.114,180,-8.6,54.0,1000
1877,335.16,31.886,31.886,3.8619,303.274,180,-8.62,54.0,1000
1878,335.34,31.906,31.906,3.8619,303.434,180,-8.65,54.0,1000
1879,335.52,31.926,31.926,3.8619,303.594,180,-8.67,54.0,1000
1880,335.7,31.946,31.946,3.8619,303.754,180,-8.7,54.0,1000
1881,335.88,31.966,31.966,3.8619,303.914,180,-8.72,54.0,1000
1882,336.06,31.986,31.986,3.8619,304.074,180,-8.74,54.0,1000
1883,336.24,32.006,32.006,3.8619,304.234,180,-8.77,54.0,1000
1884,336.42,32.026,32.026,3.8619,304.394,180,-8.79,54.0,1000
1885,336.6,32.046,32.046,3.8619,304.554,180,-8.82,54.0,1000
1886,336.78,32.066,32.066,3.8619,304.714,180,-8.84,54.0,1000
1887,336.96,32.086,32.086,3.8619,304.874,180,-8.87,54.0,1000
1888,337.14,32.106,32.106,3.8619,305.034,180,-8.89,54.0,1000
1889,337.32,32.126,32.126,3.8619,305.194,180,-8.91,54.0,1000
1890,337.5,32.146,32.146,3.8619,305.354,180,-8.94,54.0,1000
1891,337.68,32.166,32.166,3.8619,305.514,180,-8.96,54.0,1000
1892,337.86,32.186,32.186,3.8619,305.674,180,-8.99,54.0,1000
1893,338.04,32.206,32.206,3.8619,305.834,180,-9.01,54.0,1000
1894,338.22,32.226,32.226,3.8619,305.994,180,-9.03,54.0,1000
1895,338.4,32.246,32.246,3.8619,306.154,180,-9.06,54.0,1000
1896,338.58,32.266,32.266,3.8619,306.314,180,-9.08,54.0,1000
1897,338.76,32.286,32.286,3.8619,306.474,180,-9.11,54.0,1000
1898,338.94,32.306,32.306,3.8619,306.634,180,-9.13,54.0,1000
1899,339.12,32.326,32.326,3.8619,306.794,180,-9.15,54.0,1000
1900,339.3,32.346,32.346,3.8619,306.954,180,-9.18,54.0,1000
1901,339.48,32.366,32.366,3.8619,307.114,180,-9.2,54.0,1000
1902,339.66,32.386,32.386,3.8619,307.274,180,-9.23,54.0,1000
1903,339.84,32.406,32.406,3.8619,307.434,180,-9.25,54.0,1000
1904,340.02,32.426,32.426,3.8619,307.594,180,-9.27,54.0,1000
1905,340.2,32.446,32.446,3.8619,307.754,180,-9.3,54.0,1000
1906,340.38,32.466,32.466,3.8619,307.914,180,-9.32,54.0,1000
1907,340.56,32.486,32.486,3.8619,308.074,180,-9.34,54.0,1000
1908,340.74,32.506,32.506,3.8619,308.234,180,-9.37,54.0,1000
1909,340.92,32.526,32.526,3.8619,308.394,180,-9.39,54.0,1000
1910,341.1,32.546,32.546,3.8619,308.554,180,-9.41,54.0,1000
1911,341.28,32.566,32.566,3.8619,308.714,180,-9.44,54.0,1000
1912,341.46,32.586,32.586,3.8619,308.874,180,-9.46,54.0,1000
1913,341.64,32.606,32.606,3.8619,309.034,180,-9.48,54.0,1000
1914,341.82,32.626,32.626,3.8619,309.194,180,-9.51,54.0,1000
1915,342.0,32.646,32.646,3.8619,309.354,180,-9.53,54.0,1000
1916,342.18,32.666,32.666,3.8619,309.514,180,-9.55,54.0,1000
1917,342.36,32.686,32.686,3.8619,309.674,180,-9.58,54.0,1000
1918,342.54,32.706,32.706,3.8619,309.834,180,-9.6,54.0,1000
1919,342.72,32.726,32.726,3.8619,309.994,180,-9.62,54.0,1000
1920,342.9,32.746,32.746,3.8619,310.154,180,-9.64,54.0,1000
1921,343.08,32.766,32.766,3.8619,310.314,180,-9.67,54.0,1000
1922,343.26,32.786,32.786,3.8619,310.474,180,-9.69,54.0,1000
1923,343.44,32.806,32.806,3.8619,310.634,180,-9.71,54.0,1000
1924,343.62,32.826,32.826,3.8619,310.794,180,-9.74,54.0,1000
1925,343.8,32.846,32.846,3.8619,310.954,180,-9.76,54.0,1000
1926,343.98,32.866,32.866,3.8619,311.114,180,-9.78,54.0,1000
1927,344.16,32.886,32.886,3.8619,311.274,180,-9.8,54.0,1000
1928,344.34,32.906,32.906,3.8619,311.434,180,-9.83,54.0,1000
1929,344.52,32.926,32.926,3.8619,311.594,180,-9.85,54.0,1000
1930,344.7,32.946,32.946,3.8619,311.754,180,-9.87,54.0,1000
1931,344.88,32.966,32.966,3.8619,311.914,180,-9.9,54.0,1000
1932,345.06,32.986,32.986,3.8619,312.074,180,-9.92,54.0,1000
1933,345.24,33.006,33.006,3.8619,312.234,180,-9.94,54.0,1000
1934,345.42,33.026,33.026,3.8619,312.394,180,-9.96,54.0,1000
1935,345.6,33.046,33.046,3.8619,312.554,180,-9.99,54.0,1000
1936,345.78,33.066,33.066,3.8619,312.714,180,-10.01,54.0,1000
1937,345.96,33.086,33.086,3.8619,312.874,180,-10.03,54.0,1000
1938,346.14,33.106,33.106,3.8619,313.034,180,-10.05,54.0,1000
1939,346.32,33.126,33.126,3.8619,313.194,180,-10.07,54.0,1000
1940,346.5,33.146,33.146,3.8619,313.354,180,-10.1,54.0,1000
1941,346.68,33.166,33.166,3.8619,313.514,180,-10.12,54.0,1000
1942,346.86,33.186,33.186,3.8619,313.674,180,-10.14,54.0,1000
1943,347.04,33.206,33.206,3.8619,313.834,180,-10.16,54.0,1000
1944,347.22,33.226,33.226,3.8619,313.994,180,-10.19,54.0,1000
1945,347.4,33.246,33.246,3.8619,314.154,180,-10.21,54.0,1000
1946,347.58,33.266,33.266,3.8619,314.314,180,-10.23,54.0,1000
1947,347.76,33.286,33.286,3.8619,314.474,180,-10.25,54.0,1000
1948,347.94,33.306,33.306,3.8619,314.634,180,-10.27,54.0,1000
1949,348.12,33.326,33.326,3.8619,314.794,180,-10.29,54.0,1000
1950,348.3,33.346,33.346,3.8619,314.954,180,-10.32,54.0,1000
1951,348.48,33.366,33.366,3.8619,315.114,180,-10.34,54.0,1000
1952,348.66,33.386,33.386,3.8619,315.274,180,-10.36,54.0,1000
1953,348.84,33.406,33.406,3.8619,315.434,180,-10.38,54.0,1000
1954,349.02,33.426,33.426,3.8619,315.594,180,-10.4,54.0,1000
1955,349.2,33.446,33.446,3.8619,315.754,180,-10.42,54.0,1000
1956,349.38,33.466,33.466,3.8619,315.914,180,-10.45,54.0,1000
1957,349.56,33.486,33.486,3.8619,316.074,180,-10.47,54.0,1000
1958,349.74,33.506,33.506,3.8619,316.234,180,-10.49,54.0,1000
1959,349.92,33.526,33.526,3.8619,316.394,180,-10.51,54.0,1000
1960,350.1,33.546,33.546,3.8619,316.554,180,-10.53,54.0,1000
1961,350.28,33.566,33.566,3.8619,316.714,180,-10.55,54.0,1000
1962,350.46,33.586,33.586,3.8619,316.874,180,-10.57,54.0,1000
1963,350.64,33.606,33.606,3.8619,317.034,180,-10.6,54.0,1000
1964,350.82,33.626,33.626,3.8619,317.194,180,-10.62,54.0,1000
1965,351.0,33.646,33.646,3.8619,317.354,180,-10.64,54.0,1000
1966,351.18,33.666,33.666,3.8619,317.514,180,-10.66,54.0,1000
1967,351.36,33.686,33.686,3.8619,317.674,180,-10.68,54.0,1000
1968,351.54,33.706,33.706,3.8619,317.834,180,-10.7,54.0,1000
1969,351.72,33.726,33.726,3.8619,317.994,180,-10.72,54.0,1000
1970,351.9,33.746,33.746,3.8619,318.154,180,-10.74,54.0,1000
1971,352.08,33.766,33.766,3.8619,318.314,180,-10.76,54.0,1000
1972,352.26,33.786,33.786,3.8619,318.474,180,-10.79,54.0,1000
1973,352.44,33.806,33.806,3.8619,318.634,180,-10.81,54.0,1000
1974,352.62,33.826,33.826,3.8619,318.794,180,-10.83,54.0,1000
1975,352.8,33.846,33.846,3.8619,318.954,180,-10.85,54.0,1000
1976,352.98,33.866,33.866,3.8619,319.114,180,-10.87,54.0,1000
1977,353.16,33.886,33.886,3.8619,319.274,180,-10.89,54.0,1000
1978,353.34,33.906,33.906,3.8619,319.434,180,-10.91,54.0,1000
1979,353.52,33.926,33.926,3.8619,319.594,180,-10.93,54.0,1000
1980,353.7,33.946,33.946,3.8619,319.754,180,-10.95,54.0,1000
1981,353.88,33.966,33.966,3.8619,319.914,180,-10.97,54.0,1000
1982,354.06,33.986,33.986,3.8619,320.074,180,-10.99,54.0,1000
1983,354.24,34.006,34.006,3.8619,320.234,180,-11.01,54.0,1000
1984,354.42,34.026,34.026,3.8619,320.394,180,-11.03,54.0,1000
1985,354.6,34.046,34.046,3.8619,320.554,180,-11.05,54.0,1000
1986,354.78,34.066,34.066,3.8619,320.714,180,-11.07,54.0,1000
1987,354.96,34.086,34.086,3.8619,320.874,180,-11.09,54.0,1000
1988,355.14,34.106,34.106,3.8619,321.034,180,-11.11,54.0,1000
1989,355.32,34.126,34.126,3.8619,321.194,180,-11.13,54.0,1000
1990,355.5,34.146,34.146,3.8619,321.354,180,-11.15,54.0,1000
1991,355.68,34.166,34.166,3.8619,321.514,180,-11.17,54.0,1000
1992,355.86,34.186,34.186,3.8619,321.674,180,-11.19,54.0,1000
1993,356.04,34.206,34.206,3.8619,321.834,180,-11.21,54.0,1000
1994,356.22,34.226,34.226,3.8619,321.994,180,-11.23,54.0,1000
1995,356.4,34.246,34.246,3.8619,322.154,180,-11.25,54.0,1000
1996,356.58,34.266,34.266,3.8619,322.314,180,-11.27,54.0,1000
1997,356.76,34.286,34.286,3.8619,322.474,180,-11.29,54.0,1000
1998,356.94,34.306,34.306,3.8619,322.634,180,-11.31,54.0,1000
1999,357.12,34.326,34.326,3.8619,322.794,180,-11.33,54.0,1000
2000,357.3,34.346,34.346,3.8619,322.954,180,-11.35,54.0,1000
2001,357.48,34.366,34.366,3.8619,323.114,180,-11.37,54.0,1000
2002,357.66,34.386,34.386,3.8619,323.274,180,-11.39,54.0,1000
2003,357.84,34.406,34.406,3.8619,323.434,180,-11.41,54.0,1000
2004,358.02,34.426,34.426,3.8619,323.594,180,-11.43,54.0,1000
2005,358.2,34.446,34.446,3.8619,323.754,180,-11.45,54.0,1000
2006,358.38,34.466,34.466,3.8619,323.914,180,-11.47,54.0,1000
2007,358.56,34.486,34.486,3.8619,324.074,180,-11.49,54.0,1000
2008,358.74,34.506,34.506,3.8619,324.234,180,-11.51,54.0,1000
2009,358.92,34.526,34.526,3.8619,324.394,180,-11.53,54.0,1000
2010,359.1,34.546,34.546,3.8619,324.554,180,-11.55,54.0,1000
2011,359.28,34.566,34.566,3.8619,324.714,180,-11.56,54.0,1000
2012,359.46,34.586,34.586,3.8619,324.874,180,-11.58,54.0,1000
2013,359.64,34.606,34.606,3.8619,325.034,180,-11.6,54.0,1000
2014,359.82,34.626,34.626,3.8619,325.194,180,-11.62,54.0,1000
2015,360.0,34.646,34.646,3.8619,325.354,180,-11.64,54.0,1000
2016,360.18,34.666,34.666,3.8619,325.514,180,-11.66,54.0,1000
2017,360.36,34.686,34.686,3.8619,325.674,180,-11.68,54.0,1000
2018,360.54,34.706,34.706,3.8619,325.834,180,-11.7,54.0,1000
2019,360.72,34.726,34.726,3.8619,325.994,180,-11.72,54.0,1000
2020,360.9,34.746,34.746,3.8619,326.154,180,-11.74,54.0,1000
2021,361.08,34.766,34.766,3.8619,326.314,180,-11.75,54.0,1000
2022,361.26,34.786,34.786,3.8619,326.474,180,-11.77,54.0,1000
2023,361.44,34.806,34.806,3.8619,326.634,180,-11.79,54.0,1000
2024,361.62,34.826,34.826,3.8619,326.794,180,-11.81,54.0,1000
2025,361.8,34.846,34.846,3.8619,326.954,180,-11.83,54.0,1000
2026,361.98,34.866,34.866,3.8619,327.114,180,-11.85,54.0,1000
2027,362.16,34.886,34.886,3.8619,327.274,180,-11.86,54.0,1000
2028,362.34,34.906,34.906,3.8619,327.434,180,-11.88,54.0,1000
2029,362.52,34.926,34.926,3.8619,327.594,180,-11.9,54.0,1000
2030,362.7,34.946,34.946,3.8619,327.754,180,-11.92,54.0,1000
2031,362.88,34.966,34.966,3.8619,327.914,180,-11.94,54.0,1000
2032,363.06,34.986,34.986,3.8619,328.074,180,-11.96,54.0,1000
2033,363.24,35.006,35.006,3.8619,328.234,180,-11.97,54.0,1000
2034,363.42,35.026,35.026,3.8619,328.394,180,-11.99,54.0,1000
2035,363.6,35.046,35.046,3.8619,328.554,180,-12.01,54.0,1000
2036,363.78,35.066,35.066,3.8619,328.714,180,-12.03,54.0,1000
2037,363.96,35.086,35.086,3.8619,328.874,180,-12.05,54.0,1000
2038,364.14,35.106,35.106,3.8619,329.034,180,-12.06,54.0,1000
2039,364.32,35.126,35.126,3.8619,329.194,180,-12.08,54.0,1000
2040,364.5,35.146,35.146,3.8619,329.354,180,-12.1,54.0,1000
2041,364.68,35.166,35.166,3.8619,329.514,180,-12.12,54.0,1000
2042,364.86,35.186,35.186,3.8619,329.674,180,-12.13,54.0,1000
2043,365.04,35.206,35.206,3.8619,329.834,180,-12.15,54.0,1000
2044,365.22,35.226,35.226,3.8619,329.994,180,-12.17,54.0,1000
2045,365.4,35.246,35.246,3.8619,330.154,180,-12.19,54.0,1000
2046,365.58,35.266,35.266,3.8619,330.314,180,-12.2,54.0,1000
2047,365.76,35.286,35.286,3.8619,330.474,180,-12.22,54.0,1000
2048,365.94,35.306,35.306,3.8619,330.634,180,-12.24,54.0,1000
2049,366.12,35.326,35.326,3.8619,330.794,180,-12.26,54.0,1000
2050,366.3,35.346,35.346,3.8619,330.954,180,-12.27,54.0,1000
2051,366.48,35.366,35.366,3.8619,331.114,180,-12.29,54.0,1000
2052,366.66,35.386,35.386,3.8619,331.274,180,-12.31,54.0,1000
2053,366.84,35.406,35.406,3.8619,331.434,180,-12.33,54.0,1000
2054,367.02,35.426,35.426,3.8619,331.594,180,-12.34,54.0,1000
2055,367.2,35.446,35.446,3.8619,331.754,180,-12.36,54.0,1000
2056,367.38,35.466,35.466,3.8619,331.914,180,-12.38,54.0,1000
2057,367.56,35.486,35.486,3.8619,332.074,180,-12.39,54.0,1000
2058,367.74,35.506,35.506,3.8619,332.234,180,-12.41,54.0,1000
2059,367.92,35.526,35.526,3.8619,332.394,180,-12.43,54.0,1000
2060,368.1,35.546,35.546,3.8619,332.554,180,-12.44,54.0,1000
2061,368.28,35.566,35.566,3.8619,332.714,180,-12.46,54.0,1000
2062,368.46,35.586,35.586,3.8619,332.874,180,-12.48,54.0,1000
2063,368.64,35.606,35.606,3.8619,333.034,180,-12.49,54.0,1000
2064,368.82,35.626,35.626,3.8619,333.194,180,-12.51,54.0,1000
2065,369.0,35.646,35.646,3.8619,333.354,180,-12.53,54.0,1000
2066,369.18,35.666,35.666,3.8619,333.514,180,-12.54,54.0,1000
2067,369.36,35.686,35.686,3.8619,333.674,180,-12.56,54.0,1000
2068,369.54,35.706,35.706,3.8619,333.834,180,-12.58,54.0,1000
2069,369.72,35.726,35.726,3.8619,333.994,180,-12.59,54.0,1000
2070,369.9,35.746,35.746,3.8619,334.154,180,-12.61,54.0,1000
2071,370.08,35.766,35.766,3.8619,334.314,180,-12.63,54.0,1000
2072,370.26,35.786,35.786,3.8619,334.474,180,-12.64,54.0,1000
2073,370.44,35.806,35.806,3.8619,334.634,180,-12.66,54.0,1000
2074,370.62,35.826,35.826,3.8619,334.794,180,-12.67,54.0,1000
2075,370.8,35.846,35.846,3.8619,334.954,180,-12.69,54.0,1000
2076,370.98,35.866,35.866,3.8619,335.114,180,-12.71,54.0,1000
2077,371.16,35.886,35.886,3.8619,335.274,180,-12.72,54.0,1000
2078,371.34,35.906,35.906,3.8619,335.434,180,-12.74,54.0,1000
2079,371.52,35.926,35.926,3.8619,335.594,180,-12.75,54.0,1000
2080,371.7,35.946,35.946,3.8619,335.754,180,-12.77,54.0,1000
2081,371.88,35.966,35.966,3.8619,335.914,180,-12.78,54.0,1000
2082,372.06,35.986,35.986,3.8619,336.074,180,-12.8,54.0,1000
2083,372.24,36.006,36.006,3.8619,336.234,180,-12.82,54.0,1000
2084,372.42,36.026,36.026,3.8619,336.394,180,-12.83,54.0,1000
2085,372.6,36.046,36.046,3.8619,336.554,180,-12.85,54.0,1000
2086,372.78,36.066,36.066,3.8619,336.714,180,-12.86,54.0,1000
2087,372.96,36.086,36.086,3.8619,336.874,180,-12.88,54.0,1000
2088,373.14,36.106,36.106,3.8619,337.034,180,-12.89,54.0,1000
2089,373.32,36.126,36.126,3.8619,337.194,180,-12.91,54.0,1000
2090,373.5,36.146,36.146,3.8619,337.354,180,-12.92,54.0,1000
2091,373.68,36.166,36.166,3.8619,337.514,180,-12.94,54.0,1000
2092,373.86,36.186,36.186,3.8619,337.674,180,-12.95,54.0,1000
2093,374.04,36.206,36.206,3.8619,337.834,180,-12.97,54.0,1000
2094,374.22,36.226,36.226,3.8619,337.994,180,-12.98,54.0,1000
2095,374.4,36.246,36.246,3.8619,338.154,180,-13.0,54.0,1000
2096,374.58,36.266,36.266,3.8619,338.314,180,-13.01,54.0,1000
2097,374.76,36.286,36.286,3.8619,338.474,180,-13.03,54.0,1000
2098,374.94,36.306,36.306,3.8619,338.634,180,-13.04,54.0,1000
2099,375.12,36.326,36.326,3.8619,338.794,180,-13.06,54.0,1000
2100,375.3,36.346,36.346,3.8619,338.954,180,-13.07,54.0,1000
2101,375.48,36.366,36.366,3.8619,339.114,180,-13.09,54.0,1000
2102,375.66,36.386,36.386,3.8619,339.274,180,-13.1,54.0,1000
2103,375.84,36.406,36.406,3.8619,339.434,180,-13.12,54.0,1000
2104,376.02,36.426,36.426,3.8619,339.594,180,-13.13,54.0,1000
2105,376.2,36.446,36.446,3.8619,339.754,180,-13.15,54.0,1000
2106,376.38,36.466,36.466,3.8619,339.914,180,-13.16,54.0,1000
2107,376.56,36.486,36.486,3.8619,340.074,180,-13.18,54.0,1000
2108,376.74,36.506,36.506,3.8619,340.234,180,-13.19,54.0,1000
2109,376.92,36.526,36.526,3.8619,340.394,180,-13.2,54.0,1000
2110,377.1,36.546,36.546,3.8619,340.554,180,-13.22,54.0,1000
2111,377.28,36.566,36.566,3.8619,340.714,180,-13.23,54.0,1000
2112,377.46,36.586,36.586,3.8619,340.874,180,-13.25,54.0,1000
2113,377.64,36.606,36.606,3.8619,341.034,180,-13.26,54.0,1000
2114,377.82,36.626,36.626,3.8619,341.194,180,-13.27,54.0,1000
2115,378.0,36.646,36.646,3.8619,341.354,180,-13.29,54.0,1000
2116,378.18,36.666,36.666,3.8619,341.514,180,-13.3,54.0,1000
2117,378.36,36.686,36.686,3.8619,341.674,180,-13.32,54.0,1000
2118,378.54,36.706,36.706,3.8619,341.834,180,-13.33,54.0,1000
2119,378.72,36.726,36.726,3.8619,341.994,180,-13.34,54.0,1000
2120,378.9,36.746,36.746,3.8619,342.154,180,-13.36,54.0,1000
2121,379.08,36.766,36.766,3.8619,342.314,180,-13.37,54.0,1000
2122,379.26,36.786,36.786,3.8619,342.474,180,-13.38,54.0,1000
2123,379.44,36.806,36.806,3.8619,342.634,180,-13.4,54.0,1000
2124,379.62,36.826,36.826,3.8619,342.794,180,-13.41,54.0,1000
2125,379.8,36.846,36.846,3.8619,342.954,180,-13.42,54.0,1000
2126,379.98,36.866,36.866,3.8619,343.114,180,-13.44,54.0,1000
2127,380.16,36.886,36.886,3.8619,343.274,180,-13.45,54.0,1000
2128,380.34,36.906,36.906,3.8619,343.434,180,-13.46,54.0,1000
2129,380.52,36.926,36.926,3.8619,343.594,180,-13.48,54.0,1000
2130,380.7,36.946,36.946,3.8619,343.754,180,-13.49,54.0,1000
2131,380.88,36.966,36.966,3.8619,343.914,180,-13.5,54.0,1000
2132,381.06,36.986,36.986,3.8619,344.074,180,-13.52,54.0,1000
2133,381.24,37.006,37.006,3.8619,344.234,180,-13.53,54.0,1000
2134,381.42,37.026,37.026,3.8619,344.394,180,-13.54,54.0,1000
2135,381.6,37.046,37.046,3.8619,344.554,180,-13.56,54.0,1000
2136,381.78,37.066,37.066,3.8619,344.714,180,-13.57,54.0,1000
2137,381.96,37.086,37.086,3.8619,344.874,180,-13.58,54.0,1000
2138,382.14,37.106,37.106,3.8619,345.034,180,-13.59,54.0,1000
2139,382.32,37.126,37.126,3.8619,345.194,180,-13.61,54.0,1000
2140,382.5,37.146,37.146,3.8619,345.354,180,-13.62,54.0,1000
2141,382.68,37.166,37.166,3.8619,345.514,180,-13.63,54.0,1000
2142,382.86,37.186,37.186,3.8619,345.674,180,-13.64,54.0,1000
2143,383.04,37.206,37.206,3.8619,345.834,180,-13.66,54.0,1000
2144,383.22,37.226,37.226,3.8619,345.994,180,-13.67,54.0,1000
2145,383.4,37.246,37.246,3.8619,346.154,180,-13.68,54.0,1000
2146,383.58,37.266,37.266,3.8619,346.314,180,-13.69,54.0,1000
2147,383.76,37.286,37.286,3.8619,346.474,180,-13.71,54.0,1000
2148,383.94,37.306,37.306,3.8619,346.634,180,-13.72,54.0,1000
2149,384.12,37.326,37.326,3.8619,346.794,180,-13.73,54.0,1000
2150,384.3,37.346,37.346,3.8619,346.954,180,-13.74,54.0,1000
2151,384.48,37.366,37.366,3.8619,347.114,180,-13.75,54.0,1000
2152,384.66,37.386,37.386,3.8619,347.274,180,-13.77,54.0,1000
2153,384.84,37.406,37.406,3.8619,347.434,180,-13.78,54.0,1000
2154,385.02,37.426,37.426,3.8619,347.594,180,-13.79,54.0,1000
2155,385.2,37.446,37.446,3.8619,347.754,180,-13.8,54.0,1000
2156,385.38,37.466,37.466,3.8619,347.914,180,-13.81,54.0,1000
2157,385.56,37.486,37.486,3.8619,348.074,180,-13.83,54.0,1000
2158,385.74,37.506,37.506,3.8619,348.234,180,-13.84,54.0,1000
2159,385.92,37.526,37.526,3.8619,348.394,180,-13.85,54.0,1000
2160,386.1,37.546,37.546,3.8619,348.554,180,-13.86,54.0,1000
2161,386.28,37.566,37.566,3.8619,348.714,180,-13.87,54.0,1000
2162,386.46,37.586,37.586,3.8619,348.874,180,-13.88,54.0,1000
2163,386.64,37.606,37.606,3.8619,349.034,180,-13.89,54.0,1000
2164,386.82,37.626,37.626,3.8619,349.194,180,-13.91,54.0,1000
2165,387.0,37.646,37.646,3.8619,349.354,180,-13.92,54.0,1000
2166,387.18,37.666,37.666,3.8619,349.514,180,-13.93,54.0,1000
2167,387.36,37.686,37.686,3.8619,349.674,180,-13.94,54.0,1000
2168,387.54,37.706,37.706,3.8619,349.834,180,-13.95,54.0,1000
2169,387.72,37.726,37.726,3.8619,349.994,180,-13.96,54.0,1000
2170,387.9,37.746,37.746,3.8619,350.154,180,-13.97,54.0,1000
2171,388.08,37.766,37.766,3.8619,350.314,180,-13.98,54.0,1000
2172,388.26,37.786,37.786,3.8619,350.474,180,-13.99,54.0,1000
2173,388.44,37.806,37.806,3.8619,350.634,180,-14.0,54.0,1000
2174,388.62,37.826,37.826,3.8619,350.794,180,-14.02,54.0,1000
2175,388.8,37.846,37.846,3.8619,350.954,180,-14.03,54.0,1000
2176,388.98,37.866,37.866,3.8619,351.114,180,-14.04,54.0,1000
2177,389.16,37.886,37.886,3.8619,351.274,180,-14.05,54.0,1000
2178,389.34,37.906,37.906,3.8619,351.434,180,-14.06,54.0,1000
2179,389.52,37.926,37.926,3.8619,351.594,180,-14.07,54.0,1000
2180,389.7,37.946,37.946,3.8619,351.754,180,-14.08,54.0,1000
2181,389.88,37.966,37.966,3.8619,351.914,180,-14.09,54.0,1000
2182,390.06,37.986,37.986,3.8619,352.074,180,-14.1,54.0,1000
2183,390.24,38.006,38.006,3.8619,352.234,180,-14.11,54.0,1000
2184,390.42,38.026,38.026,3.8619,352.394,180,-14.12,54.0,1000
2185,390.6,38.046,38.046,3.8619,352.554,180,-14.13,54.0,1000
2186,390.78,38.066,38.066,3.8619,352.714,180,-14.14,54.0,1000
2187,390.96,38.086,38.086,3.8619,352.874,180,-14.15,54.0,1000
2188,391.14,38.106,38.106,3.8619,353.034,180,-14.16,54.0,1000
2189,391.32,38.126,38.126,3.8619,353.194,180,-14.17,54.0,1000
2190,391.5,38.146,38.146,3.8619,353.354,180,-14.18,54.0,1000
2191,391.68,38.166,38.166,3.8619,353.514,180,-14.19,54.0,1000
2192,391.86,38.186,38.186,3.8619,353.674,180,-14.2,54.0,1000
2193,392.04,38.206,38.206,3.8619,353.834,180,-14.21,54.0,1000
2194,392.22,38.226,38.226,3.8619,353.994,180,-14.22,54.0,1000
2195,392.4,38.246,38.246,3.8619,354.154,180,-14.23,54.0,1000
2196,392.58,38.266,38.266,3.8619,354.314,180,-14.24,54.0,1000
2197,392.76,38.286,38.286,3.8619,354.474,180,-14.25,54.0,1000
2198,392.94,38.306,38.306,3.8619,354.634,180,-14.26,54.0,1000
2199,393.12,38.326,38.326,3.8619,354.794,180,-14.26,54.0,1000
2200,393.3,38.346,38.346,3.8619,354.954,180,-14.27,54.0,1000
2201,393.48,38.366,38.366,3.8619,355.114,180,-14.28,54.0,1000
2202,393.66,38.386,38.386,3.8619,355.274,180,-14.29,54.0,1000
2203,393.84,38.406,38.406,3.8619,355.434,180,-14.3,54.0,1000
2204,394.02,38.426,38.426,3.8619,355.594,180,-14.31,54.0,1000
2205,394.2,38.446,38.446,3.8619,355.754,180,-14.32,54.0,1000
2206,394.38,38.466,38.466,3.8619,355.914,180,-14.33,54.0,1000
2207,394.56,38.486,38.486,3.8619,356.074,180,-14.34,54.0,1000
2208,394.74,38.506,38.506,3.8619,356.234,180,-14.35,54.0,1000
2209,394.92,38.526,38.526,3.8619,356.394,180,-14.35,54.0,1000
2210,395.1,38.546,38.546,3.8619,356.554,180,-14.36,54.0,1000
2211,395.28,38.566,38.566,3.8619,356.714,180,-14.37,54.0,1000
2212,395.46,38.586,38.586,3.8619,356.874,180,-14.38,54.0,1000
2213,395.64,38.606,38.606,3.8619,357.034,180,-14.39,54.0,1000
2214,395.82,38.626,38.626,3.8619,357.194,180,-14.4,54.0,1000
2215,396.0,38.646,38.646,3.8619,357.354,180,-14.41,54.0,1000
2216,396.18,38.666,38.666,3.8619,357.514,180,-14.41,54.0,1000
2217,396.36,38.686,38.686,3.8619,357.674,180,-14.42,54.0,1000
2218,396.54,38.706,38.706,3.8619,357.834,180,-14.43,54.0,1000
2219,396.72,38.726,38.726,3.8619,357.994,180,-14.44,54.0,1000
2220,396.9,38.746,38.746,3.8619,358.154,180,-14.45,54.0,1000
2221,397.08,38.766,38.766,3.8619,358.314,180,-14.46,54.0,1000
2222,397.26,38.786,38.786,3.8619,358.474,180,-14.46,54.0,1000
2223,397.44,38.806,38.806,3.8619,358.634,180,-14.47,54.0,1000
2224,397.62,38.826,38.826,3.8619,358.794,180,-14.48,54.0,1000
2225,397.8,38.846,38.846,3.8619,358.954,180,-14.49,54.0,1000
2226,397.98,38.866,38.866,3.8619,359.114,180,-14.49,54.0,1000
2227,398.16,38.886,38.886,3.8619,359.274,180,-14.5,54.0,1000
2228,398.34,38.906,38.906,3.8619,359.434,180,-14.51,54.0,1000
2229,398.52,38.926,38.926,3.8619,359.594,180,-14.52,54.0,1000
2230,398.7,38.946,38.946,3.8619,359.754,180,-14.52,54.0,1000
2231,398.88,38.966,38.966,3.8619,359.914,180,-14.53,54.0,1000
2232,399.06,38.986,38.986,3.8619,360.074,180,-14.54,54.0,1000
2233,399.24,39.006,39.006,3.8619,360.234,180,-14.55,54.0,1000
2234,399.42,39.026,39.026,3.8619,360.394,180,-14.55,54.0,1000
2235,399.6,39.046,39.046,3.8619,360.554,180,-14.56,54.0,1000
2236,399.78,39.066,39.066,3.8619,360.714,180,-14.57,54.0,1000
2237,399.96,39.086,39.086,3.8619,360.874,180,-14.58,54.0,1000
2238,400.14,39.106,39.106,3.8619,361.034,180,-14.58,54.0,1000
2239,400.32,39.126,39.126,3.8619,361.194,180,-14.59,54.0,1000
2240,400.5,39.146,39.146,3.8619,361.354,180,-14.6,54.0,1000
2241,400.68,39.166,39.166,3.8619,361.514,180,-14.6,54.0,1000
2242,400.86,39.186,39.186,3.8619,361.674,180,-14.61,54.0,1000
2243,401.04,39.206,39.206,3.8619,361.834,180,-14.62,54.0,1000
2244,401.22,39.226,39.226,3.8619,361.994,180,-14.62,54.0,1000
2245,401.4,39.246,39.246,3.8619,362.154,180,-14.63,54.0,1000
2246,401.58,39.266,39.266,3.8619,362.314,180,-14.64,54.0,1000
2247,401.76,39.286,39.286,3.8619,362.474,180,-14.64,54.0,1000
2248,401.94,39.306,39.306,3.8619,362.634,180,-14.65,54.0,1000
2249,402.12,39.326,39.326,3.8619,362.794,180,-14.66,54.0,1000
2250,402.3,39.346,39.346,3.8619,362.954,180,-14.66,54.0,1000
2251,402.48,39.366,39.366,3.8619,363.114,180,-14.67,54.0,1000
2252,402.66,39.386,39.386,3.8619,363.274,180,-14.68,54.0,1000
2253,402.84,39.406,39.406,3.8619,363.434,180,-14.68,54.0,1000
2254,403.02,39.426,39.426,3.8619,363.594,180,-14.69,54.0,1000
2255,403.2,39.446,39.446,3.8619,363.754,180,-14.69,54.0,1000
2256,403.38,39.466,39.466,3.8619,363.914,180,-14.7,54.0,1000
2257,403.56,39.486,39.486,3.8619,364.074,180,-14.71,54.0,1000
2258,403.74,39.506,39.506,3.8619,364.234,180,-14.71,54.0,1000
2259,403.92,39.526,39.526,3.8619,364.394,180,-14.72,54.0,1000
2260,404.1,39.546,39.546,3.8619,364.554,180,-14.72,54.0,1000
2261,404.28,39.566,39.566,3.8619,364.714,180,-14.73,54.0,1000
2262,404.46,39.586,39.586,3.8619,364.874,180,-14.73,54.0,1000
2263,404.64,39.606,39.606,3.8619,365.034,180,-14.74,54.0,1000
2264,404.82,39.626,39.626,3.8619,365.194,180,-14.75,54.0,1000
2265,405.0,39.646,39.646,3.8619,365.354,180,-14.75,54.0,1000
2266,405.18,39.666,39.666,3.8619,365.514,180,-14.76,54.0,1000
2267,405.36,39.686,39.686,3.8619,365.674,180,-14.76,54.0,1000
2268,405.54,39.706,39.706,3.8619,365.834,180,-14.77,54.0,1000
2269,405.72,39.726,39.726,3.8619,365.994,180,-14.77,54.0,1000
2270,405.9,39.746,39.746,3.8619,366.154,180,-14.78,54.0,1000
2271,406.08,39.766,39.766,3.8619,366.314,180,-14.78,54.0,1000
2272,406.26,39.786,39.786,3.8619,366.474,180,-14.79,54.0,1000
2273,406.44,39.806,39.806,3.8619,366.634,180,-14.79,54.0,1000
2274,406.62,39.826,39.826,3.8619,366.794,180,-14.8,54.0,1000
2275,406.8,39.846,39.846,3.8619,366.954,180,-14.8,54.0,1000
2276,406.98,39.866,39.866,3.8619,367.114,180,-14.81,54.0,1000
2277,407.16,39.886,39.886,3.8619,367.274,180,-14.81,54.0,1000
2278,407.34,39.906,39.906,3.8619,367.434,180,-14.82,54.0,1000
2279,407.52,39.926,39.926,3.8619,367.594,180,-14.82,54.0,1000
2280,407.7,39.946,39.946,3.8619,367.754,180,-14.83,54.0,1000
2281,407.88,39.966,39.966,3.8619,367.914,180,-14.83,54.0,1000
2282,408.06,39.986,39.986,3.8619,368.074,180,-14.84,54.0,1000
2283,408.24,40.006,40.006,3.8619,368.234,180,-14.84,54.0,1000
2284,408.42,40.026,40.026,3.8619,368.394,180,-14.84,54.0,1000
2285,408.6,40.046,40.046,3.8619,368.554,180,-14.85,54.0,1000
2286,408.78,40.066,40.066,3.8619,368.714,180,-14.85,54.0,1000
2287,408.96,40.086,40.086,3.8619,368.874,180,-14.86,54.0,1000
2288,409.14,40.106,40.106,3.8619,369.034,180,-14.86,54.0,1000
2289,409.32,40.126,40.126,3.8619,369.194,180,-14.86,54.0,1000
2290,409.5,40.146,40.146,3.8619,369.354,180,-14.87,54.0,1000
2291,409.68,40.166,40.166,3.8619,369.514,180,-14.87,54.0,1000
2292,409.86,40.186,40.186,3.8619,369.674,180,-14.88,54.0,1000
2293,410.04,40.206,40.206,3.8619,369.834,180,-14.88,54.0,1000
2294,410.22,40.226,40.226,3.8619,369.994,180,-14.88,54.0,1000
2295,410.4,40.246,40.246,3.8619,370.154,180,-14.89,54.0,1000
2296,410.58,40.266,40.266,3.8619,370.314,180,-14.89,54.0,1000
2297,410.76,40.286,40.286,3.8619,370.474,180,-14.9,54.0,1000
2298,410.94,40.306,40.306,3.8619,370.634,180,-14.9,54.0,1000
2299,411.12,40.326,40.326,3.8619,370.794,180,-14.9,54.0,1000
2300,411.3,40.346,40.346,3.8619,370.954,180,-14.91,54.0,1000
2301,411.48,40.366,40.366,3.8619,371.114,180,-14.91,54.0,1000
2302,411.66,40.386,40.386,3.8619,371.274,180,-14.91,54.0,1000
2303,411.84,40.406,40.406,3.8619,371.434,180,-14.92,54.0,1000
2304,412.02,40.426,40.426,3.8619,371.594,180,-14.92,54.0,1000
2305,412.2,40.446,40.446,3.8619,371.754,180,-14.92,54.0,1000
2306,412.38,40.466,40.466,3.8619,371.914,180,-14.92,54.0,1000
2307,412.56,40.486,40.486,3.8619,372.074,180,-14.93,54.0,1000
2308,412.74,40.506,40.506,3.8619,372.234,180,-14.93,54.0,1000
2309,412.92,40.526,40.526,3.8619,372.394,180,-14.93,54.0,1000
2310,413.1,40.546,40.546,3.8619,372.554,180,-14.94,54.0,1000
2311,413.28,40.566,40.566,3.8619,372.714,180,-14.94,54.0,1000
2312,413.46,40.586,40.586,3.8619,372.874,180,-14.94,54.0,1000
2313,413.64,40.606,40.606,3.8619,373.034,180,-14.94,54.0,1000
2314,413.82,40.626,40.626,3.8619,373.194,180,-14.95,54.0,1000
2315,414.0,40.646,40.646,3.8619,373.354,180,-14.95,54.0,1000
2316,414.18,40.666,40.666,3.8619,373.514,180,-14.95,54.0,1000
2317,414.36,40.686,40.686,3.8619,373.674,180,-14.95,54.0,1000
2318,414.54,40.706,40.706,3.8619,373.834,180,-14.96,54.0,1000
2319,414.72,40.726,40.726,3.8619,373.994,180,-14.96,54.0,1000
2320,414.9,40.746,40.746,3.8619,374.154,180,-14.96,54.0,1000
2321,415.08,40.766,40.766,3.8619,374.314,180,-14.96,54.0,1000
2322,415.26,40.786,40.786,3.8619,374.474,180,-14.96,54.0,1000
2323,415.44,40.806,40.806,3.8619,374.634,180,-14.97,54.0,1000
2324,415.62,40.826,40.826,3.8619,374.794,180,-14.97,54.0,1000
2325,415.8,40.846,40.846,3.8619,374.954,180,-14.97,54.0,1000
2326,415.98,40.866,40.866,3.8619,375.114,180,-14.97,54.0,1000
2327,416.16,40.886,40.886,3.8619,375.274,180,-14.97,54.0,1000
2328,416.34,40.906,40.906,3.8619,375.434,180,-14.98,54.0,1000
2329,416.52,40.926,40.926,3.8619,375.594,180,-14.98,54.0,1000
2330,416.7,40.946,40.946,3.8619,375.754,180,-14.98,54.0,1000
2331,416.88,40.966,40.966,3.8619,375.914,180,-14.98,54.0,1000
2332,417.06,40.986,40.986,3.8619,376.074,180,-14.98,54.0,1000
2333,417.24,41.006,41.006,3.8619,376.234,180,-14.98,54.0,1000
2334,417.42,41.026,41.026,3.8619,376.394,180,-14.99,54.0,1000
2335,417.6,41.046,41.046,3.8619,376.554,180,-14.99,54.0,1000
2336,417.78,41.066,41.066,3.8619,376.714,180,-14.99,54.0,1000
2337,417.96,41.086,41.086,3.8619,376.874,180,-14.99,54.0,1000
2338,418.14,41.106,41.106,3.8619,377.034,180,-14.99,54.0,1000
2339,418.32,41.126,41.126,3.8619,377.194,180,-14.99,54.0,1000
2340,418.5,41.146,41.146,3.8619,377.354,180,-14.99,54.0,1000
2341,418.68,41.166,41.166,3.8619,377.514,180,-14.99,54.0,1000
2342,418.86,41.186,41.186,3.8619,377.674,180,-14.99,54.0,1000
2343,419.04,41.206,41.206,3.8619,377.834,180,-14.99,54.0,1000
2344,419.22,41.226,41.226,3.8619,377.994,180,-15.0,54.0,1000
2345,419.4,41.246,41.246,3.8619,378.154,180,-15.0,54.0,1000
2346,419.58,41.266,41.266,3.8619,378.314,180,-15.0,54.0,1000
2347,419.76,41.286,41.286,3.8619,378.474,180,-15.0,54.0,1000
2348,419.94,41.306,41.306,3.8619,378.634,180,-15.0,54.0,1000
2349,420.12,41.326,41.326,3.8619,378.794,180,-15.0,54.0,1000
2350,420.3,41.346,41.346,3.8619,378.954,180,-15.0,54.0,1000
2351,420.48,41.366,41.366,3.8619,379.114,180,-15.0,54.0,1000
2352,420.66,41.386,41.386,3.8619,379.274,180,-15.0,54.0,1000
2353,420.84,41.406,41.406,3.8619,379.434,180,-15.0,54.0,1000
2354,421.02,41.426,41.426,3.8619,379.594,180,-15.0,54.0,1000
2355,421.2,41.446,41.446,3.8619,379.754,180,-15.0,54.0,1000
2356,421.38,41.466,41.466,3.8619,379.914,180,-15.0,54.0,1000
2357,421.56,41.486,41.486,3.8619,380.074,180,-15.0,54.0,1000
2358,421.74,41.506,41.506,3.8619,380.234,180,-15.0,54.0,1000
2359,421.92,41.526,41.526,3.8619,380.394,180,-15.0,54.0,1000
2360,422.1,41.546,41.546,3.8619,380.554,180,-15.0,54.0,1000
2361,422.28,41.566,41.566,3.8619,380.714,180,-15.0,54.0,1000
2362,422.46,41.586,41.586,3.8619,380.874,180,-15.0,54.0,1000
2363,422.64,41.606,41.606,3.8619,381.034,180,-15.0,54.0,1000
2364,422.82,41.626,41.626,3.8619,381.194,180,-15.0,54.0,1000
2365,423.0,41.646,41.646,3.8619,381.354,180,-15.0,54.0,1000
2366,423.18,41.666,41.666,3.8619,381.514,180,-15.0,54.0,1000
2367,423.36,41.686,41.686,3.8619,381.674,180,-15.0,54.0,1000
2368,423.54,41.706,41.706,3.8619,381.834,180,-15.0,54.0,1000
2369,423.72,41.726,41.726,3.8619,381.994,180,-15.0,54.0,1000
2370,423.9,41.746,41.746,3.8619,382.154,180,-14.99,54.0,1000
2371,424.08,41.766,41.766,3.8619,382.314,180,-14.99,54.0,1000
2372,424.26,41.786,41.786,3.8619,382.474,180,-14.99,54.0,1000
2373,424.44,41.806,41.806,3.8619,382.634,180,-14.99,54.0,1000
2374,424.62,41.826,41.826,3.8619,382.794,180,-14.99,54.0,1000
2375,424.8,41.846,41.846,3.8619,382.954,180,-14.99,54.0,1000
2376,424.98,41.866,41.866,3.8619,383.114,180,-14.99,54.0,1000
2377,425.16,41.886,41.886,3.8619,383.274,180,-14.99,54.0,1000
2378,425.34,41.906,41.906,3.8619,383.434,180,-14.99,54.0,1000
2379,425.52,41.926,41.926,3.8619,383.594,180,-14.98,54.0,1000
2380,425.7,41.946,41.946,3.8619,383.754,180,-14.98,54.0,1000
2381,425.88,41.966,41.966,3.8619,383.914,180,-14.98,54.0,1000
2382,426.06,41.986,41.986,3.8619,384.074,180,-14.98,54.0,1000
2383,426.24,42.006,42.006,3.8619,384.234,180,-14.98,54.0,1000
2384,426.42,42.026,42.026,3.8619,384.394,180,-14.98,54.0,1000
2385,426.6,42.046,42.046,3.8619,384.554,180,-14.98,54.0,1000
2386,426.78,42.066,42.066,3.8619,384.714,180,-14.97,54.0,1000
2387,426.96,42.086,42.086,3.8619,384.874,180,-14.97,54.0,1000
2388,427.14,42.106,42.106,3.8619,385.034,180,-14.97,54.0,1000
2389,427.32,42.126,42.126,3.8619,385.194,180,-14.97,54.0,1000
2390,427.5,42.146,42.146,3.8619,385.354,180,-14.97,54.0,1000
2391,427.68,42.166,42.166,3.8619,385.514,180,-14.96,54.0,1000
2392,427.86,42.186,42.186,3.8619,385.674,180,-14.96,54.0,1000
2393,428.04,42.206,42.206,3.8619,385.834,180,-14.96,54.0,1000
2394,428.22,42.226,42.226,3.8619,385.994,180,-14.96,54.0,1000
2395,428.4,42.246,42.246,3.8619,386.154,180,-14.95,54.0,1000
2396,428.58,42.266,42.266,3.8619,386.314,180,-14.95,54.0,1000
2397,428.76,42.286,42.286,3.8619,386.474,180,-14.95,54.0,1000
2398,428.94,42.306,42.306,3.8619,386.634,180,-14.95,54.0,1000
2399,429.12,42.326,42.326,3.8619,386.794,180,-14.95,54.0,1000
2400,429.3,42.346,42.346,3.8619,386.954,180,-14.94,54.0,1000
2401,429.48,42.366,42.366,3.8619,387.114,180,-14.94,54.0,1000
2402,429.66,42.386,42.386,3.8619,387.274,180,-14.94,54.0,1000
2403,429.84,42.406,42.406,3.8619,387.434,180,-14.93,54.0,1000
2404,430.02,42.426,42.426,3.8619,387.594,180,-14.93,54.0,1000
2405,430.2,42.446,42.446,3.8619,387.754,180,-14.93,54.0,1000
2406,430.38,42.466,42.466,3.8619,387.914,180,-14.93,54.0,1000
2407,430.56,42.486,42.486,3.8619,388.074,180,-14.92,54.0,1000
2408,430.74,42.506,42.506,3.8619,388.234,180,-14.92,54.0,1000
2409,430.92,42.526,42.526,3.8619,388.394,180,-14.92,54.0,1000
2410,431.1,42.546,42.546,3.8619,388.554,180,-14.91,54.0,1000
2411,431.28,42.566,42.566,3.8619,388.714,180,-14.91,54.0,1000
2412,431.46,42.586,42.586,3.8619,388.874,180,-14.91,54.0,1000
2413,431.64,42.606,42.606,3.8619,389.034,180,-14.9,54.0,1000
2414,431.82,42.626,42.626,3.8619,389.194,180,-14.9,54.0,1000
2415,432.0,42.646,42.646,3.8619,389.354,180,-14.9,54.0,1000
2416,432.18,42.666,42.666,3.8619,389.514,180,-14.89,54.0,1000
2417,432.36,42.686,42.686,3.8619,389.674,180,-14.89,54.0,1000
2418,432.54,42.706,42.706,3.8619,389.834,180,-14.89,54.0,1000
2419,432.72,42.726,42.726,3.8619,389.994,180,-14.88,54.0,1000
2420,432.9,42.746,42.746,3.8619,390.154,180,-14.88,54.0,1000
2421,433.08,42.766,42.766,3.8619,390.314,180,-14.87,54.0,1000
2422,433.26,42.786,42.786,3.8619,390.474,180,-14.87,54.0,1000
2423,433.44,42.806,42.806,3.8619,390.634,180,-14.87,54.0,1000
2424,433.62,42.826,42.826,3.8619,390.794,180,-14.86,54.0,1000
2425,433.8,42.846,42.846,3.8619,390.954,180,-14.86,54.0,1000
2426,433.98,42.866,42.866,3.8619,391.114,180,-14.85,54.0,1000
2427,434.16,42.886,42.886,3.8619,391.274,180,-14.85,54.0,1000
2428,434.34,42.906,42.906,3.8619,391.434,180,-14.85,54.0,1000
2429,434.52,42.926,42.926,3.8619,391.594,180,-14.84,54.0,1000
2430,434.7,42.946,42.946,3.8619,391.754,180,-14.84,54.0,1000
2431,434.88,42.966,42.966,3.8619,391.914,180,-14.83,54.0,1000
2432,435.06,42.986,42.986,3.8619,392.074,180,-14.83,54.0,1000
2433,435.24,43.006,43.006,3.8619,392.234,180,-14.82,54.0,1000
2434,435.42,43.026,43.026,3.8619,392.394,180,-14.82,54.0,1000
2435,435.6,43.046,43.046,3.8619,392.554,180,-14.81,54.0,1000
2436,435.78,43.066,43.066,3.8619,392.714,180,-14.81,54.0,1000
2437,435.96,43.086,43.086,3.8619,392.874,180,-14.8,54.0,1000
2438,436.14,43.106,43.106,3.8619,393.034,180,-14.8,54.0,1000
2439,436.32,43.126,43.126,3.8619,393.194,180,-14.79,54.0,1000
2440,436.5,43.146,43.146,3.8619,393.354,180,-14.79,54.0,1000
2441,436.68,43.166,43.166,3.8619,393.514,180,-14.78,54.0,1000
2442,436.86,43.186,43.186,3.8619,393.674,180,-14.78,54.0,1000
2443,437.04,43.206,43.206,3.8619,393.834,180,-14.77,54.0,1000
2444,437.22,43.226,43.226,3.8619,393.994,180,-14.77,54.0,1000
2445,437.4,43.246,43.246,3.8619,394.154,180,-14.76,54.0,1000
2446,437.58,43.266,43.266,3.8619,394.314,180,-14.76,54.0,1000
2447,437.76,43.286,43.286,3.8619,394.474,180,-14.75,54.0,1000
2448,437.94,43.306,43.306,3.8619,394.634,180,-14.75,54.0,1000
2449,438.12,43.326,43.326,3.8619,394.794,180,-14.74,54.0,1000
2450,438.3,43.346,43.346,3.8619,394.954,180,-14.74,54.0,1000
2451,438.48,43.366,43.366,3.8619,395.114,180,-14.73,54.0,1000
2452,438.66,43.386,43.386,3.8619,395.274,180,-14.73,54.0,1000
2453,438.84,43.406,43.406,3.8619,395.434,180,-14.72,54.0,1000
2454,439.02,43.426,43.426,3.8619,395.594,180,-14.71,54.0,1000
2455,439.2,43.446,43.446,3.8619,395.754,180,-14.71,54.0,1000
2456,439.38,43.466,43.466,3.8619,395.914,180,-14.7,54.0,1000
2457,439.56,43.486,43.486,3.8619,396.074,180,-14.7,54.0,1000
2458,439.74,43.506,43.506,3.8619,396.234,180,-14.69,54.0,1000
2459,439.92,43.526,43.526,3.8619,396.394,180,-14.68,54.0,1000
2460,440.1,43.546,43.546,3.8619,396.554,180,-14.68,54.0,1000
2461,440.28,43.566,43.566,3.8619,396.714,180,-14.67,54.0,1000
2462,440.46,43.586,43.586,3.8619,396.874,180,-14.67,54.0,1000
2463,440.64,43.606,43.606,3.8619,397.034,180,-14.66,54.0,1000
2464,440.82,43.626,43.626,3.8619,397.194,180,-14.65,54.0,1000
2465,441.0,43.646,43.646,3.8619,397.354,180,-14.65,54.0,1000
2466,441.18,43.666,43.666,3.8619,397.514,180,-14.64,54.0,1000
2467,441.36,43.686,43.686,3.8619,397.674,180,-14.63,54.0,1000
2468,441.54,43.706,43.706,3.8619,397.834,180,-14.63,54.0,1000
2469,441.72,43.726,43.726,3.8619,397.994,180,-14.62,54.0,1000
2470,441.9,43.746,43.746,3.8619,398.154,180,-14.61,54.0,1000
2471,442.08,43.766,43.766,3.8619,398.314,180,-14.61,54.0,1000
2472,442.26,43.786,43.786,3.8619,398.474,180,-14.6,54.0,1000
2473,442.44,43.806,43.806,3.8619,398.634,180,-14.59,54.0,1000
2474,442.62,43.826,43.826,3.8619,398.794,180,-14.59,54.0,1000
2475,442.8,43.846,43.846,3.8619,398.954,180,-14.58,54.0,1000
2476,442.98,43.866,43.866,3.8619,399.114,180,-14.57,54.0,1000
2477,443.16,43.886,43.886,3.8619,399.274,180,-14.56,54.0,1000
2478,443.34,43.906,43.906,3.8619,399.434,180,-14.56,54.0,1000
2479,443.52,43.926,43.926,3.8619,399.594,180,-14.55,54.0,1000
2480,443.7,43.946,43.946,3.8619,399.754,180,-14.54,54.0,1000
2481,443.88,43.966,43.966,3.8619,399.914,180,-14.54,54.0,1000
2482,444.06,43.986,43.986,3.8619,400.074,180,-14.53,54.0,1000
2483,444.24,44.006,44.006,3.8619,400.234,180,-14.52,54.0,1000
2484,444.42,44.026,44.026,3.8619,400.394,180,-14.51,54.0,1000
2485,444.6,44.046,44.046,3.8619,400.554,180,-14.51,54.0,1000
2486,444.78,44.066,44.066,3.8619,400.714,180,-14.5,54.0,1000
2487,444.96,44.086,44.086,3.8619,400.874,180,-14.49,54.0,1000
2488,445.14,44.106,44.106,3.8619,401.034,180,-14.48,54.0,1000
2489,445.32,44.126,44.126,3.8619,401.194,180,-14.47,54.0,1000
2490,445.5,44.146,44.146,3.8619,401.354,180,-14.47,54.0,1000
2491,445.68,44.166,44.166,3.8619,401.514,180,-14.46,54.0,1000
2492,445.86,44.186,44.186,3.8619,401.674,180,-14.45,54.0,1000
2493,446.04,44.206,44.206,3.8619,401.834,180,-14.44,54.0,1000
2494,446.22,44.226,44.226,3.8619,401.994,180,-14.43,54.0,1000
2495,446.4,44.246,44.246,3.8619,402.154,180,-14.43,54.0,1000
2496,446.58,44.266,44.266,3.8619,402.314,180,-14.42,54.0,1000
2497,446.76,44.286,44.286,3.8619,402.474,180,-14.41,54.0,1000
2498,446.94,44.306,44.306,3.8619,402.634,180,-14.4,54.0,1000
2499,447.12,44.326,44.326,3.8619,402.794,180,-14.39,54.0,1000
2500,447.3,44.346,44.346,3.8619,402.954,180,-14.38,54.0,1000
2501,447.48,44.366,44.366,3.8619,403.114,180,-14.38,54.0,1000
2502,447.66,44.386,44.386,3.8619,403.274,180,-14.37,54.0,1000
2503,447.84,44.406,44.406,3.8619,403.434,180,-14.36,54.0,1000
2504,448.02,44.426,44.426,3.8619,403.594,180,-14.35,54.0,1000
2505,448.2,44.446,44.446,3.8619,403.754,180,-14.34,54.0,1000
2506,448.38,44.466,44.466,3.8619,403.914,180,-14.33,54.0,1000
2507,448.56,44.486,44.486,3.8619,404.074,180,-14.32,54.0,1000
2508,448.74,44.506,44.506,3.8619,404.234,180,-14.31,54.0,1000
2509,448.92,44.526,44.526,3.8619,404.394,180,-14.3,54.0,1000
2510,449.1,44.546,44.546,3.8619,404.554,180,-14.3,54.0,1000
2511,449.28,44.566,44.566,3.8619,404.714,180,-14.29,54.0,1000
2512,449.46,44.586,44.586,3.8619,404.874,180,-14.28,54.0,1000
2513,449.64,44.606,44.606,3.8619,405.034,180,-14.27,54.0,1000
2514,449.82,44.626,44.626,3.8619,405.194,180,-14.26,54.0,1000
2515,450.0,44.646,44.646,3.8619,405.354,180,-14.25,54.0,1000
2516,450.18,44.666,44.666,3.8619,405.514,180,-14.24,54.0,1000
2517,450.36,44.686,44.686,3.8619,405.674,180,-14.23,54.0,1000
2518,450.54,44.706,44.706,3.8619,405.834,180,-14.22,54.0,1000
2519,450.72,44.726,44.726,3.8619,405.994,180,-14.21,54.0,1000
2520,450.9,44.746,44.746,3.8619,406.154,180,-14.2,54.0,1000
2521,451.08,44.766,44.766,3.8619,406.314,180,-14.19,54.0,1000
2522,451.26,44.786,44.786,3.8619,406.474,180,-14.18,54.0,1000
2523,451.44,44.806,44.806,3.8619,406.634,180,-14.17,54.0,1000
2524,451.62,44.826,44.826,3.8619,406.794,180,-14.16,54.0,1000
2525,451.8,44.846,44.846,3.8619,406.954,180,-14.15,54.0,1000
2526,451.98,44.866,44.866,3.8619,407.114,180,-14.14,54.0,1000
2527,452.16,44.886,44.886,3.8619,407.274,180,-14.13,54.0,1000
2528,452.34,44.906,44.906,3.8619,407.434,180,-14.12,54.0,1000
2529,452.52,44.926,44.926,3.8619,407.594,180,-14.11,54.0,1000
2530,452.7,44.946,44.946,3.8619,407.754,180,-14.1,54.0,1000
2531,452.88,44.966,44.966,3.8619,407.914,180,-14.09,54.0,1000
2532,453.06,44.986,44.986,3.8619,408.074,180,-14.08,54.0,1000
2533,453.24,45.006,45.006,3.8619,408.234,180,-14.07,54.0,1000
2534,453.42,45.026,45.026,3.8619,408.394,180,-14.06,54.0,1000
2535,453.6,45.046,45.046,3.8619,408.554,180,-14.05,54.0,1000
2536,453.78,45.066,45.066,3.8619,408.714,180,-14.04,54.0,1000
2537,453.96,45.086,45.086,3.8619,408.874,180,-14.03,54.0,1000
2538,454.14,45.106,45.106,3.8619,409.034,180,-14.02,54.0,1000
2539,454.32,45.126,45.126,3.8619,409.194,180,-14.01,54.0,1000
2540,454.5,45.146,45.146,3.8619,409.354,180,-14.0,54.0,1000
2541,454.68,45.166,45.166,3.8619,409.514,180,-13.99,54.0,1000
2542,454.86,45.186,45.186,3.8619,409.674,180,-13.98,54.0,1000
2543,455.04,45.206,45.206,3.8619,409.834,180,-13.97,54.0,1000
2544,455.22,45.226,45.226,3.8619,409.994,180,-13.95,54.0,1000
2545,455.4,45.246,45.246,3.8619,410.154,180,-13.94,54.0,1000
2546,455.58,45.266,45.266,3.8619,410.314,180,-13.93,54.0,1000
2547,455.76,45.286,45.286,3.8619,410.474,180,-13.92,54.0,1000
2548,455.94,45.306,45.306,3.8619,410.634,180,-13.91,54.0,1000
2549,456.12,45.326,45.326,3.8619,410.794,180,-13.9,54.0,1000
2550,456.3,45.346,45.346,3.8619,410.954,180,-13.89,54.0,1000
2551,456.48,45.366,45.366,3.8619,411.114,180,-13.88,54.0,1000
2552,456.66,45.386,45.386,3.8619,411.274,180,-13.86,54.0,1000
2553,456.84,45.406,45.406,3.8619,411.434,180,-13.85,54.0,1000
2554,457.02,45.426,45.426,3.8619,411.594,180,-13.84,54.0,1000
2555,457.2,45.446,45.446,3.8619,411.754,180,-13.83,54.0,1000
2556,457.38,45.466,45.466,3.8619,411.914,180,-13.82,54.0,1000
2557,457.56,45.486,45.486,3.8619,412.074,180,-13.81,54.0,1000
2558,457.74,45.506,45.506,3.8619,412.234,180,-13.79,54.0,1000
2559,457.92,45.526,45.526,3.8619,412.394,180,-13.78,54.0,1000
2560,458.1,45.546,45.546,3.8619,412.554,180,-13.77,54.0,1000
2561,458.28,45.566,45.566,3.8619,412.714,180,-13.76,54.0,1000
2562,458.46,45.586,45.586,3.8619,412.874,180,-13.75,54.0,1000
2563,458.64,45.606,45.606,3.8619,413.034,180,-13.74,54.0,1000
2564,458.82,45.626,45.626,3.8619,413.194,180,-13.72,54.0,1000
2565,459.0,45.646,45.646,3.8619,413.354,180,-13.71,54.0,1000
2566,459.18,45.666,45.666,3.8619,413.514,180,-13.7,54.0,1000
2567,459.36,45.686,45.686,3.8619,413.674,180,-13.69,54.0,1000
2568,459.54,45.706,45.706,3.8619,413.834,180,-13.67,54.0,1000
2569,459.72,45.726,45.726,3.8619,413.994,180,-13.66,54.0,1000
2570,459.9,45.746,45.746,3.8619,414.154,180,-13.65,54.0,1000
2571,460.08,45.766,45.766,3.8619,414.314,180,-13.64,54.0,1000
2572,460.26,45.786,45.786,3.8619,414.474,180,-13.62,54.0,1000
2573,460.44,45.806,45.806,3.8619,414.634,180,-13.61,54.0,1000
2574,460.62,45.826,45.826,3.8619,414.794,180,-13.6,54.0,1000
2575,460.8,45.846,45.846,3.8619,414.954,180,-13.59,54.0,1000
2576,460.98,45.866,45.866,3.8619,415.114,180,-13.57,54.0,1000
2577,461.16,45.886,45.886,3.8619,415.274,180,-13.56,54.0,1000
2578,461.34,45.906,45.906,3.8619,415.434,180,-13.55,54.0,1000
2579,461.52,45.926,45.926,3.8619,415.594,180,-13.54,54.0,1000
2580,461.7,45.946,45.946,3.8619,415.754,180,-13.52,54.0,1000
2581,461.88,45.966,45.966,3.8619,415.914,180,-13.51,54.0,1000
2582,462.06,45.986,45.986,3.8619,416.074,180,-13.5,54.0,1000
2583,462.24,46.006,46.006,3.8619,416.234,180,-13.48,54.0,1000
2584,462.42,46.026,46.026,3.8619,416.394,180,-13.47,54.0,1000
2585,462.6,46.046,46.046,3.8619,416.554,180,-13.46,54.0,1000
2586,462.78,46.066,46.066,3.8619,416.714,180,-13.44,54.0,1000
2587,462.96,46.086,46.086,3.8619,416.874,180,-13.43,54.0,1000
2588,463.14,46.106,46.106,3.8619,417.034,180,-13.42,54.0,1000
2589,463.32,46.126,46.126,3.8619,417.194,180,-13.4,54.0,1000
2590,463.5,46.146,46.146,3.8619,417.354,180,-13.39,54.0,1000
2591,463.68,46.166,46.166,3.8619,417.514,180,-13.38,54.0,1000
2592,463.86,46.186,46.186,3.8619,417.674,180,-13.36,54.0,1000
2593,464.04,46.206,46.206,3.8619,417.834,180,-13.35,54.0,1000
2594,464.22,46.226,46.226,3.8619,417.994,180,-13.34,54.0,1000
2595,464.4,46.246,46.246,3.8619,418.154,180,-13.32,54.0,1000
2596,464.58,46.266,46.266,3.8619,418.314,180,-13.31,54.0,1000
2597,464.76,46.286,46.286,3.8619,418.474,180,-13.29,54.0,1000
2598,464.94,46.306,46.306,3.8619,418.634,180,-13.28,54.0,1000
2599,465.12,46.326,46.326,3.8619,418.794,180,-13.27,54.0,1000
2600,465.3,46.346,46.346,3.8619,418.954,180,-13.25,54.0,1000
2601,465.48,46.366,46.366,3.8619,419.114,180,-13.24,54.0,1000
2602,465.66,46.386,46.386,3.8619,419.274,180,-13.22,54.0,1000
2603,465.84,46.406,46.406,3.8619,419.434,180,-13.21,54.0,1000
2604,466.02,46.426,46.426,3.8619,419.594,180,-13.2,54.0,1000
2605,466.2,46.446,46.446,3.8619,419.754,180,-13.18,54.0,1000
2606,466.38,46.466,46.466,3.8619,419.914,180,-13.17,54.0,1000
2607,466.56,46.486,46.486,3.8619,420.074,180,-13.15,54.0,1000
2608,466.74,46.506,46.506,3.8619,420.234,180,-13.14,54.0,1000
2609,466.92,46.526,46.526,3.8619,420.394,180,-13.12,54.0,1000
2610,467.1,46.546,46.546,3.8619,420.554,180,-13.11,54.0,1000
2611,467.28,46.566,46.566,3.8619,420.714,180,-13.09,54.0,1000
2612,467.46,46.586,46.586,3.8619,420.874,180,-13.08,54.0,1000
2613,467.64,46.606,46.606,3.8619,421.034,180,-13.06,54.0,1000
2614,467.82,46.626,46.626,3.8619,421.194,180,-13.05,54.0,1000
2615,468.0,46.646,46.646,3.8619,421.354,180,-13.04,54.0,1000
2616,468.18,46.666,46.666,3.8619,421.514,180,-13.02,54.0,1000
2617,468.36,46.686,46.686,3.8619,421.674,180,-13.01,54.0,1000
2618,468.54,46.706,46.706,3.8619,421.834,180,-12.99,54.0,1000
2619,468.72,46.726,46.726,3.8619,421.994,180,-12.98,54.0,1000
2620,468.9,46.746,46.746,3.8619,422.154,180,-12.96,54.0,1000
2621,469.08,46.766,46.766,3.8619,422.314,180,-12.95,54.0,1000
2622,469.26,46.786,46.786,3.8619,422.474,180,-12.93,54.0,1000
2623,469.44,46.806,46.806,3.8619,422.634,180,-12.91,54.0,1000
2624,469.62,46.826,46.826,3.8619,422.794,180,-12.9,54.0,1000
2625,469.8,46.846,46.846,3.8619,422.954,180,-12.88,54.0,1000
2626,469.98,46.866,46.866,3.8619,423.114,180,-12.87,54.0,1000
2627,470.16,46.886,46.886,3.8619,423.274,180,-12.85,54.0,1000
2628,470.34,46.906,46.906,3.8619,423.434,180,-12.84,54.0,1000
2629,470.52,46.926,46.926,3.8619,423.594,180,-12.82,54.0,1000
2630,470.7,46.946,46.946,3.8619,423.754,180,-12.81,54.0,1000
2631,470.88,46.966,46.966,3.8619,423.914,180,-12.79,54.0,1000
2632,471.06,46.986,46.986,3.8619,424.074,180,-12.78,54.0,1000
2633,471.24,47.006,47.006,3.8619,424.234,180,-12.76,54.0,1000
2634,471.42,47.026,47.026,3.8619,424.394,180,-12.74,54.0,1000
2635,471.6,47.046,47.046,3.8619,424.554,180,-12.73,54.0,1000
2636,471.78,47.066,47.066,3.8619,424.714,180,-12.71,54.0,1000
2637,471.96,47.086,47.086,3.8619,424.874,180,-12.7,54.0,1000
2638,472.14,47.106,47.106,3.8619,425.034,180,-12.68,54.0,1000
2639,472.32,47.126,47.126,3.8619,425.194,180,-12.66,54.0,1000
2640,472.5,47.146,47.146,3.8619,425.354,180,-12.65,54.0,1000
2641,472.68,47.166,47.166,3.8619,425.514,180,-12.63,54.0,1000
2642,472.86,47.186,47.186,3.8619,425.674,180,-12.62,54.0,1000
2643,473.04,47.206,47.206,3.8619,425.834,180,-12.6,54.0,1000
2644,473.22,47.226,47.226,3.8619,425.994,180,-12.58,54.0,1000
2645,473.4,47.246,47.246,3.8619,426.154,180,-12.57,54.0,1000
2646,473.58,47.266,47.266,3.8619,426.314,180,-12.55,54.0,1000
2647,473.76,47.286,47.286,3.8619,426.474,180,-12.53,54.0,1000
2648,473.94,47.306,47.306,3.8619,426.634,180,-12.52,54.0,1000
2649,474.12,47.326,47.326,3.8619,426.794,180,-12.5,54.0,1000
2650,474.3,47.346,47.346,3.8619,426.954,180,-12.48,54.0,1000
2651,474.48,47.366,47.366,3.8619,427.114,180,-12.47,54.0,1000
2652,474.66,47.386,47.386,3.8619,427.274,180,-12.45,54.0,1000
2653,474.84,47.406,47.406,3.8619,427.434,180,-12.43,54.0,1000
2654,475.02,47.426,47.426,3.8619,427.594,180,-12.42,54.0,1000
2655,475.2,47.446,47.446,3.8619,427.754,180,-12.4,54.0,1000
2656,475.38,47.466,47.466,3.8619,427.914,180,-12.38,54.0,1000
2657,475.56,47.486,47.486,3.8619,428.074,180,-12.37,54.0,1000
2658,475.74,47.506,47.506,3.8619,428.234,180,-12.35,54.0,1000
2659,475.92,47.526,47.526,3.8619,428.394,180,-12.33,54.0,1000
2660,476.1,47.546,47.546,3.8619,428.554,180,-12.32,54.0,1000
2661,476.28,47.566,47.566,3.8619,428.714,180,-12.3,54.0,1000
2662,476.46,47.586,47.586,3.8619,428.874,180,-12.28,54.0,1000
2663,476.64,47.606,47.606,3.8619,429.034,180,-12.26,54.0,1000
2664,476.82,47.626,47.626,3.8619,429.194,180,-12.25,54.0,1000
2665,477.0,47.646,47.646,3.8619,429.354,180,-12.23,54.0,1000
2666,477.18,47.666,47.666,3.8619,429.514,180,-12.21,54.0,1000
2667,477.36,47.686,47.686,3.8619,429.674,180,-12.19,54.0,1000
2668,477.54,47.706,47.706,3.8619,429.834,180,-12.18,54.0,1000
2669,477.72,47.726,47.726,3.8619,429.994,180,-12.16,54.0,1000
2670,477.9,47.746,47.746,3.8619,430.154,180,-12.14,54.0,1000
2671,478.08,47.766,47.766,3.8619,430.314,180,-12.12,54.0,1000
2672,478.26,47.786,47.786,3.8619,430.474,180,-12.11,54.0,1000
2673,478.44,47.806,47.806,3.8619,430.634,180,-12.09,54.0,1000
2674,478.62,47.826,47.826,3.8619,430.794,180,-12.07,54.0,1000
2675,478.8,47.846,47.846,3.8619,430.954,180,-12.05,54.0,1000
2676,478.98,47.866,47.866,3.8619,431.114,180,-12.03,54.0,1000
2677,479.16,47.886,47.886,3.8619,431.274,180,-12.02,54.0,1000
2678,479.34,47.906,47.906,3.8619,431.434,180,-12.0,54.0,1000
2679,479.52,47.926,47.926,3.8619,431.594,180,-11.98,54.0,1000
2680,479.7,47.946,47.946,3.8619,431.754,180,-11.96,54.0,1000
2681,479.88,47.966,47.966,3.8619,431.914,180,-11.94,54.0,1000
2682,480.06,47.986,47.986,3.8619,432.074,180,-11.93,54.0,1000
2683,480.24,48.006,48.006,3.8619,432.234,180,-11.91,54.0,1000
2684,480.42,48.026,48.026,3.8619,432.394,180,-11.89,54.0,1000
2685,480.6,48.046,48.046,3.8619,432.554,180,-11.87,54.0,1000
2686,480.78,48.066,48.066,3.8619,432.714,180,-11.85,54.0,1000
2687,480.96,48.086,48.086,3.8619,432.874,180,-11.84,54.0,1000
2688,481.14,48.106,48.106,3.8619,433.034,180,-11.82,54.0,1000
2689,481.32,48.126,48.126,3.8619,433.194,180,-11.8,54.0,1000
2690,481.5,48.146,48.146,3.8619,433.354,180,-11.78,54.0,1000
2691,481.68,48.166,48.166,3.8619,433.514,180,-11.76,54.0,1000
2692,481.86,48.186,48.186,3.8619,433.674,180,-11.74,54.0,1000
2693,482.04,48.206,48.206,3.8619,433.834,180,-11.72,54.0,1000
2694,482.22,48.226,48.226,3.8619,433.994,180,-11.7,54.0,1000
2695,482.4,48.246,48.246,3.8619,434.154,180,-11.69,54.0,1000
2696,482.58,48.266,48.266,3.8619,434.314,180,-11.67,54.0,1000
2697,482.76,48.286,48.286,3.8619,434.474,180,-11.65,54.0,1000
2698,482.94,48.306,48.306,3.8619,434.634,180,-11.63,54.0,1000
2699,483.12,48.326,48.326,3.8619,434.794,180,-11.61,54.0,1000
2700,483.3,48.346,48.346,3.8619,434.954,180,-11.59,54.0,1000
2701,483.48,48.366,48.366,3.8619,435.114,180,-11.57,54.0,1000
2702,483.66,48.386,48.386,3.8619,435.274,180,-11.55,54.0,1000
2703,483.84,48.406,48.406,3.8619,435.434,180,-11.53,54.0,1000
2704,484.02,48.426,48.426,3.8619,435.594,180,-11.51,54.0,1000
2705,484.2,48.446,48.446,3.8619,435.754,180,-11.5,54.0,1000
2706,484.38,48.466,48.466,3.8619,435.914,180,-11.48,54.0,1000
2707,484.56,48.486,48.486,3.8619,436.074,180,-11.46,54.0,1000
2708,484.74,48.506,48.506,3.8619,436.234,180,-11.44,54.0,1000
2709,484.92,48.526,48.526,3.8619,436.394,180,-11.42,54.0,1000
2710,485.1,48.546,48.546,3.8619,436.554,180,-11.4,54.0,1000
2711,485.28,48.566,48.566,3.8619,436.714,180,-11.38,54.0,1000
2712,485.46,48.586,48.586,3.8619,436.874,180,-11.36,54.0,1000
2713,485.64,48.606,48.606,3.8619,437.034,180,-11.34,54.0,1000
2714,485.82,48.626,48.626,3.8619,437.194,180,-11.32,54.0,1000
2715,486.0,48.646,48.646,3.8619,437.354,180,-11.3,54.0,1000
2716,486.18,48.666,48.666,3.8619,437.514,180,-11.28,54.0,1000
2717,486.36,48.686,48.686,3.8619,437.674,180,-11.26,54.0,1000
2718,486.54,48.706,48.706,3.8619,437.834,180,-11.24,54.0,1000
2719,486.72,48.726,48.726,3.8619,437.994,180,-11.22,54.0,1000
2720,486.9,48.746,48.746,3.8619,438.154,180,-11.2,54.0,1000
2721,487.08,48.766,48.766,3.8619,438.314,180,-11.18,54.0,1000
2722,487.26,48.786,48.786,3.8619,438.474,180,-11.16,54.0,1000
2723,487.44,48.806,48.806,3.8619,438.634,180,-11.14,54.0,1000
2724,487.62,48.826,48.826,3.8619,438.794,180,-11.12,54.0,1000
2725,487.8,48.846,48.846,3.8619,438.954,180,-11.1,54.0,1000
2726,487.98,48.866,48.866,3.8619,439.114,180,-11.08,54.0,1000
2727,488.16,48.886,48.886,3.8619,439.274,180,-11.06,54.0,1000
2728,488.34,48.906,48.906,3.8619,439.434,180,-11.04,54.0,1000
2729,488.52,48.926,48.926,3.8619,439.594,180,-11.02,54.0,1000
2730,488.7,48.946,48.946,3.8619,439.754,180,-11.0,54.0,1000
2731,488.88,48.966,48.966,3.8619,439.914,180,-10.98,54.0,1000
2732,489.06,48.986,48.986,3.8619,440.074,180,-10.96,54.0,1000
2733,489.24,49.006,49.006,3.8619,440.234,180,-10.94,54.0,1000
2734,489.42,49.026,49.026,3.8619,440.394,180,-10.92,54.0,1000
2735,489.6,49.046,49.046,3.8619,440.554,180,-10.9,54.0,1000
2736,489.78,49.066,49.066,3.8619,440.714,180,-10.88,54.0,1000
2737,489.96,49.086,49.086,3.8619,440.874,180,-10.86,54.0,1000
2738,490.14,49.106,49.106,3.8619,441.034,180,-10.84,54.0,1000
2739,490.32,49.126,49.126,3.8619,441.194,180,-10.81,54.0,1000
2740,490.5,49.146,49.146,3.8619,441.354,180,-10.79,54.0,1000
2741,490.68,49.166,49.166,3.8619,441.514,180,-10.77,54.0,1000
2742,490.86,49.186,49.186,3.8619,441.674,180,-10.75,54.0,1000
2743,491.04,49.206,49.206,3.8619,441.834,180,-10.73,54.0,1000
2744,491.22,49.226,49.226,3.8619,441.994,180,-10.71,54.0,1000
2745,491.4,49.246,49.246,3.8619,442.154,180,-10.69,54.0,1000
2746,491.58,49.266,49.266,3.8619,442.314,180,-10.67,54.0,1000
2747,491.76,49.286,49.286,3.8619,442.474,180,-10.65,54.0,1000
2748,491.94,49.306,49.306,3.8619,442.634,180,-10.63,54.0,1000
2749,492.12,49.326,49.326,3.8619,442.794,180,-10.6,54.0,1000
2750,492.3,49.346,49.346,3.8619,442.954,180,-10.58,54.0,1000
2751,492.48,49.366,49.366,3.8619,443.114,180,-10.56,54.0,1000
2752,492.66,49.386,49.386,3.8619,443.274,180,-10.54,54.0,1000
2753,492.84,49.406,49.406,3.8619,443.434,180,-10.52,54.0,1000
2754,493.02,49.426,49.426,3.8619,443.594,180,-10.5,54.0,1000
2755,493.2,49.446,49.446,3.8619,443.754,180,-10.48,54.0,1000
2756,493.38,49.466,49.466,3.8619,443.914,180,-10.45,54.0,1000
2757,493.56,49.486,49.486,3.8619,444.074,180,-10.43,54.0,1000
2758,493.74,49.506,49.506,3.8619,444.234,180,-10.41,54.0,1000
2759,493.92,49.526,49.526,3.8619,444.394,180,-10.39,54.0,1000
2760,494.1,49.546,49.546,3.8619,444.554,180,-10.37,54.0,1000
2761,494.28,49.566,49.566,3.8619,444.714,180,-10.35,54.0,1000
2762,494.46,49.586,49.586,3.8619,444.874,180,-10.32,54.0,1000
2763,494.64,49.606,49.606,3.8619,445.034,180,-10.3,54.0,1000
2764,494.82,49.626,49.626,3.8619,445.194,180,-10.28,54.0,1000
2765,495.0,49.646,49.646,3.8619,445.354,180,-10.26,54.0,1000
2766,495.18,49.666,49.666,3.8619,445.514,180,-10.24,54.0,1000
2767,495.36,49.686,49.686,3.8619,445.674,180,-10.22,54.0,1000
2768,495.54,49.706,49.706,3.8619,445.834,180,-10.19,54.0,1000
2769,495.72,49.726,49.726,3.8619,445.994,180,-10.17,54.0,1000
2770,495.9,49.746,49.746,3.8619,446.154,180,-10.15,54.0,1000
2771,496.08,49.766,49.766,3.8619,446.314,180,-10.13,54.0,1000
2772,496.26,49.786,49.786,3.8619,446.474,180,-10.11,54.0,1000
2773,496.44,49.806,49.806,3.8619,446.634,180,-10.08,54.0,1000
2774,496.62,49.826,49.826,3.8619,446.794,180,-10.06,54.0,1000
2775,496.8,49.846,49.846,3.8619,446.954,180,-10.04,54.0,1000
2776,496.98,49.866,49.866,3.8619,447.114,180,-10.02,54.0,1000
2777,497.16,49.886,49.886,3.8619,447.274,180,-9.99,54.0,1000
2778,497.34,49.906,49.906,3.8619,447.434,180,-9.97,54.0,1000
2779,497.52,49.926,49.926,3.8619,447.594,180,-9.95,54.0,1000
2780,497.7,49.946,49.946,3.8619,447.754,180,-9.93,54.0,1000
2781,497.88,49.966,49.966,3.8619,447.914,180,-9.9,54.0,1000
2782,498.06,49.986,49.986,3.8619,448.074,180,-9.88,54.0,1000
2783,498.24,50.006,50.006,3.8619,448.234,180,-9.86,54.0,1000
2784,498.42,50.026,50.026,3.8619,448.394,180,-9.84,54.0,1000
2785,498.6,50.046,50.046,3.8619,448.554,180,-9.81,54.0,1000
2786,498.78,50.066,50.066,3.8619,448.714,180,-9.79,54.0,1000
2787,498.96,50.086,50.086,3.8619,448.874,180,-9.77,54.0,1000
2788,499.14,50.106,50.106,3.8619,449.034,180,-9.75,54.0,1000
2789,499.32,50.126,50.126,3.8619,449.194,180,-9.72,54.0,1000
2790,499.5,50.146,50.146,3.8619,449.354,180,-9.7,54.0,1000
2791,499.68,50.166,50.166,3.8619,449.514,180,-9.68,54.0,1000
2792,499.86,50.186,50.186,3.8619,449.674,180,-9.65,54.0,1000
2793,500.04,50.206,50.206,3.8619,449.834,180,-9.63,54.0,1000
2794,500.22,50.226,50.226,3.8619,449.994,180,-9.61,54.0,1000
2795,500.4,50.246,50.246,3.8619,450.154,180,-9.58,54.0,1000
2796,500.58,50.266,50.266,3.8619,450.314,180,-9.56,54.0,1000
2797,500.76,50.286,50.286,3.8619,450.474,180,-9.54,54.0,1000
2798,500.94,50.306,50.306,3.8619,450.634,180,-9.52,54.0,1000
2799,501.12,50.326,50.326,3.8619,450.794,180,-9.49,54.0,1000
2800,501.3,50.346,50.346,3.8619,450.954,180,-9.47,54.0,1000
2801,501.48,50.366,50.366,3.8619,451.114,180,-9.45,54.0,1000
2802,501.66,50.386,50.386,3.8619,451.274,180,-9.42,54.0,1000
2803,501.84,50.406,50.406,3.8619,451.434,180,-9.4,54.0,1000
2804,502.02,50.426,50.426,3.8619,451.594,180,-9.38,54.0,1000
2805,502.2,50.446,50.446,3.8619,451.754,180,-9.35,54.0,1000
2806,502.38,50.466,50.466,3.8619,451.914,180,-9.33,54.0,1000
2807,502.56,50.486,50.486,3.8619,452.074,180,-9.31,54.0,1000
2808,502.74,50.506,50.506,3.8619,452.234,180,-9.28,54.0,1000
2809,502.92,50.526,50.526,3.8619,452.394,180,-9.26,54.0,1000
2810,503.1,50.546,50.546,3.8619,452.554,180,-9.23,54.0,1000
2811,503.28,50.566,50.566,3.8619,452.714,180,-9.21,54.0,1000
2812,503.46,50.586,50.586,3.8619,452.874,180,-9.19,54.0,1000
2813,503.64,50.606,50.606,3.8619,453.034,180,-9.16,54.0,1000
2814,503.82,50.626,50.626,3.8619,453.194,180,-9.14,54.0,1000
2815,504.0,50.646,50.646,3.8619,453.354,180,-9.12,54.0,1000
2816,504.18,50.666,50.666,3.8619,453.514,180,-9.09,54.0,1000
2817,504.36,50.686,50.686,3.8619,453.674,180,-9.07,54.0,1000
2818,504.54,50.706,50.706,3.8619,453.834,180,-9.04,54.0,1000
2819,504.72,50.726,50.726,3.8619,453.994,180,-9.02,54.0,1000
2820,504.9,50.746,50.746,3.8619,454.154,180,-9.0,54.0,1000
2821,505.08,50.766,50.766,3.8619,454.314,180,-8.97,54.0,1000
2822,505.26,50.786,50.786,3.8619,454.474,180,-8.95,54.0,1000
2823,505.44,50.806,50.806,3.8619,454.634,180,-8.92,54.0,1000
2824,505.62,50.826,50.826,3.8619,454.794,180,-8.9,54.0,1000
2825,505.8,50.846,50.846,3.8619,454.954,180,-8.88,54.0,1000
2826,505.98,50.866,50.866,3.8619,455.114,180,-8.85,54.0,1000
2827,506.16,50.886,50.886,3.8619,455.274,180,-8.83,54.0,1000
2828,506.34,50.906,50.906,3.8619,455.434,180,-8.8,54.0,1000
2829,506.52,50.926,50.926,3.8619,455.594,180,-8.78,54.0,1000
2830,506.7,50.946,50.946,3.8619,455.754,180,-8.75,54.0,1000
2831,506.88,50.966,50.966,3.8619,455.914,180,-8.73,54.0,1000
2832,507.06,50.986,50.986,3.8619,456.074,180,-8.71,54.0,1000
2833,507.24,51.006,51.006,3.8619,456.234,180,-8.68,54.0,1000
2834,507.42,51.026,51.026,3.8619,456.394,180,-8.66,54.0,1000
2835,507.6,51.046,51.046,3.8619,456.554,180,-8.63,54.0,1000
2836,507.78,51.066,51.066,3.8619,456.714,180,-8.61,54.0,1000
2837,507.96,51.086,51.086,3.8619,456.874,180,-8.58,54.0,1000
2838,508.14,51.106,51.106,3.8619,457.034,180,-8.56,54.0,1000
2839,508.32,51.126,51.126,3.8619,457.194,180,-8.53,54.0,1000
2840,508.5,51.146,51.146,3.8619,457.354,180,-8.51,54.0,1000
2841,508.68,51.166,51.166,3.8619,457.514,180,-8.48,54.0,1000
2842,508.86,51.186,51.186,3.8619,457.674,180,-8.46,54.0,1000
2843,509.04,51.206,51.206,3.8619,457.834,180,-8.43,54.0,1000
2844,509.22,51.226,51.226,3.8619,457.994,180,-8.41,54.0,1000
2845,509.4,51.246,51.246,3.8619,458.154,180,-8.39,54.0,1000
2846,509.58,51.266,51.266,3.8619,458.314,180,-8.36,54.0,1000
2847,509.76,51.286,51.286,3.8619,458.474,180,-8.34,54.0,1000
2848,509.94,51.306,51.306,3.8619,458.634,180,-8.31,54.0,1000
2849,510.12,51.326,51.326,3.8619,458.794,180,-8.29,54.0,1000
2850,510.3,51.346,51.346,3.8619,458.954,180,-8.26,54.0,1000
2851,510.48,51.366,51.366,3.8619,459.114,180,-8.24,54.0,1000
2852,510.66,51.386,51.386,3.8619,459.274,180,-8.21,54.0,1000
2853,510.84,51.406,51.406,3.8619,459.434,180,-8.19,54.0,1000
2854,511.02,51.426,51.426,3.8619,459.594,180,-8.16,54.0,1000
2855,511.2,51.446,51.446,3.8619,459.754,180,-8.13,54.0,1000
2856,511.38,51.466,51.466,3.8619,459.914,180,-8.11,54.0,1000
2857,511.56,51.486,51.486,3.8619,460.074,180,-8.08,54.0,1000
2858,511.74,51.506,51.506,3.8619,460.234,180,-8.06,54.0,1000
2859,511.92,51.526,51.526,3.8619,460.394,180,-8.03,54.0,1000
2860,512.1,51.546,51.546,3.8619,460.554,180,-8.01,54.0,1000
2861,512.28,51.566,51.566,3.8619,460.714,180,-7.98,54.0,1000
2862,512.46,51.586,51.586,3.8619,460.874,180,-7.96,54.0,1000
2863,512.64,51.606,51.606,3.8619,461.034,180,-7.93,54.0,1000
2864,512.82,51.626,51.626,3.8619,461.194,180,-7.91,54.0,1000
2865,513.0,51.646,51.646,3.8619,461.354,180,-7.88,54.0,1000
2866,513.18,51.666,51.666,3.8619,461.514,180,-7.86,54.0,1000
2867,513.36,51.686,51.686,3.8619,461.674,180,-7.83,54.0,1000
2868,513.54,51.706,51.706,3.8619,461.834,180,-7.8,54.0,1000
2869,513.72,51.726,51.726,3.8619,461.994,180,-7.78,54.0,1000
2870,513.9,51.746,51.746,3.8619,462.154,180,-7.75,54.0,1000
2871,514.08,51.766,51.766,3.8619,462.314,180,-7.73,54.0,1000
2872,514.26,51.786,51.786,3.8619,462.474,180,-7.7,54.0,1000
2873,514.44,51.806,51.806,3.8619,462.634,180,-7.68,54.0,1000
2874,514.62,51.826,51.826,3.8619,462.794,180,-7.65,54.0,1000
2875,514.8,51.846,51.846,3.8619,462.954,180,-7.62,54.0,1000
2876,514.98,51.866,51.866,3.8619,463.114,180,-7.6,54.0,1000
2877,515.16,51.886,51.886,3.8619,463.274,180,-7.57,54.0,1000
2878,515.34,51.906,51.906,3.8619,463.434,180,-7.55,54.0,1000
2879,515.52,51.926,51.926,3.8619,463.594,180,-7.52,54.0,1000
2880,515.7,51.946,51.946,3.8619,463.754,180,-7.49,54.0,1000
2881,515.88,51.966,51.966,3.8619,463.914,180,-7.47,54.0,1000
2882,516.06,51.986,51.986,3.8619,464.074,180,-7.44,54.0,1000
2883,516.24,52.006,52.006,3.8619,464.234,180,-7.42,54.0,1000
2884,516.42,52.026,52.026,3.8619,464.394,180,-7.39,54.0,1000
2885,516.6,52.046,52.046,3.8619,464.554,180,-7.36,54.0,1000
2886,516.78,52.066,52.066,3.8619,464.714,180,-7.34,54.0,1000
2887,516.96,52.086,52.086,3.8619,464.874,180,-7.31,54.0,1000
2888,517.14,52.106,52.106,3.8619,465.034,180,-7.29,54.0,1000
2889,517.32,52.126,52.126,3.8619,465.194,180,-7.26,54.0,1000
2890,517.5,52.146,52.146,3.8619,465.354,180,-7.23,54.0,1000
2891,517.68,52.166,52.166,3.8619,465.514,180,-7.21,54.0,1000
2892,517.86,52.186,52.186,3.8619,465.674,180,-7.18,54.0,1000
2893,518.04,52.206,52.206,3.8619,465.834,180,-7.15,54.0,1000
2894,518.22,52.226,52.226,3.8619,465.994,180,-7.13,54.0,1000
2895,518.4,52.246,52.246,3.8619,466.154,180,-7.1,54.0,1000
2896,518.58,52.266,52.266,3.8619,466.314,180,-7.08,54.0,1000
2897,518.76,52.286,52.286,3.8619,466.474,180,-7.05,54.0,1000
2898,518.94,52.306,52.306,3.8619,466.634,180,-7.02,54.0,1000
2899,519.12,52.326,52.326,3.8619,466.794,180,-7.0,54.0,1000
2900,519.3,52.346,52.346,3.8619,466.954,180,-6.97,54.0,1000
2901,519.48,52.366,52.366,3.8619,467.114,180,-6.94,54.0,1000
2902,519.66,52.386,52.386,3.8619,467.274,180,-6.92,54.0,1000
2903,519.84,52.406,52.406,3.8619,467.434,180,-6.89,54.0,1000
2904,520.02,52.426,52.426,3.8619,467.594,180,-6.86,54.0,1000
2905,520.2,52.446,52.446,3.8619,467.754,180,-6.84,54.0,1000
2906,520.38,52.466,52.466,3.8619,467.914,180,-6.81,54.0,1000
2907,520.56,52.486,52.486,3.8619,468.074,180,-6.78,54.0,1000
2908,520.74,52.506,52.506,3.8619,468.234,180,-6.76,54.0,1000
2909,520.92,52.526,52.526,3.8619,468.394,180,-6.73,54.0,1000
2910,521.1,52.546,52.546,3.8619,468.554,180,-6.7,54.0,1000
2911,521.28,52.566,52.566,3.8619,468.714,180,-6.68,54.0,1000
2912,521.46,52.586,52.586,3.8619,468.874,180,-6.65,54.0,1000
2913,521.64,52.606,52.606,3.8619,469.034,180,-6.62,54.0,1000
2914,521.82,52.626,52.626,3.8619,469.194,180,-6.59,54.0,1000
2915,522.0,52.646,52.646,3.8619,469.354,180,-6.57,54.0,1000
2916,522.18,52.666,52.666,3.8619,469.514,180,-6.54,54.0,1000
2917,522.36,52.686,52.686,3.8619,469.674,180,-6.51,54.0,1000
2918,522.54,52.706,52.706,3.8619,469.834,180,-6.49,54.0,1000
2919,522.72,52.726,52.726,3.8619,469.994,180,-6.46,54.0,1000
2920,522.9,52.746,52.746,3.8619,470.154,180,-6.43,54.0,1000
2921,523.08,52.766,52.766,3.8619,470.314,180,-6.41,54.0,1000
2922,523.26,52.786,52.786,3.8619,470.474,180,-6.38,54.0,1000
2923,523.44,52.806,52.806,3.8619,470.634,180,-6.35,54.0,1000
2924,523.62,52.826,52.826,3.8619,470.794,180,-6.32,54.0,1000
2925,523.8,52.846,52.846,3.8619,470.954,180,-6.3,54.0,1000
2926,523.98,52.866,52.866,3.8619,471.114,180,-6.27,54.0,1000
2927,524.16,52.886,52.886,3.8619,471.274,180,-6.24,54.0,1000
2928,524.34,52.906,52.906,3.8619,471.434,180,-6.21,54.0,1000
2929,524.52,52.926,52.926,3.8619,471.594,180,-6.19,54.0,1000
2930,524.7,52.946,52.946,3.8619,471.754,180,-6.16,54.0,1000
2931,524.88,52.966,52.966,3.8619,471.914,180,-6.13,54.0,1000
2932,525.06,52.986,52.986,3.8619,472.074,180,-6.11,54.0,1000
2933,525.24,53.006,53.006,3.8619,472.234,180,-6.08,54.0,1000
2934,525.42,53.026,53.026,3.8619,472.394,180,-6.05,54.0,1000
2935,525.6,53.046,53.046,3.8619,472.554,180,-6.02,54.0,1000
2936,525.78,53.066,53.066,3.8619,472.714,180,-6.0,54.0,1000
2937,525.96,53.086,53.086,3.8619,472.874,180,-5.97,54.0,1000
2938,526.14,53.106,53.106,3.8619,473.034,180,-5.94,54.0,1000
2939,526.32,53.126,53.126,3.8619,473.194,180,-5.91,54.0,1000
2940,526.5,53.146,53.146,3.8619,473.354,180,-5.89,54.0,1000
2941,526.68,53.166,53.166,3.8619,473.514,180,-5.86,54.0,1000
2942,526.86,53.186,53.186,3.8619,473.674,180,-5.83,54.0,1000
2943,527.04,53.206,53.206,3.8619,473.834,180,-5.8,54.0,1000
2944,527.22,53.226,53.226,3.8619,473.994,180,-5.77,54.0,1000
2945,527.4,53.246,53.246,3.8619,474.154,180,-5.75,54.0,1000
2946,527.58,53.266,53.266,3.8619,474.314,180,-5.72,54.0,1000
2947,527.76,53.286,53.286,3.8619,474.474,180,-5.69,54.0,1000
2948,527.94,53.306,53.306,3.8619,474.634,180,-5.66,54.0,1000
2949,528.12,53.326,53.326,3.8619,474.794,180,-5.64,54.0,1000
2950,528.3,53.346,53.346,3.8619,474.954,180,-5.61,54.0,1000
2951,528.48,53.366,53.366,3.8619,475.114,180,-5.58,54.0,1000
2952,528.66,53.386,53.386,3.8619,475.274,180,-5.55,54.0,1000
2953,528.84,53.406,53.406,3.8619,475.434,180,-5.52,54.0,1000
2954,529.02,53.426,53.426,3.8619,475.594,180,-5.5,54.0,1000
2955,529.2,53.446,53.446,3.8619,475.754,180,-5.47,54.0,1000
2956,529.38,53.466,53.466,3.8619,475.914,180,-5.44,54.0,1000
2957,529.56,53.486,53.486,3.8619,476.074,180,-5.41,54.0,1000
2958,529.74,53.506,53.506,3.8619,476.234,180,-5.38,54.0,1000
2959,529.92,53.526,53.526,3.8619,476.394,180,-5.36,54.0,1000
2960,530.1,53.546,53.546,3.8619,476.554,180,-5.33,54.0,1000
2961,530.28,53.566,53.566,3.8619,476.714,180,-5.3,54.0,1000
2962,530.46,53.586,53.586,3.8619,476.874,180,-5.27,54.0,1000
2963,530.64,53.606,53.606,3.8619,477.034,180,-5.24,54.0,1000
2964,530.82,53.626,53.626,3.8619,477.194,180,-5.22,54.0,1000
2965,531.0,53.646,53.646,3.8619,477.354,180,-5.19,54.0,1000
2966,531.18,53.666,53.666,3.8619,477.514,180,-5.16,54.0,1000
2967,531.36,53.686,53.686,3.8619,477.674,180,-5.13,54.0,1000
2968,531.54,53.706,53.706,3.8619,477.834,180,-5.1,54.0,1000
2969,531.72,53.726,53.726,3.8619,477.994,180,-5.08,54.0,1000
2970,531.9,53.746,53.746,3.8619,478.154,180,-5.05,54.0,1000
2971,532.08,53.766,53.766,3.8619,478.314,180,-5.02,54.0,1000
2972,532.26,53.786,53.786,3.8619,478.474,180,-4.99,54.0,1000
2973,532.44,53.806,53.806,3.8619,478.634,180,-4.96,54.0,1000
2974,532.62,53.826,53.826,3.8619,478.794,180,-4.93,54.0,1000
2975,532.8,53.846,53.846,3.8619,478.954,180,-4.91,54.0,1000
2976,532.98,53.866,53.866,3.8619,479.114,180,-4.88,54.0,1000
2977,533.16,53.886,53.886,3.8619,479.274,180,-4.85,54.0,1000
2978,533.34,53.906,53.906,3.8619,479.434,180,-4.82,54.0,1000
2979,533.52,53.926,53.926,3.8619,479.594,180,-4.79,54.0,1000
2980,533.7,53.946,53.946,3.8619,479.754,180,-4.76,54.0,1000
2981,533.88,53.966,53.966,3.8619,479.914,180,-4.74,54.0,1000
2982,534.06,53.986,53.986,3.8619,480.074,180,-4.71,54.0,1000
2983,534.24,54.006,54.006,3.8619,480.234,180,-4.68,54.0,1000
2984,534.42,54.026,54.026,3.8619,480.394,180,-4.65,54.0,1000
2985,534.6,54.046,54.046,3.8619,480.554,180,-4.62,54.0,1000
2986,534.78,54.066,54.066,3.8619,480.714,180,-4.59,54.0,1000
2987,534.96,54.086,54.086,3.8619,480.874,180,-4.56,54.0,1000
2988,535.14,54.106,54.106,3.8619,481.034,180,-4.54,54.0,1000
2989,535.32,54.126,54.126,3.8619,481.194,180,-4.51,54.0,1000
2990,535.5,54.146,54.146,3.8619,481.354,180,-4.48,54.0,1000
2991,535.68,54.166,54.166,3.8619,481.514,180,-4.45,54.0,1000
2992,535.86,54.186,54.186,3.8619,481.674,180,-4.42,54.0,1000
2993,536.04,54.206,54.206,3.8619,481.834,180,-4.39,54.0,1000
2994,536.22,54.226,54.226,3.8619,481.994,180,-4.36,54.0,1000
2995,536.4,54.246,54.246,3.8619,482.154,180,-4.34,54.0,1000
2996,536.58,54.266,54.266,3.8619,482.314,180,-4.31,54.0,1000
2997,536.76,54.286,54.286,3.8619,482.474,180,-4.28,54.0,1000
2998,536.94,54.306,54.306,3.8619,482.634,180,-4.25,54.0,1000
2999,537.12,54.326,54.326,3.8619,482.794,180,-4.22,54.0,1000
3000,537.3,54.346,54.346,3.8619,482.954,180,-4.19,54.0,1000
3001,537.48,54.366,54.366,3.8619,483.114,180,-4.16,54.0,1000
3002,537.66,54.386,54.386,3.8619,483.274,180,-4.13,54.0,1000
3003,537.84,54.406,54.406,3.8619,483.434,180,-4.1,54.0,1000
3004,538.02,54.426,54.426,3.8619,483.594,180,-4.08,54.0,1000
3005,538.2,54.446,54.446,3.8619,483.754,180,-4.05,54.0,1000
3006,538.38,54.466,54.466,3.8619,483.914,180,-4.02,54.0,1000
3007,538.56,54.486,54.486,3.8619,484.074,180,-3.99,54.0,1000
3008,538.74,54.506,54.506,3.8619,484.234,180,-3.96,54.0,1000
3009,538.92,54.526,54.526,3.8619,484.394,180,-3.93,54.0,1000
3010,539.1,54.546,54.546,3.8619,484.554,180,-3.9,54.0,1000
3011,539.28,54.566,54.566,3.8619,484.714,180,-3.87,54.0,1000
3012,539.46,54.586,54.586,3.8619,484.874,180,-3.84,54.0,1000
3013,539.64,54.606,54.606,3.8619,485.034,180,-3.82,54.0,1000
3014,539.82,54.626,54.626,3.8619,485.194,180,-3.79,54.0,1000
3015,540.0,54.646,54.646,3.8619,485.354,180,-3.76,54.0,1000
3016,540.18,54.666,54.666,3.8619,485.514,180,-3.73,54.0,1000
3017,540.36,54.686,54.686,3.8619,485.674,180,-3.7,54.0,1000
3018,540.54,54.706,54.706,3.8619,485.834,180,-3.67,54.0,1000
3019,540.72,54.726,54.726,3.8619,485.994,180,-3.64,54.0,1000
3020,540.9,54.746,54.746,3.8619,486.154,180,-3.61,54.0,1000
3021,541.08,54.766,54.766,3.8619,486.314,180,-3.58,54.0,1000
3022,541.26,54.786,54.786,3.8619,486.474,180,-3.55,54.0,1000
3023,541.44,54.806,54.806,3.8619,486.634,180,-3.52,54.0,1000
3024,541.62,54.826,54.826,3.8619,486.794,180,-3.5,54.0,1000
3025,541.8,54.846,54.846,3.8619,486.954,180,-3.47,54.0,1000
3026,541.98,54.866,54.866,3.8619,487.114,180,-3.44,54.0,1000
3027,542.16,54.886,54.886,3.8619,487.274,180,-3.41,54.0,1000
3028,542.34,54.906,54.906,3.8619,487.434,180,-3.38,54.0,1000
3029,542.52,54.926,54.926,3.8619,487.594,180,-3.35,54.0,1000
3030,542.7,54.946,54.946,3.8619,487.754,180,-3.32,54.0,1000
3031,542.88,54.966,54.966,3.8619,487.914,180,-3.29,54.0,1000
3032,543.06,54.986,54.986,3.8619,488.074,180,-3.26,54.0,1000
3033,543.24,55.006,55.006,3.8619,488.234,180,-3.23,54.0,1000
3034,543.42,55.026,55.026,3.8619,488.394,180,-3.2,54.0,1000
3035,543.6,55.046,55.046,3.8619,488.554,180,-3.17,54.0,1000
3036,543.78,55.066,55.066,3.8619,488.714,180,-3.14,54.0,1000
3037,543.96,55.086,55.086,3.8619,488.874,180,-3.11,54.0,1000
3038,544.14,55.106,55.106,3.8619,489.034,180,-3.09,54.0,1000
3039,544.32,55.126,55.126,3.8619,489.194,180,-3.06,54.0,1000
3040,544.5,55.146,55.146,3.8619,489.354,180,-3.03,54.0,1000
3041,544.68,55.166,55.166,3.8619,489.514,180,-3.0,54.0,1000
3042,544.86,55.186,55.186,3.8619,489.674,180,-2.97,54.0,1000
3043,545.04,55.206,55.206,3.8619,489.834,180,-2.94,54.0,1000
3044,545.22,55.226,55.226,3.8619,489.994,180,-2.91,54.0,1000
3045,545.4,55.246,55.246,3.8619,490.154,180,-2.88,54.0,1000
3046,545.58,55.266,55.266,3.8619,490.314,180,-2.85,54.0,1000
3047,545.76,55.286,55.286,3.8619,490.474,180,-2.82,54.0,1000
3048,545.94,55.306,55.306,3.8619,490.634,180,-2.79,54.0,1000
3049,546.12,55.326,55.326,3.8619,490.794,180,-2.76,54.0,1000
3050,546.3,55.346,55.346,3.8619,490.954,180,-2.73,54.0,1000
3051,546.48,55.366,55.366,3.8619,491.114,180,-2.7,54.0,1000
3052,546.66,55.386,55.386,3.8619,491.274,180,-2.67,54.0,1000
3053,546.84,55.406,55.406,3.8619,491.434,180,-2.64,54.0,1000
3054,547.02,55.426,55.426,3.8619,491.594,180,-2.61,54.0,1000
3055,547.2,55.446,55.446,3.8619,491.754,180,-2.58,54.0,1000
3056,547.38,55.466,55.466,3.8619,491.914,180,-2.56,54.0,1000
3057,547.56,55.486,55.486,3.8619,492.074,180,-2.53,54.0,1000
3058,547.74,55.506,55.506,3.8619,492.234,180,-2.5,54.0,1000
3059,547.92,55.526,55.526,3.8619,492.394,180,-2.47,54.0,1000
3060,548.1,55.546,55.546,3.8619,492.554,180,-2.44,54.0,1000
3061,548.28,55.566,55.566,3.8619,492.714,180,-2.41,54.0,1000
3062,548.46,55.586,55.586,3.8619,492.874,180,-2.38,54.0,1000
3063,548.64,55.606,55.606,3.8619,493.034,180,-2.35,54.0,1000
3064,548.82,55.626,55.626,3.8619,493.194,180,-2.32,54.0,1000
3065,549.0,55.646,55.646,3.8619,493.354,180,-2.29,54.0,1000
3066,549.18,55.666,55.666,3.8619,493.514,180,-2.26,54.0,1000
3067,549.36,55.686,55.686,3.8619,493.674,180,-2.23,54.0,1000
3068,549.54,55.706,55.706,3.8619,493.834,180,-2.2,54.0,1000
3069,549.72,55.726,55.726,3.8619,493.994,180,-2.17,54.0,1000
3070,549.9,55.746,55.746,3.8619,494.154,180,-2.14,54.0,1000
3071,550.08,55.766,55.766,3.8619,494.314,180,-2.11,54.0,1000
3072,550.26,55.786,55.786,3.8619,494.474,180,-2.08,54.0,1000
3073,550.44,55.806,55.806,3.8619,494.634,180,-2.05,54.0,1000
3074,550.62,55.826,55.826,3.8619,494.794,180,-2.02,54.0,1000
3075,550.8,55.846,55.846,3.8619,494.954,180,-1.99,54.0,1000
3076,550.98,55.866,55.866,3.8619,495.114,180,-1.96,54.0,1000
3077,551.16,55.886,55.886,3.8619,495.274,180,-1.93,54.0,1000
3078,551.34,55.906,55.906,3.8619,495.434,180,-1.9,54.0,1000
3079,551.52,55.926,55.926,3.8619,495.594,180,-1.87,54.0,1000
3080,551.7,55.946,55.946,3.8619,495.754,180,-1.84,54.0,1000
3081,551.88,55.966,55.966,3.8619,495.914,180,-1.81,54.0,1000
3082,552.06,55.986,55.986,3.8619,496.074,180,-1.78,54.0,1000
3083,552.24,56.006,56.006,3.8619,496.234,180,-1.75,54.0,1000
3084,552.42,56.026,56.026,3.8619,496.394,180,-1.72,54.0,1000
3085,552.6,56.046,56.046,3.8619,496.554,180,-1.69,54.0,1000
3086,552.78,56.066,56.066,3.8619,496.714,180,-1.66,54.0,1000
3087,552.96,56.086,56.086,3.8619,496.874,180,-1.63,54.0,1000
3088,553.14,56.106,56.106,3.8619,497.034,180,-1.6,54.0,1000
3089,553.32,56.126,56.126,3.8619,497.194,180,-1.57,54.0,1000
3090,553.5,56.146,56.146,3.8619,497.354,180,-1.55,54.0,1000
3091,553.68,56.166,56.166,3.8619,497.514,180,-1.52,54.0,1000
3092,553.86,56.186,56.186,3.8619,497.674,180,-1.49,54.0,1000
3093,554.04,56.206,56.206,3.8619,497.834,180,-1.46,54.0,1000
3094,554.22,56.226,56.226,3.8619,497.994,180,-1.43,54.0,1000
3095,554.4,56.246,56.246,3.8619,498.154,180,-1.4,54.0,1000
3096,554.58,56.266,56.266,3.8619,498.314,180,-1.37,54.0,1000
3097,554.76,56.286,56.286,3.8619,498.474,180,-1.34,54.0,1000
3098,554.94,56.306,56.306,3.8619,498.634,180,-1.31,54.0,1000
3099,555.12,56.326,56.326,3.8619,498.794,180,-1.28,54.0,1000
3100,555.3,56.346,56.346,3.8619,498.954,180,-1.25,54.0,1000
3101,555.48,56.366,56.366,3.8619,499.114,180,-1.22,54.0,1000
3102,555.66,56.386,56.386,3.8619,499.274,180,-1.19,54.0,1000
3103,555.84,56.406,56.406,3.8619,499.434,180,-1.16,54.0,1000
3104,556.02,56.426,56.426,3.8619,499.594,180,-1.13,54.0,1000
3105,556.2,56.446,56.446,3.8619,499.754,180,-1.1,54.0,1000
3106,556.38,56.466,56.466,3.8619,499.914,180,-1.07,54.0,1000
3107,556.56,56.486,56.486,3.8619,500.074,180,-1.04,54.0,1000
3108,556.74,56.506,56.506,3.8619,500.234,180,-1.01,54.0,1000
3109,556.92,56.526,56.526,3.8619,500.394,180,-0.98,54.0,1000
3110,557.1,56.546,56.546,3.8619,500.554,180,-0.95,54.0,1000
3111,557.28,56.566,56.566,3.8619,500.714,180,-0.92,54.0,1000
3112,557.46,56.586,56.586,3.8619,500.874,180,-0.89,54.0,1000
3113,557.64,56.606,56.606,3.8619,501.034,180,-0.86,54.0,1000
3114,557.82,56.626,56.626,3.8619,501.194,180,-0.83,54.0,1000
3115,558.0,56.646,56.646,3.8619,501.354,180,-0.8,54.0,1000
3116,558.18,56.666,56.666,3.8619,501.514,180,-0.77,54.0,1000
3117,558.36,56.686,56.686,3.8619,501.674,180,-0.74,54.0,1000
3118,558.54,56.706,56.706,3.8619,501.834,180,-0.71,54.0,1000
3119,558.72,56.726,56.726,3.8619,501.994,180,-0.68,54.0,1000
3120,558.9,56.746,56.746,3.8619,502.154,180,-0.65,54.0,1000
3121,559.08,56.766,56.766,3.8619,502.314,180,-0.62,54.0,1000
3122,559.26,56.786,56.786,3.8619,502.474,180,-0.59,54.0,1000
3123,559.44,56.806,56.806,3.8619,502.634,180,-0.56,54.0,1000
3124,559.62,56.826,56.826,3.8619,502.794,180,-0.53,54.0,1000
3125,559.8,56.846,56.846,3.8619,502.954,180,-0.5,54.0,1000
3126,559.98,56.866,56.866,3.8619,503.114,180,-0.47,54.0,1000
3127,560.16,56.886,56.886,3.8619,503.274,180,-0.44,54.0,1000
3128,560.34,56.906,56.906,3.8619,503.434,180,-0.41,54.0,1000
3129,560.52,56.926,56.926,3.8619,503.594,180,-0.38,54.0,1000
3130,560.7,56.946,56.946,3.8619,503.754,180,-0.35,54.0,1000
3131,560.88,56.966,56.966,3.8619,503.914,180,-0.32,54.0,1000
3132,561.06,56.986,56.986,3.8619,504.074,180,-0.29,54.0,1000
3133,561.24,57.006,57.006,3.8619,504.234,180,-0.26,54.0,1000
3134,561.42,57.026,57.026,3.8619,504.394,180,-0.23,54.0,1000
3135,561.6,57.046,57.046,3.8619,504.554,180,-0.2,54.0,1000
3136,561.78,57.066,57.066,3.8619,504.714,180,-0.17,54.0,1000
3137,561.96,57.086,57.086,3.8619,504.874,180,-0.14,54.0,1000
3138,562.14,57.106,57.106,3.8619,505.034,180,-0.11,54.0,1000
3139,562.32,57.126,57.126,3.8619,505.194,180,-0.08,54.0,1000
3140,562.5,57.146,57.146,3.8619,505.354,180,-0.05,54.0,1000
3141,562.68,57.166,57.166,3.8619,505.514,180,-0.02,54.0,1000
3142,562.86,57.146,57.146,3.8619,505.714,180,0.01,54.0,1000
3143,563.04,57.126,57.126,3.8619,505.914,180,0.04,54.0,1000
3144,563.22,57.106,57.106,3.8619,506.114,180,0.07,54.0,1000
3145,563.4,57.086,57.086,3.8619,506.314,180,0.1,54.0,1000
3146,563.58,57.066,57.066,3.8619,506.514,180,0.13,54.0,1000
3147,563.76,57.046,57.046,3.8619,506.714,180,0.16,54.0,1000
3148,563.94,57.026,57.026,3.8619,506.914,180,0.19,54.0,1000
3149,564.12,57.006,57.006,3.8619,507.114,180,0.22,54.0,1000
3150,564.3,56.986,56.986,3.8619,507.314,180,0.25,54.0,1000
3151,564.48,56.966,56.966,3.8619,507.514,180,0.28,54.0,1000
3152,564.66,56.946,56.946,3.8619,507.714,180,0.31,54.0,1000
3153,564.84,56.926,56.926,3.8619,507.914,180,0.34,54.0,1000
3154,565.02,56.906,56.906,3.8619,508.114,180,0.37,54.0,1000
3155,565.2,56.886,56.886,3.8619,508.314,180,0.4,54.0,1000
3156,565.38,56.866,56.866,3.8619,508.514,180,0.43,54.0,1000
3157,565.56,56.846,56.846,3.8619,508.714,180,0.46,54.0,1000
3158,565.74,56.826,56.826,3.8619,508.914,180,0.49,54.0,1000
3159,565.92,56.806,56.806,3.8619,509.114,180,0.52,54.0,1000
3160,566.1,56.786,56.786,3.8619,509.314,180,0.55,54.0,1000
3161,566.28,56.766,56.766,3.8619,509.514,180,0.58,54.0,1000
3162,566.46,56.746,56.746,3.8619,509.714,180,0.61,54.0,1000
3163,566.64,56.726,56.726,3.8619,509.914,180,0.64,54.0,1000
3164,566.82,56.706,56.706,3.8619,510.114,180,0.67,54.0,1000
3165,567.0,56.686,56.686,3.8619,510.314,180,0.7,54.0,1000
3166,567.18,56.666,56.666,3.8619,510.514,180,0.73,54.0,1000
3167,567.36,56.646,56.646,3.8619,510.714,180,0.76,54.0,1000
3168,567.54,56.626,56.626,3.8619,510.914,180,0.79,54.0,1000
3169,567.72,56.606,56.606,3.8619,511.114,180,0.82,54.0,1000
3170,567.9,56.586,56.586,3.8619,511.314,180,0.85,54.0,1000
3171,568.08,56.566,56.566,3.8619,511.514,180,0.88,54.0,1000
3172,568.26,56.546,56.546,3.8619,511.714,180,0.91,54.0,1000
3173,568.44,56.526,56.526,3.8619,511.914,180,0.94,54.0,1000
3174,568.62,56.506,56.506,3.8619,512.114,180,0.97,54.0,1000
3175,568.8,56.486,56.486,3.8619,512.314,180,1.0,54.0,1000
3176,568.98,56.466,56.466,3.8619,512.514,180,1.03,54.0,1000
3177,569.16,56.446,56.446,3.8619,512.714,180,1.06,54.0,1000
3178,569.34,56.426,56.426,3.8619,512.914,180,1.09,54.0,1000
3179,569.52,56.406,56.406,3.8619,513.114,180,1.12,54.0,1000
3180,569.7,56.386,56.386,3.8619,513.314,180,1.15,54.0,1000
3181,569.88,56.366,56.366,3.8619,513.514,180,1.18,54.0,1000
3182,570.06,56.346,56.346,3.8619,513.714,180,1.21,54.0,1000
3183,570.24,56.326,56.326,3.8619,513.914,180,1.24,54.0,1000
3184,570.42,56.306,56.306,3.8619,514.114,180,1.27,54.0,1000
3185,570.6,56.286,56.286,3.8619,514.314,180,1.3,54.0,1000
3186,570.78,56.266,56.266,3.8619,514.514,180,1.33,54.0,1000
3187,570.96,56.246,56.246,3.8619,514.714,180,1.36,54.0,1000
3188,571.14,56.226,56.226,3.8619,514.914,180,1.39,54.0,1000
3189,571.32,56.206,56.206,3.8619,515.114,180,1.42,54.0,1000
3190,571.5,56.186,56.186,3.8619,515.314,180,1.45,54.0,1000
3191,571.68,56.166,56.166,3.8619,515.514,180,1.48,54.0,1000
3192,571.86,56.146,56.146,3.8619,515.714,180,1.51,54.0,1000
3193,572.04,56.126,56.126,3.8619,515.914,180,1.54,54.0,1000
3194,572.22,56.106,56.106,3.8619,516.114,180,1.57,54.0,1000
3195,572.4,56.086,56.086,3.8619,516.314,180,1.6,54.0,1000
3196,572.58,56.066,56.066,3.8619,516.514,180,1.63,54.0,1000
3197,572.76,56.046,56.046,3.8619,516.714,180,1.66,54.0,1000
3198,572.94,56.026,56.026,3.8619,516.914,180,1.69,54.0,1000
3199,573.12,56.006,56.006,3.8619,517.114,180,1.72,54.0,1000
3200,573.3,55.986,55.986,3.8619,517.314,180,1.75,54.0,1000
3201,573.48,55.966,55.966,3.8619,517.514,180,1.78,54.0,1000
3202,573.66,55.946,55.946,3.8619,517.714,180,1.81,54.0,1000
3203,573.84,55.926,55.926,3.8619,517.914,180,1.84,54.0,1000
3204,574.02,55.906,55.906,3.8619,518.114,180,1.87,54.0,1000
3205,574.2,55.886,55.886,3.8619,518.314,180,1.9,54.0,1000
3206,574.38,55.866,55.866,3.8619,518.514,180,1.93,54.0,1000
3207,574.56,55.846,55.846,3.8619,518.714,180,1.96,54.0,1000
3208,574.74,55.826,55.826,3.8619,518.914,180,1.99,54.0,1000
3209,574.92,55.806,55.806,3.8619,519.114,180,2.02,54.0,1000
3210,575.1,55.786,55.786,3.8619,519.314,180,2.05,54.0,1000
3211,575.28,55.766,55.766,3.8619,519.514,180,2.08,54.0,1000
3212,575.46,55.746,55.746,3.8619,519.714,180,2.11,54.0,1000
3213,575.64,55.726,55.726,3.8619,519.914,180,2.13,54.0,1000
3214,575.82,55.706,55.706,3.8619,520.114,180,2.16,54.0,1000
3215,576.0,55.686,55.686,3.8619,520.314,180,2.19,54.0,1000
3216,576.18,55.666,55.666,3.8619,520.514,180,2.22,54.0,1000
3217,576.36,55.646,55.646,3.8619,520.714,180,2.25,54.0,1000
3218,576.54,55.626,55.626,3.8619,520.914,180,2.28,54.0,1000
3219,576.72,55.606,55.606,3.8619,521.114,180,2.31,54.0,1000
3220,576.9,55.586,55.586,3.8619,521.314,180,2.34,54.0,1000
3221,577.08,55.566,55.566,3.8619,521.514,180,2.37,54.0,1000
3222,577.26,55.546,55.546,3.8619,521.714,180,2.4,54.0,1000
3223,577.44,55.526,55.526,3.8619,521.914,180,2.43,54.0,1000
3224,577.62,55.506,55.506,3.8619,522.114,180,2.46,54.0,1000
3225,577.8,55.486,55.486,3.8619,522.314,180,2.49,54.0,1000
3226,577.98,55.466,55.466,3.8619,522.514,180,2.52,54.0,1000
3227,578.16,55.446,55.446,3.8619,522.714,180,2.55,54.0,1000
3228,578.34,55.426,55.426,3.8619,522.914,180,2.58,54.0,1000
3229,578.52,55.406,55.406,3.8619,523.114,180,2.61,54.0,1000
3230,578.7,55.386,55.386,3.8619,523.314,180,2.64,54.0,1000
3231,578.88,55.366,55.366,3.8619,523.514,180,2.67,54.0,1000
3232,579.06,55.346,55.346,3.8619,523.714,180,2.7,54.0,1000
3233,579.24,55.326,55.326,3.8619,523.914,180,2.73,54.0,1000
3234,579.42,55.306,55.306,3.8619,524.114,180,2.76,54.0,1000
3235,579.6,55.286,55.286,3.8619,524.314,180,2.79,54.0,1000
3236,579.78,55.266,55.266,3.8619,524.514,180,2.82,54.0,1000
3237,579.96,55.246,55.246,3.8619,524.714,180,2.84,54.0,1000
3238,580.14,55.226,55.226,3.8619,524.914,180,2.87,54.0,1000
3239,580.32,55.206,55.206,3.8619,525.114,180,2.9,54.0,1000
3240,580.5,55.186,55.186,3.8619,525.314,180,2.93,54.0,1000
3241,580.68,55.166,55.166,3.8619,525.514,180,2.96,54.0,1000
3242,580.86,55.146,55.146,3.8619,525.714,180,2.99,54.0,1000
3243,581.04,55.126,55.126,3.8619,525.914,180,3.02,54.0,1000
3244,581.22,55.106,55.106,3.8619,526.114,180,3.05,54.0,1000
3245,581.4,55.086,55.086,3.8619,526.314,180,3.08,54.0,1000
3246,581.58,55.066,55.066,3.8619,526.514,180,3.11,54.0,1000
3247,581.76,55.046,55.046,3.8619,526.714,180,3.14,54.0,1000
3248,581.94,55.026,55.026,3.8619,526.914,180,3.17,54.0,1000
3249,582.12,55.006,55.006,3.8619,527.114,180,3.2,54.0,1000
3250,582.3,54.986,54.986,3.8619,527.314,180,3.23,54.0,1000
3251,582.48,54.966,54.966,3.8619,527.514,180,3.26,54.0,1000
3252,582.66,54.946,54.946,3.8619,527.714,180,3.29,54.0,1000
3253,582.84,54.926,54.926,3.8619,527.914,180,3.31,54.0,1000
3254,583.02,54.906,54.906,3.8619,528.114,180,3.34,54.0,1000
3255,583.2,54.886,54.886,3.8619,528.314,180,3.37,54.0,1000
3256,583.38,54.866,54.866,3.8619,528.514,180,3.4,54.0,1000
3257,583.56,54.846,54.846,3.8619,528.714,180,3.43,54.0,1000
3258,583.74,54.826,54.826,3.8619,528.914,180,3.46,54.0,1000
3259,583.92,54.806,54.806,3.8619,529.114,180,3.49,54.0,1000
3260,584.1,54.786,54.786,3.8619,529.314,180,3.52,54.0,1000
3261,584.28,54.766,54.766,3.8619,529.514,180,3.55,54.0,1000
3262,584.46,54.746,54.746,3.8619,529.714,180,3.58,54.0,1000
3263,584.64,54.726,54.726,3.8619,529.914,180,3.61,54.0,1000
3264,584.82,54.706,54.706,3.8619,530.114,180,3.64,54.0,1000
3265,585.0,54.686,54.686,3.8619,530.314,180,3.66,54.0,1000
3266,585.18,54.666,54.666,3.8619,530.514,180,3.69,54.0,1000
3267,585.36,54.646,54.646,3.8619,530.714,180,3.72,54.0,1000
3268,585.54,54.626,54.626,3.8619,530.914,180,3.75,54.0,1000
3269,585.72,54.606,54.606,3.8619,531.114,180,3.78,54.0,1000
3270,585.9,54.586,54.586,3.8619,531.314,180,3.81,54.0,1000
3271,586.08,54.566,54.566,3.8619,531.514,180,3.84,54.0,1000
3272,586.26,54.546,54.546,3.8619,531.714,180,3.87,54.0,1000
3273,586.44,54.526,54.526,3.8619,531.914,180,3.9,54.0,1000
3274,586.62,54.506,54.506,3.8619,532.114,180,3.93,54.0,1000
3275,586.8,54.486,54.486,3.8619,532.314,180,3.95,54.0,1000
3276,586.98,54.466,54.466,3.8619,532.514,180,3.98,54.0,1000
3277,587.16,54.446,54.446,3.8619,532.714,180,4.01,54.0,1000
3278,587.34,54.426,54.426,3.8619,532.914,180,4.04,54.0,1000
3279,587.52,54.406,54.406,3.8619,533.114,180,4.07,54.0,1000
3280,587.7,54.386,54.386,3.8619,533.314,180,4.1,54.0,1000
3281,587.88,54.366,54.366,3.8619,533.514,180,4.13,54.0,1000
3282,588.06,54.346,54.346,3.8619,533.714,180,4.16,54.0,1000
3283,588.24,54.326,54.326,3.8619,533.914,180,4.19,54.0,1000
3284,588.42,54.306,54.306,3.8619,534.114,180,4.21,54.0,1000
3285,588.6,54.286,54.286,3.8619,534.314,180,4.24,54.0,1000
3286,588.78,54.266,54.266,3.8619,534.514,180,4.27,54.0,1000
3287,588.96,54.246,54.246,3.8619,534.714,180,4.3,54.0,1000
3288,589.14,54.226,54.226,3.8619,534.914,180,4.33,54.0,1000
3289,589.32,54.206,54.206,3.8619,535.114,180,4.36,54.0,1000
3290,589.5,54.186,54.186,3.8619,535.314,180,4.39,54.0,1000
3291,589.68,54.166,54.166,3.8619,535.514,180,4.42,54.0,1000
3292,589.86,54.146,54.146,3.8619,535.714,180,4.44,54.0,1000
3293,590.04,54.126,54.126,3.8619,535.914,180,4.47,54.0,1000
3294,590.22,54.106,54.106,3.8619,536.114,180,4.5,54.0,1000
3295,590.4,54.086,54.086,3.8619,536.314,180,4.53,54.0,1000
3296,590.58,54.066,54.066,3.8619,536.514,180,4.56,54.0,1000
3297,590.76,54.046,54.046,3.8619,536.714,180,4.59,54.0,1000
3298,590.94,54.026,54.026,3.8619,536.914,180,4.62,54.0,1000
3299,591.12,54.006,54.006,3.8619,537.114,180,4.64,54.0,1000
3300,591.3,53.986,53.986,3.8619,537.314,180,4.67,54.0,1000
3301,591.48,53.966,53.966,3.8619,537.514,180,4.7,54.0,1000
3302,591.66,53.946,53.946,3.8619,537.714,180,4.73,54.0,1000
3303,591.84,53.926,53.926,3.8619,537.914,180,4.76,54.0,1000
3304,592.02,53.906,53.906,3.8619,538.114,180,4.79,54.0,1000
3305,592.2,53.886,53.886,3.8619,538.314,180,4.82,54.0,1000
3306,592.38,53.866,53.866,3.8619,538.514,180,4.84,54.0,1000
3307,592.56,53.846,53.846,3.8619,538.714,180,4.87,54.0,1000
3308,592.74,53.826,53.826,3.8619,538.914,180,4.9,54.0,1000
3309,592.92,53.806,53.806,3.8619,539.114,180,4.93,54.0,1000
3310,593.1,53.786,53.786,3.8619,539.314,180,4.96,54.0,1000
3311,593.28,53.766,53.766,3.8619,539.514,180,4.99,54.0,1000
3312,593.46,53.746,53.746,3.8619,539.714,180,5.01,54.0,1000
3313,593.64,53.726,53.726,3.8619,539.914,180,5.04,54.0,1000
3314,593.82,53.706,53.706,3.8619,540.114,180,5.07,54.0,1000
3315,594.0,53.686,53.686,3.8619,540.314,180,5.1,54.0,1000
3316,594.18,53.666,53.666,3.8619,540.514,180,5.13,54.0,1000
3317,594.36,53.646,53.646,3.8619,540.714,180,5.15,54.0,1000
3318,594.54,53.626,53.626,3.8619,540.914,180,5.18,54.0,1000
3319,594.72,53.606,53.606,3.8619,541.114,180,5.21,54.0,1000
3320,594.9,53.586,53.586,3.8619,541.314,180,5.24,54.0,1000
3321,595.08,53.566,53.566,3.8619,541.514,180,5.27,54.0,1000
3322,595.26,53.546,53.546,3.8619,541.714,180,5.3,54.0,1000
3323,595.44,53.526,53.526,3.8619,541.914,180,5.32,54.0,1000
3324,595.62,53.506,53.506,3.8619,542.114,180,5.35,54.0,1000
3325,595.8,53.486,53.486,3.8619,542.314,180,5.38,54.0,1000
3326,595.98,53.466,53.466,3.8619,542.514,180,5.41,54.0,1000
3327,596.16,53.446,53.446,3.8619,542.714,180,5.44,54.0,1000
3328,596.34,53.426,53.426,3.8619,542.914,180,5.46,54.0,1000
3329,596.52,53.406,53.406,3.8619,543.114,180,5.49,54.0,1000
3330,596.7,53.386,53.386,3.8619,543.314,180,5.52,54.0,1000
3331,596.88,53.366,53.366,3.8619,543.514,180,5.55,54.0,1000
3332,597.06,53.346,53.346,3.8619,543.714,180,5.58,54.0,1000
3333,597.24,53.326,53.326,3.8619,543.914,180,5.6,54.0,1000
3334,597.42,53.306,53.306,3.8619,544.114,180,5.63,54.0,1000
3335,597.6,53.286,53.286,3.8619,544.314,180,5.66,54.0,1000
3336,597.78,53.266,53.266,3.8619,544.514,180,5.69,54.0,1000
3337,597.96,53.246,53.246,3.8619,544.714,180,5.71,54.0,1000
3338,598.14,53.226,53.226,3.8619,544.914,180,5.74,54.0,1000
3339,598.32,53.206,53.206,3.8619,545.114,180,5.77,54.0,1000
3340,598.5,53.186,53.186,3.8619,545.314,180,5.8,54.0,1000
3341,598.68,53.166,53.166,3.8619,545.514,180,5.82,54.0,1000
3342,598.86,53.146,53.146,3.8619,545.714,180,5.85,54.0,1000
3343,599.04,53.126,53.126,3.8619,545.914,180,5.88,54.0,1000
3344,599.22,53.106,53.106,3.8619,546.114,180,5.91,54.0,1000
3345,599.4,53.086,53.086,3.8619,546.314,180,5.94,54.0,1000
3346,599.58,53.066,53.066,3.8619,546.514,180,5.96,54.0,1000
3347,599.76,53.046,53.046,3.8619,546.714,180,5.99,54.0,1000
3348,599.94,53.026,53.026,3.8619,546.914,180,6.02,54.0,1000
3349,600.12,53.006,53.006,3.8619,547.114,180,6.05,54.0,1000
3350,600.3,52.986,52.986,3.8619,547.314,180,6.07,54.0,1000
3351,600.48,52.966,52.966,3.8619,547.514,180,6.1,54.0,1000
3352,600.66,52.946,52.946,3.8619,547.714,180,6.13,54.0,1000
3353,600.84,52.926,52.926,3.8619,547.914,180,6.15,54.0,1000
3354,601.02,52.906,52.906,3.8619,548.114,180,6.18,54.0,1000
3355,601.2,52.886,52.886,3.8619,548.314,180,6.21,54.0,1000
3356,601.38,52.866,52.866,3.8619,548.514,180,6.24,54.0,1000
3357,601.56,52.846,52.846,3.8619,548.714,180,6.26,54.0,1000
3358,601.74,52.826,52.826,3.8619,548.914,180,6.29,54.0,1000
3359,601.92,52.806,52.806,3.8619,549.114,180,6.32,54.0,1000
3360,602.1,52.786,52.786,3.8619,549.314,180,6.35,54.0,1000
3361,602.28,52.766,52.766,3.8619,549.514,180,6.37,54.0,1000
3362,602.46,52.746,52.746,3.8619,549.714,180,6.4,54.0,1000
3363,602.64,52.726,52.726,3.8619,549.914,180,6.43,54.0,1000
3364,602.82,52.706,52.706,3.8619,550.114,180,6.45,54.0,1000
3365,603.0,52.686,52.686,3.8619,550.314,180,6.48,54.0,1000
3366,603.18,52.666,52.666,3.8619,550.514,180,6.51,54.0,1000
3367,603.36,52.646,52.646,3.8619,550.714,180,6.54,54.0,1000
3368,603.54,52.626,52.626,3.8619,550.914,180,6.56,54.0,1000
3369,603.72,52.606,52.606,3.8619,551.114,180,6.59,54.0,1000
3370,603.9,52.586,52.586,3.8619,551.314,180,6.62,54.0,1000
3371,604.08,52.566,52.566,3.8619,551.514,180,6.64,54.0,1000
3372,604.26,52.546,52.546,3.8619,551.714,180,6.67,54.0,1000
3373,604.44,52.526,52.526,3.8619,551.914,180,6.7,54.0,1000
3374,604.62,52.506,52.506,3.8619,552.114,180,6.72,54.0,1000
3375,604.8,52.486,52.486,3.8619,552.314,180,6.75,54.0,1000
3376,604.98,52.466,52.466,3.8619,552.514,180,6.78,54.0,1000
3377,605.16,52.446,52.446,3.8619,552.714,180,6.8,54.0,1000
3378,605.34,52.426,52.426,3.8619,552.914,180,6.83,54.0,1000
3379,605.52,52.406,52.406,3.8619,553.114,180,6.86,54.0,1000
3380,605.7,52.386,52.386,3.8619,553.314,180,6.88,54.0,1000
3381,605.88,52.366,52.366,3.8619,553.514,180,6.91,54.0,1000
3382,606.06,52.346,52.346,3.8619,553.714,180,6.94,54.0,1000
3383,606.24,52.326,52.326,3.8619,553.914,180,6.96,54.0,1000
3384,606.42,52.306,52.306,3.8619,554.114,180,6.99,54.0,1000
3385,606.6,52.286,52.286,3.8619,554.314,180,7.02,54.0,1000
3386,606.78,52.266,52.266,3.8619,554.514,180,7.04,54.0,1000
3387,606.96,52.246,52.246,3.8619,554.714,180,7.07,54.0,1000
3388,607.14,52.226,52.226,3.8619,554.914,180,7.1,54.0,1000
3389,607.32,52.206,52.206,3.8619,555.114,180,7.12,54.0,1000
3390,607.5,52.186,52.186,3.8619,555.314,180,7.15,54.0,1000
3391,607.68,52.166,52.166,3.8619,555.514,180,7.18,54.0,1000
3392,607.86,52.146,52.146,3.8619,555.714,180,7.2,54.0,1000
3393,608.04,52.126,52.126,3.8619,555.914,180,7.23,54.0,1000
3394,608.22,52.106,52.106,3.8619,556.114,180,7.25,54.0,1000
3395,608.4,52.086,52.086,3.8619,556.314,180,7.28,54.0,1000
3396,608.58,52.066,52.066,3.8619,556.514,180,7.31,54.0,1000
3397,608.76,52.046,52.046,3.8619,556.714,180,7.33,54.0,1000
3398,608.94,52.026,52.026,3.8619,556.914,180,7.36,54.0,1000
3399,609.12,52.006,52.006,3.8619,557.114,180,7.39,54.0,1000
3400,609.3,51.986,51.986,3.8619,557.314,180,7.41,54.0,1000
3401,609.48,51.966,51.966,3.8619,557.514,180,7.44,54.0,1000
3402,609.66,51.946,51.946,3.8619,557.714,180,7.46,54.0,1000
3403,609.84,51.926,51.926,3.8619,557.914,180,7.49,54.0,1000
3404,610.02,51.906,51.906,3.8619,558.114,180,7.52,54.0,1000
3405,610.2,51.886,51.886,3.8619,558.314,180,7.54,54.0,1000
3406,610.38,51.866,51.866,3.8619,558.514,180,7.57,54.0,1000
3407,610.56,51.846,51.846,3.8619,558.714,180,7.59,54.0,1000
3408,610.74,51.826,51.826,3.8619,558.914,180,7.62,54.0,1000
3409,610.92,51.806,51.806,3.8619,559.114,180,7.65,54.0,1000
3410,611.1,51.786,51.786,3.8619,559.314,180,7.67,54.0,1000
3411,611.28,51.766,51.766,3.8619,559.514,180,7.7,54.0,1000
3412,611.46,51.746,51.746,3.8619,559.714,180,7.72,54.0,1000
3413,611.64,51.726,51.726,3.8619,559.914,180,7.75,54.0,1000
3414,611.82,51.706,51.706,3.8619,560.114,180,7.77,54.0,1000
3415,612.0,51.686,51.686,3.8619,560.314,180,7.8,54.0,1000
3416,612.18,51.666,51.666,3.8619,560.514,180,7.83,54.0,1000
3417,612.36,51.646,51.646,3.8619,560.714,180,7.85,54.0,1000
3418,612.54,51.626,51.626,3.8619,560.914,180,7.88,54.0,1000
3419,612.72,51.606,51.606,3.8619,561.114,180,7.9,54.0,1000
3420,612.9,51.586,51.586,3.8619,561.314,180,7.93,54.0,1000
3421,613.08,51.566,51.566,3.8619,561.514,180,7.95,54.0,1000
3422,613.26,51.546,51.546,3.8619,561.714,180,7.98,54.0,1000
3423,613.44,51.526,51.526,3.8619,561.914,180,8.0,54.0,1000
3424,613.62,51.506,51.506,3.8619,562.114,180,8.03,54.0,1000
3425,613.8,51.486,51.486,3.8619,562.314,180,8.05,54.0,1000
3426,613.98,51.466,51.466,3.8619,562.514,180,8.08,54.0,1000
3427,614.16,51.446,51.446,3.8619,562.714,180,8.1,54.0,1000
3428,614.34,51.426,51.426,3.8619,562.914,180,8.13,54.0,1000
3429,614.52,51.406,51.406,3.8619,563.114,180,8.16,54.0,1000
3430,614.7,51.386,51.386,3.8619,563.314,180,8.18,54.0,1000
3431,614.88,51.366,51.366,3.8619,563.514,180,8.21,54.0,1000
3432,615.06,51.346,51.346,3.8619,563.714,180,8.23,54.0,1000
3433,615.24,51.326,51.326,3.8619,563.914,180,8.26,54.0,1000
3434,615.42,51.306,51.306,3.8619,564.114,180,8.28,54.0,1000
3435,615.6,51.286,51.286,3.8619,564.314,180,8.31,54.0,1000
3436,615.78,51.266,51.266,3.8619,564.514,180,8.33,54.0,1000
3437,615.96,51.246,51.246,3.8619,564.714,180,8.36,54.0,1000
3438,616.14,51.226,51.226,3.8619,564.914,180,8.38,54.0,1000
3439,616.32,51.206,51.206,3.8619,565.114,180,8.41,54.0,1000
3440,616.5,51.186,51.186,3.8619,565.314,180,8.43,54.0,1000
3441,616.68,51.166,51.166,3.8619,565.514,180,8.45,54.0,1000
3442,616.86,51.146,51.146,3.8619,565.714,180,8.48,54.0,1000
3443,617.04,51.126,51.126,3.8619,565.914,180,8.5,54.0,1000
3444,617.22,51.106,51.106,3.8619,566.114,180,8.53,54.0,1000
3445,617.4,51.086,51.086,3.8619,566.314,180,8.55,54.0,1000
3446,617.58,51.066,51.066,3.8619,566.514,180,8.58,54.0,1000
3447,617.76,51.046,51.046,3.8619,566.714,180,8.6,54.0,1000
3448,617.94,51.026,51.026,3.8619,566.914,180,8.63,54.0,1000
3449,618.12,51.006,51.006,3.8619,567.114,180,8.65,54.0,1000
3450,618.3,50.986,50.986,3.8619,567.314,180,8.68,54.0,1000
3451,618.48,50.966,50.966,3.8619,567.514,180,8.7,54.0,1000
3452,618.66,50.946,50.946,3.8619,567.714,180,8.73,54.0,1000
3453,618.84,50.926,50.926,3.8619,567.914,180,8.75,54.0,1000
3454,619.02,50.906,50.906,3.8619,568.114,180,8.77,54.0,1000
3455,619.2,50.886,50.886,3.8619,568.314,180,8.8,54.0,1000
3456,619.38,50.866,50.866,3.8619,568.514,180,8.82,54.0,1000
3457,619.56,50.846,50.846,3.8619,568.714,180,8.85,54.0,1000
3458,619.74,50.826,50.826,3.8619,568.914,180,8.87,54.0,1000
3459,619.92,50.806,50.806,3.8619,569.114,180,8.9,54.0,1000
3460,620.1,50.786,50.786,3.8619,569.314,180,8.92,54.0,1000
3461,620.28,50.766,50.766,3.8619,569.514,180,8.94,54.0,1000
3462,620.46,50.746,50.746,3.8619,569.714,180,8.97,54.0,1000
3463,620.64,50.726,50.726,3.8619,569.914,180,8.99,54.0,1000
3464,620.82,50.706,50.706,3.8619,570.114,180,9.02,54.0,1000
3465,621.0,50.686,50.686,3.8619,570.314,180,9.04,54.0,1000
3466,621.18,50.666,50.666,3.8619,570.514,180,9.06,54.0,1000
3467,621.36,50.646,50.646,3.8619,570.714,180,9.09,54.0,1000
3468,621.54,50.626,50.626,3.8619,570.914,180,9.11,54.0,1000
3469,621.72,50.606,50.606,3.8619,571.114,180,9.14,54.0,1000
3470,621.9,50.586,50.586,3.8619,571.314,180,9.16,54.0,1000
3471,622.08,50.566,50.566,3.8619,571.514,180,9.18,54.0,1000
3472,622.26,50.546,50.546,3.8619,571.714,180,9.21,54.0,1000
3473,622.44,50.526,50.526,3.8619,571.914,180,9.23,54.0,1000
3474,622.62,50.506,50.506,3.8619,572.114,180,9.25,54.0,1000
3475,622.8,50.486,50.486,3.8619,572.314,180,9.28,54.0,1000
3476,622.98,50.466,50.466,3.8619,572.514,180,9.3,54.0,1000
3477,623.16,50.446,50.446,3.8619,572.714,180,9.32,54.0,1000
3478,623.34,50.426,50.426,3.8619,572.914,180,9.35,54.0,1000
3479,623.52,50.406,50.406,3.8619,573.114,180,9.37,54.0,1000
3480,623.7,50.386,50.386,3.8619,573.314,180,9.39,54.0,1000
3481,623.88,50.366,50.366,3.8619,573.514,180,9.42,54.0,1000
3482,624.06,50.346,50.346,3.8619,573.714,180,9.44,54.0,1000
3483,624.24,50.326,50.326,3.8619,573.914,180,9.46,54.0,1000
3484,624.42,50.306,50.306,3.8619,574.114,180,9.49,54.0,1000
3485,624.6,50.286,50.286,3.8619,574.314,180,9.51,54.0,1000
3486,624.78,50.266,50.266,3.8619,574.514,180,9.53,54.0,1000
3487,624.96,50.246,50.246,3.8619,574.714,180,9.56,54.0,1000
3488,625.14,50.226,50.226,3.8619,574.914,180,9.58,54.0,1000
3489,625.32,50.206,50.206,3.8619,575.114,180,9.6,54.0,1000
3490,625.5,50.186,50.186,3.8619,575.314,180,9.63,54.0,1000
3491,625.68,50.166,50.166,3.8619,575.514,180,9.65,54.0,1000
3492,625.86,50.146,50.146,3.8619,575.714,180,9.67,54.0,1000
3493,626.04,50.126,50.126,3.8619,575.914,180,9.7,54.0,1000
3494,626.22,50.106,50.106,3.8619,576.114,180,9.72,54.0,1000
3495,626.4,50.086,50.086,3.8619,576.314,180,9.74,54.0,1000
3496,626.58,50.066,50.066,3.8619,576.514,180,9.76,54.0,1000
3497,626.76,50.046,50.046,3.8619,576.714,180,9.79,54.0,1000
3498,626.94,50.026,50.026,3.8619,576.914,180,9.81,54.0,1000
3499,627.12,50.006,50.006,3.8619,577.114,180,9.83,54.0,1000
3500,627.3,49.986,49.986,3.8619,577.314,180,9.85,54.0,1000
3501,627.48,49.966,49.966,3.8619,577.514,180,9.88,54.0,1000
3502,627.66,49.946,49.946,3.8619,577.714,180,9.9,54.0,1000
3503,627.84,49.926,49.926,3.8619,577.914,180,9.92,54.0,1000
3504,628.02,49.906,49.906,3.8619,578.114,180,9.94,54.0,1000
3505,628.2,49.886,49.886,3.8619,578.314,180,9.97,54.0,1000
3506,628.38,49.866,49.866,3.8619,578.514,180,9.99,54.0,1000
3507,628.56,49.846,49.846,3.8619,578.714,180,10.01,54.0,1000
3508,628.74,49.826,49.826,3.8619,578.914,180,10.03,54.0,1000
3509,628.92,49.806,49.806,3.8619,579.114,180,10.06,54.0,1000
3510,629.1,49.786,49.786,3.8619,579.314,180,10.08,54.0,1000
3511,629.28,49.766,49.766,3.8619,579.514,180,10.1,54.0,1000
3512,629.46,49.746,49.746,3.8619,579.714,180,10.12,54.0,1000
3513,629.64,49.726,49.726,3.8619,579.914,180,10.15,54.0,1000
3514,629.82,49.706,49.706,3.8619,580.114,180,10.17,54.0,1000
3515,630.0,49.686,49.686,3.8619,580.314,180,10.19,54.0,1000
3516,630.18,49.666,49.666,3.8619,580.514,180,10.21,54.0,1000
3517,630.36,49.646,49.646,3.8619,580.714,180,10.23,54.0,1000
3518,630.54,49.626,49.626,3.8619,580.914,180,10.26,54.0,1000
3519,630.72,49.606,49.606,3.8619,581.114,180,10.28,54.0,1000
3520,630.9,49.586,49.586,3.8619,581.314,180,10.3,54.0,1000
3521,631.08,49.566,49.566,3.8619,581.514,180,10.32,54.0,1000
3522,631.26,49.546,49.546,3.8619,581.714,180,10.34,54.0,1000
3523,631.44,49.526,49.526,3.8619,581.914,180,10.36,54.0,1000
3524,631.62,49.506,49.506,3.8619,582.114,180,10.39,54.0,1000
3525,631.8,49.486,49.486,3.8619,582.314,180,10.41,54.0,1000
3526,631.98,49.466,49.466,3.8619,582.514,180,10.43,54.0,1000
3527,632.16,49.446,49.446,3.8619,582.714,180,10.45,54.0,1000
3528,632.34,49.426,49.426,3.8619,582.914,180,10.47,54.0,1000
3529,632.52,49.406,49.406,3.8619,583.114,180,10.49,54.0,1000
3530,632.7,49.386,49.386,3.8619,583.314,180,10.52,54.0,1000
3531,632.88,49.366,49.366,3.8619,583.514,180,10.54,54.0,1000
3532,633.06,49.346,49.346,3.8619,583.714,180,10.56,54.0,1000
3533,633.24,49.326,49.326,3.8619,583.914,180,10.58,54.0,1000
3534,633.42,49.306,49.306,3.8619,584.114,180,10.6,54.0,1000
3535,633.6,49.286,49.286,3.8619,584.314,180,10.62,54.0,1000
3536,633.78,49.266,49.266,3.8619,584.514,180,10.64,54.0,1000
3537,633.96,49.246,49.246,3.8619,584.714,180,10.66,54.0,1000
3538,634.14,49.226,49.226,3.8619,584.914,180,10.68,54.0,1000
3539,634.32,49.206,49.206,3.8619,585.114,180,10.71,54.0,1000
3540,634.5,49.186,49.186,3.8619,585.314,180,10.73,54.0,1000
3541,634.68,49.166,49.166,3.8619,585.514,180,10.75,54.0,1000
3542,634.86,49.146,49.146,3.8619,585.714,180,10.77,54.0,1000
3543,635.04,49.126,49.126,3.8619,585.914,180,10.79,54.0,1000
3544,635.22,49.106,49.106,3.8619,586.114,180,10.81,54.0,1000
3545,635.4,49.086,49.086,3.8619,586.314,180,10.83,54.0,1000
3546,635.58,49.066,49.066,3.8619,586.514,180,10.85,54.0,1000
3547,635.76,49.046,49.046,3.8619,586.714,180,10.87,54.0,1000
3548,635.94,49.026,49.026,3.8619,586.914,180,10.89,54.0,1000
3549,636.12,49.006,49.006,3.8619,587.114,180,10.91,54.0,1000
3550,636.3,48.986,48.986,3.8619,587.314,180,10.93,54.0,1000
3551,636.48,48.966,48.966,3.8619,587.514,180,10.96,54.0,1000
3552,636.66,48.946,48.946,3.8619,587.714,180,10.98,54.0,1000
3553,636.84,48.926,48.926,3.8619,587.914,180,11.0,54.0,1000
3554,637.02,48.906,48.906,3.8619,588.114,180,11.02,54.0,1000
3555,637.2,48.886,48.886,3.8619,588.314,180,11.04,54.0,1000
3556,637.38,48.866,48.866,3.8619,588.514,180,11.06,54.0,1000
3557,637.56,48.846,48.846,3.8619,588.714,180,11.08,54.0,1000
3558,637.74,48.826,48.826,3.8619,588.914,180,11.1,54.0,1000
3559,637.92,48.806,48.806,3.8619,589.114,180,11.12,54.0,1000
3560,638.1,48.786,48.786,3.8619,589.314,180,11.14,54.0,1000
3561,638.28,48.766,48.766,3.8619,589.514,180,11.16,54.0,1000
3562,638.46,48.746,48.746,3.8619,589.714,180,11.18,54.0,1000
3563,638.64,48.726,48.726,3.8619,589.914,180,11.2,54.0,1000
3564,638.82,48.706,48.706,3.8619,590.114,180,11.22,54.0,1000
3565,639.0,48.686,48.686,3.8619,590.314,180,11.24,54.0,1000
3566,639.18,48.666,48.666,3.8619,590.514,180,11.26,54.0,1000
3567,639.36,48.646,48.646,3.8619,590.714,180,11.28,54.0,1000
3568,639.54,48.626,48.626,3.8619,590.914,180,11.3,54.0,1000
3569,639.72,48.606,48.606,3.8619,591.114,180,11.32,54.0,1000
3570,639.9,48.586,48.586,3.8619,591.314,180,11.34,54.0,1000
3571,640.08,48.566,48.566,3.8619,591.514,180,11.36,54.0,1000
3572,640.26,48.546,48.546,3.8619,591.714,180,11.38,54.0,1000
3573,640.44,48.526,48.526,3.8619,591.914,180,11.4,54.0,1000
3574,640.62,48.506,48.506,3.8619,592.114,180,11.41,54.0,1000
3575,640.8,48.486,48.486,3.8619,592.314,180,11.43,54.0,1000
3576,640.98,48.466,48.466,3.8619,592.514,180,11.45,54.0,1000
3577,641.16,48.446,48.446,3.8619,592.714,180,11.47,54.0,1000
3578,641.34,48.426,48.426,3.8619,592.914,180,11.49,54.0,1000
3579,641.52,48.406,48.406,3.8619,593.114,180,11.51,54.0,1000
3580,641.7,48.386,48.386,3.8619,593.314,180,11.53,54.0,1000
3581,641.88,48.366,48.366,3.8619,593.514,180,11.55,54.0,1000
3582,642.06,48.346,48.346,3.8619,593.714,180,11.57,54.0,1000
3583,642.24,48.326,48.326,3.8619,593.914,180,11.59,54.0,1000
3584,642.42,48.306,48.306,3.8619,594.114,180,11.61,54.0,1000
3585,642.6,48.286,48.286,3.8619,594.314,180,11.63,54.0,1000
3586,642.78,48.266,48.266,3.8619,594.514,180,11.64,54.0,1000
3587,642.96,48.246,48.246,3.8619,594.714,180,11.66,54.0,1000
3588,643.14,48.226,48.226,3.8619,594.914,180,11.68,54.0,1000
3589,643.32,48.206,48.206,3.8619,595.114,180,11.7,54.0,1000
3590,643.5,48.186,48.186,3.8619,595.314,180,11.72,54.0,1000
3591,643.68,48.166,48.166,3.8619,595.514,180,11.74,54.0,1000
3592,643.86,48.146,48.146,3.8619,595.714,180,11.76,54.0,1000
3593,644.04,48.126,48.126,3.8619,595.914,180,11.78,54.0,1000
3594,644.22,48.106,48.106,3.8619,596.114,180,11.79,54.0,1000
3595,644.4,48.086,48.086,3.8619,596.314,180,11.81,54.0,1000
3596,644.58,48.066,48.066,3.8619,596.514,180,11.83,54.0,1000
3597,644.76,48.046,48.046,3.8619,596.714,180,11.85,54.0,1000
3598,644.94,48.026,48.026,3.8619,596.914,180,11.87,54.0,1000
3599,645.12,48.006,48.006,3.8619,597.114,180,11.89,54.0,1000
3600,645.3,47.986,47.986,3.8619,597.314,180,11.91,54.0,1000
3601,645.48,47.966,47.966,3.8619,597.514,180,11.92,54.0,1000
3602,645.66,47.946,47.946,3.8619,597.714,180,11.94,54.0,1000
3603,645.84,47.926,47.926,3.8619,597.914,180,11.96,54.0,1000
3604,646.02,47.906,47.906,3.8619,598.114,180,11.98,54.0,1000
3605,646.2,47.886,47.886,3.8619,598.314,180,12.0,54.0,1000
3606,646.38,47.866,47.866,3.8619,598.514,180,12.01,54.0,1000
3607,646.56,47.846,47.846,3.8619,598.714,180,12.03,54.0,1000
3608,646.74,47.826,47.826,3.8619,598.914,180,12.05,54.0,1000
3609,646.92,47.806,47.806,3.8619,599.114,180,12.07,54.0,1000
3610,647.1,47.786,47.786,3.8619,599.314,180,12.09,54.0,1000
3611,647.28,47.766,47.766,3.8619,599.514,180,12.1,54.0,1000
3612,647.46,47.746,47.746,3.8619,599.714,180,12.12,54.0,1000
3613,647.64,47.726,47.726,3.8619,599.914,180,12.14,54.0,1000
3614,647.82,47.706,47.706,3.8619,600.114,180,12.16,54.0,1000
3615,648.0,47.686,47.686,3.8619,600.314,180,12.17,54.0,1000
3616,648.18,47.666,47.666,3.8619,600.514,180,12.19,54.0,1000
3617,648.36,47.646,47.646,3.8619,600.714,180,12.21,54.0,1000
3618,648.54,47.626,47.626,3.8619,600.914,180,12.23,54.0,1000
3619,648.72,47.606,47.606,3.8619,601.114,180,12.24,54.0,1000
3620,648.9,47.586,47.586,3.8619,601.314,180,12.26,54.0,1000
3621,649.08,47.566,47.566,3.8619,601.514,180,12.28,54.0,1000
3622,649.26,47.546,47.546,3.8619,601.714,180,12.29,54.0,1000
3623,649.44,47.526,47.526,3.8619,601.914,180,12.31,54.0,1000
3624,649.62,47.506,47.506,3.8619,602.114,180,12.33,54.0,1000
3625,649.8,47.486,47.486,3.8619,602.314,180,12.35,54.0,1000
3626,649.98,47.466,47.466,3.8619,602.514,180,12.36,54.0,1000
3627,650.16,47.446,47.446,3.8619,602.714,180,12.38,54.0,1000
3628,650.34,47.426,47.426,3.8619,602.914,180,12.4,54.0,1000
3629,650.52,47.406,47.406,3.8619,603.114,180,12.41,54.0,1000
3630,650.7,47.386,47.386,3.8619,603.314,180,12.43,54.0,1000
3631,650.88,47.366,47.366,3.8619,603.514,180,12.45,54.0,1000
3632,651.06,47.346,47.346,3.8619,603.714,180,12.46,54.0,1000
3633,651.24,47.326,47.326,3.8619,603.914,180,12.48,54.0,1000
3634,651.42,47.306,47.306,3.8619,604.114,180,12.5,54.0,1000
3635,651.6,47.286,47.286,3.8619,604.314,180,12.51,54.0,1000
3636,651.78,47.266,47.266,3.8619,604.514,180,12.53,54.0,1000
3637,651.96,47.246,47.246,3.8619,604.714,180,12.55,54.0,1000
3638,652.14,47.226,47.226,3.8619,604.914,180,12.56,54.0,1000
3639,652.32,47.206,47.206,3.8619,605.114,180,12.58,54.0,1000
3640,652.5,47.186,47.186,3.8619,605.314,180,12.6,54.0,1000
3641,652.68,47.166,47.166,3.8619,605.514,180,12.61,54.0,1000
3642,652.86,47.146,47.146,3.8619,605.714,180,12.63,54.0,1000
3643,653.04,47.126,47.126,3.8619,605.914,180,12.64,54.0,1000
3644,653.22,47.106,47.106,3.8619,606.114,180,12.66,54.0,1000
3645,653.4,47.086,47.086,3.8619,606.314,180,12.68,54.0,1000
3646,653.58,47.066,47.066,3.8619,606.514,180,12.69,54.0,1000
3647,653.76,47.046,47.046,3.8619,606.714,180,12.71,54.0,1000
3648,653.94,47.026,47.026,3.8619,606.914,180,12.72,54.0,1000
3649,654.12,47.006,47.006,3.8619,607.114,180,12.74,54.0,1000
3650,654.3,46.986,46.986,3.8619,607.314,180,12.76,54.0,1000
3651,654.48,46.966,46.966,3.8619,607.514,180,12.77,54.0,1000
3652,654.66,46.946,46.946,3.8619,607.714,180,12.79,54.0,1000
3653,654.84,46.926,46.926,3.8619,607.914,180,12.8,54.0,1000
3654,655.02,46.906,46.906,3.8619,608.114,180,12.82,54.0,1000
3655,655.2,46.886,46.886,3.8619,608.314,180,12.83,54.0,1000
3656,655.38,46.866,46.866,3.8619,608.514,180,12.85,54.0,1000
3657,655.56,46.846,46.846,3.8619,608.714,180,12.87,54.0,1000
3658,655.74,46.826,46.826,3.8619,608.914,180,12.88,54.0,1000
3659,655.92,46.806,46.806,3.8619,609.114,180,12.9,54.0,1000
3660,656.1,46.786,46.786,3.8619,609.314,180,12.91,54.0,1000
3661,656.28,46.766,46.766,3.8619,609.514,180,12.93,54.0,1000
3662,656.46,46.746,46.746,3.8619,609.714,180,12.94,54.0,1000
3663,656.64,46.726,46.726,3.8619,609.914,180,12.96,54.0,1000
3664,656.82,46.706,46.706,3.8619,610.114,180,12.97,54.0,1000
3665,657.0,46.686,46.686,3.8619,610.314,180,12.99,54.0,1000
3666,657.18,46.666,46.666,3.8619,610.514,180,13.0,54.0,1000
3667,657.36,46.646,46.646,3.8619,610.714,180,13.02,54.0,1000
3668,657.54,46.626,46.626,3.8619,610.914,180,13.03,54.0,1000
3669,657.72,46.606,46.606,3.8619,611.114,180,13.05,54.0,1000
3670,657.9,46.586,46.586,3.8619,611.314,180,13.06,54.0,1000
3671,658.08,46.566,46.566,3.8619,611.514,180,13.08,54.0,1000
3672,658.26,46.546,46.546,3.8619,611.714,180,13.09,54.0,1000
3673,658.44,46.526,46.526,3.8619,611.914,180,13.11,54.0,1000
3674,658.62,46.506,46.506,3.8619,612.114,180,13.12,54.0,1000
3675,658.8,46.486,46.486,3.8619,612.314,180,13.14,54.0,1000
3676,658.98,46.466,46.466,3.8619,612.514,180,13.15,54.0,1000
3677,659.16,46.446,46.446,3.8619,612.714,180,13.16,54.0,1000
3678,659.34,46.426,46.426,3.8619,612.914,180,13.18,54.0,1000
3679,659.52,46.406,46.406,3.8619,613.114,180,13.19,54.0,1000
3680,659.7,46.386,46.386,3.8619,613.314,180,13.21,54.0,1000
3681,659.88,46.366,46.366,3.8619,613.514,180,13.22,54.0,1000
3682,660.06,46.346,46.346,3.8619,613.714,180,13.24,54.0,1000
3683,660.24,46.326,46.326,3.8619,613.914,180,13.25,54.0,1000
3684,660.42,46.306,46.306,3.8619,614.114,180,13.26,54.0,1000
3685,660.6,46.286,46.286,3.8619,614.314,180,13.28,54.0,1000
3686,660.78,46.266,46.266,3.8619,614.514,180,13.29,54.0,1000
3687,660.96,46.246,46.246,3.8619,614.714,180,13.31,54.0,1000
3688,661.14,46.226,46.226,3.8619,614.914,180,13.32,54.0,1000
3689,661.32,46.206,46.206,3.8619,615.114,180,13.33,54.0,1000
3690,661.5,46.186,46.186,3.8619,615.314,180,13.35,54.0,1000
3691,661.68,46.166,46.166,3.8619,615.514,180,13.36,54.0,1000
3692,661.86,46.146,46.146,3.8619,615.714,180,13.37,54.0,1000
3693,662.04,46.126,46.126,3.8619,615.914,180,13.39,54.0,1000
3694,662.22,46.106,46.106,3.8619,616.114,180,13.4,54.0,1000
3695,662.4,46.086,46.086,3.8619,616.314,180,13.41,54.0,1000
3696,662.58,46.066,46.066,3.8619,616.514,180,13.43,54.0,1000
3697,662.76,46.046,46.046,3.8619,616.714,180,13.44,54.0,1000
3698,662.94,46.026,46.026,3.8619,616.914,180,13.45,54.0,1000
3699,663.12,46.006,46.006,3.8619,617.114,180,13.47,54.0,1000
3700,663.3,45.986,45.986,3.8619,617.314,180,13.48,54.0,1000
3701,663.48,45.966,45.966,3.8619,617.514,180,13.49,54.0,1000
3702,663.66,45.946,45.946,3.8619,617.714,180,13.51,54.0,1000
3703,663.84,45.926,45.926,3.8619,617.914,180,13.52,54.0,1000
3704,664.02,45.906,45.906,3.8619,618.114,180,13.53,54.0,1000
3705,664.2,45.886,45.886,3.8619,618.314,180,13.55,54.0,1000
3706,664.38,45.866,45.866,3.8619,618.514,180,13.56,54.0,1000
3707,664.56,45.846,45.846,3.8619,618.714,180,13.57,54.0,1000
3708,664.74,45.826,45.826,3.8619,618.914,180,13.58,54.0,1000
3709,664.92,45.806,45.806,3.8619,619.114,180,13.6,54.0,1000
3710,665.1,45.786,45.786,3.8619,619.314,180,13.61,54.0,1000
3711,665.28,45.766,45.766,3.8619,619.514,180,13.62,54.0,1000
3712,665.46,45.746,45.746,3.8619,619.714,180,13.63,54.0,1000
3713,665.64,45.726,45.726,3.8619,619.914,180,13.65,54.0,1000
3714,665.82,45.706,45.706,3.8619,620.114,180,13.66,54.0,1000
3715,666.0,45.686,45.686,3.8619,620.314,180,13.67,54.0,1000
3716,666.18,45.666,45.666,3.8619,620.514,180,13.68,54.0,1000
3717,666.36,45.646,45.646,3.8619,620.714,180,13.7,54.0,1000
3718,666.54,45.626,45.626,3.8619,620.914,180,13.71,54.0,1000
3719,666.72,45.606,45.606,3.8619,621.114,180,13.72,54.0,1000
3720,666.9,45.586,45.586,3.8619,621.314,180,13.73,54.0,1000
3721,667.08,45.566,45.566,3.8619,621.514,180,13.74,54.0,1000
3722,667.26,45.546,45.546,3.8619,621.714,180,13.76,54.0,1000
3723,667.44,45.526,45.526,3.8619,621.914,180,13.77,54.0,1000
3724,667.62,45.506,45.506,3.8619,622.114,180,13.78,54.0,1000
3725,667.8,45.486,45.486,3.8619,622.314,180,13.79,54.0,1000
3726,667.98,45.466,45.466,3.8619,622.514,180,13.8,54.0,1000
3727,668.16,45.446,45.446,3.8619,622.714,180,13.82,54.0,1000
3728,668.34,45.426,45.426,3.8619,622.914,180,13.83,54.0,1000
3729,668.52,45.406,45.406,3.8619,623.114,180,13.84,54.0,1000
3730,668.7,45.386,45.386,3.8619,623.314,180,13.85,54.0,1000
3731,668.88,45.366,45.366,3.8619,623.514,180,13.86,54.0,1000
3732,669.06,45.346,45.346,3.8619,623.714,180,13.87,54.0,1000
3733,669.24,45.326,45.326,3.8619,623.914,180,13.89,54.0,1000
3734,669.42,45.306,45.306,3.8619,624.114,180,13.9,54.0,1000
3735,669.6,45.286,45.286,3.8619,624.314,180,13.91,54.0,1000
3736,669.78,45.266,45.266,3.8619,624.514,180,13.92,54.0,1000
3737,669.96,45.246,45.246,3.8619,624.714,180,13.93,54.0,1000
3738,670.14,45.226,45.226,3.8619,624.914,180,13.94,54.0,1000
3739,670.32,45.206,45.206,3.8619,625.114,180,13.95,54.0,1000
3740,670.5,45.186,45.186,3.8619,625.314,180,13.96,54.0,1000
3741,670.68,45.166,45.166,3.8619,625.514,180,13.97,54.0,1000
3742,670.86,45.146,45.146,3.8619,625.714,180,13.99,54.0,1000
3743,671.04,45.126,45.126,3.8619,625.914,180,14.0,54.0,1000
3744,671.22,45.106,45.106,3.8619,626.114,180,14.01,54.0,1000
3745,671.4,45.086,45.086,3.8619,626.314,180,14.02,54.0,1000
3746,671.58,45.066,45.066,3.8619,626.514,180,14.03,54.0,1000
3747,671.76,45.046,45.046,3.8619,626.714,180,14.04,54.0,1000
3748,671.94,45.026,45.026,3.8619,626.914,180,14.05,54.0,1000
3749,672.12,45.006,45.006,3.8619,627.114,180,14.06,54.0,1000
3750,672.3,44.986,44.986,3.8619,627.314,180,14.07,54.0,1000
3751,672.48,44.966,44.966,3.8619,627.514,180,14.08,54.0,1000
3752,672.66,44.946,44.946,3.8619,627.714,180,14.09,54.0,1000
3753,672.84,44.926,44.926,3.8619,627.914,180,14.1,54.0,1000
3754,673.02,44.906,44.906,3.8619,628.114,180,14.11,54.0,1000
3755,673.2,44.886,44.886,3.8619,628.314,180,14.12,54.0,1000
3756,673.38,44.866,44.866,3.8619,628.514,180,14.13,54.0,1000
3757,673.56,44.846,44.846,3.8619,628.714,180,14.14,54.0,1000
3758,673.74,44.826,44.826,3.8619,628.914,180,14.15,54.0,1000
3759,673.92,44.806,44.806,3.8619,629.114,180,14.16,54.0,1000
3760,674.1,44.786,44.786,3.8619,629.314,180,14.17,54.0,1000
3761,674.28,44.766,44.766,3.8619,629.514,180,14.18,54.0,1000
3762,674.46,44.746,44.746,3.8619,629.714,180,14.19,54.0,1000
3763,674.64,44.726,44.726,3.8619,629.914,180,14.2,54.0,1000
3764,674.82,44.706,44.706,3.8619,630.114,180,14.21,54.0,1000
3765,675.0,44.686,44.686,3.8619,630.314,180,14.22,54.0,1000
3766,675.18,44.666,44.666,3.8619,630.514,180,14.23,54.0,1000
3767,675.36,44.646,44.646,3.8619,630.714,180,14.24,54.0,1000
3768,675.54,44.626,44.626,3.8619,630.914,180,14.25,54.0,1000
3769,675.72,44.606,44.606,3.8619,631.114,180,14.26,54.0,1000
3770,675.9,44.586,44.586,3.8619,631.314,180,14.27,54.0,1000
3771,676.08,44.566,44.566,3.8619,631.514,180,14.28,54.0,1000
3772,676.26,44.546,44.546,3.8619,631.714,180,14.29,54.0,1000
3773,676.44,44.526,44.526,3.8619,631.914,180,14.29,54.0,1000
3774,676.62,44.506,44.506,3.8619,632.114,180,14.3,54.0,1000
3775,676.8,44.486,44.486,3.8619,632.314,180,14.31,54.0,1000
3776,676.98,44.466,44.466,3.8619,632.514,180,14.32,54.0,1000
3777,677.16,44.446,44.446,3.8619,632.714,180,14.33,54.0,1000
3778,677.34,44.426,44.426,3.8619,632.914,180,14.34,54.0,1000
3779,677.52,44.406,44.406,3.8619,633.114,180,14.35,54.0,1000
3780,677.7,44.386,44.386,3.8619,633.314,180,14.36,54.0,1000
3781,677.88,44.366,44.366,3.8619,633.514,180,14.37,54.0,1000
3782,678.06,44.346,44.346,3.8619,633.714,180,14.37,54.0,1000
3783,678.24,44.326,44.326,3.8619,633.914,180,14.38,54.0,1000
3784,678.42,44.306,44.306,3.8619,634.114,180,14.39,54.0,1000
3785,678.6,44.286,44.286,3.8619,634.314,180,14.4,54.0,1000
3786,678.78,44.266,44.266,3.8619,634.514,180,14.41,54.0,1000
3787,678.96,44.246,44.246,3.8619,634.714,180,14.42,54.0,1000
3788,679.14,44.226,44.226,3.8619,634.914,180,14.42,54.0,1000
3789,679.32,44.206,44.206,3.8619,635.114,180,14.43,54.0,1000
3790,679.5,44.186,44.186,3.8619,635.314,180,14.44,54.0,1000
3791,679.68,44.166,44.166,3.8619,635.514,180,14.45,54.0,1000
3792,679.86,44.146,44.146,3.8619,635.714,180,14.46,54.0,1000
3793,680.04,44.126,44.126,3.8619,635.914,180,14.46,54.0,1000
3794,680.22,44.106,44.106,3.8619,636.114,180,14.47,54.0,1000
3795,680.4,44.086,44.086,3.8619,636.314,180,14.48,54.0,1000
3796,680.58,44.066,44.066,3.8619,636.514,180,14.49,54.0,1000
3797,680.76,44.046,44.046,3.8619,636.714,180,14.5,54.0,1000
3798,680.94,44.026,44.026,3.8619,636.914,180,14.5,54.0,1000
3799,681.12,44.006,44.006,3.8619,637.114,180,14.51,54.0,1000
3800,681.3,43.986,43.986,3.8619,637.314,180,14.52,54.0,1000
3801,681.48,43.966,43.966,3.8619,637.514,180,14.53,54.0,1000
3802,681.66,43.946,43.946,3.8619,637.714,180,14.53,54.0,1000
3803,681.84,43.926,43.926,3.8619,637.914,180,14.54,54.0,1000
3804,682.02,43.906,43.906,3.8619,638.114,180,14.55,54.0,1000
3805,682.2,43.886,43.886,3.8619,638.314,180,14.56,54.0,1000
3806,682.38,43.866,43.866,3.8619,638.514,180,14.56,54.0,1000
3807,682.56,43.846,43.846,3.8619,638.714,180,14.57,54.0,1000
3808,682.74,43.826,43.826,3.8619,638.914,180,14.58,54.0,1000
3809,682.92,43.806,43.806,3.8619,639.114,180,14.58,54.0,1000
3810,683.1,43.786,43.786,3.8619,639.314,180,14.59,54.0,1000
3811,683.28,43.766,43.766,3.8619,639.514,180,14.6,54.0,1000
3812,683.46,43.746,43.746,3.8619,639.714,180,14.61,54.0,1000
3813,683.64,43.726,43.726,3.8619,639.914,180,14.61,54.0,1000
3814,683.82,43.706,43.706,3.8619,640.114,180,14.62,54.0,1000
3815,684.0,43.686,43.686,3.8619,640.314,180,14.63,54.0,1000
3816,684.18,43.666,43.666,3.8619,640.514,180,14.63,54.0,1000
3817,684.36,43.646,43.646,3.8619,640.714,180,14.64,54.0,1000
3818,684.54,43.626,43.626,3.8619,640.914,180,14.65,54.0,1000
3819,684.72,43.606,43.606,3.8619,641.114,180,14.65,54.0,1000
3820,684.9,43.586,43.586,3.8619,641.314,180,14.66,54.0,1000
3821,685.08,43.566,43.566,3.8619,641.514,180,14.66,54.0,1000
3822,685.26,43.546,43.546,3.8619,641.714,180,14.67,54.0,1000
3823,685.44,43.526,43.526,3.8619,641.914,180,14.68,54.0,1000
3824,685.62,43.506,43.506,3.8619,642.114,180,14.68,54.0,1000
3825,685.8,43.486,43.486,3.8619,642.314,180,14.69,54.0,1000
3826,685.98,43.466,43.466,3.8619,642.514,180,14.7,54.0,1000
3827,686.16,43.446,43.446,3.8619,642.714,180,14.7,54.0,1000
3828,686.34,43.426,43.426,3.8619,642.914,180,14.71,54.0,1000
3829,686.52,43.406,43.406,3.8619,643.114,180,14.71,54.0,1000
3830,686.7,43.386,43.386,3.8619,643.314,180,14.72,54.0,1000
3831,686.88,43.366,43.366,3.8619,643.514,180,14.72,54.0,1000
3832,687.06,43.346,43.346,3.8619,643.714,180,14.73,54.0,1000
3833,687.24,43.326,43.326,3.8619,643.914,180,14.74,54.0,1000
3834,687.42,43.306,43.306,3.8619,644.114,180,14.74,54.0,1000
3835,687.6,43.286,43.286,3.8619,644.314,180,14.75,54.0,1000
3836,687.78,43.266,43.266,3.8619,644.514,180,14.75,54.0,1000
3837,687.96,43.246,43.246,3.8619,644.714,180,14.76,54.0,1000
3838,688.14,43.226,43.226,3.8619,644.914,180,14.76,54.0,1000
3839,688.32,43.206,43.206,3.8619,645.114,180,14.77,54.0,1000
3840,688.5,43.186,43.186,3.8619,645.314,180,14.77,54.0,1000
3841,688.68,43.166,43.166,3.8619,645.514,180,14.78,54.0,1000
3842,688.86,43.146,43.146,3.8619,645.714,180,14.78,54.0,1000
3843,689.04,43.126,43.126,3.8619,645.914,180,14.79,54.0,1000
3844,689.22,43.106,43.106,3.8619,646.114,180,14.79,54.0,1000
3845,689.4,43.086,43.086,3.8619,646.314,180,14.8,54.0,1000
3846,689.58,43.066,43.066,3.8619,646.514,180,14.8,54.0,1000
3847,689.76,43.046,43.046,3.8619,646.714,180,14.81,54.0,1000
3848,689.94,43.026,43.026,3.8619,646.914,180,14.81,54.0,1000
3849,690.12,43.006,43.006,3.8619,647.114,180,14.82,54.0,1000
3850,690.3,42.986,42.986,3.8619,647.314,180,14.82,54.0,1000
3851,690.48,42.966,42.966,3.8619,647.514,180,14.83,54.0,1000
3852,690.66,42.946,42.946,3.8619,647.714,180,14.83,54.0,1000
3853,690.84,42.926,42.926,3.8619,647.914,180,14.84,54.0,1000
3854,691.02,42.906,42.906,3.8619,648.114,180,14.84,54.0,1000
3855,691.2,42.886,42.886,3.8619,648.314,180,14.84,54.0,1000
3856,691.38,42.866,42.866,3.8619,648.514,180,14.85,54.0,1000
3857,691.56,42.846,42.846,3.8619,648.714,180,14.85,54.0,1000
3858,691.74,42.826,42.826,3.8619,648.914,180,14.86,54.0,1000
3859,691.92,42.806,42.806,3.8619,649.114,180,14.86,54.0,1000
3860,692.1,42.786,42.786,3.8619,649.314,180,14.87,54.0,1000
3861,692.28,42.766,42.766,3.8619,649.514,180,14.87,54.0,1000
3862,692.46,42.746,42.746,3.8619,649.714,180,14.87,54.0,1000
3863,692.64,42.726,42.726,3.8619,649.914,180,14.88,54.0,1000
3864,692.82,42.706,42.706,3.8619,650.114,180,14.88,54.0,1000
3865,693.0,42.686,42.686,3.8619,650.314,180,14.88,54.0,1000
3866,693.18,42.666,42.666,3.8619,650.514,180,14.89,54.0,1000
3867,693.36,42.646,42.646,3.8619,650.714,180,14.89,54.0,1000
3868,693.54,42.626,42.626,3.8619,650.914,180,14.9,54.0,1000
3869,693.72,42.606,42.606,3.8619,651.114,180,14.9,54.0,1000
3870,693.9,42.586,42.586,3.8619,651.314,180,14.9,54.0,1000
3871,694.08,42.566,42.566,3.8619,651.514,180,14.91,54.0,1000
3872,694.26,42.546,42.546,3.8619,651.714,180,14.91,54.0,1000
3873,694.44,42.526,42.526,3.8619,651.914,180,14.91,54.0,1000
3874,694.62,42.506,42.506,3.8619,652.114,180,14.92,54.0,1000
3875,694.8,42.486,42.486,3.8619,652.314,180,14.92,54.0,1000
3876,694.98,42.466,42.466,3.8619,652.514,180,14.92,54.0,1000
3877,695.16,42.446,42.446,3.8619,652.714,180,14.93,54.0,1000
3878,695.34,42.426,42.426,3.8619,652.914,180,14.93,54.0,1000
3879,695.52,42.406,42.406,3.8619,653.114,180,14.93,54.0,1000
3880,695.7,42.386,42.386,3.8619,653.314,180,14.93,54.0,1000
3881,695.88,42.366,42.366,3.8619,653.514,180,14.94,54.0,1000
3882,696.06,42.346,42.346,3.8619,653.714,180,14.94,54.0,1000
3883,696.24,42.326,42.326,3.8619,653.914,180,14.94,54.0,1000
3884,696.42,42.306,42.306,3.8619,654.114,180,14.94,54.0,1000
3885,696.6,42.286,42.286,3.8619,654.314,180,14.95,54.0,1000
3886,696.78,42.266,42.266,3.8619,654.514,180,14.95,54.0,1000
3887,696.96,42.246,42.246,3.8619,654.714,180,14.95,54.0,1000
3888,697.14,42.226,42.226,3.8619,654.914,180,14.95,54.0,1000
3889,697.32,42.206,42.206,3.8619,655.114,180,14.96,54.0,1000
3890,697.5,42.186,42.186,3.8619,655.314,180,14.96,54.0,1000
3891,697.68,42.166,42.166,3.8619,655.514,180,14.96,54.0,1000
3892,697.86,42.146,42.146,3.8619,655.714,180,14.96,54.0,1000
3893,698.04,42.126,42.126,3.8619,655.914,180,14.97,54.0,1000
3894,698.22,42.106,42.106,3.8619,656.114,180,14.97,54.0,1000
3895,698.4,42.086,42.086,3.8619,656.314,180,14.97,54.0,1000
3896,698.58,42.066,42.066,3.8619,656.514,180,14.97,54.0,1000
3897,698.76,42.046,42.046,3.8619,656.714,180,14.97,54.0,1000
3898,698.94,42.026,42.026,3.8619,656.914,180,14.97,54.0,1000
3899,699.12,42.006,42.006,3.8619,657.114,180,14.98,54.0,1000
3900,699.3,41.986,41.986,3.8619,657.314,180,14.98,54.0,1000
3901,699.48,41.966,41.966,3.8619,657.514,180,14.98,54.0,1000
3902,699.66,41.946,41.946,3.8619,657.714,180,14.98,54.0,1000
3903,699.84,41.926,41.926,3.8619,657.914,180,14.98,54.0,1000
3904,700.02,41.906,41.906,3.8619,658.114,180,14.98,54.0,1000
3905,700.2,41.886,41.886,3.8619,658.314,180,14.99,54.0,1000
3906,700.38,41.866,41.866,3.8619,658.514,180,14.99,54.0,1000
3907,700.56,41.846,41.846,3.8619,658.714,180,14.99,54.0,1000
3908,700.74,41.826,41.826,3.8619,658.914,180,14.99,54.0,1000
3909,700.92,41.806,41.806,3.8619,659.114,180,14.99,54.0,1000
3910,701.1,41.786,41.786,3.8619,659.314,180,14.99,54.0,1000
3911,701.28,41.766,41.766,3.8619,659.514,180,14.99,54.0,1000
3912,701.46,41.746,41.746,3.8619,659.714,180,14.99,54.0,1000
3913,701.64,41.726,41.726,3.8619,659.914,180,14.99,54.0,1000
3914,701.82,41.706,41.706,3.8619,660.114,180,14.99,54.0,1000
3915,702.0,41.686,41.686,3.8619,660.314,180,15.0,54.0,1000
3916,702.18,41.666,41.666,3.8619,660.514,180,15.0,54.0,1000
3917,702.36,41.646,41.646,3.8619,660.714,180,15.0,54.0,1000
3918,702.54,41.626,41.626,3.8619,660.914,180,15.0,54.0,1000
3919,702.72,41.606,41.606,3.8619,661.114,180,15.0,54.0,1000
3920,702.9,41.586,41.586,3.8619,661.314,180,15.0,54.0,1000
3921,703.08,41.566,41.566,3.8619,661.514,180,15.0,54.0,1000
3922,703.26,41.546,41.546,3.8619,661.714,180,15.0,54.0,1000
3923,703.44,41.526,41.526,3.8619,661.914,180,15.0,54.0,1000
3924,703.62,41.506,41.506,3.8619,662.114,180,15.0,54.0,1000
3925,703.8,41.486,41.486,3.8619,662.314,180,15.0,54.0,1000
3926,703.98,41.466,41.466,3.8619,662.514,180,15.0,54.0,1000
3927,704.16,41.446,41.446,3.8619,662.714,180,15.0,54.0,1000
3928,704.34,41.426,41.426,3.8619,662.914,180,15.0,54.0,1000
3929,704.52,41.406,41.406,3.8619,663.114,180,15.0,54.0,1000
3930,704.7,41.386,41.386,3.8619,663.314,180,15.0,54.0,1000
3931,704.88,41.366,41.366,3.8619,663.514,180,15.0,54.0,1000
3932,705.06,41.346,41.346,3.8619,663.714,180,15.0,54.0,1000
3933,705.24,41.326,41.326,3.8619,663.914,180,15.0,54.0,1000
3934,705.42,41.306,41.306,3.8619,664.114,180,15.0,54.0,1000
3935,705.6,41.286,41.286,3.8619,664.314,180,15.0,54.0,1000
3936,705.78,41.266,41.266,3.8619,664.514,180,15.0,54.0,1000
3937,705.96,41.246,41.246,3.8619,664.714,180,15.0,54.0,1000
3938,706.14,41.226,41.226,3.8619,664.914,180,15.0,54.0,1000
3939,706.32,41.206,41.206,3.8619,665.114,180,15.0,54.0,1000
3940,706.5,41.186,41.186,3.8619,665.314,180,14.99,54.0,1000
3941,706.68,41.166,41.166,3.8619,665.514,180,14.99,54.0,1000
3942,706.86,41.146,41.146,3.8619,665.714,180,14.99,54.0,1000
3943,707.04,41.126,41.126,3.8619,665.914,180,14.99,54.0,1000
3944,707.22,41.106,41.106,3.8619,666.114,180,14.99,54.0,1000
3945,707.4,41.086,41.086,3.8619,666.314,180,14.99,54.0,1000
3946,707.58,41.066,41.066,3.8619,666.514,180,14.99,54.0,1000
3947,707.76,41.046,41.046,3.8619,666.714,180,14.99,54.0,1000
3948,707.94,41.026,41.026,3.8619,666.914,180,14.99,54.0,1000
3949,708.12,41.006,41.006,3.8619,667.114,180,14.99,54.0,1000
3950,708.3,40.986,40.986,3.8619,667.314,180,14.98,54.0,1000
3951,708.48,40.966,40.966,3.8619,667.514,180,14.98,54.0,1000
3952,708.66,40.946,40.946,3.8619,667.714,180,14.98,54.0,1000
3953,708.84,40.926,40.926,3.8619,667.914,180,14.98,54.0,1000
3954,709.02,40.906,40.906,3.8619,668.114,180,14.98,54.0,1000
3955,709.2,40.886,40.886,3.8619,668.314,180,14.98,54.0,1000
3956,709.38,40.866,40.866,3.8619,668.514,180,14.97,54.0,1000
3957,709.56,40.846,40.846,3.8619,668.714,180,14.97,54.0,1000
3958,709.74,40.826,40.826,3.8619,668.914,180,14.97,54.0,1000
3959,709.92,40.806,40.806,3.8619,669.114,180,14.97,54.0,1000
3960,710.1,40.786,40.786,3.8619,669.314,180,14.97,54.0,1000
3961,710.28,40.766,40.766,3.8619,669.514,180,14.97,54.0,1000
3962,710.46,40.746,40.746,3.8619,669.714,180,14.96,54.0,1000
3963,710.64,40.726,40.726,3.8619,669.914,180,14.96,54.0,1000
3964,710.82,40.706,40.706,3.8619,670.114,180,14.96,54.0,1000
3965,711.0,40.686,40.686,3.8619,670.314,180,14.96,54.0,1000
3966,711.18,40.666,40.666,3.8619,670.514,180,14.95,54.0,1000
3967,711.36,40.646,40.646,3.8619,670.714,180,14.95,54.0,1000
3968,711.54,40.626,40.626,3.8619,670.914,180,14.95,54.0,1000
3969,711.72,40.606,40.606,3.8619,671.114,180,14.95,54.0,1000
3970,711.9,40.586,40.586,3.8619,671.314,180,14.94,54.0,1000
3971,712.08,40.566,40.566,3.8619,671.514,180,14.94,54.0,1000
3972,712.26,40.546,40.546,3.8619,671.714,180,14.94,54.0,1000
3973,712.44,40.526,40.526,3.8619,671.914,180,14.94,54.0,1000
3974,712.62,40.506,40.506,3.8619,672.114,180,14.93,54.0,1000
3975,712.8,40.486,40.486,3.8619,672.314,180,14.93,54.0,1000
3976,712.98,40.466,40.466,3.8619,672.514,180,14.93,54.0,1000
3977,713.16,40.446,40.446,3.8619,672.714,180,14.93,54.0,1000
3978,713.34,40.426,40.426,3.8619,672.914,180,14.92,54.0,1000
3979,713.52,40.406,40.406,3.8619,673.114,180,14.92,54.0,1000
3980,713.7,40.386,40.386,3.8619,673.314,180,14.92,54.0,1000
3981,713.88,40.366,40.366,3.8619,673.514,180,14.91,54.0,1000
3982,714.06,40.346,40.346,3.8619,673.714,180,14.91,54.0,1000
3983,714.24,40.326,40.326,3.8619,673.914,180,14.91,54.0,1000
3984,714.42,40.306,40.306,3.8619,674.114,180,14.9,54.0,1000
3985,714.6,40.286,40.286,3.8619,674.314,180,14.9,54.0,1000
3986,714.78,40.266,40.266,3.8619,674.514,180,14.9,54.0,1000
3987,714.96,40.246,40.246,3.8619,674.714,180,14.89,54.0,1000
3988,715.14,40.226,40.226,3.8619,674.914,180,14.89,54.0,1000
3989,715.32,40.206,40.206,3.8619,675.114,180,14.88,54.0,1000
3990,715.5,40.186,40.186,3.8619,675.314,180,14.88,54.0,1000
3991,715.68,40.166,40.166,3.8619,675.514,180,14.88,54.0,1000
3992,715.86,40.146,40.146,3.8619,675.714,180,14.87,54.0,1000
3993,716.04,40.126,40.126,3.8619,675.914,180,14.87,54.0,1000
3994,716.22,40.106,40.106,3.8619,676.114,180,14.87,54.0,1000
3995,716.4,40.086,40.086,3.8619,676.314,180,14.86,54.0,1000
3996,716.58,40.066,40.066,3.8619,676.514,180,14.86,54.0,1000
3997,716.76,40.046,40.046,3.8619,676.714,180,14.85,54.0,1000
3998,716.94,40.026,40.026,3.8619,676.914,180,14.85,54.0,1000
3999,717.12,40.006,40.006,3.8619,677.114,180,14.84,54.0,1000
4000,717.3,39.986,39.986,3.8619,677.314,180,14.84,54.0,1000
4001,717.477,39.966,39.966,3.8619,677.511,180,14.84,54.0,1000
4002,717.648,39.946,39.946,3.8619,677.702,180,14.83,54.0,1000
4003,717.813,39.926,39.926,3.8619,677.887,180,14.83,54.0,1000
4004,717.972,39.906,39.906,3.8619,678.066,180,14.82,54.0,1000
4005,718.125,39.886,39.886,3.8619,678.239,180,14.82,54.0,1000
4006,718.272,39.866,39.866,3.8619,678.406,180,14.81,54.0,1000
4006,718.413,39.846,39.846,3.8619,678.567,180,14.81,54.0,1000
4008,718.548,39.826,39.826,3.8619,678.722,180,14.8,54.0,1000
4009,718.677,39.806,39.806,3.8619,678.871,180,14.8,54.0,1000
4010,718.8,39.786,39.786,3.8619,679.014,180,14.79,54.0,1000
4011,718.917,39.766,39.766,3.8619,679.151,180,14.79,54.0,1000
4012,719.028,39.746,39.746,3.8619,679.282,180,14.78,54.0,1000
4013,719.133,39.726,39.726,3.8619,679.407,180,14.78,54.0,1000
4014,719.232,39.706,39.706,3.8619,679.526,180,14.77,54.0,1000
4014,719.325,39.686,39.686,3.8619,679.639,180,14.77,54.0,1000
4016,719.412,39.666,39.666,3.8619,679.746,180,14.76,54.0,1000
4017,719.493,39.646,39.646,3.8619,679.847,180,14.76,54.0,1000
4018,719.568,39.626,39.626,3.8619,679.942,180,14.75,54.0,1000
4019,719.637,39.606,39.606,3.8619,680.031,180,14.75,54.0,1000
4020,719.7,39.586,39.586,3.8619,680.114,180,14.74,54.0,1000
4021,719.757,39.566,39.566,3.8619,680.191,180,14.74,54.0,1000
4022,719.808,39.546,39.546,3.8619,680.262,180,14.73,54.0,1000
4022,719.853,39.526,39.526,3.8619,680.327,180,14.72,54.0,1000
4024,719.892,39.506,39.506,3.8619,680.386,180,14.72,54.0,1000
4025,719.925,39.486,39.486,3.8619,680.439,180,14.71,54.0,1000
4026,719.952,39.466,39.466,3.8619,680.486,180,14.71,54.0,1000
4027,719.973,39.446,39.446,3.8619,680.527,180,14.7,54.0,1000
4028,719.988,39.426,39.426,3.8619,680.562,180,14.69,54.0,1000
4029,719.997,39.406,39.406,3.8619,680.591,180,14.69,54.0,1000
4030,720.0,39.386,39.386,3.8619,680.614,180,14.68,54.0,1000
4030,719.997,39.366,39.366,3.8619,680.631,180,14.68,54.0,1000
4032,720.0,39.346,39.346,3.8619,680.654,180,14.67,54.0,1000
4032,720.0,39.326,39.326,3.8619,680.674,180,14.66,54.0,1000
4034,720.0,39.306,39.306,3.8619,680.694,180,14.66,54.0,1000
4034,720.0,39.286,39.286,3.8619,680.714,180,14.65,54.0,1000
4035,720.0,39.266,39.266,3.8619,680.734,180,14.64,54.0,1000
4037,720.0,39.246,39.246,3.8619,680.754,180,14.64,54.0,1000
4037,720.0,39.226,39.226,3.8619,680.774,180,14.63,54.0,1000
4038,720.0,39.206,39.206,3.8619,680.794,180,14.63,54.0,1000
4040,720.0,39.186,39.186,3.8619,680.814,180,14.62,54.0,1000
4040,720.0,39.166,39.166,3.8619,680.834,180,14.61,54.0,1000
4042,720.0,39.146,39.146,3.8619,680.854,180,14.6,54.0,1000
4042,720.0,39.126,39.126,3.8619,680.874,180,14.6,54.0,1000
4043,720.0,39.106,39.106,3.8619,680.894,180,14.59,54.0,1000
4045,720.0,39.086,39.086,3.8619,680.914,180,14.58,54.0,1000
4045,720.0,39.066,39.066,3.8619,680.934,180,14.58,54.0,1000
4046,720.0,39.046,39.046,3.8619,680.954,180,14.57,54.0,1000
4048,720.0,39.026,39.026,3.8619,680.974,180,14.56,54.0,1000
4048,720.0,39.006,39.006,3.8619,680.994,180,14.56,54.0,1000
4050,720.0,38.986,38.986,3.8619,681.014,180,14.55,54.0,1000
4050,720.0,38.966,38.966,3.8619,681.034,180,14.54,54.0,1000
4051,720.0,38.946,38.946,3.8619,681.054,180,14.53,54.0,1000
4053,720.0,38.926,38.926,3.8619,681.074,180,14.53,54.0,1000
4053,720.0,38.906,38.906,3.8619,681.094,180,14.52,54.0,1000
4054,720.0,38.886,38.886,3.8619,681.114,180,14.51,54.0,1000
4056,720.0,38.866,38.866,3.8619,681.134,180,14.5,54.0,1000
4056,720.0,38.846,38.846,3.8619,681.154,180,14.5,54.0,1000
4058,720.0,38.826,38.826,3.8619,681.174,180,14.49,54.0,1000
4058,720.0,38.806,38.806,3.8619,681.194,180,14.48,54.0,1000
4059,720.0,38.786,38.786,3.8619,681.214,180,14.47,54.0,1000
4061,720.0,38.766,38.766,3.8619,681.234,180,14.46,54.0,1000
4061,720.0,38.746,38.746,3.8619,681.254,180,14.46,54.0,1000
4062,720.0,38.726,38.726,3.8619,681.274,180,14.45,54.0,1000
4064,720.0,38.706,38.706,3.8619,681.294,180,14.44,54.0,1000
4064,720.0,38.686,38.686,3.8619,681.314,180,14.43,54.0,1000
4066,720.0,38.666,38.666,3.8619,681.334,180,14.42,54.0,1000
4066,720.0,38.646,38.646,3.8619,681.354,180,14.42,54.0,1000
4067,720.0,38.626,38.626,3.8619,681.374,180,14.41,54.0,1000
4069,720.0,38.606,38.606,3.8619,681.394,180,14.4,54.0,1000
4069,720.0,38.586,38.586,3.8619,681.414,180,14.39,54.0,1000
4070,720.0,38.566,38.566,3.8619,681.434,180,14.38,54.0,1000
4072,720.0,38.546,38.546,3.8619,681.454,180,14.37,54.0,1000
4072,720.0,38.526,38.526,3.8619,681.474,180,14.36,54.0,1000
4074,720.0,38.506,38.506,3.8619,681.494,180,14.36,54.0,1000
4074,720.0,38.486,38.486,3.8619,681.514,180,14.35,54.0,1000
4075,720.0,38.466,38.466,3.8619,681.534,180,14.34,54.0,1000
4077,720.0,38.446,38.446,3.8619,681.554,180,14.33,54.0,1000
4077,720.0,38.426,38.426,3.8619,681.574,180,14.32,54.0,1000
4078,720.0,38.406,38.406,3.8619,681.594,180,14.31,54.0,1000
4080,720.0,38.386,38.386,3.8619,681.614,180,14.3,54.0,1000
4080,720.0,38.366,38.366,3.8619,681.634,180,14.29,54.0,1000
4082,720.0,38.346,38.346,3.8619,681.654,180,14.28,54.0,1000
4082,720.0,38.326,38.326,3.8619,681.674,180,14.28,54.0,1000
4083,720.0,38.306,38.306,3.8619,681.694,180,14.27,54.0,1000
4085,720.0,38.286,38.286,3.8619,681.714,180,14.26,54.0,1000
4085,720.0,38.266,38.266,3.8619,681.734,180,14.25,54.0,1000
4086,720.0,38.246,38.246,3.8619,681.754,180,14.24,54.0,1000
4088,720.0,38.226,38.226,3.8619,681.774,180,14.23,54.0,1000
4088,720.0,38.206,38.206,3.8619,681.794,180,14.22,54.0,1000
4090,720.0,38.186,38.186,3.8619,681.814,180,14.21,54.0,1000
4090,720.0,38.166,38.166,3.8619,681.834,180,14.2,54.0,1000
4091,720.0,38.146,38.146,3.8619,681.854,180,14.19,54.0,1000
4093,720.0,38.126,38.126,3.8619,681.874,180,14.18,54.0,1000
4093,720.0,38.106,38.106,3.8619,681.894,180,14.17,54.0,1000
4094,720.0,38.086,38.086,3.8619,681.914,180,14.16,54.0,1000
4096,720.0,38.066,38.066,3.8619,681.934,180,14.15,54.0,1000
4096,720.0,38.046,38.046,3.8619,681.954,180,14.14,54.0,1000
4098,720.0,38.026,38.026,3.8619,681.974,180,14.13,54.0,1000
4098,720.0,38.006,38.006,3.8619,681.994,180,14.12,54.0,1000
4100,720.0,37.986,37.986,3.8619,682.014,180,14.11,54.0,1000
4101,720.0,37.966,37.966,3.8619,682.034,180,14.1,54.0,1000
4101,720.0,37.946,37.946,3.8619,682.054,180,14.09,54.0,1000
4103,720.0,37.926,37.926,3.8619,682.074,180,14.08,54.0,1000
4104,720.0,37.906,37.906,3.8619,682.094,180,14.07,54.0,1000
4104,720.0,37.886,37.886,3.8619,682.114,180,14.06,54.0,1000
4106,720.0,37.866,37.866,3.8619,682.134,180,14.05,54.0,1000
4106,720.0,37.846,37.846,3.8619,682.154,180,14.04,54.0,1000
4108,720.0,37.826,37.826,3.8619,682.174,180,14.03,54.0,1000
4109,720.0,37.806,37.806,3.8619,682.194,180,14.02,54.0,1000
4109,720.0,37.786,37.786,3.8619,682.214,180,14.01,54.0,1000
4111,720.0,37.766,37.766,3.8619,682.234,180,14.0,54.0,1000
4112,720.0,37.746,37.746,3.8619,682.254,180,13.98,54.0,1000
4113,720.0,37.726,37.726,3.8619,682.274,180,13.97,54.0,1000
4114,720.0,37.706,37.706,3.8619,682.294,180,13.96,54.0,1000
4114,720.0,37.686,37.686,3.8619,682.314,180,13.95,54.0,1000
4116,720.0,37.666,37.666,3.8619,682.334,180,13.94,54.0,1000
4117,720.0,37.646,37.646,3.8619,682.354,180,13.93,54.0,1000
4117,720.0,37.626,37.626,3.8619,682.374,180,13.92,54.0,1000
4119,720.0,37.606,37.606,3.8619,682.394,180,13.91,54.0,1000
4120,720.0,37.586,37.586,3.8619,682.414,180,13.9,54.0,1000
4121,720.0,37.566,37.566,3.8619,682.434,180,13.88,54.0,1000
4122,720.0,37.546,37.546,3.8619,682.454,180,13.87,54.0,1000
4122,720.0,37.526,37.526,3.8619,682.474,180,13.86,54.0,1000
4124,720.0,37.506,37.506,3.8619,682.494,180,13.85,54.0,1000
4125,720.0,37.486,37.486,3.8619,682.514,180,13.84,54.0,1000
4125,720.0,37.466,37.466,3.8619,682.534,180,13.83,54.0,1000
4127,720.0,37.446,37.446,3.8619,682.554,180,13.82,54.0,1000
4128,720.0,37.426,37.426,3.8619,682.574,180,13.8,54.0,1000
4129,720.0,37.406,37.406,3.8619,682.594,180,13.79,54.0,1000
4130,720.0,37.386,37.386,3.8619,682.614,180,13.78,54.0,1000
4130,720.0,37.366,37.366,3.8619,682.634,180,13.77,54.0,1000
4132,720.0,37.346,37.346,3.8619,682.654,180,13.76,54.0,1000
4133,720.0,37.326,37.326,3.8619,682.674,180,13.74,54.0,1000
4133,720.0,37.306,37.306,3.8619,682.694,180,13.73,54.0,1000
4135,720.0,37.286,37.286,3.8619,682.714,180,13.72,54.0,1000
4136,720.0,37.266,37.266,3.8619,682.734,180,13.71,54.0,1000
4137,720.0,37.246,37.246,3.8619,682.754,180,13.7,54.0,1000
4138,720.0,37.226,37.226,3.8619,682.774,180,13.68,54.0,1000
4138,720.0,37.206,37.206,3.8619,682.794,180,13.67,54.0,1000
4140,720.0,37.186,37.186,3.8619,682.814,180,13.66,54.0,1000
4141,720.0,37.166,37.166,3.8619,682.834,180,13.65,54.0,1000
4141,720.0,37.146,37.146,3.8619,682.854,180,13.63,54.0,1000
4143,720.0,37.126,37.126,3.8619,682.874,180,13.62,54.0,1000
4144,720.0,37.106,37.106,3.8619,682.894,180,13.61,54.0,1000
4145,720.0,37.086,37.086,3.8619,682.914,180,13.6,54.0,1000
4146,720.0,37.066,37.066,3.8619,682.934,180,13.58,54.0,1000
4146,720.0,37.046,37.046,3.8619,682.954,180,13.57,54.0,1000
4148,720.0,37.026,37.026,3.8619,682.974,180,13.56,54.0,1000
4149,720.0,37.006,37.006,3.8619,682.994,180,13.55,54.0,1000
4149,720.0,36.986,36.986,3.8619,683.014,180,13.53,54.0,1000
4151,720.0,36.966,36.966,3.8619,683.034,180,13.52,54.0,1000
4151,720.0,36.946,36.946,3.8619,683.054,180,13.51,54.0,1000
4153,720.0,36.926,36.926,3.8619,683.074,180,13.49,54.0,1000
4154,720.0,36.906,36.906,3.8619,683.094,180,13.48,54.0,1000
4154,720.0,36.886,36.886,3.8619,683.114,180,13.47,54.0,1000
4156,720.0,36.866,36.866,3.8619,683.134,180,13.45,54.0,1000
4157,720.0,36.846,36.846,3.8619,683.154,180,13.44,54.0,1000
4157,720.0,36.826,36.826,3.8619,683.174,180,13.43,54.0,1000
4159,720.0,36.806,36.806,3.8619,683.194,180,13.41,54.0,1000
4160,720.0,36.786,36.786,3.8619,683.214,180,13.4,54.0,1000
4161,720.0,36.766,36.766,3.8619,683.234,180,13.39,54.0,1000
4162,720.0,36.746,36.746,3.8619,683.254,180,13.37,54.0,1000
4162,720.0,36.726,36.726,3.8619,683.274,180,13.36,54.0,1000
4164,720.0,36.706,36.706,3.8619,683.294,180,13.35,54.0,1000
4165,720.0,36.686,36.686,3.8619,683.314,180,13.33,54.0,1000
4165,720.0,36.666,36.666,3.8619,683.334,180,13.32,54.0,1000
4167,720.0,36.646,36.646,3.8619,683.354,180,13.3,54.0,1000
4167,720.0,36.626,36.626,3.8619,683.374,180,13.29,54.0,1000
4169,720.0,36.606,36.606,3.8619,683.394,180,13.28,54.0,1000
4170,720.0,36.586,36.586,3.8619,683.414,180,13.26,54.0,1000
4170,720.0,36.566,36.566,3.8619,683.434,180,13.25,54.0,1000
4172,720.0,36.546,36.546,3.8619,683.454,180,13.23,54.0,1000
4173,720.0,36.526,36.526,3.8619,683.474,180,13.22,54.0,1000
4173,720.0,36.506,36.506,3.8619,683.494,180,13.21,54.0,1000
4175,720.0,36.486,36.486,3.8619,683.514,180,13.19,54.0,1000
4175,720.0,36.466,36.466,3.8619,683.534,180,13.18,54.0,1000
4177,720.0,36.446,36.446,3.8619,683.554,180,13.16,54.0,1000
4178,720.0,36.426,36.426,3.8619,683.574,180,13.15,54.0,1000
4178,720.0,36.406,36.406,3.8619,683.594,180,13.13,54.0,1000
4180,720.0,36.386,36.386,3.8619,683.614,180,13.12,54.0,1000
4181,720.0,36.366,36.366,3.8619,683.634,180,13.11,54.0,1000
4181,720.0,36.346,36.346,3.8619,683.654,180,13.09,54.0,1000
4183,720.0,36.326,36.326,3.8619,683.674,180,13.08,54.0,1000
4183,720.0,36.306,36.306,3.8619,683.694,180,13.06,54.0,1000
4185,720.0,36.286,36.286,3.8619,683.714,180,13.05,54.0,1000
4186,720.0,36.266,36.266,3.8619,683.734,180,13.03,54.0,1000
4186,720.0,36.246,36.246,3.8619,683.754,180,13.02,54.0,1000
4188,720.0,36.226,36.226,3.8619,683.774,180,13.0,54.0,1000
4189,720.0,36.206,36.206,3.8619,683.794,180,12.99,54.0,1000
4189,720.0,36.186,36.186,3.8619,683.814,180,12.97,54.0,1000
4191,720.0,36.166,36.166,3.8619,683.834,180,12.96,54.0,1000
4191,720.0,36.146,36.146,3.8619,683.854,180,12.94,54.0,1000
4193,720.0,36.126,36.126,3.8619,683.874,180,12.93,54.0,1000
4194,720.0,36.106,36.106,3.8619,683.894,180,12.91,54.0,1000
4194,720.0,36.086,36.086,3.8619,683.914,180,12.9,54.0,1000
4196,720.0,36.066,36.066,3.8619,683.934,180,12.88,54.0,1000
4197,720.0,36.046,36.046,3.8619,683.954,180,12.87,54.0,1000
4197,720.0,36.026,36.026,3.8619,683.974,180,12.85,54.0,1000
4199,720.0,36.006,36.006,3.8619,683.994,180,12.83,54.0,1000
4199,720.0,35.986,35.986,3.8619,684.014,180,12.82,54.0,1000
4201,720.0,35.966,35.966,3.8619,684.034,180,12.8,54.0,1000
4202,720.0,35.946,35.946,3.8619,684.054,180,12.79,54.0,1000
4202,720.0,35.926,35.926,3.8619,684.074,180,12.77,54.0,1000
4204,720.0,35.906,35.906,3.8619,684.094,180,12.76,54.0,1000
4205,720.0,35.886,35.886,3.8619,684.114,180,12.74,54.0,1000
4205,720.0,35.866,35.866,3.8619,684.134,180,12.72,54.0,1000
4207,720.0,35.846,35.846,3.8619,684.154,180,12.71,54.0,1000
4207,720.0,35.826,35.826,3.8619,684.174,180,12.69,54.0,1000
4209,720.0,35.806,35.806,3.8619,684.194,180,12.68,54.0,1000
4210,720.0,35.786,35.786,3.8619,684.214,180,12.66,54.0,1000
4210,720.0,35.766,35.766,3.8619,684.234,180,12.64,54.0,1000
4212,720.0,35.746,35.746,3.8619,684.254,180,12.63,54.0,1000
4213,720.0,35.726,35.726,3.8619,684.274,180,12.61,54.0,1000
4213,720.0,35.706,35.706,3.8619,684.294,180,12.6,54.0,1000
4215,720.0,35.686,35.686,3.8619,684.314,180,12.58,54.0,1000
4215,720.0,35.666,35.666,3.8619,684.334,180,12.56,54.0,1000
4217,720.0,35.646,35.646,3.8619,684.354,180,12.55,54.0,1000
4218,720.0,35.626,35.626,3.8619,684.374,180,12.53,54.0,1000
4218,720.0,35.606,35.606,3.8619,684.394,180,12.51,54.0,1000
4220,720.0,35.586,35.586,3.8619,684.414,180,12.5,54.0,1000
4221,720.0,35.566,35.566,3.8619,684.434,180,12.48,54.0,1000
4221,720.0,35.546,35.546,3.8619,684.454,180,12.46,54.0,1000
4223,720.0,35.526,35.526,3.8619,684.474,180,12.45,54.0,1000
4223,720.0,35.506,35.506,3.8619,684.494,180,12.43,54.0,1000
4225,720.0,35.486,35.486,3.8619,684.514,180,12.41,54.0,1000
4226,720.0,35.466,35.466,3.8619,684.534,180,12.4,54.0,1000
4226,720.0,35.446,35.446,3.8619,684.554,180,12.38,54.0,1000
4228,720.0,35.426,35.426,3.8619,684.574,180,12.36,54.0,1000
4229,720.0,35.406,35.406,3.8619,684.594,180,12.35,54.0,1000
4229,720.0,35.386,35.386,3.8619,684.614,180,12.33,54.0,1000
4231,720.0,35.366,35.366,3.8619,684.634,180,12.31,54.0,1000
4231,720.0,35.346,35.346,3.8619,684.654,180,12.29,54.0,1000
4233,720.0,35.326,35.326,3.8619,684.674,180,12.28,54.0,1000
4234,720.0,35.306,35.306,3.8619,684.694,180,12.26,54.0,1000
4234,720.0,35.286,35.286,3.8619,684.714,180,12.24,54.0,1000
4236,720.0,35.266,35.266,3.8619,684.734,180,12.23,54.0,1000
4237,720.0,35.246,35.246,3.8619,684.754,180,12.21,54.0,1000
4238,720.0,35.226,35.226,3.8619,684.774,180,12.19,54.0,1000
4239,720.0,35.206,35.206,3.8619,684.794,180,12.17,54.0,1000
4239,720.0,35.186,35.186,3.8619,684.814,180,12.16,54.0,1000
4241,720.0,35.166,35.166,3.8619,684.834,180,12.14,54.0,1000
4242,720.0,35.146,35.146,3.8619,684.854,180,12.12,54.0,1000
4242,720.0,35.126,35.126,3.8619,684.874,180,12.1,54.0,1000
4244,720.0,35.106,35.106,3.8619,684.894,180,12.08,54.0,1000
4245,720.0,35.086,35.086,3.8619,684.914,180,12.07,54.0,1000
4246,720.0,35.066,35.066,3.8619,684.934,180,12.05,54.0,1000
4247,720.0,35.046,35.046,3.8619,684.954,180,12.03,54.0,1000
4247,720.0,35.026,35.026,3.8619,684.974,180,12.01,54.0,1000
4249,720.0,35.006,35.006,3.8619,684.994,180,12.0,54.0,1000
4250,720.0,34.986,34.986,3.8619,685.014,180,11.98,54.0,1000
4250,720.0,34.966,34.966,3.8619,685.034,180,11.96,54.0,1000
4252,720.0,34.946,34.946,3.8619,685.054,180,11.94,54.0,1000
4253,720.0,34.926,34.926,3.8619,685.074,180,11.92,54.0,1000
4254,720.0,34.906,34.906,3.8619,685.094,180,11.9,54.0,1000
4255,720.0,34.886,34.886,3.8619,685.114,180,11.89,54.0,1000
4255,720.0,34.866,34.866,3.8619,685.134,180,11.87,54.0,1000
4257,720.0,34.846,34.846,3.8619,685.154,180,11.85,54.0,1000
4258,720.0,34.826,34.826,3.8619,685.174,180,11.83,54.0,1000
4258,720.0,34.806,34.806,3.8619,685.194,180,11.81,54.0,1000
4260,720.0,34.786,34.786,3.8619,685.214,180,11.79,54.0,1000
4261,720.0,34.766,34.766,3.8619,685.234,180,11.78,54.0,1000
4262,720.0,34.746,34.746,3.8619,685.254,180,11.76,54.0,1000
4263,720.0,34.726,34.726,3.8619,685.274,180,11.74,54.0,1000
4263,720.0,34.706,34.706,3.8619,685.294,180,11.72,54.0,1000
4265,720.0,34.686,34.686,3.8619,685.314,180,11.7,54.0,1000
4266,720.0,34.666,34.666,3.8619,685.334,180,11.68,54.0,1000
4266,720.0,34.646,34.646,3.8619,685.354,180,11.66,54.0,1000
4268,720.0,34.626,34.626,3.8619,685.374,180,11.64,54.0,1000
4269,720.0,34.606,34.606,3.8619,685.394,180,11.63,54.0,1000
4270,720.0,34.586,34.586,3.8619,685.414,180,11.61,54.0,1000
4271,720.0,34.566,34.566,3.8619,685.434,180,11.59,54.0,1000
4271,720.0,34.546,34.546,3.8619,685.454,180,11.57,54.0,1000
4273,720.0,34.526,34.526,3.8619,685.474,180,11.55,54.0,1000
4274,720.0,34.506,34.506,3.8619,685.494,180,11.53,54.0,1000
4274,720.0,34.486,34.486,3.8619,685.514,180,11.51,54.0,1000
4276,720.0,34.466,34.466,3.8619,685.534,180,11.49,54.0,1000
4276,720.0,34.446,34.446,3.8619,685.554,180,11.47,54.0,1000
4278,720.0,34.426,34.426,3.8619,685.574,180,11.45,54.0,1000
4279,720.0,34.406,34.406,3.8619,685.594,180,11.43,54.0,1000
4279,720.0,34.386,34.386,3.8619,685.614,180,11.41,54.0,1000
4281,720.0,34.366,34.366,3.8619,685.634,180,11.39,54.0,1000
4282,720.0,34.346,34.346,3.8619,685.654,180,11.38,54.0,1000
4282,720.0,34.326,34.326,3.8619,685.674,180,11.36,54.0,1000
4284,720.0,34.306,34.306,3.8619,685.694,180,11.34,54.0,1000
4285,720.0,34.286,34.286,3.8619,685.714,180,11.32,54.0,1000
4286,720.0,34.266,34.266,3.8619,685.734,180,11.3,54.0,1000
4287,720.0,34.246,34.246,3.8619,685.754,180,11.28,54.0,1000
4287,720.0,34.226,34.226,3.8619,685.774,180,11.26,54.0,1000
4289,720.0,34.206,34.206,3.8619,685.794,180,11.24,54.0,1000
4290,720.0,34.186,34.186,3.8619,685.814,180,11.22,54.0,1000
4290,720.0,34.166,34.166,3.8619,685.834,180,11.2,54.0,1000
4292,720.0,34.146,34.146,3.8619,685.854,180,11.18,54.0,1000
4292,720.0,34.126,34.126,3.8619,685.874,180,11.16,54.0,1000
4294,720.0,34.106,34.106,3.8619,685.894,180,11.14,54.0,1000
4295,720.0,34.086,34.086,3.8619,685.914,180,11.12,54.0,1000
4295,720.0,34.066,34.066,3.8619,685.934,180,11.1,54.0,1000
4297,720.0,34.046,34.046,3.8619,685.954,180,11.08,54.0,1000
4298,720.0,34.026,34.026,3.8619,685.974,180,11.06,54.0,1000
4298,720.0,34.006,34.006,3.8619,685.994,180,11.04,54.0,1000
4300,720.0,33.986,33.986,3.8619,686.014,180,11.02,54.0,1000
4301,720.0,33.966,33.966,3.8619,686.034,180,11.0,54.0,1000
4302,720.0,33.946,33.946,3.8619,686.054,180,10.98,54.0,1000
4303,720.0,33.926,33.926,3.8619,686.074,180,10.95,54.0,1000
4303,720.0,33.906,33.906,3.8619,686.094,180,10.93,54.0,1000
4305,720.0,33.886,33.886,3.8619,686.114,180,10.91,54.0,1000
4306,720.0,33.866,33.866,3.8619,686.134,180,10.89,54.0,1000
4306,720.0,33.846,33.846,3.8619,686.154,180,10.87,54.0,1000
4308,720.0,33.826,33.826,3.8619,686.174,180,10.85,54.0,1000
4308,720.0,33.806,33.806,3.8619,686.194,180,10.83,54.0,1000
4310,720.0,33.786,33.786,3.8619,686.214,180,10.81,54.0,1000
4311,720.0,33.766,33.766,3.8619,686.234,180,10.79,54.0,1000
4311,720.0,33.746,33.746,3.8619,686.254,180,10.77,54.0,1000
4313,720.0,33.726,33.726,3.8619,686.274,180,10.75,54.0,1000
4314,720.0,33.706,33.706,3.8619,686.294,180,10.73,54.0,1000
4314,720.0,33.686,33.686,3.8619,686.314,180,10.71,54.0,1000
4316,720.0,33.666,33.666,3.8619,686.334,180,10.68,54.0,1000
4317,720.0,33.646,33.646,3.8619,686.354,180,10.66,54.0,1000
4318,720.0,33.626,33.626,3.8619,686.374,180,10.64,54.0,1000
4319,720.0,33.606,33.606,3.8619,686.394,180,10.62,54.0,1000
4319,720.0,33.586,33.586,3.8619,686.414,180,10.6,54.0,1000
4321,720.0,33.566,33.566,3.8619,686.434,180,10.58,54.0,1000
4322,720.0,33.546,33.546,3.8619,686.454,180,10.56,54.0,1000
4322,720.0,33.526,33.526,3.8619,686.474,180,10.54,54.0,1000
4324,720.0,33.506,33.506,3.8619,686.494,180,10.51,54.0,1000
4324,720.0,33.486,33.486,3.8619,686.514,180,10.49,54.0,1000
4326,720.0,33.466,33.466,3.8619,686.534,180,10.47,54.0,1000
4327,720.0,33.446,33.446,3.8619,686.554,180,10.45,54.0,1000
4327,720.0,33.426,33.426,3.8619,686.574,180,10.43,54.0,1000
4329,720.0,33.406,33.406,3.8619,686.594,180,10.41,54.0,1000
4330,720.0,33.386,33.386,3.8619,686.614,180,10.39,54.0,1000
4330,720.0,33.366,33.366,3.8619,686.634,180,10.36,54.0,1000
4332,720.0,33.346,33.346,3.8619,686.654,180,10.34,54.0,1000
4332,720.0,33.326,33.326,3.8619,686.674,180,10.32,54.0,1000
4334,720.0,33.306,33.306,3.8619,686.694,180,10.3,54.0,1000
4335,720.0,33.286,33.286,3.8619,686.714,180,10.28,54.0,1000
4335,720.0,33.266,33.266,3.8619,686.734,180,10.26,54.0,1000
4337,720.0,33.246,33.246,3.8619,686.754,180,10.23,54.0,1000
4338,720.0,33.226,33.226,3.8619,686.774,180,10.21,54.0,1000
4338,720.0,33.206,33.206,3.8619,686.794,180,10.19,54.0,1000
4340,720.0,33.186,33.186,3.8619,686.814,180,10.17,54.0,1000
4340,720.0,33.166,33.166,3.8619,686.834,180,10.15,54.0,1000
4342,720.0,33.146,33.146,3.8619,686.854,180,10.12,54.0,1000
4343,720.0,33.126,33.126,3.8619,686.874,180,10.1,54.0,1000
4343,720.0,33.106,33.106,3.8619,686.894,180,10.08,54.0,1000
4345,720.0,33.086,33.086,3.8619,686.914,180,10.06,54.0,1000
4346,720.0,33.066,33.066,3.8619,686.934,180,10.03,54.0,1000
4346,720.0,33.046,33.046,3.8619,686.954,180,10.01,54.0,1000
4348,720.0,33.026,33.026,3.8619,686.974,180,9.99,54.0,1000
4348,720.0,33.006,33.006,3.8619,686.994,180,9.97,54.0,1000
4350,720.0,32.986,32.986,3.8619,687.014,180,9.94,54.0,1000
4351,720.0,32.966,32.966,3.8619,687.034,180,9.92,54.0,1000
4351,720.0,32.946,32.946,3.8619,687.054,180,9.9,54.0,1000
4353,720.0,32.926,32.926,3.8619,687.074,180,9.88,54.0,1000
4354,720.0,32.906,32.906,3.8619,687.094,180,9.85,54.0,1000
4354,720.0,32.886,32.886,3.8619,687.114,180,9.83,54.0,1000
4356,720.0,32.866,32.866,3.8619,687.134,180,9.81,54.0,1000
4356,720.0,32.846,32.846,3.8619,687.154,180,9.79,54.0,1000
4358,720.0,32.826,32.826,3.8619,687.174,180,9.76,54.0,1000
4359,720.0,32.806,32.806,3.8619,687.194,180,9.74,54.0,1000
4359,720.0,32.786,32.786,3.8619,687.214,180,9.72,54.0,1000
4361,720.0,32.766,32.766,3.8619,687.234,180,9.7,54.0,1000
4362,720.0,32.746,32.746,3.8619,687.254,180,9.67,54.0,1000
4363,720.0,32.726,32.726,3.8619,687.274,180,9.65,54.0,1000
4364,720.0,32.706,32.706,3.8619,687.294,180,9.63,54.0,1000
4364,720.0,32.686,32.686,3.8619,687.314,180,9.6,54.0,1000
4366,720.0,32.666,32.666,3.8619,687.334,180,9.58,54.0,1000
4367,720.0,32.646,32.646,3.8619,687.354,180,9.56,54.0,1000
4367,720.0,32.626,32.626,3.8619,687.374,180,9.53,54.0,1000
4369,720.0,32.606,32.606,3.8619,687.394,180,9.51,54.0,1000
4370,720.0,32.586,32.586,3.8619,687.414,180,9.49,54.0,1000
4371,720.0,32.566,32.566,3.8619,687.434,180,9.46,54.0,1000
4372,720.0,32.546,32.546,3.8619,687.454,180,9.44,54.0,1000
4372,720.0,32.526,32.526,3.8619,687.474,180,9.42,54.0,1000
4374,720.0,32.506,32.506,3.8619,687.494,180,9.39,54.0,1000
4375,720.0,32.486,32.486,3.8619,687.514,180,9.37,54.0,1000
4375,720.0,32.466,32.466,3.8619,687.534,180,9.35,54.0,1000
4377,720.0,32.446,32.446,3.8619,687.554,180,9.32,54.0,1000
4378,720.0,32.426,32.426,3.8619,687.574,180,9.3,54.0,1000
4379,720.0,32.406,32.406,3.8619,687.594,180,9.28,54.0,1000
4380,720.0,32.386,32.386,3.8619,687.614,180,9.25,54.0,1000
4380,720.0,32.366,32.366,3.8619,687.634,180,9.23,54.0,1000
4382,720.0,32.346,32.346,3.8619,687.654,180,9.21,54.0,1000
4383,720.0,32.326,32.326,3.8619,687.674,180,9.18,54.0,1000
4383,720.0,32.306,32.306,3.8619,687.694,180,9.16,54.0,1000
4385,720.0,32.286,32.286,3.8619,687.714,180,9.13,54.0,1000
4385,720.0,32.266,32.266,3.8619,687.734,180,9.11,54.0,1000
4387,720.0,32.246,32.246,3.8619,687.754,180,9.09,54.0,1000
4388,720.0,32.226,32.226,3.8619,687.774,180,9.06,54.0,1000
4388,720.0,32.206,32.206,3.8619,687.794,180,9.04,54.0,1000
4390,720.0,32.186,32.186,3.8619,687.814,180,9.02,54.0,1000
4391,720.0,32.166,32.166,3.8619,687.834,180,8.99,54.0,1000
4391,720.0,32.146,32.146,3.8619,687.854,180,8.97,54.0,1000
4393,720.0,32.126,32.126,3.8619,687.874,180,8.94,54.0,1000
4394,720.0,32.106,32.106,3.8619,687.894,180,8.92,54.0,1000
4395,720.0,32.086,32.086,3.8619,687.914,180,8.89,54.0,1000
4396,720.0,32.066,32.066,3.8619,687.934,180,8.87,54.0,1000
4396,720.0,32.046,32.046,3.8619,687.954,180,8.85,54.0,1000
4398,720.0,32.026,32.026,3.8619,687.974,180,8.82,54.0,1000
4399,720.0,32.006,32.006,3.8619,687.994,180,8.8,54.0,1000
4399,720.0,31.986,31.986,3.8619,688.014,180,8.77,54.0,1000
4401,720.0,31.966,31.966,3.8619,688.034,180,8.75,54.0,1000
4401,720.0,31.946,31.946,3.8619,688.054,180,8.73,54.0,1000
4403,720.0,31.926,31.926,3.8619,688.074,180,8.7,54.0,1000
4404,720.0,31.906,31.906,3.8619,688.094,180,8.68,54.0,1000
4404,720.0,31.886,31.886,3.8619,688.114,180,8.65,54.0,1000
4406,720.0,31.866,31.866,3.8619,688.134,180,8.63,54.0,1000
4407,720.0,31.846,31.846,3.8619,688.154,180,8.6,54.0,1000
4407,720.0,31.826,31.826,3.8619,688.174,180,8.58,54.0,1000
4409,720.0,31.806,31.806,3.8619,688.194,180,8.55,54.0,1000
4410,720.0,31.786,31.786,3.8619,688.214,180,8.53,54.0,1000
4411,720.0,31.766,31.766,3.8619,688.234,180,8.5,54.0,1000
4412,720.0,31.746,31.746,3.8619,688.254,180,8.48,54.0,1000
4412,720.0,31.726,31.726,3.8619,688.274,180,8.45,54.0,1000
4414,720.0,31.706,31.706,3.8619,688.294,180,8.43,54.0,1000
4415,720.0,31.686,31.686,3.8619,688.314,180,8.4,54.0,1000
4415,720.0,31.666,31.666,3.8619,688.334,180,8.38,54.0,1000
4417,720.0,31.646,31.646,3.8619,688.354,180,8.36,54.0,1000
4417,720.0,31.626,31.626,3.8619,688.374,180,8.33,54.0,1000
4419,720.0,31.606,31.606,3.8619,688.394,180,8.31,54.0,1000
4420,720.0,31.586,31.586,3.8619,688.414,180,8.28,54.0,1000
4420,720.0,31.566,31.566,3.8619,688.434,180,8.26,54.0,1000
4422,720.0,31.546,31.546,3.8619,688.454,180,8.23,54.0,1000
4423,720.0,31.526,31.526,3.8619,688.474,180,8.21,54.0,1000
4423,720.0,31.506,31.506,3.8619,688.494,180,8.18,54.0,1000
4425,720.0,31.486,31.486,3.8619,688.514,180,8.15,54.0,1000
4426,720.0,31.466,31.466,3.8619,688.534,180,8.13,54.0,1000
4427,720.0,31.446,31.446,3.8619,688.554,180,8.1,54.0,1000
4428,720.0,31.426,31.426,3.8619,688.574,180,8.08,54.0,1000
4428,720.0,31.406,31.406,3.8619,688.594,180,8.05,54.0,1000
4430,720.0,31.386,31.386,3.8619,688.614,180,8.03,54.0,1000
4431,720.0,31.366,31.366,3.8619,688.634,180,8.0,54.0,1000
4431,720.0,31.346,31.346,3.8619,688.654,180,7.98,54.0,1000
4433,720.0,31.326,31.326,3.8619,688.674,180,7.95,54.0,1000
4433,720.0,31.306,31.306,3.8619,688.694,180,7.93,54.0,1000
4435,720.0,31.286,31.286,3.8619,688.714,180,7.9,54.0,1000
4436,720.0,31.266,31.266,3.8619,688.734,180,7.88,54.0,1000
4436,720.0,31.246,31.246,3.8619,688.754,180,7.85,54.0,1000
4438,720.0,31.226,31.226,3.8619,688.774,180,7.82,54.0,1000
4439,720.0,31.206,31.206,3.8619,688.794,180,7.8,54.0,1000
4439,720.0,31.186,31.186,3.8619,688.814,180,7.77,54.0,1000
4441,720.0,31.166,31.166,3.8619,688.834,180,7.75,54.0,1000
4442,720.0,31.146,31.146,3.8619,688.854,180,7.72,54.0,1000
4443,720.0,31.126,31.126,3.8619,688.874,180,7.7,54.0,1000
4444,720.0,31.106,31.106,3.8619,688.894,180,7.67,54.0,1000
4444,720.0,31.086,31.086,3.8619,688.914,180,7.64,54.0,1000
4446,720.0,31.066,31.066,3.8619,688.934,180,7.62,54.0,1000
4447,720.0,31.046,31.046,3.8619,688.954,180,7.59,54.0,1000
4447,720.0,31.026,31.026,3.8619,688.974,180,7.57,54.0,1000
4449,720.0,31.006,31.006,3.8619,688.994,180,7.54,54.0,1000
4449,720.0,30.986,30.986,3.8619,689.014,180,7.52,54.0,1000
4451,720.0,30.966,30.966,3.8619,689.034,180,7.49,54.0,1000
4452,720.0,30.946,30.946,3.8619,689.054,180,7.46,54.0,1000
4452,720.0,30.926,30.926,3.8619,689.074,180,7.44,54.0,1000
4454,720.0,30.906,30.906,3.8619,689.094,180,7.41,54.0,1000
4455,720.0,30.886,30.886,3.8619,689.114,180,7.39,54.0,1000
4455,720.0,30.866,30.866,3.8619,689.134,180,7.36,54.0,1000
4457,720.0,30.846,30.846,3.8619,689.154,180,7.33,54.0,1000
4457,720.0,30.826,30.826,3.8619,689.174,180,7.31,54.0,1000
4459,720.0,30.806,30.806,3.8619,689.194,180,7.28,54.0,1000
4460,720.0,30.786,30.786,3.8619,689.214,180,7.25,54.0,1000
4460,720.0,30.766,30.766,3.8619,689.234,180,7.23,54.0,1000
4462,720.0,30.746,30.746,3.8619,689.254,180,7.2,54.0,1000
4463,720.0,30.726,30.726,3.8619,689.274,180,7.18,54.0,1000
4463,720.0,30.706,30.706,3.8619,689.294,180,7.15,54.0,1000
4465,720.0,30.686,30.686,3.8619,689.314,180,7.12,54.0,1000
4465,720.0,30.666,30.666,3.8619,689.334,180,7.1,54.0,1000
4467,720.0,30.646,30.646,3.8619,689.354,180,7.07,54.0,1000
4468,720.0,30.626,30.626,3.8619,689.374,180,7.04,54.0,1000
4468,720.0,30.606,30.606,3.8619,689.394,180,7.02,54.0,1000
4470,720.0,30.586,30.586,3.8619,689.414,180,6.99,54.0,1000
4471,720.0,30.566,30.566,3.8619,689.434,180,6.96,54.0,1000
4471,720.0,30.546,30.546,3.8619,689.454,180,6.94,54.0,1000
4473,720.0,30.526,30.526,3.8619,689.474,180,6.91,54.0,1000
4473,720.0,30.506,30.506,3.8619,689.494,180,6.88,54.0,1000
4475,720.0,30.486,30.486,3.8619,689.514,180,6.86,54.0,1000
4476,720.0,30.466,30.466,3.8619,689.534,180,6.83,54.0,1000
4476,720.0,30.446,30.446,3.8619,689.554,180,6.8,54.0,1000
4478,720.0,30.426,30.426,3.8619,689.574,180,6.78,54.0,1000
4479,720.0,30.406,30.406,3.8619,689.594,180,6.75,54.0,1000
4479,720.0,30.386,30.386,3.8619,689.614,180,6.72,54.0,1000
4481,720.0,30.366,30.366,3.8619,689.634,180,6.7,54.0,1000
4481,720.0,30.346,30.346,3.8619,689.654,180,6.67,54.0,1000
4483,720.0,30.326,30.326,3.8619,689.674,180,6.64,54.0,1000
4484,720.0,30.306,30.306,3.8619,689.694,180,6.62,54.0,1000
4484,720.0,30.286,30.286,3.8619,689.714,180,6.59,54.0,1000
4486,720.0,30.266,30.266,3.8619,689.734,180,6.56,54.0,1000
4487,720.0,30.246,30.246,3.8619,689.754,180,6.53,54.0,1000
4488,720.0,30.226,30.226,3.8619,689.774,180,6.51,54.0,1000
4489,720.0,30.206,30.206,3.8619,689.794,180,6.48,54.0,1000
4489,720.0,30.186,30.186,3.8619,689.814,180,6.45,54.0,1000
4491,720.0,30.166,30.166,3.8619,689.834,180,6.43,54.0,1000
4492,720.0,30.146,30.146,3.8619,689.854,180,6.4,54.0,1000
4492,720.0,30.126,30.126,3.8619,689.874,180,6.37,54.0,1000
4494,720.0,30.106,30.106,3.8619,689.894,180,6.35,54.0,1000
4495,720.0,30.086,30.086,3.8619,689.914,180,6.32,54.0,1000
4496,720.0,30.066,30.066,3.8619,689.934,180,6.29,54.0,1000
4497,720.0,30.046,30.046,3.8619,689.954,180,6.26,54.0,1000
4497,720.0,30.026,30.026,3.8619,689.974,180,6.24,54.0,1000
4499,720.0,30.006,30.006,3.8619,689.994,180,6.21,54.0,1000
4500,720.0,29.986,29.986,3.8619,690.014,180,6.18,54.0,1000
4500,720.0,29.966,29.966,3.8619,690.034,180,6.15,54.0,1000
4502,720.0,29.946,29.946,3.8619,690.054,180,6.13,54.0,1000
4503,720.0,29.926,29.926,3.8619,690.074,180,6.1,54.0,1000
4504,720.0,29.906,29.906,3.8619,690.094,180,6.07,54.0,1000
4505,720.0,29.886,29.886,3.8619,690.114,180,6.04,54.0,1000
4505,720.0,29.866,29.866,3.8619,690.134,180,6.02,54.0,1000
4507,720.0,29.846,29.846,3.8619,690.154,180,5.99,54.0,1000
4508,720.0,29.826,29.826,3.8619,690.174,180,5.96,54.0,1000
4508,720.0,29.806,29.806,3.8619,690.194,180,5.93,54.0,1000
4510,720.0,29.786,29.786,3.8619,690.214,180,5.91,54.0,1000
4510,720.0,29.766,29.766,3.8619,690.234,180,5.88,54.0,1000
4512,720.0,29.746,29.746,3.8619,690.254,180,5.85,54.0,1000
4513,720.0,29.726,29.726,3.8619,690.274,180,5.82,54.0,1000
4513,720.0,29.706,29.706,3.8619,690.294,180,5.8,54.0,1000
4515,720.0,29.686,29.686,3.8619,690.314,180,5.77,54.0,1000
4516,720.0,29.666,29.666,3.8619,690.334,180,5.74,54.0,1000
4516,720.0,29.646,29.646,3.8619,690.354,180,5.71,54.0,1000
4518,720.0,29.626,29.626,3.8619,690.374,180,5.69,54.0,1000
4519,720.0,29.606,29.606,3.8619,690.394,180,5.66,54.0,1000
4520,720.0,29.586,29.586,3.8619,690.414,180,5.63,54.0,1000
4521,720.0,29.566,29.566,3.8619,690.434,180,5.6,54.0,1000
4521,720.0,29.546,29.546,3.8619,690.454,180,5.57,54.0,1000
4523,720.0,29.526,29.526,3.8619,690.474,180,5.55,54.0,1000
4524,720.0,29.506,29.506,3.8619,690.494,180,5.52,54.0,1000
4524,720.0,29.486,29.486,3.8619,690.514,180,5.49,54.0,1000
4526,720.0,29.466,29.466,3.8619,690.534,180,5.46,54.0,1000
4526,720.0,29.446,29.446,3.8619,690.554,180,5.44,54.0,1000
4528,720.0,29.426,29.426,3.8619,690.574,180,5.41,54.0,1000
4529,720.0,29.406,29.406,3.8619,690.594,180,5.38,54.0,1000
4529,720.0,29.386,29.386,3.8619,690.614,180,5.35,54.0,1000
4531,720.0,29.366,29.366,3.8619,690.634,180,5.32,54.0,1000
4532,720.0,29.346,29.346,3.8619,690.654,180,5.3,54.0,1000
4532,720.0,29.326,29.326,3.8619,690.674,180,5.27,54.0,1000
4534,720.0,29.306,29.306,3.8619,690.694,180,5.24,54.0,1000
4535,720.0,29.286,29.286,3.8619,690.714,180,5.21,54.0,1000
4536,720.0,29.266,29.266,3.8619,690.734,180,5.18,54.0,1000
4537,720.0,29.246,29.246,3.8619,690.754,180,5.15,54.0,1000
4537,720.0,29.226,29.226,3.8619,690.774,180,5.13,54.0,1000
4539,720.0,29.206,29.206,3.8619,690.794,180,5.1,54.0,1000
4540,720.0,29.186,29.186,3.8619,690.814,180,5.07,54.0,1000
4540,720.0,29.166,29.166,3.8619,690.834,180,5.04,54.0,1000
4542,720.0,29.146,29.146,3.8619,690.854,180,5.01,54.0,1000
4542,720.0,29.126,29.126,3.8619,690.874,180,4.99,54.0,1000
4544,720.0,29.106,29.106,3.8619,690.894,180,4.96,54.0,1000
4545,720.0,29.086,29.086,3.8619,690.914,180,4.93,54.0,1000
4545,720.0,29.066,29.066,3.8619,690.934,180,4.9,54.0,1000
4547,720.0,29.046,29.046,3.8619,690.954,180,4.87,54.0,1000
4548,720.0,29.026,29.026,3.8619,690.974,180,4.84,54.0,1000
4548,720.0,29.006,29.006,3.8619,690.994,180,4.81,54.0,1000
4550,720.0,28.986,28.986,3.8619,691.014,180,4.79,54.0,1000
4551,720.0,28.966,28.966,3.8619,691.034,180,4.76,54.0,1000
4552,720.0,28.946,28.946,3.8619,691.054,180,4.73,54.0,1000
4553,720.0,28.926,28.926,3.8619,691.074,180,4.7,54.0,1000
4553,720.0,28.906,28.906,3.8619,691.094,180,4.67,54.0,1000
4555,720.0,28.886,28.886,3.8619,691.114,180,4.64,54.0,1000
4556,720.0,28.866,28.866,3.8619,691.134,180,4.62,54.0,1000
4556,720.0,28.846,28.846,3.8619,691.154,180,4.59,54.0,1000
4558,720.0,28.826,28.826,3.8619,691.174,180,4.56,54.0,1000
4558,720.0,28.806,28.806,3.8619,691.194,180,4.53,54.0,1000
4560,720.0,28.786,28.786,3.8619,691.214,180,4.5,54.0,1000
4561,720.0,28.766,28.766,3.8619,691.234,180,4.47,54.0,1000
4561,720.0,28.746,28.746,3.8619,691.254,180,4.44,54.0,1000
4563,720.0,28.726,28.726,3.8619,691.274,180,4.42,54.0,1000
4564,720.0,28.706,28.706,3.8619,691.294,180,4.39,54.0,1000
4564,720.0,28.686,28.686,3.8619,691.314,180,4.36,54.0,1000
4566,720.0,28.666,28.666,3.8619,691.334,180,4.33,54.0,1000
4567,720.0,28.646,28.646,3.8619,691.354,180,4.3,54.0,1000
4568,720.0,28.626,28.626,3.8619,691.374,180,4.27,54.0,1000
4569,720.0,28.606,28.606,3.8619,691.394,180,4.24,54.0,1000
4569,720.0,28.586,28.586,3.8619,691.414,180,4.21,54.0,1000
4571,720.0,28.566,28.566,3.8619,691.434,180,4.19,54.0,1000
4572,720.0,28.546,28.546,3.8619,691.454,180,4.16,54.0,1000
4572,720.0,28.526,28.526,3.8619,691.474,180,4.13,54.0,1000
4574,720.0,28.506,28.506,3.8619,691.494,180,4.1,54.0,1000
4574,720.0,28.486,28.486,3.8619,691.514,180,4.07,54.0,1000
4576,720.0,28.466,28.466,3.8619,691.534,180,4.04,54.0,1000
4577,720.0,28.446,28.446,3.8619,691.554,180,4.01,54.0,1000
4577,720.0,28.426,28.426,3.8619,691.574,180,3.98,54.0,1000
4579,720.0,28.406,28.406,3.8619,691.594,180,3.95,54.0,1000
4580,720.0,28.386,28.386,3.8619,691.614,180,3.93,54.0,1000
4580,720.0,28.366,28.366,3.8619,691.634,180,3.9,54.0,1000
4582,720.0,28.346,28.346,3.8619,691.654,180,3.87,54.0,1000
4583,720.0,28.326,28.326,3.8619,691.674,180,3.84,54.0,1000
4584,720.0,28.306,28.306,3.8619,691.694,180,3.81,54.0,1000
4585,720.0,28.286,28.286,3.8619,691.714,180,3.78,54.0,1000
4585,720.0,28.266,28.266,3.8619,691.734,180,3.75,54.0,1000
4587,720.0,28.246,28.246,3.8619,691.754,180,3.72,54.0,1000
4588,720.0,28.226,28.226,3.8619,691.774,180,3.69,54.0,1000
4588,720.0,28.206,28.206,3.8619,691.794,180,3.66,54.0,1000
4590,720.0,28.186,28.186,3.8619,691.814,180,3.64,54.0,1000
4590,720.0,28.166,28.166,3.8619,691.834,180,3.61,54.0,1000
4592,720.0,28.146,28.146,3.8619,691.854,180,3.58,54.0,1000
4593,720.0,28.126,28.126,3.8619,691.874,180,3.55,54.0,1000
4593,720.0,28.106,28.106,3.8619,691.894,180,3.52,54.0,1000
4595,720.0,28.086,28.086,3.8619,691.914,180,3.49,54.0,1000
4596,720.0,28.066,28.066,3.8619,691.934,180,3.46,54.0,1000
4596,720.0,28.046,28.046,3.8619,691.954,180,3.43,54.0,1000
4598,720.0,28.026,28.026,3.8619,691.974,180,3.4,54.0,1000
4599,720.0,28.006,28.006,3.8619,691.994,180,3.37,54.0,1000
4600,720.0,27.986,27.986,3.8619,692.014,180,3.34,54.0,1000
4601,720.0,27.966,27.966,3.8619,692.034,180,3.31,54.0,1000
4601,720.0,27.946,27.946,3.8619,692.054,180,3.28,54.0,1000
4603,720.0,27.926,27.926,3.8619,692.074,180,3.26,54.0,1000
4604,720.0,27.906,27.906,3.8619,692.094,180,3.23,54.0,1000
4604,720.0,27.886,27.886,3.8619,692.114,180,3.2,54.0,1000
4606,720.0,27.866,27.866,3.8619,692.134,180,3.17,54.0,1000
4606,720.0,27.846,27.846,3.8619,692.154,180,3.14,54.0,1000
4608,720.0,27.826,27.826,3.8619,692.174,180,3.11,54.0,1000
4609,720.0,27.806,27.806,3.8619,692.194,180,3.08,54.0,1000
4609,720.0,27.786,27.786,3.8619,692.214,180,3.05,54.0,1000
4611,720.0,27.766,27.766,3.8619,692.234,180,3.02,54.0,1000
4612,720.0,27.746,27.746,3.8619,692.254,180,2.99,54.0,1000
4613,720.0,27.726,27.726,3.8619,692.274,180,2.96,54.0,1000
4614,720.0,27.706,27.706,3.8619,692.294,180,2.93,54.0,1000
4614,720.0,27.686,27.686,3.8619,692.314,180,2.9,54.0,1000
4616,720.0,27.666,27.666,3.8619,692.334,180,2.87,54.0,1000
4617,720.0,27.646,27.646,3.8619,692.354,180,2.84,54.0,1000
4617,720.0,27.626,27.626,3.8619,692.374,180,2.81,54.0,1000
4619,720.0,27.606,27.606,3.8619,692.394,180,2.79,54.0,1000
4619,720.0,27.586,27.586,3.8619,692.414,180,2.76,54.0,1000
4621,720.0,27.566,27.566,3.8619,692.434,180,2.73,54.0,1000
4622,720.0,27.546,27.546,3.8619,692.454,180,2.7,54.0,1000
4622,720.0,27.526,27.526,3.8619,692.474,180,2.67,54.0,1000
4624,720.0,27.506,27.506,3.8619,692.494,180,2.64,54.0,1000
4625,720.0,27.486,27.486,3.8619,692.514,180,2.61,54.0,1000
4625,720.0,27.466,27.466,3.8619,692.534,180,2.58,54.0,1000
4627,720.0,27.446,27.446,3.8619,692.554,180,2.55,54.0,1000
4628,720.0,27.426,27.426,3.8619,692.574,180,2.52,54.0,1000
4629,720.0,27.406,27.406,3.8619,692.594,180,2.49,54.0,1000
4630,720.0,27.386,27.386,3.8619,692.614,180,2.46,54.0,1000
4630,720.0,27.366,27.366,3.8619,692.634,180,2.43,54.0,1000
4632,720.0,27.346,27.346,3.8619,692.654,180,2.4,54.0,1000
4633,720.0,27.326,27.326,3.8619,692.674,180,2.37,54.0,1000
4633,720.0,27.306,27.306,3.8619,692.694,180,2.34,54.0,1000
4635,720.0,27.286,27.286,3.8619,692.714,180,2.31,54.0,1000
4635,720.0,27.266,27.266,3.8619,692.734,180,2.28,54.0,1000
4637,720.0,27.246,27.246,3.8619,692.754,180,2.25,54.0,1000
4638,720.0,27.226,27.226,3.8619,692.774,180,2.22,54.0,1000
4638,720.0,27.206,27.206,3.8619,692.794,180,2.19,54.0,1000
4640,720.0,27.186,27.186,3.8619,692.814,180,2.16,54.0,1000
4641,720.0,27.166,27.166,3.8619,692.834,180,2.13,54.0,1000
4641,720.0,27.146,27.146,3.8619,692.854,180,2.1,54.0,1000
4643,720.0,27.126,27.126,3.8619,692.874,180,2.07,54.0,1000
4644,720.0,27.106,27.106,3.8619,692.894,180,2.05,54.0,1000
4645,720.0,27.086,27.086,3.8619,692.914,180,2.02,54.0,1000
4646,720.0,27.066,27.066,3.8619,692.934,180,1.99,54.0,1000
4646,720.0,27.046,27.046,3.8619,692.954,180,1.96,54.0,1000
4648,720.0,27.026,27.026,3.8619,692.974,180,1.93,54.0,1000
4649,720.0,27.006,27.006,3.8619,692.994,180,1.9,54.0,1000
4649,720.0,26.986,26.986,3.8619,693.014,180,1.87,54.0,1000
4651,720.0,26.966,26.966,3.8619,693.034,180,1.84,54.0,1000
4651,720.0,26.946,26.946,3.8619,693.054,180,1.81,54.0,1000
4653,720.0,26.926,26.926,3.8619,693.074,180,1.78,54.0,1000
4654,720.0,26.906,26.906,3.8619,693.094,180,1.75,54.0,1000
4654,720.0,26.886,26.886,3.8619,693.114,180,1.72,54.0,1000
4656,720.0,26.866,26.866,3.8619,693.134,180,1.69,54.0,1000
4657,720.0,26.846,26.846,3.8619,693.154,180,1.66,54.0,1000
4657,720.0,26.826,26.826,3.8619,693.174,180,1.63,54.0,1000
4659,720.0,26.806,26.806,3.8619,693.194,180,1.6,54.0,1000
4660,720.0,26.786,26.786,3.8619,693.214,180,1.57,54.0,1000
4661,720.0,26.766,26.766,3.8619,693.234,180,1.54,54.0,1000
4662,720.0,26.746,26.746,3.8619,693.254,180,1.51,54.0,1000
4662,720.0,26.726,26.726,3.8619,693.274,180,1.48,54.0,1000
4664,720.0,26.706,26.706,3.8619,693.294,180,1.45,54.0,1000
4665,720.0,26.686,26.686,3.8619,693.314,180,1.42,54.0,1000
4665,720.0,26.666,26.666,3.8619,693.334,180,1.39,54.0,1000
4667,720.0,26.646,26.646,3.8619,693.354,180,1.36,54.0,1000
4667,720.0,26.626,26.626,3.8619,693.374,180,1.33,54.0,1000
4669,720.0,26.606,26.606,3.8619,693.394,180,1.3,54.0,1000
4670,720.0,26.586,26.586,3.8619,693.414,180,1.27,54.0,1000
4670,720.0,26.566,26.566,3.8619,693.434,180,1.24,54.0,1000
4672,720.0,26.546,26.546,3.8619,693.454,180,1.21,54.0,1000
4673,720.0,26.526,26.526,3.8619,693.474,180,1.18,54.0,1000
4673,720.0,26.506,26.506,3.8619,693.494,180,1.15,54.0,1000
4675,720.0,26.486,26.486,3.8619,693.514,180,1.12,54.0,1000
4676,720.0,26.466,26.466,3.8619,693.534,180,1.09,54.0,1000
4677,720.0,26.446,26.446,3.8619,693.554,180,1.06,54.0,1000
4678,720.0,26.426,26.426,3.8619,693.574,180,1.03,54.0,1000
4678,720.0,26.406,26.406,3.8619,693.594,180,1.0,54.0,1000
4680,720.0,26.386,26.386,3.8619,693.614,180,0.97,54.0,1000
4681,720.0,26.366,26.366,3.8619,693.634,180,0.94,54.0,1000
4681,720.0,26.346,26.346,3.8619,693.654,180,0.91,54.0,1000
4683,720.0,26.326,26.326,3.8619,693.674,180,0.88,54.0,1000
4683,720.0,26.306,26.306,3.8619,693.694,180,0.85,54.0,1000
4685,720.0,26.286,26.286,3.8619,693.714,180,0.82,54.0,1000
4686,720.0,26.266,26.266,3.8619,693.734,180,0.79,54.0,1000
4686,720.0,26.246,26.246,3.8619,693.754,180,0.76,54.0,1000
4688,720.0,26.226,26.226,3.8619,693.774,180,0.73,54.0,1000
4689,720.0,26.206,26.206,3.8619,693.794,180,0.7,54.0,1000
4689,720.0,26.186,26.186,3.8619,693.814,180,0.67,54.0,1000
4691,720.0,26.166,26.166,3.8619,693.834,180,0.64,54.0,1000
4692,720.0,26.146,26.146,3.8619,693.854,180,0.61,54.0,1000
4693,720.0,26.126,26.126,3.8619,693.874,180,0.58,54.0,1000
4694,720.0,26.106,26.106,3.8619,693.894,180,0.55,54.0,1000
4694,720.0,26.086,26.086,3.8619,693.914,180,0.52,54.0,1000
4696,720.0,26.066,26.066,3.8619,693.934,180,0.49,54.0,1000
4697,720.0,26.046,26.046,3.8619,693.954,180,0.46,54.0,1000
4697,720.0,26.026,26.026,3.8619,693.974,180,0.43,54.0,1000
4699,720.0,26.006,26.006,3.8619,693.994,180,0.4,54.0,1000
4699,720.0,25.986,25.986,3.8619,694.014,180,0.37,54.0,1000
4701,720.0,25.966,25.966,3.8619,694.034,180,0.34,54.0,1000
4702,720.0,25.946,25.946,3.8619,694.054,180,0.31,54.0,1000
4702,720.0,25.926,25.926,3.8619,694.074,180,0.28,54.0,1000
4704,720.0,25.906,25.906,3.8619,694.094,180,0.25,54.0,1000
4705,720.0,25.886,25.886,3.8619,694.114,180,0.22,54.0,1000
4705,720.0,25.866,25.866,3.8619,694.134,180,0.19,54.0,1000
4707,720.0,25.846,25.846,3.8619,694.154,180,0.16,54.0,1000
4708,720.0,25.826,25.826,3.8619,694.174,180,0.13,54.0,1000
4709,720.0,25.806,25.806,3.8619,694.194,180,0.1,54.0,1000
4710,720.0,25.786,25.786,3.8619,694.214,180,0.07,54.0,1000
4710,720.0,25.766,25.766,3.8619,694.234,180,0.04,54.0,1000
4712,720.0,25.746,25.746,3.8619,694.254,180,0.01,54.0,1000
4713,720.0,25.766,25.766,3.8619,694.234,180,-0.02,54.0,1000
4713,720.0,25.786,25.786,3.8619,694.214,180,-0.05,54.0,1000
4715,720.0,25.806,25.806,3.8619,694.194,180,-0.08,54.0,1000
4715,720.0,25.826,25.826,3.8619,694.174,180,-0.11,54.0,1000
4717,720.0,25.846,25.846,3.8619,694.154,180,-0.14,54.0,1000
4718,720.0,25.866,25.866,3.8619,694.134,180,-0.17,54.0,1000
4718,720.0,25.886,25.886,3.8619,694.114,180,-0.2,54.0,1000
4720,720.0,25.906,25.906,3.8619,694.094,180,-0.23,54.0,1000
4721,720.0,25.926,25.926,3.8619,694.074,180,-0.26,54.0,1000
4721,720.0,25.946,25.946,3.8619,694.054,180,-0.29,54.0,1000
4723,720.0,25.966,25.966,3.8619,694.034,180,-0.32,54.0,1000
4724,720.0,25.986,25.986,3.8619,694.014,180,-0.35,54.0,1000
4725,720.0,26.006,26.006,3.8619,693.994,180,-0.38,54.0,1000
4726,720.0,26.026,26.026,3.8619,693.974,180,-0.41,54.0,1000
4726,720.0,26.046,26.046,3.8619,693.954,180,-0.44,54.0,1000
4728,720.0,26.066,26.066,3.8619,693.934,180,-0.47,54.0,1000
4729,720.0,26.086,26.086,3.8619,693.914,180,-0.5,54.0,1000
4729,720.0,26.106,26.106,3.8619,693.894,180,-0.53,54.0,1000
4731,720.0,26.126,26.126,3.8619,693.874,180,-0.56,54.0,1000
4731,720.0,26.146,26.146,3.8619,693.854,180,-0.59,54.0,1000
4733,720.0,26.166,26.166,3.8619,693.834,180,-0.62,54.0,1000
4734,720.0,26.186,26.186,3.8619,693.814,180,-0.65,54.0,1000
4734,720.0,26.206,26.206,3.8619,693.794,180,-0.68,54.0,1000
4736,720.0,26.226,26.226,3.8619,693.774,180,-0.71,54.0,1000
4737,720.0,26.246,26.246,3.8619,693.754,180,-0.74,54.0,1000
4738,720.0,26.266,26.266,3.8619,693.734,180,-0.77,54.0,1000
4739,720.0,26.286,26.286,3.8619,693.714,180,-0.8,54.0,1000
4739,720.0,26.306,26.306,3.8619,693.694,180,-0.83,54.0,1000
4741,720.0,26.326,26.326,3.8619,693.674,180,-0.86,54.0,1000
4742,720.0,26.346,26.346,3.8619,693.654,180,-0.89,54.0,1000
4742,720.0,26.366,26.366,3.8619,693.634,180,-0.92,54.0,1000
4744,720.0,26.386,26.386,3.8619,693.614,180,-0.95,54.0,1000
4744,720.0,26.406,26.406,3.8619,693.594,180,-0.98,54.0,1000
4746,720.0,26.426,26.426,3.8619,693.574,180,-1.01,54.0,1000
4747,720.0,26.446,26.446,3.8619,693.554,180,-1.04,54.0,1000
4747,720.0,26.466,26.466,3.8619,693.534,180,-1.07,54.0,1000
4749,720.0,26.486,26.486,3.8619,693.514,180,-1.1,54.0,1000
4750,720.0,26.506,26.506,3.8619,693.494,180,-1.13,54.0,1000
4750,720.0,26.526,26.526,3.8619,693.474,180,-1.16,54.0,1000
4752,720.0,26.546,26.546,3.8619,693.454,180,-1.19,54.0,1000
4753,720.0,26.566,26.566,3.8619,693.434,180,-1.22,54.0,1000
4754,720.0,26.586,26.586,3.8619,693.414,180,-1.25,54.0,1000
4755,720.0,26.606,26.606,3.8619,693.394,180,-1.28,54.0,1000
4755,720.0,26.626,26.626,3.8619,693.374,180,-1.31,54.0,1000
4757,720.0,26.646,26.646,3.8619,693.354,180,-1.34,54.0,1000
4758,720.0,26.666,26.666,3.8619,693.334,180,-1.37,54.0,1000
4758,720.0,26.686,26.686,3.8619,693.314,180,-1.4,54.0,1000
4760,720.0,26.706,26.706,3.8619,693.294,180,-1.43,54.0,1000
4760,720.0,26.726,26.726,3.8619,693.274,180,-1.46,54.0,1000
4762,720.0,26.746,26.746,3.8619,693.254,180,-1.49,54.0,1000
4763,720.0,26.766,26.766,3.8619,693.234,180,-1.52,54.0,1000
4763,720.0,26.786,26.786,3.8619,693.214,180,-1.55,54.0,1000
4765,720.0,26.806,26.806,3.8619,693.194,180,-1.58,54.0,1000
4766,720.0,26.826,26.826,3.8619,693.174,180,-1.61,54.0,1000
4766,720.0,26.846,26.846,3.8619,693.154,180,-1.64,54.0,1000
4768,720.0,26.866,26.866,3.8619,693.134,180,-1.66,54.0,1000
4769,720.0,26.886,26.886,3.8619,693.114,180,-1.69,54.0,1000
4770,720.0,26.906,26.906,3.8619,693.094,180,-1.72,54.0,1000
4771,720.0,26.926,26.926,3.8619,693.074,180,-1.75,54.0,1000
4771,720.0,26.946,26.946,3.8619,693.054,180,-1.78,54.0,1000
4773,720.0,26.966,26.966,3.8619,693.034,180,-1.81,54.0,1000
4774,720.0,26.986,26.986,3.8619,693.014,180,-1.84,54.0,1000
4774,720.0,27.006,27.006,3.8619,692.994,180,-1.87,54.0,1000
4776,720.0,27.026,27.026,3.8619,692.974,180,-1.9,54.0,1000
4776,720.0,27.046,27.046,3.8619,692.954,180,-1.93,54.0,1000
4778,720.0,27.066,27.066,3.8619,692.934,180,-1.96,54.0,1000
4779,720.0,27.086,27.086,3.8619,692.914,180,-1.99,54.0,1000
4779,720.0,27.106,27.106,3.8619,692.894,180,-2.02,54.0,1000
4781,720.0,27.126,27.126,3.8619,692.874,180,-2.05,54.0,1000
4782,720.0,27.146,27.146,3.8619,692.854,180,-2.08,54.0,1000
4782,720.0,27.166,27.166,3.8619,692.834,180,-2.11,54.0,1000
4784,720.0,27.186,27.186,3.8619,692.814,180,-2.14,54.0,1000
4785,720.0,27.206,27.206,3.8619,692.794,180,-2.17,54.0,1000
4786,720.0,27.226,27.226,3.8619,692.774,180,-2.2,54.0,1000
4787,720.0,27.246,27.246,3.8619,692.754,180,-2.23,54.0,1000
4787,720.0,27.266,27.266,3.8619,692.734,180,-2.26,54.0,1000
4789,720.0,27.286,27.286,3.8619,692.714,180,-2.29,54.0,1000
4790,720.0,27.306,27.306,3.8619,692.694,180,-2.32,54.0,1000
4790,720.0,27.326,27.326,3.8619,692.674,180,-2.35,54.0,1000
4792,720.0,27.346,27.346,3.8619,692.654,180,-2.38,54.0,1000
4792,720.0,27.366,27.366,3.8619,692.634,180,-2.41,54.0,1000
4794,720.0,27.386,27.386,3.8619,692.614,180,-2.44,54.0,1000
4795,720.0,27.406,27.406,3.8619,692.594,180,-2.47,54.0,1000
4795,720.0,27.426,27.426,3.8619,692.574,180,-2.5,54.0,1000
4797,720.0,27.446,27.446,3.8619,692.554,180,-2.53,54.0,1000
4798,720.0,27.466,27.466,3.8619,692.534,180,-2.56,54.0,1000
4798,720.0,27.486,27.486,3.8619,692.514,180,-2.59,54.0,1000
4800,720.0,27.506,27.506,3.8619,692.494,180,-2.61,54.0,1000
4801,720.0,27.526,27.526,3.8619,692.474,180,-2.64,54.0,1000
4802,720.0,27.546,27.546,3.8619,692.454,180,-2.67,54.0,1000
4803,720.0,27.566,27.566,3.8619,692.434,180,-2.7,54.0,1000
4803,720.0,27.586,27.586,3.8619,692.414,180,-2.73,54.0,1000
4805,720.0,27.606,27.606,3.8619,692.394,180,-2.76,54.0,1000
4806,720.0,27.626,27.626,3.8619,692.374,180,-2.79,54.0,1000
4806,720.0,27.646,27.646,3.8619,692.354,180,-2.82,54.0,1000
4808,720.0,27.666,27.666,3.8619,692.334,180,-2.85,54.0,1000
4808,720.0,27.686,27.686,3.8619,692.314,180,-2.88,54.0,1000
4810,720.0,27.706,27.706,3.8619,692.294,180,-2.91,54.0,1000
4811,720.0,27.726,27.726,3.8619,692.274,180,-2.94,54.0,1000
4811,720.0,27.746,27.746,3.8619,692.254,180,-2.97,54.0,1000
4813,720.0,27.766,27.766,3.8619,692.234,180,-3.0,54.0,1000
4814,720.0,27.786,27.786,3.8619,692.214,180,-3.03,54.0,1000
4814,720.0,27.806,27.806,3.8619,692.194,180,-3.06,54.0,1000
4816,720.0,27.826,27.826,3.8619,692.174,180,-3.09,54.0,1000
4817,720.0,27.846,27.846,3.8619,692.154,180,-3.12,54.0,1000
4818,720.0,27.866,27.866,3.8619,692.134,180,-3.14,54.0,1000
4819,720.0,27.886,27.886,3.8619,692.114,180,-3.17,54.0,1000
4819,720.0,27.906,27.906,3.8619,692.094,180,-3.2,54.0,1000
4821,720.0,27.926,27.926,3.8619,692.074,180,-3.23,54.0,1000
4822,720.0,27.946,27.946,3.8619,692.054,180,-3.26,54.0,1000
4822,720.0,27.966,27.966,3.8619,692.034,180,-3.29,54.0,1000
4824,720.0,27.986,27.986,3.8619,692.014,180,-3.32,54.0,1000
4824,720.0,28.006,28.006,3.8619,691.994,180,-3.35,54.0,1000
4826,720.0,28.026,28.026,3.8619,691.974,180,-3.38,54.0,1000
4827,720.0,28.046,28.046,3.8619,691.954,180,-3.41,54.0,1000
4827,720.0,28.066,28.066,3.8619,691.934,180,-3.44,54.0,1000
4829,720.0,28.086,28.086,3.8619,691.914,180,-3.47,54.0,1000
4830,720.0,28.106,28.106,3.8619,691.894,180,-3.5,54.0,1000
4830,720.0,28.126,28.126,3.8619,691.874,180,-3.53,54.0,1000
4832,720.0,28.146,28.146,3.8619,691.854,180,-3.55,54.0,1000
4833,720.0,28.166,28.166,3.8619,691.834,180,-3.58,54.0,1000
4834,720.0,28.186,28.186,3.8619,691.814,180,-3.61,54.0,1000
4835,720.0,28.206,28.206,3.8619,691.794,180,-3.64,54.0,1000
4835,720.0,28.226,28.226,3.8619,691.774,180,-3.67,54.0,1000
4837,720.0,28.246,28.246,3.8619,691.754,180,-3.7,54.0,1000
4838,720.0,28.266,28.266,3.8619,691.734,180,-3.73,54.0,1000
4838,720.0,28.286,28.286,3.8619,691.714,180,-3.76,54.0,1000
4840,720.0,28.306,28.306,3.8619,691.694,180,-3.79,54.0,1000
4840,720.0,28.326,28.326,3.8619,691.674,180,-3.82,54.0,1000
4842,720.0,28.346,28.346,3.8619,691.654,180,-3.84,54.0,1000
4843,720.0,28.366,28.366,3.8619,691.634,180,-3.87,54.0,1000
4843,720.0,28.386,28.386,3.8619,691.614,180,-3.9,54.0,1000
4845,720.0,28.406,28.406,3.8619,691.594,180,-3.93,54.0,1000
4846,720.0,28.426,28.426,3.8619,691.574,180,-3.96,54.0,1000
4846,720.0,28.446,28.446,3.8619,691.554,180,-3.99,54.0,1000
4848,720.0,28.466,28.466,3.8619,691.534,180,-4.02,54.0,1000
4849,720.0,28.486,28.486,3.8619,691.514,180,-4.05,54.0,1000
4850,720.0,28.506,28.506,3.8619,691.494,180,-4.08,54.0,1000
4851,720.0,28.526,28.526,3.8619,691.474,180,-4.11,54.0,1000
4851,720.0,28.546,28.546,3.8619,691.454,180,-4.13,54.0,1000
4853,720.0,28.566,28.566,3.8619,691.434,180,-4.16,54.0,1000
4854,720.0,28.586,28.586,3.8619,691.414,180,-4.19,54.0,1000
4854,720.0,28.606,28.606,3.8619,691.394,180,-4.22,54.0,1000
4856,720.0,28.626,28.626,3.8619,691.374,180,-4.25,54.0,1000
4856,720.0,28.646,28.646,3.8619,691.354,180,-4.28,54.0,1000
4858,720.0,28.666,28.666,3.8619,691.334,180,-4.31,54.0,1000
4859,720.0,28.686,28.686,3.8619,691.314,180,-4.34,54.0,1000
4859,720.0,28.706,28.706,3.8619,691.294,180,-4.36,54.0,1000
4861,720.0,28.726,28.726,3.8619,691.274,180,-4.39,54.0,1000
4862,720.0,28.746,28.746,3.8619,691.254,180,-4.42,54.0,1000
4863,720.0,28.766,28.766,3.8619,691.234,180,-4.45,54.0,1000
4864,720.0,28.786,28.786,3.8619,691.214,180,-4.48,54.0,1000
4864,720.0,28.806,28.806,3.8619,691.194,180,-4.51,54.0,1000
4866,720.0,28.826,28.826,3.8619,691.174,180,-4.54,54.0,1000
4867,720.0,28.846,28.846,3.8619,691.154,180,-4.56,54.0,1000
4867,720.0,28.866,28.866,3.8619,691.134,180,-4.59,54.0,1000
4869,720.0,28.886,28.886,3.8619,691.114,180,-4.62,54.0,1000
4869,720.0,28.906,28.906,3.8619,691.094,180,-4.65,54.0,1000
4871,720.0,28.926,28.926,3.8619,691.074,180,-4.68,54.0,1000
4872,720.0,28.946,28.946,3.8619,691.054,180,-4.71,54.0,1000
4872,720.0,28.966,28.966,3.8619,691.034,180,-4.74,54.0,1000
4874,720.0,28.986,28.986,3.8619,691.014,180,-4.76,54.0,1000
4875,720.0,29.006,29.006,3.8619,690.994,180,-4.79,54.0,1000
4875,720.0,29.026,29.026,3.8619,690.974,180,-4.82,54.0,1000
4877,720.0,29.046,29.046,3.8619,690.954,180,-4.85,54.0,1000
4878,720.0,29.066,29.066,3.8619,690.934,180,-4.88,54.0,1000
4879,720.0,29.086,29.086,3.8619,690.914,180,-4.91,54.0,1000
4880,720.0,29.106,29.106,3.8619,690.894,180,-4.93,54.0,1000
4880,720.0,29.126,29.126,3.8619,690.874,180,-4.96,54.0,1000
4882,720.0,29.146,29.146,3.8619,690.854,180,-4.99,54.0,1000
4883,720.0,29.166,29.166,3.8619,690.834,180,-5.02,54.0,1000
4883,720.0,29.186,29.186,3.8619,690.814,180,-5.05,54.0,1000
4885,720.0,29.206,29.206,3.8619,690.794,180,-5.08,54.0,1000
4885,720.0,29.226,29.226,3.8619,690.774,180,-5.1,54.0,1000
4887,720.0,29.246,29.246,3.8619,690.754,180,-5.13,54.0,1000
4888,720.0,29.266,29.266,3.8619,690.734,180,-5.16,54.0,1000
4888,720.0,29.286,29.286,3.8619,690.714,180,-5.19,54.0,1000
4890,720.0,29.306,29.306,3.8619,690.694,180,-5.22,54.0,1000
4891,720.0,29.326,29.326,3.8619,690.674,180,-5.25,54.0,1000
4891,720.0,29.346,29.346,3.8619,690.654,180,-5.27,54.0,1000
4893,720.0,29.366,29.366,3.8619,690.634,180,-5.3,54.0,1000
4894,720.0,29.386,29.386,3.8619,690.614,180,-5.33,54.0,1000
4895,720.0,29.406,29.406,3.8619,690.594,180,-5.36,54.0,1000
4896,720.0,29.426,29.426,3.8619,690.574,180,-5.39,54.0,1000
4896,720.0,29.446,29.446,3.8619,690.554,180,-5.41,54.0,1000
4898,720.0,29.466,29.466,3.8619,690.534,180,-5.44,54.0,1000
4899,720.0,29.486,29.486,3.8619,690.514,180,-5.47,54.0,1000
4899,720.0,29.506,29.506,3.8619,690.494,180,-5.5,54.0,1000
4901,720.0,29.526,29.526,3.8619,690.474,180,-5.53,54.0,1000
4901,720.0,29.546,29.546,3.8619,690.454,180,-5.55,54.0,1000
4903,720.0,29.566,29.566,3.8619,690.434,180,-5.58,54.0,1000
4904,720.0,29.586,29.586,3.8619,690.414,180,-5.61,54.0,1000
4904,720.0,29.606,29.606,3.8619,690.394,180,-5.64,54.0,1000
4906,720.0,29.626,29.626,3.8619,690.374,180,-5.66,54.0,1000
4907,720.0,29.646,29.646,3.8619,690.354,180,-5.69,54.0,1000
4907,720.0,29.666,29.666,3.8619,690.334,180,-5.72,54.0,1000
4909,720.0,29.686,29.686,3.8619,690.314,180,-5.75,54.0,1000
4910,720.0,29.706,29.706,3.8619,690.294,180,-5.78,54.0,1000
4911,720.0,29.726,29.726,3.8619,690.274,180,-5.8,54.0,1000
4912,720.0,29.746,29.746,3.8619,690.254,180,-5.83,54.0,1000
4912,720.0,29.766,29.766,3.8619,690.234,180,-5.86,54.0,1000
4914,720.0,29.786,29.786,3.8619,690.214,180,-5.89,54.0,1000
4915,720.0,29.806,29.806,3.8619,690.194,180,-5.91,54.0,1000
4915,720.0,29.826,29.826,3.8619,690.174,180,-5.94,54.0,1000
4917,720.0,29.846,29.846,3.8619,690.154,180,-5.97,54.0,1000
4917,720.0,29.866,29.866,3.8619,690.134,180,-6.0,54.0,1000
4919,720.0,29.886,29.886,3.8619,690.114,180,-6.02,54.0,1000
4920,720.0,29.906,29.906,3.8619,690.094,180,-6.05,54.0,1000
4920,720.0,29.926,29.926,3.8619,690.074,180,-6.08,54.0,1000
4922,720.0,29.946,29.946,3.8619,690.054,180,-6.11,54.0,1000
4923,720.0,29.966,29.966,3.8619,690.034,180,-6.13,54.0,1000
4923,720.0,29.986,29.986,3.8619,690.014,180,-6.16,54.0,1000
4925,720.0,30.006,30.006,3.8619,689.994,180,-6.19,54.0,1000
4926,720.0,30.026,30.026,3.8619,689.974,180,-6.22,54.0,1000
4927,720.0,30.046,30.046,3.8619,689.954,180,-6.24,54.0,1000
4928,720.0,30.066,30.066,3.8619,689.934,180,-6.27,54.0,1000
4928,720.0,30.086,30.086,3.8619,689.914,180,-6.3,54.0,1000
4930,720.0,30.106,30.106,3.8619,689.894,180,-6.32,54.0,1000
4931,720.0,30.126,30.126,3.8619,689.874,180,-6.35,54.0,1000
4931,720.0,30.146,30.146,3.8619,689.854,180,-6.38,54.0,1000
4933,720.0,30.166,30.166,3.8619,689.834,180,-6.41,54.0,1000
4933,720.0,30.186,30.186,3.8619,689.814,180,-6.43,54.0,1000
4935,720.0,30.206,30.206,3.8619,689.794,180,-6.46,54.0,1000
4936,720.0,30.226,30.226,3.8619,689.774,180,-6.49,54.0,1000
4936,720.0,30.246,30.246,3.8619,689.754,180,-6.51,54.0,1000
4938,720.0,30.266,30.266,3.8619,689.734,180,-6.54,54.0,1000
4939,720.0,30.286,30.286,3.8619,689.714,180,-6.57,54.0,1000
4939,720.0,30.306,30.306,3.8619,689.694,180,-6.59,54.0,1000
4941,720.0,30.326,30.326,3.8619,689.674,180,-6.62,54.0,1000
4942,720.0,30.346,30.346,3.8619,689.654,180,-6.65,54.0,1000
4943,720.0,30.366,30.366,3.8619,689.634,180,-6.68,54.0,1000
4944,720.0,30.386,30.386,3.8619,689.614,180,-6.7,54.0,1000
4944,720.0,30.406,30.406,3.8619,689.594,180,-6.73,54.0,1000
4946,720.0,30.426,30.426,3.8619,689.574,180,-6.76,54.0,1000
4947,720.0,30.446,30.446,3.8619,689.554,180,-6.78,54.0,1000
4947,720.0,30.466,30.466,3.8619,689.534,180,-6.81,54.0,1000
4949,720.0,30.486,30.486,3.8619,689.514,180,-6.84,54.0,1000
4949,720.0,30.506,30.506,3.8619,689.494,180,-6.86,54.0,1000
4951,720.0,30.526,30.526,3.8619,689.474,180,-6.89,54.0,1000
4952,720.0,30.546,30.546,3.8619,689.454,180,-6.92,54.0,1000
4952,720.0,30.566,30.566,3.8619,689.434,180,-6.94,54.0,1000
4954,720.0,30.586,30.586,3.8619,689.414,180,-6.97,54.0,1000
4955,720.0,30.606,30.606,3.8619,689.394,180,-7.0,54.0,1000
4955,720.0,30.626,30.626,3.8619,689.374,180,-7.02,54.0,1000
4957,720.0,30.646,30.646,3.8619,689.354,180,-7.05,54.0,1000
4958,720.0,30.666,30.666,3.8619,689.334,180,-7.08,54.0,1000
4959,720.0,30.686,30.686,3.8619,689.314,180,-7.1,54.0,1000
4960,720.0,30.706,30.706,3.8619,689.294,180,-7.13,54.0,1000
4960,720.0,30.726,30.726,3.8619,689.274,180,-7.15,54.0,1000
4962,720.0,30.746,30.746,3.8619,689.254,180,-7.18,54.0,1000
4963,720.0,30.766,30.766,3.8619,689.234,180,-7.21,54.0,1000
4963,720.0,30.786,30.786,3.8619,689.214,180,-7.23,54.0,1000
4965,720.0,30.806,30.806,3.8619,689.194,180,-7.26,54.0,1000
4965,720.0,30.826,30.826,3.8619,689.174,180,-7.29,54.0,1000
4967,720.0,30.846,30.846,3.8619,689.154,180,-7.31,54.0,1000
4968,720.0,30.866,30.866,3.8619,689.134,180,-7.34,54.0,1000
4968,720.0,30.886,30.886,3.8619,689.114,180,-7.36,54.0,1000
4970,720.0,30.906,30.906,3.8619,689.094,180,-7.39,54.0,1000
4971,720.0,30.926,30.926,3.8619,689.074,180,-7.42,54.0,1000
4971,720.0,30.946,30.946,3.8619,689.054,180,-7.44,54.0,1000
4973,720.0,30.966,30.966,3.8619,689.034,180,-7.47,54.0,1000
4974,720.0,30.986,30.986,3.8619,689.014,180,-7.5,54.0,1000
4975,720.0,31.006,31.006,3.8619,688.994,180,-7.52,54.0,1000
4976,720.0,31.026,31.026,3.8619,688.974,180,-7.55,54.0,1000
4976,720.0,31.046,31.046,3.8619,688.954,180,-7.57,54.0,1000
4978,720.0,31.066,31.066,3.8619,688.934,180,-7.6,54.0,1000
4979,720.0,31.086,31.086,3.8619,688.914,180,-7.62,54.0,1000
4979,720.0,31.106,31.106,3.8619,688.894,180,-7.65,54.0,1000
4981,720.0,31.126,31.126,3.8619,688.874,180,-7.68,54.0,1000
4981,720.0,31.146,31.146,3.8619,688.854,180,-7.7,54.0,1000
4983,720.0,31.166,31.166,3.8619,688.834,180,-7.73,54.0,1000
4984,720.0,31.186,31.186,3.8619,688.814,180,-7.75,54.0,1000
4984,720.0,31.206,31.206,3.8619,688.794,180,-7.78,54.0,1000
4986,720.0,31.226,31.226,3.8619,688.774,180,-7.8,54.0,1000
4987,720.0,31.246,31.246,3.8619,688.754,180,-7.83,54.0,1000
4988,720.0,31.266,31.266,3.8619,688.734,180,-7.86,54.0,1000
4989,720.0,31.286,31.286,3.8619,688.714,180,-7.88,54.0,1000
4990,720.0,31.306,31.306,3.8619,688.694,180,-7.91,54.0,1000
4991,720.0,31.326,31.326,3.8619,688.674,180,-7.93,54.0,1000
4992,720.0,31.346,31.346,3.8619,688.654,180,-7.96,54.0,1000
4992,720.0,31.366,31.366,3.8619,688.634,180,-7.98,54.0,1000
4994,720.0,31.386,31.386,3.8619,688.614,180,-8.01,54.0,1000
4994,720.0,31.406,31.406,3.8619,688.594,180,-8.03,54.0,1000
4996,720.0,31.426,31.426,3.8619,688.574,180,-8.06,54.0,1000
4997,720.0,31.446,31.446,3.8619,688.554,180,-8.08,54.0,1000
4997,720.0,31.466,31.466,3.8619,688.534,180,-8.11,54.0,1000
4999,720.0,31.486,31.486,3.8619,688.514,180,-8.14,54.0,1000
5000,720.0,31.506,31.506,3.8619,688.494,180,-8.16,54.0,1000
5000,720.0,31.526,31.526,3.8619,688.474,180,-8.19,54.0,1000
5002,720.0,31.546,31.546,3.8619,688.454,180,-8.21,54.0,1000
5003,720.0,31.566,31.566,3.8619,688.434,180,-8.24,54.0,1000
5004,720.0,31.586,31.586,3.8619,688.414,180,-8.26,54.0,1000
5005,720.0,31.606,31.606,3.8619,688.394,180,-8.29,54.0,1000
5005,720.0,31.626,31.626,3.8619,688.374,180,-8.31,54.0,1000
5007,720.0,31.646,31.646,3.8619,688.354,180,-8.34,54.0,1000
5008,720.0,31.666,31.666,3.8619,688.334,180,-8.36,54.0,1000
5008,720.0,31.686,31.686,3.8619,688.314,180,-8.39,54.0,1000
5010,720.0,31.706,31.706,3.8619,688.294,180,-8.41,54.0,1000
5010,720.0,31.726,31.726,3.8619,688.274,180,-8.44,54.0,1000
5012,720.0,31.746,31.746,3.8619,688.254,180,-8.46,54.0,1000
5013,720.0,31.766,31.766,3.8619,688.234,180,-8.48,54.0,1000
5013,720.0,31.786,31.786,3.8619,688.214,180,-8.51,54.0,1000
5015,720.0,31.806,31.806,3.8619,688.194,180,-8.53,54.0,1000
5016,720.0,31.826,31.826,3.8619,688.174,180,-8.56,54.0,1000
5016,720.0,31.846,31.846,3.8619,688.154,180,-8.58,54.0,1000
5018,720.0,31.866,31.866,3.8619,688.134,180,-8.61,54.0,1000
5019,720.0,31.886,31.886,3.8619,688.114,180,-8.63,54.0,1000
5020,720.0,31.906,31.906,3.8619,688.094,180,-8.66,54.0,1000
5021,720.0,31.926,31.926,3.8619,688.074,180,-8.68,54.0,1000
5021,720.0,31.946,31.946,3.8619,688.054,180,-8.71,54.0,1000
5023,720.0,31.966,31.966,3.8619,688.034,180,-8.73,54.0,1000
5024,720.0,31.986,31.986,3.8619,688.014,180,-8.75,54.0,1000
5024,720.0,32.006,32.006,3.8619,687.994,180,-8.78,54.0,1000
5026,720.0,32.026,32.026,3.8619,687.974,180,-8.8,54.0,1000
5026,720.0,32.046,32.046,3.8619,687.954,180,-8.83,54.0,1000
5028,720.0,32.066,32.066,3.8619,687.934,180,-8.85,54.0,1000
5029,720.0,32.086,32.086,3.8619,687.914,180,-8.88,54.0,1000
5029,720.0,32.106,32.106,3.8619,687.894,180,-8.9,54.0,1000
5031,720.0,32.126,32.126,3.8619,687.874,180,-8.92,54.0,1000
5032,720.0,32.146,32.146,3.8619,687.854,180,-8.95,54.0,1000
5032,720.0,32.166,32.166,3.8619,687.834,180,-8.97,54.0,1000
5034,720.0,32.186,32.186,3.8619,687.814,180,-9.0,54.0,1000
5035,720.0,32.206,32.206,3.8619,687.794,180,-9.02,54.0,1000
5036,720.0,32.226,32.226,3.8619,687.774,180,-9.04,54.0,1000
5037,720.0,32.246,32.246,3.8619,687.754,180,-9.07,54.0,1000
5038,720.0,32.266,32.266,3.8619,687.734,180,-9.09,54.0,1000
5039,720.0,32.286,32.286,3.8619,687.714,180,-9.12,54.0,1000
5040,720.0,32.306,32.306,3.8619,687.694,180,-9.14,54.0,1000
5040,720.0,32.326,32.326,3.8619,687.674,180,-9.16,54.0,1000
5042,720.0,32.346,32.346,3.8619,687.654,180,-9.19,54.0,1000
5042,720.0,32.366,32.366,3.8619,687.634,180,-9.21,54.0,1000
5044,720.0,32.386,32.386,3.8619,687.614,180,-9.23,54.0,1000
5045,720.0,32.406,32.406,3.8619,687.594,180,-9.26,54.0,1000
5045,720.0,32.426,32.426,3.8619,687.574,180,-9.28,54.0,1000
5047,720.0,32.446,32.446,3.8619,687.554,180,-9.31,54.0,1000
5048,720.0,32.466,32.466,3.8619,687.534,180,-9.33,54.0,1000
5048,720.0,32.486,32.486,3.8619,687.514,180,-9.35,54.0,1000
5050,720.0,32.506,32.506,3.8619,687.494,180,-9.38,54.0,1000
5051,720.0,32.526,32.526,3.8619,687.474,180,-9.4,54.0,1000
5052,720.0,32.546,32.546,3.8619,687.454,180,-9.42,54.0,1000
5053,720.0,32.566,32.566,3.8619,687.434,180,-9.45,54.0,1000
5054,720.0,32.586,32.586,3.8619,687.414,180,-9.47,54.0,1000
5055,720.0,32.606,32.606,3.8619,687.394,180,-9.49,54.0,1000
5055,720.0,32.626,32.626,3.8619,687.374,180,-9.52,54.0,1000
5056,720.0,32.646,32.646,3.8619,687.354,180,-9.54,54.0,1000
5058,720.0,32.666,32.666,3.8619,687.334,180,-9.56,54.0,1000
5058,720.0,32.686,32.686,3.8619,687.314,180,-9.59,54.0,1000
5060,720.0,32.706,32.706,3.8619,687.294,180,-9.61,54.0,1000
5061,720.0,32.726,32.726,3.8619,687.274,180,-9.63,54.0,1000
5061,720.0,32.746,32.746,3.8619,687.254,180,-9.65,54.0,1000
5063,720.0,32.766,32.766,3.8619,687.234,180,-9.68,54.0,1000
5064,720.0,32.786,32.786,3.8619,687.214,180,-9.7,54.0,1000
5064,720.0,32.806,32.806,3.8619,687.194,180,-9.72,54.0,1000
5066,720.0,32.826,32.826,3.8619,687.174,180,-9.75,54.0,1000
5067,720.0,32.846,32.846,3.8619,687.154,180,-9.77,54.0,1000
5068,720.0,32.866,32.866,3.8619,687.134,180,-9.79,54.0,1000
5069,720.0,32.886,32.886,3.8619,687.114,180,-9.81,54.0,1000
5069,720.0,32.906,32.906,3.8619,687.094,180,-9.84,54.0,1000
5071,720.0,32.926,32.926,3.8619,687.074,180,-9.86,54.0,1000
5071,720.0,32.946,32.946,3.8619,687.054,180,-9.88,54.0,1000
5072,720.0,32.966,32.966,3.8619,687.034,180,-9.9,54.0,1000
5074,720.0,32.986,32.986,3.8619,687.014,180,-9.93,54.0,1000
5074,720.0,33.006,33.006,3.8619,686.994,180,-9.95,54.0,1000
5076,720.0,33.026,33.026,3.8619,686.974,180,-9.97,54.0,1000
5077,720.0,33.046,33.046,3.8619,686.954,180,-9.99,54.0,1000
5077,720.0,33.066,33.066,3.8619,686.934,180,-10.02,54.0,1000
5079,720.0,33.086,33.086,3.8619,686.914,180,-10.04,54.0,1000
5080,720.0,33.106,33.106,3.8619,686.894,180,-10.06,54.0,1000
5080,720.0,33.126,33.126,3.8619,686.874,180,-10.08,54.0,1000
5082,720.0,33.146,33.146,3.8619,686.854,180,-10.11,54.0,1000
5083,720.0,33.166,33.166,3.8619,686.834,180,-10.13,54.0,1000
5084,720.0,33.186,33.186,3.8619,686.814,180,-10.15,54.0,1000
5085,720.0,33.206,33.206,3.8619,686.794,180,-10.17,54.0,1000
5085,720.0,33.226,33.226,3.8619,686.774,180,-10.19,54.0,1000
5087,720.0,33.246,33.246,3.8619,686.754,180,-10.22,54.0,1000
5087,720.0,33.266,33.266,3.8619,686.734,180,-10.24,54.0,1000
5088,720.0,33.286,33.286,3.8619,686.714,180,-10.26,54.0,1000
5090,720.0,33.306,33.306,3.8619,686.694,180,-10.28,54.0,1000
5090,720.0,33.326,33.326,3.8619,686.674,180,-10.3,54.0,1000
5092,720.0,33.346,33.346,3.8619,686.654,180,-10.33,54.0,1000
5093,720.0,33.366,33.366,3.8619,686.634,180,-10.35,54.0,1000
5093,720.0,33.386,33.386,3.8619,686.614,180,-10.37,54.0,1000
5095,720.0,33.406,33.406,3.8619,686.594,180,-10.39,54.0,1000
5096,720.0,33.426,33.426,3.8619,686.574,180,-10.41,54.0,1000
5096,720.0,33.446,33.446,3.8619,686.554,180,-10.43,54.0,1000
5098,720.0,33.466,33.466,3.8619,686.534,180,-10.46,54.0,1000
5099,720.0,33.486,33.486,3.8619,686.514,180,-10.48,54.0,1000
5100,720.0,33.506,33.506,3.8619,686.494,180,-10.5,54.0,1000
5101,720.0,33.526,33.526,3.8619,686.474,180,-10.52,54.0,1000
5101,720.0,33.546,33.546,3.8619,686.454,180,-10.54,54.0,1000
5103,720.0,33.566,33.566,3.8619,686.434,180,-10.56,54.0,1000
5103,720.0,33.586,33.586,3.8619,686.414,180,-10.58,54.0,1000
5104,720.0,33.606,33.606,3.8619,686.394,180,-10.6,54.0,1000
5106,720.0,33.626,33.626,3.8619,686.374,180,-10.63,54.0,1000
5106,720.0,33.646,33.646,3.8619,686.354,180,-10.65,54.0,1000
5108,720.0,33.666,33.666,3.8619,686.334,180,-10.67,54.0,1000
5109,720.0,33.686,33.686,3.8619,686.314,180,-10.69,54.0,1000
5109,720.0,33.706,33.706,3.8619,686.294,180,-10.71,54.0,1000
5111,720.0,33.726,33.726,3.8619,686.274,180,-10.73,54.0,1000
5112,720.0,33.746,33.746,3.8619,686.254,180,-10.75,54.0,1000
5113,720.0,33.766,33.766,3.8619,686.234,180,-10.77,54.0,1000
5114,720.0,33.786,33.786,3.8619,686.214,180,-10.79,54.0,1000
5115,720.0,33.806,33.806,3.8619,686.194,180,-10.81,54.0,1000
5116,720.0,33.826,33.826,3.8619,686.174,180,-10.84,54.0,1000
5117,720.0,33.846,33.846,3.8619,686.154,180,-10.86,54.0,1000
5117,720.0,33.866,33.866,3.8619,686.134,180,-10.88,54.0,1000
5119,720.0,33.886,33.886,3.8619,686.114,180,-10.9,54.0,1000
5119,720.0,33.906,33.906,3.8619,686.094,180,-10.92,54.0,1000
5121,720.0,33.926,33.926,3.8619,686.074,180,-10.94,54.0,1000
5122,720.0,33.946,33.946,3.8619,686.054,180,-10.96,54.0,1000
5122,720.0,33.966,33.966,3.8619,686.034,180,-10.98,54.0,1000
5124,720.0,33.986,33.986,3.8619,686.014,180,-11.0,54.0,1000
5125,720.0,34.006,34.006,3.8619,685.994,180,-11.02,54.0,1000
5125,720.0,34.026,34.026,3.8619,685.974,180,-11.04,54.0,1000
5127,720.0,34.046,34.046,3.8619,685.954,180,-11.06,54.0,1000
5128,720.0,34.066,34.066,3.8619,685.934,180,-11.08,54.0,1000
5129,720.0,34.086,34.086,3.8619,685.914,180,-11.1,54.0,1000
5130,720.0,34.106,34.106,3.8619,685.894,180,-11.12,54.0,1000
5131,720.0,34.126,34.126,3.8619,685.874,180,-11.14,54.0,1000
5132,720.0,34.146,34.146,3.8619,685.854,180,-11.16,54.0,1000
5133,720.0,34.166,34.166,3.8619,685.834,180,-11.18,54.0,1000
5133,720.0,34.186,34.186,3.8619,685.814,180,-11.2,54.0,1000
5135,720.0,34.206,34.206,3.8619,685.794,180,-11.22,54.0,1000
5135,720.0,34.226,34.226,3.8619,685.774,180,-11.24,54.0,1000
5137,720.0,34.246,34.246,3.8619,685.754,180,-11.26,54.0,1000
5138,720.0,34.266,34.266,3.8619,685.734,180,-11.28,54.0,1000
5138,720.0,34.286,34.286,3.8619,685.714,180,-11.3,54.0,1000
5140,720.0,34.306,34.306,3.8619,685.694,180,-11.32,54.0,1000
5141,720.0,34.326,34.326,3.8619,685.674,180,-11.34,54.0,1000
5141,720.0,34.346,34.346,3.8619,685.654,180,-11.36,54.0,1000
5143,720.0,34.366,34.366,3.8619,685.634,180,-11.38,54.0,1000
5144,720.0,34.386,34.386,3.8619,685.614,180,-11.4,54.0,1000
5145,720.0,34.406,34.406,3.8619,685.594,180,-11.42,54.0,1000
5146,720.0,34.426,34.426,3.8619,685.574,180,-11.44,54.0,1000
5147,720.0,34.446,34.446,3.8619,685.554,180,-11.46,54.0,1000
5148,720.0,34.466,34.466,3.8619,685.534,180,-11.48,54.0,1000
5149,720.0,34.486,34.486,3.8619,685.514,180,-11.5,54.0,1000
5149,720.0,34.506,34.506,3.8619,685.494,180,-11.52,54.0,1000
5151,720.0,34.526,34.526,3.8619,685.474,180,-11.53,54.0,1000
5151,720.0,34.546,34.546,3.8619,685.454,180,-11.55,54.0,1000
5153,720.0,34.566,34.566,3.8619,685.434,180,-11.57,54.0,1000
5154,720.0,34.586,34.586,3.8619,685.414,180,-11.59,54.0,1000
5154,720.0,34.606,34.606,3.8619,685.394,180,-11.61,54.0,1000
5156,720.0,34.626,34.626,3.8619,685.374,180,-11.63,54.0,1000
5157,720.0,34.646,34.646,3.8619,685.354,180,-11.65,54.0,1000
5157,720.0,34.666,34.666,3.8619,685.334,180,-11.67,54.0,1000
5159,720.0,34.686,34.686,3.8619,685.314,180,-11.69,54.0,1000
5160,720.0,34.706,34.706,3.8619,685.294,180,-11.71,54.0,1000
5161,720.0,34.726,34.726,3.8619,685.274,180,-11.72,54.0,1000
5162,720.0,34.746,34.746,3.8619,685.254,180,-11.74,54.0,1000
5163,720.0,34.766,34.766,3.8619,685.234,180,-11.76,54.0,1000
5164,720.0,34.786,34.786,3.8619,685.214,180,-11.78,54.0,1000
5165,720.0,34.806,34.806,3.8619,685.194,180,-11.8,54.0,1000
5165,720.0,34.826,34.826,3.8619,685.174,180,-11.82,54.0,1000
5167,720.0,34.846,34.846,3.8619,685.154,180,-11.84,54.0,1000
5167,720.0,34.866,34.866,3.8619,685.134,180,-11.85,54.0,1000
5169,720.0,34.886,34.886,3.8619,685.114,180,-11.87,54.0,1000
5170,720.0,34.906,34.906,3.8619,685.094,180,-11.89,54.0,1000
5170,720.0,34.926,34.926,3.8619,685.074,180,-11.91,54.0,1000
5172,720.0,34.946,34.946,3.8619,685.054,180,-11.93,54.0,1000
5173,720.0,34.966,34.966,3.8619,685.034,180,-11.95,54.0,1000
5173,720.0,34.986,34.986,3.8619,685.014,180,-11.96,54.0,1000
5175,720.0,35.006,35.006,3.8619,684.994,180,-11.98,54.0,1000
5176,720.0,35.026,35.026,3.8619,684.974,180,-12.0,54.0,1000
5177,720.0,35.046,35.046,3.8619,684.954,180,-12.02,54.0,1000
5178,720.0,35.066,35.066,3.8619,684.934,180,-12.04,54.0,1000
5179,720.0,35.086,35.086,3.8619,684.914,180,-12.05,54.0,1000
5180,720.0,35.106,35.106,3.8619,684.894,180,-12.07,54.0,1000
5181,720.0,35.126,35.126,3.8619,684.874,180,-12.09,54.0,1000
5181,720.0,35.146,35.146,3.8619,684.854,180,-12.11,54.0,1000
5183,720.0,35.166,35.166,3.8619,684.834,180,-12.12,54.0,1000
5183,720.0,35.186,35.186,3.8619,684.814,180,-12.14,54.0,1000
5185,720.0,35.206,35.206,3.8619,684.794,180,-12.16,54.0,1000
5186,720.0,35.226,35.226,3.8619,684.774,180,-12.18,54.0,1000
5186,720.0,35.246,35.246,3.8619,684.754,180,-12.19,54.0,1000
5188,720.0,35.266,35.266,3.8619,684.734,180,-12.21,54.0,1000
5189,720.0,35.286,35.286,3.8619,684.714,180,-12.23,54.0,1000
5189,720.0,35.306,35.306,3.8619,684.694,180,-12.25,54.0,1000
5191,720.0,35.326,35.326,3.8619,684.674,180,-12.26,54.0,1000
5192,720.0,35.346,35.346,3.8619,684.654,180,-12.28,54.0,1000
5193,720.0,35.366,35.366,3.8619,684.634,180,-12.3,54.0,1000
5194,720.0,35.386,35.386,3.8619,684.614,180,-12.32,54.0,1000
5194,720.0,35.406,35.406,3.8619,684.594,180,-12.33,54.0,1000
5196,720.0,35.426,35.426,3.8619,684.574,180,-12.35,54.0,1000
5196,720.0,35.446,35.446,3.8619,684.554,180,-12.37,54.0,1000
5197,720.0,35.466,35.466,3.8619,684.534,180,-12.38,54.0,1000
5199,720.0,35.486,35.486,3.8619,684.514,180,-12.4,54.0,1000
5199,720.0,35.506,35.506,3.8619,684.494,180,-12.42,54.0,1000
5201,720.0,35.526,35.526,3.8619,684.474,180,-12.43,54.0,1000
5202,720.0,35.546,35.546,3.8619,684.454,180,-12.45,54.0,1000
5202,720.0,35.566,35.566,3.8619,684.434,180,-12.47,54.0,1000
5204,720.0,35.586,35.586,3.8619,684.414,180,-12.48,54.0,1000
5205,720.0,35.606,35.606,3.8619,684.394,180,-12.5,54.0,1000
5205,720.0,35.626,35.626,3.8619,684.374,180,-12.52,54.0,1000
5207,720.0,35.646,35.646,3.8619,684.354,180,-12.53,54.0,1000
5208,720.0,35.666,35.666,3.8619,684.334,180,-12.55,54.0,1000
5209,720.0,35.686,35.686,3.8619,684.314,180,-12.57,54.0,1000
5210,720.0,35.706,35.706,3.8619,684.294,180,-12.58,54.0,1000
5210,720.0,35.726,35.726,3.8619,684.274,180,-12.6,54.0,1000
5212,720.0,35.746,35.746,3.8619,684.254,180,-12.62,54.0,1000
5212,720.0,35.766,35.766,3.8619,684.234,180,-12.63,54.0,1000
5213,720.0,35.786,35.786,3.8619,684.214,180,-12.65,54.0,1000
5215,720.0,35.806,35.806,3.8619,684.194,180,-12.66,54.0,1000
5215,720.0,35.826,35.826,3.8619,684.174,180,-12.68,54.0,1000
5217,720.0,35.846,35.846,3.8619,684.154,180,-12.7,54.0,1000
5218,720.0,35.866,35.866,3.8619,684.134,180,-12.71,54.0,1000
5218,720.0,35.886,35.886,3.8619,684.114,180,-12.73,54.0,1000
5220,720.0,35.906,35.906,3.8619,684.094,180,-12.74,54.0,1000
5221,720.0,35.926,35.926,3.8619,684.074,180,-12.76,54.0,1000
5221,720.0,35.946,35.946,3.8619,684.054,180,-12.78,54.0,1000
5223,720.0,35.966,35.966,3.8619,684.034,180,-12.79,54.0,1000
5224,720.0,35.986,35.986,3.8619,684.014,180,-12.81,54.0,1000
5225,720.0,36.006,36.006,3.8619,683.994,180,-12.82,54.0,1000
5226,720.0,36.026,36.026,3.8619,683.974,180,-12.84,54.0,1000
5226,720.0,36.046,36.046,3.8619,683.954,180,-12.85,54.0,1000
5228,720.0,36.066,36.066,3.8619,683.934,180,-12.87,54.0,1000
5228,720.0,36.086,36.086,3.8619,683.914,180,-12.88,54.0,1000
5229,720.0,36.106,36.106,3.8619,683.894,180,-12.9,54.0,1000
5231,720.0,36.126,36.126,3.8619,683.874,180,-12.91,54.0,1000
5231,720.0,36.146,36.146,3.8619,683.854,180,-12.93,54.0,1000
5233,720.0,36.166,36.166,3.8619,683.834,180,-12.95,54.0,1000
5234,720.0,36.186,36.186,3.8619,683.814,180,-12.96,54.0,1000
5234,720.0,36.206,36.206,3.8619,683.794,180,-12.98,54.0,1000
5236,720.0,36.226,36.226,3.8619,683.774,180,-12.99,54.0,1000
5237,720.0,36.246,36.246,3.8619,683.754,180,-13.01,54.0,1000
5238,720.0,36.266,36.266,3.8619,683.734,180,-13.02,54.0,1000
5239,720.0,36.286,36.286,3.8619,683.714,180,-13.04,54.0,1000
5240,720.0,36.306,36.306,3.8619,683.694,180,-13.05,54.0,1000
5241,720.0,36.326,36.326,3.8619,683.674,180,-13.06,54.0,1000
5242,720.0,36.346,36.346,3.8619,683.654,180,-13.08,54.0,1000
5242,720.0,36.366,36.366,3.8619,683.634,180,-13.09,54.0,1000
5244,720.0,36.386,36.386,3.8619,683.614,180,-13.11,54.0,1000
5244,720.0,36.406,36.406,3.8619,683.594,180,-13.12,54.0,1000
5246,720.0,36.426,36.426,3.8619,683.574,180,-13.14,54.0,1000
5247,720.0,36.446,36.446,3.8619,683.554,180,-13.15,54.0,1000
5247,720.0,36.466,36.466,3.8619,683.534,180,-13.17,54.0,1000
5249,720.0,36.486,36.486,3.8619,683.514,180,-13.18,54.0,1000
5250,720.0,36.506,36.506,3.8619,683.494,180,-13.2,54.0,1000
5250,720.0,36.526,36.526,3.8619,683.474,180,-13.21,54.0,1000
5252,720.0,36.546,36.546,3.8619,683.454,180,-13.22,54.0,1000
5253,720.0,36.566,36.566,3.8619,683.434,180,-13.24,54.0,1000
5254,720.0,36.586,36.586,3.8619,683.414,180,-13.25,54.0,1000
5255,720.0,36.606,36.606,3.8619,683.394,180,-13.27,54.0,1000
5256,720.0,36.626,36.626,3.8619,683.374,180,-13.28,54.0,1000
5257,720.0,36.646,36.646,3.8619,683.354,180,-13.29,54.0,1000
5258,720.0,36.666,36.666,3.8619,683.334,180,-13.31,54.0,1000
5258,720.0,36.686,36.686,3.8619,683.314,180,-13.32,54.0,1000
5260,720.0,36.706,36.706,3.8619,683.294,180,-13.34,54.0,1000
5260,720.0,36.726,36.726,3.8619,683.274,180,-13.35,54.0,1000
5262,720.0,36.746,36.746,3.8619,683.254,180,-13.36,54.0,1000
5263,720.0,36.766,36.766,3.8619,683.234,180,-13.38,54.0,1000
5263,720.0,36.786,36.786,3.8619,683.214,180,-13.39,54.0,1000
5265,720.0,36.806,36.806,3.8619,683.194,180,-13.4,54.0,1000
5266,720.0,36.826,36.826,3.8619,683.174,180,-13.42,54.0,1000
5266,720.0,36.846,36.846,3.8619,683.154,180,-13.43,54.0,1000
5268,720.0,36.866,36.866,3.8619,683.134,180,-13.44,54.0,1000
5269,720.0,36.886,36.886,3.8619,683.114,180,-13.46,54.0,1000
5270,720.0,36.906,36.906,3.8619,683.094,180,-13.47,54.0,1000
5271,720.0,36.926,36.926,3.8619,683.074,180,-13.48,54.0,1000
5272,720.0,36.946,36.946,3.8619,683.054,180,-13.5,54.0,1000
5273,720.0,36.966,36.966,3.8619,683.034,180,-13.51,54.0,1000
5274,720.0,36.986,36.986,3.8619,683.014,180,-13.52,54.0,1000
5274,720.0,37.006,37.006,3.8619,682.994,180,-13.54,54.0,1000
5276,720.0,37.026,37.026,3.8619,682.974,180,-13.55,54.0,1000
5276,720.0,37.046,37.046,3.8619,682.954,180,-13.56,54.0,1000
5278,720.0,37.066,37.066,3.8619,682.934,180,-13.57,54.0,1000
5279,720.0,37.086,37.086,3.8619,682.914,180,-13.59,54.0,1000
5279,720.0,37.106,37.106,3.8619,682.894,180,-13.6,54.0,1000
5281,720.0,37.126,37.126,3.8619,682.874,180,-13.61,54.0,1000
5282,720.0,37.146,37.146,3.8619,682.854,180,-13.62,54.0,1000
5282,720.0,37.166,37.166,3.8619,682.834,180,-13.64,54.0,1000
5284,720.0,37.186,37.186,3.8619,682.814,180,-13.65,54.0,1000
5285,720.0,37.206,37.206,3.8619,682.794,180,-13.66,54.0,1000
5286,720.0,37.226,37.226,3.8619,682.774,180,-13.67,54.0,1000
5287,720.0,37.246,37.246,3.8619,682.754,180,-13.69,54.0,1000
5288,720.0,37.266,37.266,3.8619,682.734,180,-13.7,54.0,1000
5289,720.0,37.286,37.286,3.8619,682.714,180,-13.71,54.0,1000
5290,720.0,37.306,37.306,3.8619,682.694,180,-13.72,54.0,1000
5290,720.0,37.326,37.326,3.8619,682.674,180,-13.74,54.0,1000
5292,720.0,37.346,37.346,3.8619,682.654,180,-13.75,54.0,1000
5292,720.0,37.366,37.366,3.8619,682.634,180,-13.76,54.0,1000
5294,720.0,37.386,37.386,3.8619,682.614,180,-13.77,54.0,1000
5295,720.0,37.406,37.406,3.8619,682.594,180,-13.78,54.0,1000
5295,720.0,37.426,37.426,3.8619,682.574,180,-13.79,54.0,1000
5297,720.0,37.446,37.446,3.8619,682.554,180,-13.81,54.0,1000
5298,720.0,37.466,37.466,3.8619,682.534,180,-13.82,54.0,1000
5298,720.0,37.486,37.486,3.8619,682.514,180,-13.83,54.0,1000
5300,720.0,37.506,37.506,3.8619,682.494,180,-13.84,54.0,1000
5301,720.0,37.526,37.526,3.8619,682.474,180,-13.85,54.0,1000
5302,720.0,37.546,37.546,3.8619,682.454,180,-13.86,54.0,1000
5303,720.0,37.566,37.566,3.8619,682.434,180,-13.88,54.0,1000
5304,720.0,37.586,37.586,3.8619,682.414,180,-13.89,54.0,1000
5305,720.0,37.606,37.606,3.8619,682.394,180,-13.9,54.0,1000
5306,720.0,37.626,37.626,3.8619,682.374,180,-13.91,54.0,1000
5306,720.0,37.646,37.646,3.8619,682.354,180,-13.92,54.0,1000
5308,720.0,37.666,37.666,3.8619,682.334,180,-13.93,54.0,1000
5308,720.0,37.686,37.686,3.8619,682.314,180,-13.94,54.0,1000
5310,720.0,37.706,37.706,3.8619,682.294,180,-13.95,54.0,1000
5311,720.0,37.726,37.726,3.8619,682.274,180,-13.97,54.0,1000
5311,720.0,37.746,37.746,3.8619,682.254,180,-13.98,54.0,1000
5313,720.0,37.766,37.766,3.8619,682.234,180,-13.99,54.0,1000
5314,720.0,37.786,37.786,3.8619,682.214,180,-14.0,54.0,1000
5314,720.0,37.806,37.806,3.8619,682.194,180,-14.01,54.0,1000
5316,720.0,37.826,37.826,3.8619,682.174,180,-14.02,54.0,1000
5317,720.0,37.846,37.846,3.8619,682.154,180,-14.03,54.0,1000
5318,720.0,37.866,37.866,3.8619,682.134,180,-14.04,54.0,1000
5319,720.0,37.886,37.886,3.8619,682.114,180,-14.05,54.0,1000
5319,720.0,37.906,37.906,3.8619,682.094,180,-14.06,54.0,1000
5321,720.0,37.926,37.926,3.8619,682.074,180,-14.07,54.0,1000
5321,720.0,37.946,37.946,3.8619,682.054,180,-14.08,54.0,1000
5322,720.0,37.966,37.966,3.8619,682.034,180,-14.09,54.0,1000
5324,720.0,37.986,37.986,3.8619,682.014,180,-14.1,54.0,1000
5324,720.0,38.006,38.006,3.8619,681.994,180,-14.11,54.0,1000
5326,720.0,38.026,38.026,3.8619,681.974,180,-14.12,54.0,1000
5327,720.0,38.046,38.046,3.8619,681.954,180,-14.13,54.0,1000
5327,720.0,38.066,38.066,3.8619,681.934,180,-14.14,54.0,1000
5329,720.0,38.086,38.086,3.8619,681.914,180,-14.15,54.0,1000
5330,720.0,38.106,38.106,3.8619,681.894,180,-14.16,54.0,1000
5330,720.0,38.126,38.126,3.8619,681.874,180,-14.17,54.0,1000
5332,720.0,38.146,38.146,3.8619,681.854,180,-14.18,54.0,1000
5333,720.0,38.166,38.166,3.8619,681.834,180,-14.19,54.0,1000
5334,720.0,38.186,38.186,3.8619,681.814,180,-14.2,54.0,1000
5335,720.0,38.206,38.206,3.8619,681.794,180,-14.21,54.0,1000
5335,720.0,38.226,38.226,3.8619,681.774,180,-14.22,54.0,1000
5337,720.0,38.246,38.246,3.8619,681.754,180,-14.23,54.0,1000
5337,720.0,38.266,38.266,3.8619,681.734,180,-14.24,54.0,1000
5338,720.0,38.286,38.286,3.8619,681.714,180,-14.25,54.0,1000
5340,720.0,38.306,38.306,3.8619,681.694,180,-14.26,54.0,1000
5340,720.0,38.326,38.326,3.8619,681.674,180,-14.27,54.0,1000
5342,720.0,38.346,38.346,3.8619,681.654,180,-14.28,54.0,1000
5343,720.0,38.366,38.366,3.8619,681.634,180,-14.29,54.0,1000
5343,720.0,38.386,38.386,3.8619,681.614,180,-14.3,54.0,1000
5345,720.0,38.406,38.406,3.8619,681.594,180,-14.31,54.0,1000
5346,720.0,38.426,38.426,3.8619,681.574,180,-14.31,54.0,1000
5346,720.0,38.446,38.446,3.8619,681.554,180,-14.32,54.0,1000
5348,720.0,38.466,38.466,3.8619,681.534,180,-14.33,54.0,1000
5349,720.0,38.486,38.486,3.8619,681.514,180,-14.34,54.0,1000
5350,720.0,38.506,38.506,3.8619,681.494,180,-14.35,54.0,1000
5351,720.0,38.526,38.526,3.8619,681.474,180,-14.36,54.0,1000
5351,720.0,38.546,38.546,3.8619,681.454,180,-14.37,54.0,1000
5353,720.0,38.566,38.566,3.8619,681.434,180,-14.38,54.0,1000
5353,720.0,38.586,38.586,3.8619,681.414,180,-14.38,54.0,1000
5354,720.0,38.606,38.606,3.8619,681.394,180,-14.39,54.0,1000
5356,720.0,38.626,38.626,3.8619,681.374,180,-14.4,54.0,1000
5356,720.0,38.646,38.646,3.8619,681.354,180,-14.41,54.0,1000
5358,720.0,38.666,38.666,3.8619,681.334,180,-14.42,54.0,1000
5359,720.0,38.686,38.686,3.8619,681.314,180,-14.43,54.0,1000
5359,720.0,38.706,38.706,3.8619,681.294,180,-14.43,54.0,1000
5361,720.0,38.726,38.726,3.8619,681.274,180,-14.44,54.0,1000
5362,720.0,38.746,38.746,3.8619,681.254,180,-14.45,54.0,1000
5363,720.0,38.766,38.766,3.8619,681.234,180,-14.46,54.0,1000
5364,720.0,38.786,38.786,3.8619,681.214,180,-14.47,54.0,1000
5365,720.0,38.806,38.806,3.8619,681.194,180,-14.47,54.0,1000
5366,720.0,38.826,38.826,3.8619,681.174,180,-14.48,54.0,1000
5367,720.0,38.846,38.846,3.8619,681.154,180,-14.49,54.0,1000
5367,720.0,38.866,38.866,3.8619,681.134,180,-14.5,54.0,1000
5369,720.0,38.886,38.886,3.8619,681.114,180,-14.51,54.0,1000
5369,720.0,38.906,38.906,3.8619,681.094,180,-14.51,54.0,1000
5371,720.0,38.926,38.926,3.8619,681.074,180,-14.52,54.0,1000
5372,720.0,38.946,38.946,3.8619,681.054,180,-14.53,54.0,1000
5372,720.0,38.966,38.966,3.8619,681.034,180,-14.54,54.0,1000
5374,720.0,38.986,38.986,3.8619,681.014,180,-14.54,54.0,1000
5375,720.0,39.006,39.006,3.8619,680.994,180,-14.55,54.0,1000
5375,720.0,39.026,39.026,3.8619,680.974,180,-14.56,54.0,1000
5377,720.0,39.046,39.046,3.8619,680.954,180,-14.56,54.0,1000
5378,720.0,39.066,39.066,3.8619,680.934,180,-14.57,54.0,1000
5379,720.0,39.086,39.086,3.8619,680.914,180,-14.58,54.0,1000
5380,720.0,39.106,39.106,3.8619,680.894,180,-14.59,54.0,1000
5381,720.0,39.126,39.126,3.8619,680.874,180,-14.59,54.0,1000
5382,720.0,39.146,39.146,3.8619,680.854,180,-14.6,54.0,1000
5383,720.0,39.166,39.166,3.8619,680.834,180,-14.61,54.0,1000
5383,720.0,39.186,39.186,3.8619,680.814,180,-14.61,54.0,1000
5385,720.0,39.206,39.206,3.8619,680.794,180,-14.62,54.0,1000
5385,720.0,39.226,39.226,3.8619,680.774,180,-14.63,54.0,1000
5387,720.0,39.246,39.246,3.8619,680.754,180,-14.63,54.0,1000
5388,720.0,39.266,39.266,3.8619,680.734,180,-14.64,54.0,1000
5388,720.0,39.286,39.286,3.8619,680.714,180,-14.65,54.0,1000
5390,720.0,39.306,39.306,3.8619,680.694,180,-14.65,54.0,1000
5391,720.0,39.326,39.326,3.8619,680.674,180,-14.66,54.0,1000
5391,720.0,39.346,39.346,3.8619,680.654,180,-14.67,54.0,1000
5393,720.0,39.366,39.366,3.8619,680.634,180,-14.67,54.0,1000
5394,720.0,39.386,39.386,3.8619,680.614,180,-14.68,54.0,1000
5395,720.0,39.406,39.406,3.8619,680.594,180,-14.68,54.0,1000
5396,720.0,39.426,39.426,3.8619,680.574,180,-14.69,54.0,1000
5397,720.0,39.446,39.446,3.8619,680.554,180,-14.7,54.0,1000
5398,720.0,39.466,39.466,3.8619,680.534,180,-14.7,54.0,1000
5399,720.0,39.486,39.486,3.8619,680.514,180,-14.71,54.0,1000
5399,720.0,39.506,39.506,3.8619,680.494,180,-14.71,54.0,1000
5401,720.0,39.526,39.526,3.8619,680.474,180,-14.72,54.0,1000
5401,720.0,39.546,39.546,3.8619,680.454,180,-14.73,54.0,1000
5403,720.0,39.566,39.566,3.8619,680.434,180,-14.73,54.0,1000
5404,720.0,39.586,39.586,3.8619,680.414,180,-14.74,54.0,1000
5404,720.0,39.606,39.606,3.8619,680.394,180,-14.74,54.0,1000
5406,720.0,39.626,39.626,3.8619,680.374,180,-14.75,54.0,1000
5407,720.0,39.646,39.646,3.8619,680.354,180,-14.75,54.0,1000
5407,720.0,39.666,39.666,3.8619,680.334,180,-14.76,54.0,1000
5409,720.0,39.686,39.686,3.8619,680.314,180,-14.76,54.0,1000
5410,720.0,39.706,39.706,3.8619,680.294,180,-14.77,54.0,1000
5411,720.0,39.726,39.726,3.8619,680.274,180,-14.77,54.0,1000
5412,720.0,39.746,39.746,3.8619,680.254,180,-14.78,54.0,1000
5413,720.0,39.766,39.766,3.8619,680.234,180,-14.78,54.0,1000
5414,720.0,39.786,39.786,3.8619,680.214,180,-14.79,54.0,1000
5415,720.0,39.806,39.806,3.8619,680.194,180,-14.79,54.0,1000
5415,720.0,39.826,39.826,3.8619,680.174,180,-14.8,54.0,1000
5417,720.0,39.846,39.846,3.8619,680.154,180,-14.8,54.0,1000
5417,720.0,39.866,39.866,3.8619,680.134,180,-14.81,54.0,1000
5419,720.0,39.886,39.886,3.8619,680.114,180,-14.81,54.0,1000
5420,720.0,39.906,39.906,3.8619,680.094,180,-14.82,54.0,1000
5420,720.0,39.926,39.926,3.8619,680.074,180,-14.82,54.0,1000
5422,720.0,39.946,39.946,3.8619,680.054,180,-14.83,54.0,1000
5423,720.0,39.966,39.966,3.8619,680.034,180,-14.83,54.0,1000
5423,720.0,39.986,39.986,3.8619,680.014,180,-14.84,54.0,1000
5425,720.0,40.006,40.006,3.8619,679.994,180,-14.84,54.0,1000
5426,720.0,40.026,40.026,3.8619,679.974,180,-14.85,54.0,1000
5427,720.0,40.046,40.046,3.8619,679.954,180,-14.85,54.0,1000
5428,720.0,40.066,40.066,3.8619,679.934,180,-14.85,54.0,1000
5429,720.0,40.086,40.086,3.8619,679.914,180,-14.86,54.0,1000
5430,720.0,40.106,40.106,3.8619,679.894,180,-14.86,54.0,1000
5431,720.0,40.126,40.126,3.8619,679.874,180,-14.87,54.0,1000
5431,720.0,40.146,40.146,3.8619,679.854,180,-14.87,54.0,1000
5433,720.0,40.166,40.166,3.8619,679.834,180,-14.87,54.0,1000
5433,720.0,40.186,40.186,3.8619,679.814,180,-14.88,54.0,1000
5435,720.0,40.206,40.206,3.8619,679.794,180,-14.88,54.0,1000
5436,720.0,40.226,40.226,3.8619,679.774,180,-14.89,54.0,1000
5436,720.0,40.246,40.246,3.8619,679.754,180,-14.89,54.0,1000
5438,720.0,40.266,40.266,3.8619,679.734,180,-14.89,54.0,1000
5439,720.0,40.286,40.286,3.8619,679.714,180,-14.9,54.0,1000
5439,720.0,40.306,40.306,3.8619,679.694,180,-14.9,54.0,1000
5441,720.0,40.326,40.326,3.8619,679.674,180,-14.9,54.0,1000
5442,720.0,40.346,40.346,3.8619,679.654,180,-14.91,54.0,1000
5443,720.0,40.366,40.366,3.8619,679.634,180,-14.91,54.0,1000
5444,720.0,40.386,40.386,3.8619,679.614,180,-14.91,54.0,1000
5444,720.0,40.406,40.406,3.8619,679.594,180,-14.92,54.0,1000
5446,720.0,40.426,40.426,3.8619,679.574,180,-14.92,54.0,1000
5446,720.0,40.446,40.446,3.8619,679.554,180,-14.92,54.0,1000
5447,720.0,40.466,40.466,3.8619,679.534,180,-14.93,54.0,1000
5449,720.0,40.486,40.486,3.8619,679.514,180,-14.93,54.0,1000
5449,720.0,40.506,40.506,3.8619,679.494,180,-14.93,54.0,1000
5451,720.0,40.526,40.526,3.8619,679.474,180,-14.93,54.0,1000
5452,720.0,40.546,40.546,3.8619,679.454,180,-14.94,54.0,1000
5452,720.0,40.566,40.566,3.8619,679.434,180,-14.94,54.0,1000
5454,720.0,40.586,40.586,3.8619,679.414,180,-14.94,54.0,1000
5455,720.0,40.606,40.606,3.8619,679.394,180,-14.95,54.0,1000
5455,720.0,40.626,40.626,3.8619,679.374,180,-14.95,54.0,1000
5457,720.0,40.646,40.646,3.8619,679.354,180,-14.95,54.0,1000
5458,720.0,40.666,40.666,3.8619,679.334,180,-14.95,54.0,1000
5459,720.0,40.686,40.686,3.8619,679.314,180,-14.95,54.0,1000
5460,720.0,40.706,40.706,3.8619,679.294,180,-14.96,54.0,1000
5460,720.0,40.726,40.726,3.8619,679.274,180,-14.96,54.0,1000
5462,720.0,40.746,40.746,3.8619,679.254,180,-14.96,54.0,1000
5462,720.0,40.766,40.766,3.8619,679.234,180,-14.96,54.0,1000
5463,720.0,40.786,40.786,3.8619,679.214,180,-14.97,54.0,1000
5465,720.0,40.806,40.806,3.8619,679.194,180,-14.97,54.0,1000
5465,720.0,40.826,40.826,3.8619,679.174,180,-14.97,54.0,1000
5467,720.0,40.846,40.846,3.8619,679.154,180,-14.97,54.0,1000
5468,720.0,40.866,40.866,3.8619,679.134,180,-14.97,54.0,1000
5468,720.0,40.886,40.886,3.8619,679.114,180,-14.98,54.0,1000
5470,720.0,40.906,40.906,3.8619,679.094,180,-14.98,54.0,1000
5471,720.0,40.926,40.926,3.8619,679.074,180,-14.98,54.0,1000
5471,720.0,40.946,40.946,3.8619,679.054,180,-14.98,54.0,1000
5473,720.0,40.966,40.966,3.8619,679.034,180,-14.98,54.0,1000
5474,720.0,40.986,40.986,3.8619,679.014,180,-14.98,54.0,1000
5475,720.0,41.006,41.006,3.8619,678.994,180,-14.98,54.0,1000
5476,720.0,41.026,41.026,3.8619,678.974,180,-14.99,54.0,1000
5476,720.0,41.046,41.046,3.8619,678.954,180,-14.99,54.0,1000
5478,720.0,41.066,41.066,3.8619,678.934,180,-14.99,54.0,1000
5478,720.0,41.086,41.086,3.8619,678.914,180,-14.99,54.0,1000
5479,720.0,41.106,41.106,3.8619,678.894,180,-14.99,54.0,1000
5481,720.0,41.126,41.126,3.8619,678.874,180,-14.99,54.0,1000
5481,720.0,41.146,41.146,3.8619,678.854,180,-14.99,54.0,1000
5483,720.0,41.166,41.166,3.8619,678.834,180,-14.99,54.0,1000
5484,720.0,41.186,41.186,3.8619,678.814,180,-14.99,54.0,1000
5484,720.0,41.206,41.206,3.8619,678.794,180,-15.0,54.0,1000
5486,720.0,41.226,41.226,3.8619,678.774,180,-15.0,54.0,1000
5487,720.0,41.246,41.246,3.8619,678.754,180,-15.0,54.0,1000
5488,720.0,41.266,41.266,3.8619,678.734,180,-15.0,54.0,1000
5489,720.0,41.286,41.286,3.8619,678.714,180,-15.0,54.0,1000
5490,720.0,41.306,41.306,3.8619,678.694,180,-15.0,54.0,1000
5491,720.0,41.326,41.326,3.8619,678.674,180,-15.0,54.0,1000
5492,720.0,41.346,41.346,3.8619,678.654,180,-15.0,54.0,1000
5492,720.0,41.366,41.366,3.8619,678.634,180,-15.0,54.0,1000
5494,720.0,41.386,41.386,3.8619,678.614,180,-15.0,54.0,1000
5494,720.0,41.406,41.406,3.8619,678.594,180,-15.0,54.0,1000
5496,720.0,41.426,41.426,3.8619,678.574,180,-15.0,54.0,1000
5497,720.0,41.446,41.446,3.8619,678.554,180,-15.0,54.0,1000
5497,720.0,41.466,41.466,3.8619,678.534,180,-15.0,54.0,1000
5499,720.0,41.486,41.486,3.8619,678.514,180,-15.0,54.0,1000
5500,720.0,41.506,41.506,3.8619,678.494,180,-15.0,54.0,1000
5500,720.0,41.526,41.526,3.8619,678.474,180,-15.0,54.0,1000
5502,720.0,41.546,41.546,3.8619,678.454,180,-15.0,54.0,1000
5503,720.0,41.566,41.566,3.8619,678.434,180,-15.0,54.0,1000
5504,720.0,41.586,41.586,3.8619,678.414,180,-15.0,54.0,1000
5505,720.0,41.606,41.606,3.8619,678.394,180,-15.0,54.0,1000
5506,720.0,41.626,41.626,3.8619,678.374,180,-15.0,54.0,1000
5507,720.0,41.646,41.646,3.8619,678.354,180,-15.0,54.0,1000
5508,720.0,41.666,41.666,3.8619,678.334,180,-15.0,54.0,1000
5508,720.0,41.686,41.686,3.8619,678.314,180,-15.0,54.0,1000
5510,720.0,41.706,41.706,3.8619,678.294,180,-15.0,54.0,1000
5510,720.0,41.726,41.726,3.8619,678.274,180,-14.99,54.0,1000
5512,720.0,41.746,41.746,3.8619,678.254,180,-14.99,54.0,1000
5513,720.0,41.766,41.766,3.8619,678.234,180,-14.99,54.0,1000
5513,720.0,41.786,41.786,3.8619,678.214,180,-14.99,54.0,1000
5515,720.0,41.806,41.806,3.8619,678.194,180,-14.99,54.0,1000
5516,720.0,41.826,41.826,3.8619,678.174,180,-14.99,54.0,1000
5516,720.0,41.846,41.846,3.8619,678.154,180,-14.99,54.0,1000
5518,720.0,41.866,41.866,3.8619,678.134,180,-14.99,54.0,1000
5519,720.0,41.886,41.886,3.8619,678.114,180,-14.99,54.0,1000
5520,720.0,41.906,41.906,3.8619,678.094,180,-14.99,54.0,1000
5521,720.0,41.926,41.926,3.8619,678.074,180,-14.98,54.0,1000
5522,720.0,41.946,41.946,3.8619,678.054,180,-14.98,54.0,1000
5523,720.0,41.966,41.966,3.8619,678.034,180,-14.98,54.0,1000
5524,720.0,41.986,41.986,3.8619,678.014,180,-14.98,54.0,1000
5524,720.0,42.006,42.006,3.8619,677.994,180,-14.98,54.0,1000
5526,720.0,42.026,42.026,3.8619,677.974,180,-14.98,54.0,1000
5526,720.0,42.046,42.046,3.8619,677.954,180,-14.97,54.0,1000
5528,720.0,42.066,42.066,3.8619,677.934,180,-14.97,54.0,1000
5529,720.0,42.086,42.086,3.8619,677.914,180,-14.97,54.0,1000
5529,720.0,42.106,42.106,3.8619,677.894,180,-14.97,54.0,1000
5531,720.0,42.126,42.126,3.8619,677.874,180,-14.97,54.0,1000
5532,720.0,42.146,42.146,3.8619,677.854,180,-14.96,54.0,1000
5532,720.0,42.166,42.166,3.8619,677.834,180,-14.96,54.0,1000
5534,720.0,42.186,42.186,3.8619,677.814,180,-14.96,54.0,1000
5535,720.0,42.206,42.206,3.8619,677.794,180,-14.96,54.0,1000
5536,720.0,42.226,42.226,3.8619,677.774,180,-14.96,54.0,1000
5537,720.0,42.246,42.246,3.8619,677.754,180,-14.95,54.0,1000
5538,720.0,42.266,42.266,3.8619,677.734,180,-14.95,54.0,1000
5539,720.0,42.286,42.286,3.8619,677.714,180,-14.95,54.0,1000
5540,720.0,42.306,42.306,3.8619,677.694,180,-14.95,54.0,1000
5540,720.0,42.326,42.326,3.8619,677.674,180,-14.94,54.0,1000
5542,720.0,42.346,42.346,3.8619,677.654,180,-14.94,54.0,1000
5542,720.0,42.366,42.366,3.8619,677.634,180,-14.94,54.0,1000
5544,720.0,42.386,42.386,3.8619,677.614,180,-14.94,54.0,1000
5545,720.0,42.406,42.406,3.8619,677.594,180,-14.93,54.0,1000
5545,720.0,42.426,42.426,3.8619,677.574,180,-14.93,54.0,1000
5547,720.0,42.446,42.446,3.8619,677.554,180,-14.93,54.0,1000
5548,720.0,42.466,42.466,3.8619,677.534,180,-14.92,54.0,1000
5548,720.0,42.486,42.486,3.8619,677.514,180,-14.92,54.0,1000
5550,720.0,42.506,42.506,3.8619,677.494,180,-14.92,54.0,1000
5551,720.0,42.526,42.526,3.8619,677.474,180,-14.92,54.0,1000
5552,720.0,42.546,42.546,3.8619,677.454,180,-14.91,54.0,1000
5553,720.0,42.566,42.566,3.8619,677.434,180,-14.91,54.0,1000
5554,720.0,42.586,42.586,3.8619,677.414,180,-14.91,54.0,1000
5555,720.0,42.606,42.606,3.8619,677.394,180,-14.9,54.0,1000
5556,720.0,42.626,42.626,3.8619,677.374,180,-14.9,54.0,1000
5556,720.0,42.646,42.646,3.8619,677.354,180,-14.89,54.0,1000
5558,720.0,42.666,42.666,3.8619,677.334,180,-14.89,54.0,1000
5558,720.0,42.686,42.686,3.8619,677.314,180,-14.89,54.0,1000
5560,720.0,42.706,42.706,3.8619,677.294,180,-14.88,54.0,1000
5561,720.0,42.726,42.726,3.8619,677.274,180,-14.88,54.0,1000
5561,720.0,42.746,42.746,3.8619,677.254,180,-14.88,54.0,1000
5563,720.0,42.766,42.766,3.8619,677.234,180,-14.87,54.0,1000
5564,720.0,42.786,42.786,3.8619,677.214,180,-14.87,54.0,1000
5564,720.0,42.806,42.806,3.8619,677.194,180,-14.86,54.0,1000
5566,720.0,42.826,42.826,3.8619,677.174,180,-14.86,54.0,1000
5567,720.0,42.846,42.846,3.8619,677.154,180,-14.86,54.0,1000
5568,720.0,42.866,42.866,3.8619,677.134,180,-14.85,54.0,1000
5569,720.0,42.886,42.886,3.8619,677.114,180,-14.85,54.0,1000
5569,720.0,42.906,42.906,3.8619,677.094,180,-14.84,54.0,1000
5571,720.0,42.926,42.926,3.8619,677.074,180,-14.84,54.0,1000
5571,720.0,42.946,42.946,3.8619,677.054,180,-14.84,54.0,1000
5572,720.0,42.966,42.966,3.8619,677.034,180,-14.83,54.0,1000
5574,720.0,42.986,42.986,3.8619,677.014,180,-14.83,54.0,1000
5574,720.0,43.006,43.006,3.8619,676.994,180,-14.82,54.0,1000
5576,720.0,43.026,43.026,3.8619,676.974,180,-14.82,54.0,1000
5577,720.0,43.046,43.046,3.8619,676.954,180,-14.81,54.0,1000
5577,720.0,43.066,43.066,3.8619,676.934,180,-14.81,54.0,1000
5579,720.0,43.086,43.086,3.8619,676.914,180,-14.8,54.0,1000
5580,720.0,43.106,43.106,3.8619,676.894,180,-14.8,54.0,1000
5580,720.0,43.126,43.126,3.8619,676.874,180,-14.79,54.0,1000
5582,720.0,43.146,43.146,3.8619,676.854,180,-14.79,54.0,1000
5583,720.0,43.166,43.166,3.8619,676.834,180,-14.78,54.0,1000
5584,720.0,43.186,43.186,3.8619,676.814,180,-14.78,54.0,1000
5585,720.0,43.206,43.206,3.8619,676.794,180,-14.77,54.0,1000
5585,720.0,43.226,43.226,3.8619,676.774,180,-14.77,54.0,1000
5587,720.0,43.246,43.246,3.8619,676.754,180,-14.76,54.0,1000
5587,720.0,43.266,43.266,3.8619,676.734,180,-14.76,54.0,1000
5588,720.0,43.286,43.286,3.8619,676.714,180,-14.75,54.0,1000
5590,720.0,43.306,43.306,3.8619,676.694,180,-14.75,54.0,1000
5590,720.0,43.326,43.326,3.8619,676.674,180,-14.74,54.0,1000
5592,720.0,43.346,43.346,3.8619,676.654,180,-14.73,54.0,1000
5593,720.0,43.366,43.366,3.8619,676.634,180,-14.73,54.0,1000
5593,720.0,43.386,43.386,3.8619,676.614,180,-14.72,54.0,1000
5595,720.0,43.406,43.406,3.8619,676.594,180,-14.72,54.0,1000
5596,720.0,43.426,43.426,3.8619,676.574,180,-14.71,54.0,1000
5596,720.0,43.446,43.446,3.8619,676.554,180,-14.71,54.0,1000
5598,720.0,43.466,43.466,3.8619,676.534,180,-14.7,54.0,1000
5599,720.0,43.486,43.486,3.8619,676.514,180,-14.69,54.0,1000
5600,720.0,43.506,43.506,3.8619,676.494,180,-14.69,54.0,1000
5601,720.0,43.526,43.526,3.8619,676.474,180,-14.68,54.0,1000
5601,720.0,43.546,43.546,3.8619,676.454,180,-14.68,54.0,1000
5603,720.0,43.566,43.566,3.8619,676.434,180,-14.67,54.0,1000
5603,720.0,43.586,43.586,3.8619,676.414,180,-14.66,54.0,1000
5604,720.0,43.606,43.606,3.8619,676.394,180,-14.66,54.0,1000
5606,720.0,43.626,43.626,3.8619,676.374,180,-14.65,54.0,1000
5606,720.0,43.646,43.646,3.8619,676.354,180,-14.64,54.0,1000
5608,720.0,43.666,43.666,3.8619,676.334,180,-14.64,54.0,1000
5609,720.0,43.686,43.686,3.8619,676.314,180,-14.63,54.0,1000
5609,720.0,43.706,43.706,3.8619,676.294,180,-14.62,54.0,1000
5611,720.0,43.726,43.726,3.8619,676.274,180,-14.62,54.0,1000
5612,720.0,43.746,43.746,3.8619,676.254,180,-14.61,54.0,1000
5613,720.0,43.766,43.766,3.8619,676.234,180,-14.6,54.0,1000
5614,720.0,43.786,43.786,3.8619,676.214,180,-14.6,54.0,1000
5615,720.0,43.806,43.806,3.8619,676.194,180,-14.59,54.0,1000
5616,720.0,43.826,43.826,3.8619,676.174,180,-14.58,54.0,1000
5617,720.0,43.846,43.846,3.8619,676.154,180,-14.58,54.0,1000
5617,720.0,43.866,43.866,3.8619,676.134,180,-14.57,54.0,1000
5619,720.0,43.886,43.886,3.8619,676.114,180,-14.56,54.0,1000
5619,720.0,43.906,43.906,3.8619,676.094,180,-14.55,54.0,1000
5621,720.0,43.926,43.926,3.8619,676.074,180,-14.55,54.0,1000
5622,720.0,43.946,43.946,3.8619,676.054,180,-14.54,54.0,1000
5622,720.0,43.966,43.966,3.8619,676.034,180,-14.53,54.0,1000
5624,720.0,43.986,43.986,3.8619,676.014,180,-14.52,54.0,1000
5625,720.0,44.006,44.006,3.8619,675.994,180,-14.52,54.0,1000
5625,720.0,44.026,44.026,3.8619,675.974,180,-14.51,54.0,1000
5627,720.0,44.046,44.046,3.8619,675.954,180,-14.5,54.0,1000
5628,720.0,44.066,44.066,3.8619,675.934,180,-14.49,54.0,1000
5629,720.0,44.086,44.086,3.8619,675.914,180,-14.49,54.0,1000
5630,720.0,44.106,44.106,3.8619,675.894,180,-14.48,54.0,1000
5631,720.0,44.126,44.126,3.8619,675.874,180,-14.47,54.0,1000
5632,720.0,44.146,44.146,3.8619,675.854,180,-14.46,54.0,1000
5633,720.0,44.166,44.166,3.8619,675.834,180,-14.45,54.0,1000
5633,720.0,44.186,44.186,3.8619,675.814,180,-14.45,54.0,1000
5635,720.0,44.206,44.206,3.8619,675.794,180,-14.44,54.0,1000
5635,720.0,44.226,44.226,3.8619,675.774,180,-14.43,54.0,1000
5637,720.0,44.246,44.246,3.8619,675.754,180,-14.42,54.0,1000
5638,720.0,44.266,44.266,3.8619,675.734,180,-14.41,54.0,1000
5638,720.0,44.286,44.286,3.8619,675.714,180,-14.41,54.0,1000
5640,720.0,44.306,44.306,3.8619,675.694,180,-14.4,54.0,1000
5641,720.0,44.326,44.326,3.8619,675.674,180,-14.39,54.0,1000
5641,720.0,44.346,44.346,3.8619,675.654,180,-14.38,54.0,1000
5643,720.0,44.366,44.366,3.8619,675.634,180,-14.37,54.0,1000
5644,720.0,44.386,44.386,3.8619,675.614,180,-14.36,54.0,1000
5645,720.0,44.406,44.406,3.8619,675.594,180,-14.35,54.0,1000
5646,720.0,44.426,44.426,3.8619,675.574,180,-14.35,54.0,1000
5647,720.0,44.446,44.446,3.8619,675.554,180,-14.34,54.0,1000
5648,720.0,44.466,44.466,3.8619,675.534,180,-14.33,54.0,1000
5649,720.0,44.486,44.486,3.8619,675.514,180,-14.32,54.0,1000
5649,720.0,44.506,44.506,3.8619,675.494,180,-14.31,54.0,1000
5651,720.0,44.526,44.526,3.8619,675.474,180,-14.3,54.0,1000
5651,720.0,44.546,44.546,3.8619,675.454,180,-14.29,54.0,1000
5653,720.0,44.566,44.566,3.8619,675.434,180,-14.28,54.0,1000
5654,720.0,44.586,44.586,3.8619,675.414,180,-14.27,54.0,1000
5654,720.0,44.606,44.606,3.8619,675.394,180,-14.26,54.0,1000
5656,720.0,44.626,44.626,3.8619,675.374,180,-14.26,54.0,1000
5657,720.0,44.646,44.646,3.8619,675.354,180,-14.25,54.0,1000
5657,720.0,44.666,44.666,3.8619,675.334,180,-14.24,54.0,1000
5659,720.0,44.686,44.686,3.8619,675.314,180,-14.23,54.0,1000
5660,720.0,44.706,44.706,3.8619,675.294,180,-14.22,54.0,1000
5661,720.0,44.726,44.726,3.8619,675.274,180,-14.21,54.0,1000
5662,720.0,44.746,44.746,3.8619,675.254,180,-14.2,54.0,1000
5663,720.0,44.766,44.766,3.8619,675.234,180,-14.19,54.0,1000
5664,720.0,44.786,44.786,3.8619,675.214,180,-14.18,54.0,1000
5665,720.0,44.806,44.806,3.8619,675.194,180,-14.17,54.0,1000
5665,720.0,44.826,44.826,3.8619,675.174,180,-14.16,54.0,1000
5667,720.0,44.846,44.846,3.8619,675.154,180,-14.15,54.0,1000
5667,720.0,44.866,44.866,3.8619,675.134,180,-14.14,54.0,1000
5669,720.0,44.886,44.886,3.8619,675.114,180,-14.13,54.0,1000
5670,720.0,44.906,44.906,3.8619,675.094,180,-14.12,54.0,1000
5670,720.0,44.926,44.926,3.8619,675.074,180,-14.11,54.0,1000
5672,720.0,44.946,44.946,3.8619,675.054,180,-14.1,54.0,1000
5673,720.0,44.966,44.966,3.8619,675.034,180,-14.09,54.0,1000
5673,720.0,44.986,44.986,3.8619,675.014,180,-14.08,54.0,1000
5675,720.0,45.006,45.006,3.8619,674.994,180,-14.07,54.0,1000
5676,720.0,45.026,45.026,3.8619,674.974,180,-14.06,54.0,1000
5677,720.0,45.046,45.046,3.8619,674.954,180,-14.05,54.0,1000
5678,720.0,45.066,45.066,3.8619,674.934,180,-14.04,54.0,1000
5679,720.0,45.086,45.086,3.8619,674.914,180,-14.03,54.0,1000
5680,720.0,45.106,45.106,3.8619,674.894,180,-14.01,54.0,1000
5681,720.0,45.126,45.126,3.8619,674.874,180,-14.0,54.0,1000
5681,720.0,45.146,45.146,3.8619,674.854,180,-13.99,54.0,1000
5683,720.0,45.166,45.166,3.8619,674.834,180,-13.98,54.0,1000
5683,720.0,45.186,45.186,3.8619,674.814,180,-13.97,54.0,1000
5685,720.0,45.206,45.206,3.8619,674.794,180,-13.96,54.0,1000
5686,720.0,45.226,45.226,3.8619,674.774,180,-13.95,54.0,1000
5686,720.0,45.246,45.246,3.8619,674.754,180,-13.94,54.0,1000
5688,720.0,45.266,45.266,3.8619,674.734,180,-13.93,54.0,1000
5689,720.0,45.286,45.286,3.8619,674.714,180,-13.92,54.0,1000
5689,720.0,45.306,45.306,3.8619,674.694,180,-13.91,54.0,1000
5691,720.0,45.326,45.326,3.8619,674.674,180,-13.89,54.0,1000
5692,720.0,45.346,45.346,3.8619,674.654,180,-13.88,54.0,1000
5693,720.0,45.366,45.366,3.8619,674.634,180,-13.87,54.0,1000
5694,720.0,45.386,45.386,3.8619,674.614,180,-13.86,54.0,1000
5695,720.0,45.406,45.406,3.8619,674.594,180,-13.85,54.0,1000
5696,720.0,45.426,45.426,3.8619,674.574,180,-13.84,54.0,1000
5696,720.0,45.446,45.446,3.8619,674.554,180,-13.83,54.0,1000
5697,720.0,45.466,45.466,3.8619,674.534,180,-13.81,54.0,1000
5699,720.0,45.486,45.486,3.8619,674.514,180,-13.8,54.0,1000
5699,720.0,45.506,45.506,3.8619,674.494,180,-13.79,54.0,1000
5701,720.0,45.526,45.526,3.8619,674.474,180,-13.78,54.0,1000
5702,720.0,45.546,45.546,3.8619,674.454,180,-13.77,54.0,1000
5702,720.0,45.566,45.566,3.8619,674.434,180,-13.75,54.0,1000
5704,720.0,45.586,45.586,3.8619,674.414,180,-13.74,54.0,1000
5705,720.0,45.606,45.606,3.8619,674.394,180,-13.73,54.0,1000
5705,720.0,45.626,45.626,3.8619,674.374,180,-13.72,54.0,1000
5707,720.0,45.646,45.646,3.8619,674.354,180,-13.71,54.0,1000
5708,720.0,45.666,45.666,3.8619,674.334,180,-13.69,54.0,1000
5709,720.0,45.686,45.686,3.8619,674.314,180,-13.68,54.0,1000
5710,720.0,45.706,45.706,3.8619,674.294,180,-13.67,54.0,1000
5710,720.0,45.726,45.726,3.8619,674.274,180,-13.66,54.0,1000
5712,720.0,45.746,45.746,3.8619,674.254,180,-13.64,54.0,1000
5712,720.0,45.766,45.766,3.8619,674.234,180,-13.63,54.0,1000
5713,720.0,45.786,45.786,3.8619,674.214,180,-13.62,54.0,1000
5715,720.0,45.806,45.806,3.8619,674.194,180,-13.61,54.0,1000
5715,720.0,45.826,45.826,3.8619,674.174,180,-13.59,54.0,1000
5717,720.0,45.846,45.846,3.8619,674.154,180,-13.58,54.0,1000
5718,720.0,45.866,45.866,3.8619,674.134,180,-13.57,54.0,1000
5718,720.0,45.886,45.886,3.8619,674.114,180,-13.56,54.0,1000
5720,720.0,45.906,45.906,3.8619,674.094,180,-13.54,54.0,1000
5721,720.0,45.926,45.926,3.8619,674.074,180,-13.53,54.0,1000
5721,720.0,45.946,45.946,3.8619,674.054,180,-13.52,54.0,1000
5723,720.0,45.966,45.966,3.8619,674.034,180,-13.5,54.0,1000
5724,720.0,45.986,45.986,3.8619,674.014,180,-13.49,54.0,1000
5725,720.0,46.006,46.006,3.8619,673.994,180,-13.48,54.0,1000
5726,720.0,46.026,46.026,3.8619,673.974,180,-13.46,54.0,1000
5726,720.0,46.046,46.046,3.8619,673.954,180,-13.45,54.0,1000
5728,720.0,46.066,46.066,3.8619,673.934,180,-13.44,54.0,1000
5728,720.0,46.086,46.086,3.8619,673.914,180,-13.42,54.0,1000
5729,720.0,46.106,46.106,3.8619,673.894,180,-13.41,54.0,1000
5731,720.0,46.126,46.126,3.8619,673.874,180,-13.4,54.0,1000
5731,720.0,46.146,46.146,3.8619,673.854,180,-13.38,54.0,1000
5733,720.0,46.166,46.166,3.8619,673.834,180,-13.37,54.0,1000
5734,720.0,46.186,46.186,3.8619,673.814,180,-13.36,54.0,1000
5734,720.0,46.206,46.206,3.8619,673.794,180,-13.34,54.0,1000
5736,720.0,46.226,46.226,3.8619,673.774,180,-13.33,54.0,1000
5737,720.0,46.246,46.246,3.8619,673.754,180,-13.32,54.0,1000
5738,720.0,46.266,46.266,3.8619,673.734,180,-13.3,54.0,1000
5739,720.0,46.286,46.286,3.8619,673.714,180,-13.29,54.0,1000
5740,720.0,46.306,46.306,3.8619,673.694,180,-13.27,54.0,1000
5741,720.0,46.326,46.326,3.8619,673.674,180,-13.26,54.0,1000
5742,720.0,46.346,46.346,3.8619,673.654,180,-13.25,54.0,1000
5742,720.0,46.366,46.366,3.8619,673.634,180,-13.23,54.0,1000
5744,720.0,46.386,46.386,3.8619,673.614,180,-13.22,54.0,1000
5744,720.0,46.406,46.406,3.8619,673.594,180,-13.2,54.0,1000
5746,720.0,46.426,46.426,3.8619,673.574,180,-13.19,54.0,1000
5747,720.0,46.446,46.446,3.8619,673.554,180,-13.18,54.0,1000
5747,720.0,46.466,46.466,3.8619,673.534,180,-13.16,54.0,1000
5749,720.0,46.486,46.486,3.8619,673.514,180,-13.15,54.0,1000
5750,720.0,46.506,46.506,3.8619,673.494,180,-13.13,54.0,1000
5750,720.0,46.526,46.526,3.8619,673.474,180,-13.12,54.0,1000
5752,720.0,46.546,46.546,3.8619,673.454,180,-13.1,54.0,1000
5753,720.0,46.566,46.566,3.8619,673.434,180,-13.09,54.0,1000
5754,720.0,46.586,46.586,3.8619,673.414,180,-13.07,54.0,1000
5755,720.0,46.606,46.606,3.8619,673.394,180,-13.06,54.0,1000
5756,720.0,46.626,46.626,3.8619,673.374,180,-13.04,54.0,1000
5757,720.0,46.646,46.646,3.8619,673.354,180,-13.03,54.0,1000
5758,720.0,46.666,46.666,3.8619,673.334,180,-13.01,54.0,1000
5758,720.0,46.686,46.686,3.8619,673.314,180,-13.0,54.0,1000
5760,720.0,46.706,46.706,3.8619,673.294,180,-12.98,54.0,1000
5760,720.0,46.726,46.726,3.8619,673.274,180,-12.97,54.0,1000
5762,720.0,46.746,46.746,3.8619,673.254,180,-12.95,54.0,1000
5763,720.0,46.766,46.766,3.8619,673.234,180,-12.94,54.0,1000
5763,720.0,46.786,46.786,3.8619,673.214,180,-12.92,54.0,1000
5765,720.0,46.806,46.806,3.8619,673.194,180,-12.91,54.0,1000
5766,720.0,46.826,46.826,3.8619,673.174,180,-12.89,54.0,1000
5766,720.0,46.846,46.846,3.8619,673.154,180,-12.88,54.0,1000
5768,720.0,46.866,46.866,3.8619,673.134,180,-12.86,54.0,1000
5769,720.0,46.886,46.886,3.8619,673.114,180,-12.85,54.0,1000
5770,720.0,46.906,46.906,3.8619,673.094,180,-12.83,54.0,1000
5771,720.0,46.926,46.926,3.8619,673.074,180,-12.82,54.0,1000
5772,720.0,46.946,46.946,3.8619,673.054,180,-12.8,54.0,1000
5773,720.0,46.966,46.966,3.8619,673.034,180,-12.78,54.0,1000
5774,720.0,46.986,46.986,3.8619,673.014,180,-12.77,54.0,1000
5774,720.0,47.006,47.006,3.8619,672.994,180,-12.75,54.0,1000
5776,720.0,47.026,47.026,3.8619,672.974,180,-12.74,54.0,1000
5776,720.0,47.046,47.046,3.8619,672.954,180,-12.72,54.0,1000
5778,720.0,47.066,47.066,3.8619,672.934,180,-12.71,54.0,1000
5779,720.0,47.086,47.086,3.8619,672.914,180,-12.69,54.0,1000
5779,720.0,47.106,47.106,3.8619,672.894,180,-12.67,54.0,1000
5781,720.0,47.126,47.126,3.8619,672.874,180,-12.66,54.0,1000
5782,720.0,47.146,47.146,3.8619,672.854,180,-12.64,54.0,1000
5782,720.0,47.166,47.166,3.8619,672.834,180,-12.63,54.0,1000
5784,720.0,47.186,47.186,3.8619,672.814,180,-12.61,54.0,1000
5785,720.0,47.206,47.206,3.8619,672.794,180,-12.59,54.0,1000
5786,720.0,47.226,47.226,3.8619,672.774,180,-12.58,54.0,1000
5787,720.0,47.246,47.246,3.8619,672.754,180,-12.56,54.0,1000
5788,720.0,47.266,47.266,3.8619,672.734,180,-12.54,54.0,1000
5789,720.0,47.286,47.286,3.8619,672.714,180,-12.53,54.0,1000
5790,720.0,47.306,47.306,3.8619,672.694,180,-12.51,54.0,1000
5790,720.0,47.326,47.326,3.8619,672.674,180,-12.49,54.0,1000
5792,720.0,47.346,47.346,3.8619,672.654,180,-12.48,54.0,1000
5792,720.0,47.366,47.366,3.8619,672.634,180,-12.46,54.0,1000
5794,720.0,47.386,47.386,3.8619,672.614,180,-12.44,54.0,1000
5795,720.0,47.406,47.406,3.8619,672.594,180,-12.43,54.0,1000
5795,720.0,47.426,47.426,3.8619,672.574,180,-12.41,54.0,1000
5797,720.0,47.446,47.446,3.8619,672.554,180,-12.39,54.0,1000
5798,720.0,47.466,47.466,3.8619,672.534,180,-12.38,54.0,1000
5798,720.0,47.486,47.486,3.8619,672.514,180,-12.36,54.0,1000
5800,720.0,47.506,47.506,3.8619,672.494,180,-12.34,54.0,1000
5801,720.0,47.526,47.526,3.8619,672.474,180,-12.33,54.0,1000
5802,720.0,47.546,47.546,3.8619,672.454,180,-12.31,54.0,1000
5803,720.0,47.566,47.566,3.8619,672.434,180,-12.29,54.0,1000
5804,720.0,47.586,47.586,3.8619,672.414,180,-12.27,54.0,1000
5805,720.0,47.606,47.606,3.8619,672.394,180,-12.26,54.0,1000
5806,720.0,47.626,47.626,3.8619,672.374,180,-12.24,54.0,1000
5806,720.0,47.646,47.646,3.8619,672.354,180,-12.22,54.0,1000
5808,720.0,47.666,47.666,3.8619,672.334,180,-12.2,54.0,1000
5808,720.0,47.686,47.686,3.8619,672.314,180,-12.19,54.0,1000
5810,720.0,47.706,47.706,3.8619,672.294,180,-12.17,54.0,1000
5811,720.0,47.726,47.726,3.8619,672.274,180,-12.15,54.0,1000
5811,720.0,47.746,47.746,3.8619,672.254,180,-12.13,54.0,1000
5813,720.0,47.766,47.766,3.8619,672.234,180,-12.12,54.0,1000
5814,720.0,47.786,47.786,3.8619,672.214,180,-12.1,54.0,1000
5814,720.0,47.806,47.806,3.8619,672.194,180,-12.08,54.0,1000
5816,720.0,47.826,47.826,3.8619,672.174,180,-12.06,54.0,1000
5817,720.0,47.846,47.846,3.8619,672.154,180,-12.05,54.0,1000
5818,720.0,47.866,47.866,3.8619,672.134,180,-12.03,54.0,1000
5819,720.0,47.886,47.886,3.8619,672.114,180,-12.01,54.0,1000
5820,720.0,47.906,47.906,3.8619,672.094,180,-11.99,54.0,1000
5821,720.0,47.926,47.926,3.8619,672.074,180,-11.97,54.0,1000
5822,720.0,47.946,47.946,3.8619,672.054,180,-11.96,54.0,1000
5822,720.0,47.966,47.966,3.8619,672.034,180,-11.94,54.0,1000
5824,720.0,47.986,47.986,3.8619,672.014,180,-11.92,54.0,1000
5824,720.0,48.006,48.006,3.8619,671.994,180,-11.9,54.0,1000
5826,720.0,48.026,48.026,3.8619,671.974,180,-11.88,54.0,1000
5827,720.0,48.046,48.046,3.8619,671.954,180,-11.86,54.0,1000
5827,720.0,48.066,48.066,3.8619,671.934,180,-11.85,54.0,1000
5829,720.0,48.086,48.086,3.8619,671.914,180,-11.83,54.0,1000
5830,720.0,48.106,48.106,3.8619,671.894,180,-11.81,54.0,1000
5830,720.0,48.126,48.126,3.8619,671.874,180,-11.79,54.0,1000
5832,720.0,48.146,48.146,3.8619,671.854,180,-11.77,54.0,1000
5833,720.0,48.166,48.166,3.8619,671.834,180,-11.75,54.0,1000
5834,720.0,48.186,48.186,3.8619,671.814,180,-11.73,54.0,1000
5835,720.0,48.206,48.206,3.8619,671.794,180,-11.72,54.0,1000
5835,720.0,48.226,48.226,3.8619,671.774,180,-11.7,54.0,1000
5837,720.0,48.246,48.246,3.8619,671.754,180,-11.68,54.0,1000
5837,720.0,48.266,48.266,3.8619,671.734,180,-11.66,54.0,1000
5838,720.0,48.286,48.286,3.8619,671.714,180,-11.64,54.0,1000
5840,720.0,48.306,48.306,3.8619,671.694,180,-11.62,54.0,1000
5840,720.0,48.326,48.326,3.8619,671.674,180,-11.6,54.0,1000
5842,720.0,48.346,48.346,3.8619,671.654,180,-11.58,54.0,1000
5843,720.0,48.366,48.366,3.8619,671.634,180,-11.56,54.0,1000
5843,720.0,48.386,48.386,3.8619,671.614,180,-11.55,54.0,1000
5845,720.0,48.406,48.406,3.8619,671.594,180,-11.53,54.0,1000
5846,720.0,48.426,48.426,3.8619,671.574,180,-11.51,54.0,1000
5846,720.0,48.446,48.446,3.8619,671.554,180,-11.49,54.0,1000
5848,720.0,48.466,48.466,3.8619,671.534,180,-11.47,54.0,1000
5849,720.0,48.486,48.486,3.8619,671.514,180,-11.45,54.0,1000
5850,720.0,48.506,48.506,3.8619,671.494,180,-11.43,54.0,1000
5851,720.0,48.526,48.526,3.8619,671.474,180,-11.41,54.0,1000
5851,720.0,48.546,48.546,3.8619,671.454,180,-11.39,54.0,1000
5853,720.0,48.566,48.566,3.8619,671.434,180,-11.37,54.0,1000
5853,720.0,48.586,48.586,3.8619,671.414,180,-11.35,54.0,1000
5854,720.0,48.606,48.606,3.8619,671.394,180,-11.33,54.0,1000
5856,720.0,48.626,48.626,3.8619,671.374,180,-11.31,54.0,1000
5856,720.0,48.646,48.646,3.8619,671.354,180,-11.29,54.0,1000
5858,720.0,48.666,48.666,3.8619,671.334,180,-11.27,54.0,1000
5859,720.0,48.686,48.686,3.8619,671.314,180,-11.25,54.0,1000
5859,720.0,48.706,48.706,3.8619,671.294,180,-11.23,54.0,1000
5861,720.0,48.726,48.726,3.8619,671.274,180,-11.21,54.0,1000
5862,720.0,48.746,48.746,3.8619,671.254,180,-11.19,54.0,1000
5863,720.0,48.766,48.766,3.8619,671.234,180,-11.17,54.0,1000
5864,720.0,48.786,48.786,3.8619,671.214,180,-11.15,54.0,1000
5865,720.0,48.806,48.806,3.8619,671.194,180,-11.13,54.0,1000
5866,720.0,48.826,48.826,3.8619,671.174,180,-11.11,54.0,1000
5867,720.0,48.846,48.846,3.8619,671.154,180,-11.09,54.0,1000
5867,720.0,48.866,48.866,3.8619,671.134,180,-11.07,54.0,1000
5869,720.0,48.886,48.886,3.8619,671.114,180,-11.05,54.0,1000
5869,720.0,48.906,48.906,3.8619,671.094,180,-11.03,54.0,1000
5871,720.0,48.926,48.926,3.8619,671.074,180,-11.01,54.0,1000
5872,720.0,48.946,48.946,3.8619,671.054,180,-10.99,54.0,1000
5872,720.0,48.966,48.966,3.8619,671.034,180,-10.97,54.0,1000
5874,720.0,48.986,48.986,3.8619,671.014,180,-10.95,54.0,1000
5875,720.0,49.006,49.006,3.8619,670.994,180,-10.93,54.0,1000
5875,720.0,49.026,49.026,3.8619,670.974,180,-10.91,54.0,1000
5877,720.0,49.046,49.046,3.8619,670.954,180,-10.89,54.0,1000
5878,720.0,49.066,49.066,3.8619,670.934,180,-10.87,54.0,1000
5879,720.0,49.086,49.086,3.8619,670.914,180,-10.85,54.0,1000
5880,720.0,49.106,49.106,3.8619,670.894,180,-10.83,54.0,1000
5881,720.0,49.126,49.126,3.8619,670.874,180,-10.81,54.0,1000
5882,720.0,49.146,49.146,3.8619,670.854,180,-10.79,54.0,1000
5883,720.0,49.166,49.166,3.8619,670.834,180,-10.76,54.0,1000
5883,720.0,49.186,49.186,3.8619,670.814,180,-10.74,54.0,1000
5885,720.0,49.206,49.206,3.8619,670.794,180,-10.72,54.0,1000
5885,720.0,49.226,49.226,3.8619,670.774,180,-10.7,54.0,1000
5887,720.0,49.246,49.246,3.8619,670.754,180,-10.68,54.0,1000
5888,720.0,49.266,49.266,3.8619,670.734,180,-10.66,54.0,1000
5888,720.0,49.286,49.286,3.8619,670.714,180,-10.64,54.0,1000
5890,720.0,49.306,49.306,3.8619,670.694,180,-10.62,54.0,1000
5891,720.0,49.326,49.326,3.8619,670.674,180,-10.6,54.0,1000
5891,720.0,49.346,49.346,3.8619,670.654,180,-10.57,54.0,1000
5893,720.0,49.366,49.366,3.8619,670.634,180,-10.55,54.0,1000
5894,720.0,49.386,49.386,3.8619,670.614,180,-10.53,54.0,1000
5895,720.0,49.406,49.406,3.8619,670.594,180,-10.51,54.0,1000
5896,720.0,49.426,49.426,3.8619,670.574,180,-10.49,54.0,1000
5897,720.0,49.446,49.446,3.8619,670.554,180,-10.47,54.0,1000
5898,720.0,49.466,49.466,3.8619,670.534,180,-10.45,54.0,1000
5899,720.0,49.486,49.486,3.8619,670.514,180,-10.42,54.0,1000
5899,720.0,49.506,49.506,3.8619,670.494,180,-10.4,54.0,1000
5901,720.0,49.526,49.526,3.8619,670.474,180,-10.38,54.0,1000
5901,720.0,49.546,49.546,3.8619,670.454,180,-10.36,54.0,1000
5903,720.0,49.566,49.566,3.8619,670.434,180,-10.34,54.0,1000
5904,720.0,49.586,49.586,3.8619,670.414,180,-10.32,54.0,1000
5904,720.0,49.606,49.606,3.8619,670.394,180,-10.29,54.0,1000
5906,720.0,49.626,49.626,3.8619,670.374,180,-10.27,54.0,1000
5907,720.0,49.646,49.646,3.8619,670.354,180,-10.25,54.0,1000
5907,720.0,49.666,49.666,3.8619,670.334,180,-10.23,54.0,1000
5909,720.0,49.686,49.686,3.8619,670.314,180,-10.21,54.0,1000
5910,720.0,49.706,49.706,3.8619,670.294,180,-10.18,54.0,1000
5911,720.0,49.726,49.726,3.8619,670.274,180,-10.16,54.0,1000
5912,720.0,49.746,49.746,3.8619,670.254,180,-10.14,54.0,1000
5913,720.0,49.766,49.766,3.8619,670.234,180,-10.12,54.0,1000
5914,720.0,49.786,49.786,3.8619,670.214,180,-10.1,54.0,1000
5915,720.0,49.806,49.806,3.8619,670.194,180,-10.07,54.0,1000
5915,720.0,49.826,49.826,3.8619,670.174,180,-10.05,54.0,1000
5917,720.0,49.846,49.846,3.8619,670.154,180,-10.03,54.0,1000
5917,720.0,49.866,49.866,3.8619,670.134,180,-10.01,54.0,1000
5919,720.0,49.886,49.886,3.8619,670.114,180,-9.98,54.0,1000
5920,720.0,49.906,49.906,3.8619,670.094,180,-9.96,54.0,1000
5920,720.0,49.926,49.926,3.8619,670.074,180,-9.94,54.0,1000
5922,720.0,49.946,49.946,3.8619,670.054,180,-9.92,54.0,1000
5923,720.0,49.966,49.966,3.8619,670.034,180,-9.89,54.0,1000
5923,720.0,49.986,49.986,3.8619,670.014,180,-9.87,54.0,1000
5925,720.0,50.006,50.006,3.8619,669.994,180,-9.85,54.0,1000
5926,720.0,50.026,50.026,3.8619,669.974,180,-9.83,54.0,1000
5927,720.0,50.046,50.046,3.8619,669.954,180,-9.8,54.0,1000
5928,720.0,50.066,50.066,3.8619,669.934,180,-9.78,54.0,1000
5929,720.0,50.086,50.086,3.8619,669.914,180,-9.76,54.0,1000
5930,720.0,50.106,50.106,3.8619,669.894,180,-9.74,54.0,1000
5931,720.0,50.126,50.126,3.8619,669.874,180,-9.71,54.0,1000
5931,720.0,50.146,50.146,3.8619,669.854,180,-9.69,54.0,1000
5933,720.0,50.166,50.166,3.8619,669.834,180,-9.67,54.0,1000
5933,720.0,50.186,50.186,3.8619,669.814,180,-9.64,54.0,1000
5935,720.0,50.206,50.206,3.8619,669.794,180,-9.62,54.0,1000
5936,720.0,50.226,50.226,3.8619,669.774,180,-9.6,54.0,1000
5936,720.0,50.246,50.246,3.8619,669.754,180,-9.58,54.0,1000
5938,720.0,50.266,50.266,3.8619,669.734,180,-9.55,54.0,1000
5939,720.0,50.286,50.286,3.8619,669.714,180,-9.53,54.0,1000
5939,720.0,50.306,50.306,3.8619,669.694,180,-9.51,54.0,1000
5941,720.0,50.326,50.326,3.8619,669.674,180,-9.48,54.0,1000
5942,720.0,50.346,50.346,3.8619,669.654,180,-9.46,54.0,1000
5943,720.0,50.366,50.366,3.8619,669.634,180,-9.44,54.0,1000
5944,720.0,50.386,50.386,3.8619,669.614,180,-9.41,54.0,1000
5945,720.0,50.406,50.406,3.8619,669.594,180,-9.39,54.0,1000
5946,720.0,50.426,50.426,3.8619,669.574,180,-9.37,54.0,1000
5947,720.0,50.446,50.446,3.8619,669.554,180,-9.34,54.0,1000
5947,720.0,50.466,50.466,3.8619,669.534,180,-9.32,54.0,1000
5949,720.0,50.486,50.486,3.8619,669.514,180,-9.3,54.0,1000
5949,720.0,50.506,50.506,3.8619,669.494,180,-9.27,54.0,1000
5951,720.0,50.526,50.526,3.8619,669.474,180,-9.25,54.0,1000
5952,720.0,50.546,50.546,3.8619,669.454,180,-9.22,54.0,1000
5952,720.0,50.566,50.566,3.8619,669.434,180,-9.2,54.0,1000
5954,720.0,50.586,50.586,3.8619,669.414,180,-9.18,54.0,1000
5955,720.0,50.606,50.606,3.8619,669.394,180,-9.15,54.0,1000
5955,720.0,50.626,50.626,3.8619,669.374,180,-9.13,54.0,1000
5957,720.0,50.646,50.646,3.8619,669.354,180,-9.11,54.0,1000
5958,720.0,50.666,50.666,3.8619,669.334,180,-9.08,54.0,1000
5959,720.0,50.686,50.686,3.8619,669.314,180,-9.06,54.0,1000
5960,720.0,50.706,50.706,3.8619,669.294,180,-9.03,54.0,1000
5960,720.0,50.726,50.726,3.8619,669.274,180,-9.01,54.0,1000
5962,720.0,50.746,50.746,3.8619,669.254,180,-8.99,54.0,1000
5962,720.0,50.766,50.766,3.8619,669.234,180,-8.96,54.0,1000
5963,720.0,50.786,50.786,3.8619,669.214,180,-8.94,54.0,1000
5965,720.0,50.806,50.806,3.8619,669.194,180,-8.91,54.0,1000
5965,720.0,50.826,50.826,3.8619,669.174,180,-8.89,54.0,1000
5967,720.0,50.846,50.846,3.8619,669.154,180,-8.87,54.0,1000
5968,720.0,50.866,50.866,3.8619,669.134,180,-8.84,54.0,1000
5968,720.0,50.886,50.886,3.8619,669.114,180,-8.82,54.0,1000
5970,720.0,50.906,50.906,3.8619,669.094,180,-8.79,54.0,1000
5971,720.0,50.926,50.926,3.8619,669.074,180,-8.77,54.0,1000
5971,720.0,50.946,50.946,3.8619,669.054,180,-8.74,54.0,1000
5973,720.0,50.966,50.966,3.8619,669.034,180,-8.72,54.0,1000
5974,720.0,50.986,50.986,3.8619,669.014,180,-8.7,54.0,1000
5975,720.0,51.006,51.006,3.8619,668.994,180,-8.67,54.0,1000
5976,720.0,51.026,51.026,3.8619,668.974,180,-8.65,54.0,1000
5976,720.0,51.046,51.046,3.8619,668.954,180,-8.62,54.0,1000
5978,720.0,51.066,51.066,3.8619,668.934,180,-8.6,54.0,1000
5978,720.0,51.086,51.086,3.8619,668.914,180,-8.57,54.0,1000
5979,720.0,51.106,51.106,3.8619,668.894,180,-8.55,54.0,1000
5981,720.0,51.126,51.126,3.8619,668.874,180,-8.52,54.0,1000
5981,720.0,51.146,51.146,3.8619,668.854,180,-8.5,54.0,1000
5983,720.0,51.166,51.166,3.8619,668.834,180,-8.47,54.0,1000
5984,720.0,51.186,51.186,3.8619,668.814,180,-8.45,54.0,1000
5984,720.0,51.206,51.206,3.8619,668.794,180,-8.42,54.0,1000
5986,720.0,51.226,51.226,3.8619,668.774,180,-8.4,54.0,1000
5987,720.0,51.246,51.246,3.8619,668.754,180,-8.37,54.0,1000
5988,720.0,51.266,51.266,3.8619,668.734,180,-8.35,54.0,1000
5989,720.0,51.286,51.286,3.8619,668.714,180,-8.33,54.0,1000
5990,720.0,51.306,51.306,3.8619,668.694,180,-8.3,54.0,1000
5991,720.0,51.326,51.326,3.8619,668.674,180,-8.28,54.0,1000
5992,720.0,51.346,51.346,3.8619,668.654,180,-8.25,54.0,1000
5992,720.0,51.366,51.366,3.8619,668.634,180,-8.23,54.0,1000
5994,720.0,51.386,51.386,3.8619,668.614,180,-8.2,54.0,1000
5994,720.0,51.406,51.406,3.8619,668.594,180,-8.17,54.0,1000
5996,720.0,51.426,51.426,3.8619,668.574,180,-8.15,54.0,1000
5997,720.0,51.446,51.446,3.8619,668.554,180,-8.12,54.0,1000
5997,720.0,51.466,51.466,3.8619,668.534,180,-8.1,54.0,1000
5999,720.0,51.486,51.486,3.8619,668.514,180,-8.07,54.0,1000
6000,720.0,51.506,51.506,3.8619,668.494,180,-8.05,54.0,1000
6000,720.0,51.526,51.526,3.8619,668.474,180,-8.02,54.0,1000
6002,720.0,51.546,51.546,3.8619,668.454,180,-8.0,54.0,1000
6003,720.0,51.566,51.566,3.8619,668.434,180,-7.97,54.0,1000
6004,720.0,51.586,51.586,3.8619,668.414,180,-7.95,54.0,1000
6005,720.0,51.606,51.606,3.8619,668.394,180,-7.92,54.0,1000
6006,720.0,51.626,51.626,3.8619,668.374,180,-7.9,54.0,1000
6007,720.0,51.646,51.646,3.8619,668.354,180,-7.87,54.0,1000
6008,720.0,51.666,51.666,3.8619,668.334,180,-7.85,54.0,1000
6008,720.0,51.686,51.686,3.8619,668.314,180,-7.82,54.0,1000
6010,720.0,51.706,51.706,3.8619,668.294,180,-7.79,54.0,1000
6010,720.0,51.726,51.726,3.8619,668.274,180,-7.77,54.0,1000
6012,720.0,51.746,51.746,3.8619,668.254,180,-7.74,54.0,1000
6013,720.0,51.766,51.766,3.8619,668.234,180,-7.72,54.0,1000
6013,720.0,51.786,51.786,3.8619,668.214,180,-7.69,54.0,1000
6015,720.0,51.806,51.806,3.8619,668.194,180,-7.67,54.0,1000
6016,720.0,51.826,51.826,3.8619,668.174,180,-7.64,54.0,1000
6016,720.0,51.846,51.846,3.8619,668.154,180,-7.61,54.0,1000
6018,720.0,51.866,51.866,3.8619,668.134,180,-7.59,54.0,1000
6019,720.0,51.886,51.886,3.8619,668.114,180,-7.56,54.0,1000
6020,720.0,51.906,51.906,3.8619,668.094,180,-7.54,54.0,1000
6021,720.0,51.926,51.926,3.8619,668.074,180,-7.51,54.0,1000
6022,720.0,51.946,51.946,3.8619,668.054,180,-7.48,54.0,1000
6023,720.0,51.966,51.966,3.8619,668.034,180,-7.46,54.0,1000
6024,720.0,51.986,51.986,3.8619,668.014,180,-7.43,54.0,1000
6024,720.0,52.006,52.006,3.8619,667.994,180,-7.41,54.0,1000
6026,720.0,52.026,52.026,3.8619,667.974,180,-7.38,54.0,1000
6026,720.0,52.046,52.046,3.8619,667.954,180,-7.35,54.0,1000
6028,720.0,52.066,52.066,3.8619,667.934,180,-7.33,54.0,1000
6029,720.0,52.086,52.086,3.8619,667.914,180,-7.3,54.0,1000
6029,720.0,52.106,52.106,3.8619,667.894,180,-7.28,54.0,1000
6031,720.0,52.126,52.126,3.8619,667.874,180,-7.25,54.0,1000
