timestamp_ms,target_pos,sensor_pos,real_arm_pos,belt_stretch,error,velocity_cmd,torque_load,torque_total_req,hz
0,0.0,0.0,0.0,0.0,0.0,75,0.0,0.0,1000
1,0.003,-0.04,-0.04,0.0398,0.043,75,0.03,0.56,1000
2,0.012,-0.046,-0.046,0.047,0.058,75,0.06,0.66,1000
3,0.027,-0.052,-0.052,0.0542,0.079,75,0.09,0.76,1000
4,0.048,-0.058,-0.058,0.0613,0.106,75,0.12,0.86,1000
5,0.075,-0.064,-0.064,0.0685,0.139,75,0.15,0.96,1000
6,0.108,-0.069,-0.069,0.0756,0.177,75,0.18,1.06,1000
7,0.147,-0.074,-0.074,0.0828,0.221,75,0.21,1.16,1000
8,0.192,-0.079,-0.079,0.09,0.271,75,0.24,1.26,1000
9,0.243,-0.084,-0.084,0.0971,0.327,75,0.27,1.36,1000
10,0.3,-0.088,-0.088,0.1043,0.388,75,0.3,1.46,1000
11,0.363,-0.092,-0.092,0.1114,0.455,75,0.33,1.56,1000
12,0.432,-0.095,-0.095,0.1186,0.527,75,0.36,1.66,1000
13,0.506,-0.098,-0.098,0.1258,0.605,75,0.39,1.76,1000
14,0.581,-0.101,-0.101,0.1329,0.683,75,0.42,1.86,1000
15,0.656,-0.104,-0.104,0.1401,0.76,75,0.45,1.96,1000
16,0.731,-0.106,-0.106,0.1472,0.838,75,0.48,2.06,1000
17,0.806,-0.109,-0.109,0.1544,0.915,75,0.51,2.16,1000
18,0.881,-0.11,-0.11,0.1616,0.992,75,0.54,2.26,1000
19,0.956,-0.112,-0.112,0.1687,1.068,75,0.57,2.36,1000
20,1.031,-0.113,-0.113,0.1759,1.144,75,0.6,2.46,1000
21,1.106,-0.114,-0.114,0.1831,1.22,75,0.63,2.56,1000
22,1.181,-0.114,-0.114,0.1902,1.296,75,0.66,2.66,1000
23,1.256,-0.115,-0.115,0.1974,1.371,75,0.69,2.76,1000
24,1.331,-0.115,-0.115,0.2045,1.446,75,0.72,2.86,1000
25,1.406,-0.114,-0.114,0.2117,1.52,75,0.75,2.96,1000
26,1.481,-0.114,-0.114,0.2188,1.595,75,0.78,3.06,1000
27,1.556,-0.113,-0.113,0.226,1.669,75,0.81,3.16,1000
28,1.631,-0.111,-0.111,0.2332,1.743,75,0.84,3.26,1000
29,1.706,-0.11,-0.11,0.2403,1.816,75,0.87,3.36,1000
30,1.781,-0.108,-0.108,0.2475,1.889,75,0.9,3.46,1000
31,1.856,-0.106,-0.106,0.2546,1.962,75,0.93,3.56,1000
32,1.931,-0.103,-0.103,0.2618,2.035,75,0.96,3.66,1000
33,2.006,-0.101,-0.101,0.269,2.107,75,0.99,3.76,1000
34,2.081,-0.098,-0.098,0.2761,2.179,75,1.02,3.86,1000
35,2.156,-0.094,-0.094,0.2833,2.251,75,1.05,3.96,1000
36,2.231,-0.091,-0.091,0.2904,2.322,75,1.08,4.06,1000
37,2.306,-0.087,-0.087,0.2976,2.393,75,1.11,4.15,1000
38,2.381,-0.082,-0.082,0.3047,2.464,75,1.14,4.25,1000
39,2.456,-0.078,-0.078,0.3119,2.534,75,1.17,4.35,1000
40,2.531,-0.073,-0.073,0.319,2.604,75,1.2,4.45,1000
41,2.606,-0.068,-0.068,0.3262,2.674,75,1.23,4.55,1000
42,2.681,-0.062,-0.062,0.3333,2.744,75,1.26,4.65,1000
43,2.756,-0.057,-0.057,0.3405,2.813,75,1.29,4.75,1000
44,2.831,-0.051,-0.051,0.3477,2.882,75,1.32,4.85,1000
45,2.906,-0.044,-0.044,0.3548,2.951,75,1.35,4.95,1000
46,2.981,-0.038,-0.038,0.362,3.019,75,1.38,5.05,1000
47,3.056,-0.031,-0.031,0.3691,3.087,75,1.41,5.15,1000
48,3.131,-0.023,-0.023,0.3763,3.155,75,1.44,5.25,1000
49,3.206,-0.016,-0.016,0.3834,3.222,75,1.47,5.35,1000
50,3.281,-0.008,-0.008,0.3906,3.289,75,1.5,5.45,1000
51,3.356,0.0,0.0,0.3977,3.356,75,1.53,5.55,1000
52,3.431,0.009,0.009,0.4049,3.423,75,1.56,5.65,1000
53,3.506,0.017,0.017,0.412,3.489,75,1.59,5.75,1000
54,3.581,0.026,0.026,0.4192,3.555,75,1.62,5.85,1000
55,3.656,0.036,0.036,0.4263,3.621,75,1.65,5.95,1000
56,3.731,0.045,0.045,0.4335,3.686,75,1.68,6.05,1000
57,3.806,0.055,0.055,0.4406,3.751,75,1.71,6.15,1000
58,3.881,0.066,0.066,0.4477,3.816,75,1.74,6.25,1000
59,3.956,0.076,0.076,0.4549,3.88,75,1.77,6.35,1000
60,4.031,0.087,0.087,0.462,3.944,75,1.8,6.45,1000
61,4.106,0.098,0.098,0.4692,4.008,75,1.83,6.55,1000
62,4.181,0.11,0.11,0.4763,4.072,75,1.86,6.65,1000
63,4.256,0.121,0.121,0.4835,4.135,75,1.89,6.75,1000
64,4.331,0.133,0.133,0.4906,4.198,75,1.91,6.85,1000
65,4.406,0.146,0.146,0.4978,4.261,75,1.94,6.95,1000
66,4.481,0.158,0.158,0.5049,4.323,75,1.97,7.05,1000
67,4.556,0.171,0.171,0.512,4.385,75,2.0,7.15,1000
68,4.631,0.185,0.185,0.5192,4.447,75,2.03,7.25,1000
69,4.706,0.198,0.198,0.5263,4.508,75,2.06,7.35,1000
70,4.781,0.212,0.212,0.5335,4.569,75,2.09,7.45,1000
71,4.856,0.226,0.226,0.5406,4.63,75,2.12,7.55,1000
72,4.931,0.241,0.241,0.5477,4.691,75,2.15,7.65,1000
73,5.006,0.255,0.255,0.5549,4.751,75,2.18,7.75,1000
74,5.081,0.27,0.27,0.562,4.811,75,2.21,7.85,1000
75,5.156,0.286,0.286,0.5691,4.87,75,2.24,7.95,1000
76,5.231,0.302,0.302,0.5763,4.93,75,2.27,8.05,1000
77,5.306,0.317,0.317,0.5834,4.989,75,2.3,8.15,1000
78,5.381,0.334,0.334,0.5905,5.047,75,2.33,8.25,1000
79,5.456,0.35,0.35,0.5977,5.106,75,2.36,8.35,1000
80,5.531,0.367,0.367,0.6048,5.164,75,2.39,8.44,1000
81,5.606,0.384,0.384,0.6119,5.222,75,2.42,8.54,1000
82,5.681,0.402,0.402,0.6191,5.279,75,2.45,8.64,1000
83,5.756,0.42,0.42,0.6262,5.337,75,2.48,8.74,1000
84,5.831,0.438,0.438,0.6333,5.394,75,2.51,8.84,1000
85,5.906,0.456,0.456,0.6405,5.45,75,2.54,8.94,1000
86,5.981,0.475,0.475,0.6476,5.507,75,2.57,9.04,1000
87,6.056,0.494,0.494,0.6547,5.563,75,2.6,9.14,1000
88,6.131,0.513,0.513,0.6618,5.618,75,2.63,9.24,1000
89,6.206,0.533,0.533,0.669,5.674,75,2.66,9.34,1000
90,6.281,0.552,0.552,0.6761,5.729,75,2.69,9.44,1000
91,6.356,0.573,0.573,0.6832,5.784,75,2.71,9.54,1000
92,6.431,0.593,0.593,0.6903,5.838,75,2.74,9.64,1000
93,6.506,0.614,0.614,0.6974,5.892,75,2.77,9.74,1000
94,6.581,0.635,0.635,0.7046,5.946,75,2.8,9.84,1000
95,6.656,0.656,0.656,0.7117,6.0,75,2.83,9.94,1000
96,6.731,0.678,0.678,0.7188,6.053,75,2.86,10.04,1000
97,6.806,0.7,0.7,0.7259,6.106,75,2.89,10.14,1000
98,6.881,0.722,0.722,0.733,6.159,75,2.92,10.24,1000
99,6.956,0.745,0.745,0.7402,6.211,75,2.95,10.33,1000
100,7.031,0.768,0.768,0.7473,6.264,75,2.98,10.43,1000
101,7.106,0.791,0.791,0.7544,6.315,75,3.01,10.53,1000
102,7.181,0.814,0.814,0.7615,6.367,75,3.04,10.63,1000
103,7.256,0.838,0.838,0.7686,6.418,75,3.07,10.73,1000
104,7.331,0.862,0.862,0.7757,6.469,75,3.1,10.83,1000
105,7.406,0.887,0.887,0.7828,6.52,75,3.13,10.93,1000
106,7.481,0.911,0.911,0.7899,6.57,75,3.16,11.03,1000
107,7.556,0.936,0.936,0.7971,6.62,75,3.19,11.13,1000
108,7.631,0.962,0.962,0.8042,6.67,75,3.21,11.23,1000
109,7.706,0.987,0.987,0.8113,6.719,75,3.24,11.33,1000
110,7.781,1.013,1.013,0.8184,6.768,75,3.27,11.43,1000
111,7.856,1.039,1.039,0.8255,6.817,75,3.3,11.53,1000
112,7.931,1.066,1.066,0.8326,6.865,75,3.33,11.62,1000
113,8.006,1.093,1.093,0.8397,6.914,75,3.36,11.72,1000
114,8.081,1.12,1.12,0.8468,6.962,75,3.39,11.82,1000
115,8.156,1.147,1.147,0.8539,7.009,75,3.42,11.92,1000
116,8.231,1.175,1.175,0.861,7.056,75,3.45,12.02,1000
117,8.306,1.203,1.203,0.8681,7.103,75,3.48,12.12,1000
118,8.381,1.231,1.231,0.8752,7.15,75,3.51,12.22,1000
119,8.456,1.26,1.26,0.8823,7.197,75,3.54,12.32,1000
120,8.531,1.289,1.289,0.8894,7.243,75,3.57,12.42,1000
121,8.606,1.318,1.318,0.8965,7.288,75,3.59,12.52,1000
122,8.681,1.347,1.347,0.9035,7.334,75,3.62,12.62,1000
123,8.756,1.377,1.377,0.9106,7.379,75,3.65,12.71,1000
124,8.831,1.407,1.407,0.9177,7.424,75,3.68,12.81,1000
125,8.906,1.438,1.438,0.9248,7.469,75,3.71,12.91,1000
126,8.981,1.468,1.468,0.9319,7.513,75,3.74,13.01,1000
127,9.056,1.499,1.499,0.939,7.557,75,3.77,13.11,1000
128,9.131,1.531,1.531,0.9461,7.601,75,3.8,13.21,1000
129,9.206,1.562,1.562,0.9532,7.644,75,3.83,13.31,1000
130,9.281,1.594,1.594,0.9602,7.687,75,3.86,13.41,1000
131,9.356,1.626,1.626,0.9673,7.73,75,3.89,13.51,1000
132,9.431,1.659,1.659,0.9744,7.772,75,3.91,13.61,1000
133,9.506,1.692,1.692,0.9815,7.814,75,3.94,13.7,1000
134,9.581,1.725,1.725,0.9886,7.856,75,3.97,13.8,1000
135,9.656,1.758,1.758,0.9956,7.898,75,4.0,13.9,1000
136,9.731,1.792,1.792,1.0027,7.939,75,4.03,14.0,1000
137,9.806,1.826,1.826,1.0098,7.98,75,4.06,14.1,1000
138,9.881,1.86,1.86,1.0168,8.021,75,4.09,14.2,1000
139,9.956,1.895,1.895,1.0239,8.061,75,4.12,14.3,1000
140,10.031,1.93,1.93,1.031,8.101,75,4.15,14.4,1000
141,10.106,1.965,1.965,1.0381,8.141,75,4.17,14.49,1000
142,10.181,2.001,2.001,1.0451,8.18,75,4.2,14.59,1000
143,10.256,2.037,2.037,1.0522,8.22,75,4.23,14.69,1000
144,10.331,2.073,2.073,1.0593,8.259,75,4.26,14.79,1000
145,10.406,2.109,2.109,1.0663,8.297,75,4.29,14.89,1000
146,10.481,2.146,2.146,1.0734,8.335,75,4.32,14.99,1000
147,10.556,2.183,2.183,1.0804,8.373,75,4.35,15.09,1000
148,10.631,2.22,2.22,1.0875,8.411,75,4.38,15.18,1000
149,10.706,2.258,2.258,1.0946,8.448,75,4.4,15.28,1000
150,10.781,2.296,2.296,1.1016,8.485,75,4.43,15.38,1000
151,10.856,2.334,2.334,1.1087,8.522,75,4.46,15.48,1000
152,10.931,2.373,2.373,1.1157,8.559,75,4.49,15.58,1000
153,11.006,2.412,2.412,1.1228,8.595,75,4.52,15.68,1000
154,11.081,2.451,2.451,1.1298,8.631,75,4.55,15.78,1000
155,11.156,2.49,2.49,1.1369,8.666,75,4.58,15.87,1000
156,11.231,2.53,2.53,1.1439,8.701,75,4.6,15.97,1000
157,11.306,2.57,2.57,1.151,8.736,75,4.63,16.07,1000
158,11.381,2.61,2.61,1.158,8.771,75,4.66,16.17,1000
159,11.456,2.651,2.651,1.1651,8.805,75,4.69,16.27,1000
160,11.531,2.692,2.692,1.1721,8.839,75,4.72,16.37,1000
161,11.606,2.733,2.733,1.1791,8.873,75,4.75,16.46,1000
162,11.681,2.775,2.775,1.1862,8.907,75,4.78,16.56,1000
163,11.756,2.817,2.817,1.1932,8.94,75,4.8,16.66,1000
164,11.831,2.859,2.859,1.2002,8.972,75,4.83,16.76,1000
165,11.906,2.901,2.901,1.2073,9.005,75,4.86,16.86,1000
166,11.981,2.944,2.944,1.2143,9.037,75,4.89,16.95,1000
167,12.056,2.987,2.987,1.2213,9.069,75,4.92,17.05,1000
168,12.131,3.03,3.03,1.2284,9.101,75,4.95,17.15,1000
169,12.206,3.074,3.074,1.2354,9.132,75,4.97,17.25,1000
170,12.281,3.118,3.118,1.2424,9.163,75,5.0,17.35,1000
171,12.356,3.162,3.162,1.2494,9.194,75,5.03,17.45,1000
172,12.431,3.207,3.207,1.2565,9.224,75,5.06,17.54,1000
173,12.506,3.252,3.252,1.2635,9.254,75,5.09,17.64,1000
174,12.581,3.297,3.297,1.2705,9.284,75,5.12,17.74,1000
175,12.656,3.342,3.342,1.2775,9.314,75,5.14,17.84,1000
176,12.731,3.388,3.388,1.2845,9.343,75,5.17,17.94,1000
177,12.806,3.434,3.434,1.2916,9.372,75,5.2,18.03,1000
178,12.881,3.481,3.481,1.2986,9.401,75,5.23,18.13,1000
179,12.956,3.527,3.527,1.3056,9.429,75,5.26,18.23,1000
180,13.031,3.574,3.574,1.3126,9.457,75,5.28,18.33,1000
181,13.106,3.622,3.622,1.3196,9.485,75,5.31,18.43,1000
182,13.181,3.669,3.669,1.3266,9.512,75,5.34,18.52,1000
183,13.256,3.717,3.717,1.3336,9.539,75,5.37,18.62,1000
184,13.331,3.765,3.765,1.3406,9.566,75,5.4,18.72,1000
185,13.406,3.814,3.814,1.3476,9.592,75,5.42,18.82,1000
186,13.481,3.863,3.863,1.3546,9.619,75,5.45,18.91,1000
187,13.556,3.912,3.912,1.3616,9.644,75,5.48,19.01,1000
188,13.631,3.961,3.961,1.3686,9.67,75,5.51,19.11,1000
189,13.706,4.011,4.011,1.3756,9.695,75,5.54,19.21,1000
190,13.781,4.061,4.061,1.3826,9.72,75,5.56,19.3,1000
191,13.856,4.111,4.111,1.3896,9.745,75,5.59,19.4,1000
192,13.931,4.162,4.162,1.3966,9.769,75,5.62,19.5,1000
193,14.006,4.213,4.213,1.4036,9.794,75,5.65,19.6,1000
194,14.081,4.264,4.264,1.4106,9.817,75,5.68,19.7,1000
195,14.156,4.315,4.315,1.4175,9.841,75,5.7,19.79,1000
196,14.231,4.367,4.367,1.4245,9.864,75,5.73,19.89,1000
197,14.306,4.419,4.419,1.4315,9.887,75,5.76,19.99,1000
198,14.381,4.472,4.472,1.4385,9.909,75,5.79,20.08,1000
199,14.456,4.525,4.525,1.4455,9.932,75,5.81,20.18,1000
200,14.531,4.578,4.578,1.4524,9.954,75,5.84,20.28,1000
201,14.606,4.631,4.631,1.4594,9.975,75,5.87,20.38,1000
202,14.681,4.685,4.685,1.4664,9.997,75,5.9,20.47,1000
203,14.756,4.738,4.738,1.4733,10.018,75,5.92,20.57,1000
204,14.831,4.793,4.793,1.4803,10.039,75,5.95,20.67,1000
205,14.906,4.847,4.847,1.4873,10.059,75,5.98,20.77,1000
206,14.981,4.902,4.902,1.4942,10.079,75,6.01,20.86,1000
207,15.056,4.957,4.957,1.5012,10.099,75,6.03,20.96,1000
208,15.131,5.013,5.013,1.5082,10.119,75,6.06,21.06,1000
209,15.206,5.068,5.068,1.5151,10.138,75,6.09,21.15,1000
210,15.281,5.124,5.124,1.5221,10.157,75,6.12,21.25,1000
211,15.356,5.181,5.181,1.529,10.175,75,6.14,21.35,1000
212,15.431,5.237,5.237,1.536,10.194,75,6.17,21.45,1000
213,15.506,5.294,5.294,1.5429,10.212,75,6.2,21.54,1000
214,15.581,5.352,5.352,1.5499,10.23,75,6.23,21.64,1000
215,15.656,5.409,5.409,1.5568,10.247,75,6.25,21.74,1000
216,15.731,5.467,5.467,1.5638,10.264,75,6.28,21.83,1000
217,15.806,5.525,5.525,1.5707,10.281,75,6.31,21.93,1000
218,15.881,5.584,5.584,1.5776,10.298,75,6.33,22.03,1000
219,15.956,5.642,5.642,1.5846,10.314,75,6.36,22.12,1000
220,16.031,5.701,5.701,1.5915,10.33,75,6.39,22.22,1000
221,16.106,5.761,5.761,1.5984,10.345,75,6.42,22.32,1000
222,16.181,5.821,5.821,1.6054,10.361,75,6.44,22.42,1000
223,16.256,5.88,5.88,1.6123,10.376,75,6.47,22.51,1000
224,16.331,5.941,5.941,1.6192,10.39,75,6.5,22.61,1000
225,16.406,6.001,6.001,1.6262,10.405,75,6.52,22.71,1000
226,16.481,6.062,6.062,1.6331,10.419,75,6.55,22.8,1000
227,16.556,6.123,6.123,1.64,10.433,75,6.58,22.9,1000
228,16.631,6.185,6.185,1.6469,10.446,75,6.61,23.0,1000
229,16.706,6.247,6.247,1.6538,10.46,75,6.63,23.09,1000
230,16.781,6.309,6.309,1.6608,10.473,75,6.66,23.19,1000
231,16.856,6.371,6.371,1.6677,10.485,75,6.69,23.29,1000
232,16.931,6.434,6.434,1.6746,10.497,75,6.71,23.38,1000
233,17.006,6.497,6.497,1.6815,10.509,75,6.74,23.48,1000
234,17.081,6.56,6.56,1.6884,10.521,75,6.77,23.57,1000
235,17.156,6.624,6.624,1.6953,10.533,75,6.79,23.67,1000
236,17.231,6.688,6.688,1.7022,10.544,75,6.82,23.77,1000
237,17.306,6.752,6.752,1.7091,10.554,75,6.85,23.86,1000
238,17.381,6.816,6.816,1.716,10.565,75,6.87,23.96,1000
239,17.456,6.881,6.881,1.7229,10.575,75,6.9,24.06,1000
240,17.531,6.946,6.946,1.7298,10.585,75,6.93,24.15,1000
241,17.606,7.012,7.012,1.7367,10.595,75,6.95,24.25,1000
242,17.681,7.077,7.077,1.7436,10.604,75,6.98,24.34,1000
243,17.756,7.143,7.143,1.7505,10.613,75,7.01,24.44,1000
244,17.831,7.21,7.21,1.7573,10.622,75,7.03,24.54,1000
245,17.906,7.276,7.276,1.7642,10.63,75,7.06,24.63,1000
246,17.981,7.343,7.343,1.7711,10.638,75,7.09,24.73,1000
247,18.056,7.41,7.41,1.778,10.646,75,7.11,24.83,1000
248,18.131,7.478,7.478,1.7849,10.653,75,7.14,24.92,1000
249,18.206,7.546,7.546,1.7917,10.66,75,7.17,25.02,1000
250,18.281,7.614,7.614,1.7986,10.667,75,7.19,25.11,1000
251,18.356,7.688,7.688,1.7999,10.669,75,7.22,25.13,1000
252,18.431,7.761,7.761,1.802,10.671,75,7.24,25.16,1000
253,18.506,7.833,7.833,1.804,10.673,75,7.27,25.19,1000
254,18.581,7.906,7.906,1.8061,10.675,75,7.3,25.22,1000
255,18.656,7.979,7.979,1.8082,10.677,75,7.32,25.25,1000
256,18.731,8.052,8.052,1.8103,10.679,75,7.35,25.28,1000
257,18.806,8.125,8.125,1.8124,10.681,75,7.37,25.31,1000
258,18.881,8.198,8.198,1.8145,10.683,75,7.4,25.33,1000
259,18.956,8.271,8.271,1.8165,10.685,75,7.43,25.36,1000
260,19.031,8.344,8.344,1.8186,10.687,75,7.45,25.39,1000
261,19.106,8.417,8.417,1.8207,10.689,75,7.48,25.42,1000
262,19.181,8.49,8.49,1.8227,10.691,75,7.51,25.45,1000
263,19.256,8.563,8.563,1.8248,10.694,75,7.53,25.48,1000
264,19.331,8.636,8.636,1.8269,10.696,75,7.56,25.51,1000
265,19.406,8.709,8.709,1.8289,10.698,75,7.58,25.54,1000
266,19.481,8.782,8.782,1.831,10.7,75,7.61,25.57,1000
267,19.556,8.854,8.854,1.833,10.702,75,7.63,25.59,1000
268,19.631,8.927,8.927,1.8351,10.704,75,7.66,25.62,1000
269,19.706,9.0,9.0,1.8371,10.706,75,7.69,25.65,1000
270,19.781,9.073,9.073,1.8392,10.708,75,7.71,25.68,1000
271,19.856,9.146,9.146,1.8412,10.71,75,7.74,25.71,1000
272,19.931,9.219,9.219,1.8433,10.712,75,7.76,25.74,1000
273,20.006,9.292,9.292,1.8453,10.714,75,7.79,25.77,1000
274,20.081,9.365,9.365,1.8474,10.716,75,7.81,25.79,1000
275,20.156,9.438,9.438,1.8494,10.718,75,7.84,25.82,1000
276,20.231,9.511,9.511,1.8514,10.72,75,7.87,25.85,1000
277,20.306,9.584,9.584,1.8535,10.722,75,7.89,25.88,1000
278,20.381,9.657,9.657,1.8555,10.724,75,7.92,25.91,1000
279,20.456,9.73,9.73,1.8575,10.726,75,7.94,25.94,1000
280,20.531,9.803,9.803,1.8595,10.728,75,7.97,25.96,1000
281,20.606,9.876,9.876,1.8616,10.73,75,7.99,25.99,1000
282,20.681,9.949,9.949,1.8636,10.732,75,8.02,26.02,1000
283,20.756,10.022,10.022,1.8656,10.734,75,8.04,26.05,1000
284,20.831,10.095,10.095,1.8676,10.736,75,8.07,26.08,1000
285,20.906,10.168,10.168,1.8696,10.738,75,8.09,26.1,1000
286,20.981,10.241,10.241,1.8716,10.74,75,8.12,26.13,1000
287,21.056,10.314,10.314,1.8736,10.742,75,8.14,26.16,1000
288,21.131,10.387,10.387,1.8756,10.744,75,8.17,26.19,1000
289,21.206,10.46,10.46,1.8777,10.746,75,8.2,26.22,1000
290,21.281,10.533,10.533,1.8796,10.748,75,8.22,26.24,1000
291,21.356,10.606,10.606,1.8816,10.75,75,8.25,26.27,1000
292,21.431,10.679,10.679,1.8836,10.752,75,8.27,26.3,1000
293,21.506,10.752,10.752,1.8856,10.754,75,8.3,26.33,1000
294,21.581,10.825,10.825,1.8876,10.756,75,8.32,26.36,1000
295,21.656,10.898,10.898,1.8896,10.758,75,8.35,26.38,1000
296,21.731,10.971,10.971,1.8916,10.76,75,8.37,26.41,1000
297,21.806,11.044,11.044,1.8936,10.762,75,8.4,26.44,1000
298,21.881,11.117,11.117,1.8955,10.764,75,8.42,26.47,1000
299,21.956,11.19,11.19,1.8975,10.766,75,8.44,26.49,1000
300,22.031,11.263,11.263,1.8995,10.768,75,8.47,26.52,1000
301,22.106,11.336,11.336,1.9015,10.77,75,8.49,26.55,1000
302,22.181,11.409,11.409,1.9034,10.772,75,8.52,26.58,1000
303,22.256,11.482,11.482,1.9054,10.774,75,8.54,26.6,1000
304,22.331,11.555,11.555,1.9073,10.776,75,8.57,26.63,1000
305,22.406,11.628,11.628,1.9093,10.778,75,8.59,26.66,1000
306,22.481,11.701,11.701,1.9113,10.78,75,8.62,26.69,1000
307,22.556,11.774,11.774,1.9132,10.782,75,8.64,26.71,1000
308,22.631,11.847,11.847,1.9152,10.784,75,8.67,26.74,1000
309,22.706,11.92,11.92,1.9171,10.786,75,8.69,26.77,1000
310,22.781,11.993,11.993,1.9191,10.788,75,8.72,26.8,1000
311,22.856,12.067,12.067,1.921,10.79,75,8.74,26.82,1000
312,22.931,12.14,12.14,1.9229,10.792,75,8.76,26.85,1000
313,23.006,12.213,12.213,1.9249,10.794,75,8.79,26.88,1000
314,23.081,12.286,12.286,1.9268,10.796,75,8.81,26.9,1000
315,23.156,12.359,12.359,1.9287,10.797,75,8.84,26.93,1000
316,23.231,12.432,12.432,1.9307,10.799,75,8.86,26.96,1000
317,23.306,12.505,12.505,1.9326,10.801,75,8.89,26.98,1000
318,23.381,12.578,12.578,1.9345,10.803,75,8.91,27.01,1000
319,23.456,12.651,12.651,1.9364,10.805,75,8.93,27.04,1000
320,23.531,12.724,12.724,1.9383,10.807,75,8.96,27.06,1000
321,23.606,12.797,12.797,1.9403,10.809,75,8.98,27.09,1000
322,23.681,12.87,12.87,1.9422,10.811,75,9.01,27.12,1000
323,23.756,12.943,12.943,1.9441,10.813,75,9.03,27.14,1000
324,23.831,13.017,13.017,1.946,10.815,75,9.05,27.17,1000
325,23.906,13.09,13.09,1.9479,10.817,75,9.08,27.2,1000
326,23.981,13.163,13.163,1.9498,10.819,75,9.1,27.22,1000
327,24.056,13.236,13.236,1.9517,10.82,75,9.13,27.25,1000
328,24.131,13.309,13.309,1.9536,10.822,75,9.15,27.28,1000
329,24.206,13.382,13.382,1.9555,10.824,75,9.17,27.3,1000
330,24.281,13.455,13.455,1.9573,10.826,75,9.2,27.33,1000
331,24.356,13.528,13.528,1.9592,10.828,75,9.22,27.36,1000
332,24.431,13.601,13.601,1.9611,10.83,75,9.24,27.38,1000
333,24.506,13.675,13.675,1.963,10.832,75,9.27,27.41,1000
334,24.581,13.748,13.748,1.9649,10.834,75,9.29,27.43,1000
335,24.656,13.821,13.821,1.9667,10.835,75,9.31,27.46,1000
336,24.731,13.894,13.894,1.9686,10.837,75,9.34,27.49,1000
337,24.806,13.967,13.967,1.9705,10.839,75,9.36,27.51,1000
338,24.881,14.04,14.04,1.9723,10.841,75,9.39,27.54,1000
339,24.956,14.113,14.113,1.9742,10.843,75,9.41,27.57,1000
340,25.031,14.186,14.186,1.9761,10.845,75,9.43,27.59,1000
341,25.106,14.26,14.26,1.9779,10.847,75,9.46,27.62,1000
342,25.181,14.333,14.333,1.9798,10.849,75,9.48,27.64,1000
343,25.256,14.406,14.406,1.9816,10.85,75,9.5,27.67,1000
344,25.331,14.479,14.479,1.9835,10.852,75,9.52,27.69,1000
345,25.406,14.552,14.552,1.9853,10.854,75,9.55,27.72,1000
346,25.481,14.625,14.625,1.9871,10.856,75,9.57,27.75,1000
347,25.556,14.699,14.699,1.989,10.858,75,9.59,27.77,1000
348,25.631,14.772,14.772,1.9908,10.86,75,9.62,27.8,1000
349,25.706,14.845,14.845,1.9926,10.861,75,9.64,27.82,1000
350,25.781,14.918,14.918,1.9945,10.863,75,9.66,27.85,1000
351,25.856,14.991,14.991,1.9963,10.865,75,9.69,27.87,1000
352,25.931,15.064,15.064,1.9981,10.867,75,9.71,27.9,1000
353,26.006,15.138,15.138,1.9999,10.869,75,9.73,27.92,1000
354,26.081,15.211,15.211,2.0018,10.871,75,9.75,27.95,1000
355,26.156,15.284,15.284,2.0036,10.872,75,9.78,27.98,1000
356,26.231,15.357,15.357,2.0054,10.874,75,9.8,28.0,1000
357,26.306,15.43,15.43,2.0072,10.876,75,9.82,28.03,1000
358,26.381,15.504,15.504,2.009,10.878,75,9.85,28.05,1000
359,26.456,15.577,15.577,2.0108,10.88,75,9.87,28.08,1000
360,26.531,15.65,15.65,2.0126,10.881,75,9.89,28.1,1000
361,26.606,15.723,15.723,2.0144,10.883,75,9.91,28.13,1000
362,26.681,15.796,15.796,2.0162,10.885,75,9.94,28.15,1000
363,26.756,15.87,15.87,2.0179,10.887,75,9.96,28.18,1000
364,26.831,15.943,15.943,2.0197,10.888,75,9.98,28.2,1000
365,26.906,16.016,16.016,2.0215,10.89,75,10.0,28.23,1000
366,26.981,16.089,16.089,2.0233,10.892,75,10.03,28.25,1000
367,27.056,16.162,16.162,2.0251,10.894,75,10.05,28.28,1000
368,27.131,16.236,16.236,2.0268,10.896,75,10.07,28.3,1000
369,27.206,16.309,16.309,2.0286,10.897,75,10.09,28.32,1000
370,27.281,16.382,16.382,2.0304,10.899,75,10.11,28.35,1000
371,27.356,16.455,16.455,2.0321,10.901,75,10.14,28.37,1000
372,27.431,16.529,16.529,2.0339,10.903,75,10.16,28.4,1000
373,27.506,16.602,16.602,2.0356,10.904,75,10.18,28.42,1000
374,27.581,16.675,16.675,2.0374,10.906,75,10.2,28.45,1000
375,27.656,16.748,16.748,2.0391,10.908,75,10.22,28.47,1000
376,27.731,16.822,16.822,2.0409,10.91,75,10.25,28.5,1000
377,27.806,16.895,16.895,2.0426,10.911,75,10.27,28.52,1000
378,27.881,16.968,16.968,2.0444,10.913,75,10.29,28.54,1000
379,27.956,17.041,17.041,2.0461,10.915,75,10.31,28.57,1000
380,28.031,17.115,17.115,2.0478,10.917,75,10.33,28.59,1000
381,28.106,17.188,17.188,2.0496,10.918,75,10.36,28.62,1000
382,28.181,17.261,17.261,2.0513,10.92,75,10.38,28.64,1000
383,28.256,17.334,17.334,2.053,10.922,75,10.4,28.67,1000
384,28.331,17.408,17.408,2.0547,10.923,75,10.42,28.69,1000
385,28.406,17.481,17.481,2.0564,10.925,75,10.44,28.71,1000
386,28.481,17.554,17.554,2.0582,10.927,75,10.46,28.74,1000
387,28.556,17.628,17.628,2.0599,10.929,75,10.49,28.76,1000
388,28.631,17.701,17.701,2.0616,10.93,75,10.51,28.78,1000
389,28.706,17.774,17.774,2.0633,10.932,75,10.53,28.81,1000
390,28.781,17.848,17.848,2.065,10.934,75,10.55,28.83,1000
391,28.856,17.921,17.921,2.0667,10.935,75,10.57,28.86,1000
392,28.931,17.994,17.994,2.0684,10.937,75,10.59,28.88,1000
393,29.006,18.067,18.067,2.07,10.939,75,10.61,28.9,1000
394,29.081,18.141,18.141,2.0717,10.94,75,10.63,28.93,1000
395,29.156,18.214,18.214,2.0734,10.942,75,10.66,28.95,1000
396,29.231,18.287,18.287,2.0751,10.944,75,10.68,28.97,1000
397,29.306,18.361,18.361,2.0768,10.946,75,10.7,29.0,1000
398,29.381,18.434,18.434,2.0784,10.947,75,10.72,29.02,1000
399,29.456,18.507,18.507,2.0801,10.949,75,10.74,29.04,1000
400,29.531,18.581,18.581,2.0818,10.951,75,10.76,29.07,1000
401,29.606,18.654,18.654,2.0834,10.952,75,10.78,29.09,1000
402,29.681,18.727,18.727,2.0851,10.954,75,10.8,29.11,1000
403,29.756,18.801,18.801,2.0867,10.955,75,10.82,29.14,1000
404,29.831,18.874,18.874,2.0884,10.957,75,10.84,29.16,1000
405,29.906,18.947,18.947,2.09,10.959,75,10.86,29.18,1000
406,29.981,19.021,19.021,2.0917,10.96,75,10.88,29.21,1000
407,30.056,19.094,19.094,2.0933,10.962,75,10.91,29.23,1000
408,30.131,19.168,19.168,2.095,10.964,75,10.93,29.25,1000
409,30.206,19.241,19.241,2.0966,10.965,75,10.95,29.27,1000
410,30.281,19.314,19.314,2.0982,10.967,75,10.97,29.3,1000
411,30.356,19.388,19.388,2.0999,10.969,75,10.99,29.32,1000
412,30.431,19.461,19.461,2.1015,10.97,75,11.01,29.34,1000
413,30.506,19.534,19.534,2.1031,10.972,75,11.03,29.36,1000
414,30.581,19.608,19.608,2.1047,10.973,75,11.05,29.39,1000
415,30.656,19.681,19.681,2.1063,10.975,75,11.07,29.41,1000
416,30.731,19.755,19.755,2.1079,10.977,75,11.09,29.43,1000
417,30.806,19.828,19.828,2.1095,10.978,75,11.11,29.45,1000
418,30.881,19.901,19.901,2.1112,10.98,75,11.13,29.48,1000
419,30.956,19.975,19.975,2.1128,10.982,75,11.15,29.5,1000
420,31.031,20.048,20.048,2.1143,10.983,75,11.17,29.52,1000
421,31.106,20.122,20.122,2.1159,10.985,75,11.19,29.54,1000
422,31.181,20.195,20.195,2.1175,10.986,75,11.21,29.57,1000
423,31.256,20.268,20.268,2.1191,10.988,75,11.23,29.59,1000
424,31.331,20.342,20.342,2.1207,10.989,75,11.25,29.61,1000
425,31.406,20.415,20.415,2.1223,10.991,75,11.27,29.63,1000
426,31.481,20.489,20.489,2.1238,10.993,75,11.29,29.65,1000
427,31.556,20.562,20.562,2.1254,10.994,75,11.31,29.68,1000
428,31.631,20.636,20.636,2.127,10.996,75,11.33,29.7,1000
429,31.706,20.709,20.709,2.1285,10.997,75,11.35,29.72,1000
430,31.781,20.782,20.782,2.1301,10.999,75,11.37,29.74,1000
431,31.856,20.856,20.856,2.1317,11.0,75,11.39,29.76,1000
432,31.931,20.929,20.929,2.1332,11.002,75,11.41,29.79,1000
433,32.006,21.003,21.003,2.1348,11.004,75,11.43,29.81,1000
434,32.081,21.076,21.076,2.1363,11.005,75,11.45,29.83,1000
435,32.156,21.15,21.15,2.1378,11.007,75,11.46,29.85,1000
436,32.231,21.223,21.223,2.1394,11.008,75,11.48,29.87,1000
437,32.306,21.297,21.297,2.1409,11.01,75,11.5,29.89,1000
438,32.381,21.37,21.37,2.1424,11.011,75,11.52,29.91,1000
439,32.456,21.444,21.444,2.144,11.013,75,11.54,29.94,1000
440,32.531,21.517,21.517,2.1455,11.014,75,11.56,29.96,1000
441,32.606,21.59,21.59,2.147,11.016,75,11.58,29.98,1000
442,32.681,21.664,21.664,2.1485,11.017,75,11.6,30.0,1000
443,32.756,21.737,21.737,2.15,11.019,75,11.62,30.02,1000
444,32.831,21.811,21.811,2.1515,11.02,75,11.64,30.04,1000
445,32.906,21.884,21.884,2.1531,11.022,75,11.66,30.06,1000
446,32.981,21.958,21.958,2.1546,11.023,75,11.67,30.08,1000
447,33.056,22.031,22.031,2.1561,11.025,75,11.69,30.1,1000
448,33.131,22.105,22.105,2.1575,11.026,75,11.71,30.13,1000
449,33.206,22.178,22.178,2.159,11.028,75,11.73,30.15,1000
450,33.281,22.252,22.252,2.1605,11.029,75,11.75,30.17,1000
451,33.356,22.325,22.325,2.162,11.031,75,11.77,30.19,1000
452,33.431,22.399,22.399,2.1635,11.032,75,11.79,30.21,1000
453,33.506,22.473,22.473,2.165,11.034,75,11.81,30.23,1000
454,33.581,22.546,22.546,2.1664,11.035,75,11.82,30.25,1000
455,33.656,22.62,22.62,2.1679,11.037,75,11.84,30.27,1000
456,33.731,22.693,22.693,2.1694,11.038,75,11.86,30.29,1000
457,33.806,22.767,22.767,2.1708,11.04,75,11.88,30.31,1000
458,33.881,22.84,22.84,2.1723,11.041,75,11.9,30.33,1000
459,33.956,22.914,22.914,2.1737,11.042,75,11.92,30.35,1000
460,34.031,22.987,22.987,2.1752,11.044,75,11.93,30.37,1000
461,34.106,23.061,23.061,2.1766,11.045,75,11.95,30.39,1000
462,34.181,23.134,23.134,2.1781,11.047,75,11.97,30.41,1000
463,34.256,23.208,23.208,2.1795,11.048,75,11.99,30.43,1000
464,34.331,23.282,23.282,2.1809,11.05,75,12.01,30.45,1000
465,34.406,23.355,23.355,2.1824,11.051,75,12.02,30.47,1000
466,34.481,23.429,23.429,2.1838,11.053,75,12.04,30.49,1000
467,34.556,23.502,23.502,2.1852,11.054,75,12.06,30.51,1000
468,34.631,23.576,23.576,2.1866,11.055,75,12.08,30.53,1000
469,34.706,23.649,23.649,2.188,11.057,75,12.1,30.55,1000
470,34.781,23.723,23.723,2.1894,11.058,75,12.11,30.57,1000
471,34.856,23.797,23.797,2.1909,11.06,75,12.13,30.59,1000
472,34.931,23.87,23.87,2.1923,11.061,75,12.15,30.61,1000
473,35.006,23.944,23.944,2.1937,11.062,75,12.17,30.63,1000
474,35.081,24.017,24.017,2.195,11.064,75,12.18,30.65,1000
475,35.156,24.091,24.091,2.1964,11.065,75,12.2,30.67,1000
476,35.231,24.165,24.165,2.1978,11.067,75,12.22,30.69,1000
477,35.306,24.238,24.238,2.1992,11.068,75,12.24,30.71,1000
478,35.381,24.312,24.312,2.2006,11.069,75,12.25,30.73,1000
479,35.456,24.386,24.386,2.202,11.071,75,12.27,30.75,1000
480,35.531,24.459,24.459,2.2033,11.072,75,12.29,30.76,1000
481,35.606,24.533,24.533,2.2047,11.073,75,12.31,30.78,1000
482,35.681,24.606,24.606,2.2061,11.075,75,12.32,30.8,1000
483,35.756,24.68,24.68,2.2074,11.076,75,12.34,30.82,1000
484,35.831,24.754,24.754,2.2088,11.078,75,12.36,30.84,1000
485,35.906,24.827,24.827,2.2101,11.079,75,12.37,30.86,1000
486,35.981,24.901,24.901,2.2115,11.08,75,12.39,30.88,1000
487,36.056,24.975,24.975,2.2128,11.082,75,12.41,30.9,1000
488,36.131,25.048,25.048,2.2142,11.083,75,12.42,30.92,1000
489,36.206,25.122,25.122,2.2155,11.084,75,12.44,30.93,1000
490,36.281,25.196,25.196,2.2168,11.086,75,12.46,30.95,1000
491,36.356,25.269,25.269,2.2182,11.087,75,12.47,30.97,1000
492,36.431,25.343,25.343,2.2195,11.088,75,12.49,30.99,1000
493,36.506,25.417,25.417,2.2208,11.09,75,12.51,31.01,1000
494,36.581,25.49,25.49,2.2221,11.091,75,12.52,31.03,1000
495,36.656,25.564,25.564,2.2234,11.092,75,12.54,31.04,1000
496,36.731,25.638,25.638,2.2247,11.093,75,12.56,31.06,1000
497,36.806,25.711,25.711,2.226,11.095,75,12.57,31.08,1000
498,36.881,25.785,25.785,2.2273,11.096,75,12.59,31.1,1000
499,36.956,25.859,25.859,2.2286,11.097,75,12.61,31.12,1000
500,37.031,25.933,25.933,2.2299,11.099,75,12.62,31.14,1000
501,37.106,26.006,26.006,2.2312,11.1,75,12.64,31.15,1000
502,37.181,26.08,26.08,2.2325,11.101,75,12.65,31.17,1000
503,37.256,26.154,26.154,2.2338,11.103,75,12.67,31.19,1000
504,37.331,26.227,26.227,2.2351,11.104,75,12.69,31.21,1000
505,37.406,26.301,26.301,2.2363,11.105,75,12.7,31.22,1000
506,37.481,26.375,26.375,2.2376,11.106,75,12.72,31.24,1000
507,37.556,26.449,26.449,2.2389,11.108,75,12.73,31.26,1000
508,37.631,26.522,26.522,2.2401,11.109,75,12.75,31.28,1000
509,37.706,26.596,26.596,2.2414,11.11,75,12.77,31.3,1000
510,37.781,26.67,26.67,2.2426,11.111,75,12.78,31.31,1000
511,37.856,26.744,26.744,2.2439,11.113,75,12.8,31.33,1000
512,37.931,26.817,26.817,2.2451,11.114,75,12.81,31.35,1000
513,38.006,26.891,26.891,2.2464,11.115,75,12.83,31.36,1000
514,38.081,26.965,26.965,2.2476,11.116,75,12.84,31.38,1000
515,38.156,27.039,27.039,2.2488,11.118,75,12.86,31.4,1000
516,38.231,27.112,27.112,2.25,11.119,75,12.87,31.42,1000
517,38.306,27.186,27.186,2.2513,11.12,75,12.89,31.43,1000
518,38.381,27.26,27.26,2.2525,11.121,75,12.91,31.45,1000
519,38.456,27.334,27.334,2.2537,11.122,75,12.92,31.47,1000
520,38.531,27.408,27.408,2.2549,11.124,75,12.94,31.48,1000
521,38.606,27.481,27.481,2.2561,11.125,75,12.95,31.5,1000
522,38.681,27.555,27.555,2.2573,11.126,75,12.97,31.52,1000
523,38.756,27.629,27.629,2.2585,11.127,75,12.98,31.53,1000
524,38.831,27.703,27.703,2.2597,11.128,75,13.0,31.55,1000
525,38.906,27.777,27.777,2.2609,11.13,75,13.01,31.57,1000
526,38.981,27.85,27.85,2.2621,11.131,75,13.03,31.58,1000
527,39.056,27.924,27.924,2.2633,11.132,75,13.04,31.6,1000
528,39.131,27.998,27.998,2.2644,11.133,75,13.06,31.62,1000
529,39.206,28.072,28.072,2.2656,11.134,75,13.07,31.63,1000
530,39.281,28.146,28.146,2.2668,11.136,75,13.09,31.65,1000
531,39.356,28.22,28.22,2.268,11.137,75,13.1,31.67,1000
532,39.431,28.293,28.293,2.2691,11.138,75,13.11,31.68,1000
533,39.506,28.367,28.367,2.2703,11.139,75,13.13,31.7,1000
534,39.581,28.441,28.441,2.2714,11.14,75,13.14,31.72,1000
535,39.656,28.515,28.515,2.2726,11.141,75,13.16,31.73,1000
536,39.731,28.589,28.589,2.2737,11.142,75,13.17,31.75,1000
537,39.806,28.663,28.663,2.2749,11.144,75,13.19,31.76,1000
538,39.881,28.737,28.737,2.276,11.145,75,13.2,31.78,1000
539,39.956,28.81,28.81,2.2771,11.146,75,13.22,31.79,1000
540,40.031,28.884,28.884,2.2783,11.147,75,13.23,31.81,1000
541,40.106,28.958,28.958,2.2794,11.148,75,13.24,31.83,1000
542,40.181,29.032,29.032,2.2805,11.149,75,13.26,31.84,1000
543,40.256,29.106,29.106,2.2816,11.15,75,13.27,31.86,1000
544,40.331,29.18,29.18,2.2827,11.151,75,13.29,31.87,1000
545,40.406,29.254,29.254,2.2838,11.153,75,13.3,31.89,1000
546,40.481,29.328,29.328,2.2849,11.154,75,13.31,31.9,1000
547,40.556,29.401,29.401,2.286,11.155,75,13.33,31.92,1000
548,40.631,29.475,29.475,2.2871,11.156,75,13.34,31.93,1000
549,40.706,29.549,29.549,2.2882,11.157,75,13.35,31.95,1000
550,40.781,29.623,29.623,2.2893,11.158,75,13.37,31.96,1000
551,40.856,29.697,29.697,2.2904,11.159,75,13.38,31.98,1000
552,40.931,29.771,29.771,2.2915,11.16,75,13.4,31.99,1000
553,41.006,29.845,29.845,2.2925,11.161,75,13.41,32.01,1000
554,41.081,29.919,29.919,2.2936,11.162,75,13.42,32.02,1000
555,41.156,29.993,29.993,2.2947,11.163,75,13.44,32.04,1000
556,41.231,30.067,30.067,2.2957,11.164,75,13.45,32.05,1000
557,41.306,30.141,30.141,2.2968,11.166,75,13.46,32.07,1000
558,41.381,30.215,30.215,2.2978,11.167,75,13.48,32.08,1000
559,41.456,30.289,30.289,2.2989,11.168,75,13.49,32.1,1000
560,41.531,30.363,30.363,2.2999,11.169,75,13.5,32.11,1000
561,41.606,30.437,30.437,2.3009,11.17,75,13.51,32.13,1000
562,41.681,30.511,30.511,2.302,11.171,75,13.53,32.14,1000
563,41.756,30.584,30.584,2.303,11.172,75,13.54,32.16,1000
564,41.831,30.658,30.658,2.304,11.173,75,13.55,32.17,1000
565,41.906,30.732,30.732,2.3051,11.174,75,13.57,32.18,1000
566,41.981,30.806,30.806,2.3061,11.175,75,13.58,32.2,1000
567,42.056,30.88,30.88,2.3071,11.176,75,13.59,32.21,1000
568,42.131,30.954,30.954,2.3081,11.177,75,13.6,32.23,1000
569,42.206,31.028,31.028,2.3091,11.178,75,13.62,32.24,1000
570,42.281,31.102,31.102,2.3101,11.179,75,13.63,32.26,1000
571,42.356,31.176,31.176,2.3111,11.18,75,13.64,32.27,1000
572,42.431,31.25,31.25,2.3121,11.181,75,13.65,32.28,1000
573,42.506,31.324,31.324,2.3131,11.182,75,13.67,32.3,1000
574,42.581,31.398,31.398,2.314,11.183,75,13.68,32.31,1000
575,42.656,31.472,31.472,2.315,11.184,75,13.69,32.32,1000
576,42.731,31.547,31.547,2.316,11.185,75,13.7,32.34,1000
577,42.806,31.621,31.621,2.317,11.186,75,13.72,32.35,1000
578,42.881,31.695,31.695,2.3179,11.187,75,13.73,32.36,1000
579,42.956,31.769,31.769,2.3189,11.188,75,13.74,32.38,1000
580,43.031,31.843,31.843,2.3198,11.189,75,13.75,32.39,1000
581,43.106,31.917,31.917,2.3208,11.19,75,13.76,32.4,1000
582,43.181,31.991,31.991,2.3217,11.19,75,13.78,32.42,1000
583,43.256,32.065,32.065,2.3227,11.191,75,13.79,32.43,1000
584,43.331,32.139,32.139,2.3236,11.192,75,13.8,32.44,1000
585,43.406,32.213,32.213,2.3246,11.193,75,13.81,32.46,1000
586,43.481,32.287,32.287,2.3255,11.194,75,13.82,32.47,1000
587,43.556,32.361,32.361,2.3264,11.195,75,13.83,32.48,1000
588,43.631,32.435,32.435,2.3273,11.196,75,13.85,32.5,1000
589,43.706,32.509,32.509,2.3282,11.197,75,13.86,32.51,1000
590,43.781,32.583,32.583,2.3292,11.198,75,13.87,32.52,1000
591,43.856,32.657,32.657,2.3301,11.199,75,13.88,32.53,1000
592,43.931,32.732,32.732,2.331,11.2,75,13.89,32.55,1000
593,44.006,32.806,32.806,2.3319,11.201,75,13.9,32.56,1000
594,44.081,32.88,32.88,2.3328,11.202,75,13.91,32.57,1000
595,44.156,32.954,32.954,2.3337,11.202,75,13.93,32.58,1000
596,44.231,33.028,33.028,2.3345,11.203,75,13.94,32.6,1000
597,44.306,33.102,33.102,2.3354,11.204,75,13.95,32.61,1000
598,44.381,33.176,33.176,2.3363,11.205,75,13.96,32.62,1000
599,44.456,33.25,33.25,2.3372,11.206,75,13.97,32.63,1000
600,44.531,33.324,33.324,2.338,11.207,75,13.98,32.65,1000
601,44.606,33.399,33.399,2.3389,11.208,75,13.99,32.66,1000
602,44.681,33.473,33.473,2.3398,11.209,75,14.0,32.67,1000
603,44.756,33.547,33.547,2.3406,11.209,75,14.01,32.68,1000
604,44.831,33.621,33.621,2.3415,11.21,75,14.02,32.69,1000
605,44.906,33.695,33.695,2.3423,11.211,75,14.03,32.7,1000
606,44.981,33.769,33.769,2.3431,11.212,75,14.04,32.72,1000
607,45.056,33.844,33.844,2.344,11.213,75,14.06,32.73,1000
608,45.131,33.918,33.918,2.3448,11.214,75,14.07,32.74,1000
609,45.206,33.992,33.992,2.3456,11.214,75,14.08,32.75,1000
610,45.281,34.066,34.066,2.3465,11.215,75,14.09,32.76,1000
611,45.356,34.14,34.14,2.3473,11.216,75,14.1,32.77,1000
612,45.431,34.214,34.214,2.3481,11.217,75,14.11,32.79,1000
613,45.506,34.289,34.289,2.3489,11.218,75,14.12,32.8,1000
614,45.581,34.363,34.363,2.3497,11.218,75,14.13,32.81,1000
615,45.656,34.437,34.437,2.3505,11.219,75,14.14,32.82,1000
616,45.731,34.511,34.511,2.3513,11.22,75,14.15,32.83,1000
617,45.806,34.585,34.585,2.3521,11.221,75,14.16,32.84,1000
618,45.881,34.66,34.66,2.3529,11.222,75,14.17,32.85,1000
619,45.956,34.734,34.734,2.3537,11.222,75,14.18,32.86,1000
620,46.031,34.808,34.808,2.3544,11.223,75,14.19,32.87,1000
621,46.106,34.882,34.882,2.3552,11.224,75,14.2,32.88,1000
622,46.181,34.957,34.957,2.356,11.225,75,14.21,32.9,1000
623,46.256,35.031,35.031,2.3567,11.225,75,14.22,32.91,1000
624,46.331,35.105,35.105,2.3575,11.226,75,14.23,32.92,1000
625,46.406,35.179,35.179,2.3583,11.227,75,14.23,32.93,1000
626,46.481,35.253,35.253,2.359,11.228,75,14.24,32.94,1000
627,46.556,35.328,35.328,2.3598,11.229,75,14.25,32.95,1000
628,46.631,35.402,35.402,2.3605,11.229,75,14.26,32.96,1000
629,46.706,35.476,35.476,2.3612,11.23,75,14.27,32.97,1000
630,46.781,35.551,35.551,2.362,11.231,75,14.28,32.98,1000
631,46.856,35.625,35.625,2.3627,11.231,75,14.29,32.99,1000
632,46.931,35.699,35.699,2.3634,11.232,75,14.3,33.0,1000
633,47.006,35.773,35.773,2.3641,11.233,75,14.31,33.01,1000
634,47.081,35.848,35.848,2.3649,11.234,75,14.32,33.02,1000
635,47.156,35.922,35.922,2.3656,11.234,75,14.33,33.03,1000
636,47.231,35.996,35.996,2.3663,11.235,75,14.34,33.04,1000
637,47.306,36.071,36.071,2.367,11.236,75,14.34,33.05,1000
638,47.381,36.145,36.145,2.3677,11.236,75,14.35,33.06,1000
639,47.456,36.219,36.219,2.3684,11.237,75,14.36,33.07,1000
640,47.531,36.293,36.293,2.369,11.238,75,14.37,33.08,1000
641,47.606,36.368,36.368,2.3697,11.238,75,14.38,33.09,1000
642,47.681,36.442,36.442,2.3704,11.239,75,14.39,33.1,1000
643,47.756,36.516,36.516,2.3711,11.24,75,14.4,33.11,1000
644,47.831,36.591,36.591,2.3717,11.24,75,14.4,33.12,1000
645,47.906,36.665,36.665,2.3724,11.241,75,14.41,33.13,1000
646,47.981,36.739,36.739,2.3731,11.242,75,14.42,33.13,1000
647,48.056,36.814,36.814,2.3737,11.242,75,14.43,33.14,1000
648,48.131,36.888,36.888,2.3744,11.243,75,14.44,33.15,1000
649,48.206,36.962,36.962,2.375,11.244,75,14.45,33.16,1000
650,48.281,37.037,37.037,2.3757,11.244,75,14.45,33.17,1000
651,48.356,37.111,37.111,2.3763,11.245,75,14.46,33.18,1000
652,48.431,37.186,37.186,2.3769,11.246,75,14.47,33.19,1000
653,48.506,37.26,37.26,2.3776,11.246,75,14.48,33.2,1000
654,48.581,37.334,37.334,2.3782,11.247,75,14.49,33.21,1000
655,48.656,37.409,37.409,2.3788,11.248,75,14.49,33.21,1000
656,48.731,37.483,37.483,2.3794,11.248,75,14.5,33.22,1000
657,48.806,37.557,37.557,2.38,11.249,75,14.51,33.23,1000
658,48.881,37.632,37.632,2.3806,11.249,75,14.52,33.24,1000
659,48.956,37.706,37.706,2.3812,11.25,75,14.52,33.25,1000
660,49.031,37.781,37.781,2.3818,11.251,75,14.53,33.26,1000
661,49.106,37.855,37.855,2.3824,11.251,75,14.54,33.26,1000
662,49.181,37.93,37.93,2.383,11.252,75,14.55,33.27,1000
663,49.256,38.004,38.004,2.3836,11.252,75,14.55,33.28,1000
664,49.331,38.078,38.078,2.3841,11.253,75,14.56,33.29,1000
665,49.406,38.153,38.153,2.3847,11.253,75,14.57,33.3,1000
666,49.481,38.227,38.227,2.3853,11.254,75,14.57,33.3,1000
667,49.556,38.302,38.302,2.3858,11.255,75,14.58,33.31,1000
668,49.631,38.376,38.376,2.3864,11.255,75,14.59,33.32,1000
669,49.706,38.451,38.451,2.387,11.256,75,14.6,33.33,1000
670,49.781,38.525,38.525,2.3875,11.256,75,14.6,33.34,1000
671,49.856,38.599,38.599,2.388,11.257,75,14.61,33.34,1000
672,49.931,38.674,38.674,2.3886,11.257,75,14.62,33.35,1000
673,50.006,38.748,38.748,2.3891,11.258,75,14.62,33.36,1000
674,50.081,38.823,38.823,2.3897,11.258,75,14.63,33.37,1000
675,50.156,38.897,38.897,2.3902,11.259,75,14.64,33.37,1000
676,50.231,38.972,38.972,2.3907,11.259,75,14.64,33.38,1000
677,50.306,39.046,39.046,2.3912,11.26,75,14.65,33.39,1000
678,50.381,39.121,39.121,2.3917,11.26,75,14.66,33.39,1000
679,50.456,39.195,39.195,2.3922,11.261,75,14.66,33.4,1000
680,50.531,39.27,39.27,2.3927,11.261,75,14.67,33.41,1000
681,50.606,39.344,39.344,2.3932,11.262,75,14.67,33.42,1000
682,50.681,39.419,39.419,2.3937,11.262,75,14.68,33.42,1000
683,50.756,39.493,39.493,2.3942,11.263,75,14.69,33.43,1000
684,50.831,39.568,39.568,2.3947,11.263,75,14.69,33.44,1000
685,50.906,39.642,39.642,2.3952,11.264,75,14.7,33.44,1000
686,50.981,39.717,39.717,2.3956,11.264,75,14.7,33.45,1000
687,51.056,39.791,39.791,2.3961,11.265,75,14.71,33.46,1000
688,51.131,39.866,39.866,2.3966,11.265,75,14.72,33.46,1000
689,51.206,39.94,39.94,2.397,11.266,75,14.72,33.47,1000
690,51.281,40.015,40.015,2.3975,11.266,75,14.73,33.48,1000
691,51.356,40.09,40.09,2.3979,11.267,75,14.73,33.48,1000
692,51.431,40.164,40.164,2.3984,11.267,75,14.74,33.49,1000
693,51.506,40.239,40.239,2.3988,11.268,75,14.74,33.49,1000
694,51.581,40.313,40.313,2.3993,11.268,75,14.75,33.5,1000
695,51.656,40.388,40.388,2.3997,11.268,75,14.76,33.51,1000
696,51.731,40.462,40.462,2.4001,11.269,75,14.76,33.51,1000
697,51.806,40.537,40.537,2.4005,11.269,75,14.77,33.52,1000
698,51.881,40.612,40.612,2.401,11.27,75,14.77,33.52,1000
699,51.956,40.686,40.686,2.4014,11.27,75,14.78,33.53,1000
700,52.031,40.761,40.761,2.4018,11.271,75,14.78,33.54,1000
701,52.106,40.835,40.835,2.4022,11.271,75,14.79,33.54,1000
702,52.181,40.91,40.91,2.4026,11.271,75,14.79,33.55,1000
703,52.256,40.985,40.985,2.403,11.272,75,14.8,33.55,1000
704,52.331,41.059,41.059,2.4034,11.272,75,14.8,33.56,1000
705,52.406,41.134,41.134,2.4038,11.273,75,14.81,33.56,1000
706,52.481,41.208,41.208,2.4041,11.273,75,14.81,33.57,1000
707,52.556,41.283,41.283,2.4045,11.273,75,14.82,33.57,1000
708,52.631,41.358,41.358,2.4049,11.274,75,14.82,33.58,1000
709,52.706,41.432,41.432,2.4052,11.274,75,14.83,33.58,1000
710,52.781,41.507,41.507,2.4056,11.274,75,14.83,33.59,1000
711,52.856,41.582,41.582,2.406,11.275,75,14.83,33.59,1000
712,52.931,41.656,41.656,2.4063,11.275,75,14.84,33.6,1000
713,53.006,41.731,41.731,2.4067,11.275,75,14.84,33.6,1000
714,53.081,41.805,41.805,2.407,11.276,75,14.85,33.61,1000
715,53.156,41.88,41.88,2.4073,11.276,75,14.85,33.61,1000
716,53.231,41.955,41.955,2.4077,11.276,75,14.86,33.62,1000
717,53.306,42.029,42.029,2.408,11.277,75,14.86,33.62,1000
718,53.381,42.104,42.104,2.4083,11.277,75,14.86,33.63,1000
719,53.456,42.179,42.179,2.4086,11.277,75,14.87,33.63,1000
720,53.531,42.254,42.254,2.409,11.278,75,14.87,33.64,1000
721,53.606,42.328,42.328,2.4093,11.278,75,14.88,33.64,1000
722,53.681,42.403,42.403,2.4096,11.278,75,14.88,33.64,1000
723,53.756,42.478,42.478,2.4099,11.279,75,14.88,33.65,1000
724,53.831,42.552,42.552,2.4102,11.279,75,14.89,33.65,1000
725,53.906,42.627,42.627,2.4105,11.279,75,14.89,33.66,1000
726,53.981,42.702,42.702,2.4107,11.279,75,14.89,33.66,1000
727,54.056,42.776,42.776,2.411,11.28,75,14.9,33.66,1000
728,54.131,42.851,42.851,2.4113,11.28,75,14.9,33.67,1000
729,54.206,42.926,42.926,2.4116,11.28,75,14.9,33.67,1000
730,54.281,43.001,43.001,2.4118,11.281,75,14.91,33.68,1000
731,54.356,43.075,43.075,2.4121,11.281,75,14.91,33.68,1000
732,54.431,43.15,43.15,2.4124,11.281,75,14.91,33.68,1000
733,54.506,43.225,43.225,2.4126,11.281,75,14.92,33.69,1000
734,54.581,43.3,43.3,2.4129,11.282,75,14.92,33.69,1000
735,54.656,43.374,43.374,2.4131,11.282,75,14.92,33.69,1000
736,54.731,43.449,43.449,2.4133,11.282,75,14.93,33.7,1000
737,54.806,43.524,43.524,2.4136,11.282,75,14.93,33.7,1000
738,54.881,43.599,43.599,2.4138,11.283,75,14.93,33.7,1000
739,54.956,43.673,43.673,2.414,11.283,75,14.94,33.71,1000
740,55.031,43.748,43.748,2.4142,11.283,75,14.94,33.71,1000
741,55.106,43.823,43.823,2.4145,11.283,75,14.94,33.71,1000
742,55.181,43.898,43.898,2.4147,11.283,75,14.94,33.72,1000
743,55.256,43.973,43.973,2.4149,11.284,75,14.95,33.72,1000
744,55.331,44.047,44.047,2.4151,11.284,75,14.95,33.72,1000
745,55.406,44.122,44.122,2.4153,11.284,75,14.95,33.72,1000
746,55.481,44.197,44.197,2.4155,11.284,75,14.95,33.73,1000
747,55.556,44.272,44.272,2.4156,11.284,75,14.96,33.73,1000
748,55.631,44.347,44.347,2.4158,11.285,75,14.96,33.73,1000
749,55.706,44.422,44.422,2.416,11.285,75,14.96,33.73,1000
750,55.781,44.496,44.496,2.4162,11.285,75,14.96,33.74,1000
751,55.856,44.571,44.571,2.4163,11.285,75,14.96,33.74,1000
752,55.931,44.646,44.646,2.4165,11.285,75,14.97,33.74,1000
753,56.006,44.721,44.721,2.4167,11.285,75,14.97,33.74,1000
754,56.081,44.796,44.796,2.4168,11.286,75,14.97,33.74,1000
755,56.156,44.871,44.871,2.4169,11.286,75,14.97,33.75,1000
756,56.231,44.945,44.945,2.4171,11.286,75,14.97,33.75,1000
757,56.306,45.02,45.02,2.4172,11.286,75,14.98,33.75,1000
758,56.381,45.095,45.095,2.4174,11.286,75,14.98,33.75,1000
759,56.456,45.17,45.17,2.4175,11.286,75,14.98,33.75,1000
760,56.531,45.245,45.245,2.4176,11.286,75,14.98,33.76,1000
761,56.606,45.32,45.32,2.4177,11.286,75,14.98,33.76,1000
762,56.681,45.395,45.395,2.4178,11.287,75,14.98,33.76,1000
763,56.756,45.47,45.47,2.418,11.287,75,14.98,33.76,1000
764,56.831,45.544,45.544,2.4181,11.287,75,14.99,33.76,1000
765,56.906,45.619,45.619,2.4182,11.287,75,14.99,33.76,1000
766,56.981,45.694,45.694,2.4183,11.287,75,14.99,33.77,1000
767,57.056,45.769,45.769,2.4183,11.287,75,14.99,33.77,1000
768,57.131,45.844,45.844,2.4184,11.287,75,14.99,33.77,1000
769,57.206,45.919,45.919,2.4185,11.287,75,14.99,33.77,1000
770,57.281,45.994,45.994,2.4186,11.287,75,14.99,33.77,1000
771,57.356,46.069,46.069,2.4187,11.287,75,14.99,33.77,1000
772,57.431,46.144,46.144,2.4187,11.287,75,14.99,33.77,1000
773,57.506,46.219,46.219,2.4188,11.288,75,15.0,33.77,1000
774,57.581,46.294,46.294,2.4188,11.288,75,15.0,33.77,1000
775,57.656,46.369,46.369,2.4189,11.288,75,15.0,33.77,1000
776,57.731,46.444,46.444,2.4189,11.288,75,15.0,33.77,1000
777,57.806,46.519,46.519,2.419,11.288,75,15.0,33.78,1000
778,57.881,46.593,46.593,2.419,11.288,75,15.0,33.78,1000
779,57.956,46.668,46.668,2.4191,11.288,75,15.0,33.78,1000
780,58.031,46.743,46.743,2.4191,11.288,75,15.0,33.78,1000
781,58.106,46.818,46.818,2.4191,11.288,75,15.0,33.78,1000
782,58.181,46.893,46.893,2.4191,11.288,75,15.0,33.78,1000
783,58.256,46.968,46.968,2.4191,11.288,75,15.0,33.78,1000
784,58.331,47.043,47.043,2.4192,11.288,75,15.0,33.78,1000
785,58.406,47.118,47.118,2.4192,11.288,75,15.0,33.78,1000
786,58.481,47.193,47.193,2.4192,11.288,75,15.0,33.78,1000
787,58.556,47.268,47.268,2.4191,11.288,75,15.0,33.78,1000
788,58.631,47.343,47.343,2.4191,11.288,75,15.0,33.78,1000
789,58.706,47.418,47.418,2.4191,11.288,75,15.0,33.78,1000
790,58.781,47.493,47.493,2.4191,11.288,75,15.0,33.78,1000
791,58.856,47.568,47.568,2.4191,11.288,75,15.0,33.78,1000
792,58.931,47.643,47.643,2.4191,11.288,75,15.0,33.78,1000
793,59.006,47.718,47.718,2.419,11.288,75,15.0,33.78,1000
794,59.081,47.794,47.794,2.419,11.288,75,15.0,33.78,1000
795,59.156,47.869,47.869,2.4189,11.288,75,15.0,33.77,1000
796,59.231,47.944,47.944,2.4189,11.288,75,15.0,33.77,1000
797,59.306,48.019,48.019,2.4188,11.288,75,15.0,33.77,1000
798,59.381,48.094,48.094,2.4188,11.288,75,15.0,33.77,1000
799,59.456,48.169,48.169,2.4187,11.287,75,14.99,33.77,1000
800,59.531,48.244,48.244,2.4186,11.287,75,14.99,33.77,1000
801,59.606,48.319,48.319,2.4186,11.287,75,14.99,33.77,1000
802,59.681,48.394,48.394,2.4185,11.287,75,14.99,33.77,1000
803,59.756,48.469,48.469,2.4184,11.287,75,14.99,33.77,1000
804,59.831,48.544,48.544,2.4183,11.287,75,14.99,33.77,1000
805,59.906,48.619,48.619,2.4182,11.287,75,14.99,33.76,1000
806,59.981,48.694,48.694,2.4181,11.287,75,14.99,33.76,1000
807,60.056,48.769,48.769,2.418,11.287,75,14.99,33.76,1000
808,60.131,48.845,48.845,2.4179,11.287,75,14.98,33.76,1000
809,60.206,48.92,48.92,2.4178,11.287,75,14.98,33.76,1000
810,60.281,48.995,48.995,2.4177,11.286,75,14.98,33.76,1000
811,60.356,49.07,49.07,2.4176,11.286,75,14.98,33.76,1000
812,60.431,49.145,49.145,2.4175,11.286,75,14.98,33.75,1000
813,60.506,49.22,49.22,2.4173,11.286,75,14.98,33.75,1000
814,60.581,49.295,49.295,2.4172,11.286,75,14.98,33.75,1000
815,60.656,49.37,49.37,2.4171,11.286,75,14.97,33.75,1000
816,60.731,49.446,49.446,2.4169,11.286,75,14.97,33.75,1000
817,60.806,49.521,49.521,2.4168,11.286,75,14.97,33.74,1000
818,60.881,49.596,49.596,2.4166,11.285,75,14.97,33.74,1000
819,60.956,49.671,49.671,2.4165,11.285,75,14.97,33.74,1000
820,61.031,49.746,49.746,2.4163,11.285,75,14.96,33.74,1000
821,61.106,49.821,49.821,2.4161,11.285,75,14.96,33.74,1000
822,61.181,49.897,49.897,2.416,11.285,75,14.96,33.73,1000
823,61.256,49.972,49.972,2.4158,11.285,75,14.96,33.73,1000
824,61.331,50.047,50.047,2.4156,11.284,75,14.96,33.73,1000
825,61.406,50.122,50.122,2.4154,11.284,75,14.95,33.73,1000
826,61.481,50.197,50.197,2.4152,11.284,75,14.95,33.72,1000
827,61.556,50.272,50.272,2.415,11.284,75,14.95,33.72,1000
828,61.631,50.348,50.348,2.4148,11.284,75,14.95,33.72,1000
829,61.706,50.423,50.423,2.4146,11.283,75,14.94,33.71,1000
830,61.781,50.498,50.498,2.4144,11.283,75,14.94,33.71,1000
831,61.856,50.573,50.573,2.4142,11.283,75,14.94,33.71,1000
832,61.931,50.649,50.649,2.414,11.283,75,14.93,33.71,1000
833,62.006,50.724,50.724,2.4137,11.282,75,14.93,33.7,1000
834,62.081,50.799,50.799,2.4135,11.282,75,14.93,33.7,1000
835,62.156,50.874,50.874,2.4133,11.282,75,14.93,33.7,1000
836,62.231,50.949,50.949,2.413,11.282,75,14.92,33.69,1000
837,62.306,51.025,51.025,2.4128,11.282,75,14.92,33.69,1000
838,62.381,51.1,51.1,2.4126,11.281,75,14.92,33.69,1000
839,62.456,51.175,51.175,2.4123,11.281,75,14.91,33.68,1000
840,62.531,51.25,51.25,2.412,11.281,75,14.91,33.68,1000
841,62.606,51.326,51.326,2.4118,11.281,75,14.91,33.67,1000
842,62.681,51.401,51.401,2.4115,11.28,75,14.9,33.67,1000
843,62.756,51.476,51.476,2.4112,11.28,75,14.9,33.67,1000
844,62.831,51.552,51.552,2.411,11.28,75,14.9,33.66,1000
845,62.906,51.627,51.627,2.4107,11.279,75,14.89,33.66,1000
846,62.981,51.702,51.702,2.4104,11.279,75,14.89,33.66,1000
847,63.056,51.777,51.777,2.4101,11.279,75,14.89,33.65,1000
848,63.131,51.853,51.853,2.4098,11.279,75,14.88,33.65,1000
849,63.206,51.928,51.928,2.4095,11.278,75,14.88,33.64,1000
850,63.281,52.003,52.003,2.4092,11.278,75,14.87,33.64,1000
851,63.356,52.079,52.079,2.4089,11.278,75,14.87,33.63,1000
852,63.431,52.154,52.154,2.4086,11.277,75,14.87,33.63,1000
853,63.506,52.229,52.229,2.4083,11.277,75,14.86,33.63,1000
854,63.581,52.305,52.305,2.4079,11.277,75,14.86,33.62,1000
855,63.656,52.38,52.38,2.4076,11.276,75,14.85,33.62,1000
856,63.731,52.455,52.455,2.4073,11.276,75,14.85,33.61,1000
857,63.806,52.531,52.531,2.4069,11.276,75,14.85,33.61,1000
858,63.881,52.606,52.606,2.4066,11.275,75,14.84,33.6,1000
859,63.956,52.681,52.681,2.4062,11.275,75,14.84,33.6,1000
860,64.031,52.757,52.757,2.4059,11.275,75,14.83,33.59,1000
861,64.106,52.832,52.832,2.4055,11.274,75,14.83,33.59,1000
862,64.181,52.907,52.907,2.4052,11.274,75,14.82,33.58,1000
863,64.256,52.983,52.983,2.4048,11.274,75,14.82,33.58,1000
864,64.331,53.058,53.058,2.4044,11.273,75,14.82,33.57,1000
865,64.406,53.133,53.133,2.4041,11.273,75,14.81,33.57,1000
866,64.481,53.209,53.209,2.4037,11.272,75,14.81,33.56,1000
867,64.556,53.284,53.284,2.4033,11.272,75,14.8,33.56,1000
868,64.631,53.36,53.36,2.4029,11.272,75,14.8,33.55,1000
869,64.706,53.435,53.435,2.4025,11.271,75,14.79,33.55,1000
870,64.781,53.51,53.51,2.4021,11.271,75,14.79,33.54,1000
871,64.856,53.586,53.586,2.4017,11.27,75,14.78,33.53,1000
872,64.931,53.661,53.661,2.4013,11.27,75,14.78,33.53,1000
873,65.006,53.737,53.737,2.4009,11.27,75,14.77,33.52,1000
874,65.081,53.812,53.812,2.4005,11.269,75,14.77,33.52,1000
875,65.156,53.887,53.887,2.4,11.269,75,14.76,33.51,1000
876,65.231,53.963,53.963,2.3996,11.268,75,14.75,33.5,1000
877,65.306,54.038,54.038,2.3992,11.268,75,14.75,33.5,1000
878,65.381,54.114,54.114,2.3987,11.267,75,14.74,33.49,1000
879,65.456,54.189,54.189,2.3983,11.267,75,14.74,33.49,1000
880,65.531,54.265,54.265,2.3979,11.267,75,14.73,33.48,1000
881,65.606,54.34,54.34,2.3974,11.266,75,14.73,33.47,1000
882,65.681,54.416,54.416,2.3969,11.266,75,14.72,33.47,1000
883,65.756,54.491,54.491,2.3965,11.265,75,14.72,33.46,1000
884,65.831,54.566,54.566,2.396,11.265,75,14.71,33.45,1000
885,65.906,54.642,54.642,2.3955,11.264,75,14.7,33.45,1000
886,65.981,54.717,54.717,2.3951,11.264,75,14.7,33.44,1000
887,66.056,54.793,54.793,2.3946,11.263,75,14.69,33.43,1000
888,66.131,54.868,54.868,2.3941,11.263,75,14.69,33.43,1000
889,66.206,54.944,54.944,2.3936,11.262,75,14.68,33.42,1000
890,66.281,55.019,55.019,2.3931,11.262,75,14.67,33.41,1000
891,66.356,55.095,55.095,2.3926,11.261,75,14.67,33.41,1000
892,66.431,55.17,55.17,2.3921,11.261,75,14.66,33.4,1000
893,66.506,55.246,55.246,2.3916,11.26,75,14.65,33.39,1000
894,66.581,55.321,55.321,2.3911,11.26,75,14.65,33.39,1000
895,66.656,55.397,55.397,2.3906,11.259,75,14.64,33.38,1000
896,66.731,55.472,55.472,2.3901,11.259,75,14.63,33.37,1000
897,66.806,55.548,55.548,2.3895,11.258,75,14.63,33.36,1000
898,66.881,55.623,55.623,2.389,11.258,75,14.62,33.36,1000
899,66.956,55.699,55.699,2.3885,11.257,75,14.61,33.35,1000
900,67.031,55.775,55.775,2.3879,11.257,75,14.61,33.34,1000
901,67.106,55.85,55.85,2.3874,11.256,75,14.6,33.33,1000
902,67.181,55.926,55.926,2.3868,11.256,75,14.59,33.33,1000
903,67.256,56.001,56.001,2.3863,11.255,75,14.59,33.32,1000
904,67.331,56.077,56.077,2.3857,11.254,75,14.58,33.31,1000
905,67.406,56.152,56.152,2.3852,11.254,75,14.57,33.3,1000
906,67.481,56.228,56.228,2.3846,11.253,75,14.57,33.3,1000
907,67.556,56.303,56.303,2.384,11.253,75,14.56,33.29,1000
908,67.631,56.379,56.379,2.3835,11.252,75,14.55,33.28,1000
909,67.706,56.455,56.455,2.3829,11.252,75,14.54,33.27,1000
910,67.781,56.53,56.53,2.3823,11.251,75,14.54,33.26,1000
911,67.856,56.606,56.606,2.3817,11.25,75,14.53,33.25,1000
912,67.931,56.681,56.681,2.3811,11.25,75,14.52,33.25,1000
913,68.006,56.757,56.757,2.3805,11.249,75,14.51,33.24,1000
914,68.081,56.833,56.833,2.3799,11.249,75,14.51,33.23,1000
915,68.156,56.908,56.908,2.3793,11.248,75,14.5,33.22,1000
916,68.231,56.984,56.984,2.3787,11.247,75,14.49,33.21,1000
917,68.306,57.059,57.059,2.378,11.247,75,14.48,33.2,1000
918,68.381,57.135,57.135,2.3774,11.246,75,14.48,33.2,1000
919,68.456,57.211,57.211,2.3768,11.246,75,14.47,33.19,1000
920,68.531,57.286,57.286,2.3762,11.245,75,14.46,33.18,1000
921,68.606,57.362,57.362,2.3755,11.244,75,14.45,33.17,1000
922,68.681,57.438,57.438,2.3749,11.244,75,14.44,33.16,1000
923,68.756,57.513,57.513,2.3742,11.243,75,14.44,33.15,1000
924,68.831,57.589,57.589,2.3736,11.242,75,14.43,33.14,1000
925,68.906,57.665,57.665,2.3729,11.242,75,14.42,33.13,1000
926,68.981,57.74,57.74,2.3723,11.241,75,14.41,33.12,1000
927,69.056,57.816,57.816,2.3716,11.24,75,14.4,33.11,1000
928,69.131,57.892,57.892,2.3709,11.24,75,14.39,33.1,1000
929,69.206,57.967,57.967,2.3703,11.239,75,14.39,33.1,1000
930,69.281,58.043,58.043,2.3696,11.238,75,14.38,33.09,1000
931,69.356,58.119,58.119,2.3689,11.238,75,14.37,33.08,1000
932,69.431,58.194,58.194,2.3682,11.237,75,14.36,33.07,1000
933,69.506,58.27,58.27,2.3675,11.236,75,14.35,33.06,1000
934,69.581,58.346,58.346,2.3668,11.236,75,14.34,33.05,1000
935,69.656,58.421,58.421,2.3661,11.235,75,14.33,33.04,1000
936,69.731,58.497,58.497,2.3654,11.234,75,14.32,33.03,1000
937,69.806,58.573,58.573,2.3647,11.233,75,14.32,33.02,1000
938,69.881,58.649,58.649,2.364,11.233,75,14.31,33.01,1000
939,69.956,58.724,58.724,2.3633,11.232,75,14.3,33.0,1000
940,70.031,58.8,58.8,2.3625,11.231,75,14.29,32.99,1000
941,70.106,58.876,58.876,2.3618,11.231,75,14.28,32.98,1000
942,70.181,58.951,58.951,2.3611,11.23,75,14.27,32.97,1000
943,70.256,59.027,59.027,2.3603,11.229,75,14.26,32.96,1000
944,70.331,59.103,59.103,2.3596,11.228,75,14.25,32.95,1000
945,70.406,59.179,59.179,2.3589,11.228,75,14.24,32.94,1000
946,70.481,59.254,59.254,2.3581,11.227,75,14.23,32.93,1000
947,70.556,59.33,59.33,2.3574,11.226,75,14.22,32.91,1000
948,70.631,59.406,59.406,2.3566,11.225,75,14.21,32.9,1000
949,70.706,59.482,59.482,2.3558,11.225,75,14.2,32.89,1000
950,70.781,59.557,59.557,2.3551,11.224,75,14.19,32.88,1000
951,70.856,59.633,59.633,2.3543,11.223,75,14.18,32.87,1000
952,70.931,59.709,59.709,2.3535,11.222,75,14.17,32.86,1000
953,71.006,59.785,59.785,2.3527,11.221,75,14.17,32.85,1000
954,71.081,59.861,59.861,2.3519,11.221,75,14.16,32.84,1000
955,71.156,59.936,59.936,2.3511,11.22,75,14.15,32.83,1000
956,71.231,60.012,60.012,2.3503,11.219,75,14.14,32.82,1000
957,71.306,60.088,60.088,2.3495,11.218,75,14.13,32.81,1000
958,71.381,60.164,60.164,2.3487,11.217,75,14.12,32.79,1000
959,71.456,60.24,60.24,2.3479,11.217,75,14.1,32.78,1000
960,71.531,60.315,60.315,2.3471,11.216,75,14.09,32.77,1000
961,71.606,60.391,60.391,2.3463,11.215,75,14.08,32.76,1000
962,71.681,60.467,60.467,2.3455,11.214,75,14.07,32.75,1000
963,71.756,60.543,60.543,2.3446,11.213,75,14.06,32.74,1000
964,71.831,60.619,60.619,2.3438,11.213,75,14.05,32.73,1000
965,71.906,60.695,60.695,2.343,11.212,75,14.04,32.71,1000
966,71.981,60.77,60.77,2.3421,11.211,75,14.03,32.7,1000
967,72.056,60.846,60.846,2.3413,11.21,75,14.02,32.69,1000
968,72.131,60.922,60.922,2.3404,11.209,75,14.01,32.68,1000
969,72.206,60.998,60.998,2.3396,11.208,75,14.0,32.67,1000
970,72.281,61.074,61.074,2.3387,11.207,75,13.99,32.65,1000
971,72.356,61.15,61.15,2.3379,11.207,75,13.98,32.64,1000
972,72.431,61.226,61.226,2.337,11.206,75,13.97,32.63,1000
973,72.506,61.301,61.301,2.3361,11.205,75,13.96,32.62,1000
974,72.581,61.377,61.377,2.3352,11.204,75,13.95,32.61,1000
975,72.656,61.453,61.453,2.3344,11.203,75,13.93,32.59,1000
976,72.731,61.529,61.529,2.3335,11.202,75,13.92,32.58,1000
977,72.806,61.605,61.605,2.3326,11.201,75,13.91,32.57,1000
978,72.881,61.681,61.681,2.3317,11.2,75,13.9,32.56,1000
979,72.956,61.757,61.757,2.3308,11.2,75,13.89,32.54,1000
980,73.031,61.833,61.833,2.3299,11.199,75,13.88,32.53,1000
981,73.106,61.909,61.909,2.329,11.198,75,13.87,32.52,1000
982,73.181,61.984,61.984,2.3281,11.197,75,13.86,32.51,1000
983,73.256,62.06,62.06,2.3271,11.196,75,13.84,32.49,1000
984,73.331,62.136,62.136,2.3262,11.195,75,13.83,32.48,1000
985,73.406,62.212,62.212,2.3253,11.194,75,13.82,32.47,1000
986,73.481,62.288,62.288,2.3244,11.193,75,13.81,32.45,1000
987,73.556,62.364,62.364,2.3234,11.192,75,13.8,32.44,1000
988,73.631,62.44,62.44,2.3225,11.191,75,13.79,32.43,1000
989,73.706,62.516,62.516,2.3216,11.19,75,13.77,32.41,1000
990,73.781,62.592,62.592,2.3206,11.189,75,13.76,32.4,1000
991,73.856,62.668,62.668,2.3197,11.188,75,13.75,32.39,1000
992,73.931,62.744,62.744,2.3187,11.187,75,13.74,32.38,1000
993,74.006,62.82,62.82,2.3177,11.186,75,13.73,32.36,1000
994,74.081,62.896,62.896,2.3168,11.186,75,13.71,32.35,1000
995,74.156,62.972,62.972,2.3158,11.185,75,13.7,32.33,1000
996,74.231,63.048,63.048,2.3148,11.184,75,13.69,32.32,1000
997,74.306,63.124,63.124,2.3138,11.183,75,13.68,32.31,1000
998,74.381,63.2,63.2,2.3129,11.182,75,13.66,32.29,1000
999,74.456,63.276,63.276,2.3119,11.181,75,13.65,32.28,1000
1000,74.531,63.352,63.352,2.3109,11.18,75,13.64,32.27,1000
1001,74.606,63.428,63.428,2.3099,11.179,75,13.63,32.25,1000
1002,74.681,63.504,63.504,2.3089,11.178,75,13.61,32.24,1000
1003,74.756,63.58,63.58,2.3079,11.177,75,13.6,32.22,1000
1004,74.831,63.656,63.656,2.3069,11.176,75,13.59,32.21,1000
1005,74.906,63.732,63.732,2.3059,11.175,75,13.58,32.2,1000
1006,74.981,63.808,63.808,2.3048,11.174,75,13.56,32.18,1000
1007,75.056,63.884,63.884,2.3038,11.173,75,13.55,32.17,1000
1008,75.131,63.96,63.96,2.3028,11.172,75,13.54,32.15,1000
1009,75.206,64.036,64.036,2.3018,11.171,75,13.52,32.14,1000
1010,75.281,64.112,64.112,2.3007,11.169,75,13.51,32.12,1000
1011,75.356,64.188,64.188,2.2997,11.168,75,13.5,32.11,1000
1012,75.431,64.264,64.264,2.2987,11.167,75,13.49,32.1,1000
1013,75.506,64.34,64.34,2.2976,11.166,75,13.47,32.08,1000
1014,75.581,64.416,64.416,2.2966,11.165,75,13.46,32.07,1000
1015,75.656,64.492,64.492,2.2955,11.164,75,13.45,32.05,1000
1016,75.731,64.568,64.568,2.2944,11.163,75,13.43,32.04,1000
1017,75.806,64.644,64.644,2.2934,11.162,75,13.42,32.02,1000
1018,75.881,64.72,64.72,2.2923,11.161,75,13.41,32.01,1000
1019,75.956,64.796,64.796,2.2912,11.16,75,13.39,31.99,1000
1020,76.031,64.872,64.872,2.2902,11.159,75,13.38,31.98,1000
1021,76.106,64.948,64.948,2.2891,11.158,75,13.37,31.96,1000
1022,76.181,65.025,65.025,2.288,11.157,75,13.35,31.95,1000
1023,76.256,65.101,65.101,2.2869,11.156,75,13.34,31.93,1000
1024,76.331,65.177,65.177,2.2858,11.155,75,13.32,31.92,1000
1025,76.406,65.253,65.253,2.2847,11.153,75,13.31,31.9,1000
1026,76.481,65.329,65.329,2.2836,11.152,75,13.3,31.89,1000
1027,76.556,65.405,65.405,2.2825,11.151,75,13.28,31.87,1000
1028,76.631,65.481,65.481,2.2814,11.15,75,13.27,31.85,1000
1029,76.706,65.557,65.557,2.2803,11.149,75,13.25,31.84,1000
1030,76.781,65.633,65.633,2.2791,11.148,75,13.24,31.82,1000
1031,76.856,65.709,65.709,2.278,11.147,75,13.23,31.81,1000
1032,76.931,65.786,65.786,2.2769,11.146,75,13.21,31.79,1000
1033,77.006,65.862,65.862,2.2758,11.145,75,13.2,31.78,1000
1034,77.081,65.938,65.938,2.2746,11.143,75,13.18,31.76,1000
1035,77.156,66.014,66.014,2.2735,11.142,75,13.17,31.74,1000
1036,77.231,66.09,66.09,2.2723,11.141,75,13.16,31.73,1000
1037,77.306,66.166,66.166,2.2712,11.14,75,13.14,31.71,1000
1038,77.381,66.242,66.242,2.27,11.139,75,13.13,31.7,1000
1039,77.456,66.319,66.319,2.2689,11.138,75,13.11,31.68,1000
1040,77.531,66.395,66.395,2.2677,11.136,75,13.1,31.66,1000
1041,77.606,66.471,66.471,2.2666,11.135,75,13.08,31.65,1000
1042,77.681,66.547,66.547,2.2654,11.134,75,13.07,31.63,1000
1043,77.756,66.623,66.623,2.2642,11.133,75,13.05,31.61,1000
1044,77.831,66.699,66.699,2.263,11.132,75,13.04,31.6,1000
1045,77.906,66.776,66.776,2.2618,11.131,75,13.02,31.58,1000
1046,77.981,66.852,66.852,2.2607,11.129,75,13.01,31.56,1000
1047,78.056,66.928,66.928,2.2595,11.128,75,12.99,31.55,1000
1048,78.131,67.004,67.004,2.2583,11.127,75,12.98,31.53,1000
1049,78.206,67.08,67.08,2.2571,11.126,75,12.96,31.51,1000
1050,78.281,67.157,67.157,2.2559,11.125,75,12.95,31.5,1000
1051,78.356,67.233,67.233,2.2547,11.123,75,12.93,31.48,1000
1052,78.431,67.309,67.309,2.2535,11.122,75,12.92,31.46,1000
1053,78.506,67.385,67.385,2.2522,11.121,75,12.9,31.45,1000
1054,78.581,67.461,67.461,2.251,11.12,75,12.89,31.43,1000
1055,78.656,67.538,67.538,2.2498,11.119,75,12.87,31.41,1000
1056,78.731,67.614,67.614,2.2486,11.117,75,12.86,31.4,1000
1057,78.806,67.69,67.69,2.2473,11.116,75,12.84,31.38,1000
1058,78.881,67.766,67.766,2.2461,11.115,75,12.83,31.36,1000
1059,78.956,67.843,67.843,2.2449,11.114,75,12.81,31.34,1000
1060,79.031,67.919,67.919,2.2436,11.112,75,12.79,31.33,1000
1061,79.106,67.995,67.995,2.2424,11.111,75,12.78,31.31,1000
1062,79.181,68.071,68.071,2.2411,11.11,75,12.76,31.29,1000
1063,79.256,68.148,68.148,2.2399,11.109,75,12.75,31.27,1000
1064,79.331,68.224,68.224,2.2386,11.107,75,12.73,31.26,1000
1065,79.406,68.3,68.3,2.2373,11.106,75,12.72,31.24,1000
1066,79.481,68.376,68.376,2.2361,11.105,75,12.7,31.22,1000
1067,79.556,68.453,68.453,2.2348,11.104,75,12.68,31.2,1000
1068,79.631,68.529,68.529,2.2335,11.102,75,12.67,31.19,1000
1069,79.706,68.605,68.605,2.2322,11.101,75,12.65,31.17,1000
1070,79.781,68.682,68.682,2.231,11.1,75,12.63,31.15,1000
1071,79.856,68.758,68.758,2.2297,11.098,75,12.62,31.13,1000
1072,79.931,68.834,68.834,2.2284,11.097,75,12.6,31.11,1000
1073,80.006,68.91,68.91,2.2271,11.096,75,12.59,31.1,1000
1074,80.081,68.987,68.987,2.2258,11.095,75,12.57,31.08,1000
1075,80.156,69.063,69.063,2.2245,11.093,75,12.55,31.06,1000
1076,80.231,69.139,69.139,2.2232,11.092,75,12.54,31.04,1000
1077,80.306,69.216,69.216,2.2218,11.091,75,12.52,31.02,1000
1078,80.381,69.292,69.292,2.2205,11.089,75,12.5,31.0,1000
1079,80.456,69.368,69.368,2.2192,11.088,75,12.49,30.99,1000
1080,80.531,69.445,69.445,2.2179,11.087,75,12.47,30.97,1000
1081,80.606,69.521,69.521,2.2166,11.085,75,12.45,30.95,1000
1082,80.681,69.597,69.597,2.2152,11.084,75,12.44,30.93,1000
1083,80.756,69.674,69.674,2.2139,11.083,75,12.42,30.91,1000
1084,80.831,69.75,69.75,2.2125,11.081,75,12.4,30.89,1000
1085,80.906,69.826,69.826,2.2112,11.08,75,12.39,30.87,1000
1086,80.981,69.903,69.903,2.2099,11.079,75,12.37,30.86,1000
1087,81.056,69.979,69.979,2.2085,11.077,75,12.35,30.84,1000
1088,81.131,70.055,70.055,2.2071,11.076,75,12.34,30.82,1000
1089,81.206,70.132,70.132,2.2058,11.075,75,12.32,30.8,1000
1090,81.281,70.208,70.208,2.2044,11.073,75,12.3,30.78,1000
1091,81.356,70.284,70.284,2.2031,11.072,75,12.28,30.76,1000
1092,81.431,70.361,70.361,2.2017,11.07,75,12.27,30.74,1000
1093,81.506,70.437,70.437,2.2003,11.069,75,12.25,30.72,1000
1094,81.581,70.514,70.514,2.1989,11.068,75,12.23,30.7,1000
1095,81.656,70.59,70.59,2.1975,11.066,75,12.22,30.68,1000
1096,81.731,70.666,70.666,2.1962,11.065,75,12.2,30.66,1000
1097,81.806,70.743,70.743,2.1948,11.064,75,12.18,30.64,1000
1098,81.881,70.819,70.819,2.1934,11.062,75,12.16,30.63,1000
1099,81.956,70.896,70.896,2.192,11.061,75,12.15,30.61,1000
1100,82.031,70.972,70.972,2.1906,11.059,75,12.13,30.59,1000
1101,82.106,71.048,71.048,2.1892,11.058,75,12.11,30.57,1000
1102,82.181,71.125,71.125,2.1877,11.056,75,12.09,30.55,1000
1103,82.256,71.201,71.201,2.1863,11.055,75,12.07,30.53,1000
1104,82.331,71.278,71.278,2.1849,11.054,75,12.06,30.51,1000
1105,82.406,71.354,71.354,2.1835,11.052,75,12.04,30.49,1000
1106,82.481,71.43,71.43,2.1821,11.051,75,12.02,30.47,1000
1107,82.556,71.507,71.507,2.1806,11.049,75,12.0,30.45,1000
1108,82.631,71.583,71.583,2.1792,11.048,75,11.98,30.43,1000
1109,82.706,71.66,71.66,2.1778,11.047,75,11.97,30.41,1000
1110,82.781,71.736,71.736,2.1763,11.045,75,11.95,30.39,1000
1111,82.856,71.813,71.813,2.1749,11.044,75,11.93,30.37,1000
1112,82.931,71.889,71.889,2.1734,11.042,75,11.91,30.35,1000
1113,83.006,71.966,71.966,2.172,11.041,75,11.89,30.33,1000
1114,83.081,72.042,72.042,2.1705,11.039,75,11.88,30.31,1000
1115,83.156,72.118,72.118,2.1691,11.038,75,11.86,30.29,1000
1116,83.231,72.195,72.195,2.1676,11.036,75,11.84,30.27,1000
1117,83.306,72.271,72.271,2.1661,11.035,75,11.82,30.24,1000
1118,83.381,72.348,72.348,2.1647,11.033,75,11.8,30.22,1000
1119,83.456,72.424,72.424,2.1632,11.032,75,11.78,30.2,1000
1120,83.531,72.501,72.501,2.1617,11.03,75,11.76,30.18,1000
1121,83.606,72.577,72.577,2.1602,11.029,75,11.75,30.16,1000
1122,83.681,72.654,72.654,2.1587,11.027,75,11.73,30.14,1000
1123,83.756,72.73,72.73,2.1572,11.026,75,11.71,30.12,1000
1124,83.831,72.807,72.807,2.1557,11.024,75,11.69,30.1,1000
1125,83.906,72.883,72.883,2.1542,11.023,75,11.67,30.08,1000
1126,83.981,72.96,72.96,2.1527,11.021,75,11.65,30.06,1000
1127,84.056,73.036,73.036,2.1512,11.02,75,11.63,30.04,1000
1128,84.131,73.113,73.113,2.1497,11.018,75,11.61,30.02,1000
1129,84.206,73.189,73.189,2.1482,11.017,75,11.6,29.99,1000
1130,84.281,73.266,73.266,2.1467,11.015,75,11.58,29.97,1000
1131,84.356,73.342,73.342,2.1452,11.014,75,11.56,29.95,1000
1132,84.431,73.419,73.419,2.1437,11.012,75,11.54,29.93,1000
1133,84.506,73.495,73.495,2.1421,11.011,75,11.52,29.91,1000
1134,84.581,73.572,73.572,2.1406,11.009,75,11.5,29.89,1000
1135,84.656,73.648,73.648,2.1391,11.008,75,11.48,29.87,1000
1136,84.731,73.725,73.725,2.1375,11.006,75,11.46,29.85,1000
1137,84.806,73.802,73.802,2.136,11.005,75,11.44,29.82,1000
1138,84.881,73.878,73.878,2.1344,11.003,75,11.42,29.8,1000
1139,84.956,73.955,73.955,2.1329,11.002,75,11.4,29.78,1000
1140,85.031,74.031,74.031,2.1313,11.0,75,11.38,29.76,1000
1141,85.106,74.108,74.108,2.1298,10.999,75,11.36,29.74,1000
1142,85.181,74.184,74.184,2.1282,10.997,75,11.34,29.72,1000
1143,85.256,74.261,74.261,2.1267,10.995,75,11.32,29.69,1000
1144,85.331,74.337,74.337,2.1251,10.994,75,11.3,29.67,1000
1145,85.406,74.414,74.414,2.1235,10.992,75,11.28,29.65,1000
1146,85.481,74.491,74.491,2.1219,10.991,75,11.27,29.63,1000
1147,85.556,74.567,74.567,2.1204,10.989,75,11.25,29.61,1000
1148,85.631,74.644,74.644,2.1188,10.988,75,11.23,29.58,1000
1149,85.706,74.72,74.72,2.1172,10.986,75,11.21,29.56,1000
1150,85.781,74.797,74.797,2.1156,10.984,75,11.19,29.54,1000
1151,85.856,74.873,74.873,2.114,10.983,75,11.17,29.52,1000
1152,85.931,74.95,74.95,2.1124,10.981,75,11.15,29.5,1000
1153,86.006,75.027,75.027,2.1108,10.98,75,11.13,29.47,1000
1154,86.081,75.103,75.103,2.1092,10.978,75,11.11,29.45,1000
1155,86.156,75.18,75.18,2.1076,10.976,75,11.09,29.43,1000
1156,86.231,75.256,75.256,2.106,10.975,75,11.06,29.41,1000
1157,86.306,75.333,75.333,2.1044,10.973,75,11.04,29.38,1000
1158,86.381,75.41,75.41,2.1028,10.972,75,11.02,29.36,1000
1159,86.456,75.486,75.486,2.1012,10.97,75,11.0,29.34,1000
1160,86.531,75.563,75.563,2.0995,10.968,75,10.98,29.31,1000
1161,86.606,75.64,75.64,2.0979,10.967,75,10.96,29.29,1000
1162,86.681,75.716,75.716,2.0963,10.965,75,10.94,29.27,1000
1163,86.756,75.793,75.793,2.0946,10.963,75,10.92,29.25,1000
1164,86.831,75.87,75.87,2.093,10.962,75,10.9,29.22,1000
1165,86.906,75.946,75.946,2.0914,10.96,75,10.88,29.2,1000
1166,86.981,76.023,76.023,2.0897,10.958,75,10.86,29.18,1000
1167,87.056,76.099,76.099,2.0881,10.957,75,10.84,29.15,1000
1168,87.131,76.176,76.176,2.0864,10.955,75,10.82,29.13,1000
1169,87.206,76.253,76.253,2.0848,10.954,75,10.8,29.11,1000
1170,87.281,76.329,76.329,2.0831,10.952,75,10.78,29.09,1000
1171,87.356,76.406,76.406,2.0814,10.95,75,10.76,29.06,1000
1172,87.431,76.483,76.483,2.0798,10.949,75,10.74,29.04,1000
1173,87.506,76.559,76.559,2.0781,10.947,75,10.71,29.02,1000
1174,87.581,76.636,76.636,2.0764,10.945,75,10.69,28.99,1000
1175,87.656,76.713,76.713,2.0748,10.944,75,10.67,28.97,1000
1176,87.731,76.789,76.789,2.0731,10.942,75,10.65,28.95,1000
1177,87.806,76.866,76.866,2.0714,10.94,75,10.63,28.92,1000
1178,87.881,76.943,76.943,2.0697,10.938,75,10.61,28.9,1000
1179,87.956,77.019,77.019,2.068,10.937,75,10.59,28.87,1000
1180,88.031,77.096,77.096,2.0663,10.935,75,10.57,28.85,1000
1181,88.106,77.173,77.173,2.0646,10.933,75,10.54,28.83,1000
1182,88.181,77.25,77.25,2.0629,10.932,75,10.52,28.8,1000
1183,88.256,77.326,77.326,2.0612,10.93,75,10.5,28.78,1000
1184,88.331,77.403,77.403,2.0595,10.928,75,10.48,28.76,1000
1185,88.406,77.48,77.48,2.0578,10.927,75,10.46,28.73,1000
1186,88.481,77.556,77.556,2.0561,10.925,75,10.44,28.71,1000
1187,88.556,77.633,77.633,2.0544,10.923,75,10.42,28.68,1000
1188,88.631,77.71,77.71,2.0527,10.921,75,10.39,28.66,1000
1189,88.706,77.787,77.787,2.0509,10.92,75,10.37,28.64,1000
1190,88.781,77.863,77.863,2.0492,10.918,75,10.35,28.61,1000
1191,88.856,77.94,77.94,2.0475,10.916,75,10.33,28.59,1000
1192,88.931,78.017,78.017,2.0457,10.914,75,10.31,28.56,1000
1193,89.006,78.093,78.093,2.044,10.913,75,10.29,28.54,1000
1194,89.081,78.17,78.17,2.0423,10.911,75,10.26,28.52,1000
1195,89.156,78.247,78.247,2.0405,10.909,75,10.24,28.49,1000
1196,89.231,78.324,78.324,2.0388,10.908,75,10.22,28.47,1000
1197,89.306,78.4,78.4,2.037,10.906,75,10.2,28.44,1000
1198,89.381,78.477,78.477,2.0353,10.904,75,10.18,28.42,1000
1199,89.456,78.554,78.554,2.0335,10.902,75,10.15,28.39,1000
1200,89.531,78.631,78.631,2.0318,10.901,75,10.13,28.37,1000
1201,89.606,78.707,78.707,2.03,10.899,75,10.11,28.34,1000
1202,89.681,78.784,78.784,2.0282,10.897,75,10.09,28.32,1000
1203,89.756,78.861,78.861,2.0265,10.895,75,10.07,28.29,1000
1204,89.831,78.938,78.938,2.0247,10.893,75,10.04,28.27,1000
1205,89.906,79.015,79.015,2.0229,10.892,75,10.02,28.25,1000
1206,89.981,79.091,79.091,2.0211,10.89,75,10.0,28.22,1000
1207,90.056,79.168,79.168,2.0194,10.888,75,9.98,28.2,1000
1208,90.131,79.245,79.245,2.0176,10.886,75,9.95,28.17,1000
1209,90.206,79.322,79.322,2.0158,10.885,75,9.93,28.15,1000
1210,90.281,79.398,79.398,2.014,10.883,75,9.91,28.12,1000
1211,90.356,79.475,79.475,2.0122,10.881,75,9.89,28.1,1000
1212,90.431,79.552,79.552,2.0104,10.879,75,9.86,28.07,1000
1213,90.506,79.629,79.629,2.0086,10.877,75,9.84,28.05,1000
1214,90.581,79.706,79.706,2.0068,10.876,75,9.82,28.02,1000
1215,90.656,79.782,79.782,2.005,10.874,75,9.8,28.0,1000
1216,90.731,79.859,79.859,2.0032,10.872,75,9.77,27.97,1000
1217,90.806,79.936,79.936,2.0014,10.87,75,9.75,27.94,1000
1218,90.881,80.013,80.013,1.9996,10.868,75,9.73,27.92,1000
1219,90.956,80.09,80.09,1.9977,10.866,75,9.7,27.89,1000
1220,91.031,80.167,80.167,1.9959,10.865,75,9.68,27.87,1000
1221,91.106,80.243,80.243,1.9941,10.863,75,9.66,27.84,1000
1222,91.181,80.32,80.32,1.9923,10.861,75,9.64,27.82,1000
1223,91.256,80.397,80.397,1.9904,10.859,75,9.61,27.79,1000
1224,91.331,80.474,80.474,1.9886,10.857,75,9.59,27.77,1000
1225,91.406,80.551,80.551,1.9868,10.856,75,9.57,27.74,1000
1226,91.481,80.628,80.628,1.9849,10.854,75,9.54,27.71,1000
1227,91.556,80.704,80.704,1.9831,10.852,75,9.52,27.69,1000
1228,91.631,80.781,80.781,1.9812,10.85,75,9.5,27.66,1000
1229,91.706,80.858,80.858,1.9794,10.848,75,9.47,27.64,1000
1230,91.781,80.935,80.935,1.9775,10.846,75,9.45,27.61,1000
1231,91.856,81.012,81.012,1.9757,10.844,75,9.43,27.59,1000
1232,91.931,81.089,81.089,1.9738,10.843,75,9.4,27.56,1000
1233,92.006,81.166,81.166,1.972,10.841,75,9.38,27.53,1000
1234,92.081,81.242,81.242,1.9701,10.839,75,9.36,27.51,1000
1235,92.156,81.319,81.319,1.9682,10.837,75,9.33,27.48,1000
1236,92.231,81.396,81.396,1.9664,10.835,75,9.31,27.46,1000
1237,92.306,81.473,81.473,1.9645,10.833,75,9.29,27.43,1000
1238,92.381,81.55,81.55,1.9626,10.831,75,9.26,27.4,1000
1239,92.456,81.627,81.627,1.9607,10.829,75,9.24,27.38,1000
1240,92.531,81.704,81.704,1.9588,10.828,75,9.22,27.35,1000
1241,92.606,81.781,81.781,1.957,10.826,75,9.19,27.32,1000
1242,92.681,81.857,81.857,1.9551,10.824,75,9.17,27.3,1000
1243,92.756,81.934,81.934,1.9532,10.822,75,9.14,27.27,1000
1244,92.831,82.011,82.011,1.9513,10.82,75,9.12,27.25,1000
1245,92.906,82.088,82.088,1.9494,10.818,75,9.1,27.22,1000
1246,92.981,82.165,82.165,1.9475,10.816,75,9.07,27.19,1000
1247,93.056,82.242,82.242,1.9456,10.814,75,9.05,27.17,1000
1248,93.131,82.319,82.319,1.9437,10.812,75,9.03,27.14,1000
1249,93.206,82.396,82.396,1.9418,10.811,75,9.0,27.11,1000
1250,93.281,82.473,82.473,1.9399,10.809,75,8.98,27.09,1000
1251,93.356,82.55,82.55,1.938,10.807,75,8.95,27.06,1000
1252,93.431,82.626,82.626,1.936,10.805,75,8.93,27.03,1000
1253,93.506,82.703,82.703,1.9341,10.803,75,8.9,27.01,1000
1254,93.581,82.78,82.78,1.9322,10.801,75,8.88,26.98,1000
1255,93.656,82.857,82.857,1.9303,10.799,75,8.86,26.95,1000
1256,93.731,82.934,82.934,1.9283,10.797,75,8.83,26.92,1000
1257,93.806,83.011,83.011,1.9264,10.795,75,8.81,26.9,1000
1258,93.881,83.088,83.088,1.9245,10.793,75,8.78,26.87,1000
1259,93.956,83.165,83.165,1.9225,10.791,75,8.76,26.84,1000
1260,94.031,83.242,83.242,1.9206,10.789,75,8.73,26.82,1000
1261,94.106,83.319,83.319,1.9187,10.787,75,8.71,26.79,1000
1262,94.181,83.396,83.396,1.9167,10.785,75,8.69,26.76,1000
1263,94.256,83.473,83.473,1.9148,10.784,75,8.66,26.74,1000
1264,94.331,83.55,83.55,1.9128,10.782,75,8.64,26.71,1000
1265,94.406,83.627,83.627,1.9109,10.78,75,8.61,26.68,1000
1266,94.481,83.704,83.704,1.9089,10.778,75,8.59,26.65,1000
1267,94.556,83.781,83.781,1.9069,10.776,75,8.56,26.63,1000
1268,94.631,83.858,83.858,1.905,10.774,75,8.54,26.6,1000
1269,94.706,83.934,83.934,1.903,10.772,75,8.51,26.57,1000
1270,94.781,84.011,84.011,1.9011,10.77,75,8.49,26.54,1000
1271,94.856,84.088,84.088,1.8991,10.768,75,8.46,26.52,1000
1272,94.931,84.165,84.165,1.8971,10.766,75,8.44,26.49,1000
1273,95.006,84.242,84.242,1.8951,10.764,75,8.41,26.46,1000
1274,95.081,84.319,84.319,1.8932,10.762,75,8.39,26.43,1000
1275,95.156,84.396,84.396,1.8912,10.76,75,8.37,26.41,1000
1276,95.231,84.473,84.473,1.8892,10.758,75,8.34,26.38,1000
1277,95.306,84.55,84.55,1.8872,10.756,75,8.32,26.35,1000
1278,95.381,84.627,84.627,1.8852,10.754,75,8.29,26.32,1000
1279,95.456,84.704,84.704,1.8832,10.752,75,8.27,26.29,1000
1280,95.531,84.781,84.781,1.8812,10.75,75,8.24,26.27,1000
1281,95.606,84.858,84.858,1.8792,10.748,75,8.22,26.24,1000
1282,95.681,84.935,84.935,1.8772,10.746,75,8.19,26.21,1000
1283,95.756,85.012,85.012,1.8752,10.744,75,8.16,26.18,1000
1284,95.831,85.089,85.089,1.8732,10.742,75,8.14,26.16,1000
1285,95.906,85.166,85.166,1.8712,10.74,75,8.11,26.13,1000
1286,95.981,85.243,85.243,1.8692,10.738,75,8.09,26.1,1000
1287,96.056,85.32,85.32,1.8672,10.736,75,8.06,26.07,1000
1288,96.131,85.397,85.397,1.8652,10.734,75,8.04,26.04,1000
1289,96.206,85.474,85.474,1.8632,10.732,75,8.01,26.01,1000
1290,96.281,85.551,85.551,1.8612,10.73,75,7.99,25.99,1000
1291,96.356,85.628,85.628,1.8591,10.728,75,7.96,25.96,1000
1292,96.431,85.705,85.705,1.8571,10.726,75,7.94,25.93,1000
1293,96.506,85.782,85.782,1.8551,10.724,75,7.91,25.9,1000
1294,96.581,85.859,85.859,1.8531,10.722,75,7.89,25.87,1000
1295,96.656,85.936,85.936,1.851,10.72,75,7.86,25.85,1000
1296,96.731,86.014,86.014,1.849,10.718,75,7.84,25.82,1000
1297,96.806,86.091,86.091,1.847,10.716,75,7.81,25.79,1000
1298,96.881,86.168,86.168,1.8449,10.714,75,7.78,25.76,1000
1299,96.956,86.245,86.245,1.8429,10.712,75,7.76,25.73,1000
1300,97.031,86.322,86.322,1.8408,10.71,75,7.73,25.7,1000
1301,97.106,86.399,86.399,1.8388,10.708,75,7.71,25.67,1000
1302,97.181,86.476,86.476,1.8367,10.705,75,7.68,25.65,1000
1303,97.256,86.553,86.553,1.8347,10.703,75,7.66,25.62,1000
1304,97.331,86.63,86.63,1.8326,10.701,75,7.63,25.59,1000
1305,97.406,86.707,86.707,1.8306,10.699,75,7.6,25.56,1000
1306,97.481,86.784,86.784,1.8285,10.697,75,7.58,25.53,1000
1307,97.556,86.861,86.861,1.8264,10.695,75,7.55,25.5,1000
1308,97.631,86.938,86.938,1.8244,10.693,75,7.53,25.47,1000
1309,97.706,87.015,87.015,1.8223,10.691,75,7.5,25.44,1000
1310,97.781,87.092,87.092,1.8202,10.689,75,7.47,25.42,1000
1311,97.856,87.169,87.169,1.8182,10.687,75,7.45,25.39,1000
1312,97.931,87.246,87.246,1.8161,10.685,75,7.42,25.36,1000
1313,98.006,87.323,87.323,1.814,10.683,75,7.4,25.33,1000
1314,98.081,87.401,87.401,1.812,10.681,75,7.37,25.3,1000
1315,98.156,87.478,87.478,1.8099,10.679,75,7.34,25.27,1000
1316,98.231,87.555,87.555,1.8078,10.677,75,7.32,25.24,1000
1317,98.306,87.632,87.632,1.8057,10.674,75,7.29,25.21,1000
1318,98.381,87.709,87.709,1.8036,10.672,75,7.26,25.18,1000
1319,98.456,87.786,87.786,1.8015,10.67,75,7.24,25.15,1000
1320,98.531,87.863,87.863,1.7994,10.668,75,7.21,25.12,1000
1321,98.606,87.94,87.94,1.7973,10.666,75,7.19,25.1,1000
1322,98.681,88.017,88.017,1.7952,10.664,75,7.16,25.07,1000
1323,98.756,88.094,88.094,1.7931,10.662,75,7.13,25.04,1000
1324,98.831,88.171,88.171,1.791,10.66,75,7.11,25.01,1000
1325,98.906,88.249,88.249,1.7889,10.658,75,7.08,24.98,1000
1326,98.981,88.326,88.326,1.7868,10.656,75,7.05,24.95,1000
1327,99.056,88.403,88.403,1.7847,10.653,75,7.03,24.92,1000
1328,99.131,88.48,88.48,1.7826,10.651,75,7.0,24.89,1000
1329,99.206,88.557,88.557,1.7805,10.649,75,6.97,24.86,1000
1330,99.281,88.634,88.634,1.7784,10.647,75,6.95,24.83,1000
1331,99.356,88.711,88.711,1.7763,10.645,75,6.92,24.8,1000
1332,99.431,88.788,88.788,1.7742,10.643,75,6.89,24.77,1000
1333,99.506,88.865,88.865,1.772,10.641,75,6.87,24.74,1000
1334,99.581,88.943,88.943,1.7699,10.639,75,6.84,24.71,1000
1335,99.656,89.02,89.02,1.7678,10.637,75,6.81,24.68,1000
1336,99.731,89.097,89.097,1.7657,10.634,75,6.79,24.65,1000
1337,99.806,89.174,89.174,1.7635,10.632,75,6.76,24.62,1000
1338,99.881,89.251,89.251,1.7614,10.63,75,6.73,24.59,1000
1339,99.956,89.328,89.328,1.7593,10.628,75,6.71,24.56,1000
1340,100.031,89.405,89.405,1.7571,10.626,75,6.68,24.53,1000
1341,100.106,89.483,89.483,1.755,10.624,75,6.65,24.5,1000
1342,100.181,89.56,89.56,1.7528,10.622,75,6.63,24.47,1000
1343,100.256,89.637,89.637,1.7507,10.619,75,6.6,24.44,1000
1344,100.331,89.714,89.714,1.7486,10.617,75,6.57,24.41,1000
1345,100.406,89.791,89.791,1.7464,10.615,75,6.55,24.38,1000
1346,100.481,89.868,89.868,1.7443,10.613,75,6.52,24.35,1000
1347,100.556,89.945,89.945,1.7421,10.611,75,6.49,24.32,1000
1348,100.631,90.023,90.023,1.74,10.609,75,6.46,24.29,1000
1349,100.706,90.1,90.1,1.7378,10.607,75,6.44,24.26,1000
1350,100.781,90.177,90.177,1.7356,10.604,75,6.41,24.23,1000
1351,100.856,90.254,90.254,1.7335,10.602,75,6.38,24.2,1000
1352,100.931,90.331,90.331,1.7313,10.6,75,6.36,24.17,1000
1353,101.006,90.408,90.408,1.7292,10.598,75,6.33,24.14,1000
1354,101.081,90.486,90.486,1.727,10.596,75,6.3,24.11,1000
1355,101.156,90.563,90.563,1.7248,10.594,75,6.27,24.08,1000
1356,101.231,90.64,90.64,1.7227,10.591,75,6.25,24.05,1000
1357,101.306,90.717,90.717,1.7205,10.589,75,6.22,24.02,1000
1358,101.381,90.794,90.794,1.7183,10.587,75,6.19,23.99,1000
1359,101.456,90.871,90.871,1.7161,10.585,75,6.17,23.96,1000
1360,101.531,90.949,90.949,1.714,10.583,75,6.14,23.93,1000
1361,101.606,91.026,91.026,1.7118,10.581,75,6.11,23.9,1000
1362,101.681,91.103,91.103,1.7096,10.578,75,6.08,23.87,1000
1363,101.756,91.18,91.18,1.7074,10.576,75,6.06,23.84,1000
1364,101.831,91.257,91.257,1.7052,10.574,75,6.03,23.81,1000
1365,101.906,91.334,91.334,1.703,10.572,75,6.0,23.78,1000
1366,101.981,91.412,91.412,1.7009,10.57,75,5.97,23.75,1000
1367,102.056,91.489,91.489,1.6987,10.567,75,5.95,23.72,1000
1368,102.131,91.566,91.566,1.6965,10.565,75,5.92,23.69,1000
1369,102.206,91.643,91.643,1.6943,10.563,75,5.89,23.66,1000
1370,102.281,91.72,91.72,1.6921,10.561,75,5.86,23.63,1000
1371,102.356,91.798,91.798,1.6899,10.559,75,5.84,23.6,1000
1372,102.431,91.875,91.875,1.6877,10.556,75,5.81,23.56,1000
1373,102.506,91.952,91.952,1.6855,10.554,75,5.78,23.53,1000
1374,102.581,92.029,92.029,1.6833,10.552,75,5.75,23.5,1000
1375,102.656,92.106,92.106,1.6811,10.55,75,5.72,23.47,1000
1376,102.731,92.184,92.184,1.6789,10.548,75,5.7,23.44,1000
1377,102.806,92.261,92.261,1.6767,10.545,75,5.67,23.41,1000
1378,102.881,92.338,92.338,1.6744,10.543,75,5.64,23.38,1000
1379,102.956,92.415,92.415,1.6722,10.541,75,5.61,23.35,1000
1380,103.031,92.492,92.492,1.67,10.539,75,5.59,23.32,1000
1381,103.106,92.57,92.57,1.6678,10.537,75,5.56,23.29,1000
1382,103.181,92.647,92.647,1.6656,10.534,75,5.53,23.26,1000
1383,103.256,92.724,92.724,1.6634,10.532,75,5.5,23.22,1000
1384,103.331,92.801,92.801,1.6611,10.53,75,5.47,23.19,1000
1385,103.406,92.879,92.879,1.6589,10.528,75,5.45,23.16,1000
1386,103.481,92.956,92.956,1.6567,10.525,75,5.42,23.13,1000
1387,103.556,93.033,93.033,1.6545,10.523,75,5.39,23.1,1000
1388,103.631,93.11,93.11,1.6522,10.521,75,5.36,23.07,1000
1389,103.706,93.187,93.187,1.65,10.519,75,5.33,23.04,1000
1390,103.781,93.265,93.265,1.6478,10.517,75,5.31,23.01,1000
1391,103.856,93.342,93.342,1.6455,10.514,75,5.28,22.98,1000
1392,103.931,93.419,93.419,1.6433,10.512,75,5.25,22.94,1000
1393,104.006,93.496,93.496,1.6411,10.51,75,5.22,22.91,1000
1394,104.081,93.574,93.574,1.6388,10.508,75,5.19,22.88,1000
1395,104.156,93.651,93.651,1.6366,10.505,75,5.17,22.85,1000
1396,104.231,93.728,93.728,1.6343,10.503,75,5.14,22.82,1000
1397,104.306,93.805,93.805,1.6321,10.501,75,5.11,22.79,1000
1398,104.381,93.883,93.883,1.6299,10.499,75,5.08,22.76,1000
1399,104.456,93.96,93.96,1.6276,10.496,75,5.05,22.73,1000
1400,104.531,94.037,94.037,1.6254,10.494,75,5.02,22.69,1000
1401,104.606,94.114,94.114,1.6231,10.492,75,5.0,22.66,1000
1402,104.681,94.192,94.192,1.6209,10.49,75,4.97,22.63,1000
1403,104.756,94.269,94.269,1.6186,10.487,75,4.94,22.6,1000
1404,104.831,94.346,94.346,1.6163,10.485,75,4.91,22.57,1000
1405,104.906,94.423,94.423,1.6141,10.483,75,4.88,22.54,1000
1406,104.981,94.501,94.501,1.6118,10.481,75,4.85,22.51,1000
1407,105.056,94.578,94.578,1.6096,10.478,75,4.83,22.47,1000
1408,105.131,94.655,94.655,1.6073,10.476,75,4.8,22.44,1000
1409,105.206,94.732,94.732,1.605,10.474,75,4.77,22.41,1000
1410,105.281,94.81,94.81,1.6028,10.472,75,4.74,22.38,1000
1411,105.356,94.887,94.887,1.6005,10.469,75,4.71,22.35,1000
1412,105.431,94.964,94.964,1.5983,10.467,75,4.68,22.32,1000
1413,105.506,95.042,95.042,1.596,10.465,75,4.66,22.28,1000
1414,105.581,95.119,95.119,1.5937,10.462,75,4.63,22.25,1000
1415,105.656,95.196,95.196,1.5914,10.46,75,4.6,22.22,1000
1416,105.731,95.273,95.273,1.5892,10.458,75,4.57,22.19,1000
1417,105.806,95.351,95.351,1.5869,10.456,75,4.54,22.16,1000
1418,105.881,95.428,95.428,1.5846,10.453,75,4.51,22.13,1000
1419,105.956,95.505,95.505,1.5823,10.451,75,4.48,22.09,1000
1420,106.031,95.582,95.582,1.5801,10.449,75,4.46,22.06,1000
1421,106.106,95.66,95.66,1.5778,10.447,75,4.43,22.03,1000
1422,106.181,95.737,95.737,1.5755,10.444,75,4.4,22.0,1000
1423,106.256,95.814,95.814,1.5732,10.442,75,4.37,21.97,1000
1424,106.331,95.892,95.892,1.5709,10.44,75,4.34,21.93,1000
1425,106.406,95.969,95.969,1.5686,10.437,75,4.31,21.9,1000
1426,106.481,96.046,96.046,1.5664,10.435,75,4.28,21.87,1000
1427,106.556,96.123,96.123,1.5641,10.433,75,4.25,21.84,1000
1428,106.631,96.201,96.201,1.5618,10.431,75,4.23,21.81,1000
1429,106.706,96.278,96.278,1.5595,10.428,75,4.2,21.77,1000
1430,106.781,96.355,96.355,1.5572,10.426,75,4.17,21.74,1000
1431,106.856,96.433,96.433,1.5549,10.424,75,4.14,21.71,1000
1432,106.931,96.51,96.51,1.5526,10.421,75,4.11,21.68,1000
1433,107.006,96.587,96.587,1.5503,10.419,75,4.08,21.65,1000
1434,107.081,96.664,96.664,1.548,10.417,75,4.05,21.61,1000
1435,107.156,96.742,96.742,1.5457,10.414,75,4.02,21.58,1000
1436,107.231,96.819,96.819,1.5434,10.412,75,4.0,21.55,1000
1437,107.306,96.896,96.896,1.5411,10.41,75,3.97,21.52,1000
1438,107.381,96.974,96.974,1.5388,10.408,75,3.94,21.49,1000
1439,107.456,97.051,97.051,1.5365,10.405,75,3.91,21.45,1000
1440,107.531,97.128,97.128,1.5342,10.403,75,3.88,21.42,1000
1441,107.606,97.206,97.206,1.5319,10.401,75,3.85,21.39,1000
1442,107.681,97.283,97.283,1.5296,10.398,75,3.82,21.36,1000
1443,107.756,97.36,97.36,1.5273,10.396,75,3.79,21.32,1000
1444,107.831,97.438,97.438,1.525,10.394,75,3.76,21.29,1000
1445,107.906,97.515,97.515,1.5227,10.391,75,3.73,21.26,1000
1446,107.981,97.592,97.592,1.5203,10.389,75,3.71,21.23,1000
1447,108.056,97.669,97.669,1.518,10.387,75,3.68,21.2,1000
1448,108.131,97.747,97.747,1.5157,10.384,75,3.65,21.16,1000
1449,108.206,97.824,97.824,1.5134,10.382,75,3.62,21.13,1000
1450,108.281,97.901,97.901,1.5111,10.38,75,3.59,21.1,1000
1451,108.356,97.979,97.979,1.5088,10.378,75,3.56,21.07,1000
1452,108.431,98.056,98.056,1.5064,10.375,75,3.53,21.03,1000
1453,108.506,98.133,98.133,1.5041,10.373,75,3.5,21.0,1000
1454,108.581,98.211,98.211,1.5018,10.371,75,3.47,20.97,1000
1455,108.656,98.288,98.288,1.4995,10.368,75,3.44,20.94,1000
1456,108.731,98.365,98.365,1.4971,10.366,75,3.41,20.9,1000
1457,108.806,98.443,98.443,1.4948,10.364,75,3.38,20.87,1000
1458,108.881,98.52,98.52,1.4925,10.361,75,3.36,20.84,1000
1459,108.956,98.597,98.597,1.4902,10.359,75,3.33,20.81,1000
1460,109.031,98.675,98.675,1.4878,10.357,75,3.3,20.77,1000
1461,109.106,98.752,98.752,1.4855,10.354,75,3.27,20.74,1000
1462,109.181,98.829,98.829,1.4832,10.352,75,3.24,20.71,1000
1463,109.256,98.907,98.907,1.4808,10.35,75,3.21,20.68,1000
1464,109.331,98.984,98.984,1.4785,10.347,75,3.18,20.64,1000
1465,109.406,99.061,99.061,1.4762,10.345,75,3.15,20.61,1000
1466,109.481,99.139,99.139,1.4738,10.343,75,3.12,20.58,1000
1467,109.556,99.216,99.216,1.4715,10.34,75,3.09,20.55,1000
1468,109.631,99.293,99.293,1.4692,10.338,75,3.06,20.51,1000
1469,109.706,99.371,99.371,1.4668,10.336,75,3.03,20.48,1000
1470,109.781,99.448,99.448,1.4645,10.333,75,3.0,20.45,1000
1471,109.856,99.525,99.525,1.4622,10.331,75,2.97,20.42,1000
1472,109.931,99.603,99.603,1.4598,10.329,75,2.94,20.38,1000
1473,110.006,99.68,99.68,1.4575,10.326,75,2.92,20.35,1000
1474,110.081,99.757,99.757,1.4551,10.324,75,2.89,20.32,1000
1475,110.156,99.835,99.835,1.4528,10.322,75,2.86,20.28,1000
1476,110.231,99.912,99.912,1.4504,10.319,75,2.83,20.25,1000
1477,110.306,99.989,99.989,1.4481,10.317,75,2.8,20.22,1000
1478,110.381,100.067,100.067,1.4458,10.315,75,2.77,20.19,1000
1479,110.456,100.144,100.144,1.4434,10.312,75,2.74,20.15,1000
1480,110.531,100.221,100.221,1.4411,10.31,75,2.71,20.12,1000
1481,110.606,100.299,100.299,1.4387,10.307,75,2.68,20.09,1000
1482,110.681,100.376,100.376,1.4364,10.305,75,2.65,20.06,1000
1483,110.756,100.453,100.453,1.434,10.303,75,2.62,20.02,1000
1484,110.831,100.531,100.531,1.4317,10.3,75,2.59,19.99,1000
1485,110.906,100.608,100.608,1.4293,10.298,75,2.56,19.96,1000
1486,110.981,100.686,100.686,1.427,10.296,75,2.53,19.92,1000
1487,111.056,100.763,100.763,1.4246,10.293,75,2.5,19.89,1000
1488,111.131,100.84,100.84,1.4223,10.291,75,2.47,19.86,1000
1489,111.206,100.918,100.918,1.4199,10.289,75,2.44,19.83,1000
1490,111.281,100.995,100.995,1.4175,10.286,75,2.41,19.79,1000
1491,111.356,101.072,101.072,1.4152,10.284,75,2.38,19.76,1000
1492,111.431,101.15,101.15,1.4128,10.282,75,2.35,19.73,1000
1493,111.506,101.227,101.227,1.4105,10.279,75,2.32,19.69,1000
1494,111.581,101.304,101.304,1.4081,10.277,75,2.29,19.66,1000
1495,111.656,101.382,101.382,1.4058,10.275,75,2.27,19.63,1000
1496,111.731,101.459,101.459,1.4034,10.272,75,2.24,19.6,1000
1497,111.806,101.536,101.536,1.401,10.27,75,2.21,19.56,1000
1498,111.881,101.614,101.614,1.3987,10.267,75,2.18,19.53,1000
1499,111.956,101.691,101.691,1.3963,10.265,75,2.15,19.5,1000
1500,112.031,101.769,101.769,1.3939,10.263,75,2.12,19.46,1000
1501,112.106,101.846,101.846,1.3916,10.26,75,2.09,19.43,1000
1502,112.181,101.923,101.923,1.3892,10.258,75,2.06,19.4,1000
1503,112.256,102.001,102.001,1.3868,10.256,75,2.03,19.36,1000
1504,112.331,102.078,102.078,1.3845,10.253,75,2.0,19.33,1000
1505,112.406,102.155,102.155,1.3821,10.251,75,1.97,19.3,1000
1506,112.481,102.233,102.233,1.3798,10.249,75,1.94,19.26,1000
1507,112.556,102.31,102.31,1.3774,10.246,75,1.91,19.23,1000
1508,112.631,102.387,102.387,1.375,10.244,75,1.88,19.2,1000
1509,112.706,102.465,102.465,1.3726,10.241,75,1.85,19.17,1000
1510,112.781,102.542,102.542,1.3703,10.239,75,1.82,19.13,1000
1511,112.856,102.62,102.62,1.3679,10.237,75,1.79,19.1,1000
1512,112.931,102.697,102.697,1.3655,10.234,75,1.76,19.07,1000
1513,113.006,102.774,102.774,1.3632,10.232,75,1.73,19.03,1000
1514,113.081,102.852,102.852,1.3608,10.23,75,1.7,19.0,1000
1515,113.156,102.929,102.929,1.3584,10.227,75,1.67,18.97,1000
1516,113.231,103.006,103.006,1.356,10.225,75,1.64,18.93,1000
1517,113.306,103.084,103.084,1.3537,10.222,75,1.61,18.9,1000
1518,113.381,103.161,103.161,1.3513,10.22,75,1.58,18.87,1000
1519,113.456,103.239,103.239,1.3489,10.218,75,1.55,18.83,1000
1520,113.531,103.316,103.316,1.3466,10.215,75,1.52,18.8,1000
1521,113.606,103.393,103.393,1.3442,10.213,75,1.49,18.77,1000
1522,113.681,103.471,103.471,1.3418,10.211,75,1.46,18.74,1000
1523,113.756,103.548,103.548,1.3394,10.208,75,1.43,18.7,1000
1524,113.831,103.625,103.625,1.337,10.206,75,1.4,18.67,1000
1525,113.906,103.703,103.703,1.3347,10.203,75,1.37,18.64,1000
1526,113.981,103.78,103.78,1.3323,10.201,75,1.34,18.6,1000
1527,114.056,103.858,103.858,1.3299,10.199,75,1.31,18.57,1000
1528,114.131,103.935,103.935,1.3275,10.196,75,1.28,18.54,1000
1529,114.206,104.012,104.012,1.3252,10.194,75,1.25,18.5,1000
1530,114.281,104.09,104.09,1.3228,10.192,75,1.22,18.47,1000
1531,114.356,104.167,104.167,1.3204,10.189,75,1.19,18.44,1000
1532,114.431,104.244,104.244,1.318,10.187,75,1.16,18.4,1000
1533,114.506,104.322,104.322,1.3156,10.184,75,1.13,18.37,1000
1534,114.581,104.399,104.399,1.3133,10.182,75,1.1,18.34,1000
1535,114.656,104.477,104.477,1.3109,10.18,75,1.07,18.3,1000
1536,114.731,104.554,104.554,1.3085,10.177,75,1.04,18.27,1000
1537,114.806,104.631,104.631,1.3061,10.175,75,1.01,18.24,1000
1538,114.881,104.709,104.709,1.3037,10.172,75,0.98,18.2,1000
1539,114.956,104.786,104.786,1.3014,10.17,75,0.95,18.17,1000
1540,115.031,104.864,104.864,1.299,10.168,75,0.92,18.14,1000
1541,115.106,104.941,104.941,1.2966,10.165,75,0.89,18.1,1000
1542,115.181,105.018,105.018,1.2942,10.163,75,0.86,18.07,1000
1543,115.256,105.096,105.096,1.2918,10.161,75,0.83,18.04,1000
1544,115.331,105.173,105.173,1.2894,10.158,75,0.8,18.0,1000
1545,115.406,105.25,105.25,1.287,10.156,75,0.77,17.97,1000
1546,115.481,105.328,105.328,1.2847,10.153,75,0.74,17.94,1000
1547,115.556,105.405,105.405,1.2823,10.151,75,0.71,17.9,1000
1548,115.631,105.483,105.483,1.2799,10.149,75,0.68,17.87,1000
1549,115.706,105.56,105.56,1.2775,10.146,75,0.65,17.84,1000
1550,115.781,105.637,105.637,1.2751,10.144,75,0.62,17.8,1000
1551,115.856,105.715,105.715,1.2727,10.141,75,0.59,17.77,1000
1552,115.931,105.792,105.792,1.2704,10.139,75,0.56,17.74,1000
1553,116.006,105.87,105.87,1.268,10.137,75,0.53,17.7,1000
1554,116.081,105.947,105.947,1.2656,10.134,75,0.5,17.67,1000
1555,116.156,106.024,106.024,1.2632,10.132,75,0.47,17.64,1000
1556,116.231,106.102,106.102,1.2608,10.13,75,0.44,17.6,1000
1557,116.306,106.179,106.179,1.2584,10.127,75,0.41,17.57,1000
1558,116.381,106.256,106.256,1.256,10.125,75,0.38,17.54,1000
1559,116.456,106.334,106.334,1.2537,10.122,75,0.35,17.5,1000
1560,116.531,106.411,106.411,1.2513,10.12,75,0.32,17.47,1000
1561,116.606,106.489,106.489,1.2489,10.118,75,0.29,17.44,1000
1562,116.681,106.566,106.566,1.2465,10.115,75,0.26,17.4,1000
1563,116.756,106.643,106.643,1.2441,10.113,75,0.23,17.37,1000
1564,116.831,106.721,106.721,1.2417,10.11,75,0.2,17.34,1000
1565,116.906,106.798,106.798,1.2393,10.108,75,0.17,17.3,1000
1566,116.981,106.876,106.876,1.2369,10.106,75,0.14,17.27,1000
1567,117.056,106.953,106.953,1.2346,10.103,75,0.11,17.24,1000
1568,117.131,107.03,107.03,1.2322,10.101,75,0.08,17.2,1000
1569,117.206,107.108,107.108,1.2298,10.099,75,0.05,17.17,1000
1570,117.281,107.185,107.185,1.2274,10.096,75,0.02,17.14,1000
1571,117.356,107.262,107.262,1.225,10.094,75,-0.01,17.1,1000
1572,117.431,107.34,107.34,1.2226,10.091,75,-0.04,17.07,1000
1573,117.506,107.417,107.417,1.2202,10.089,75,-0.07,17.04,1000
1574,117.581,107.495,107.495,1.2178,10.087,75,-0.1,17.0,1000
1575,117.656,107.572,107.572,1.2155,10.084,75,-0.13,16.97,1000
1576,117.731,107.649,107.649,1.2131,10.082,75,-0.16,16.94,1000
1577,117.806,107.727,107.727,1.2107,10.079,75,-0.19,16.9,1000
1578,117.881,107.804,107.804,1.2083,10.077,75,-0.22,16.87,1000
1579,117.956,107.882,107.882,1.2059,10.075,75,-0.25,16.84,1000
1580,118.031,107.959,107.959,1.2035,10.072,75,-0.28,16.8,1000
1581,118.106,108.036,108.036,1.2011,10.07,75,-0.31,16.77,1000
1582,118.181,108.114,108.114,1.1987,10.067,75,-0.34,16.74,1000
1583,118.256,108.191,108.191,1.1964,10.065,75,-0.37,16.7,1000
1584,118.331,108.269,108.269,1.194,10.063,75,-0.4,16.67,1000
1585,118.406,108.346,108.346,1.1916,10.06,75,-0.43,16.64,1000
1586,118.481,108.423,108.423,1.1892,10.058,75,-0.46,16.6,1000
1587,118.556,108.501,108.501,1.1868,10.056,75,-0.49,16.57,1000
1588,118.631,108.578,108.578,1.1844,10.053,75,-0.52,16.54,1000
1589,118.706,108.655,108.655,1.182,10.051,75,-0.55,16.5,1000
1590,118.781,108.733,108.733,1.1797,10.048,75,-0.58,16.47,1000
1591,118.856,108.81,108.81,1.1773,10.046,75,-0.61,16.44,1000
1592,118.931,108.888,108.888,1.1749,10.044,75,-0.64,16.4,1000
1593,119.006,108.965,108.965,1.1725,10.041,75,-0.67,16.37,1000
1594,119.081,109.042,109.042,1.1701,10.039,75,-0.7,16.34,1000
1595,119.156,109.12,109.12,1.1677,10.036,75,-0.73,16.3,1000
1596,119.231,109.197,109.197,1.1653,10.034,75,-0.76,16.27,1000
1597,119.306,109.275,109.275,1.163,10.032,75,-0.79,16.24,1000
1598,119.381,109.352,109.352,1.1606,10.029,75,-0.82,16.2,1000
1599,119.456,109.429,109.429,1.1582,10.027,75,-0.85,16.17,1000
1600,119.531,109.507,109.507,1.1558,10.025,75,-0.88,16.14,1000
1601,119.606,109.584,109.584,1.1534,10.022,75,-0.91,16.1,1000
1602,119.681,109.661,109.661,1.151,10.02,75,-0.94,16.07,1000
1603,119.756,109.739,109.739,1.1487,10.017,75,-0.97,16.04,1000
1604,119.831,109.816,109.816,1.1463,10.015,75,-1.0,16.01,1000
1605,119.906,109.894,109.894,1.1439,10.013,75,-1.03,15.97,1000
1606,119.981,109.971,109.971,1.1415,10.01,75,-1.06,15.94,1000
1607,120.056,110.048,110.048,1.1391,10.008,75,-1.09,15.91,1000
1608,120.131,110.126,110.126,1.1368,10.006,75,-1.12,15.87,1000
1609,120.206,110.203,110.203,1.1344,10.003,75,-1.14,15.84,1000
1610,120.281,110.281,110.281,1.132,10.001,75,-1.17,15.81,1000
1611,120.356,110.358,110.358,1.1296,9.998,75,-1.2,15.77,1000
1612,120.431,110.435,110.435,1.1272,9.996,75,-1.23,15.74,1000
1613,120.506,110.513,110.513,1.1249,9.994,75,-1.26,15.71,1000
1614,120.581,110.59,110.59,1.1225,9.991,75,-1.29,15.67,1000
1615,120.656,110.667,110.667,1.1201,9.989,75,-1.32,15.64,1000
1616,120.731,110.745,110.745,1.1177,9.986,75,-1.35,15.61,1000
1617,120.806,110.822,110.822,1.1153,9.984,75,-1.38,15.57,1000
1618,120.881,110.9,110.9,1.113,9.982,75,-1.41,15.54,1000
1619,120.956,110.977,110.977,1.1106,9.979,75,-1.44,15.51,1000
1620,121.031,111.054,111.054,1.1082,9.977,75,-1.47,15.47,1000
1621,121.106,111.132,111.132,1.1058,9.975,75,-1.5,15.44,1000
1622,121.181,111.209,111.209,1.1035,9.972,75,-1.53,15.41,1000
1623,121.256,111.286,111.286,1.1011,9.97,75,-1.56,15.37,1000
1624,121.331,111.364,111.364,1.0987,9.967,75,-1.59,15.34,1000
1625,121.406,111.441,111.441,1.0963,9.965,75,-1.62,15.31,1000
1626,121.481,111.519,111.519,1.094,9.963,75,-1.65,15.27,1000
1627,121.556,111.596,111.596,1.0916,9.96,75,-1.68,15.24,1000
1628,121.631,111.673,111.673,1.0892,9.958,75,-1.71,15.21,1000
1629,121.706,111.751,111.751,1.0869,9.956,75,-1.74,15.18,1000
1630,121.781,111.828,111.828,1.0845,9.953,75,-1.77,15.14,1000
1631,121.856,111.905,111.905,1.0821,9.951,75,-1.8,15.11,1000
1632,121.931,111.983,111.983,1.0797,9.948,75,-1.83,15.08,1000
1633,122.006,112.06,112.06,1.0774,9.946,75,-1.86,15.04,1000
1634,122.081,112.137,112.137,1.075,9.944,75,-1.89,15.01,1000
1635,122.156,112.215,112.215,1.0726,9.941,75,-1.92,14.98,1000
1636,122.231,112.292,112.292,1.0703,9.939,75,-1.95,14.94,1000
1637,122.306,112.37,112.37,1.0679,9.937,75,-1.98,14.91,1000
1638,122.381,112.447,112.447,1.0655,9.934,75,-2.01,14.88,1000
1639,122.456,112.524,112.524,1.0632,9.932,75,-2.04,14.84,1000
1640,122.531,112.602,112.602,1.0608,9.93,75,-2.07,14.81,1000
1641,122.606,112.679,112.679,1.0584,9.927,75,-2.1,14.78,1000
1642,122.681,112.756,112.756,1.0561,9.925,75,-2.13,14.75,1000
1643,122.756,112.834,112.834,1.0537,9.922,75,-2.16,14.71,1000
1644,122.831,112.911,112.911,1.0514,9.92,75,-2.19,14.68,1000
1645,122.906,112.989,112.989,1.049,9.918,75,-2.22,14.65,1000
1646,122.981,113.066,113.066,1.0466,9.915,75,-2.25,14.61,1000
1647,123.056,113.143,113.143,1.0443,9.913,75,-2.28,14.58,1000
1648,123.131,113.221,113.221,1.0419,9.911,75,-2.31,14.55,1000
1649,123.206,113.298,113.298,1.0396,9.908,75,-2.34,14.51,1000
1650,123.281,113.375,113.375,1.0372,9.906,75,-2.37,14.48,1000
1651,123.356,113.453,113.453,1.0348,9.904,75,-2.4,14.45,1000
1652,123.431,113.53,113.53,1.0325,9.901,75,-2.43,14.42,1000
1653,123.506,113.607,113.607,1.0301,9.899,75,-2.46,14.38,1000
1654,123.581,113.685,113.685,1.0278,9.897,75,-2.48,14.35,1000
1655,123.656,113.762,113.762,1.0254,9.894,75,-2.51,14.32,1000
1656,123.731,113.839,113.839,1.0231,9.892,75,-2.54,14.28,1000
1657,123.806,113.917,113.917,1.0207,9.889,75,-2.57,14.25,1000
1658,123.881,113.994,113.994,1.0184,9.887,75,-2.6,14.22,1000
1659,123.956,114.071,114.071,1.016,9.885,75,-2.63,14.19,1000
1660,124.031,114.149,114.149,1.0137,9.882,75,-2.66,14.15,1000
1661,124.106,114.226,114.226,1.0113,9.88,75,-2.69,14.12,1000
1662,124.181,114.304,114.304,1.009,9.878,75,-2.72,14.09,1000
1663,124.256,114.381,114.381,1.0066,9.875,75,-2.75,14.06,1000
1664,124.331,114.458,114.458,1.0043,9.873,75,-2.78,14.02,1000
1665,124.406,114.536,114.536,1.0019,9.871,75,-2.81,13.99,1000
1666,124.481,114.613,114.613,0.9996,9.868,75,-2.84,13.96,1000
1667,124.556,114.69,114.69,0.9972,9.866,75,-2.87,13.92,1000
1668,124.631,114.768,114.768,0.9949,9.864,75,-2.9,13.89,1000
1669,124.706,114.845,114.845,0.9926,9.861,75,-2.93,13.86,1000
1670,124.781,114.922,114.922,0.9902,9.859,75,-2.96,13.83,1000
1671,124.856,115.0,115.0,0.9879,9.857,75,-2.99,13.79,1000
1672,124.931,115.077,115.077,0.9855,9.854,75,-3.02,13.76,1000
1673,125.006,115.154,115.154,0.9832,9.852,75,-3.04,13.73,1000
1674,125.081,115.232,115.232,0.9809,9.85,75,-3.07,13.7,1000
1675,125.156,115.309,115.309,0.9785,9.847,75,-3.1,13.66,1000
1676,125.231,115.386,115.386,0.9762,9.845,75,-3.13,13.63,1000
1677,125.306,115.464,115.464,0.9739,9.843,75,-3.16,13.6,1000
1678,125.381,115.541,115.541,0.9715,9.84,75,-3.19,13.56,1000
1679,125.456,115.618,115.618,0.9692,9.838,75,-3.22,13.53,1000
1680,125.531,115.696,115.696,0.9669,9.836,75,-3.25,13.5,1000
1681,125.606,115.773,115.773,0.9645,9.833,75,-3.28,13.47,1000
1682,125.681,115.85,115.85,0.9622,9.831,75,-3.31,13.43,1000
1683,125.756,115.928,115.928,0.9599,9.829,75,-3.34,13.4,1000
1684,125.831,116.005,116.005,0.9575,9.826,75,-3.37,13.37,1000
1685,125.906,116.082,116.082,0.9552,9.824,75,-3.4,13.34,1000
1686,125.981,116.16,116.16,0.9529,9.822,75,-3.43,13.3,1000
1687,126.056,116.237,116.237,0.9506,9.819,75,-3.45,13.27,1000
1688,126.131,116.314,116.314,0.9482,9.817,75,-3.48,13.24,1000
1689,126.206,116.392,116.392,0.9459,9.815,75,-3.51,13.21,1000
1690,126.281,116.469,116.469,0.9436,9.812,75,-3.54,13.18,1000
1691,126.356,116.546,116.546,0.9413,9.81,75,-3.57,13.14,1000
1692,126.431,116.624,116.624,0.939,9.808,75,-3.6,13.11,1000
1693,126.506,116.701,116.701,0.9366,9.805,75,-3.63,13.08,1000
1694,126.581,116.778,116.778,0.9343,9.803,75,-3.66,13.05,1000
1695,126.656,116.855,116.855,0.932,9.801,75,-3.69,13.01,1000
1696,126.731,116.933,116.933,0.9297,9.798,75,-3.72,12.98,1000
1697,126.806,117.01,117.01,0.9274,9.796,75,-3.75,12.95,1000
1698,126.881,117.087,117.087,0.9251,9.794,75,-3.78,12.92,1000
1699,126.956,117.165,117.165,0.9228,9.792,75,-3.8,12.88,1000
1700,127.031,117.242,117.242,0.9205,9.789,75,-3.83,12.85,1000
1701,127.106,117.319,117.319,0.9182,9.787,75,-3.86,12.82,1000
1702,127.181,117.397,117.397,0.9158,9.785,75,-3.89,12.79,1000
1703,127.256,117.474,117.474,0.9135,9.782,75,-3.92,12.76,1000
1704,127.331,117.551,117.551,0.9112,9.78,75,-3.95,12.72,1000
1705,127.406,117.629,117.629,0.9089,9.778,75,-3.98,12.69,1000
1706,127.481,117.706,117.706,0.9066,9.775,75,-4.01,12.66,1000
1707,127.556,117.783,117.783,0.9043,9.773,75,-4.04,12.63,1000
1708,127.631,117.86,117.86,0.902,9.771,75,-4.06,12.59,1000
1709,127.706,117.938,117.938,0.8997,9.768,75,-4.09,12.56,1000
1710,127.781,118.015,118.015,0.8974,9.766,75,-4.12,12.53,1000
1711,127.856,118.092,118.092,0.8952,9.764,75,-4.15,12.5,1000
1712,127.931,118.17,118.17,0.8929,9.762,75,-4.18,12.47,1000
1713,128.006,118.247,118.247,0.8906,9.759,75,-4.21,12.43,1000
1714,128.081,118.324,118.324,0.8883,9.757,75,-4.24,12.4,1000
1715,128.156,118.402,118.402,0.886,9.755,75,-4.27,12.37,1000
1716,128.231,118.479,118.479,0.8837,9.752,75,-4.3,12.34,1000
1717,128.306,118.556,118.556,0.8814,9.75,75,-4.32,12.31,1000
1718,128.381,118.633,118.633,0.8791,9.748,75,-4.35,12.27,1000
1719,128.456,118.711,118.711,0.8768,9.746,75,-4.38,12.24,1000
1720,128.531,118.788,118.788,0.8746,9.743,75,-4.41,12.21,1000
1721,128.606,118.865,118.865,0.8723,9.741,75,-4.44,12.18,1000
1722,128.681,118.943,118.943,0.87,9.739,75,-4.47,12.15,1000
1723,128.756,119.02,119.02,0.8677,9.736,75,-4.5,12.12,1000
1724,128.831,119.097,119.097,0.8654,9.734,75,-4.52,12.08,1000
1725,128.906,119.174,119.174,0.8632,9.732,75,-4.55,12.05,1000
1726,128.981,119.252,119.252,0.8609,9.73,75,-4.58,12.02,1000
1727,129.056,119.329,119.329,0.8586,9.727,75,-4.61,11.99,1000
1728,129.131,119.406,119.406,0.8563,9.725,75,-4.64,11.96,1000
1729,129.206,119.483,119.483,0.8541,9.723,75,-4.67,11.93,1000
1730,129.281,119.561,119.561,0.8518,9.721,75,-4.7,11.89,1000
1731,129.356,119.638,119.638,0.8495,9.718,75,-4.72,11.86,1000
1732,129.431,119.715,119.715,0.8473,9.716,75,-4.75,11.83,1000
1733,129.506,119.792,119.792,0.845,9.714,75,-4.78,11.8,1000
1734,129.581,119.87,119.87,0.8428,9.712,75,-4.81,11.77,1000
1735,129.656,119.947,119.947,0.8405,9.709,75,-4.84,11.74,1000
1736,129.731,120.024,120.024,0.8382,9.707,75,-4.87,11.7,1000
1737,129.806,120.102,120.102,0.836,9.705,75,-4.89,11.67,1000
1738,129.881,120.179,120.179,0.8337,9.702,75,-4.92,11.64,1000
1739,129.956,120.256,120.256,0.8315,9.7,75,-4.95,11.61,1000
1740,130.031,120.333,120.333,0.8292,9.698,75,-4.98,11.58,1000
1741,130.106,120.411,120.411,0.827,9.696,75,-5.01,11.55,1000
1742,130.181,120.488,120.488,0.8247,9.693,75,-5.04,11.52,1000
1743,130.256,120.565,120.565,0.8225,9.691,75,-5.06,11.48,1000
1744,130.331,120.642,120.642,0.8202,9.689,75,-5.09,11.45,1000
1745,130.406,120.72,120.72,0.818,9.687,75,-5.12,11.42,1000
1746,130.481,120.797,120.797,0.8157,9.684,75,-5.15,11.39,1000
1747,130.556,120.874,120.874,0.8135,9.682,75,-5.18,11.36,1000
1748,130.631,120.951,120.951,0.8113,9.68,75,-5.21,11.33,1000
1749,130.706,121.028,121.028,0.809,9.678,75,-5.23,11.3,1000
1750,130.781,121.106,121.106,0.8068,9.676,75,-5.26,11.26,1000
1751,130.856,121.183,121.183,0.8045,9.673,75,-5.29,11.23,1000
1752,130.931,121.26,121.26,0.8023,9.671,75,-5.32,11.2,1000
1753,131.006,121.337,121.337,0.8001,9.669,75,-5.35,11.17,1000
1754,131.081,121.415,121.415,0.7978,9.667,75,-5.37,11.14,1000
1755,131.156,121.492,121.492,0.7956,9.664,75,-5.4,11.11,1000
1756,131.231,121.569,121.569,0.7934,9.662,75,-5.43,11.08,1000
1757,131.306,121.646,121.646,0.7912,9.66,75,-5.46,11.05,1000
1758,131.381,121.724,121.724,0.7889,9.658,75,-5.49,11.02,1000
1759,131.456,121.801,121.801,0.7867,9.655,75,-5.51,10.98,1000
1760,131.531,121.878,121.878,0.7845,9.653,75,-5.54,10.95,1000
1761,131.606,121.955,121.955,0.7823,9.651,75,-5.57,10.92,1000
1762,131.681,122.032,122.032,0.7801,9.649,75,-5.6,10.89,1000
1763,131.756,122.11,122.11,0.7779,9.647,75,-5.63,10.86,1000
1764,131.831,122.187,122.187,0.7756,9.644,75,-5.65,10.83,1000
1765,131.906,122.264,122.264,0.7734,9.642,75,-5.68,10.8,1000
1766,131.981,122.341,122.341,0.7712,9.64,75,-5.71,10.77,1000
1767,132.056,122.418,122.418,0.769,9.638,75,-5.74,10.74,1000
1768,132.131,122.496,122.496,0.7668,9.636,75,-5.76,10.71,1000
1769,132.206,122.573,122.573,0.7646,9.633,75,-5.79,10.68,1000
1770,132.281,122.65,122.65,0.7624,9.631,75,-5.82,10.65,1000
1771,132.356,122.727,122.727,0.7602,9.629,75,-5.85,10.61,1000
1772,132.431,122.804,122.804,0.758,9.627,75,-5.87,10.58,1000
1773,132.506,122.882,122.882,0.7558,9.625,75,-5.9,10.55,1000
1774,132.581,122.959,122.959,0.7536,9.622,75,-5.93,10.52,1000
1775,132.656,123.036,123.036,0.7514,9.62,75,-5.96,10.49,1000
1776,132.731,123.113,123.113,0.7492,9.618,75,-5.98,10.46,1000
1777,132.806,123.19,123.19,0.7471,9.616,75,-6.01,10.43,1000
1778,132.881,123.268,123.268,0.7449,9.614,75,-6.04,10.4,1000
1779,132.956,123.345,123.345,0.7427,9.611,75,-6.07,10.37,1000
1780,133.031,123.422,123.422,0.7405,9.609,75,-6.09,10.34,1000
1781,133.106,123.499,123.499,0.7383,9.607,75,-6.12,10.31,1000
1782,133.181,123.576,123.576,0.7361,9.605,75,-6.15,10.28,1000
1783,133.256,123.654,123.654,0.734,9.603,75,-6.18,10.25,1000
1784,133.331,123.731,123.731,0.7318,9.601,75,-6.2,10.22,1000
1785,133.406,123.808,123.808,0.7296,9.598,75,-6.23,10.19,1000
1786,133.481,123.885,123.885,0.7274,9.596,75,-6.26,10.16,1000
1787,133.556,123.962,123.962,0.7253,9.594,75,-6.29,10.13,1000
1788,133.631,124.039,124.039,0.7231,9.592,75,-6.31,10.1,1000
1789,133.706,124.117,124.117,0.7209,9.59,75,-6.34,10.07,1000
1790,133.781,124.194,124.194,0.7188,9.588,75,-6.37,10.04,1000
1791,133.856,124.271,124.271,0.7166,9.585,75,-6.39,10.01,1000
1792,133.931,124.348,124.348,0.7145,9.583,75,-6.42,9.98,1000
1793,134.006,124.425,124.425,0.7123,9.581,75,-6.45,9.95,1000
1794,134.081,124.502,124.502,0.7102,9.579,75,-6.48,9.92,1000
1795,134.156,124.579,124.579,0.708,9.577,75,-6.5,9.89,1000
1796,134.231,124.657,124.657,0.7059,9.575,75,-6.53,9.86,1000
1797,134.306,124.734,124.734,0.7037,9.572,75,-6.56,9.83,1000
1798,134.381,124.811,124.811,0.7016,9.57,75,-6.58,9.8,1000
1799,134.456,124.888,124.888,0.6994,9.568,75,-6.61,9.77,1000
1800,134.531,124.965,124.965,0.6973,9.566,75,-6.64,9.74,1000
1801,134.606,125.042,125.042,0.6951,9.564,75,-6.66,9.71,1000
1802,134.681,125.12,125.12,0.693,9.562,75,-6.69,9.68,1000
1803,134.756,125.197,125.197,0.6909,9.56,75,-6.72,9.65,1000
1804,134.831,125.274,125.274,0.6887,9.557,75,-6.75,9.62,1000
1805,134.906,125.351,125.351,0.6866,9.555,75,-6.77,9.59,1000
1806,134.981,125.428,125.428,0.6845,9.553,75,-6.8,9.56,1000
1807,135.056,125.505,125.505,0.6823,9.551,75,-6.83,9.53,1000
1808,135.131,125.582,125.582,0.6802,9.549,75,-6.85,9.5,1000
1809,135.206,125.659,125.659,0.6781,9.547,75,-6.88,9.47,1000
1810,135.281,125.737,125.737,0.676,9.545,75,-6.91,9.44,1000
1811,135.356,125.814,125.814,0.6739,9.543,75,-6.93,9.41,1000
1812,135.431,125.891,125.891,0.6717,9.54,75,-6.96,9.38,1000
1813,135.506,125.968,125.968,0.6696,9.538,75,-6.99,9.35,1000
1814,135.581,126.045,126.045,0.6675,9.536,75,-7.01,9.32,1000
1815,135.656,126.122,126.122,0.6654,9.534,75,-7.04,9.29,1000
1816,135.731,126.199,126.199,0.6633,9.532,75,-7.06,9.26,1000
1817,135.806,126.276,126.276,0.6612,9.53,75,-7.09,9.23,1000
1818,135.881,126.353,126.353,0.6591,9.528,75,-7.12,9.2,1000
1819,135.956,126.431,126.431,0.657,9.526,75,-7.14,9.17,1000
1820,136.031,126.508,126.508,0.6549,9.524,75,-7.17,9.14,1000
1821,136.106,126.585,126.585,0.6528,9.522,75,-7.2,9.11,1000
1822,136.181,126.662,126.662,0.6507,9.519,75,-7.22,9.09,1000
1823,136.256,126.739,126.739,0.6486,9.517,75,-7.25,9.06,1000
1824,136.331,126.816,126.816,0.6465,9.515,75,-7.28,9.03,1000
1825,136.406,126.893,126.893,0.6444,9.513,75,-7.3,9.0,1000
1826,136.481,126.97,126.97,0.6424,9.511,75,-7.33,8.97,1000
1827,136.556,127.047,127.047,0.6403,9.509,75,-7.35,8.94,1000
1828,136.631,127.124,127.124,0.6382,9.507,75,-7.38,8.91,1000
1829,136.706,127.201,127.201,0.6361,9.505,75,-7.41,8.88,1000
1830,136.781,127.278,127.278,0.634,9.503,75,-7.43,8.85,1000
1831,136.856,127.356,127.356,0.632,9.501,75,-7.46,8.82,1000
1832,136.931,127.433,127.433,0.6299,9.499,75,-7.48,8.79,1000
1833,137.006,127.51,127.51,0.6278,9.497,75,-7.51,8.77,1000
1834,137.081,127.587,127.587,0.6258,9.495,75,-7.54,8.74,1000
1835,137.156,127.664,127.664,0.6237,9.492,75,-7.56,8.71,1000
1836,137.231,127.741,127.741,0.6216,9.49,75,-7.59,8.68,1000
1837,137.306,127.818,127.818,0.6196,9.488,75,-7.61,8.65,1000
1838,137.381,127.895,127.895,0.6175,9.486,75,-7.64,8.62,1000
1839,137.456,127.972,127.972,0.6155,9.484,75,-7.67,8.59,1000
1840,137.531,128.049,128.049,0.6134,9.482,75,-7.69,8.56,1000
1841,137.606,128.126,128.126,0.6114,9.48,75,-7.72,8.54,1000
1842,137.681,128.203,128.203,0.6093,9.478,75,-7.74,8.51,1000
1843,137.756,128.28,128.28,0.6073,9.476,75,-7.77,8.48,1000
1844,137.831,128.357,128.357,0.6052,9.474,75,-7.79,8.45,1000
1845,137.906,128.434,128.434,0.6032,9.472,75,-7.82,8.42,1000
1846,137.981,128.511,128.511,0.6012,9.47,75,-7.85,8.39,1000
1847,138.056,128.588,128.588,0.5991,9.468,75,-7.87,8.37,1000
1848,138.131,128.665,128.665,0.5971,9.466,75,-7.9,8.34,1000
1849,138.206,128.742,128.742,0.5951,9.464,75,-7.92,8.31,1000
1850,138.281,128.819,128.819,0.593,9.462,75,-7.95,8.28,1000
1851,138.356,128.896,128.896,0.591,9.46,75,-7.97,8.25,1000
1852,138.431,128.973,128.973,0.589,9.458,75,-8.0,8.22,1000
1853,138.506,129.051,129.051,0.587,9.456,75,-8.02,8.2,1000
1854,138.581,129.128,129.128,0.585,9.454,75,-8.05,8.17,1000
1855,138.656,129.205,129.205,0.583,9.452,75,-8.07,8.14,1000
1856,138.731,129.282,129.282,0.5809,9.45,75,-8.1,8.11,1000
1857,138.806,129.359,129.359,0.5789,9.448,75,-8.12,8.08,1000
1858,138.881,129.436,129.436,0.5769,9.446,75,-8.15,8.06,1000
1859,138.956,129.513,129.513,0.5749,9.444,75,-8.18,8.03,1000
1860,139.031,129.59,129.59,0.5729,9.442,75,-8.2,8.0,1000
1861,139.106,129.667,129.667,0.5709,9.44,75,-8.23,7.97,1000
1862,139.181,129.744,129.744,0.5689,9.438,75,-8.25,7.94,1000
1863,139.256,129.821,129.821,0.5669,9.436,75,-8.28,7.92,1000
1864,139.331,129.898,129.898,0.565,9.434,75,-8.3,7.89,1000
1865,139.406,129.975,129.975,0.563,9.432,75,-8.33,7.86,1000
1866,139.481,130.052,130.052,0.561,9.43,75,-8.35,7.83,1000
1867,139.556,130.128,130.128,0.559,9.428,75,-8.38,7.81,1000
1868,139.631,130.205,130.205,0.557,9.426,75,-8.4,7.78,1000
1869,139.706,130.282,130.282,0.555,9.424,75,-8.43,7.75,1000
1870,139.781,130.359,130.359,0.5531,9.422,75,-8.45,7.72,1000
1871,139.856,130.436,130.436,0.5511,9.42,75,-8.47,7.69,1000
1872,139.931,130.513,130.513,0.5491,9.418,75,-8.5,7.67,1000
1873,140.006,130.59,130.59,0.5472,9.416,75,-8.52,7.64,1000
1874,140.081,130.667,130.667,0.5452,9.414,75,-8.55,7.61,1000
1875,140.156,130.744,130.744,0.5432,9.412,75,-8.57,7.59,1000
1876,140.231,130.821,130.821,0.5413,9.41,75,-8.6,7.56,1000
1877,140.306,130.898,130.898,0.5393,9.408,75,-8.62,7.53,1000
1878,140.381,130.975,130.975,0.5374,9.406,75,-8.65,7.5,1000
1879,140.456,131.052,131.052,0.5354,9.404,75,-8.67,7.48,1000
1880,140.531,131.129,131.129,0.5335,9.402,75,-8.7,7.45,1000
1881,140.606,131.206,131.206,0.5315,9.4,75,-8.72,7.42,1000
1882,140.681,131.283,131.283,0.5296,9.398,75,-8.74,7.39,1000
1883,140.756,131.36,131.36,0.5277,9.396,75,-8.77,7.37,1000
1884,140.831,131.437,131.437,0.5257,9.394,75,-8.79,7.34,1000
1885,140.906,131.514,131.514,0.5238,9.393,75,-8.82,7.31,1000
1886,140.981,131.591,131.591,0.5219,9.391,75,-8.84,7.29,1000
1887,141.056,131.668,131.668,0.5199,9.389,75,-8.87,7.26,1000
1888,141.131,131.744,131.744,0.518,9.387,75,-8.89,7.23,1000
1889,141.206,131.821,131.821,0.5161,9.385,75,-8.91,7.21,1000
1890,141.281,131.898,131.898,0.5142,9.383,75,-8.94,7.18,1000
1891,141.356,131.975,131.975,0.5123,9.381,75,-8.96,7.15,1000
1892,141.431,132.052,132.052,0.5103,9.379,75,-8.99,7.13,1000
1893,141.506,132.129,132.129,0.5084,9.377,75,-9.01,7.1,1000
1894,141.581,132.206,132.206,0.5065,9.375,75,-9.03,7.07,1000
1895,141.656,132.283,132.283,0.5046,9.373,75,-9.06,7.05,1000
1896,141.731,132.36,132.36,0.5027,9.371,75,-9.08,7.02,1000
1897,141.806,132.437,132.437,0.5008,9.37,75,-9.11,6.99,1000
1898,141.881,132.514,132.514,0.4989,9.368,75,-9.13,6.97,1000
1899,141.956,132.59,132.59,0.497,9.366,75,-9.15,6.94,1000
1900,142.031,132.667,132.667,0.4951,9.364,75,-9.18,6.91,1000
1901,142.106,132.744,132.744,0.4933,9.362,75,-9.2,6.89,1000
1902,142.181,132.821,132.821,0.4914,9.36,75,-9.23,6.86,1000
1903,142.256,132.898,132.898,0.4895,9.358,75,-9.25,6.83,1000
1904,142.331,132.975,132.975,0.4876,9.356,75,-9.27,6.81,1000
1905,142.406,133.052,133.052,0.4857,9.354,75,-9.3,6.78,1000
1906,142.481,133.129,133.129,0.4839,9.353,75,-9.32,6.76,1000
1907,142.556,133.206,133.206,0.482,9.351,75,-9.34,6.73,1000
1908,142.631,133.282,133.282,0.4801,9.349,75,-9.37,6.7,1000
1909,142.706,133.359,133.359,0.4783,9.347,75,-9.39,6.68,1000
1910,142.781,133.436,133.436,0.4764,9.345,75,-9.41,6.65,1000
1911,142.856,133.513,133.513,0.4745,9.343,75,-9.44,6.63,1000
1912,142.931,133.59,133.59,0.4727,9.341,75,-9.46,6.6,1000
1913,143.006,133.667,133.667,0.4708,9.34,75,-9.48,6.57,1000
1914,143.081,133.744,133.744,0.469,9.338,75,-9.51,6.55,1000
1915,143.156,133.82,133.82,0.4671,9.336,75,-9.53,6.52,1000
1916,143.231,133.897,133.897,0.4653,9.334,75,-9.55,6.5,1000
1917,143.306,133.974,133.974,0.4635,9.332,75,-9.58,6.47,1000
1918,143.381,134.051,134.051,0.4616,9.33,75,-9.6,6.45,1000
1919,143.456,134.128,134.128,0.4598,9.329,75,-9.62,6.42,1000
1920,143.531,134.205,134.205,0.458,9.327,75,-9.64,6.39,1000
1921,143.606,134.281,134.281,0.4561,9.325,75,-9.67,6.37,1000
1922,143.681,134.358,134.358,0.4543,9.323,75,-9.69,6.34,1000
1923,143.756,134.435,134.435,0.4525,9.321,75,-9.71,6.32,1000
1924,143.831,134.512,134.512,0.4507,9.319,75,-9.74,6.29,1000
1925,143.906,134.589,134.589,0.4489,9.318,75,-9.76,6.27,1000
1926,143.981,134.665,134.665,0.4471,9.316,75,-9.78,6.24,1000
1927,144.056,134.742,134.742,0.4452,9.314,75,-9.8,6.22,1000
1928,144.131,134.819,134.819,0.4434,9.312,75,-9.83,6.19,1000
1929,144.206,134.896,134.896,0.4416,9.31,75,-9.85,6.17,1000
1930,144.281,134.973,134.973,0.4398,9.309,75,-9.87,6.14,1000
1931,144.356,135.049,135.049,0.438,9.307,75,-9.9,6.12,1000
1932,144.431,135.126,135.126,0.4363,9.305,75,-9.92,6.09,1000
1933,144.506,135.203,135.203,0.4345,9.303,75,-9.94,6.07,1000
1934,144.581,135.28,135.28,0.4327,9.301,75,-9.96,6.04,1000
1935,144.656,135.357,135.357,0.4309,9.3,75,-9.99,6.02,1000
1936,144.731,135.433,135.433,0.4291,9.298,75,-10.01,5.99,1000
1937,144.806,135.51,135.51,0.4273,9.296,75,-10.03,5.97,1000
1938,144.881,135.587,135.587,0.4256,9.294,75,-10.05,5.94,1000
1939,144.956,135.664,135.664,0.4238,9.293,75,-10.07,5.92,1000
1940,145.031,135.74,135.74,0.422,9.291,75,-10.1,5.89,1000
1941,145.106,135.817,135.817,0.4203,9.289,75,-10.12,5.87,1000
1942,145.181,135.894,135.894,0.4185,9.287,75,-10.14,5.84,1000
1943,145.256,135.971,135.971,0.4167,9.285,75,-10.16,5.82,1000
1944,145.331,136.048,136.048,0.415,9.284,75,-10.19,5.79,1000
1945,145.406,136.124,136.124,0.4132,9.282,75,-10.21,5.77,1000
1946,145.481,136.201,136.201,0.4115,9.28,75,-10.23,5.75,1000
1947,145.556,136.278,136.278,0.4097,9.278,75,-10.25,5.72,1000
1948,145.631,136.354,136.354,0.408,9.277,75,-10.27,5.7,1000
1949,145.706,136.431,136.431,0.4063,9.275,75,-10.29,5.67,1000
1950,145.781,136.508,136.508,0.4045,9.273,75,-10.32,5.65,1000
1951,145.856,136.585,136.585,0.4028,9.272,75,-10.34,5.62,1000
1952,145.931,136.661,136.661,0.4011,9.27,75,-10.36,5.6,1000
1953,146.006,136.738,136.738,0.3993,9.268,75,-10.38,5.58,1000
1954,146.081,136.815,136.815,0.3976,9.266,75,-10.4,5.55,1000
1955,146.156,136.892,136.892,0.3959,9.265,75,-10.42,5.53,1000
1956,146.231,136.968,136.968,0.3942,9.263,75,-10.45,5.5,1000
1957,146.306,137.045,137.045,0.3925,9.261,75,-10.47,5.48,1000
1958,146.381,137.122,137.122,0.3908,9.26,75,-10.49,5.46,1000
1959,146.456,137.198,137.198,0.3891,9.258,75,-10.51,5.43,1000
1960,146.531,137.275,137.275,0.3874,9.256,75,-10.53,5.41,1000
1961,146.606,137.352,137.352,0.3857,9.254,75,-10.55,5.38,1000
1962,146.681,137.429,137.429,0.384,9.253,75,-10.57,5.36,1000
1963,146.756,137.505,137.505,0.3823,9.251,75,-10.6,5.34,1000
1964,146.831,137.582,137.582,0.3806,9.249,75,-10.62,5.31,1000
1965,146.906,137.659,137.659,0.3789,9.248,75,-10.64,5.29,1000
1966,146.981,137.735,137.735,0.3772,9.246,75,-10.66,5.27,1000
1967,147.056,137.812,137.812,0.3756,9.244,75,-10.68,5.24,1000
1968,147.131,137.889,137.889,0.3739,9.243,75,-10.7,5.22,1000
1969,147.206,137.965,137.965,0.3722,9.241,75,-10.72,5.2,1000
1970,147.281,138.042,138.042,0.3705,9.239,75,-10.74,5.17,1000
1971,147.356,138.119,138.119,0.3689,9.238,75,-10.76,5.15,1000
1972,147.431,138.195,138.195,0.3672,9.236,75,-10.79,5.13,1000
1973,147.506,138.272,138.272,0.3656,9.234,75,-10.81,5.1,1000
1974,147.581,138.349,138.349,0.3639,9.233,75,-10.83,5.08,1000
1975,147.656,138.425,138.425,0.3623,9.231,75,-10.85,5.06,1000
1976,147.731,138.502,138.502,0.3606,9.229,75,-10.87,5.03,1000
1977,147.806,138.579,138.579,0.359,9.228,75,-10.89,5.01,1000
1978,147.881,138.655,138.655,0.3573,9.226,75,-10.91,4.99,1000
1979,147.956,138.732,138.732,0.3557,9.224,75,-10.93,4.97,1000
1980,148.031,138.808,138.808,0.3541,9.223,75,-10.95,4.94,1000
1981,148.106,138.885,138.885,0.3524,9.221,75,-10.97,4.92,1000
1982,148.181,138.962,138.962,0.3508,9.22,75,-10.99,4.9,1000
1983,148.256,139.038,139.038,0.3492,9.218,75,-11.01,4.88,1000
1984,148.331,139.115,139.115,0.3476,9.216,75,-11.03,4.85,1000
1985,148.406,139.192,139.192,0.3459,9.215,75,-11.05,4.83,1000
1986,148.481,139.268,139.268,0.3443,9.213,75,-11.07,4.81,1000
1987,148.556,139.345,139.345,0.3427,9.211,75,-11.09,4.79,1000
1988,148.631,139.421,139.421,0.3411,9.21,75,-11.11,4.76,1000
1989,148.706,139.498,139.498,0.3395,9.208,75,-11.13,4.74,1000
1990,148.781,139.575,139.575,0.3379,9.207,75,-11.15,4.72,1000
1991,148.856,139.651,139.651,0.3363,9.205,75,-11.17,4.7,1000
1992,148.931,139.728,139.728,0.3347,9.203,75,-11.19,4.67,1000
1993,149.006,139.804,139.804,0.3331,9.202,75,-11.21,4.65,1000
1994,149.081,139.881,139.881,0.3316,9.2,75,-11.23,4.63,1000
1995,149.156,139.958,139.958,0.33,9.199,75,-11.25,4.61,1000
1996,149.231,140.034,140.034,0.3284,9.197,75,-11.27,4.59,1000
1997,149.306,140.111,140.111,0.3268,9.196,75,-11.29,4.56,1000
1998,149.381,140.187,140.187,0.3253,9.194,75,-11.31,4.54,1000
1999,149.456,140.264,140.264,0.3237,9.192,75,-11.33,4.52,1000
2000,149.531,140.34,140.34,0.3221,9.191,75,-11.35,4.5,1000
2001,149.606,140.417,140.417,0.3206,9.189,75,-11.37,4.48,1000
2002,149.681,140.493,140.493,0.319,9.188,75,-11.39,4.45,1000
2003,149.756,140.57,140.57,0.3175,9.186,75,-11.41,4.43,1000
2004,149.831,140.647,140.647,0.3159,9.185,75,-11.43,4.41,1000
2005,149.906,140.723,140.723,0.3144,9.183,75,-11.45,4.39,1000
2006,149.981,140.8,140.8,0.3128,9.182,75,-11.47,4.37,1000
2007,150.056,140.876,140.876,0.3113,9.18,75,-11.49,4.35,1000
2008,150.131,140.953,140.953,0.3098,9.179,75,-11.51,4.33,1000
2009,150.206,141.029,141.029,0.3082,9.177,75,-11.53,4.3,1000
2010,150.281,141.106,141.106,0.3067,9.175,75,-11.55,4.28,1000
2011,150.356,141.182,141.182,0.3052,9.174,75,-11.56,4.26,1000
2012,150.431,141.259,141.259,0.3037,9.172,75,-11.58,4.24,1000
2013,150.506,141.335,141.335,0.3021,9.171,75,-11.6,4.22,1000
2014,150.581,141.412,141.412,0.3006,9.169,75,-11.62,4.2,1000
2015,150.656,141.488,141.488,0.2991,9.168,75,-11.64,4.18,1000
2016,150.731,141.565,141.565,0.2976,9.166,75,-11.66,4.16,1000
2017,150.806,141.641,141.641,0.2961,9.165,75,-11.68,4.13,1000
2018,150.881,141.718,141.718,0.2946,9.163,75,-11.7,4.11,1000
2019,150.956,141.794,141.794,0.2931,9.162,75,-11.72,4.09,1000
2020,151.031,141.871,141.871,0.2916,9.16,75,-11.74,4.07,1000
2021,151.106,141.947,141.947,0.2902,9.159,75,-11.75,4.05,1000
2022,151.181,142.024,142.024,0.2887,9.157,75,-11.77,4.03,1000
2023,151.256,142.1,142.1,0.2872,9.156,75,-11.79,4.01,1000
2024,151.331,142.177,142.177,0.2857,9.154,75,-11.81,3.99,1000
2025,151.406,142.253,142.253,0.2843,9.153,75,-11.83,3.97,1000
2026,151.481,142.33,142.33,0.2828,9.152,75,-11.85,3.95,1000
2027,151.556,142.406,142.406,0.2813,9.15,75,-11.86,3.93,1000
2028,151.631,142.483,142.483,0.2799,9.149,75,-11.88,3.91,1000
2029,151.706,142.559,142.559,0.2784,9.147,75,-11.9,3.89,1000
2030,151.781,142.636,142.636,0.277,9.146,75,-11.92,3.87,1000
2031,151.856,142.712,142.712,0.2755,9.144,75,-11.94,3.85,1000
2032,151.931,142.788,142.788,0.2741,9.143,75,-11.96,3.83,1000
2033,152.006,142.865,142.865,0.2726,9.141,75,-11.97,3.81,1000
2034,152.081,142.941,142.941,0.2712,9.14,75,-11.99,3.79,1000
2035,152.156,143.018,143.018,0.2698,9.139,75,-12.01,3.77,1000
2036,152.231,143.094,143.094,0.2683,9.137,75,-12.03,3.75,1000
2037,152.306,143.171,143.171,0.2669,9.136,75,-12.05,3.73,1000
2038,152.381,143.247,143.247,0.2655,9.134,75,-12.06,3.71,1000
2039,152.456,143.323,143.323,0.2641,9.133,75,-12.08,3.69,1000
2040,152.531,143.4,143.4,0.2627,9.131,75,-12.1,3.67,1000
2041,152.606,143.476,143.476,0.2613,9.13,75,-12.12,3.65,1000
2042,152.681,143.553,143.553,0.2598,9.129,75,-12.13,3.63,1000
2043,152.756,143.629,143.629,0.2584,9.127,75,-12.15,3.61,1000
2044,152.831,143.705,143.705,0.2571,9.126,75,-12.17,3.59,1000
2045,152.906,143.782,143.782,0.2557,9.124,75,-12.19,3.57,1000
2046,152.981,143.858,143.858,0.2543,9.123,75,-12.2,3.55,1000
2047,153.056,143.935,143.935,0.2529,9.122,75,-12.22,3.53,1000
2048,153.131,144.011,144.011,0.2515,9.12,75,-12.24,3.51,1000
2049,153.206,144.087,144.087,0.2501,9.119,75,-12.26,3.49,1000
2050,153.281,144.164,144.164,0.2487,9.117,75,-12.27,3.47,1000
2051,153.356,144.24,144.24,0.2474,9.116,75,-12.29,3.45,1000
2052,153.431,144.316,144.316,0.246,9.115,75,-12.31,3.43,1000
2053,153.506,144.393,144.393,0.2446,9.113,75,-12.33,3.42,1000
2054,153.581,144.469,144.469,0.2433,9.112,75,-12.34,3.4,1000
2055,153.656,144.546,144.546,0.2419,9.111,75,-12.36,3.38,1000
2056,153.731,144.622,144.622,0.2406,9.109,75,-12.38,3.36,1000
2057,153.806,144.698,144.698,0.2392,9.108,75,-12.39,3.34,1000
2058,153.881,144.775,144.775,0.2379,9.107,75,-12.41,3.32,1000
2059,153.956,144.851,144.851,0.2366,9.105,75,-12.43,3.3,1000
2060,154.031,144.927,144.927,0.2352,9.104,75,-12.44,3.28,1000
2061,154.106,145.004,145.004,0.2339,9.103,75,-12.46,3.27,1000
2062,154.181,145.08,145.08,0.2326,9.101,75,-12.48,3.25,1000
2063,154.256,145.156,145.156,0.2312,9.1,75,-12.49,3.23,1000
2064,154.331,145.233,145.233,0.2299,9.099,75,-12.51,3.21,1000
2065,154.406,145.309,145.309,0.2286,9.097,75,-12.53,3.19,1000
2066,154.481,145.385,145.385,0.2273,9.096,75,-12.54,3.17,1000
2067,154.556,145.462,145.462,0.226,9.095,75,-12.56,3.16,1000
2068,154.631,145.538,145.538,0.2247,9.093,75,-12.58,3.14,1000
2069,154.706,145.614,145.614,0.2234,9.092,75,-12.59,3.12,1000
2070,154.781,145.69,145.69,0.2221,9.091,75,-12.61,3.1,1000
2071,154.856,145.767,145.767,0.2208,9.09,75,-12.63,3.08,1000
2072,154.931,145.843,145.843,0.2195,9.088,75,-12.64,3.06,1000
2073,155.006,145.919,145.919,0.2182,9.087,75,-12.66,3.05,1000
2074,155.081,145.996,145.996,0.2169,9.086,75,-12.67,3.03,1000
2075,155.156,146.072,146.072,0.2157,9.084,75,-12.69,3.01,1000
2076,155.231,146.148,146.148,0.2144,9.083,75,-12.71,2.99,1000
2077,155.306,146.224,146.224,0.2131,9.082,75,-12.72,2.98,1000
2078,155.381,146.301,146.301,0.2119,9.081,75,-12.74,2.96,1000
2079,155.456,146.377,146.377,0.2106,9.079,75,-12.75,2.94,1000
2080,155.531,146.453,146.453,0.2094,9.078,75,-12.77,2.92,1000
2081,155.606,146.529,146.529,0.2081,9.077,75,-12.78,2.91,1000
2082,155.681,146.606,146.606,0.2069,9.076,75,-12.8,2.89,1000
2083,155.756,146.682,146.682,0.2056,9.074,75,-12.82,2.87,1000
2084,155.831,146.758,146.758,0.2044,9.073,75,-12.83,2.85,1000
2085,155.906,146.834,146.834,0.2031,9.072,75,-12.85,2.84,1000
2086,155.981,146.911,146.911,0.2019,9.071,75,-12.86,2.82,1000
2087,156.056,146.987,146.987,0.2007,9.069,75,-12.88,2.8,1000
2088,156.131,147.063,147.063,0.1995,9.068,75,-12.89,2.79,1000
2089,156.206,147.139,147.139,0.1983,9.067,75,-12.91,2.77,1000
2090,156.281,147.215,147.215,0.197,9.066,75,-12.92,2.75,1000
2091,156.356,147.292,147.292,0.1958,9.065,75,-12.94,2.73,1000
2092,156.431,147.368,147.368,0.1946,9.063,75,-12.95,2.72,1000
2093,156.506,147.444,147.444,0.1934,9.062,75,-12.97,2.7,1000
2094,156.581,147.52,147.52,0.1922,9.061,75,-12.98,2.68,1000
2095,156.656,147.596,147.596,0.191,9.06,75,-13.0,2.67,1000
2096,156.731,147.673,147.673,0.1898,9.059,75,-13.01,2.65,1000
2097,156.806,147.749,147.749,0.1887,9.057,75,-13.03,2.63,1000
2098,156.881,147.825,147.825,0.1875,9.056,75,-13.04,2.62,1000
2099,156.956,147.901,147.901,0.1863,9.055,75,-13.06,2.6,1000
2100,157.031,147.977,147.977,0.1851,9.054,75,-13.07,2.58,1000
2101,157.106,148.054,148.054,0.184,9.053,75,-13.09,2.57,1000
2102,157.181,148.13,148.13,0.1828,9.052,75,-13.1,2.55,1000
2103,157.256,148.206,148.206,0.1816,9.05,75,-13.12,2.54,1000
2104,157.331,148.282,148.282,0.1805,9.049,75,-13.13,2.52,1000
2105,157.406,148.358,148.358,0.1793,9.048,75,-13.15,2.5,1000
2106,157.481,148.434,148.434,0.1782,9.047,75,-13.16,2.49,1000
2107,157.556,148.51,148.51,0.177,9.046,75,-13.18,2.47,1000
2108,157.631,148.587,148.587,0.1759,9.045,75,-13.19,2.46,1000
2109,157.706,148.663,148.663,0.1748,9.044,75,-13.2,2.44,1000
2110,157.781,148.739,148.739,0.1736,9.042,75,-13.22,2.42,1000
2111,157.856,148.815,148.815,0.1725,9.041,75,-13.23,2.41,1000
2112,157.931,148.891,148.891,0.1714,9.04,75,-13.25,2.39,1000
2113,158.006,148.967,148.967,0.1703,9.039,75,-13.26,2.38,1000
2114,158.081,149.043,149.043,0.1692,9.038,75,-13.27,2.36,1000
2115,158.156,149.119,149.119,0.168,9.037,75,-13.29,2.35,1000
2116,158.231,149.196,149.196,0.1669,9.036,75,-13.3,2.33,1000
2117,158.306,149.272,149.272,0.1658,9.035,75,-13.32,2.32,1000
2118,158.381,149.348,149.348,0.1647,9.033,75,-13.33,2.3,1000
2119,158.456,149.424,149.424,0.1636,9.032,75,-13.34,2.28,1000
2120,158.531,149.5,149.5,0.1626,9.031,75,-13.36,2.27,1000
2121,158.606,149.576,149.576,0.1615,9.03,75,-13.37,2.25,1000
2122,158.681,149.652,149.652,0.1604,9.029,75,-13.38,2.24,1000
2123,158.756,149.728,149.728,0.1593,9.028,75,-13.4,2.22,1000
2124,158.831,149.804,149.804,0.1582,9.027,75,-13.41,2.21,1000
2125,158.906,149.88,149.88,0.1572,9.026,75,-13.42,2.19,1000
2126,158.981,149.956,149.956,0.1561,9.025,75,-13.44,2.18,1000
2127,159.056,150.032,150.032,0.1551,9.024,75,-13.45,2.17,1000
2128,159.131,150.108,150.108,0.154,9.023,75,-13.46,2.15,1000
2129,159.206,150.185,150.185,0.153,9.022,75,-13.48,2.14,1000
2130,159.281,150.261,150.261,0.1519,9.021,75,-13.49,2.12,1000
2131,159.356,150.337,150.337,0.1509,9.02,75,-13.5,2.11,1000
2132,159.431,150.413,150.413,0.1498,9.019,75,-13.52,2.09,1000
2133,159.506,150.489,150.489,0.1488,9.018,75,-13.53,2.08,1000
2134,159.581,150.565,150.565,0.1478,9.017,75,-13.54,2.06,1000
2135,159.656,150.641,150.641,0.1467,9.015,75,-13.56,2.05,1000
2136,159.731,150.717,150.717,0.1457,9.014,75,-13.57,2.03,1000
2137,159.806,150.793,150.793,0.1447,9.013,75,-13.58,2.02,1000
2138,159.881,150.869,150.869,0.1437,9.012,75,-13.59,2.01,1000
2139,159.956,150.945,150.945,0.1427,9.011,75,-13.61,1.99,1000
2140,160.031,151.021,151.021,0.1417,9.01,75,-13.62,1.98,1000
2141,160.106,151.097,151.097,0.1407,9.009,75,-13.63,1.96,1000
2142,160.181,151.173,151.173,0.1397,9.008,75,-13.64,1.95,1000
2143,160.256,151.249,151.249,0.1387,9.007,75,-13.66,1.94,1000
2144,160.331,151.325,151.325,0.1377,9.006,75,-13.67,1.92,1000
2145,160.406,151.401,151.401,0.1367,9.005,75,-13.68,1.91,1000
2146,160.481,151.477,151.477,0.1358,9.005,75,-13.69,1.9,1000
2147,160.556,151.553,151.553,0.1348,9.004,75,-13.71,1.88,1000
2148,160.631,151.629,151.629,0.1338,9.003,75,-13.72,1.87,1000
2149,160.706,151.705,151.705,0.1329,9.002,75,-13.73,1.86,1000
2150,160.781,151.781,151.781,0.1319,9.001,75,-13.74,1.84,1000
2151,160.856,151.857,151.857,0.1309,9.0,75,-13.75,1.83,1000
2152,160.931,151.933,151.933,0.13,8.999,75,-13.77,1.82,1000
2153,161.006,152.008,152.008,0.129,8.998,75,-13.78,1.8,1000
2154,161.081,152.084,152.084,0.1281,8.997,75,-13.79,1.79,1000
2155,161.156,152.16,152.16,0.1272,8.996,75,-13.8,1.78,1000
2156,161.231,152.236,152.236,0.1262,8.995,75,-13.81,1.76,1000
2157,161.306,152.312,152.312,0.1253,8.994,75,-13.83,1.75,1000
2158,161.381,152.388,152.388,0.1244,8.993,75,-13.84,1.74,1000
2159,161.456,152.464,152.464,0.1235,8.992,75,-13.85,1.72,1000
2160,161.531,152.54,152.54,0.1226,8.991,75,-13.86,1.71,1000
2161,161.606,152.616,152.616,0.1216,8.99,75,-13.87,1.7,1000
2162,161.681,152.692,152.692,0.1207,8.989,75,-13.88,1.69,1000
2163,161.756,152.768,152.768,0.1198,8.989,75,-13.89,1.67,1000
2164,161.831,152.844,152.844,0.1189,8.988,75,-13.91,1.66,1000
2165,161.906,152.919,152.919,0.118,8.987,75,-13.92,1.65,1000
2166,161.981,152.995,152.995,0.1172,8.986,75,-13.93,1.64,1000
2167,162.056,153.071,153.071,0.1163,8.985,75,-13.94,1.62,1000
2168,162.131,153.147,153.147,0.1154,8.984,75,-13.95,1.61,1000
2169,162.206,153.223,153.223,0.1145,8.983,75,-13.96,1.6,1000
2170,162.281,153.299,153.299,0.1136,8.982,75,-13.97,1.59,1000
2171,162.356,153.375,153.375,0.1128,8.982,75,-13.98,1.57,1000
2172,162.431,153.451,153.451,0.1119,8.981,75,-13.99,1.56,1000
2173,162.506,153.526,153.526,0.1111,8.98,75,-14.0,1.55,1000
2174,162.581,153.602,153.602,0.1102,8.979,75,-14.02,1.54,1000
2175,162.656,153.678,153.678,0.1094,8.978,75,-14.03,1.53,1000
2176,162.731,153.754,153.754,0.1085,8.977,75,-14.04,1.52,1000
2177,162.806,153.83,153.83,0.1077,8.976,75,-14.05,1.5,1000
2178,162.881,153.906,153.906,0.1068,8.976,75,-14.06,1.49,1000
2179,162.956,153.981,153.981,0.106,8.975,75,-14.07,1.48,1000
2180,163.031,154.057,154.057,0.1052,8.974,75,-14.08,1.47,1000
2181,163.106,154.133,154.133,0.1044,8.973,75,-14.09,1.46,1000
2182,163.181,154.209,154.209,0.1035,8.972,75,-14.1,1.45,1000
2183,163.256,154.285,154.285,0.1027,8.971,75,-14.11,1.43,1000
2184,163.331,154.361,154.361,0.1019,8.971,75,-14.12,1.42,1000
2185,163.406,154.436,154.436,0.1011,8.97,75,-14.13,1.41,1000
2186,163.481,154.512,154.512,0.1003,8.969,75,-14.14,1.4,1000
2187,163.556,154.588,154.588,0.0995,8.968,75,-14.15,1.39,1000
2188,163.631,154.664,154.664,0.0987,8.967,75,-14.16,1.38,1000
2189,163.706,154.74,154.74,0.0979,8.967,75,-14.17,1.37,1000
2190,163.781,154.815,154.815,0.0972,8.966,75,-14.18,1.36,1000
2191,163.856,154.891,154.891,0.0964,8.965,75,-14.19,1.35,1000
2192,163.931,154.967,154.967,0.0956,8.964,75,-14.2,1.34,1000
2193,164.006,155.043,155.043,0.0948,8.964,75,-14.21,1.32,1000
2194,164.081,155.118,155.118,0.0941,8.963,75,-14.22,1.31,1000
2195,164.156,155.194,155.194,0.0933,8.962,75,-14.23,1.3,1000
2196,164.231,155.27,155.27,0.0926,8.961,75,-14.24,1.29,1000
2197,164.306,155.346,155.346,0.0918,8.961,75,-14.25,1.28,1000
2198,164.381,155.421,155.421,0.0911,8.96,75,-14.26,1.27,1000
2199,164.456,155.497,155.497,0.0903,8.959,75,-14.26,1.26,1000
2200,164.531,155.573,155.573,0.0896,8.958,75,-14.27,1.25,1000
2201,164.606,155.649,155.649,0.0889,8.958,75,-14.28,1.24,1000
2202,164.681,155.724,155.724,0.0881,8.957,75,-14.29,1.23,1000
2203,164.756,155.8,155.8,0.0874,8.956,75,-14.3,1.22,1000
2204,164.831,155.876,155.876,0.0867,8.955,75,-14.31,1.21,1000
2205,164.906,155.952,155.952,0.086,8.955,75,-14.32,1.2,1000
2206,164.981,156.027,156.027,0.0853,8.954,75,-14.33,1.19,1000
2207,165.056,156.103,156.103,0.0846,8.953,75,-14.34,1.18,1000
2208,165.131,156.179,156.179,0.0839,8.953,75,-14.35,1.17,1000
2209,165.206,156.254,156.254,0.0832,8.952,75,-14.35,1.16,1000
2210,165.281,156.33,156.33,0.0825,8.951,75,-14.36,1.15,1000
2211,165.356,156.406,156.406,0.0818,8.951,75,-14.37,1.14,1000
2212,165.431,156.481,156.481,0.0811,8.95,75,-14.38,1.13,1000
2213,165.506,156.557,156.557,0.0804,8.949,75,-14.39,1.12,1000
2214,165.581,156.633,156.633,0.0798,8.949,75,-14.4,1.11,1000
2215,165.656,156.708,156.708,0.0791,8.948,75,-14.41,1.1,1000
2216,165.731,156.784,156.784,0.0784,8.947,75,-14.41,1.1,1000
2217,165.806,156.86,156.86,0.0778,8.947,75,-14.42,1.09,1000
2218,165.881,156.935,156.935,0.0771,8.946,75,-14.43,1.08,1000
2219,165.956,157.011,157.011,0.0765,8.945,75,-14.44,1.07,1000
2220,166.031,157.087,157.087,0.0758,8.945,75,-14.45,1.06,1000
2221,166.106,157.162,157.162,0.0752,8.944,75,-14.46,1.05,1000
2222,166.181,157.238,157.238,0.0746,8.943,75,-14.46,1.04,1000
2223,166.256,157.314,157.314,0.0739,8.943,75,-14.47,1.03,1000
2224,166.331,157.389,157.389,0.0733,8.942,75,-14.48,1.02,1000
2225,166.406,157.465,157.465,0.0727,8.941,75,-14.49,1.01,1000
2226,166.481,157.54,157.54,0.0721,8.941,75,-14.49,1.01,1000
2227,166.556,157.616,157.616,0.0715,8.94,75,-14.5,1.0,1000
2228,166.631,157.692,157.692,0.0708,8.94,75,-14.51,0.99,1000
2229,166.706,157.767,157.767,0.0702,8.939,75,-14.52,0.98,1000
2230,166.781,157.843,157.843,0.0696,8.938,75,-14.52,0.97,1000
2231,166.856,157.918,157.918,0.0691,8.938,75,-14.53,0.96,1000
2232,166.931,157.994,157.994,0.0685,8.937,75,-14.54,0.96,1000
2233,167.006,158.07,158.07,0.0679,8.937,75,-14.55,0.95,1000
2234,167.081,158.145,158.145,0.0673,8.936,75,-14.55,0.94,1000
2235,167.156,158.221,158.221,0.0667,8.935,75,-14.56,0.93,1000
2236,167.231,158.296,158.296,0.0662,8.935,75,-14.57,0.92,1000
2237,167.306,158.372,158.372,0.0656,8.934,75,-14.58,0.92,1000
2238,167.381,158.447,158.447,0.065,8.934,75,-14.58,0.91,1000
2239,167.456,158.523,158.523,0.0645,8.933,75,-14.59,0.9,1000
2240,167.531,158.599,158.599,0.0639,8.933,75,-14.6,0.89,1000
2241,167.606,158.674,158.674,0.0634,8.932,75,-14.6,0.88,1000
2242,167.681,158.75,158.75,0.0628,8.932,75,-14.61,0.88,1000
2243,167.756,158.825,158.825,0.0623,8.931,75,-14.62,0.87,1000
2244,167.831,158.901,158.901,0.0618,8.931,75,-14.62,0.86,1000
2245,167.906,158.976,158.976,0.0612,8.93,75,-14.63,0.85,1000
2246,167.981,159.052,159.052,0.0607,8.929,75,-14.64,0.85,1000
2247,168.056,159.127,159.127,0.0602,8.929,75,-14.64,0.84,1000
2248,168.131,159.203,159.203,0.0597,8.928,75,-14.65,0.83,1000
2249,168.206,159.278,159.278,0.0592,8.928,75,-14.66,0.83,1000
2250,168.281,159.354,159.354,0.0587,8.927,75,-14.66,0.82,1000
2251,168.356,159.429,159.429,0.0582,8.927,75,-14.67,0.81,1000
2252,168.431,159.505,159.505,0.0577,8.926,75,-14.68,0.81,1000
2253,168.506,159.58,159.58,0.0572,8.926,75,-14.68,0.8,1000
2254,168.581,159.656,159.656,0.0567,8.925,75,-14.69,0.79,1000
2255,168.656,159.731,159.731,0.0562,8.925,75,-14.69,0.78,1000
2256,168.731,159.807,159.807,0.0557,8.924,75,-14.7,0.78,1000
2257,168.806,159.882,159.882,0.0552,8.924,75,-14.71,0.77,1000
2258,168.881,159.958,159.958,0.0548,8.924,75,-14.71,0.76,1000
2259,168.956,160.033,160.033,0.0543,8.923,75,-14.72,0.76,1000
2260,169.031,160.109,160.109,0.0539,8.923,75,-14.72,0.75,1000
2261,169.106,160.184,160.184,0.0534,8.922,75,-14.73,0.75,1000
2262,169.181,160.26,160.26,0.053,8.922,75,-14.73,0.74,1000
2263,169.256,160.335,160.335,0.0525,8.921,75,-14.74,0.73,1000
2264,169.331,160.41,160.41,0.0521,8.921,75,-14.75,0.73,1000
2265,169.406,160.486,160.486,0.0516,8.92,75,-14.75,0.72,1000
2266,169.481,160.561,160.561,0.0512,8.92,75,-14.76,0.71,1000
2267,169.556,160.637,160.637,0.0508,8.92,75,-14.76,0.71,1000
2268,169.631,160.712,160.712,0.0504,8.919,75,-14.77,0.7,1000
2269,169.706,160.788,160.788,0.0499,8.919,75,-14.77,0.7,1000
2270,169.781,160.863,160.863,0.0495,8.918,75,-14.78,0.69,1000
2271,169.856,160.938,160.938,0.0491,8.918,75,-14.78,0.69,1000
2272,169.931,161.014,161.014,0.0487,8.917,75,-14.79,0.68,1000
2273,170.006,161.089,161.089,0.0483,8.917,75,-14.79,0.67,1000
2274,170.081,161.165,161.165,0.0479,8.917,75,-14.8,0.67,1000
2275,170.156,161.24,161.24,0.0475,8.916,75,-14.8,0.66,1000
2276,170.231,161.315,161.315,0.0472,8.916,75,-14.81,0.66,1000
2277,170.306,161.391,161.391,0.0468,8.916,75,-14.81,0.65,1000
2278,170.381,161.466,161.466,0.0464,8.915,75,-14.82,0.65,1000
2279,170.456,161.541,161.541,0.046,8.915,75,-14.82,0.64,1000
2280,170.531,161.617,161.617,0.0457,8.914,75,-14.83,0.64,1000
2281,170.606,161.692,161.692,0.0453,8.914,75,-14.83,0.63,1000
2282,170.681,161.768,161.768,0.0449,8.914,75,-14.84,0.63,1000
2283,170.756,161.843,161.843,0.0446,8.913,75,-14.84,0.62,1000
2284,170.831,161.918,161.918,0.0443,8.913,75,-14.84,0.62,1000
2285,170.906,161.994,161.994,0.0439,8.913,75,-14.85,0.61,1000
2286,170.981,162.069,162.069,0.0436,8.912,75,-14.85,0.61,1000
2287,171.056,162.144,162.144,0.0432,8.912,75,-14.86,0.6,1000
2288,171.131,162.22,162.22,0.0429,8.912,75,-14.86,0.6,1000
2289,171.206,162.295,162.295,0.0426,8.911,75,-14.86,0.59,1000
2290,171.281,162.37,162.37,0.0423,8.911,75,-14.87,0.59,1000
2291,171.356,162.446,162.446,0.042,8.911,75,-14.87,0.59,1000
2292,171.431,162.521,162.521,0.0417,8.91,75,-14.88,0.58,1000
2293,171.506,162.596,162.596,0.0414,8.91,75,-14.88,0.58,1000
2294,171.581,162.671,162.671,0.0411,8.91,75,-14.88,0.57,1000
2295,171.656,162.747,162.747,0.0408,8.91,75,-14.89,0.57,1000
2296,171.731,162.822,162.822,0.0405,8.909,75,-14.89,0.57,1000
2297,171.806,162.897,162.897,0.0402,8.909,75,-14.9,0.56,1000
2298,171.881,162.973,162.973,0.0399,8.909,75,-14.9,0.56,1000
2299,171.956,163.048,163.048,0.0396,8.908,75,-14.9,0.55,1000
2300,172.031,163.123,163.123,0.0394,8.908,75,-14.91,0.55,1000
2301,172.106,163.198,163.198,0.0391,8.908,75,-14.91,0.55,1000
2302,172.181,163.274,163.274,0.0388,8.908,75,-14.91,0.54,1000
2303,172.256,163.349,163.349,0.0386,8.907,75,-14.92,0.54,1000
2304,172.331,163.424,163.424,0.0383,8.907,75,-14.92,0.54,1000
2305,172.406,163.499,163.499,0.0381,8.907,75,-14.92,0.53,1000
2306,172.481,163.575,163.575,0.0378,8.907,75,-14.92,0.53,1000
2307,172.556,163.65,163.65,0.0376,8.906,75,-14.93,0.53,1000
2308,172.631,163.725,163.725,0.0374,8.906,75,-14.93,0.52,1000
2309,172.706,163.8,163.8,0.0371,8.906,75,-14.93,0.52,1000
2310,172.781,163.876,163.876,0.0369,8.906,75,-14.94,0.52,1000
2311,172.856,163.951,163.951,0.0367,8.905,75,-14.94,0.51,1000
2312,172.931,164.026,164.026,0.0365,8.905,75,-14.94,0.51,1000
2313,173.006,164.101,164.101,0.0363,8.905,75,-14.94,0.51,1000
2314,173.081,164.176,164.176,0.0361,8.905,75,-14.95,0.5,1000
2315,173.156,164.252,164.252,0.0359,8.905,75,-14.95,0.5,1000
2316,173.231,164.327,164.327,0.0357,8.904,75,-14.95,0.5,1000
2317,173.306,164.402,164.402,0.0355,8.904,75,-14.95,0.5,1000
2318,173.381,164.477,164.477,0.0353,8.904,75,-14.96,0.49,1000
2319,173.456,164.552,164.552,0.0351,8.904,75,-14.96,0.49,1000
2320,173.531,164.628,164.628,0.035,8.904,75,-14.96,0.49,1000
2321,173.606,164.703,164.703,0.0348,8.904,75,-14.96,0.49,1000
2322,173.681,164.778,164.778,0.0346,8.903,75,-14.96,0.48,1000
2323,173.756,164.853,164.853,0.0345,8.903,75,-14.97,0.48,1000
2324,173.831,164.928,164.928,0.0343,8.903,75,-14.97,0.48,1000
2325,173.906,165.003,165.003,0.0342,8.903,75,-14.97,0.48,1000
2326,173.981,165.078,165.078,0.034,8.903,75,-14.97,0.47,1000
2327,174.056,165.154,165.154,0.0339,8.903,75,-14.97,0.47,1000
2328,174.131,165.229,165.229,0.0337,8.902,75,-14.98,0.47,1000
2329,174.206,165.304,165.304,0.0336,8.902,75,-14.98,0.47,1000
2330,174.281,165.379,165.379,0.0335,8.902,75,-14.98,0.47,1000
2331,174.356,165.454,165.454,0.0333,8.902,75,-14.98,0.47,1000
2332,174.431,165.529,165.529,0.0332,8.902,75,-14.98,0.46,1000
2333,174.506,165.604,165.604,0.0331,8.902,75,-14.98,0.46,1000
2334,174.581,165.679,165.679,0.033,8.902,75,-14.99,0.46,1000
2335,174.656,165.755,165.755,0.0329,8.902,75,-14.99,0.46,1000
2336,174.731,165.83,165.83,0.0328,8.902,75,-14.99,0.46,1000
2337,174.806,165.905,165.905,0.0327,8.901,75,-14.99,0.46,1000
2338,174.881,165.98,165.98,0.0326,8.901,75,-14.99,0.46,1000
2339,174.956,166.055,166.055,0.0325,8.901,75,-14.99,0.45,1000
2340,175.031,166.13,166.13,0.0325,8.901,75,-14.99,0.45,1000
2341,175.106,166.205,166.205,0.0324,8.901,75,-14.99,0.45,1000
2342,175.181,166.28,166.28,0.0323,8.901,75,-14.99,0.45,1000
2343,175.256,166.355,166.355,0.0322,8.901,75,-14.99,0.45,1000
2344,175.331,166.43,166.43,0.0322,8.901,75,-15.0,0.45,1000
2345,175.406,166.505,166.505,0.0321,8.901,75,-15.0,0.45,1000
2346,175.481,166.58,166.58,0.0321,8.901,75,-15.0,0.45,1000
2347,175.556,166.655,166.655,0.032,8.901,75,-15.0,0.45,1000
2348,175.631,166.731,166.731,0.032,8.901,75,-15.0,0.45,1000
2349,175.706,166.806,166.806,0.032,8.901,75,-15.0,0.45,1000
2350,175.781,166.881,166.881,0.0319,8.901,75,-15.0,0.45,1000
2351,175.856,166.956,166.956,0.0319,8.901,75,-15.0,0.45,1000
2352,175.931,167.031,167.031,0.0319,8.901,75,-15.0,0.45,1000
2353,176.006,167.106,167.106,0.0319,8.901,75,-15.0,0.44,1000
2354,176.081,167.181,167.181,0.0318,8.901,75,-15.0,0.44,1000
2355,176.156,167.256,167.256,0.0318,8.901,75,-15.0,0.44,1000
2356,176.231,167.331,167.331,0.0318,8.901,75,-15.0,0.44,1000
2357,176.306,167.406,167.406,0.0318,8.901,75,-15.0,0.44,1000
2358,176.381,167.481,167.481,0.0318,8.901,75,-15.0,0.44,1000
2359,176.456,167.556,167.556,0.0318,8.901,75,-15.0,0.44,1000
2360,176.531,167.631,167.631,0.0319,8.901,75,-15.0,0.44,1000
2361,176.606,167.706,167.706,0.0319,8.901,75,-15.0,0.45,1000
2362,176.681,167.781,167.781,0.0319,8.901,75,-15.0,0.45,1000
2363,176.756,167.856,167.856,0.0319,8.901,75,-15.0,0.45,1000
2364,176.831,167.931,167.931,0.032,8.901,75,-15.0,0.45,1000
2365,176.906,168.005,168.005,0.032,8.901,75,-15.0,0.45,1000
2366,176.981,168.08,168.08,0.0321,8.901,75,-15.0,0.45,1000
2367,177.056,168.155,168.155,0.0321,8.901,75,-15.0,0.45,1000
2368,177.131,168.23,168.23,0.0322,8.901,75,-15.0,0.45,1000
2369,177.206,168.305,168.305,0.0322,8.901,75,-15.0,0.45,1000
2370,177.281,168.38,168.38,0.0323,8.901,75,-14.99,0.45,1000
2371,177.356,168.455,168.455,0.0324,8.901,75,-14.99,0.45,1000
2372,177.431,168.53,168.53,0.0324,8.901,75,-14.99,0.45,1000
2373,177.506,168.605,168.605,0.0325,8.901,75,-14.99,0.45,1000
2374,177.581,168.68,168.68,0.0326,8.901,75,-14.99,0.46,1000
2375,177.656,168.755,168.755,0.0327,8.901,75,-14.99,0.46,1000
2376,177.731,168.83,168.83,0.0328,8.902,75,-14.99,0.46,1000
2377,177.806,168.905,168.905,0.0329,8.902,75,-14.99,0.46,1000
2378,177.881,168.98,168.98,0.033,8.902,75,-14.99,0.46,1000
2379,177.956,169.054,169.054,0.0331,8.902,75,-14.98,0.46,1000
2380,178.031,169.129,169.129,0.0332,8.902,75,-14.98,0.46,1000
2381,178.106,169.204,169.204,0.0333,8.902,75,-14.98,0.46,1000
2382,178.181,169.279,169.279,0.0334,8.902,75,-14.98,0.47,1000
2383,178.256,169.354,169.354,0.0335,8.902,75,-14.98,0.47,1000
2384,178.331,169.429,169.429,0.0337,8.902,75,-14.98,0.47,1000
2385,178.406,169.504,169.504,0.0338,8.903,75,-14.98,0.47,1000
2386,178.481,169.579,169.579,0.034,8.903,75,-14.97,0.47,1000
2387,178.556,169.653,169.653,0.0341,8.903,75,-14.97,0.48,1000
2388,178.631,169.728,169.728,0.0342,8.903,75,-14.97,0.48,1000
2389,178.706,169.803,169.803,0.0344,8.903,75,-14.97,0.48,1000
2390,178.781,169.878,169.878,0.0346,8.903,75,-14.97,0.48,1000
2391,178.856,169.953,169.953,0.0347,8.903,75,-14.96,0.48,1000
2392,178.931,170.028,170.028,0.0349,8.904,75,-14.96,0.49,1000
2393,179.006,170.102,170.102,0.0351,8.904,75,-14.96,0.49,1000
2394,179.081,170.177,170.177,0.0352,8.904,75,-14.96,0.49,1000
2395,179.156,170.252,170.252,0.0354,8.904,75,-14.95,0.49,1000
2396,179.231,170.327,170.327,0.0356,8.904,75,-14.95,0.5,1000
2397,179.306,170.402,170.402,0.0358,8.905,75,-14.95,0.5,1000
2398,179.381,170.476,170.476,0.036,8.905,75,-14.95,0.5,1000
2399,179.456,170.551,170.551,0.0362,8.905,75,-14.95,0.51,1000
2400,179.531,170.626,170.626,0.0364,8.905,75,-14.94,0.51,1000
2401,179.606,170.701,170.701,0.0366,8.905,75,-14.94,0.51,1000
2402,179.681,170.776,170.776,0.0368,8.906,75,-14.94,0.51,1000
2403,179.756,170.85,170.85,0.0371,8.906,75,-14.93,0.52,1000
2404,179.831,170.925,170.925,0.0373,8.906,75,-14.93,0.52,1000
2405,179.906,171.0,171.0,0.0375,8.906,75,-14.93,0.52,1000
2406,179.981,171.075,171.075,0.0377,8.906,75,-14.93,0.53,1000
2407,180.056,171.15,171.15,0.038,8.907,75,-14.92,0.53,1000
2408,180.131,171.224,171.224,0.0382,8.907,75,-14.92,0.53,1000
2409,180.206,171.299,171.299,0.0385,8.907,75,-14.92,0.54,1000
2410,180.281,171.374,171.374,0.0387,8.907,75,-14.91,0.54,1000
2411,180.356,171.449,171.449,0.039,8.908,75,-14.91,0.54,1000
2412,180.431,171.523,171.523,0.0393,8.908,75,-14.91,0.55,1000
2413,180.506,171.598,171.598,0.0395,8.908,75,-14.9,0.55,1000
2414,180.581,171.673,171.673,0.0398,8.909,75,-14.9,0.56,1000
2415,180.656,171.747,171.747,0.0401,8.909,75,-14.9,0.56,1000
2416,180.731,171.822,171.822,0.0404,8.909,75,-14.89,0.56,1000
2417,180.806,171.897,171.897,0.0406,8.909,75,-14.89,0.57,1000
2418,180.881,171.972,171.972,0.0409,8.91,75,-14.89,0.57,1000
2419,180.956,172.046,172.046,0.0412,8.91,75,-14.88,0.58,1000
2420,181.031,172.121,172.121,0.0415,8.91,75,-14.88,0.58,1000
2421,181.106,172.196,172.196,0.0418,8.911,75,-14.87,0.58,1000
2422,181.181,172.27,172.27,0.0422,8.911,75,-14.87,0.59,1000
2423,181.256,172.345,172.345,0.0425,8.911,75,-14.87,0.59,1000
2424,181.331,172.42,172.42,0.0428,8.912,75,-14.86,0.6,1000
2425,181.406,172.494,172.494,0.0431,8.912,75,-14.86,0.6,1000
2426,181.481,172.569,172.569,0.0434,8.912,75,-14.85,0.61,1000
2427,181.556,172.644,172.644,0.0438,8.913,75,-14.85,0.61,1000
2428,181.631,172.718,172.718,0.0441,8.913,75,-14.85,0.62,1000
2429,181.706,172.793,172.793,0.0445,8.913,75,-14.84,0.62,1000
2430,181.781,172.868,172.868,0.0448,8.914,75,-14.84,0.63,1000
2431,181.856,172.942,172.942,0.0452,8.914,75,-14.83,0.63,1000
2432,181.931,173.017,173.017,0.0455,8.914,75,-14.83,0.64,1000
2433,182.006,173.092,173.092,0.0459,8.915,75,-14.82,0.64,1000
2434,182.081,173.166,173.166,0.0463,8.915,75,-14.82,0.65,1000
2435,182.156,173.241,173.241,0.0466,8.915,75,-14.81,0.65,1000
2436,182.231,173.315,173.315,0.047,8.916,75,-14.81,0.66,1000
2437,182.306,173.39,173.39,0.0474,8.916,75,-14.8,0.66,1000
2438,182.381,173.465,173.465,0.0478,8.917,75,-14.8,0.67,1000
2439,182.456,173.539,173.539,0.0482,8.917,75,-14.79,0.67,1000
2440,182.531,173.614,173.614,0.0486,8.917,75,-14.79,0.68,1000
2441,182.606,173.689,173.689,0.049,8.918,75,-14.78,0.68,1000
2442,182.681,173.763,173.763,0.0494,8.918,75,-14.78,0.69,1000
2443,182.756,173.838,173.838,0.0498,8.919,75,-14.77,0.69,1000
2444,182.831,173.912,173.912,0.0502,8.919,75,-14.77,0.7,1000
2445,182.906,173.987,173.987,0.0506,8.919,75,-14.76,0.71,1000
2446,182.981,174.061,174.061,0.051,8.92,75,-14.76,0.71,1000
2447,183.056,174.136,174.136,0.0515,8.92,75,-14.75,0.72,1000
2448,183.131,174.211,174.211,0.0519,8.921,75,-14.75,0.72,1000
2449,183.206,174.285,174.285,0.0523,8.921,75,-14.74,0.73,1000
2450,183.281,174.36,174.36,0.0528,8.922,75,-14.74,0.74,1000
2451,183.356,174.434,174.434,0.0532,8.922,75,-14.73,0.74,1000
2452,183.431,174.509,174.509,0.0537,8.922,75,-14.73,0.75,1000
2453,183.506,174.583,174.583,0.0541,8.923,75,-14.72,0.76,1000
2454,183.581,174.658,174.658,0.0546,8.923,75,-14.71,0.76,1000
2455,183.656,174.732,174.732,0.0551,8.924,75,-14.71,0.77,1000
2456,183.731,174.807,174.807,0.0555,8.924,75,-14.7,0.78,1000
2457,183.806,174.881,174.881,0.056,8.925,75,-14.7,0.78,1000
2458,183.881,174.956,174.956,0.0565,8.925,75,-14.69,0.79,1000
2459,183.956,175.031,175.031,0.057,8.926,75,-14.68,0.8,1000
2460,184.031,175.105,175.105,0.0575,8.926,75,-14.68,0.8,1000
2461,184.106,175.18,175.18,0.058,8.927,75,-14.67,0.81,1000
2462,184.181,175.254,175.254,0.0585,8.927,75,-14.67,0.82,1000
2463,184.256,175.329,175.329,0.059,8.928,75,-14.66,0.82,1000
2464,184.331,175.403,175.403,0.0595,8.928,75,-14.65,0.83,1000
2465,184.406,175.478,175.478,0.06,8.929,75,-14.65,0.84,1000
2466,184.481,175.552,175.552,0.0605,8.929,75,-14.64,0.84,1000
2467,184.556,175.626,175.626,0.061,8.93,75,-14.63,0.85,1000
2468,184.631,175.701,175.701,0.0615,8.93,75,-14.63,0.86,1000
2469,184.706,175.775,175.775,0.0621,8.931,75,-14.62,0.87,1000
2470,184.781,175.85,175.85,0.0626,8.931,75,-14.61,0.87,1000
2471,184.856,175.924,175.924,0.0632,8.932,75,-14.61,0.88,1000
2472,184.931,175.999,175.999,0.0637,8.932,75,-14.6,0.89,1000
2473,185.006,176.073,176.073,0.0643,8.933,75,-14.59,0.9,1000
2474,185.081,176.148,176.148,0.0648,8.934,75,-14.59,0.9,1000
2475,185.156,176.222,176.222,0.0654,8.934,75,-14.58,0.91,1000
2476,185.231,176.297,176.297,0.0659,8.935,75,-14.57,0.92,1000
2477,185.306,176.371,176.371,0.0665,8.935,75,-14.56,0.93,1000
2478,185.381,176.445,176.445,0.0671,8.936,75,-14.56,0.94,1000
2479,185.456,176.52,176.52,0.0677,8.936,75,-14.55,0.94,1000
2480,185.531,176.594,176.594,0.0682,8.937,75,-14.54,0.95,1000
2481,185.606,176.669,176.669,0.0688,8.938,75,-14.54,0.96,1000
2482,185.681,176.743,176.743,0.0694,8.938,75,-14.53,0.97,1000
2483,185.756,176.817,176.817,0.07,8.939,75,-14.52,0.98,1000
2484,185.831,176.892,176.892,0.0706,8.939,75,-14.51,0.99,1000
2485,185.906,176.966,176.966,0.0712,8.94,75,-14.51,0.99,1000
2486,185.981,177.041,177.041,0.0718,8.941,75,-14.5,1.0,1000
2487,186.056,177.115,177.115,0.0724,8.941,75,-14.49,1.01,1000
2488,186.131,177.189,177.189,0.0731,8.942,75,-14.48,1.02,1000
2489,186.206,177.264,177.264,0.0737,8.942,75,-14.47,1.03,1000
2490,186.281,177.338,177.338,0.0743,8.943,75,-14.47,1.04,1000
2491,186.356,177.413,177.413,0.075,8.944,75,-14.46,1.05,1000
2492,186.431,177.487,177.487,0.0756,8.944,75,-14.45,1.06,1000
2493,186.506,177.561,177.561,0.0762,8.945,75,-14.44,1.06,1000
2494,186.581,177.636,177.636,0.0769,8.946,75,-14.43,1.07,1000
2495,186.656,177.71,177.71,0.0775,8.946,75,-14.43,1.08,1000
2496,186.731,177.784,177.784,0.0782,8.947,75,-14.42,1.09,1000
2497,186.806,177.859,177.859,0.0789,8.948,75,-14.41,1.1,1000
2498,186.881,177.933,177.933,0.0795,8.948,75,-14.4,1.11,1000
2499,186.956,178.007,178.007,0.0802,8.949,75,-14.39,1.12,1000
2500,187.031,178.082,178.082,0.0809,8.95,75,-14.38,1.13,1000
2501,187.106,178.156,178.156,0.0815,8.95,75,-14.38,1.14,1000
2502,187.181,178.23,178.23,0.0822,8.951,75,-14.37,1.15,1000
2503,187.256,178.305,178.305,0.0829,8.952,75,-14.36,1.16,1000
2504,187.331,178.379,178.379,0.0836,8.952,75,-14.35,1.17,1000
2505,187.406,178.453,178.453,0.0843,8.953,75,-14.34,1.18,1000
2506,187.481,178.527,178.527,0.085,8.954,75,-14.33,1.19,1000
2507,187.556,178.602,178.602,0.0857,8.954,75,-14.32,1.2,1000
2508,187.631,178.676,178.676,0.0864,8.955,75,-14.31,1.21,1000
2509,187.706,178.75,178.75,0.0871,8.956,75,-14.3,1.22,1000
2510,187.781,178.825,178.825,0.0879,8.957,75,-14.3,1.23,1000
2511,187.856,178.899,178.899,0.0886,8.957,75,-14.29,1.24,1000
2512,187.931,178.973,178.973,0.0893,8.958,75,-14.28,1.25,1000
2513,188.006,179.047,179.047,0.0901,8.959,75,-14.27,1.26,1000
2514,188.081,179.122,179.122,0.0908,8.96,75,-14.26,1.27,1000
2515,188.156,179.196,179.196,0.0915,8.96,75,-14.25,1.28,1000
2516,188.231,179.27,179.27,0.0923,8.961,75,-14.24,1.29,1000
2517,188.306,179.344,179.344,0.093,8.962,75,-14.23,1.3,1000
2518,188.381,179.419,179.419,0.0938,8.963,75,-14.22,1.31,1000
2519,188.456,179.493,179.493,0.0946,8.963,75,-14.21,1.32,1000
2520,188.531,179.567,179.567,0.0953,8.964,75,-14.2,1.33,1000
2521,188.606,179.641,179.641,0.0961,8.965,75,-14.19,1.34,1000
2522,188.681,179.716,179.716,0.0969,8.966,75,-14.18,1.35,1000
2523,188.756,179.79,179.79,0.0976,8.966,75,-14.17,1.36,1000
2524,188.831,179.864,179.864,0.0984,8.967,75,-14.16,1.37,1000
2525,188.906,179.938,179.938,0.0992,8.968,75,-14.15,1.39,1000
2526,188.981,180.012,180.012,0.1,8.969,75,-14.14,1.4,1000
2527,189.056,180.087,180.087,0.1008,8.97,75,-14.13,1.41,1000
2528,189.131,180.161,180.161,0.1016,8.97,75,-14.12,1.42,1000
2529,189.206,180.235,180.235,0.1024,8.971,75,-14.11,1.43,1000
2530,189.281,180.309,180.309,0.1032,8.972,75,-14.1,1.44,1000
2531,189.356,180.383,180.383,0.104,8.973,75,-14.09,1.45,1000
2532,189.431,180.458,180.458,0.1049,8.974,75,-14.08,1.46,1000
2533,189.506,180.532,180.532,0.1057,8.974,75,-14.07,1.48,1000
2534,189.581,180.606,180.606,0.1065,8.975,75,-14.06,1.49,1000
2535,189.656,180.68,180.68,0.1073,8.976,75,-14.05,1.5,1000
2536,189.731,180.754,180.754,0.1082,8.977,75,-14.04,1.51,1000
2537,189.806,180.828,180.828,0.109,8.978,75,-14.03,1.52,1000
2538,189.881,180.903,180.903,0.1099,8.979,75,-14.02,1.53,1000
2539,189.956,180.977,180.977,0.1107,8.979,75,-14.01,1.55,1000
2540,190.031,181.051,181.051,0.1116,8.98,75,-14.0,1.56,1000
2541,190.106,181.125,181.125,0.1124,8.981,75,-13.99,1.57,1000
2542,190.181,181.199,181.199,0.1133,8.982,75,-13.98,1.58,1000
2543,190.256,181.273,181.273,0.1142,8.983,75,-13.97,1.59,1000
2544,190.331,181.347,181.347,0.115,8.984,75,-13.95,1.61,1000
2545,190.406,181.422,181.422,0.1159,8.985,75,-13.94,1.62,1000
2546,190.481,181.496,181.496,0.1168,8.986,75,-13.93,1.63,1000
2547,190.556,181.57,181.57,0.1177,8.986,75,-13.92,1.64,1000
2548,190.631,181.644,181.644,0.1186,8.987,75,-13.91,1.66,1000
2549,190.706,181.718,181.718,0.1195,8.988,75,-13.9,1.67,1000
2550,190.781,181.792,181.792,0.1204,8.989,75,-13.89,1.68,1000
2551,190.856,181.866,181.866,0.1213,8.99,75,-13.88,1.69,1000
2552,190.931,181.94,181.94,0.1222,8.991,75,-13.86,1.71,1000
2553,191.006,182.014,182.014,0.1231,8.992,75,-13.85,1.72,1000
2554,191.081,182.088,182.088,0.124,8.993,75,-13.84,1.73,1000
2555,191.156,182.163,182.163,0.125,8.994,75,-13.83,1.74,1000
2556,191.231,182.237,182.237,0.1259,8.995,75,-13.82,1.76,1000
2557,191.306,182.311,182.311,0.1268,8.996,75,-13.81,1.77,1000
2558,191.381,182.385,182.385,0.1277,8.996,75,-13.79,1.78,1000
2559,191.456,182.459,182.459,0.1287,8.997,75,-13.78,1.8,1000
2560,191.531,182.533,182.533,0.1296,8.998,75,-13.77,1.81,1000
2561,191.606,182.607,182.607,0.1306,8.999,75,-13.76,1.82,1000
2562,191.681,182.681,182.681,0.1315,9.0,75,-13.75,1.84,1000
2563,191.756,182.755,182.755,0.1325,9.001,75,-13.74,1.85,1000
2564,191.831,182.829,182.829,0.1334,9.002,75,-13.72,1.86,1000
2565,191.906,182.903,182.903,0.1344,9.003,75,-13.71,1.88,1000
2566,191.981,182.977,182.977,0.1354,9.004,75,-13.7,1.89,1000
2567,192.056,183.051,183.051,0.1364,9.005,75,-13.69,1.9,1000
2568,192.131,183.125,183.125,0.1373,9.006,75,-13.67,1.92,1000
2569,192.206,183.199,183.199,0.1383,9.007,75,-13.66,1.93,1000
2570,192.281,183.273,183.273,0.1393,9.008,75,-13.65,1.95,1000
2571,192.356,183.347,183.347,0.1403,9.009,75,-13.64,1.96,1000
2572,192.431,183.421,183.421,0.1413,9.01,75,-13.62,1.97,1000
2573,192.506,183.495,183.495,0.1423,9.011,75,-13.61,1.99,1000
2574,192.581,183.569,183.569,0.1433,9.012,75,-13.6,2.0,1000
2575,192.656,183.643,183.643,0.1443,9.013,75,-13.59,2.02,1000
2576,192.731,183.717,183.717,0.1453,9.014,75,-13.57,2.03,1000
2577,192.806,183.791,183.791,0.1463,9.015,75,-13.56,2.04,1000
2578,192.881,183.865,183.865,0.1474,9.016,75,-13.55,2.06,1000
2579,192.956,183.939,183.939,0.1484,9.017,75,-13.54,2.07,1000
2580,193.031,184.013,184.013,0.1494,9.018,75,-13.52,2.09,1000
2581,193.106,184.087,184.087,0.1505,9.019,75,-13.51,2.1,1000
2582,193.181,184.161,184.161,0.1515,9.02,75,-13.5,2.12,1000
2583,193.256,184.235,184.235,0.1525,9.021,75,-13.48,2.13,1000
2584,193.331,184.309,184.309,0.1536,9.022,75,-13.47,2.14,1000
2585,193.406,184.383,184.383,0.1546,9.023,75,-13.46,2.16,1000
2586,193.481,184.457,184.457,0.1557,9.024,75,-13.44,2.17,1000
2587,193.556,184.531,184.531,0.1568,9.026,75,-13.43,2.19,1000
2588,193.631,184.605,184.605,0.1578,9.027,75,-13.42,2.2,1000
2589,193.706,184.679,184.679,0.1589,9.028,75,-13.4,2.22,1000
2590,193.781,184.753,184.753,0.16,9.029,75,-13.39,2.23,1000
2591,193.856,184.826,184.826,0.1611,9.03,75,-13.38,2.25,1000
2592,193.931,184.9,184.9,0.1621,9.031,75,-13.36,2.26,1000
2593,194.006,184.974,184.974,0.1632,9.032,75,-13.35,2.28,1000
2594,194.081,185.048,185.048,0.1643,9.033,75,-13.34,2.29,1000
2595,194.156,185.122,185.122,0.1654,9.034,75,-13.32,2.31,1000
2596,194.231,185.196,185.196,0.1665,9.035,75,-13.31,2.32,1000
2597,194.306,185.27,185.27,0.1676,9.036,75,-13.29,2.34,1000
2598,194.381,185.344,185.344,0.1687,9.037,75,-13.28,2.36,1000
2599,194.456,185.418,185.418,0.1698,9.039,75,-13.27,2.37,1000
2600,194.531,185.492,185.492,0.1709,9.04,75,-13.25,2.39,1000
2601,194.606,185.565,185.565,0.1721,9.041,75,-13.24,2.4,1000
2602,194.681,185.639,185.639,0.1732,9.042,75,-13.22,2.42,1000
2603,194.756,185.713,185.713,0.1743,9.043,75,-13.21,2.43,1000
2604,194.831,185.787,185.787,0.1755,9.044,75,-13.2,2.45,1000
2605,194.906,185.861,185.861,0.1766,9.045,75,-13.18,2.47,1000
2606,194.981,185.935,185.935,0.1777,9.046,75,-13.17,2.48,1000
2607,195.056,186.009,186.009,0.1789,9.048,75,-13.15,2.5,1000
2608,195.131,186.082,186.082,0.18,9.049,75,-13.14,2.51,1000
2609,195.206,186.156,186.156,0.1812,9.05,75,-13.12,2.53,1000
2610,195.281,186.23,186.23,0.1823,9.051,75,-13.11,2.55,1000
2611,195.356,186.304,186.304,0.1835,9.052,75,-13.09,2.56,1000
2612,195.431,186.378,186.378,0.1847,9.053,75,-13.08,2.58,1000
2613,195.506,186.452,186.452,0.1858,9.055,75,-13.06,2.59,1000
2614,195.581,186.525,186.525,0.187,9.056,75,-13.05,2.61,1000
2615,195.656,186.599,186.599,0.1882,9.057,75,-13.04,2.63,1000
2616,195.731,186.673,186.673,0.1894,9.058,75,-13.02,2.64,1000
2617,195.806,186.747,186.747,0.1906,9.059,75,-13.01,2.66,1000
2618,195.881,186.821,186.821,0.1918,9.061,75,-12.99,2.68,1000
2619,195.956,186.895,186.895,0.193,9.062,75,-12.98,2.69,1000
2620,196.031,186.968,186.968,0.1942,9.063,75,-12.96,2.71,1000
2621,196.106,187.042,187.042,0.1954,9.064,75,-12.95,2.73,1000
2622,196.181,187.116,187.116,0.1966,9.065,75,-12.93,2.74,1000
2623,196.256,187.19,187.19,0.1978,9.067,75,-12.91,2.76,1000
2624,196.331,187.264,187.264,0.199,9.068,75,-12.9,2.78,1000
2625,196.406,187.337,187.337,0.2002,9.069,75,-12.88,2.8,1000
2626,196.481,187.411,187.411,0.2014,9.07,75,-12.87,2.81,1000
2627,196.556,187.485,187.485,0.2027,9.071,75,-12.85,2.83,1000
2628,196.631,187.559,187.559,0.2039,9.073,75,-12.84,2.85,1000
2629,196.706,187.632,187.632,0.2051,9.074,75,-12.82,2.86,1000
2630,196.781,187.706,187.706,0.2064,9.075,75,-12.81,2.88,1000
2631,196.856,187.78,187.78,0.2076,9.076,75,-12.79,2.9,1000
2632,196.931,187.854,187.854,0.2089,9.078,75,-12.78,2.92,1000
2633,197.006,187.927,187.927,0.2101,9.079,75,-12.76,2.93,1000
2634,197.081,188.001,188.001,0.2114,9.08,75,-12.74,2.95,1000
2635,197.156,188.075,188.075,0.2126,9.081,75,-12.73,2.97,1000
2636,197.231,188.149,188.149,0.2139,9.083,75,-12.71,2.99,1000
2637,197.306,188.222,188.222,0.2152,9.084,75,-12.7,3.0,1000
2638,197.381,188.296,188.296,0.2165,9.085,75,-12.68,3.02,1000
2639,197.456,188.37,188.37,0.2177,9.086,75,-12.66,3.04,1000
2640,197.531,188.443,188.443,0.219,9.088,75,-12.65,3.06,1000
2641,197.606,188.517,188.517,0.2203,9.089,75,-12.63,3.08,1000
2642,197.681,188.591,188.591,0.2216,9.09,75,-12.62,3.09,1000
2643,197.756,188.665,188.665,0.2229,9.092,75,-12.6,3.11,1000
2644,197.831,188.738,188.738,0.2242,9.093,75,-12.58,3.13,1000
2645,197.906,188.812,188.812,0.2255,9.094,75,-12.57,3.15,1000
2646,197.981,188.886,188.886,0.2268,9.096,75,-12.55,3.17,1000
2647,198.056,188.959,188.959,0.2281,9.097,75,-12.53,3.18,1000
2648,198.131,189.033,189.033,0.2294,9.098,75,-12.52,3.2,1000
2649,198.206,189.107,189.107,0.2307,9.099,75,-12.5,3.22,1000
2650,198.281,189.18,189.18,0.232,9.101,75,-12.48,3.24,1000
2651,198.356,189.254,189.254,0.2334,9.102,75,-12.47,3.26,1000
2652,198.431,189.328,189.328,0.2347,9.103,75,-12.45,3.28,1000
2653,198.506,189.401,189.401,0.236,9.105,75,-12.43,3.3,1000
2654,198.581,189.475,189.475,0.2374,9.106,75,-12.42,3.31,1000
2655,198.656,189.549,189.549,0.2387,9.107,75,-12.4,3.33,1000
2656,198.731,189.622,189.622,0.2401,9.109,75,-12.38,3.35,1000
2657,198.806,189.696,189.696,0.2414,9.11,75,-12.37,3.37,1000
2658,198.881,189.77,189.77,0.2428,9.112,75,-12.35,3.39,1000
2659,198.956,189.843,189.843,0.2441,9.113,75,-12.33,3.41,1000
2660,199.031,189.917,189.917,0.2455,9.114,75,-12.32,3.43,1000
2661,199.106,189.991,189.991,0.2468,9.116,75,-12.3,3.45,1000
2662,199.181,190.064,190.064,0.2482,9.117,75,-12.28,3.47,1000
2663,199.256,190.138,190.138,0.2496,9.118,75,-12.26,3.48,1000
2664,199.331,190.212,190.212,0.251,9.12,75,-12.25,3.5,1000
2665,199.406,190.285,190.285,0.2523,9.121,75,-12.23,3.52,1000
2666,199.481,190.359,190.359,0.2537,9.122,75,-12.21,3.54,1000
2667,199.556,190.432,190.432,0.2551,9.124,75,-12.19,3.56,1000
2668,199.631,190.506,190.506,0.2565,9.125,75,-12.18,3.58,1000
2669,199.706,190.58,190.58,0.2579,9.127,75,-12.16,3.6,1000
2670,199.781,190.653,190.653,0.2593,9.128,75,-12.14,3.62,1000
2671,199.856,190.727,190.727,0.2607,9.129,75,-12.12,3.64,1000
2672,199.931,190.8,190.8,0.2621,9.131,75,-12.11,3.66,1000
2673,200.006,190.874,190.874,0.2635,9.132,75,-12.09,3.68,1000
2674,200.081,190.948,190.948,0.2649,9.134,75,-12.07,3.7,1000
2675,200.156,191.021,191.021,0.2664,9.135,75,-12.05,3.72,1000
2676,200.231,191.095,191.095,0.2678,9.137,75,-12.03,3.74,1000
2677,200.306,191.168,191.168,0.2692,9.138,75,-12.02,3.76,1000
2678,200.381,191.242,191.242,0.2706,9.139,75,-12.0,3.78,1000
2679,200.456,191.315,191.315,0.2721,9.141,75,-11.98,3.8,1000
2680,200.531,191.389,191.389,0.2735,9.142,75,-11.96,3.82,1000
2681,200.606,191.463,191.463,0.275,9.144,75,-11.94,3.84,1000
2682,200.681,191.536,191.536,0.2764,9.145,75,-11.93,3.86,1000
2683,200.756,191.61,191.61,0.2779,9.147,75,-11.91,3.88,1000
2684,200.831,191.683,191.683,0.2793,9.148,75,-11.89,3.9,1000
2685,200.906,191.757,191.757,0.2808,9.15,75,-11.87,3.92,1000
2686,200.981,191.83,191.83,0.2822,9.151,75,-11.85,3.94,1000
2687,201.056,191.904,191.904,0.2837,9.152,75,-11.84,3.96,1000
2688,201.131,191.977,191.977,0.2852,9.154,75,-11.82,3.98,1000
2689,201.206,192.051,192.051,0.2866,9.155,75,-11.8,4.0,1000
2690,201.281,192.124,192.124,0.2881,9.157,75,-11.78,4.02,1000
2691,201.356,192.198,192.198,0.2896,9.158,75,-11.76,4.04,1000
2692,201.431,192.271,192.271,0.2911,9.16,75,-11.74,4.06,1000
2693,201.506,192.345,192.345,0.2926,9.161,75,-11.72,4.08,1000
2694,201.581,192.418,192.418,0.294,9.163,75,-11.7,4.11,1000
2695,201.656,192.492,192.492,0.2955,9.164,75,-11.69,4.13,1000
2696,201.731,192.565,192.565,0.297,9.166,75,-11.67,4.15,1000
2697,201.806,192.639,192.639,0.2985,9.167,75,-11.65,4.17,1000
2698,201.881,192.712,192.712,0.3001,9.169,75,-11.63,4.19,1000
2699,201.956,192.786,192.786,0.3016,9.17,75,-11.61,4.21,1000
2700,202.031,192.859,192.859,0.3031,9.172,75,-11.59,4.23,1000
2701,202.106,192.933,192.933,0.3046,9.173,75,-11.57,4.25,1000
2702,202.181,193.006,193.006,0.3061,9.175,75,-11.55,4.27,1000
2703,202.256,193.08,193.08,0.3076,9.176,75,-11.53,4.3,1000
2704,202.331,193.153,193.153,0.3092,9.178,75,-11.51,4.32,1000
2705,202.406,193.227,193.227,0.3107,9.179,75,-11.5,4.34,1000
2706,202.481,193.3,193.3,0.3122,9.181,75,-11.48,4.36,1000
2707,202.556,193.374,193.374,0.3138,9.183,75,-11.46,4.38,1000
2708,202.631,193.447,193.447,0.3153,9.184,75,-11.44,4.4,1000
2709,202.706,193.521,193.521,0.3169,9.186,75,-11.42,4.42,1000
2710,202.781,193.594,193.594,0.3184,9.187,75,-11.4,4.45,1000
2711,202.856,193.668,193.668,0.32,9.189,75,-11.38,4.47,1000
2712,202.931,193.741,193.741,0.3215,9.19,75,-11.36,4.49,1000
2713,203.006,193.814,193.814,0.3231,9.192,75,-11.34,4.51,1000
2714,203.081,193.888,193.888,0.3246,9.193,75,-11.32,4.53,1000
2715,203.156,193.961,193.961,0.3262,9.195,75,-11.3,4.55,1000
2716,203.231,194.035,194.035,0.3278,9.197,75,-11.28,4.58,1000
2717,203.306,194.108,194.108,0.3294,9.198,75,-11.26,4.6,1000
2718,203.381,194.182,194.182,0.3309,9.2,75,-11.24,4.62,1000
2719,203.456,194.255,194.255,0.3325,9.201,75,-11.22,4.64,1000
2720,203.531,194.328,194.328,0.3341,9.203,75,-11.2,4.67,1000
2721,203.606,194.402,194.402,0.3357,9.204,75,-11.18,4.69,1000
2722,203.681,194.475,194.475,0.3373,9.206,75,-11.16,4.71,1000
2723,203.756,194.549,194.549,0.3389,9.208,75,-11.14,4.73,1000
2724,203.831,194.622,194.622,0.3405,9.209,75,-11.12,4.75,1000
2725,203.906,194.695,194.695,0.3421,9.211,75,-11.1,4.78,1000
2726,203.981,194.769,194.769,0.3437,9.212,75,-11.08,4.8,1000
2727,204.056,194.842,194.842,0.3453,9.214,75,-11.06,4.82,1000
2728,204.131,194.916,194.916,0.3469,9.216,75,-11.04,4.84,1000
2729,204.206,194.989,194.989,0.3485,9.217,75,-11.02,4.87,1000
2730,204.281,195.062,195.062,0.3502,9.219,75,-11.0,4.89,1000
2731,204.356,195.136,195.136,0.3518,9.221,75,-10.98,4.91,1000
2732,204.431,195.209,195.209,0.3534,9.222,75,-10.96,4.93,1000
2733,204.506,195.282,195.282,0.355,9.224,75,-10.94,4.96,1000
2734,204.581,195.356,195.356,0.3567,9.225,75,-10.92,4.98,1000
2735,204.656,195.429,195.429,0.3583,9.227,75,-10.9,5.0,1000
2736,204.731,195.503,195.503,0.36,9.229,75,-10.88,5.03,1000
2737,204.806,195.576,195.576,0.3616,9.23,75,-10.86,5.05,1000
2738,204.881,195.649,195.649,0.3633,9.232,75,-10.84,5.07,1000
2739,204.956,195.723,195.723,0.3649,9.234,75,-10.81,5.1,1000
2740,205.031,195.796,195.796,0.3666,9.235,75,-10.79,5.12,1000
2741,205.106,195.869,195.869,0.3682,9.237,75,-10.77,5.14,1000
2742,205.181,195.943,195.943,0.3699,9.239,75,-10.75,5.16,1000
2743,205.256,196.016,196.016,0.3716,9.24,75,-10.73,5.19,1000
2744,205.331,196.089,196.089,0.3732,9.242,75,-10.71,5.21,1000
2745,205.406,196.163,196.163,0.3749,9.244,75,-10.69,5.23,1000
2746,205.481,196.236,196.236,0.3766,9.245,75,-10.67,5.26,1000
2747,205.556,196.309,196.309,0.3783,9.247,75,-10.65,5.28,1000
2748,205.631,196.383,196.383,0.3799,9.249,75,-10.63,5.3,1000
2749,205.706,196.456,196.456,0.3816,9.25,75,-10.6,5.33,1000
2750,205.781,196.529,196.529,0.3833,9.252,75,-10.58,5.35,1000
2751,205.856,196.602,196.602,0.385,9.254,75,-10.56,5.38,1000
2752,205.931,196.676,196.676,0.3867,9.255,75,-10.54,5.4,1000
2753,206.006,196.749,196.749,0.3884,9.257,75,-10.52,5.42,1000
2754,206.081,196.822,196.822,0.3901,9.259,75,-10.5,5.45,1000
2755,206.156,196.896,196.896,0.3918,9.261,75,-10.48,5.47,1000
2756,206.231,196.969,196.969,0.3935,9.262,75,-10.45,5.49,1000
2757,206.306,197.042,197.042,0.3952,9.264,75,-10.43,5.52,1000
2758,206.381,197.116,197.116,0.397,9.266,75,-10.41,5.54,1000
2759,206.456,197.189,197.189,0.3987,9.267,75,-10.39,5.57,1000
2760,206.531,197.262,197.262,0.4004,9.269,75,-10.37,5.59,1000
2761,206.606,197.335,197.335,0.4021,9.271,75,-10.35,5.61,1000
2762,206.681,197.409,197.409,0.4039,9.273,75,-10.32,5.64,1000
2763,206.756,197.482,197.482,0.4056,9.274,75,-10.3,5.66,1000
2764,206.831,197.555,197.555,0.4073,9.276,75,-10.28,5.69,1000
2765,206.906,197.628,197.628,0.4091,9.278,75,-10.26,5.71,1000
2766,206.981,197.702,197.702,0.4108,9.28,75,-10.24,5.74,1000
2767,207.056,197.775,197.775,0.4126,9.281,75,-10.22,5.76,1000
2768,207.131,197.848,197.848,0.4143,9.283,75,-10.19,5.78,1000
2769,207.206,197.921,197.921,0.4161,9.285,75,-10.17,5.81,1000
2770,207.281,197.995,197.995,0.4178,9.287,75,-10.15,5.83,1000
2771,207.356,198.068,198.068,0.4196,9.288,75,-10.13,5.86,1000
2772,207.431,198.141,198.141,0.4213,9.29,75,-10.11,5.88,1000
2773,207.506,198.214,198.214,0.4231,9.292,75,-10.08,5.91,1000
2774,207.581,198.288,198.288,0.4249,9.294,75,-10.06,5.93,1000
2775,207.656,198.361,198.361,0.4266,9.295,75,-10.04,5.96,1000
2776,207.731,198.434,198.434,0.4284,9.297,75,-10.02,5.98,1000
2777,207.806,198.507,198.507,0.4302,9.299,75,-9.99,6.01,1000
2778,207.881,198.581,198.581,0.432,9.301,75,-9.97,6.03,1000
2779,207.956,198.654,198.654,0.4338,9.303,75,-9.95,6.06,1000
2780,208.031,198.727,198.727,0.4356,9.304,75,-9.93,6.08,1000
2781,208.106,198.8,198.8,0.4373,9.306,75,-9.9,6.11,1000
2782,208.181,198.873,198.873,0.4391,9.308,75,-9.88,6.13,1000
2783,208.256,198.947,198.947,0.4409,9.31,75,-9.86,6.16,1000
2784,208.331,199.02,199.02,0.4427,9.311,75,-9.84,6.18,1000
2785,208.406,199.093,199.093,0.4445,9.313,75,-9.81,6.21,1000
2786,208.481,199.166,199.166,0.4464,9.315,75,-9.79,6.23,1000
2787,208.556,199.239,199.239,0.4482,9.317,75,-9.77,6.26,1000
2788,208.631,199.313,199.313,0.45,9.319,75,-9.75,6.28,1000
2789,208.706,199.386,199.386,0.4518,9.321,75,-9.72,6.31,1000
2790,208.781,199.459,199.459,0.4536,9.322,75,-9.7,6.33,1000
2791,208.856,199.532,199.532,0.4554,9.324,75,-9.68,6.36,1000
2792,208.931,199.605,199.605,0.4573,9.326,75,-9.65,6.38,1000
2793,209.006,199.678,199.678,0.4591,9.328,75,-9.63,6.41,1000
2794,209.081,199.752,199.752,0.4609,9.33,75,-9.61,6.44,1000
2795,209.156,199.825,199.825,0.4628,9.332,75,-9.58,6.46,1000
2796,209.231,199.898,199.898,0.4646,9.333,75,-9.56,6.49,1000
2797,209.306,199.971,199.971,0.4664,9.335,75,-9.54,6.51,1000
2798,209.381,200.044,200.044,0.4683,9.337,75,-9.52,6.54,1000
2799,209.456,200.117,200.117,0.4701,9.339,75,-9.49,6.56,1000
2800,209.531,200.191,200.191,0.472,9.341,75,-9.47,6.59,1000
2801,209.606,200.264,200.264,0.4738,9.343,75,-9.45,6.62,1000
2802,209.681,200.337,200.337,0.4757,9.344,75,-9.42,6.64,1000
2803,209.756,200.41,200.41,0.4775,9.346,75,-9.4,6.67,1000
2804,209.831,200.483,200.483,0.4794,9.348,75,-9.38,6.69,1000
2805,209.906,200.556,200.556,0.4813,9.35,75,-9.35,6.72,1000
2806,209.981,200.629,200.629,0.4831,9.352,75,-9.33,6.75,1000
2807,210.056,200.702,200.702,0.485,9.354,75,-9.31,6.77,1000
2808,210.131,200.776,200.776,0.4869,9.356,75,-9.28,6.8,1000
2809,210.206,200.849,200.849,0.4888,9.358,75,-9.26,6.82,1000
2810,210.281,200.922,200.922,0.4906,9.359,75,-9.23,6.85,1000
2811,210.356,200.995,200.995,0.4925,9.361,75,-9.21,6.88,1000
2812,210.431,201.068,201.068,0.4944,9.363,75,-9.19,6.9,1000
2813,210.506,201.141,201.141,0.4963,9.365,75,-9.16,6.93,1000
2814,210.581,201.214,201.214,0.4982,9.367,75,-9.14,6.96,1000
2815,210.656,201.287,201.287,0.5001,9.369,75,-9.12,6.98,1000
2816,210.731,201.361,201.361,0.502,9.371,75,-9.09,7.01,1000
2817,210.806,201.434,201.434,0.5039,9.373,75,-9.07,7.04,1000
2818,210.881,201.507,201.507,0.5058,9.375,75,-9.04,7.06,1000
2819,210.956,201.58,201.58,0.5077,9.376,75,-9.02,7.09,1000
2820,211.031,201.653,201.653,0.5096,9.378,75,-9.0,7.12,1000
2821,211.106,201.726,201.726,0.5115,9.38,75,-8.97,7.14,1000
2822,211.181,201.799,201.799,0.5134,9.382,75,-8.95,7.17,1000
2823,211.256,201.872,201.872,0.5153,9.384,75,-8.92,7.2,1000
2824,211.331,201.945,201.945,0.5173,9.386,75,-8.9,7.22,1000
2825,211.406,202.018,202.018,0.5192,9.388,75,-8.88,7.25,1000
2826,211.481,202.091,202.091,0.5211,9.39,75,-8.85,7.28,1000
2827,211.556,202.164,202.164,0.523,9.392,75,-8.83,7.3,1000
2828,211.631,202.238,202.238,0.525,9.394,75,-8.8,7.33,1000
2829,211.706,202.311,202.311,0.5269,9.396,75,-8.78,7.36,1000
2830,211.781,202.384,202.384,0.5288,9.398,75,-8.75,7.38,1000
2831,211.856,202.457,202.457,0.5308,9.4,75,-8.73,7.41,1000
2832,211.931,202.53,202.53,0.5327,9.401,75,-8.71,7.44,1000
2833,212.006,202.603,202.603,0.5347,9.403,75,-8.68,7.47,1000
2834,212.081,202.676,202.676,0.5366,9.405,75,-8.66,7.49,1000
2835,212.156,202.749,202.749,0.5386,9.407,75,-8.63,7.52,1000
2836,212.231,202.822,202.822,0.5405,9.409,75,-8.61,7.55,1000
2837,212.306,202.895,202.895,0.5425,9.411,75,-8.58,7.57,1000
2838,212.381,202.968,202.968,0.5444,9.413,75,-8.56,7.6,1000
2839,212.456,203.041,203.041,0.5464,9.415,75,-8.53,7.63,1000
2840,212.531,203.114,203.114,0.5484,9.417,75,-8.51,7.66,1000
2841,212.606,203.187,203.187,0.5503,9.419,75,-8.48,7.68,1000
2842,212.681,203.26,203.26,0.5523,9.421,75,-8.46,7.71,1000
2843,212.756,203.333,203.333,0.5543,9.423,75,-8.43,7.74,1000
2844,212.831,203.406,203.406,0.5563,9.425,75,-8.41,7.77,1000
2845,212.906,203.479,203.479,0.5582,9.427,75,-8.39,7.79,1000
2846,212.981,203.552,203.552,0.5602,9.429,75,-8.36,7.82,1000
2847,213.056,203.625,203.625,0.5622,9.431,75,-8.34,7.85,1000
2848,213.131,203.698,203.698,0.5642,9.433,75,-8.31,7.88,1000
2849,213.206,203.771,203.771,0.5662,9.435,75,-8.29,7.91,1000
2850,213.281,203.844,203.844,0.5682,9.437,75,-8.26,7.93,1000
2851,213.356,203.917,203.917,0.5702,9.439,75,-8.24,7.96,1000
2852,213.431,203.99,203.99,0.5722,9.441,75,-8.21,7.99,1000
2853,213.506,204.063,204.063,0.5742,9.443,75,-8.19,8.02,1000
2854,213.581,204.136,204.136,0.5762,9.445,75,-8.16,8.04,1000
2855,213.656,204.209,204.209,0.5782,9.447,75,-8.13,8.07,1000
2856,213.731,204.282,204.282,0.5802,9.449,75,-8.11,8.1,1000
2857,213.806,204.355,204.355,0.5822,9.451,75,-8.08,8.13,1000
2858,213.881,204.428,204.428,0.5842,9.453,75,-8.06,8.16,1000
2859,213.956,204.501,204.501,0.5862,9.455,75,-8.03,8.18,1000
2860,214.031,204.574,204.574,0.5882,9.457,75,-8.01,8.21,1000
2861,214.106,204.647,204.647,0.5902,9.459,75,-7.98,8.24,1000
2862,214.181,204.72,204.72,0.5923,9.461,75,-7.96,8.27,1000
2863,214.256,204.793,204.793,0.5943,9.463,75,-7.93,8.3,1000
2864,214.331,204.866,204.866,0.5963,9.465,75,-7.91,8.33,1000
2865,214.406,204.939,204.939,0.5983,9.467,75,-7.88,8.35,1000
2866,214.481,205.012,205.012,0.6004,9.469,75,-7.86,8.38,1000
2867,214.556,205.085,205.085,0.6024,9.471,75,-7.83,8.41,1000
2868,214.631,205.158,205.158,0.6044,9.473,75,-7.8,8.44,1000
2869,214.706,205.231,205.231,0.6065,9.475,75,-7.78,8.47,1000
2870,214.781,205.304,205.304,0.6085,9.477,75,-7.75,8.5,1000
2871,214.856,205.377,205.377,0.6106,9.479,75,-7.73,8.53,1000
2872,214.931,205.45,205.45,0.6126,9.481,75,-7.7,8.55,1000
2873,215.006,205.523,205.523,0.6147,9.483,75,-7.68,8.58,1000
2874,215.081,205.596,205.596,0.6167,9.485,75,-7.65,8.61,1000
2875,215.156,205.669,205.669,0.6188,9.488,75,-7.62,8.64,1000
2876,215.231,205.742,205.742,0.6208,9.49,75,-7.6,8.67,1000
2877,215.306,205.815,205.815,0.6229,9.492,75,-7.57,8.7,1000
2878,215.381,205.888,205.888,0.625,9.494,75,-7.55,8.73,1000
2879,215.456,205.96,205.96,0.627,9.496,75,-7.52,8.75,1000
2880,215.531,206.033,206.033,0.6291,9.498,75,-7.49,8.78,1000
2881,215.606,206.106,206.106,0.6312,9.5,75,-7.47,8.81,1000
2882,215.681,206.179,206.179,0.6332,9.502,75,-7.44,8.84,1000
2883,215.756,206.252,206.252,0.6353,9.504,75,-7.42,8.87,1000
2884,215.831,206.325,206.325,0.6374,9.506,75,-7.39,8.9,1000
2885,215.906,206.398,206.398,0.6395,9.508,75,-7.36,8.93,1000
2886,215.981,206.471,206.471,0.6415,9.51,75,-7.34,8.96,1000
2887,216.056,206.544,206.544,0.6436,9.512,75,-7.31,8.99,1000
2888,216.131,206.617,206.617,0.6457,9.514,75,-7.29,9.02,1000
2889,216.206,206.69,206.69,0.6478,9.517,75,-7.26,9.04,1000
2890,216.281,206.763,206.763,0.6499,9.519,75,-7.23,9.07,1000
2891,216.356,206.836,206.836,0.652,9.521,75,-7.21,9.1,1000
2892,216.431,206.908,206.908,0.6541,9.523,75,-7.18,9.13,1000
2893,216.506,206.981,206.981,0.6562,9.525,75,-7.15,9.16,1000
2894,216.581,207.054,207.054,0.6583,9.527,75,-7.13,9.19,1000
2895,216.656,207.127,207.127,0.6604,9.529,75,-7.1,9.22,1000
2896,216.731,207.2,207.2,0.6625,9.531,75,-7.08,9.25,1000
2897,216.806,207.273,207.273,0.6646,9.533,75,-7.05,9.28,1000
2898,216.881,207.346,207.346,0.6667,9.535,75,-7.02,9.31,1000
2899,216.956,207.419,207.419,0.6688,9.538,75,-7.0,9.34,1000
2900,217.031,207.492,207.492,0.6709,9.54,75,-6.97,9.37,1000
2901,217.106,207.564,207.564,0.673,9.542,75,-6.94,9.4,1000
2902,217.181,207.637,207.637,0.6751,9.544,75,-6.92,9.43,1000
2903,217.256,207.71,207.71,0.6773,9.546,75,-6.89,9.46,1000
2904,217.331,207.783,207.783,0.6794,9.548,75,-6.86,9.49,1000
2905,217.406,207.856,207.856,0.6815,9.55,75,-6.84,9.52,1000
2906,217.481,207.929,207.929,0.6836,9.552,75,-6.81,9.55,1000
2907,217.556,208.002,208.002,0.6858,9.555,75,-6.78,9.58,1000
2908,217.631,208.075,208.075,0.6879,9.557,75,-6.76,9.6,1000
2909,217.706,208.147,208.147,0.69,9.559,75,-6.73,9.63,1000
2910,217.781,208.22,208.22,0.6922,9.561,75,-6.7,9.66,1000
2911,217.856,208.293,208.293,0.6943,9.563,75,-6.68,9.69,1000
2912,217.931,208.366,208.366,0.6964,9.565,75,-6.65,9.72,1000
2913,218.006,208.439,208.439,0.6986,9.567,75,-6.62,9.75,1000
2914,218.081,208.512,208.512,0.7007,9.569,75,-6.59,9.78,1000
2915,218.156,208.585,208.585,0.7029,9.572,75,-6.57,9.81,1000
2916,218.231,208.657,208.657,0.705,9.574,75,-6.54,9.84,1000
2917,218.306,208.73,208.73,0.7072,9.576,75,-6.51,9.87,1000
2918,218.381,208.803,208.803,0.7093,9.578,75,-6.49,9.9,1000
2919,218.456,208.876,208.876,0.7115,9.58,75,-6.46,9.93,1000
2920,218.531,208.949,208.949,0.7136,9.582,75,-6.43,9.96,1000
2921,218.606,209.022,209.022,0.7158,9.585,75,-6.41,9.99,1000
2922,218.681,209.095,209.095,0.7179,9.587,75,-6.38,10.02,1000
2923,218.756,209.167,209.167,0.7201,9.589,75,-6.35,10.05,1000
2924,218.831,209.24,209.24,0.7223,9.591,75,-6.32,10.08,1000
2925,218.906,209.313,209.313,0.7244,9.593,75,-6.3,10.12,1000
2926,218.981,209.386,209.386,0.7266,9.595,75,-6.27,10.15,1000
2927,219.056,209.459,209.459,0.7288,9.598,75,-6.24,10.18,1000
2928,219.131,209.532,209.532,0.7309,9.6,75,-6.21,10.21,1000
2929,219.206,209.604,209.604,0.7331,9.602,75,-6.19,10.24,1000
2930,219.281,209.677,209.677,0.7353,9.604,75,-6.16,10.27,1000
2931,219.356,209.75,209.75,0.7375,9.606,75,-6.13,10.3,1000
2932,219.431,209.823,209.823,0.7397,9.608,75,-6.11,10.33,1000
2933,219.506,209.896,209.896,0.7418,9.611,75,-6.08,10.36,1000
2934,219.581,209.968,209.968,0.744,9.613,75,-6.05,10.39,1000
2935,219.656,210.041,210.041,0.7462,9.615,75,-6.02,10.42,1000
2936,219.731,210.114,210.114,0.7484,9.617,75,-6.0,10.45,1000
2937,219.806,210.187,210.187,0.7506,9.619,75,-5.97,10.48,1000
2938,219.881,210.26,210.26,0.7528,9.622,75,-5.94,10.51,1000
2939,219.956,210.333,210.333,0.755,9.624,75,-5.91,10.54,1000
2940,220.031,210.405,210.405,0.7572,9.626,75,-5.89,10.57,1000
2941,220.106,210.478,210.478,0.7594,9.628,75,-5.86,10.6,1000
2942,220.181,210.551,210.551,0.7616,9.63,75,-5.83,10.63,1000
2943,220.256,210.624,210.624,0.7638,9.633,75,-5.8,10.66,1000
2944,220.331,210.697,210.697,0.766,9.635,75,-5.77,10.69,1000
2945,220.406,210.769,210.769,0.7682,9.637,75,-5.75,10.73,1000
2946,220.481,210.842,210.842,0.7704,9.639,75,-5.72,10.76,1000
2947,220.556,210.915,210.915,0.7726,9.641,75,-5.69,10.79,1000
2948,220.631,210.988,210.988,0.7748,9.644,75,-5.66,10.82,1000
2949,220.706,211.061,211.061,0.777,9.646,75,-5.64,10.85,1000
2950,220.781,211.133,211.133,0.7792,9.648,75,-5.61,10.88,1000
2951,220.856,211.206,211.206,0.7814,9.65,75,-5.58,10.91,1000
2952,220.931,211.279,211.279,0.7836,9.652,75,-5.55,10.94,1000
2953,221.006,211.352,211.352,0.7859,9.655,75,-5.52,10.97,1000
2954,221.081,211.424,211.424,0.7881,9.657,75,-5.5,11.0,1000
2955,221.156,211.497,211.497,0.7903,9.659,75,-5.47,11.03,1000
2956,221.231,211.57,211.57,0.7925,9.661,75,-5.44,11.07,1000
2957,221.306,211.643,211.643,0.7948,9.664,75,-5.41,11.1,1000
2958,221.381,211.716,211.716,0.797,9.666,75,-5.38,11.13,1000
2959,221.456,211.788,211.788,0.7992,9.668,75,-5.36,11.16,1000
2960,221.531,211.861,211.861,0.8014,9.67,75,-5.33,11.19,1000
2961,221.606,211.934,211.934,0.8037,9.672,75,-5.3,11.22,1000
2962,221.681,212.007,212.007,0.8059,9.675,75,-5.27,11.25,1000
2963,221.756,212.079,212.079,0.8081,9.677,75,-5.24,11.28,1000
2964,221.831,212.152,212.152,0.8104,9.679,75,-5.22,11.32,1000
2965,221.906,212.225,212.225,0.8126,9.681,75,-5.19,11.35,1000
2966,221.981,212.298,212.298,0.8149,9.684,75,-5.16,11.38,1000
2967,222.056,212.37,212.37,0.8171,9.686,75,-5.13,11.41,1000
2968,222.131,212.443,212.443,0.8193,9.688,75,-5.1,11.44,1000
2969,222.206,212.516,212.516,0.8216,9.69,75,-5.08,11.47,1000
2970,222.281,212.589,212.589,0.8238,9.693,75,-5.05,11.5,1000
2971,222.356,212.661,212.661,0.8261,9.695,75,-5.02,11.53,1000
2972,222.431,212.734,212.734,0.8283,9.697,75,-4.99,11.57,1000
2973,222.506,212.807,212.807,0.8306,9.699,75,-4.96,11.6,1000
2974,222.581,212.88,212.88,0.8328,9.702,75,-4.93,11.63,1000
2975,222.656,212.952,212.952,0.8351,9.704,75,-4.91,11.66,1000
2976,222.731,213.025,213.025,0.8374,9.706,75,-4.88,11.69,1000
2977,222.806,213.098,213.098,0.8396,9.708,75,-4.85,11.72,1000
2978,222.881,213.171,213.171,0.8419,9.711,75,-4.82,11.75,1000
2979,222.956,213.243,213.243,0.8441,9.713,75,-4.79,11.79,1000
2980,223.031,213.316,213.316,0.8464,9.715,75,-4.76,11.82,1000
2981,223.106,213.389,213.389,0.8487,9.717,75,-4.74,11.85,1000
2982,223.181,213.462,213.462,0.8509,9.72,75,-4.71,11.88,1000
2983,223.256,213.534,213.534,0.8532,9.722,75,-4.68,11.91,1000
2984,223.331,213.607,213.607,0.8555,9.724,75,-4.65,11.94,1000
2985,223.406,213.68,213.68,0.8577,9.726,75,-4.62,11.98,1000
2986,223.481,213.752,213.752,0.86,9.729,75,-4.59,12.01,1000
2987,223.556,213.825,213.825,0.8623,9.731,75,-4.56,12.04,1000
2988,223.631,213.898,213.898,0.8646,9.733,75,-4.54,12.07,1000
2989,223.706,213.971,213.971,0.8668,9.736,75,-4.51,12.1,1000
2990,223.781,214.043,214.043,0.8691,9.738,75,-4.48,12.14,1000
2991,223.856,214.116,214.116,0.8714,9.74,75,-4.45,12.17,1000
2992,223.931,214.189,214.189,0.8737,9.742,75,-4.42,12.2,1000
2993,224.006,214.262,214.262,0.876,9.745,75,-4.39,12.23,1000
2994,224.081,214.334,214.334,0.8782,9.747,75,-4.36,12.26,1000
2995,224.156,214.407,214.407,0.8805,9.749,75,-4.34,12.29,1000
2996,224.231,214.48,214.48,0.8828,9.752,75,-4.31,12.33,1000
2997,224.306,214.552,214.552,0.8851,9.754,75,-4.28,12.36,1000
2998,224.381,214.625,214.625,0.8874,9.756,75,-4.25,12.39,1000
2999,224.456,214.698,214.698,0.8897,9.758,75,-4.22,12.42,1000
3000,224.531,214.771,214.771,0.892,9.761,75,-4.19,12.45,1000
3001,224.606,214.843,214.843,0.8943,9.763,75,-4.16,12.49,1000
3002,224.681,214.916,214.916,0.8966,9.765,75,-4.13,12.52,1000
3003,224.756,214.989,214.989,0.8988,9.768,75,-4.1,12.55,1000
3004,224.831,215.061,215.061,0.9011,9.77,75,-4.08,12.58,1000
3005,224.906,215.134,215.134,0.9034,9.772,75,-4.05,12.61,1000
3006,224.981,215.207,215.207,0.9057,9.774,75,-4.02,12.65,1000
3007,225.056,215.279,215.279,0.908,9.777,75,-3.99,12.68,1000
3008,225.131,215.352,215.352,0.9103,9.779,75,-3.96,12.71,1000
3009,225.206,215.425,215.425,0.9126,9.781,75,-3.93,12.74,1000
3010,225.281,215.498,215.498,0.915,9.784,75,-3.9,12.78,1000
3011,225.356,215.57,215.57,0.9173,9.786,75,-3.87,12.81,1000
3012,225.431,215.643,215.643,0.9196,9.788,75,-3.84,12.84,1000
3013,225.506,215.716,215.716,0.9219,9.791,75,-3.82,12.87,1000
3014,225.581,215.788,215.788,0.9242,9.793,75,-3.79,12.9,1000
3015,225.656,215.861,215.861,0.9265,9.795,75,-3.76,12.94,1000
3016,225.731,215.934,215.934,0.9288,9.798,75,-3.73,12.97,1000
3017,225.806,216.006,216.006,0.9311,9.8,75,-3.7,13.0,1000
3018,225.881,216.079,216.079,0.9334,9.802,75,-3.67,13.03,1000
3019,225.956,216.152,216.152,0.9357,9.804,75,-3.64,13.07,1000
3020,226.031,216.224,216.224,0.9381,9.807,75,-3.61,13.1,1000
3021,226.106,216.297,216.297,0.9404,9.809,75,-3.58,13.13,1000
3022,226.181,216.37,216.37,0.9427,9.811,75,-3.55,13.16,1000
3023,226.256,216.442,216.442,0.945,9.814,75,-3.52,13.19,1000
3024,226.331,216.515,216.515,0.9473,9.816,75,-3.5,13.23,1000
3025,226.406,216.588,216.588,0.9497,9.818,75,-3.47,13.26,1000
3026,226.481,216.661,216.661,0.952,9.821,75,-3.44,13.29,1000
3027,226.556,216.733,216.733,0.9543,9.823,75,-3.41,13.32,1000
3028,226.631,216.806,216.806,0.9566,9.825,75,-3.38,13.36,1000
3029,226.706,216.879,216.879,0.959,9.828,75,-3.35,13.39,1000
3030,226.781,216.951,216.951,0.9613,9.83,75,-3.32,13.42,1000
3031,226.856,217.024,217.024,0.9636,9.832,75,-3.29,13.45,1000
3032,226.931,217.097,217.097,0.9659,9.835,75,-3.26,13.49,1000
3033,227.006,217.169,217.169,0.9683,9.837,75,-3.23,13.52,1000
3034,227.081,217.242,217.242,0.9706,9.839,75,-3.2,13.55,1000
3035,227.156,217.315,217.315,0.9729,9.842,75,-3.17,13.58,1000
3036,227.231,217.387,217.387,0.9753,9.844,75,-3.14,13.62,1000
3037,227.306,217.46,217.46,0.9776,9.846,75,-3.11,13.65,1000
3038,227.381,217.533,217.533,0.9799,9.849,75,-3.09,13.68,1000
3039,227.456,217.605,217.605,0.9823,9.851,75,-3.06,13.72,1000
3040,227.531,217.678,217.678,0.9846,9.853,75,-3.03,13.75,1000
3041,227.606,217.751,217.751,0.987,9.856,75,-3.0,13.78,1000
3042,227.681,217.823,217.823,0.9893,9.858,75,-2.97,13.81,1000
3043,227.756,217.896,217.896,0.9916,9.86,75,-2.94,13.85,1000
3044,227.831,217.969,217.969,0.994,9.863,75,-2.91,13.88,1000
3045,227.906,218.041,218.041,0.9963,9.865,75,-2.88,13.91,1000
3046,227.981,218.114,218.114,0.9987,9.867,75,-2.85,13.94,1000
3047,228.056,218.186,218.186,1.001,9.87,75,-2.82,13.98,1000
3048,228.131,218.259,218.259,1.0034,9.872,75,-2.79,14.01,1000
3049,228.206,218.332,218.332,1.0057,9.874,75,-2.76,14.04,1000
3050,228.281,218.404,218.404,1.0081,9.877,75,-2.73,14.08,1000
3051,228.356,218.477,218.477,1.0104,9.879,75,-2.7,14.11,1000
3052,228.431,218.55,218.55,1.0127,9.881,75,-2.67,14.14,1000
3053,228.506,218.622,218.622,1.0151,9.884,75,-2.64,14.17,1000
3054,228.581,218.695,218.695,1.0174,9.886,75,-2.61,14.21,1000
3055,228.656,218.768,218.768,1.0198,9.889,75,-2.58,14.24,1000
3056,228.731,218.84,218.84,1.0222,9.891,75,-2.56,14.27,1000
3057,228.806,218.913,218.913,1.0245,9.893,75,-2.53,14.3,1000
3058,228.881,218.986,218.986,1.0269,9.896,75,-2.5,14.34,1000
3059,228.956,219.058,219.058,1.0292,9.898,75,-2.47,14.37,1000
3060,229.031,219.131,219.131,1.0316,9.9,75,-2.44,14.4,1000
3061,229.106,219.204,219.204,1.0339,9.903,75,-2.41,14.44,1000
3062,229.181,219.276,219.276,1.0363,9.905,75,-2.38,14.47,1000
3063,229.256,219.349,219.349,1.0386,9.907,75,-2.35,14.5,1000
3064,229.331,219.422,219.422,1.041,9.91,75,-2.32,14.54,1000
3065,229.406,219.494,219.494,1.0434,9.912,75,-2.29,14.57,1000
3066,229.481,219.567,219.567,1.0457,9.914,75,-2.26,14.6,1000
3067,229.556,219.639,219.639,1.0481,9.917,75,-2.23,14.63,1000
3068,229.631,219.712,219.712,1.0504,9.919,75,-2.2,14.67,1000
3069,229.706,219.785,219.785,1.0528,9.922,75,-2.17,14.7,1000
3070,229.781,219.857,219.857,1.0552,9.924,75,-2.14,14.73,1000
3071,229.856,219.93,219.93,1.0575,9.926,75,-2.11,14.77,1000
3072,229.931,220.003,220.003,1.0599,9.929,75,-2.08,14.8,1000
3073,230.006,220.075,220.075,1.0623,9.931,75,-2.05,14.83,1000
3074,230.081,220.148,220.148,1.0646,9.933,75,-2.02,14.86,1000
3075,230.156,220.221,220.221,1.067,9.936,75,-1.99,14.9,1000
3076,230.231,220.293,220.293,1.0694,9.938,75,-1.96,14.93,1000
3077,230.306,220.366,220.366,1.0717,9.94,75,-1.93,14.96,1000
3078,230.381,220.438,220.438,1.0741,9.943,75,-1.9,15.0,1000
3079,230.456,220.511,220.511,1.0765,9.945,75,-1.87,15.03,1000
3080,230.531,220.584,220.584,1.0788,9.948,75,-1.84,15.06,1000
3081,230.606,220.656,220.656,1.0812,9.95,75,-1.81,15.1,1000
3082,230.681,220.729,220.729,1.0836,9.952,75,-1.78,15.13,1000
3083,230.756,220.802,220.802,1.0859,9.955,75,-1.75,15.16,1000
3084,230.831,220.874,220.874,1.0883,9.957,75,-1.72,15.2,1000
3085,230.906,220.947,220.947,1.0907,9.959,75,-1.69,15.23,1000
3086,230.981,221.019,221.019,1.093,9.962,75,-1.66,15.26,1000
3087,231.056,221.092,221.092,1.0954,9.964,75,-1.63,15.29,1000
3088,231.131,221.165,221.165,1.0978,9.967,75,-1.6,15.33,1000
3089,231.206,221.237,221.237,1.1002,9.969,75,-1.57,15.36,1000
3090,231.281,221.31,221.31,1.1025,9.971,75,-1.55,15.39,1000
3091,231.356,221.383,221.383,1.1049,9.974,75,-1.52,15.43,1000
3092,231.431,221.455,221.455,1.1073,9.976,75,-1.49,15.46,1000
3093,231.506,221.528,221.528,1.1097,9.978,75,-1.46,15.49,1000
3094,231.581,221.6,221.6,1.112,9.981,75,-1.43,15.53,1000
3095,231.656,221.673,221.673,1.1144,9.983,75,-1.4,15.56,1000
3096,231.731,221.746,221.746,1.1168,9.986,75,-1.37,15.59,1000
3097,231.806,221.818,221.818,1.1192,9.988,75,-1.34,15.63,1000
3098,231.881,221.891,221.891,1.1216,9.99,75,-1.31,15.66,1000
3099,231.956,221.964,221.964,1.1239,9.993,75,-1.28,15.69,1000
3100,232.031,222.036,222.036,1.1263,9.995,75,-1.25,15.73,1000
3101,232.106,222.109,222.109,1.1287,9.997,75,-1.22,15.76,1000
3102,232.181,222.181,222.181,1.1311,10.0,75,-1.19,15.79,1000
3103,232.256,222.254,222.254,1.1335,10.002,75,-1.16,15.83,1000
3104,232.331,222.327,222.327,1.1358,10.005,75,-1.13,15.86,1000
3105,232.406,222.399,222.399,1.1382,10.007,75,-1.1,15.89,1000
3106,232.481,222.472,222.472,1.1406,10.009,75,-1.07,15.93,1000
3107,232.556,222.545,222.545,1.143,10.012,75,-1.04,15.96,1000
3108,232.631,222.617,222.617,1.1454,10.014,75,-1.01,15.99,1000
3109,232.706,222.69,222.69,1.1477,10.016,75,-0.98,16.03,1000
3110,232.781,222.762,222.762,1.1501,10.019,75,-0.95,16.06,1000
3111,232.856,222.835,222.835,1.1525,10.021,75,-0.92,16.09,1000
3112,232.931,222.908,222.908,1.1549,10.024,75,-0.89,16.13,1000
3113,233.006,222.98,222.98,1.1573,10.026,75,-0.86,16.16,1000
3114,233.081,223.053,223.053,1.1597,10.028,75,-0.83,16.19,1000
3115,233.156,223.125,223.125,1.162,10.031,75,-0.8,16.23,1000
3116,233.231,223.198,223.198,1.1644,10.033,75,-0.77,16.26,1000
3117,233.306,223.271,223.271,1.1668,10.036,75,-0.74,16.29,1000
3118,233.381,223.343,223.343,1.1692,10.038,75,-0.71,16.32,1000
3119,233.456,223.416,223.416,1.1716,10.04,75,-0.68,16.36,1000
3120,233.531,223.489,223.489,1.174,10.043,75,-0.65,16.39,1000
3121,233.606,223.561,223.561,1.1763,10.045,75,-0.62,16.42,1000
3122,233.681,223.634,223.634,1.1787,10.047,75,-0.59,16.46,1000
3123,233.756,223.706,223.706,1.1811,10.05,75,-0.56,16.49,1000
3124,233.831,223.779,223.779,1.1835,10.052,75,-0.53,16.52,1000
3125,233.906,223.852,223.852,1.1859,10.055,75,-0.5,16.56,1000
3126,233.981,223.924,223.924,1.1883,10.057,75,-0.47,16.59,1000
3127,234.056,223.997,223.997,1.1907,10.059,75,-0.44,16.62,1000
3128,234.131,224.069,224.069,1.193,10.062,75,-0.41,16.66,1000
3129,234.206,224.142,224.142,1.1954,10.064,75,-0.38,16.69,1000
3130,234.281,224.215,224.215,1.1978,10.067,75,-0.35,16.72,1000
3131,234.356,224.287,224.287,1.2002,10.069,75,-0.32,16.76,1000
3132,234.431,224.36,224.36,1.2026,10.071,75,-0.29,16.79,1000
3133,234.506,224.433,224.433,1.205,10.074,75,-0.26,16.82,1000
3134,234.581,224.505,224.505,1.2074,10.076,75,-0.23,16.86,1000
3135,234.656,224.578,224.578,1.2098,10.079,75,-0.2,16.89,1000
3136,234.731,224.65,224.65,1.2121,10.081,75,-0.17,16.92,1000
3137,234.806,224.723,224.723,1.2145,10.083,75,-0.14,16.96,1000
3138,234.881,224.796,224.796,1.2169,10.086,75,-0.11,16.99,1000
3139,234.956,224.868,224.868,1.2193,10.088,75,-0.08,17.02,1000
3140,235.031,224.941,224.941,1.2217,10.09,75,-0.05,17.06,1000
3141,235.106,225.013,225.013,1.2241,10.093,75,-0.02,17.09,1000
3142,235.181,225.086,225.086,1.2265,10.095,75,0.01,17.12,1000
3143,235.256,225.159,225.159,1.2289,10.098,75,0.04,17.16,1000
3144,235.331,225.231,225.231,1.2312,10.1,75,0.07,17.19,1000
3145,235.406,225.304,225.304,1.2336,10.102,75,0.1,17.22,1000
3146,235.481,225.376,225.376,1.236,10.105,75,0.13,17.26,1000
3147,235.556,225.449,225.449,1.2384,10.107,75,0.16,17.29,1000
3148,235.631,225.522,225.522,1.2408,10.11,75,0.19,17.32,1000
3149,235.706,225.594,225.594,1.2432,10.112,75,0.22,17.36,1000
3150,235.781,225.667,225.667,1.2456,10.114,75,0.25,17.39,1000
3151,235.856,225.74,225.74,1.248,10.117,75,0.28,17.42,1000
3152,235.931,225.812,225.812,1.2503,10.119,75,0.31,17.46,1000
3153,236.006,225.885,225.885,1.2527,10.121,75,0.34,17.49,1000
3154,236.081,225.957,225.957,1.2551,10.124,75,0.37,17.52,1000
3155,236.156,226.03,226.03,1.2575,10.126,75,0.4,17.56,1000
3156,236.231,226.103,226.103,1.2599,10.129,75,0.43,17.59,1000
3157,236.306,226.175,226.175,1.2623,10.131,75,0.46,17.62,1000
3158,236.381,226.248,226.248,1.2647,10.133,75,0.49,17.66,1000
3159,236.456,226.32,226.32,1.267,10.136,75,0.52,17.69,1000
3160,236.531,226.393,226.393,1.2694,10.138,75,0.55,17.72,1000
3161,236.606,226.466,226.466,1.2718,10.141,75,0.58,17.76,1000
3162,236.681,226.538,226.538,1.2742,10.143,75,0.61,17.79,1000
3163,236.756,226.611,226.611,1.2766,10.145,75,0.64,17.82,1000
3164,236.831,226.684,226.684,1.279,10.148,75,0.67,17.86,1000
3165,236.906,226.756,226.756,1.2814,10.15,75,0.7,17.89,1000
3166,236.981,226.829,226.829,1.2837,10.152,75,0.73,17.92,1000
3167,237.056,226.901,226.901,1.2861,10.155,75,0.76,17.96,1000
3168,237.131,226.974,226.974,1.2885,10.157,75,0.79,17.99,1000
3169,237.206,227.047,227.047,1.2909,10.16,75,0.82,18.02,1000
3170,237.281,227.119,227.119,1.2933,10.162,75,0.85,18.06,1000
3171,237.356,227.192,227.192,1.2957,10.164,75,0.88,18.09,1000
3172,237.431,227.264,227.264,1.298,10.167,75,0.91,18.12,1000
3173,237.506,227.337,227.337,1.3004,10.169,75,0.94,18.16,1000
3174,237.581,227.41,227.41,1.3028,10.172,75,0.97,18.19,1000
3175,237.656,227.482,227.482,1.3052,10.174,75,1.0,18.22,1000
3176,237.731,227.555,227.555,1.3076,10.176,75,1.03,18.26,1000
3177,237.806,227.628,227.628,1.31,10.179,75,1.06,18.29,1000
3178,237.881,227.7,227.7,1.3123,10.181,75,1.09,18.32,1000
3179,237.956,227.773,227.773,1.3147,10.183,75,1.12,18.36,1000
3180,238.031,227.845,227.845,1.3171,10.186,75,1.15,18.39,1000
3181,238.106,227.918,227.918,1.3195,10.188,75,1.18,18.42,1000
3182,238.181,227.991,227.991,1.3219,10.191,75,1.21,18.46,1000
3183,238.256,228.063,228.063,1.3242,10.193,75,1.24,18.49,1000
3184,238.331,228.136,228.136,1.3266,10.195,75,1.27,18.52,1000
3185,238.406,228.209,228.209,1.329,10.198,75,1.3,18.56,1000
3186,238.481,228.281,228.281,1.3314,10.2,75,1.33,18.59,1000
3187,238.556,228.354,228.354,1.3337,10.202,75,1.36,18.62,1000
3188,238.631,228.426,228.426,1.3361,10.205,75,1.39,18.66,1000
3189,238.706,228.499,228.499,1.3385,10.207,75,1.42,18.69,1000
3190,238.781,228.572,228.572,1.3409,10.21,75,1.45,18.72,1000
3191,238.856,228.644,228.644,1.3433,10.212,75,1.48,18.76,1000
3192,238.931,228.717,228.717,1.3456,10.214,75,1.51,18.79,1000
3193,239.006,228.789,228.789,1.348,10.217,75,1.54,18.82,1000
3194,239.081,228.862,228.862,1.3504,10.219,75,1.57,18.85,1000
3195,239.156,228.935,228.935,1.3528,10.222,75,1.6,18.89,1000
3196,239.231,229.007,229.007,1.3551,10.224,75,1.63,18.92,1000
3197,239.306,229.08,229.08,1.3575,10.226,75,1.66,18.95,1000
3198,239.381,229.153,229.153,1.3599,10.229,75,1.69,18.99,1000
3199,239.456,229.225,229.225,1.3622,10.231,75,1.72,19.02,1000
3200,239.531,229.298,229.298,1.3646,10.233,75,1.75,19.05,1000
3201,239.606,229.371,229.371,1.367,10.236,75,1.78,19.09,1000
3202,239.681,229.443,229.443,1.3694,10.238,75,1.81,19.12,1000
3203,239.756,229.516,229.516,1.3717,10.24,75,1.84,19.15,1000
3204,239.831,229.588,229.588,1.3741,10.243,75,1.87,19.19,1000
3205,239.906,229.661,229.661,1.3765,10.245,75,1.9,19.22,1000
3206,239.981,229.734,229.734,1.3788,10.248,75,1.93,19.25,1000
3207,240.056,229.806,229.806,1.3812,10.25,75,1.96,19.29,1000
3208,240.131,229.879,229.879,1.3836,10.252,75,1.99,19.32,1000
3209,240.206,229.952,229.952,1.3859,10.255,75,2.02,19.35,1000
3210,240.281,230.024,230.024,1.3883,10.257,75,2.05,19.38,1000
3211,240.356,230.097,230.097,1.3907,10.259,75,2.08,19.42,1000
3212,240.431,230.169,230.169,1.393,10.262,75,2.11,19.45,1000
3213,240.506,230.242,230.242,1.3954,10.264,75,2.13,19.48,1000
3214,240.581,230.315,230.315,1.3977,10.266,75,2.16,19.52,1000
3215,240.656,230.387,230.387,1.4001,10.269,75,2.19,19.55,1000
3216,240.731,230.46,230.46,1.4025,10.271,75,2.22,19.58,1000
3217,240.806,230.533,230.533,1.4048,10.274,75,2.25,19.62,1000
3218,240.881,230.605,230.605,1.4072,10.276,75,2.28,19.65,1000
3219,240.956,230.678,230.678,1.4096,10.278,75,2.31,19.68,1000
3220,241.031,230.751,230.751,1.4119,10.281,75,2.34,19.71,1000
3221,241.106,230.823,230.823,1.4143,10.283,75,2.37,19.75,1000
3222,241.181,230.896,230.896,1.4166,10.285,75,2.4,19.78,1000
3223,241.256,230.969,230.969,1.419,10.288,75,2.43,19.81,1000
3224,241.331,231.041,231.041,1.4213,10.29,75,2.46,19.85,1000
3225,241.406,231.114,231.114,1.4237,10.292,75,2.49,19.88,1000
3226,241.481,231.186,231.186,1.426,10.295,75,2.52,19.91,1000
3227,241.556,231.259,231.259,1.4284,10.297,75,2.55,19.94,1000
3228,241.631,231.332,231.332,1.4308,10.3,75,2.58,19.98,1000
3229,241.706,231.404,231.404,1.4331,10.302,75,2.61,20.01,1000
3230,241.781,231.477,231.477,1.4355,10.304,75,2.64,20.04,1000
3231,241.856,231.55,231.55,1.4378,10.307,75,2.67,20.08,1000
3232,241.931,231.622,231.622,1.4402,10.309,75,2.7,20.11,1000
3233,242.006,231.695,231.695,1.4425,10.311,75,2.73,20.14,1000
3234,242.081,231.768,231.768,1.4448,10.314,75,2.76,20.17,1000
3235,242.156,231.84,231.84,1.4472,10.316,75,2.79,20.21,1000
3236,242.231,231.913,231.913,1.4495,10.318,75,2.82,20.24,1000
3237,242.306,231.986,231.986,1.4519,10.321,75,2.84,20.27,1000
3238,242.381,232.058,232.058,1.4542,10.323,75,2.87,20.3,1000
3239,242.456,232.131,232.131,1.4566,10.325,75,2.9,20.34,1000
3240,242.531,232.204,232.204,1.4589,10.328,75,2.93,20.37,1000
3241,242.606,232.276,232.276,1.4613,10.33,75,2.96,20.4,1000
3242,242.681,232.349,232.349,1.4636,10.332,75,2.99,20.44,1000
3243,242.756,232.422,232.422,1.4659,10.335,75,3.02,20.47,1000
3244,242.831,232.494,232.494,1.4683,10.337,75,3.05,20.5,1000
3245,242.906,232.567,232.567,1.4706,10.339,75,3.08,20.53,1000
3246,242.981,232.64,232.64,1.4729,10.342,75,3.11,20.57,1000
3247,243.056,232.712,232.712,1.4753,10.344,75,3.14,20.6,1000
3248,243.131,232.785,232.785,1.4776,10.346,75,3.17,20.63,1000
3249,243.206,232.858,232.858,1.4799,10.349,75,3.2,20.66,1000
3250,243.281,232.93,232.93,1.4823,10.351,75,3.23,20.7,1000
3251,243.356,233.003,233.003,1.4846,10.353,75,3.26,20.73,1000
3252,243.431,233.076,233.076,1.4869,10.356,75,3.29,20.76,1000
3253,243.506,233.148,233.148,1.4893,10.358,75,3.31,20.79,1000
3254,243.581,233.221,233.221,1.4916,10.36,75,3.34,20.83,1000
3255,243.656,233.294,233.294,1.4939,10.363,75,3.37,20.86,1000
3256,243.731,233.366,233.366,1.4962,10.365,75,3.4,20.89,1000
3257,243.806,233.439,233.439,1.4986,10.367,75,3.43,20.92,1000
3258,243.881,233.512,233.512,1.5009,10.37,75,3.46,20.96,1000
3259,243.956,233.584,233.584,1.5032,10.372,75,3.49,20.99,1000
3260,244.031,233.657,233.657,1.5055,10.374,75,3.52,21.02,1000
3261,244.106,233.73,233.73,1.5079,10.377,75,3.55,21.05,1000
3262,244.181,233.802,233.802,1.5102,10.379,75,3.58,21.09,1000
3263,244.256,233.875,233.875,1.5125,10.381,75,3.61,21.12,1000
3264,244.331,233.948,233.948,1.5148,10.384,75,3.64,21.15,1000
3265,244.406,234.02,234.02,1.5171,10.386,75,3.66,21.18,1000
3266,244.481,234.093,234.093,1.5194,10.388,75,3.69,21.22,1000
3267,244.556,234.166,234.166,1.5218,10.391,75,3.72,21.25,1000
3268,244.631,234.238,234.238,1.5241,10.393,75,3.75,21.28,1000
3269,244.706,234.311,234.311,1.5264,10.395,75,3.78,21.31,1000
3270,244.781,234.384,234.384,1.5287,10.397,75,3.81,21.34,1000
3271,244.856,234.457,234.457,1.531,10.4,75,3.84,21.38,1000
3272,244.931,234.529,234.529,1.5333,10.402,75,3.87,21.41,1000
3273,245.006,234.602,234.602,1.5356,10.404,75,3.9,21.44,1000
3274,245.081,234.675,234.675,1.5379,10.407,75,3.93,21.47,1000
3275,245.156,234.747,234.747,1.5402,10.409,75,3.95,21.51,1000
3276,245.231,234.82,234.82,1.5425,10.411,75,3.98,21.54,1000
3277,245.306,234.893,234.893,1.5448,10.414,75,4.01,21.57,1000
3278,245.381,234.965,234.965,1.5471,10.416,75,4.04,21.6,1000
3279,245.456,235.038,235.038,1.5494,10.418,75,4.07,21.63,1000
3280,245.531,235.111,235.111,1.5517,10.42,75,4.1,21.67,1000
3281,245.606,235.183,235.183,1.554,10.423,75,4.13,21.7,1000
3282,245.681,235.256,235.256,1.5563,10.425,75,4.16,21.73,1000
3283,245.756,235.329,235.329,1.5586,10.427,75,4.19,21.76,1000
3284,245.831,235.402,235.402,1.5609,10.43,75,4.21,21.79,1000
3285,245.906,235.474,235.474,1.5632,10.432,75,4.24,21.83,1000
3286,245.981,235.547,235.547,1.5655,10.434,75,4.27,21.86,1000
3287,246.056,235.62,235.62,1.5678,10.437,75,4.3,21.89,1000
3288,246.131,235.692,235.692,1.57,10.439,75,4.33,21.92,1000
3289,246.206,235.765,235.765,1.5723,10.441,75,4.36,21.95,1000
3290,246.281,235.838,235.838,1.5746,10.443,75,4.39,21.99,1000
3291,246.356,235.911,235.911,1.5769,10.446,75,4.42,22.02,1000
3292,246.431,235.983,235.983,1.5792,10.448,75,4.44,22.05,1000
3293,246.506,236.056,236.056,1.5815,10.45,75,4.47,22.08,1000
3294,246.581,236.129,236.129,1.5837,10.452,75,4.5,22.11,1000
3295,246.656,236.201,236.201,1.586,10.455,75,4.53,22.14,1000
3296,246.731,236.274,236.274,1.5883,10.457,75,4.56,22.18,1000
3297,246.806,236.347,236.347,1.5906,10.459,75,4.59,22.21,1000
3298,246.881,236.42,236.42,1.5928,10.462,75,4.62,22.24,1000
3299,246.956,236.492,236.492,1.5951,10.464,75,4.64,22.27,1000
3300,247.031,236.565,236.565,1.5974,10.466,75,4.67,22.3,1000
3301,247.106,236.638,236.638,1.5996,10.468,75,4.7,22.34,1000
3302,247.181,236.711,236.711,1.6019,10.471,75,4.73,22.37,1000
3303,247.256,236.783,236.783,1.6042,10.473,75,4.76,22.4,1000
3304,247.331,236.856,236.856,1.6064,10.475,75,4.79,22.43,1000
3305,247.406,236.929,236.929,1.6087,10.477,75,4.82,22.46,1000
3306,247.481,237.002,237.002,1.611,10.48,75,4.84,22.49,1000
3307,247.556,237.074,237.074,1.6132,10.482,75,4.87,22.52,1000
3308,247.631,237.147,237.147,1.6155,10.484,75,4.9,22.56,1000
3309,247.706,237.22,237.22,1.6177,10.486,75,4.93,22.59,1000
3310,247.781,237.293,237.293,1.62,10.489,75,4.96,22.62,1000
3311,247.856,237.365,237.365,1.6222,10.491,75,4.99,22.65,1000
3312,247.931,237.438,237.438,1.6245,10.493,75,5.01,22.68,1000
3313,248.006,237.511,237.511,1.6267,10.495,75,5.04,22.71,1000
3314,248.081,237.584,237.584,1.629,10.498,75,5.07,22.74,1000
3315,248.156,237.656,237.656,1.6312,10.5,75,5.1,22.78,1000
3316,248.231,237.729,237.729,1.6335,10.502,75,5.13,22.81,1000
3317,248.306,237.802,237.802,1.6357,10.504,75,5.15,22.84,1000
3318,248.381,237.875,237.875,1.638,10.507,75,5.18,22.87,1000
3319,248.456,237.947,237.947,1.6402,10.509,75,5.21,22.9,1000
3320,248.531,238.02,238.02,1.6424,10.511,75,5.24,22.93,1000
3321,248.606,238.093,238.093,1.6447,10.513,75,5.27,22.96,1000
3322,248.681,238.166,238.166,1.6469,10.516,75,5.3,23.0,1000
3323,248.756,238.238,238.238,1.6491,10.518,75,5.32,23.03,1000
3324,248.831,238.311,238.311,1.6514,10.52,75,5.35,23.06,1000
3325,248.906,238.384,238.384,1.6536,10.522,75,5.38,23.09,1000
3326,248.981,238.457,238.457,1.6558,10.525,75,5.41,23.12,1000
3327,249.056,238.529,238.529,1.658,10.527,75,5.44,23.15,1000
3328,249.131,238.602,238.602,1.6603,10.529,75,5.46,23.18,1000
3329,249.206,238.675,238.675,1.6625,10.531,75,5.49,23.21,1000
3330,249.281,238.748,238.748,1.6647,10.533,75,5.52,23.24,1000
3331,249.356,238.821,238.821,1.6669,10.536,75,5.55,23.27,1000
3332,249.431,238.893,238.893,1.6691,10.538,75,5.58,23.31,1000
3333,249.506,238.966,238.966,1.6714,10.54,75,5.6,23.34,1000
3334,249.581,239.039,239.039,1.6736,10.542,75,5.63,23.37,1000
3335,249.656,239.112,239.112,1.6758,10.545,75,5.66,23.4,1000
3336,249.731,239.184,239.184,1.678,10.547,75,5.69,23.43,1000
3337,249.806,239.257,239.257,1.6802,10.549,75,5.71,23.46,1000
3338,249.881,239.33,239.33,1.6824,10.551,75,5.74,23.49,1000
3339,249.956,239.403,239.403,1.6846,10.553,75,5.77,23.52,1000
3340,250.031,239.476,239.476,1.6868,10.556,75,5.8,23.55,1000
3341,250.106,239.548,239.548,1.689,10.558,75,5.82,23.58,1000
3342,250.181,239.621,239.621,1.6912,10.56,75,5.85,23.61,1000
3343,250.256,239.694,239.694,1.6934,10.562,75,5.88,23.64,1000
3344,250.331,239.767,239.767,1.6956,10.564,75,5.91,23.68,1000
3345,250.406,239.84,239.84,1.6978,10.567,75,5.94,23.71,1000
3346,250.481,239.913,239.913,1.7,10.569,75,5.96,23.74,1000
3347,250.556,239.985,239.985,1.7022,10.571,75,5.99,23.77,1000
3348,250.631,240.058,240.058,1.7044,10.573,75,6.02,23.8,1000
3349,250.706,240.131,240.131,1.7066,10.575,75,6.05,23.83,1000
3350,250.781,240.204,240.204,1.7087,10.577,75,6.07,23.86,1000
3351,250.856,240.277,240.277,1.7109,10.58,75,6.1,23.89,1000
3352,250.931,240.349,240.349,1.7131,10.582,75,6.13,23.92,1000
3353,251.006,240.422,240.422,1.7153,10.584,75,6.15,23.95,1000
3354,251.081,240.495,240.495,1.7175,10.586,75,6.18,23.98,1000
3355,251.156,240.568,240.568,1.7196,10.588,75,6.21,24.01,1000
3356,251.231,240.641,240.641,1.7218,10.591,75,6.24,24.04,1000
3357,251.306,240.714,240.714,1.724,10.593,75,6.26,24.07,1000
3358,251.381,240.786,240.786,1.7261,10.595,75,6.29,24.1,1000
3359,251.456,240.859,240.859,1.7283,10.597,75,6.32,24.13,1000
3360,251.531,240.932,240.932,1.7305,10.599,75,6.35,24.16,1000
3361,251.606,241.005,241.005,1.7326,10.601,75,6.37,24.19,1000
3362,251.681,241.078,241.078,1.7348,10.604,75,6.4,24.22,1000
3363,251.756,241.151,241.151,1.737,10.606,75,6.43,24.25,1000
3364,251.831,241.223,241.223,1.7391,10.608,75,6.45,24.28,1000
3365,251.906,241.296,241.296,1.7413,10.61,75,6.48,24.31,1000
3366,251.981,241.369,241.369,1.7434,10.612,75,6.51,24.34,1000
3367,252.056,241.442,241.442,1.7456,10.614,75,6.54,24.37,1000
3368,252.131,241.515,241.515,1.7477,10.616,75,6.56,24.4,1000
3369,252.206,241.588,241.588,1.7499,10.619,75,6.59,24.43,1000
3370,252.281,241.66,241.66,1.752,10.621,75,6.62,24.46,1000
3371,252.356,241.733,241.733,1.7541,10.623,75,6.64,24.49,1000
3372,252.431,241.806,241.806,1.7563,10.625,75,6.67,24.52,1000
3373,252.506,241.879,241.879,1.7584,10.627,75,6.7,24.55,1000
3374,252.581,241.952,241.952,1.7606,10.629,75,6.72,24.58,1000
3375,252.656,242.025,242.025,1.7627,10.631,75,6.75,24.61,1000
3376,252.731,242.098,242.098,1.7648,10.634,75,6.78,24.64,1000
3377,252.806,242.171,242.171,1.767,10.636,75,6.8,24.67,1000
3378,252.881,242.243,242.243,1.7691,10.638,75,6.83,24.7,1000
3379,252.956,242.316,242.316,1.7712,10.64,75,6.86,24.73,1000
3380,253.031,242.389,242.389,1.7733,10.642,75,6.88,24.76,1000
3381,253.106,242.462,242.462,1.7754,10.644,75,6.91,24.79,1000
3382,253.181,242.535,242.535,1.7776,10.646,75,6.94,24.82,1000
3383,253.256,242.608,242.608,1.7797,10.648,75,6.96,24.85,1000
3384,253.331,242.681,242.681,1.7818,10.651,75,6.99,24.88,1000
3385,253.406,242.754,242.754,1.7839,10.653,75,7.02,24.91,1000
3386,253.481,242.826,242.826,1.786,10.655,75,7.04,24.94,1000
3387,253.556,242.899,242.899,1.7881,10.657,75,7.07,24.97,1000
3388,253.631,242.972,242.972,1.7902,10.659,75,7.1,25.0,1000
3389,253.706,243.045,243.045,1.7923,10.661,75,7.12,25.03,1000
3390,253.781,243.118,243.118,1.7944,10.663,75,7.15,25.05,1000
3391,253.856,243.191,243.191,1.7965,10.665,75,7.18,25.08,1000
3392,253.931,243.264,243.264,1.7986,10.667,75,7.2,25.11,1000
3393,254.006,243.337,243.337,1.8007,10.669,75,7.23,25.14,1000
3394,254.081,243.41,243.41,1.8028,10.672,75,7.25,25.17,1000
3395,254.156,243.483,243.483,1.8049,10.674,75,7.28,25.2,1000
3396,254.231,243.556,243.556,1.807,10.676,75,7.31,25.23,1000
3397,254.306,243.628,243.628,1.8091,10.678,75,7.33,25.26,1000
3398,254.381,243.701,243.701,1.8111,10.68,75,7.36,25.29,1000
3399,254.456,243.774,243.774,1.8132,10.682,75,7.39,25.32,1000
3400,254.531,243.847,243.847,1.8153,10.684,75,7.41,25.35,1000
3401,254.606,243.92,243.92,1.8174,10.686,75,7.44,25.38,1000
3402,254.681,243.993,243.993,1.8194,10.688,75,7.46,25.4,1000
3403,254.756,244.066,244.066,1.8215,10.69,75,7.49,25.43,1000
3404,254.831,244.139,244.139,1.8236,10.692,75,7.52,25.46,1000
3405,254.906,244.212,244.212,1.8256,10.694,75,7.54,25.49,1000
3406,254.981,244.285,244.285,1.8277,10.696,75,7.57,25.52,1000
3407,255.056,244.358,244.358,1.8298,10.699,75,7.59,25.55,1000
3408,255.131,244.431,244.431,1.8318,10.701,75,7.62,25.58,1000
3409,255.206,244.504,244.504,1.8339,10.703,75,7.65,25.61,1000
3410,255.281,244.577,244.577,1.8359,10.705,75,7.67,25.63,1000
3411,255.356,244.65,244.65,1.838,10.707,75,7.7,25.66,1000
3412,255.431,244.722,244.722,1.84,10.709,75,7.72,25.69,1000
3413,255.506,244.795,244.795,1.8421,10.711,75,7.75,25.72,1000
3414,255.581,244.868,244.868,1.8441,10.713,75,7.77,25.75,1000
3415,255.656,244.941,244.941,1.8462,10.715,75,7.8,25.78,1000
3416,255.731,245.014,245.014,1.8482,10.717,75,7.83,25.81,1000
3417,255.806,245.087,245.087,1.8502,10.719,75,7.85,25.83,1000
3418,255.881,245.16,245.16,1.8523,10.721,75,7.88,25.86,1000
3419,255.956,245.233,245.233,1.8543,10.723,75,7.9,25.89,1000
3420,256.031,245.306,245.306,1.8563,10.725,75,7.93,25.92,1000
3421,256.106,245.379,245.379,1.8584,10.727,75,7.95,25.95,1000
3422,256.181,245.452,245.452,1.8604,10.729,75,7.98,25.98,1000
3423,256.256,245.525,245.525,1.8624,10.731,75,8.0,26.0,1000
3424,256.331,245.598,245.598,1.8644,10.733,75,8.03,26.03,1000
3425,256.406,245.671,245.671,1.8664,10.735,75,8.05,26.06,1000
3426,256.481,245.744,245.744,1.8684,10.737,75,8.08,26.09,1000
3427,256.556,245.817,245.817,1.8704,10.739,75,8.1,26.12,1000
3428,256.631,245.89,245.89,1.8725,10.741,75,8.13,26.14,1000
3429,256.706,245.963,245.963,1.8745,10.743,75,8.16,26.17,1000
3430,256.781,246.036,246.036,1.8765,10.745,75,8.18,26.2,1000
3431,256.856,246.109,246.109,1.8785,10.747,75,8.21,26.23,1000
3432,256.931,246.182,246.182,1.8805,10.749,75,8.23,26.26,1000
3433,257.006,246.255,246.255,1.8825,10.751,75,8.26,26.28,1000
3434,257.081,246.328,246.328,1.8844,10.753,75,8.28,26.31,1000
3435,257.156,246.401,246.401,1.8864,10.755,75,8.31,26.34,1000
3436,257.231,246.474,246.474,1.8884,10.757,75,8.33,26.37,1000
3437,257.306,246.547,246.547,1.8904,10.759,75,8.36,26.4,1000
3438,257.381,246.62,246.62,1.8924,10.761,75,8.38,26.42,1000
3439,257.456,246.693,246.693,1.8944,10.763,75,8.41,26.45,1000
3440,257.531,246.766,246.766,1.8963,10.765,75,8.43,26.48,1000
3441,257.606,246.839,246.839,1.8983,10.767,75,8.45,26.51,1000
3442,257.681,246.912,246.912,1.9003,10.769,75,8.48,26.53,1000
3443,257.756,246.985,246.985,1.9023,10.771,75,8.5,26.56,1000
3444,257.831,247.058,247.058,1.9042,10.773,75,8.53,26.59,1000
3445,257.906,247.131,247.131,1.9062,10.775,75,8.55,26.62,1000
3446,257.981,247.204,247.204,1.9081,10.777,75,8.58,26.64,1000
3447,258.056,247.277,247.277,1.9101,10.779,75,8.6,26.67,1000
3448,258.131,247.35,247.35,1.9121,10.781,75,8.63,26.7,1000
3449,258.206,247.423,247.423,1.914,10.783,75,8.65,26.72,1000
3450,258.281,247.497,247.497,1.916,10.785,75,8.68,26.75,1000
3451,258.356,247.57,247.57,1.9179,10.787,75,8.7,26.78,1000
3452,258.431,247.643,247.643,1.9198,10.789,75,8.73,26.81,1000
3453,258.506,247.716,247.716,1.9218,10.791,75,8.75,26.83,1000
3454,258.581,247.789,247.789,1.9237,10.792,75,8.77,26.86,1000
3455,258.656,247.862,247.862,1.9257,10.794,75,8.8,26.89,1000
3456,258.731,247.935,247.935,1.9276,10.796,75,8.82,26.91,1000
3457,258.806,248.008,248.008,1.9295,10.798,75,8.85,26.94,1000
3458,258.881,248.081,248.081,1.9314,10.8,75,8.87,26.97,1000
3459,258.956,248.154,248.154,1.9334,10.802,75,8.9,26.99,1000
3460,259.031,248.227,248.227,1.9353,10.804,75,8.92,27.02,1000
3461,259.106,248.3,248.3,1.9372,10.806,75,8.94,27.05,1000
3462,259.181,248.373,248.373,1.9391,10.808,75,8.97,27.08,1000
3463,259.256,248.446,248.446,1.941,10.81,75,8.99,27.1,1000
3464,259.331,248.52,248.52,1.9429,10.812,75,9.02,27.13,1000
3465,259.406,248.593,248.593,1.9449,10.814,75,9.04,27.16,1000
3466,259.481,248.666,248.666,1.9468,10.816,75,9.06,27.18,1000
3467,259.556,248.739,248.739,1.9487,10.817,75,9.09,27.21,1000
3468,259.631,248.812,248.812,1.9506,10.819,75,9.11,27.23,1000
3469,259.706,248.885,248.885,1.9524,10.821,75,9.14,27.26,1000
3470,259.781,248.958,248.958,1.9543,10.823,75,9.16,27.29,1000
3471,259.856,249.031,249.031,1.9562,10.825,75,9.18,27.31,1000
3472,259.931,249.104,249.104,1.9581,10.827,75,9.21,27.34,1000
3473,260.006,249.178,249.178,1.96,10.829,75,9.23,27.37,1000
3474,260.081,249.251,249.251,1.9619,10.831,75,9.25,27.39,1000
3475,260.156,249.324,249.324,1.9638,10.833,75,9.28,27.42,1000
3476,260.231,249.397,249.397,1.9656,10.834,75,9.3,27.45,1000
3477,260.306,249.47,249.47,1.9675,10.836,75,9.32,27.47,1000
3478,260.381,249.543,249.543,1.9694,10.838,75,9.35,27.5,1000
3479,260.456,249.616,249.616,1.9712,10.84,75,9.37,27.52,1000
3480,260.531,249.689,249.689,1.9731,10.842,75,9.39,27.55,1000
3481,260.606,249.763,249.763,1.975,10.844,75,9.42,27.58,1000
3482,260.681,249.836,249.836,1.9768,10.846,75,9.44,27.6,1000
3483,260.756,249.909,249.909,1.9787,10.847,75,9.46,27.63,1000
3484,260.831,249.982,249.982,1.9805,10.849,75,9.49,27.65,1000
3485,260.906,250.055,250.055,1.9824,10.851,75,9.51,27.68,1000
3486,260.981,250.128,250.128,1.9842,10.853,75,9.53,27.7,1000
3487,261.056,250.201,250.201,1.9861,10.855,75,9.56,27.73,1000
3488,261.131,250.275,250.275,1.9879,10.857,75,9.58,27.76,1000
3489,261.206,250.348,250.348,1.9897,10.858,75,9.6,27.78,1000
3490,261.281,250.421,250.421,1.9916,10.86,75,9.63,27.81,1000
3491,261.356,250.494,250.494,1.9934,10.862,75,9.65,27.83,1000
3492,261.431,250.567,250.567,1.9952,10.864,75,9.67,27.86,1000
3493,261.506,250.64,250.64,1.997,10.866,75,9.7,27.88,1000
3494,261.581,250.714,250.714,1.9989,10.868,75,9.72,27.91,1000
3495,261.656,250.787,250.787,2.0007,10.869,75,9.74,27.93,1000
3496,261.731,250.86,250.86,2.0025,10.871,75,9.76,27.96,1000
3497,261.806,250.933,250.933,2.0043,10.873,75,9.79,27.99,1000
3498,261.881,251.006,251.006,2.0061,10.875,75,9.81,28.01,1000
3499,261.956,251.08,251.08,2.0079,10.877,75,9.83,28.04,1000
3500,262.031,251.153,251.153,2.0097,10.878,75,9.85,28.06,1000
3501,262.106,251.226,251.226,2.0115,10.88,75,9.88,28.09,1000
3502,262.181,251.299,251.299,2.0133,10.882,75,9.9,28.11,1000
3503,262.256,251.372,251.372,2.0151,10.884,75,9.92,28.14,1000
3504,262.331,251.446,251.446,2.0169,10.886,75,9.94,28.16,1000
3505,262.406,251.519,251.519,2.0187,10.887,75,9.97,28.19,1000
3506,262.481,251.592,251.592,2.0205,10.889,75,9.99,28.21,1000
3507,262.556,251.665,251.665,2.0222,10.891,75,10.01,28.24,1000
3508,262.631,251.738,251.738,2.024,10.893,75,10.03,28.26,1000
3509,262.706,251.812,251.812,2.0258,10.895,75,10.06,28.29,1000
3510,262.781,251.885,251.885,2.0276,10.896,75,10.08,28.31,1000
3511,262.856,251.958,251.958,2.0293,10.898,75,10.1,28.33,1000
3512,262.931,252.031,252.031,2.0311,10.9,75,10.12,28.36,1000
3513,263.006,252.105,252.105,2.0328,10.902,75,10.15,28.38,1000
3514,263.081,252.178,252.178,2.0346,10.903,75,10.17,28.41,1000
3515,263.156,252.251,252.251,2.0364,10.905,75,10.19,28.43,1000
3516,263.231,252.324,252.324,2.0381,10.907,75,10.21,28.46,1000
3517,263.306,252.398,252.398,2.0399,10.909,75,10.23,28.48,1000
3518,263.381,252.471,252.471,2.0416,10.91,75,10.26,28.51,1000
3519,263.456,252.544,252.544,2.0433,10.912,75,10.28,28.53,1000
3520,263.531,252.617,252.617,2.0451,10.914,75,10.3,28.55,1000
3521,263.606,252.691,252.691,2.0468,10.916,75,10.32,28.58,1000
3522,263.681,252.764,252.764,2.0485,10.917,75,10.34,28.6,1000
3523,263.756,252.837,252.837,2.0503,10.919,75,10.36,28.63,1000
3524,263.831,252.911,252.911,2.052,10.921,75,10.39,28.65,1000
3525,263.906,252.984,252.984,2.0537,10.922,75,10.41,28.68,1000
3526,263.981,253.057,253.057,2.0554,10.924,75,10.43,28.7,1000
3527,264.056,253.13,253.13,2.0571,10.926,75,10.45,28.72,1000
3528,264.131,253.204,253.204,2.0589,10.928,75,10.47,28.75,1000
3529,264.206,253.277,253.277,2.0606,10.929,75,10.49,28.77,1000
3530,264.281,253.35,253.35,2.0623,10.931,75,10.52,28.79,1000
3531,264.356,253.424,253.424,2.064,10.933,75,10.54,28.82,1000
3532,264.431,253.497,253.497,2.0657,10.934,75,10.56,28.84,1000
3533,264.506,253.57,253.57,2.0674,10.936,75,10.58,28.87,1000
3534,264.581,253.643,253.643,2.069,10.938,75,10.6,28.89,1000
3535,264.656,253.717,253.717,2.0707,10.939,75,10.62,28.91,1000
3536,264.731,253.79,253.79,2.0724,10.941,75,10.64,28.94,1000
3537,264.806,253.863,253.863,2.0741,10.943,75,10.66,28.96,1000
3538,264.881,253.937,253.937,2.0758,10.945,75,10.68,28.98,1000
3539,264.956,254.01,254.01,2.0775,10.946,75,10.71,29.01,1000
3540,265.031,254.083,254.083,2.0791,10.948,75,10.73,29.03,1000
3541,265.106,254.157,254.157,2.0808,10.95,75,10.75,29.05,1000
3542,265.181,254.23,254.23,2.0825,10.951,75,10.77,29.08,1000
3543,265.256,254.303,254.303,2.0841,10.953,75,10.79,29.1,1000
3544,265.331,254.377,254.377,2.0858,10.955,75,10.81,29.12,1000
3545,265.406,254.45,254.45,2.0874,10.956,75,10.83,29.15,1000
3546,265.481,254.523,254.523,2.0891,10.958,75,10.85,29.17,1000
3547,265.556,254.597,254.597,2.0907,10.959,75,10.87,29.19,1000
3548,265.631,254.67,254.67,2.0924,10.961,75,10.89,29.21,1000
3549,265.706,254.744,254.744,2.094,10.963,75,10.91,29.24,1000
3550,265.781,254.817,254.817,2.0956,10.964,75,10.93,29.26,1000
3551,265.856,254.89,254.89,2.0973,10.966,75,10.96,29.28,1000
3552,265.931,254.964,254.964,2.0989,10.968,75,10.98,29.31,1000
3553,266.006,255.037,255.037,2.1005,10.969,75,11.0,29.33,1000
3554,266.081,255.11,255.11,2.1021,10.971,75,11.02,29.35,1000
3555,266.156,255.184,255.184,2.1038,10.973,75,11.04,29.37,1000
3556,266.231,255.257,255.257,2.1054,10.974,75,11.06,29.4,1000
3557,266.306,255.331,255.331,2.107,10.976,75,11.08,29.42,1000
3558,266.381,255.404,255.404,2.1086,10.977,75,11.1,29.44,1000
3559,266.456,255.477,255.477,2.1102,10.979,75,11.12,29.46,1000
3560,266.531,255.551,255.551,2.1118,10.981,75,11.14,29.49,1000
3561,266.606,255.624,255.624,2.1134,10.982,75,11.16,29.51,1000
3562,266.681,255.698,255.698,2.115,10.984,75,11.18,29.53,1000
3563,266.756,255.771,255.771,2.1166,10.985,75,11.2,29.55,1000
3564,266.831,255.844,255.844,2.1182,10.987,75,11.22,29.58,1000
3565,266.906,255.918,255.918,2.1198,10.989,75,11.24,29.6,1000
3566,266.981,255.991,255.991,2.1213,10.99,75,11.26,29.62,1000
3567,267.056,256.065,256.065,2.1229,10.992,75,11.28,29.64,1000
3568,267.131,256.138,256.138,2.1245,10.993,75,11.3,29.66,1000
3569,267.206,256.211,256.211,2.1261,10.995,75,11.32,29.69,1000
3570,267.281,256.285,256.285,2.1276,10.996,75,11.34,29.71,1000
3571,267.356,256.358,256.358,2.1292,10.998,75,11.36,29.73,1000
3572,267.431,256.432,256.432,2.1307,10.999,75,11.38,29.75,1000
3573,267.506,256.505,256.505,2.1323,11.001,75,11.4,29.77,1000
3574,267.581,256.579,256.579,2.1338,11.003,75,11.41,29.79,1000
3575,267.656,256.652,256.652,2.1354,11.004,75,11.43,29.82,1000
3576,267.731,256.726,256.726,2.1369,11.006,75,11.45,29.84,1000
3577,267.806,256.799,256.799,2.1385,11.007,75,11.47,29.86,1000
3578,267.881,256.872,256.872,2.14,11.009,75,11.49,29.88,1000
3579,267.956,256.946,256.946,2.1415,11.01,75,11.51,29.9,1000
3580,268.031,257.019,257.019,2.1431,11.012,75,11.53,29.92,1000
3581,268.106,257.093,257.093,2.1446,11.013,75,11.55,29.94,1000
3582,268.181,257.166,257.166,2.1461,11.015,75,11.57,29.97,1000
3583,268.256,257.24,257.24,2.1476,11.016,75,11.59,29.99,1000
3584,268.331,257.313,257.313,2.1491,11.018,75,11.61,30.01,1000
3585,268.406,257.387,257.387,2.1507,11.019,75,11.63,30.03,1000
3586,268.481,257.46,257.46,2.1522,11.021,75,11.64,30.05,1000
3587,268.556,257.534,257.534,2.1537,11.022,75,11.66,30.07,1000
3588,268.631,257.607,257.607,2.1552,11.024,75,11.68,30.09,1000
3589,268.706,257.681,257.681,2.1567,11.025,75,11.7,30.11,1000
3590,268.781,257.754,257.754,2.1582,11.027,75,11.72,30.13,1000
3591,268.856,257.828,257.828,2.1596,11.028,75,11.74,30.15,1000
3592,268.931,257.901,257.901,2.1611,11.03,75,11.76,30.17,1000
3593,269.006,257.975,257.975,2.1626,11.031,75,11.78,30.2,1000
3594,269.081,258.048,258.048,2.1641,11.033,75,11.79,30.22,1000
3595,269.156,258.122,258.122,2.1656,11.034,75,11.81,30.24,1000
3596,269.231,258.195,258.195,2.167,11.036,75,11.83,30.26,1000
3597,269.306,258.269,258.269,2.1685,11.037,75,11.85,30.28,1000
3598,269.381,258.343,258.343,2.17,11.039,75,11.87,30.3,1000
3599,269.456,258.416,258.416,2.1714,11.04,75,11.89,30.32,1000
3600,269.531,258.49,258.49,2.1729,11.042,75,11.91,30.34,1000
3601,269.606,258.563,258.563,2.1743,11.043,75,11.92,30.36,1000
3602,269.681,258.637,258.637,2.1758,11.045,75,11.94,30.38,1000
3603,269.756,258.71,258.71,2.1772,11.046,75,11.96,30.4,1000
3604,269.831,258.784,258.784,2.1786,11.047,75,11.98,30.42,1000
3605,269.906,258.857,258.857,2.1801,11.049,75,12.0,30.44,1000
3606,269.981,258.931,258.931,2.1815,11.05,75,12.01,30.46,1000
3607,270.056,259.005,259.005,2.1829,11.052,75,12.03,30.48,1000
3608,270.131,259.078,259.078,2.1844,11.053,75,12.05,30.5,1000
3609,270.206,259.152,259.152,2.1858,11.055,75,12.07,30.52,1000
3610,270.281,259.225,259.225,2.1872,11.056,75,12.09,30.54,1000
3611,270.356,259.299,259.299,2.1886,11.057,75,12.1,30.56,1000
3612,270.431,259.372,259.372,2.19,11.059,75,12.12,30.58,1000
3613,270.506,259.446,259.446,2.1914,11.06,75,12.14,30.6,1000
3614,270.581,259.52,259.52,2.1928,11.062,75,12.16,30.62,1000
3615,270.656,259.593,259.593,2.1942,11.063,75,12.17,30.64,1000
3616,270.731,259.667,259.667,2.1956,11.064,75,12.19,30.66,1000
3617,270.806,259.74,259.74,2.197,11.066,75,12.21,30.68,1000
3618,270.881,259.814,259.814,2.1984,11.067,75,12.23,30.7,1000
3619,270.956,259.888,259.888,2.1998,11.069,75,12.24,30.71,1000
3620,271.031,259.961,259.961,2.2011,11.07,75,12.26,30.73,1000
3621,271.106,260.035,260.035,2.2025,11.071,75,12.28,30.75,1000
3622,271.181,260.109,260.109,2.2039,11.073,75,12.29,30.77,1000
3623,271.256,260.182,260.182,2.2053,11.074,75,12.31,30.79,1000
3624,271.331,260.256,260.256,2.2066,11.075,75,12.33,30.81,1000
3625,271.406,260.33,260.33,2.208,11.077,75,12.35,30.83,1000
3626,271.481,260.403,260.403,2.2093,11.078,75,12.36,30.85,1000
3627,271.556,260.477,260.477,2.2107,11.079,75,12.38,30.87,1000
3628,271.631,260.55,260.55,2.212,11.081,75,12.4,30.89,1000
3629,271.706,260.624,260.624,2.2134,11.082,75,12.41,30.9,1000
3630,271.781,260.698,260.698,2.2147,11.083,75,12.43,30.92,1000
3631,271.856,260.771,260.771,2.216,11.085,75,12.45,30.94,1000
3632,271.931,260.845,260.845,2.2174,11.086,75,12.46,30.96,1000
3633,272.006,260.919,260.919,2.2187,11.087,75,12.48,30.98,1000
3634,272.081,260.992,260.992,2.22,11.089,75,12.5,31.0,1000
3635,272.156,261.066,261.066,2.2213,11.09,75,12.51,31.02,1000
3636,272.231,261.14,261.14,2.2226,11.091,75,12.53,31.03,1000
3637,272.306,261.214,261.214,2.224,11.093,75,12.55,31.05,1000
3638,272.381,261.287,261.287,2.2253,11.094,75,12.56,31.07,1000
3639,272.456,261.361,261.361,2.2266,11.095,75,12.58,31.09,1000
3640,272.531,261.435,261.435,2.2279,11.097,75,12.6,31.11,1000
3641,272.606,261.508,261.508,2.2292,11.098,75,12.61,31.12,1000
3642,272.681,261.582,261.582,2.2305,11.099,75,12.63,31.14,1000
3643,272.756,261.656,261.656,2.2317,11.1,75,12.64,31.16,1000
3644,272.831,261.729,261.729,2.233,11.102,75,12.66,31.18,1000
3645,272.906,261.803,261.803,2.2343,11.103,75,12.68,31.2,1000
3646,272.981,261.877,261.877,2.2356,11.104,75,12.69,31.21,1000
3647,273.056,261.951,261.951,2.2368,11.106,75,12.71,31.23,1000
3648,273.131,262.024,262.024,2.2381,11.107,75,12.72,31.25,1000
3649,273.206,262.098,262.098,2.2394,11.108,75,12.74,31.27,1000
3650,273.281,262.172,262.172,2.2406,11.109,75,12.76,31.29,1000
3651,273.356,262.246,262.246,2.2419,11.111,75,12.77,31.3,1000
3652,273.431,262.319,262.319,2.2431,11.112,75,12.79,31.32,1000
3653,273.506,262.393,262.393,2.2444,11.113,75,12.8,31.34,1000
3654,273.581,262.467,262.467,2.2456,11.114,75,12.82,31.35,1000
3655,273.656,262.541,262.541,2.2469,11.116,75,12.83,31.37,1000
3656,273.731,262.614,262.614,2.2481,11.117,75,12.85,31.39,1000
3657,273.806,262.688,262.688,2.2493,11.118,75,12.87,31.41,1000
3658,273.881,262.762,262.762,2.2505,11.119,75,12.88,31.42,1000
3659,273.956,262.836,262.836,2.2518,11.121,75,12.9,31.44,1000
3660,274.031,262.91,262.91,2.253,11.122,75,12.91,31.46,1000
3661,274.106,262.983,262.983,2.2542,11.123,75,12.93,31.47,1000
3662,274.181,263.057,263.057,2.2554,11.124,75,12.94,31.49,1000
3663,274.256,263.131,263.131,2.2566,11.125,75,12.96,31.51,1000
3664,274.331,263.205,263.205,2.2578,11.127,75,12.97,31.52,1000
3665,274.406,263.278,263.278,2.259,11.128,75,12.99,31.54,1000
3666,274.481,263.352,263.352,2.2602,11.129,75,13.0,31.56,1000
3667,274.556,263.426,263.426,2.2614,11.13,75,13.02,31.57,1000
3668,274.631,263.5,263.5,2.2626,11.131,75,13.03,31.59,1000
3669,274.706,263.574,263.574,2.2638,11.133,75,13.05,31.61,1000
3670,274.781,263.648,263.648,2.2649,11.134,75,13.06,31.62,1000
3671,274.856,263.721,263.721,2.2661,11.135,75,13.08,31.64,1000
3672,274.931,263.795,263.795,2.2673,11.136,75,13.09,31.66,1000
3673,275.006,263.869,263.869,2.2684,11.137,75,13.11,31.67,1000
3674,275.081,263.943,263.943,2.2696,11.138,75,13.12,31.69,1000
3675,275.156,264.017,264.017,2.2707,11.139,75,13.14,31.71,1000
3676,275.231,264.091,264.091,2.2719,11.141,75,13.15,31.72,1000
3677,275.306,264.164,264.164,2.273,11.142,75,13.16,31.74,1000
3678,275.381,264.238,264.238,2.2742,11.143,75,13.18,31.75,1000
3679,275.456,264.312,264.312,2.2753,11.144,75,13.19,31.77,1000
3680,275.531,264.386,264.386,2.2765,11.145,75,13.21,31.79,1000
3681,275.606,264.46,264.46,2.2776,11.146,75,13.22,31.8,1000
3682,275.681,264.534,264.534,2.2787,11.147,75,13.24,31.82,1000
3683,275.756,264.608,264.608,2.2798,11.149,75,13.25,31.83,1000
3684,275.831,264.682,264.682,2.2809,11.15,75,13.26,31.85,1000
3685,275.906,264.755,264.755,2.2821,11.151,75,13.28,31.86,1000
3686,275.981,264.829,264.829,2.2832,11.152,75,13.29,31.88,1000
3687,276.056,264.903,264.903,2.2843,11.153,75,13.31,31.89,1000
3688,276.131,264.977,264.977,2.2854,11.154,75,13.32,31.91,1000
3689,276.206,265.051,265.051,2.2865,11.155,75,13.33,31.93,1000
3690,276.281,265.125,265.125,2.2876,11.156,75,13.35,31.94,1000
3691,276.356,265.199,265.199,2.2887,11.157,75,13.36,31.96,1000
3692,276.431,265.273,265.273,2.2897,11.158,75,13.37,31.97,1000
3693,276.506,265.347,265.347,2.2908,11.16,75,13.39,31.99,1000
3694,276.581,265.421,265.421,2.2919,11.161,75,13.4,32.0,1000
3695,276.656,265.495,265.495,2.293,11.162,75,13.41,32.02,1000
3696,276.731,265.568,265.568,2.294,11.163,75,13.43,32.03,1000
3697,276.806,265.642,265.642,2.2951,11.164,75,13.44,32.05,1000
3698,276.881,265.716,265.716,2.2961,11.165,75,13.45,32.06,1000
3699,276.956,265.79,265.79,2.2972,11.166,75,13.47,32.07,1000
3700,277.031,265.864,265.864,2.2982,11.167,75,13.48,32.09,1000
3701,277.106,265.938,265.938,2.2993,11.168,75,13.49,32.1,1000
3702,277.181,266.012,266.012,2.3003,11.169,75,13.51,32.12,1000
3703,277.256,266.086,266.086,2.3014,11.17,75,13.52,32.13,1000
3704,277.331,266.16,266.16,2.3024,11.171,75,13.53,32.15,1000
3705,277.406,266.234,266.234,2.3034,11.172,75,13.55,32.16,1000
3706,277.481,266.308,266.308,2.3045,11.173,75,13.56,32.18,1000
3707,277.556,266.382,266.382,2.3055,11.174,75,13.57,32.19,1000
3708,277.631,266.456,266.456,2.3065,11.175,75,13.58,32.2,1000
3709,277.706,266.53,266.53,2.3075,11.176,75,13.6,32.22,1000
3710,277.781,266.604,266.604,2.3085,11.177,75,13.61,32.23,1000
3711,277.856,266.678,266.678,2.3095,11.178,75,13.62,32.25,1000
3712,277.931,266.752,266.752,2.3105,11.179,75,13.63,32.26,1000
3713,278.006,266.826,266.826,2.3115,11.18,75,13.65,32.27,1000
3714,278.081,266.9,266.9,2.3125,11.181,75,13.66,32.29,1000
3715,278.156,266.974,266.974,2.3135,11.182,75,13.67,32.3,1000
3716,278.231,267.048,267.048,2.3144,11.183,75,13.68,32.32,1000
3717,278.306,267.122,267.122,2.3154,11.184,75,13.7,32.33,1000
3718,278.381,267.196,267.196,2.3164,11.185,75,13.71,32.34,1000
3719,278.456,267.27,267.27,2.3174,11.186,75,13.72,32.36,1000
3720,278.531,267.344,267.344,2.3183,11.187,75,13.73,32.37,1000
3721,278.606,267.418,267.418,2.3193,11.188,75,13.74,32.38,1000
3722,278.681,267.492,267.492,2.3202,11.189,75,13.76,32.4,1000
3723,278.756,267.566,267.566,2.3212,11.19,75,13.77,32.41,1000
3724,278.831,267.64,267.64,2.3221,11.191,75,13.78,32.42,1000
3725,278.906,267.714,267.714,2.3231,11.192,75,13.79,32.44,1000
3726,278.981,267.788,267.788,2.324,11.193,75,13.8,32.45,1000
3727,279.056,267.863,267.863,2.3249,11.194,75,13.82,32.46,1000
3728,279.131,267.937,267.937,2.3259,11.195,75,13.83,32.48,1000
3729,279.206,268.011,268.011,2.3268,11.196,75,13.84,32.49,1000
3730,279.281,268.085,268.085,2.3277,11.196,75,13.85,32.5,1000
3731,279.356,268.159,268.159,2.3286,11.197,75,13.86,32.51,1000
3732,279.431,268.233,268.233,2.3295,11.198,75,13.87,32.53,1000
3733,279.506,268.307,268.307,2.3304,11.199,75,13.89,32.54,1000
3734,279.581,268.381,268.381,2.3313,11.2,75,13.9,32.55,1000
3735,279.656,268.455,268.455,2.3322,11.201,75,13.91,32.56,1000
3736,279.731,268.529,268.529,2.3331,11.202,75,13.92,32.58,1000
3737,279.806,268.603,268.603,2.334,11.203,75,13.93,32.59,1000
3738,279.881,268.678,268.678,2.3349,11.204,75,13.94,32.6,1000
3739,279.956,268.752,268.752,2.3358,11.205,75,13.95,32.61,1000
3740,280.031,268.826,268.826,2.3366,11.205,75,13.96,32.63,1000
3741,280.106,268.9,268.9,2.3375,11.206,75,13.97,32.64,1000
3742,280.181,268.974,268.974,2.3384,11.207,75,13.99,32.65,1000
3743,280.256,269.048,269.048,2.3392,11.208,75,14.0,32.66,1000
3744,280.331,269.122,269.122,2.3401,11.209,75,14.01,32.67,1000
3745,280.406,269.197,269.197,2.341,11.21,75,14.02,32.69,1000
3746,280.481,269.271,269.271,2.3418,11.211,75,14.03,32.7,1000
3747,280.556,269.345,269.345,2.3426,11.211,75,14.04,32.71,1000
3748,280.631,269.419,269.419,2.3435,11.212,75,14.05,32.72,1000
3749,280.706,269.493,269.493,2.3443,11.213,75,14.06,32.73,1000
3750,280.781,269.567,269.567,2.3451,11.214,75,14.07,32.74,1000
3751,280.856,269.642,269.642,2.346,11.215,75,14.08,32.76,1000
3752,280.931,269.716,269.716,2.3468,11.216,75,14.09,32.77,1000
3753,281.006,269.79,269.79,2.3476,11.216,75,14.1,32.78,1000
3754,281.081,269.864,269.864,2.3484,11.217,75,14.11,32.79,1000
3755,281.156,269.938,269.938,2.3492,11.218,75,14.12,32.8,1000
3756,281.231,270.012,270.012,2.35,11.219,75,14.13,32.81,1000
3757,281.306,270.087,270.087,2.3508,11.22,75,14.14,32.82,1000
3758,281.381,270.161,270.161,2.3516,11.22,75,14.15,32.83,1000
3759,281.456,270.235,270.235,2.3524,11.221,75,14.16,32.85,1000
3760,281.531,270.309,270.309,2.3532,11.222,75,14.17,32.86,1000
3761,281.606,270.384,270.384,2.354,11.223,75,14.18,32.87,1000
3762,281.681,270.458,270.458,2.3548,11.224,75,14.19,32.88,1000
3763,281.756,270.532,270.532,2.3555,11.224,75,14.2,32.89,1000
3764,281.831,270.606,270.606,2.3563,11.225,75,14.21,32.9,1000
3765,281.906,270.68,270.68,2.3571,11.226,75,14.22,32.91,1000
3766,281.981,270.755,270.755,2.3578,11.227,75,14.23,32.92,1000
3767,282.056,270.829,270.829,2.3586,11.227,75,14.24,32.93,1000
3768,282.131,270.903,270.903,2.3593,11.228,75,14.25,32.94,1000
3769,282.206,270.977,270.977,2.3601,11.229,75,14.26,32.95,1000
3770,282.281,271.052,271.052,2.3608,11.23,75,14.27,32.96,1000
3771,282.356,271.126,271.126,2.3615,11.23,75,14.28,32.97,1000
3772,282.431,271.2,271.2,2.3623,11.231,75,14.29,32.98,1000
3773,282.506,271.275,271.275,2.363,11.232,75,14.29,32.99,1000
3774,282.581,271.349,271.349,2.3637,11.232,75,14.3,33.0,1000
3775,282.656,271.423,271.423,2.3644,11.233,75,14.31,33.01,1000
3776,282.731,271.497,271.497,2.3651,11.234,75,14.32,33.02,1000
3777,282.806,271.572,271.572,2.3658,11.235,75,14.33,33.03,1000
3778,282.881,271.646,271.646,2.3666,11.235,75,14.34,33.04,1000
3779,282.956,271.72,271.72,2.3673,11.236,75,14.35,33.05,1000
3780,283.031,271.795,271.795,2.3679,11.237,75,14.36,33.06,1000
3781,283.106,271.869,271.869,2.3686,11.237,75,14.37,33.07,1000
3782,283.181,271.943,271.943,2.3693,11.238,75,14.37,33.08,1000
3783,283.256,272.018,272.018,2.37,11.239,75,14.38,33.09,1000
3784,283.331,272.092,272.092,2.3707,11.239,75,14.39,33.1,1000
3785,283.406,272.166,272.166,2.3713,11.24,75,14.4,33.11,1000
3786,283.481,272.24,272.24,2.372,11.241,75,14.41,33.12,1000
3787,283.556,272.315,272.315,2.3727,11.241,75,14.42,33.13,1000
3788,283.631,272.389,272.389,2.3733,11.242,75,14.42,33.14,1000
3789,283.706,272.464,272.464,2.374,11.243,75,14.43,33.15,1000
3790,283.781,272.538,272.538,2.3746,11.243,75,14.44,33.16,1000
3791,283.856,272.612,272.612,2.3753,11.244,75,14.45,33.17,1000
3792,283.931,272.687,272.687,2.3759,11.245,75,14.46,33.17,1000
3793,284.006,272.761,272.761,2.3766,11.245,75,14.46,33.18,1000
3794,284.081,272.835,272.835,2.3772,11.246,75,14.47,33.19,1000
3795,284.156,272.91,272.91,2.3778,11.247,75,14.48,33.2,1000
3796,284.231,272.984,272.984,2.3784,11.247,75,14.49,33.21,1000
3797,284.306,273.058,273.058,2.379,11.248,75,14.5,33.22,1000
3798,284.381,273.133,273.133,2.3797,11.248,75,14.5,33.23,1000
3799,284.456,273.207,273.207,2.3803,11.249,75,14.51,33.23,1000
3800,284.531,273.282,273.282,2.3809,11.25,75,14.52,33.24,1000
3801,284.606,273.356,273.356,2.3815,11.25,75,14.53,33.25,1000
3802,284.681,273.43,273.43,2.3821,11.251,75,14.53,33.26,1000
3803,284.756,273.505,273.505,2.3826,11.251,75,14.54,33.27,1000
3804,284.831,273.579,273.579,2.3832,11.252,75,14.55,33.28,1000
3805,284.906,273.654,273.654,2.3838,11.253,75,14.56,33.28,1000
3806,284.981,273.728,273.728,2.3844,11.253,75,14.56,33.29,1000
3807,285.056,273.803,273.803,2.3849,11.254,75,14.57,33.3,1000
3808,285.131,273.877,273.877,2.3855,11.254,75,14.58,33.31,1000
3809,285.206,273.951,273.951,2.3861,11.255,75,14.58,33.32,1000
3810,285.281,274.026,274.026,2.3866,11.255,75,14.59,33.32,1000
3811,285.356,274.1,274.1,2.3872,11.256,75,14.6,33.33,1000
3812,285.431,274.175,274.175,2.3877,11.256,75,14.61,33.34,1000
3813,285.506,274.249,274.249,2.3883,11.257,75,14.61,33.35,1000
3814,285.581,274.324,274.324,2.3888,11.258,75,14.62,33.35,1000
3815,285.656,274.398,274.398,2.3893,11.258,75,14.63,33.36,1000
3816,285.731,274.473,274.473,2.3899,11.259,75,14.63,33.37,1000
3817,285.806,274.547,274.547,2.3904,11.259,75,14.64,33.38,1000
3818,285.881,274.622,274.622,2.3909,11.26,75,14.65,33.38,1000
3819,285.956,274.696,274.696,2.3914,11.26,75,14.65,33.39,1000
3820,286.031,274.771,274.771,2.3919,11.261,75,14.66,33.4,1000
3821,286.106,274.845,274.845,2.3924,11.261,75,14.66,33.4,1000
3822,286.181,274.92,274.92,2.3929,11.262,75,14.67,33.41,1000
3823,286.256,274.994,274.994,2.3934,11.262,75,14.68,33.42,1000
3824,286.331,275.069,275.069,2.3939,11.263,75,14.68,33.43,1000
3825,286.406,275.143,275.143,2.3944,11.263,75,14.69,33.43,1000
3826,286.481,275.218,275.218,2.3949,11.264,75,14.7,33.44,1000
3827,286.556,275.292,275.292,2.3954,11.264,75,14.7,33.45,1000
3828,286.631,275.367,275.367,2.3958,11.265,75,14.71,33.45,1000
3829,286.706,275.441,275.441,2.3963,11.265,75,14.71,33.46,1000
3830,286.781,275.516,275.516,2.3968,11.266,75,14.72,33.47,1000
3831,286.856,275.59,275.59,2.3972,11.266,75,14.72,33.47,1000
3832,286.931,275.665,275.665,2.3977,11.266,75,14.73,33.48,1000
3833,287.006,275.739,275.739,2.3981,11.267,75,14.74,33.48,1000
3834,287.081,275.814,275.814,2.3986,11.267,75,14.74,33.49,1000
3835,287.156,275.888,275.888,2.399,11.268,75,14.75,33.5,1000
3836,287.231,275.963,275.963,2.3994,11.268,75,14.75,33.5,1000
3837,287.306,276.038,276.038,2.3999,11.269,75,14.76,33.51,1000
3838,287.381,276.112,276.112,2.4003,11.269,75,14.76,33.51,1000
3839,287.456,276.187,276.187,2.4007,11.269,75,14.77,33.52,1000
3840,287.531,276.261,276.261,2.4011,11.27,75,14.77,33.53,1000
3841,287.606,276.336,276.336,2.4015,11.27,75,14.78,33.53,1000
3842,287.681,276.411,276.411,2.402,11.271,75,14.78,33.54,1000
3843,287.756,276.485,276.485,2.4024,11.271,75,14.79,33.54,1000
3844,287.831,276.56,276.56,2.4028,11.272,75,14.79,33.55,1000
3845,287.906,276.634,276.634,2.4031,11.272,75,14.8,33.55,1000
3846,287.981,276.709,276.709,2.4035,11.272,75,14.8,33.56,1000
3847,288.056,276.784,276.784,2.4039,11.273,75,14.81,33.56,1000
3848,288.131,276.858,276.858,2.4043,11.273,75,14.81,33.57,1000
3849,288.206,276.933,276.933,2.4047,11.273,75,14.82,33.58,1000
3850,288.281,277.007,277.007,2.405,11.274,75,14.82,33.58,1000
3851,288.356,277.082,277.082,2.4054,11.274,75,14.83,33.59,1000
3852,288.431,277.157,277.157,2.4058,11.275,75,14.83,33.59,1000
3853,288.506,277.231,277.231,2.4061,11.275,75,14.84,33.6,1000
3854,288.581,277.306,277.306,2.4065,11.275,75,14.84,33.6,1000
3855,288.656,277.381,277.381,2.4068,11.276,75,14.84,33.61,1000
3856,288.731,277.455,277.455,2.4071,11.276,75,14.85,33.61,1000
3857,288.806,277.53,277.53,2.4075,11.276,75,14.85,33.61,1000
3858,288.881,277.605,277.605,2.4078,11.277,75,14.86,33.62,1000
3859,288.956,277.679,277.679,2.4081,11.277,75,14.86,33.62,1000
3860,289.031,277.754,277.754,2.4085,11.277,75,14.87,33.63,1000
3861,289.106,277.829,277.829,2.4088,11.278,75,14.87,33.63,1000
3862,289.181,277.903,277.903,2.4091,11.278,75,14.87,33.64,1000
3863,289.256,277.978,277.978,2.4094,11.278,75,14.88,33.64,1000
3864,289.331,278.053,278.053,2.4097,11.278,75,14.88,33.65,1000
3865,289.406,278.128,278.128,2.41,11.279,75,14.88,33.65,1000
3866,289.481,278.202,278.202,2.4103,11.279,75,14.89,33.65,1000
3867,289.556,278.277,278.277,2.4106,11.279,75,14.89,33.66,1000
3868,289.631,278.352,278.352,2.4109,11.28,75,14.9,33.66,1000
3869,289.706,278.426,278.426,2.4111,11.28,75,14.9,33.67,1000
3870,289.781,278.501,278.501,2.4114,11.28,75,14.9,33.67,1000
3871,289.856,278.576,278.576,2.4117,11.28,75,14.91,33.67,1000
3872,289.931,278.651,278.651,2.4119,11.281,75,14.91,33.68,1000
3873,290.006,278.725,278.725,2.4122,11.281,75,14.91,33.68,1000
3874,290.081,278.8,278.8,2.4125,11.281,75,14.92,33.68,1000
3875,290.156,278.875,278.875,2.4127,11.281,75,14.92,33.69,1000
3876,290.231,278.95,278.95,2.413,11.282,75,14.92,33.69,1000
3877,290.306,279.024,279.024,2.4132,11.282,75,14.93,33.69,1000
3878,290.381,279.099,279.099,2.4134,11.282,75,14.93,33.7,1000
3879,290.456,279.174,279.174,2.4137,11.282,75,14.93,33.7,1000
3880,290.531,279.249,279.249,2.4139,11.283,75,14.93,33.7,1000
3881,290.606,279.323,279.323,2.4141,11.283,75,14.94,33.71,1000
3882,290.681,279.398,279.398,2.4143,11.283,75,14.94,33.71,1000
3883,290.756,279.473,279.473,2.4145,11.283,75,14.94,33.71,1000
3884,290.831,279.548,279.548,2.4147,11.283,75,14.94,33.72,1000
3885,290.906,279.623,279.623,2.4149,11.284,75,14.95,33.72,1000
3886,290.981,279.697,279.697,2.4151,11.284,75,14.95,33.72,1000
3887,291.056,279.772,279.772,2.4153,11.284,75,14.95,33.72,1000
3888,291.131,279.847,279.847,2.4155,11.284,75,14.95,33.73,1000
3889,291.206,279.922,279.922,2.4157,11.284,75,14.96,33.73,1000
3890,291.281,279.997,279.997,2.4159,11.285,75,14.96,33.73,1000
3891,291.356,280.071,280.071,2.4161,11.285,75,14.96,33.73,1000
3892,291.431,280.146,280.146,2.4162,11.285,75,14.96,33.74,1000
3893,291.506,280.221,280.221,2.4164,11.285,75,14.97,33.74,1000
3894,291.581,280.296,280.296,2.4166,11.285,75,14.97,33.74,1000
3895,291.656,280.371,280.371,2.4167,11.285,75,14.97,33.74,1000
3896,291.731,280.446,280.446,2.4169,11.286,75,14.97,33.75,1000
3897,291.806,280.52,280.52,2.417,11.286,75,14.97,33.75,1000
3898,291.881,280.595,280.595,2.4171,11.286,75,14.97,33.75,1000
3899,291.956,280.67,280.67,2.4173,11.286,75,14.98,33.75,1000
3900,292.031,280.745,280.745,2.4174,11.286,75,14.98,33.75,1000
3901,292.106,280.82,280.82,2.4175,11.286,75,14.98,33.76,1000
3902,292.181,280.895,280.895,2.4177,11.286,75,14.98,33.76,1000
3903,292.256,280.97,280.97,2.4178,11.287,75,14.98,33.76,1000
3904,292.331,281.045,281.045,2.4179,11.287,75,14.98,33.76,1000
3905,292.406,281.119,281.119,2.418,11.287,75,14.99,33.76,1000
3906,292.481,281.194,281.194,2.4181,11.287,75,14.99,33.76,1000
3907,292.556,281.269,281.269,2.4182,11.287,75,14.99,33.76,1000
3908,292.631,281.344,281.344,2.4183,11.287,75,14.99,33.77,1000
3909,292.706,281.419,281.419,2.4184,11.287,75,14.99,33.77,1000
3910,292.781,281.494,281.494,2.4185,11.287,75,14.99,33.77,1000
3911,292.856,281.569,281.569,2.4185,11.287,75,14.99,33.77,1000
3912,292.931,281.644,281.644,2.4186,11.287,75,14.99,33.77,1000
3913,293.006,281.719,281.719,2.4187,11.287,75,14.99,33.77,1000
3914,293.081,281.794,281.794,2.4188,11.288,75,14.99,33.77,1000
3915,293.156,281.869,281.869,2.4188,11.288,75,15.0,33.77,1000
3916,293.231,281.944,281.944,2.4189,11.288,75,15.0,33.77,1000
3917,293.306,282.019,282.019,2.4189,11.288,75,15.0,33.77,1000
3918,293.381,282.094,282.094,2.419,11.288,75,15.0,33.78,1000
3919,293.456,282.168,282.168,2.419,11.288,75,15.0,33.78,1000
3920,293.531,282.243,282.243,2.419,11.288,75,15.0,33.78,1000
3921,293.606,282.318,282.318,2.4191,11.288,75,15.0,33.78,1000
3922,293.681,282.393,282.393,2.4191,11.288,75,15.0,33.78,1000
3923,293.756,282.468,282.468,2.4191,11.288,75,15.0,33.78,1000
3924,293.831,282.543,282.543,2.4191,11.288,75,15.0,33.78,1000
3925,293.906,282.618,282.618,2.4191,11.288,75,15.0,33.78,1000
3926,293.981,282.693,282.693,2.4192,11.288,75,15.0,33.78,1000
3927,294.056,282.768,282.768,2.4192,11.288,75,15.0,33.78,1000
3928,294.131,282.843,282.843,2.4192,11.288,75,15.0,33.78,1000
3929,294.206,282.918,282.918,2.4191,11.288,75,15.0,33.78,1000
3930,294.281,282.993,282.993,2.4191,11.288,75,15.0,33.78,1000
3931,294.356,283.068,283.068,2.4191,11.288,75,15.0,33.78,1000
3932,294.431,283.143,283.143,2.4191,11.288,75,15.0,33.78,1000
3933,294.506,283.218,283.218,2.4191,11.288,75,15.0,33.78,1000
3934,294.581,283.293,283.293,2.419,11.288,75,15.0,33.78,1000
3935,294.656,283.368,283.368,2.419,11.288,75,15.0,33.78,1000
3936,294.731,283.444,283.444,2.419,11.288,75,15.0,33.78,1000
3937,294.806,283.519,283.519,2.4189,11.288,75,15.0,33.77,1000
3938,294.881,283.594,283.594,2.4189,11.288,75,15.0,33.77,1000
3939,294.956,283.669,283.669,2.4188,11.288,75,15.0,33.77,1000
3940,295.031,283.744,283.744,2.4188,11.288,75,14.99,33.77,1000
3941,295.106,283.819,283.819,2.4187,11.287,75,14.99,33.77,1000
3942,295.181,283.894,283.894,2.4186,11.287,75,14.99,33.77,1000
3943,295.256,283.969,283.969,2.4185,11.287,75,14.99,33.77,1000
3944,295.331,284.044,284.044,2.4185,11.287,75,14.99,33.77,1000
3945,295.406,284.119,284.119,2.4184,11.287,75,14.99,33.77,1000
3946,295.481,284.194,284.194,2.4183,11.287,75,14.99,33.77,1000
3947,295.556,284.269,284.269,2.4182,11.287,75,14.99,33.76,1000
3948,295.631,284.344,284.344,2.4181,11.287,75,14.99,33.76,1000
3949,295.706,284.42,284.42,2.418,11.287,75,14.99,33.76,1000
3950,295.781,284.495,284.495,2.4179,11.287,75,14.98,33.76,1000
3951,295.856,284.57,284.57,2.4178,11.287,75,14.98,33.76,1000
3952,295.931,284.645,284.645,2.4177,11.286,75,14.98,33.76,1000
3953,296.006,284.72,284.72,2.4175,11.286,75,14.98,33.76,1000
3954,296.081,284.795,284.795,2.4174,11.286,75,14.98,33.75,1000
3955,296.156,284.87,284.87,2.4173,11.286,75,14.98,33.75,1000
3956,296.231,284.945,284.945,2.4171,11.286,75,14.97,33.75,1000
3957,296.306,285.02,285.02,2.417,11.286,75,14.97,33.75,1000
3958,296.381,285.096,285.096,2.4169,11.286,75,14.97,33.75,1000
3959,296.456,285.171,285.171,2.4167,11.285,75,14.97,33.74,1000
3960,296.531,285.246,285.246,2.4166,11.285,75,14.97,33.74,1000
3961,296.606,285.321,285.321,2.4164,11.285,75,14.97,33.74,1000
3962,296.681,285.396,285.396,2.4162,11.285,75,14.96,33.74,1000
3963,296.756,285.471,285.471,2.4161,11.285,75,14.96,33.73,1000
3964,296.831,285.547,285.547,2.4159,11.285,75,14.96,33.73,1000
3965,296.906,285.622,285.622,2.4157,11.284,75,14.96,33.73,1000
3966,296.981,285.697,285.697,2.4155,11.284,75,14.95,33.73,1000
3967,297.056,285.772,285.772,2.4153,11.284,75,14.95,33.72,1000
3968,297.131,285.847,285.847,2.4151,11.284,75,14.95,33.72,1000
3969,297.206,285.923,285.923,2.4149,11.284,75,14.95,33.72,1000
3970,297.281,285.998,285.998,2.4147,11.283,75,14.94,33.72,1000
3971,297.356,286.073,286.073,2.4145,11.283,75,14.94,33.71,1000
3972,297.431,286.148,286.148,2.4143,11.283,75,14.94,33.71,1000
3973,297.506,286.223,286.223,2.4141,11.283,75,14.94,33.71,1000
3974,297.581,286.299,286.299,2.4139,11.283,75,14.93,33.7,1000
3975,297.656,286.374,286.374,2.4137,11.282,75,14.93,33.7,1000
3976,297.731,286.449,286.449,2.4134,11.282,75,14.93,33.7,1000
3977,297.806,286.524,286.524,2.4132,11.282,75,14.93,33.69,1000
3978,297.881,286.6,286.6,2.4129,11.282,75,14.92,33.69,1000
3979,297.956,286.675,286.675,2.4127,11.281,75,14.92,33.69,1000
3980,298.031,286.75,286.75,2.4125,11.281,75,14.92,33.68,1000
3981,298.106,286.825,286.825,2.4122,11.281,75,14.91,33.68,1000
3982,298.181,286.901,286.901,2.4119,11.281,75,14.91,33.68,1000
3983,298.256,286.976,286.976,2.4117,11.28,75,14.91,33.67,1000
3984,298.331,287.051,287.051,2.4114,11.28,75,14.9,33.67,1000
3985,298.406,287.126,287.126,2.4111,11.28,75,14.9,33.67,1000
3986,298.481,287.202,287.202,2.4109,11.28,75,14.9,33.66,1000
3987,298.556,287.277,287.277,2.4106,11.279,75,14.89,33.66,1000
3988,298.631,287.352,287.352,2.4103,11.279,75,14.89,33.65,1000
3989,298.706,287.428,287.428,2.41,11.279,75,14.88,33.65,1000
3990,298.781,287.503,287.503,2.4097,11.278,75,14.88,33.65,1000
3991,298.856,287.578,287.578,2.4094,11.278,75,14.88,33.64,1000
3992,298.931,287.653,287.653,2.4091,11.278,75,14.87,33.64,1000
3993,299.006,287.729,287.729,2.4088,11.278,75,14.87,33.63,1000
3994,299.081,287.804,287.804,2.4085,11.277,75,14.87,33.63,1000
3995,299.156,287.879,287.879,2.4081,11.277,75,14.86,33.62,1000
3996,299.231,287.955,287.955,2.4078,11.277,75,14.86,33.62,1000
3997,299.306,288.03,288.03,2.4075,11.276,75,14.85,33.61,1000
3998,299.381,288.105,288.105,2.4071,11.276,75,14.85,33.61,1000
3999,299.456,288.181,288.181,2.4068,11.276,75,14.84,33.61,1000
4000,299.531,288.256,288.256,2.4065,11.275,75,14.84,33.6,1000
4001,299.606,288.331,288.331,2.4061,11.275,75,14.84,33.6,1000
4002,299.681,288.407,288.407,2.4057,11.274,75,14.83,33.59,1000
4003,299.756,288.482,288.482,2.4054,11.274,75,14.83,33.59,1000
4004,299.831,288.557,288.557,2.405,11.274,75,14.82,33.58,1000
4005,299.906,288.633,288.633,2.4047,11.273,75,14.82,33.58,1000
4006,299.981,288.708,288.708,2.4043,11.273,75,14.81,33.57,1000
4006,300.056,288.784,288.784,2.4039,11.273,75,14.81,33.56,1000
4008,300.131,288.859,288.859,2.4035,11.272,75,14.8,33.56,1000
4009,300.206,288.934,288.934,2.4031,11.272,75,14.8,33.55,1000
4010,300.281,289.01,289.01,2.4027,11.271,75,14.79,33.55,1000
4011,300.356,289.085,289.085,2.4023,11.271,75,14.79,33.54,1000
4012,300.431,289.161,289.161,2.4019,11.271,75,14.78,33.54,1000
4013,300.506,289.236,289.236,2.4015,11.27,75,14.78,33.53,1000
4014,300.581,289.311,289.311,2.4011,11.27,75,14.77,33.53,1000
4014,300.656,289.387,289.387,2.4007,11.269,75,14.77,33.52,1000
4016,300.731,289.462,289.462,2.4003,11.269,75,14.76,33.51,1000
4017,300.806,289.538,289.538,2.3999,11.269,75,14.76,33.51,1000
4018,300.881,289.613,289.613,2.3994,11.268,75,14.75,33.5,1000
4019,300.956,289.688,289.688,2.399,11.268,75,14.75,33.5,1000
4020,301.031,289.764,289.764,2.3986,11.267,75,14.74,33.49,1000
4021,301.106,289.839,289.839,2.3981,11.267,75,14.74,33.48,1000
4022,301.181,289.915,289.915,2.3977,11.266,75,14.73,33.48,1000
4022,301.256,289.99,289.99,2.3972,11.266,75,14.72,33.47,1000
4024,301.331,290.066,290.066,2.3968,11.266,75,14.72,33.47,1000
4025,301.406,290.141,290.141,2.3963,11.265,75,14.71,33.46,1000
4026,301.481,290.217,290.217,2.3958,11.265,75,14.71,33.45,1000
4027,301.556,290.292,290.292,2.3954,11.264,75,14.7,33.45,1000
4028,301.631,290.368,290.368,2.3949,11.264,75,14.69,33.44,1000
4029,301.706,290.443,290.443,2.3944,11.263,75,14.69,33.43,1000
4030,301.781,290.519,290.519,2.3939,11.263,75,14.68,33.43,1000
4030,301.856,290.594,290.594,2.3934,11.262,75,14.68,33.42,1000
4032,301.931,290.67,290.67,2.3929,11.262,75,14.67,33.41,1000
4033,302.006,290.745,290.745,2.3924,11.261,75,14.66,33.4,1000
4034,302.081,290.821,290.821,2.3919,11.261,75,14.66,33.4,1000
4035,302.156,290.896,290.896,2.3914,11.26,75,14.65,33.39,1000
4036,302.231,290.972,290.972,2.3909,11.26,75,14.64,33.38,1000
4037,302.306,291.047,291.047,2.3904,11.259,75,14.64,33.38,1000
4038,302.381,291.123,291.123,2.3899,11.259,75,14.63,33.37,1000
4038,302.456,291.198,291.198,2.3893,11.258,75,14.63,33.36,1000
4040,302.531,291.274,291.274,2.3888,11.258,75,14.62,33.35,1000
4041,302.606,291.349,291.349,2.3883,11.257,75,14.61,33.35,1000
4042,302.681,291.425,291.425,2.3877,11.256,75,14.6,33.34,1000
4043,302.756,291.5,291.5,2.3872,11.256,75,14.6,33.33,1000
4044,302.831,291.576,291.576,2.3866,11.255,75,14.59,33.32,1000
4045,302.906,291.651,291.651,2.3861,11.255,75,14.58,33.32,1000
4046,302.981,291.727,291.727,2.3855,11.254,75,14.58,33.31,1000
4046,303.056,291.803,291.803,2.3849,11.254,75,14.57,33.3,1000
4048,303.131,291.878,291.878,2.3844,11.253,75,14.56,33.29,1000
4049,303.206,291.954,291.954,2.3838,11.253,75,14.56,33.28,1000
4050,303.281,292.029,292.029,2.3832,11.252,75,14.55,33.28,1000
4051,303.356,292.105,292.105,2.3826,11.251,75,14.54,33.27,1000
4052,303.431,292.18,292.18,2.382,11.251,75,14.53,33.26,1000
4053,303.506,292.256,292.256,2.3814,11.25,75,14.53,33.25,1000
4054,303.581,292.332,292.332,2.3809,11.25,75,14.52,33.24,1000
4054,303.656,292.407,292.407,2.3802,11.249,75,14.51,33.23,1000
4056,303.731,292.483,292.483,2.3796,11.248,75,14.5,33.23,1000
4057,303.806,292.558,292.558,2.379,11.248,75,14.5,33.22,1000
4058,303.881,292.634,292.634,2.3784,11.247,75,14.49,33.21,1000
4059,303.956,292.71,292.71,2.3778,11.247,75,14.48,33.2,1000
4060,304.031,292.785,292.785,2.3772,11.246,75,14.47,33.19,1000
4061,304.106,292.861,292.861,2.3765,11.245,75,14.46,33.18,1000
4062,304.181,292.937,292.937,2.3759,11.245,75,14.46,33.17,1000
4062,304.256,293.012,293.012,2.3753,11.244,75,14.45,33.16,1000
4064,304.331,293.088,293.088,2.3746,11.243,75,14.44,33.16,1000
4065,304.406,293.164,293.164,2.374,11.243,75,14.43,33.15,1000
4066,304.481,293.239,293.239,2.3733,11.242,75,14.42,33.14,1000
4067,304.556,293.315,293.315,2.3727,11.241,75,14.42,33.13,1000
4068,304.631,293.39,293.39,2.372,11.241,75,14.41,33.12,1000
4069,304.706,293.466,293.466,2.3713,11.24,75,14.4,33.11,1000
4070,304.781,293.542,293.542,2.3707,11.239,75,14.39,33.1,1000
4070,304.856,293.618,293.618,2.37,11.239,75,14.38,33.09,1000
4072,304.931,293.693,293.693,2.3693,11.238,75,14.37,33.08,1000
4073,305.006,293.769,293.769,2.3686,11.237,75,14.36,33.07,1000
4074,305.081,293.845,293.845,2.3679,11.237,75,14.36,33.06,1000
4075,305.156,293.92,293.92,2.3672,11.236,75,14.35,33.05,1000
4076,305.231,293.996,293.996,2.3665,11.235,75,14.34,33.04,1000
4077,305.306,294.072,294.072,2.3658,11.235,75,14.33,33.03,1000
4078,305.381,294.147,294.147,2.3651,11.234,75,14.32,33.02,1000
4078,305.456,294.223,294.223,2.3644,11.233,75,14.31,33.01,1000
4080,305.531,294.299,294.299,2.3637,11.232,75,14.3,33.0,1000
4081,305.606,294.375,294.375,2.363,11.232,75,14.29,32.99,1000
4082,305.681,294.45,294.45,2.3623,11.231,75,14.28,32.98,1000
4083,305.756,294.526,294.526,2.3615,11.23,75,14.28,32.97,1000
4084,305.831,294.602,294.602,2.3608,11.23,75,14.27,32.96,1000
4085,305.906,294.677,294.677,2.36,11.229,75,14.26,32.95,1000
4086,305.981,294.753,294.753,2.3593,11.228,75,14.25,32.94,1000
4086,306.056,294.829,294.829,2.3586,11.227,75,14.24,32.93,1000
4088,306.131,294.905,294.905,2.3578,11.227,75,14.23,32.92,1000
4089,306.206,294.98,294.98,2.357,11.226,75,14.22,32.91,1000
4090,306.281,295.056,295.056,2.3563,11.225,75,14.21,32.9,1000
4091,306.356,295.132,295.132,2.3555,11.224,75,14.2,32.89,1000
4092,306.431,295.208,295.208,2.3547,11.223,75,14.19,32.88,1000
4093,306.506,295.284,295.284,2.354,11.223,75,14.18,32.87,1000
4094,306.581,295.359,295.359,2.3532,11.222,75,14.17,32.86,1000
4094,306.656,295.435,295.435,2.3524,11.221,75,14.16,32.85,1000
4096,306.731,295.511,295.511,2.3516,11.22,75,14.15,32.83,1000
4097,306.806,295.587,295.587,2.3508,11.22,75,14.14,32.82,1000
4098,306.881,295.662,295.662,2.35,11.219,75,14.13,32.81,1000
4099,306.956,295.738,295.738,2.3492,11.218,75,14.12,32.8,1000
4100,307.031,295.814,295.814,2.3484,11.217,75,14.11,32.79,1000
4101,307.106,295.89,295.89,2.3476,11.216,75,14.1,32.78,1000
4102,307.181,295.966,295.966,2.3468,11.216,75,14.09,32.77,1000
4103,307.256,296.042,296.042,2.346,11.215,75,14.08,32.76,1000
4104,307.331,296.117,296.117,2.3451,11.214,75,14.07,32.74,1000
4105,307.406,296.193,296.193,2.3443,11.213,75,14.06,32.73,1000
4106,307.481,296.269,296.269,2.3435,11.212,75,14.05,32.72,1000
4107,307.556,296.345,296.345,2.3426,11.211,75,14.04,32.71,1000
4108,307.631,296.421,296.421,2.3418,11.211,75,14.03,32.7,1000
4109,307.706,296.497,296.497,2.3409,11.21,75,14.02,32.69,1000
4110,307.781,296.572,296.572,2.3401,11.209,75,14.01,32.67,1000
4111,307.856,296.648,296.648,2.3392,11.208,75,14.0,32.66,1000
4112,307.931,296.724,296.724,2.3384,11.207,75,13.98,32.65,1000
4113,308.006,296.8,296.8,2.3375,11.206,75,13.97,32.64,1000
4114,308.081,296.876,296.876,2.3366,11.205,75,13.96,32.63,1000
4115,308.156,296.952,296.952,2.3358,11.205,75,13.95,32.61,1000
4116,308.231,297.028,297.028,2.3349,11.204,75,13.94,32.6,1000
4117,308.306,297.104,297.104,2.334,11.203,75,13.93,32.59,1000
4118,308.381,297.179,297.179,2.3331,11.202,75,13.92,32.58,1000
4119,308.456,297.255,297.255,2.3322,11.201,75,13.91,32.56,1000
4120,308.531,297.331,297.331,2.3313,11.2,75,13.9,32.55,1000
4121,308.606,297.407,297.407,2.3304,11.199,75,13.88,32.54,1000
4122,308.681,297.483,297.483,2.3295,11.198,75,13.87,32.53,1000
4123,308.756,297.559,297.559,2.3286,11.197,75,13.86,32.51,1000
4124,308.831,297.635,297.635,2.3277,11.196,75,13.85,32.5,1000
4125,308.906,297.711,297.711,2.3268,11.196,75,13.84,32.49,1000
4126,308.981,297.787,297.787,2.3258,11.195,75,13.83,32.47,1000
4127,309.056,297.863,297.863,2.3249,11.194,75,13.82,32.46,1000
4128,309.131,297.939,297.939,2.324,11.193,75,13.8,32.45,1000
4129,309.206,298.014,298.014,2.3231,11.192,75,13.79,32.44,1000
4130,309.281,298.09,298.09,2.3221,11.191,75,13.78,32.42,1000
4131,309.356,298.166,298.166,2.3212,11.19,75,13.77,32.41,1000
4132,309.431,298.242,298.242,2.3202,11.189,75,13.76,32.4,1000
4133,309.506,298.318,298.318,2.3193,11.188,75,13.74,32.38,1000
4134,309.581,298.394,298.394,2.3183,11.187,75,13.73,32.37,1000
4135,309.656,298.47,298.47,2.3173,11.186,75,13.72,32.36,1000
4136,309.731,298.546,298.546,2.3164,11.185,75,13.71,32.34,1000
4137,309.806,298.622,298.622,2.3154,11.184,75,13.7,32.33,1000
4138,309.881,298.698,298.698,2.3144,11.183,75,13.68,32.32,1000
4139,309.956,298.774,298.774,2.3134,11.182,75,13.67,32.3,1000
4140,310.031,298.85,298.85,2.3125,11.181,75,13.66,32.29,1000
4141,310.106,298.926,298.926,2.3115,11.18,75,13.65,32.27,1000
4142,310.181,299.002,299.002,2.3105,11.179,75,13.63,32.26,1000
4143,310.256,299.078,299.078,2.3095,11.178,75,13.62,32.25,1000
4144,310.331,299.154,299.154,2.3085,11.177,75,13.61,32.23,1000
4145,310.406,299.23,299.23,2.3075,11.176,75,13.6,32.22,1000
4146,310.481,299.306,299.306,2.3065,11.175,75,13.58,32.2,1000
4147,310.556,299.382,299.382,2.3055,11.174,75,13.57,32.19,1000
4148,310.631,299.458,299.458,2.3044,11.173,75,13.56,32.18,1000
4149,310.706,299.534,299.534,2.3034,11.172,75,13.55,32.16,1000
4150,310.781,299.61,299.61,2.3024,11.171,75,13.53,32.15,1000
4151,310.856,299.686,299.686,2.3013,11.17,75,13.52,32.13,1000
4152,310.931,299.762,299.762,2.3003,11.169,75,13.51,32.12,1000
4153,311.006,299.838,299.838,2.2993,11.168,75,13.49,32.1,1000
4154,311.081,299.914,299.914,2.2982,11.167,75,13.48,32.09,1000
4155,311.156,299.99,299.99,2.2972,11.166,75,13.47,32.07,1000
4156,311.231,300.066,300.066,2.2961,11.165,75,13.45,32.06,1000
4157,311.306,300.142,300.142,2.2951,11.164,75,13.44,32.05,1000
4158,311.381,300.218,300.218,2.294,11.163,75,13.43,32.03,1000
4159,311.456,300.295,300.295,2.2929,11.162,75,13.41,32.02,1000
4160,311.531,300.371,300.371,2.2919,11.161,75,13.4,32.0,1000
4161,311.606,300.447,300.447,2.2908,11.16,75,13.39,31.99,1000
4162,311.681,300.523,300.523,2.2897,11.158,75,13.37,31.97,1000
4163,311.756,300.599,300.599,2.2886,11.157,75,13.36,31.96,1000
4164,311.831,300.675,300.675,2.2875,11.156,75,13.35,31.94,1000
4165,311.906,300.751,300.751,2.2865,11.155,75,13.33,31.92,1000
4166,311.981,300.827,300.827,2.2854,11.154,75,13.32,31.91,1000
4167,312.056,300.903,300.903,2.2843,11.153,75,13.3,31.89,1000
4168,312.131,300.979,300.979,2.2832,11.152,75,13.29,31.88,1000
4169,312.206,301.055,301.055,2.282,11.151,75,13.28,31.86,1000
4170,312.281,301.132,301.132,2.2809,11.15,75,13.26,31.85,1000
4171,312.356,301.208,301.208,2.2798,11.149,75,13.25,31.83,1000
4172,312.431,301.284,301.284,2.2787,11.147,75,13.23,31.82,1000
4173,312.506,301.36,301.36,2.2776,11.146,75,13.22,31.8,1000
4174,312.581,301.436,301.436,2.2764,11.145,75,13.21,31.79,1000
4175,312.656,301.512,301.512,2.2753,11.144,75,13.19,31.77,1000
4176,312.731,301.588,301.588,2.2742,11.143,75,13.18,31.75,1000
4177,312.806,301.664,301.664,2.273,11.142,75,13.16,31.74,1000
4178,312.881,301.741,301.741,2.2719,11.141,75,13.15,31.72,1000
4179,312.956,301.817,301.817,2.2707,11.139,75,13.13,31.71,1000
4180,313.031,301.893,301.893,2.2696,11.138,75,13.12,31.69,1000
4181,313.106,301.969,301.969,2.2684,11.137,75,13.11,31.67,1000
4182,313.181,302.045,302.045,2.2672,11.136,75,13.09,31.66,1000
4183,313.256,302.121,302.121,2.2661,11.135,75,13.08,31.64,1000
4184,313.331,302.198,302.198,2.2649,11.134,75,13.06,31.62,1000
4185,313.406,302.274,302.274,2.2637,11.132,75,13.05,31.61,1000
4186,313.481,302.35,302.35,2.2625,11.131,75,13.03,31.59,1000
4187,313.556,302.426,302.426,2.2614,11.13,75,13.02,31.57,1000
4188,313.631,302.502,302.502,2.2602,11.129,75,13.0,31.56,1000
4189,313.706,302.579,302.579,2.259,11.128,75,12.99,31.54,1000
4190,313.781,302.655,302.655,2.2578,11.127,75,12.97,31.52,1000
4191,313.856,302.731,302.731,2.2566,11.125,75,12.96,31.51,1000
4192,313.931,302.807,302.807,2.2554,11.124,75,12.94,31.49,1000
4193,314.006,302.883,302.883,2.2542,11.123,75,12.93,31.47,1000
4194,314.081,302.96,302.96,2.253,11.122,75,12.91,31.46,1000
4195,314.156,303.036,303.036,2.2517,11.12,75,12.9,31.44,1000
4196,314.231,303.112,303.112,2.2505,11.119,75,12.88,31.42,1000
4197,314.306,303.188,303.188,2.2493,11.118,75,12.87,31.41,1000
4198,314.381,303.264,303.264,2.2481,11.117,75,12.85,31.39,1000
4199,314.456,303.341,303.341,2.2468,11.116,75,12.83,31.37,1000
4200,314.531,303.417,303.417,2.2456,11.114,75,12.82,31.35,1000
4201,314.606,303.493,303.493,2.2444,11.113,75,12.8,31.34,1000
4202,314.681,303.569,303.569,2.2431,11.112,75,12.79,31.32,1000
4203,314.756,303.646,303.646,2.2419,11.111,75,12.77,31.3,1000
4204,314.831,303.722,303.722,2.2406,11.109,75,12.76,31.28,1000
4205,314.906,303.798,303.798,2.2393,11.108,75,12.74,31.27,1000
4206,314.981,303.874,303.874,2.2381,11.107,75,12.72,31.25,1000
4207,315.056,303.951,303.951,2.2368,11.106,75,12.71,31.23,1000
4208,315.131,304.027,304.027,2.2355,11.104,75,12.69,31.21,1000
4209,315.206,304.103,304.103,2.2343,11.103,75,12.68,31.2,1000
4210,315.281,304.18,304.18,2.233,11.102,75,12.66,31.18,1000
4211,315.356,304.256,304.256,2.2317,11.1,75,12.64,31.16,1000
4212,315.431,304.332,304.332,2.2304,11.099,75,12.63,31.14,1000
4213,315.506,304.408,304.408,2.2291,11.098,75,12.61,31.12,1000
4214,315.581,304.485,304.485,2.2278,11.097,75,12.6,31.11,1000
4215,315.656,304.561,304.561,2.2265,11.095,75,12.58,31.09,1000
4216,315.731,304.637,304.637,2.2252,11.094,75,12.56,31.07,1000
4217,315.806,304.714,304.714,2.2239,11.093,75,12.55,31.05,1000
4218,315.881,304.79,304.79,2.2226,11.091,75,12.53,31.03,1000
4219,315.956,304.866,304.866,2.2213,11.09,75,12.51,31.02,1000
4220,316.031,304.943,304.943,2.22,11.089,75,12.5,31.0,1000
4221,316.106,305.019,305.019,2.2187,11.087,75,12.48,30.98,1000
4222,316.181,305.095,305.095,2.2173,11.086,75,12.46,30.96,1000
4223,316.256,305.171,305.171,2.216,11.085,75,12.45,30.94,1000
4224,316.331,305.248,305.248,2.2147,11.083,75,12.43,30.92,1000
4225,316.406,305.324,305.324,2.2133,11.082,75,12.41,30.9,1000
4226,316.481,305.401,305.401,2.212,11.081,75,12.4,30.89,1000
4227,316.556,305.477,305.477,2.2107,11.079,75,12.38,30.87,1000
4228,316.631,305.553,305.553,2.2093,11.078,75,12.36,30.85,1000
4229,316.706,305.63,305.63,2.2079,11.077,75,12.35,30.83,1000
4230,316.781,305.706,305.706,2.2066,11.075,75,12.33,30.81,1000
4231,316.856,305.782,305.782,2.2052,11.074,75,12.31,30.79,1000
4232,316.931,305.859,305.859,2.2039,11.073,75,12.29,30.77,1000
4233,317.006,305.935,305.935,2.2025,11.071,75,12.28,30.75,1000
4234,317.081,306.011,306.011,2.2011,11.07,75,12.26,30.73,1000
4235,317.156,306.088,306.088,2.1997,11.068,75,12.24,30.71,1000
4236,317.231,306.164,306.164,2.1984,11.067,75,12.23,30.69,1000
4237,317.306,306.241,306.241,2.197,11.066,75,12.21,30.68,1000
4238,317.381,306.317,306.317,2.1956,11.064,75,12.19,30.66,1000
4239,317.456,306.393,306.393,2.1942,11.063,75,12.17,30.64,1000
4240,317.531,306.47,306.47,2.1928,11.062,75,12.16,30.62,1000
4241,317.606,306.546,306.546,2.1914,11.06,75,12.14,30.6,1000
4242,317.681,306.623,306.623,2.19,11.059,75,12.12,30.58,1000
4243,317.756,306.699,306.699,2.1886,11.057,75,12.1,30.56,1000
4244,317.831,306.775,306.775,2.1872,11.056,75,12.08,30.54,1000
4245,317.906,306.852,306.852,2.1858,11.055,75,12.07,30.52,1000
4246,317.981,306.928,306.928,2.1843,11.053,75,12.05,30.5,1000
4247,318.056,307.005,307.005,2.1829,11.052,75,12.03,30.48,1000
4248,318.131,307.081,307.081,2.1815,11.05,75,12.01,30.46,1000
4249,318.206,307.157,307.157,2.1801,11.049,75,12.0,30.44,1000
4250,318.281,307.234,307.234,2.1786,11.047,75,11.98,30.42,1000
4251,318.356,307.31,307.31,2.1772,11.046,75,11.96,30.4,1000
4252,318.431,307.387,307.387,2.1757,11.044,75,11.94,30.38,1000
4253,318.506,307.463,307.463,2.1743,11.043,75,11.92,30.36,1000
4254,318.581,307.54,307.54,2.1728,11.042,75,11.9,30.34,1000
4255,318.656,307.616,307.616,2.1714,11.04,75,11.89,30.32,1000
4256,318.731,307.693,307.693,2.1699,11.039,75,11.87,30.3,1000
4257,318.806,307.769,307.769,2.1685,11.037,75,11.85,30.28,1000
4258,318.881,307.846,307.846,2.167,11.036,75,11.83,30.26,1000
4259,318.956,307.922,307.922,2.1655,11.034,75,11.81,30.24,1000
4260,319.031,307.998,307.998,2.1641,11.033,75,11.79,30.22,1000
4261,319.106,308.075,308.075,2.1626,11.031,75,11.78,30.2,1000
4262,319.181,308.151,308.151,2.1611,11.03,75,11.76,30.17,1000
4263,319.256,308.228,308.228,2.1596,11.028,75,11.74,30.15,1000
4264,319.331,308.304,308.304,2.1581,11.027,75,11.72,30.13,1000
4265,319.406,308.381,308.381,2.1566,11.025,75,11.7,30.11,1000
4266,319.481,308.457,308.457,2.1551,11.024,75,11.68,30.09,1000
4267,319.556,308.534,308.534,2.1536,11.022,75,11.66,30.07,1000
4268,319.631,308.61,308.61,2.1521,11.021,75,11.64,30.05,1000
4269,319.706,308.687,308.687,2.1506,11.019,75,11.63,30.03,1000
4270,319.781,308.763,308.763,2.1491,11.018,75,11.61,30.01,1000
4271,319.856,308.84,308.84,2.1476,11.016,75,11.59,29.99,1000
4272,319.931,308.916,308.916,2.1461,11.015,75,11.57,29.97,1000
4273,320.006,308.993,308.993,2.1446,11.013,75,11.55,29.94,1000
4274,320.081,309.069,309.069,2.143,11.012,75,11.53,29.92,1000
4275,320.156,309.146,309.146,2.1415,11.01,75,11.51,29.9,1000
4276,320.231,309.223,309.223,2.14,11.009,75,11.49,29.88,1000
4277,320.306,309.299,309.299,2.1384,11.007,75,11.47,29.86,1000
4278,320.381,309.376,309.376,2.1369,11.006,75,11.45,29.84,1000
4279,320.456,309.452,309.452,2.1354,11.004,75,11.43,29.82,1000
4280,320.531,309.529,309.529,2.1338,11.003,75,11.41,29.79,1000
4281,320.606,309.605,309.605,2.1323,11.001,75,11.39,29.77,1000
4282,320.681,309.682,309.682,2.1307,10.999,75,11.38,29.75,1000
4283,320.756,309.758,309.758,2.1291,10.998,75,11.36,29.73,1000
4284,320.831,309.835,309.835,2.1276,10.996,75,11.34,29.71,1000
4285,320.906,309.911,309.911,2.126,10.995,75,11.32,29.68,1000
4286,320.981,309.988,309.988,2.1245,10.993,75,11.3,29.66,1000
4287,321.056,310.065,310.065,2.1229,10.992,75,11.28,29.64,1000
4288,321.131,310.141,310.141,2.1213,10.99,75,11.26,29.62,1000
4289,321.206,310.218,310.218,2.1197,10.988,75,11.24,29.6,1000
4290,321.281,310.294,310.294,2.1181,10.987,75,11.22,29.57,1000
4291,321.356,310.371,310.371,2.1166,10.985,75,11.2,29.55,1000
4292,321.431,310.448,310.448,2.115,10.984,75,11.18,29.53,1000
4293,321.506,310.524,310.524,2.1134,10.982,75,11.16,29.51,1000
4294,321.581,310.601,310.601,2.1118,10.981,75,11.14,29.49,1000
4295,321.656,310.677,310.677,2.1102,10.979,75,11.12,29.46,1000
4296,321.731,310.754,310.754,2.1086,10.977,75,11.1,29.44,1000
4297,321.806,310.831,310.831,2.107,10.976,75,11.08,29.42,1000
4298,321.881,310.907,310.907,2.1053,10.974,75,11.06,29.4,1000
4299,321.956,310.984,310.984,2.1037,10.972,75,11.04,29.37,1000
4300,322.031,311.06,311.06,2.1021,10.971,75,11.02,29.35,1000
4301,322.106,311.137,311.137,2.1005,10.969,75,11.0,29.33,1000
4302,322.181,311.214,311.214,2.0989,10.968,75,10.98,29.31,1000
4303,322.256,311.29,311.29,2.0972,10.966,75,10.95,29.28,1000
4304,322.331,311.367,311.367,2.0956,10.964,75,10.93,29.26,1000
4305,322.406,311.444,311.444,2.094,10.963,75,10.91,29.24,1000
4306,322.481,311.52,311.52,2.0923,10.961,75,10.89,29.21,1000
4307,322.556,311.597,311.597,2.0907,10.959,75,10.87,29.19,1000
4308,322.631,311.673,311.673,2.089,10.958,75,10.85,29.17,1000
4309,322.706,311.75,311.75,2.0874,10.956,75,10.83,29.15,1000
4310,322.781,311.827,311.827,2.0857,10.954,75,10.81,29.12,1000
4311,322.856,311.903,311.903,2.0841,10.953,75,10.79,29.1,1000
4312,322.931,311.98,311.98,2.0824,10.951,75,10.77,29.08,1000
4313,323.006,312.057,312.057,2.0808,10.95,75,10.75,29.05,1000
4314,323.081,312.133,312.133,2.0791,10.948,75,10.73,29.03,1000
4315,323.156,312.21,312.21,2.0774,10.946,75,10.71,29.01,1000
4316,323.231,312.287,312.287,2.0757,10.944,75,10.68,28.98,1000
4317,323.306,312.363,312.363,2.0741,10.943,75,10.66,28.96,1000
4318,323.381,312.44,312.44,2.0724,10.941,75,10.64,28.94,1000
4319,323.456,312.517,312.517,2.0707,10.939,75,10.62,28.91,1000
4320,323.531,312.593,312.593,2.069,10.938,75,10.6,28.89,1000
4321,323.606,312.67,312.67,2.0673,10.936,75,10.58,28.87,1000
4322,323.681,312.747,312.747,2.0656,10.934,75,10.56,28.84,1000
4323,323.756,312.824,312.824,2.0639,10.933,75,10.54,28.82,1000
4324,323.831,312.9,312.9,2.0622,10.931,75,10.51,28.79,1000
4325,323.906,312.977,312.977,2.0605,10.929,75,10.49,28.77,1000
4326,323.981,313.054,313.054,2.0588,10.928,75,10.47,28.75,1000
4327,324.056,313.13,313.13,2.0571,10.926,75,10.45,28.72,1000
4328,324.131,313.207,313.207,2.0554,10.924,75,10.43,28.7,1000
4329,324.206,313.284,313.284,2.0537,10.922,75,10.41,28.67,1000
4330,324.281,313.361,313.361,2.052,10.921,75,10.39,28.65,1000
4331,324.356,313.437,313.437,2.0502,10.919,75,10.36,28.63,1000
4332,324.431,313.514,313.514,2.0485,10.917,75,10.34,28.6,1000
4333,324.506,313.591,313.591,2.0468,10.916,75,10.32,28.58,1000
4334,324.581,313.667,313.667,2.045,10.914,75,10.3,28.55,1000
4335,324.656,313.744,313.744,2.0433,10.912,75,10.28,28.53,1000
4336,324.731,313.821,313.821,2.0416,10.91,75,10.26,28.51,1000
4337,324.806,313.898,313.898,2.0398,10.909,75,10.23,28.48,1000
4338,324.881,313.974,313.974,2.0381,10.907,75,10.21,28.46,1000
4339,324.956,314.051,314.051,2.0363,10.905,75,10.19,28.43,1000
4340,325.031,314.128,314.128,2.0346,10.903,75,10.17,28.41,1000
4341,325.106,314.205,314.205,2.0328,10.902,75,10.15,28.38,1000
4342,325.181,314.281,314.281,2.0311,10.9,75,10.12,28.36,1000
4343,325.256,314.358,314.358,2.0293,10.898,75,10.1,28.33,1000
4344,325.331,314.435,314.435,2.0275,10.896,75,10.08,28.31,1000
4345,325.406,314.512,314.512,2.0258,10.895,75,10.06,28.28,1000
4346,325.481,314.589,314.589,2.024,10.893,75,10.03,28.26,1000
4347,325.556,314.665,314.665,2.0222,10.891,75,10.01,28.24,1000
4348,325.631,314.742,314.742,2.0204,10.889,75,9.99,28.21,1000
4349,325.706,314.819,314.819,2.0186,10.887,75,9.97,28.19,1000
4350,325.781,314.896,314.896,2.0169,10.886,75,9.94,28.16,1000
4351,325.856,314.972,314.972,2.0151,10.884,75,9.92,28.14,1000
4352,325.931,315.049,315.049,2.0133,10.882,75,9.9,28.11,1000
4353,326.006,315.126,315.126,2.0115,10.88,75,9.88,28.09,1000
4354,326.081,315.203,315.203,2.0097,10.878,75,9.85,28.06,1000
4355,326.156,315.28,315.28,2.0079,10.877,75,9.83,28.04,1000
4356,326.231,315.356,315.356,2.0061,10.875,75,9.81,28.01,1000
4357,326.306,315.433,315.433,2.0043,10.873,75,9.79,27.98,1000
4358,326.381,315.51,315.51,2.0025,10.871,75,9.76,27.96,1000
4359,326.456,315.587,315.587,2.0006,10.869,75,9.74,27.93,1000
4360,326.531,315.664,315.664,1.9988,10.868,75,9.72,27.91,1000
4361,326.606,315.74,315.74,1.997,10.866,75,9.7,27.88,1000
4362,326.681,315.817,315.817,1.9952,10.864,75,9.67,27.86,1000
4363,326.756,315.894,315.894,1.9934,10.862,75,9.65,27.83,1000
4364,326.831,315.971,315.971,1.9915,10.86,75,9.63,27.81,1000
4365,326.906,316.048,316.048,1.9897,10.858,75,9.6,27.78,1000
4366,326.981,316.125,316.125,1.9879,10.857,75,9.58,27.76,1000
4367,327.056,316.201,316.201,1.986,10.855,75,9.56,27.73,1000
4368,327.131,316.278,316.278,1.9842,10.853,75,9.53,27.7,1000
4369,327.206,316.355,316.355,1.9823,10.851,75,9.51,27.68,1000
4370,327.281,316.432,316.432,1.9805,10.849,75,9.49,27.65,1000
4371,327.356,316.509,316.509,1.9786,10.847,75,9.46,27.63,1000
4372,327.431,316.586,316.586,1.9768,10.846,75,9.44,27.6,1000
4373,327.506,316.663,316.663,1.9749,10.844,75,9.42,27.58,1000
4374,327.581,316.739,316.739,1.9731,10.842,75,9.39,27.55,1000
4375,327.656,316.816,316.816,1.9712,10.84,75,9.37,27.52,1000
4376,327.731,316.893,316.893,1.9693,10.838,75,9.35,27.5,1000
4377,327.806,316.97,316.97,1.9675,10.836,75,9.32,27.47,1000
4378,327.881,317.047,317.047,1.9656,10.834,75,9.3,27.44,1000
4379,327.956,317.124,317.124,1.9637,10.832,75,9.28,27.42,1000
4380,328.031,317.201,317.201,1.9618,10.831,75,9.25,27.39,1000
4381,328.106,317.278,317.278,1.96,10.829,75,9.23,27.37,1000
4382,328.181,317.354,317.354,1.9581,10.827,75,9.21,27.34,1000
4383,328.256,317.431,317.431,1.9562,10.825,75,9.18,27.31,1000
4384,328.331,317.508,317.508,1.9543,10.823,75,9.16,27.29,1000
4385,328.406,317.585,317.585,1.9524,10.821,75,9.13,27.26,1000
4386,328.481,317.662,317.662,1.9505,10.819,75,9.11,27.23,1000
4387,328.556,317.739,317.739,1.9486,10.817,75,9.09,27.21,1000
4388,328.631,317.816,317.816,1.9467,10.815,75,9.06,27.18,1000
4389,328.706,317.893,317.893,1.9448,10.814,75,9.04,27.15,1000
4390,328.781,317.97,317.97,1.9429,10.812,75,9.02,27.13,1000
4391,328.856,318.047,318.047,1.941,10.81,75,8.99,27.1,1000
4392,328.931,318.123,318.123,1.9391,10.808,75,8.97,27.07,1000
4393,329.006,318.2,318.2,1.9372,10.806,75,8.94,27.05,1000
4394,329.081,318.277,318.277,1.9353,10.804,75,8.92,27.02,1000
4395,329.156,318.354,318.354,1.9333,10.802,75,8.89,26.99,1000
4396,329.231,318.431,318.431,1.9314,10.8,75,8.87,26.97,1000
4397,329.306,318.508,318.508,1.9295,10.798,75,8.85,26.94,1000
4398,329.381,318.585,318.585,1.9276,10.796,75,8.82,26.91,1000
4399,329.456,318.662,318.662,1.9256,10.794,75,8.8,26.89,1000
4400,329.531,318.739,318.739,1.9237,10.792,75,8.77,26.86,1000
4401,329.606,318.816,318.816,1.9217,10.79,75,8.75,26.83,1000
4402,329.681,318.893,318.893,1.9198,10.789,75,8.73,26.81,1000
4403,329.756,318.97,318.97,1.9179,10.787,75,8.7,26.78,1000
4404,329.831,319.047,319.047,1.9159,10.785,75,8.68,26.75,1000
4405,329.906,319.124,319.124,1.914,10.783,75,8.65,26.72,1000
4406,329.981,319.2,319.2,1.912,10.781,75,8.63,26.7,1000
4407,330.056,319.277,319.277,1.9101,10.779,75,8.6,26.67,1000
4408,330.131,319.354,319.354,1.9081,10.777,75,8.58,26.64,1000
4409,330.206,319.431,319.431,1.9061,10.775,75,8.55,26.61,1000
4410,330.281,319.508,319.508,1.9042,10.773,75,8.53,26.59,1000
4411,330.356,319.585,319.585,1.9022,10.771,75,8.5,26.56,1000
4412,330.431,319.662,319.662,1.9003,10.769,75,8.48,26.53,1000
4413,330.506,319.739,319.739,1.8983,10.767,75,8.45,26.51,1000
4414,330.581,319.816,319.816,1.8963,10.765,75,8.43,26.48,1000
4415,330.656,319.893,319.893,1.8943,10.763,75,8.4,26.45,1000
4416,330.731,319.97,319.97,1.8924,10.761,75,8.38,26.42,1000
4417,330.806,320.047,320.047,1.8904,10.759,75,8.36,26.39,1000
4418,330.881,320.124,320.124,1.8884,10.757,75,8.33,26.37,1000
4419,330.956,320.201,320.201,1.8864,10.755,75,8.31,26.34,1000
4420,331.031,320.278,320.278,1.8844,10.753,75,8.28,26.31,1000
4421,331.106,320.355,320.355,1.8824,10.751,75,8.26,26.28,1000
4422,331.181,320.432,320.432,1.8804,10.749,75,8.23,26.26,1000
4423,331.256,320.509,320.509,1.8784,10.747,75,8.21,26.23,1000
4424,331.331,320.586,320.586,1.8764,10.745,75,8.18,26.2,1000
4425,331.406,320.663,320.663,1.8744,10.743,75,8.15,26.17,1000
4426,331.481,320.74,320.74,1.8724,10.741,75,8.13,26.14,1000
4427,331.556,320.817,320.817,1.8704,10.739,75,8.1,26.12,1000
4428,331.631,320.894,320.894,1.8684,10.737,75,8.08,26.09,1000
4429,331.706,320.971,320.971,1.8664,10.735,75,8.05,26.06,1000
4430,331.781,321.048,321.048,1.8644,10.733,75,8.03,26.03,1000
4431,331.856,321.125,321.125,1.8624,10.731,75,8.0,26.0,1000
4432,331.931,321.202,321.202,1.8603,10.729,75,7.98,25.98,1000
4433,332.006,321.279,321.279,1.8583,10.727,75,7.95,25.95,1000
4434,332.081,321.356,321.356,1.8563,10.725,75,7.93,25.92,1000
4435,332.156,321.433,321.433,1.8543,10.723,75,7.9,25.89,1000
4436,332.231,321.51,321.51,1.8522,10.721,75,7.88,25.86,1000
4437,332.306,321.587,321.587,1.8502,10.719,75,7.85,25.83,1000
4438,332.381,321.664,321.664,1.8482,10.717,75,7.82,25.81,1000
4439,332.456,321.741,321.741,1.8461,10.715,75,7.8,25.78,1000
4440,332.531,321.818,321.818,1.8441,10.713,75,7.77,25.75,1000
4441,332.606,321.895,321.895,1.842,10.711,75,7.75,25.72,1000
4442,332.681,321.973,321.973,1.84,10.709,75,7.72,25.69,1000
4443,332.756,322.05,322.05,1.8379,10.707,75,7.7,25.66,1000
4444,332.831,322.127,322.127,1.8359,10.705,75,7.67,25.63,1000
4445,332.906,322.204,322.204,1.8338,10.703,75,7.64,25.61,1000
4446,332.981,322.281,322.281,1.8318,10.701,75,7.62,25.58,1000
4447,333.056,322.358,322.358,1.8297,10.698,75,7.59,25.55,1000
4448,333.131,322.435,322.435,1.8277,10.696,75,7.57,25.52,1000
4449,333.206,322.512,322.512,1.8256,10.694,75,7.54,25.49,1000
4450,333.281,322.589,322.589,1.8235,10.692,75,7.52,25.46,1000
4451,333.356,322.666,322.666,1.8215,10.69,75,7.49,25.43,1000
4452,333.431,322.743,322.743,1.8194,10.688,75,7.46,25.4,1000
4453,333.506,322.82,322.82,1.8173,10.686,75,7.44,25.37,1000
4454,333.581,322.897,322.897,1.8153,10.684,75,7.41,25.35,1000
4455,333.656,322.974,322.974,1.8132,10.682,75,7.39,25.32,1000
4456,333.731,323.051,323.051,1.8111,10.68,75,7.36,25.29,1000
4457,333.806,323.128,323.128,1.809,10.678,75,7.33,25.26,1000
4458,333.881,323.206,323.206,1.8069,10.676,75,7.31,25.23,1000
4459,333.956,323.283,323.283,1.8049,10.674,75,7.28,25.2,1000
4460,334.031,323.36,323.36,1.8028,10.672,75,7.25,25.17,1000
4461,334.106,323.437,323.437,1.8007,10.669,75,7.23,25.14,1000
4462,334.181,323.514,323.514,1.7986,10.667,75,7.2,25.11,1000
4463,334.256,323.591,323.591,1.7965,10.665,75,7.18,25.08,1000
4464,334.331,323.668,323.668,1.7944,10.663,75,7.15,25.05,1000
4465,334.406,323.745,323.745,1.7923,10.661,75,7.12,25.03,1000
4466,334.481,323.822,323.822,1.7902,10.659,75,7.1,25.0,1000
4467,334.556,323.899,323.899,1.7881,10.657,75,7.07,24.97,1000
4468,334.631,323.977,323.977,1.786,10.655,75,7.04,24.94,1000
4469,334.706,324.054,324.054,1.7839,10.653,75,7.02,24.91,1000
4470,334.781,324.131,324.131,1.7818,10.651,75,6.99,24.88,1000
4471,334.856,324.208,324.208,1.7796,10.648,75,6.96,24.85,1000
4472,334.931,324.285,324.285,1.7775,10.646,75,6.94,24.82,1000
4473,335.006,324.362,324.362,1.7754,10.644,75,6.91,24.79,1000
4474,335.081,324.439,324.439,1.7733,10.642,75,6.88,24.76,1000
4475,335.156,324.516,324.516,1.7712,10.64,75,6.86,24.73,1000
4476,335.231,324.593,324.593,1.769,10.638,75,6.83,24.7,1000
4477,335.306,324.671,324.671,1.7669,10.636,75,6.8,24.67,1000
4478,335.381,324.748,324.748,1.7648,10.634,75,6.78,24.64,1000
4479,335.456,324.825,324.825,1.7627,10.631,75,6.75,24.61,1000
4480,335.531,324.902,324.902,1.7605,10.629,75,6.72,24.58,1000
4481,335.606,324.979,324.979,1.7584,10.627,75,6.7,24.55,1000
4482,335.681,325.056,325.056,1.7562,10.625,75,6.67,24.52,1000
4483,335.756,325.133,325.133,1.7541,10.623,75,6.64,24.49,1000
4484,335.831,325.211,325.211,1.752,10.621,75,6.62,24.46,1000
4485,335.906,325.288,325.288,1.7498,10.619,75,6.59,24.43,1000
4486,335.981,325.365,325.365,1.7477,10.616,75,6.56,24.4,1000
4487,336.056,325.442,325.442,1.7455,10.614,75,6.53,24.37,1000
4488,336.131,325.519,325.519,1.7434,10.612,75,6.51,24.34,1000
4489,336.206,325.596,325.596,1.7412,10.61,75,6.48,24.31,1000
4490,336.281,325.673,325.673,1.7391,10.608,75,6.45,24.28,1000
4491,336.356,325.751,325.751,1.7369,10.606,75,6.43,24.25,1000
4492,336.431,325.828,325.828,1.7348,10.604,75,6.4,24.22,1000
4493,336.506,325.905,325.905,1.7326,10.601,75,6.37,24.19,1000
4494,336.581,325.982,325.982,1.7304,10.599,75,6.35,24.16,1000
4495,336.656,326.059,326.059,1.7283,10.597,75,6.32,24.13,1000
4496,336.731,326.136,326.136,1.7261,10.595,75,6.29,24.1,1000
4497,336.806,326.214,326.214,1.7239,10.593,75,6.26,24.07,1000
4498,336.881,326.291,326.291,1.7218,10.591,75,6.24,24.04,1000
4499,336.956,326.368,326.368,1.7196,10.588,75,6.21,24.01,1000
4500,337.031,326.445,326.445,1.7174,10.586,75,6.18,23.98,1000
4501,337.106,326.522,326.522,1.7152,10.584,75,6.15,23.95,1000
4502,337.181,326.599,326.599,1.7131,10.582,75,6.13,23.92,1000
4503,337.256,326.677,326.677,1.7109,10.58,75,6.1,23.89,1000
4504,337.331,326.754,326.754,1.7087,10.577,75,6.07,23.86,1000
4505,337.406,326.831,326.831,1.7065,10.575,75,6.04,23.83,1000
4506,337.481,326.908,326.908,1.7043,10.573,75,6.02,23.8,1000
4507,337.556,326.985,326.985,1.7021,10.571,75,5.99,23.77,1000
4508,337.631,327.063,327.063,1.7,10.569,75,5.96,23.74,1000
4509,337.706,327.14,327.14,1.6978,10.567,75,5.93,23.71,1000
4510,337.781,327.217,327.217,1.6956,10.564,75,5.91,23.67,1000
4511,337.856,327.294,327.294,1.6934,10.562,75,5.88,23.64,1000
4512,337.931,327.371,327.371,1.6912,10.56,75,5.85,23.61,1000
4513,338.006,327.449,327.449,1.689,10.558,75,5.82,23.58,1000
4514,338.081,327.526,327.526,1.6868,10.556,75,5.8,23.55,1000
4515,338.156,327.603,327.603,1.6846,10.553,75,5.77,23.52,1000
4516,338.231,327.68,327.68,1.6824,10.551,75,5.74,23.49,1000
4517,338.306,327.757,327.757,1.6802,10.549,75,5.71,23.46,1000
4518,338.381,327.835,327.835,1.678,10.547,75,5.69,23.43,1000
4519,338.456,327.912,327.912,1.6757,10.544,75,5.66,23.4,1000
4520,338.531,327.989,327.989,1.6735,10.542,75,5.63,23.37,1000
4521,338.606,328.066,328.066,1.6713,10.54,75,5.6,23.34,1000
4522,338.681,328.143,328.143,1.6691,10.538,75,5.57,23.31,1000
4523,338.756,328.221,328.221,1.6669,10.536,75,5.55,23.27,1000
4524,338.831,328.298,328.298,1.6647,10.533,75,5.52,23.24,1000
4525,338.906,328.375,328.375,1.6625,10.531,75,5.49,23.21,1000
4526,338.981,328.452,328.452,1.6602,10.529,75,5.46,23.18,1000
4527,339.056,328.529,328.529,1.658,10.527,75,5.44,23.15,1000
4528,339.131,328.607,328.607,1.6558,10.525,75,5.41,23.12,1000
4529,339.206,328.684,328.684,1.6536,10.522,75,5.38,23.09,1000
4530,339.281,328.761,328.761,1.6513,10.52,75,5.35,23.06,1000
4531,339.356,328.838,328.838,1.6491,10.518,75,5.32,23.03,1000
4532,339.431,328.916,328.916,1.6469,10.516,75,5.3,22.99,1000
4533,339.506,328.993,328.993,1.6446,10.513,75,5.27,22.96,1000
4534,339.581,329.07,329.07,1.6424,10.511,75,5.24,22.93,1000
4535,339.656,329.147,329.147,1.6401,10.509,75,5.21,22.9,1000
4536,339.731,329.225,329.225,1.6379,10.507,75,5.18,22.87,1000
4537,339.806,329.302,329.302,1.6357,10.504,75,5.15,22.84,1000
4538,339.881,329.379,329.379,1.6334,10.502,75,5.13,22.81,1000
4539,339.956,329.456,329.456,1.6312,10.5,75,5.1,22.78,1000
4540,340.031,329.534,329.534,1.6289,10.498,75,5.07,22.74,1000
4541,340.106,329.611,329.611,1.6267,10.495,75,5.04,22.71,1000
4542,340.181,329.688,329.688,1.6244,10.493,75,5.01,22.68,1000
4543,340.256,329.765,329.765,1.6222,10.491,75,4.99,22.65,1000
4544,340.331,329.843,329.843,1.6199,10.489,75,4.96,22.62,1000
4545,340.406,329.92,329.92,1.6177,10.486,75,4.93,22.59,1000
4546,340.481,329.997,329.997,1.6154,10.484,75,4.9,22.56,1000
4547,340.556,330.074,330.074,1.6132,10.482,75,4.87,22.52,1000
4548,340.631,330.152,330.152,1.6109,10.48,75,4.84,22.49,1000
4549,340.706,330.229,330.229,1.6087,10.477,75,4.81,22.46,1000
4550,340.781,330.306,330.306,1.6064,10.475,75,4.79,22.43,1000
4551,340.856,330.383,330.383,1.6041,10.473,75,4.76,22.4,1000
4552,340.931,330.461,330.461,1.6019,10.471,75,4.73,22.37,1000
4553,341.006,330.538,330.538,1.5996,10.468,75,4.7,22.33,1000
4554,341.081,330.615,330.615,1.5973,10.466,75,4.67,22.3,1000
4555,341.156,330.692,330.692,1.5951,10.464,75,4.64,22.27,1000
4556,341.231,330.77,330.77,1.5928,10.462,75,4.62,22.24,1000
4557,341.306,330.847,330.847,1.5905,10.459,75,4.59,22.21,1000
4558,341.381,330.924,330.924,1.5882,10.457,75,4.56,22.18,1000
4559,341.456,331.002,331.002,1.586,10.455,75,4.53,22.14,1000
4560,341.531,331.079,331.079,1.5837,10.452,75,4.5,22.11,1000
4561,341.606,331.156,331.156,1.5814,10.45,75,4.47,22.08,1000
4562,341.681,331.233,331.233,1.5791,10.448,75,4.44,22.05,1000
4563,341.756,331.311,331.311,1.5769,10.446,75,4.42,22.02,1000
4564,341.831,331.388,331.388,1.5746,10.443,75,4.39,21.99,1000
4565,341.906,331.465,331.465,1.5723,10.441,75,4.36,21.95,1000
4566,341.981,331.543,331.543,1.57,10.439,75,4.33,21.92,1000
4567,342.056,331.62,331.62,1.5677,10.436,75,4.3,21.89,1000
4568,342.131,331.697,331.697,1.5654,10.434,75,4.27,21.86,1000
4569,342.206,331.774,331.774,1.5631,10.432,75,4.24,21.83,1000
4570,342.281,331.852,331.852,1.5608,10.43,75,4.21,21.79,1000
4571,342.356,331.929,331.929,1.5586,10.427,75,4.19,21.76,1000
4572,342.431,332.006,332.006,1.5563,10.425,75,4.16,21.73,1000
4573,342.506,332.084,332.084,1.554,10.423,75,4.13,21.7,1000
4574,342.581,332.161,332.161,1.5517,10.42,75,4.1,21.67,1000
4575,342.656,332.238,332.238,1.5494,10.418,75,4.07,21.63,1000
4576,342.731,332.315,332.315,1.5471,10.416,75,4.04,21.6,1000
4577,342.806,332.393,332.393,1.5448,10.414,75,4.01,21.57,1000
4578,342.881,332.47,332.47,1.5425,10.411,75,3.98,21.54,1000
4579,342.956,332.547,332.547,1.5402,10.409,75,3.95,21.5,1000
4580,343.031,332.625,332.625,1.5379,10.407,75,3.93,21.47,1000
4581,343.106,332.702,332.702,1.5356,10.404,75,3.9,21.44,1000
4582,343.181,332.779,332.779,1.5333,10.402,75,3.87,21.41,1000
4583,343.256,332.857,332.857,1.531,10.4,75,3.84,21.38,1000
4584,343.331,332.934,332.934,1.5286,10.397,75,3.81,21.34,1000
4585,343.406,333.011,333.011,1.5263,10.395,75,3.78,21.31,1000
4586,343.481,333.088,333.088,1.524,10.393,75,3.75,21.28,1000
4587,343.556,333.166,333.166,1.5217,10.39,75,3.72,21.25,1000
4588,343.631,333.243,333.243,1.5194,10.388,75,3.69,21.21,1000
4589,343.706,333.32,333.32,1.5171,10.386,75,3.66,21.18,1000
4590,343.781,333.398,333.398,1.5148,10.384,75,3.64,21.15,1000
4591,343.856,333.475,333.475,1.5124,10.381,75,3.61,21.12,1000
4592,343.931,333.552,333.552,1.5101,10.379,75,3.58,21.09,1000
4593,344.006,333.63,333.63,1.5078,10.377,75,3.55,21.05,1000
4594,344.081,333.707,333.707,1.5055,10.374,75,3.52,21.02,1000
4595,344.156,333.784,333.784,1.5032,10.372,75,3.49,20.99,1000
4596,344.231,333.862,333.862,1.5008,10.37,75,3.46,20.96,1000
4597,344.306,333.939,333.939,1.4985,10.367,75,3.43,20.92,1000
4598,344.381,334.016,334.016,1.4962,10.365,75,3.4,20.89,1000
4599,344.456,334.094,334.094,1.4939,10.363,75,3.37,20.86,1000
4600,344.531,334.171,334.171,1.4915,10.36,75,3.34,20.83,1000
4601,344.606,334.248,334.248,1.4892,10.358,75,3.31,20.79,1000
4602,344.681,334.326,334.326,1.4869,10.356,75,3.28,20.76,1000
4603,344.756,334.403,334.403,1.4846,10.353,75,3.26,20.73,1000
4604,344.831,334.48,334.48,1.4822,10.351,75,3.23,20.7,1000
4605,344.906,334.558,334.558,1.4799,10.349,75,3.2,20.66,1000
4606,344.981,334.635,334.635,1.4776,10.346,75,3.17,20.63,1000
4607,345.056,334.712,334.712,1.4752,10.344,75,3.14,20.6,1000
4608,345.131,334.79,334.79,1.4729,10.342,75,3.11,20.57,1000
4609,345.206,334.867,334.867,1.4706,10.339,75,3.08,20.53,1000
4610,345.281,334.944,334.944,1.4682,10.337,75,3.05,20.5,1000
4611,345.356,335.022,335.022,1.4659,10.335,75,3.02,20.47,1000
4612,345.431,335.099,335.099,1.4635,10.332,75,2.99,20.43,1000
4613,345.506,335.176,335.176,1.4612,10.33,75,2.96,20.4,1000
4614,345.581,335.254,335.254,1.4589,10.328,75,2.93,20.37,1000
4615,345.656,335.331,335.331,1.4565,10.325,75,2.9,20.34,1000
4616,345.731,335.408,335.408,1.4542,10.323,75,2.87,20.3,1000
4617,345.806,335.486,335.486,1.4518,10.321,75,2.84,20.27,1000
4618,345.881,335.563,335.563,1.4495,10.318,75,2.81,20.24,1000
4619,345.956,335.64,335.64,1.4471,10.316,75,2.79,20.21,1000
4620,346.031,335.718,335.718,1.4448,10.314,75,2.76,20.17,1000
4621,346.106,335.795,335.795,1.4425,10.311,75,2.73,20.14,1000
4622,346.181,335.872,335.872,1.4401,10.309,75,2.7,20.11,1000
4623,346.256,335.95,335.95,1.4378,10.307,75,2.67,20.07,1000
4624,346.331,336.027,336.027,1.4354,10.304,75,2.64,20.04,1000
4625,346.406,336.104,336.104,1.4331,10.302,75,2.61,20.01,1000
4626,346.481,336.182,336.182,1.4307,10.299,75,2.58,19.98,1000
4627,346.556,336.259,336.259,1.4284,10.297,75,2.55,19.94,1000
4628,346.631,336.336,336.336,1.426,10.295,75,2.52,19.91,1000
4629,346.706,336.414,336.414,1.4236,10.292,75,2.49,19.88,1000
4630,346.781,336.491,336.491,1.4213,10.29,75,2.46,19.84,1000
4631,346.856,336.569,336.569,1.4189,10.288,75,2.43,19.81,1000
4632,346.931,336.646,336.646,1.4166,10.285,75,2.4,19.78,1000
4633,347.006,336.723,336.723,1.4142,10.283,75,2.37,19.75,1000
4634,347.081,336.801,336.801,1.4119,10.281,75,2.34,19.71,1000
4635,347.156,336.878,336.878,1.4095,10.278,75,2.31,19.68,1000
4636,347.231,336.955,336.955,1.4071,10.276,75,2.28,19.65,1000
4637,347.306,337.033,337.033,1.4048,10.274,75,2.25,19.61,1000
4638,347.381,337.11,337.11,1.4024,10.271,75,2.22,19.58,1000
4639,347.456,337.187,337.187,1.4001,10.269,75,2.19,19.55,1000
4640,347.531,337.265,337.265,1.3977,10.266,75,2.16,19.52,1000
4641,347.606,337.342,337.342,1.3953,10.264,75,2.13,19.48,1000
4642,347.681,337.42,337.42,1.393,10.262,75,2.1,19.45,1000
4643,347.756,337.497,337.497,1.3906,10.259,75,2.07,19.42,1000
4644,347.831,337.574,337.574,1.3883,10.257,75,2.05,19.38,1000
4645,347.906,337.652,337.652,1.3859,10.255,75,2.02,19.35,1000
4646,347.981,337.729,337.729,1.3835,10.252,75,1.99,19.32,1000
4647,348.056,337.806,337.806,1.3812,10.25,75,1.96,19.28,1000
4648,348.131,337.884,337.884,1.3788,10.248,75,1.93,19.25,1000
4649,348.206,337.961,337.961,1.3764,10.245,75,1.9,19.22,1000
4650,348.281,338.038,338.038,1.374,10.243,75,1.87,19.19,1000
4651,348.356,338.116,338.116,1.3717,10.24,75,1.84,19.15,1000
4652,348.431,338.193,338.193,1.3693,10.238,75,1.81,19.12,1000
4653,348.506,338.271,338.271,1.3669,10.236,75,1.78,19.09,1000
4654,348.581,338.348,338.348,1.3646,10.233,75,1.75,19.05,1000
4655,348.656,338.425,338.425,1.3622,10.231,75,1.72,19.02,1000
4656,348.731,338.503,338.503,1.3598,10.229,75,1.69,18.99,1000
4657,348.806,338.58,338.58,1.3575,10.226,75,1.66,18.95,1000
4658,348.881,338.657,338.657,1.3551,10.224,75,1.63,18.92,1000
4659,348.956,338.735,338.735,1.3527,10.221,75,1.6,18.89,1000
4660,349.031,338.812,338.812,1.3503,10.219,75,1.57,18.85,1000
4661,349.106,338.89,338.89,1.348,10.217,75,1.54,18.82,1000
4662,349.181,338.967,338.967,1.3456,10.214,75,1.51,18.79,1000
4663,349.256,339.044,339.044,1.3432,10.212,75,1.48,18.75,1000
4664,349.331,339.122,339.122,1.3408,10.21,75,1.45,18.72,1000
4665,349.406,339.199,339.199,1.3385,10.207,75,1.42,18.69,1000
4666,349.481,339.276,339.276,1.3361,10.205,75,1.39,18.66,1000
4667,349.556,339.354,339.354,1.3337,10.202,75,1.36,18.62,1000
4668,349.631,339.431,339.431,1.3313,10.2,75,1.33,18.59,1000
4669,349.706,339.509,339.509,1.3289,10.198,75,1.3,18.56,1000
4670,349.781,339.586,339.586,1.3266,10.195,75,1.27,18.52,1000
4671,349.856,339.663,339.663,1.3242,10.193,75,1.24,18.49,1000
4672,349.931,339.741,339.741,1.3218,10.191,75,1.21,18.46,1000
4673,350.006,339.818,339.818,1.3194,10.188,75,1.18,18.42,1000
4674,350.081,339.895,339.895,1.317,10.186,75,1.15,18.39,1000
4675,350.156,339.973,339.973,1.3147,10.183,75,1.12,18.36,1000
4676,350.231,340.05,340.05,1.3123,10.181,75,1.09,18.32,1000
4677,350.306,340.128,340.128,1.3099,10.179,75,1.06,18.29,1000
4678,350.381,340.205,340.205,1.3075,10.176,75,1.03,18.26,1000
4679,350.456,340.282,340.282,1.3051,10.174,75,1.0,18.22,1000
4680,350.531,340.36,340.36,1.3028,10.172,75,0.97,18.19,1000
4681,350.606,340.437,340.437,1.3004,10.169,75,0.94,18.16,1000
4682,350.681,340.515,340.515,1.298,10.167,75,0.91,18.12,1000
4683,350.756,340.592,340.592,1.2956,10.164,75,0.88,18.09,1000
4684,350.831,340.669,340.669,1.2932,10.162,75,0.85,18.06,1000
4685,350.906,340.747,340.747,1.2908,10.16,75,0.82,18.02,1000
4686,350.981,340.824,340.824,1.2885,10.157,75,0.79,17.99,1000
4687,351.056,340.901,340.901,1.2861,10.155,75,0.76,17.96,1000
4688,351.131,340.979,340.979,1.2837,10.152,75,0.73,17.92,1000
4689,351.206,341.056,341.056,1.2813,10.15,75,0.7,17.89,1000
4690,351.281,341.134,341.134,1.2789,10.148,75,0.67,17.86,1000
4691,351.356,341.211,341.211,1.2765,10.145,75,0.64,17.82,1000
4692,351.431,341.288,341.288,1.2742,10.143,75,0.61,17.79,1000
4693,351.506,341.366,341.366,1.2718,10.141,75,0.58,17.76,1000
4694,351.581,341.443,341.443,1.2694,10.138,75,0.55,17.72,1000
4695,351.656,341.521,341.521,1.267,10.136,75,0.52,17.69,1000
4696,351.731,341.598,341.598,1.2646,10.133,75,0.49,17.66,1000
4697,351.806,341.675,341.675,1.2622,10.131,75,0.46,17.62,1000
4698,351.881,341.753,341.753,1.2598,10.129,75,0.43,17.59,1000
4699,351.956,341.83,341.83,1.2575,10.126,75,0.4,17.56,1000
4700,352.031,341.907,341.907,1.2551,10.124,75,0.37,17.52,1000
4701,352.106,341.985,341.985,1.2527,10.121,75,0.34,17.49,1000
4702,352.181,342.062,342.062,1.2503,10.119,75,0.31,17.46,1000
4703,352.256,342.14,342.14,1.2479,10.117,75,0.28,17.42,1000
4704,352.331,342.217,342.217,1.2455,10.114,75,0.25,17.39,1000
4705,352.406,342.294,342.294,1.2431,10.112,75,0.22,17.36,1000
4706,352.481,342.372,342.372,1.2407,10.109,75,0.19,17.32,1000
4707,352.556,342.449,342.449,1.2384,10.107,75,0.16,17.29,1000
4708,352.631,342.527,342.527,1.236,10.105,75,0.13,17.26,1000
4709,352.706,342.604,342.604,1.2336,10.102,75,0.1,17.22,1000
4710,352.781,342.681,342.681,1.2312,10.1,75,0.07,17.19,1000
4711,352.856,342.759,342.759,1.2288,10.098,75,0.04,17.16,1000
4712,352.931,342.836,342.836,1.2264,10.095,75,0.01,17.12,1000
4713,353.006,342.913,342.913,1.224,10.093,75,-0.02,17.09,1000
4714,353.081,342.991,342.991,1.2216,10.09,75,-0.05,17.06,1000
4715,353.156,343.068,343.068,1.2193,10.088,75,-0.08,17.02,1000
4716,353.231,343.146,343.146,1.2169,10.086,75,-0.11,16.99,1000
4717,353.306,343.223,343.223,1.2145,10.083,75,-0.14,16.96,1000
4718,353.381,343.3,343.3,1.2121,10.081,75,-0.17,16.92,1000
4719,353.456,343.378,343.378,1.2097,10.078,75,-0.2,16.89,1000
4720,353.531,343.455,343.455,1.2073,10.076,75,-0.23,16.86,1000
4721,353.606,343.533,343.533,1.2049,10.074,75,-0.26,16.82,1000
4722,353.681,343.61,343.61,1.2025,10.071,75,-0.29,16.79,1000
4723,353.756,343.687,343.687,1.2002,10.069,75,-0.32,16.76,1000
4724,353.831,343.765,343.765,1.1978,10.067,75,-0.35,16.72,1000
4725,353.906,343.842,343.842,1.1954,10.064,75,-0.38,16.69,1000
4726,353.981,343.919,343.919,1.193,10.062,75,-0.41,16.66,1000
4727,354.056,343.997,343.997,1.1906,10.059,75,-0.44,16.62,1000
4728,354.131,344.074,344.074,1.1882,10.057,75,-0.47,16.59,1000
4729,354.206,344.152,344.152,1.1858,10.055,75,-0.5,16.56,1000
4730,354.281,344.229,344.229,1.1835,10.052,75,-0.53,16.52,1000
4731,354.356,344.306,344.306,1.1811,10.05,75,-0.56,16.49,1000
4732,354.431,344.384,344.384,1.1787,10.047,75,-0.59,16.46,1000
4733,354.506,344.461,344.461,1.1763,10.045,75,-0.62,16.42,1000
4734,354.581,344.539,344.539,1.1739,10.043,75,-0.65,16.39,1000
4735,354.656,344.616,344.616,1.1715,10.04,75,-0.68,16.36,1000
4736,354.731,344.693,344.693,1.1691,10.038,75,-0.71,16.32,1000
4737,354.806,344.771,344.771,1.1668,10.036,75,-0.74,16.29,1000
4738,354.881,344.848,344.848,1.1644,10.033,75,-0.77,16.26,1000
4739,354.956,344.926,344.926,1.162,10.031,75,-0.8,16.22,1000
4740,355.031,345.003,345.003,1.1596,10.028,75,-0.83,16.19,1000
4741,355.106,345.08,345.08,1.1572,10.026,75,-0.86,16.16,1000
4742,355.181,345.158,345.158,1.1548,10.024,75,-0.89,16.12,1000
4743,355.256,345.235,345.235,1.1525,10.021,75,-0.92,16.09,1000
4744,355.331,345.312,345.312,1.1501,10.019,75,-0.95,16.06,1000
4745,355.406,345.39,345.39,1.1477,10.016,75,-0.98,16.02,1000
4746,355.481,345.467,345.467,1.1453,10.014,75,-1.01,15.99,1000
4747,355.556,345.545,345.545,1.1429,10.012,75,-1.04,15.96,1000
4748,355.631,345.622,345.622,1.1405,10.009,75,-1.07,15.93,1000
4749,355.706,345.699,345.699,1.1382,10.007,75,-1.1,15.89,1000
4750,355.781,345.777,345.777,1.1358,10.005,75,-1.13,15.86,1000
4751,355.856,345.854,345.854,1.1334,10.002,75,-1.16,15.83,1000
4752,355.931,345.931,345.931,1.131,10.0,75,-1.19,15.79,1000
4753,356.006,346.009,346.009,1.1286,9.997,75,-1.22,15.76,1000
4754,356.081,346.086,346.086,1.1263,9.995,75,-1.25,15.73,1000
4755,356.156,346.164,346.164,1.1239,9.993,75,-1.28,15.69,1000
4756,356.231,346.241,346.241,1.1215,9.99,75,-1.31,15.66,1000
4757,356.306,346.318,346.318,1.1191,9.988,75,-1.34,15.63,1000
4758,356.381,346.396,346.396,1.1168,9.986,75,-1.37,15.59,1000
4759,356.456,346.473,346.473,1.1144,9.983,75,-1.4,15.56,1000
4760,356.531,346.55,346.55,1.112,9.981,75,-1.43,15.53,1000
4761,356.606,346.628,346.628,1.1096,9.978,75,-1.46,15.49,1000
4762,356.681,346.705,346.705,1.1072,9.976,75,-1.49,15.46,1000
4763,356.756,346.783,346.783,1.1049,9.974,75,-1.52,15.43,1000
4764,356.831,346.86,346.86,1.1025,9.971,75,-1.55,15.39,1000
4765,356.906,346.937,346.937,1.1001,9.969,75,-1.58,15.36,1000
4766,356.981,347.015,347.015,1.0978,9.967,75,-1.61,15.33,1000
4767,357.056,347.092,347.092,1.0954,9.964,75,-1.64,15.29,1000
4768,357.131,347.169,347.169,1.093,9.962,75,-1.66,15.26,1000
4769,357.206,347.247,347.247,1.0906,9.959,75,-1.69,15.23,1000
4770,357.281,347.324,347.324,1.0883,9.957,75,-1.72,15.19,1000
4771,357.356,347.402,347.402,1.0859,9.955,75,-1.75,15.16,1000
4772,357.431,347.479,347.479,1.0835,9.952,75,-1.78,15.13,1000
4773,357.506,347.556,347.556,1.0811,9.95,75,-1.81,15.1,1000
4774,357.581,347.634,347.634,1.0788,9.948,75,-1.84,15.06,1000
4775,357.656,347.711,347.711,1.0764,9.945,75,-1.87,15.03,1000
4776,357.731,347.788,347.788,1.074,9.943,75,-1.9,15.0,1000
4777,357.806,347.866,347.866,1.0717,9.94,75,-1.93,14.96,1000
4778,357.881,347.943,347.943,1.0693,9.938,75,-1.96,14.93,1000
4779,357.956,348.021,348.021,1.0669,9.936,75,-1.99,14.9,1000
4780,358.031,348.098,348.098,1.0646,9.933,75,-2.02,14.86,1000
4781,358.106,348.175,348.175,1.0622,9.931,75,-2.05,14.83,1000
4782,358.181,348.253,348.253,1.0598,9.929,75,-2.08,14.8,1000
4783,358.256,348.33,348.33,1.0575,9.926,75,-2.11,14.77,1000
4784,358.331,348.407,348.407,1.0551,9.924,75,-2.14,14.73,1000
4785,358.406,348.485,348.485,1.0528,9.922,75,-2.17,14.7,1000
4786,358.481,348.562,348.562,1.0504,9.919,75,-2.2,14.67,1000
4787,358.556,348.639,348.639,1.048,9.917,75,-2.23,14.63,1000
4788,358.631,348.717,348.717,1.0457,9.914,75,-2.26,14.6,1000
4789,358.706,348.794,348.794,1.0433,9.912,75,-2.29,14.57,1000
4790,358.781,348.872,348.872,1.041,9.91,75,-2.32,14.53,1000
4791,358.856,348.949,348.949,1.0386,9.907,75,-2.35,14.5,1000
4792,358.931,349.026,349.026,1.0362,9.905,75,-2.38,14.47,1000
4793,359.006,349.104,349.104,1.0339,9.903,75,-2.41,14.44,1000
4794,359.081,349.181,349.181,1.0315,9.9,75,-2.44,14.4,1000
4795,359.156,349.258,349.258,1.0292,9.898,75,-2.47,14.37,1000
4796,359.231,349.336,349.336,1.0268,9.896,75,-2.5,14.34,1000
4797,359.306,349.413,349.413,1.0245,9.893,75,-2.53,14.3,1000
4798,359.381,349.49,349.49,1.0221,9.891,75,-2.56,14.27,1000
4799,359.456,349.568,349.568,1.0198,9.889,75,-2.59,14.24,1000
4800,359.531,349.645,349.645,1.0174,9.886,75,-2.61,14.21,1000
4801,359.606,349.722,349.722,1.0151,9.884,75,-2.64,14.17,1000
4802,359.681,349.8,349.8,1.0127,9.881,75,-2.67,14.14,1000
4803,359.756,349.877,349.877,1.0104,9.879,75,-2.7,14.11,1000
4804,359.831,349.954,349.954,1.008,9.877,75,-2.73,14.07,1000
4805,359.906,350.032,350.032,1.0057,9.874,75,-2.76,14.04,1000
4806,359.981,350.109,350.109,1.0033,9.872,75,-2.79,14.01,1000
4807,360.056,350.187,350.187,1.001,9.87,75,-2.82,13.98,1000
4808,360.131,350.264,350.264,0.9986,9.867,75,-2.85,13.94,1000
4809,360.206,350.341,350.341,0.9963,9.865,75,-2.88,13.91,1000
4810,360.281,350.419,350.419,0.9939,9.863,75,-2.91,13.88,1000
4811,360.356,350.496,350.496,0.9916,9.86,75,-2.94,13.85,1000
4812,360.431,350.573,350.573,0.9893,9.858,75,-2.97,13.81,1000
4813,360.506,350.651,350.651,0.9869,9.856,75,-3.0,13.78,1000
4814,360.581,350.728,350.728,0.9846,9.853,75,-3.03,13.75,1000
4815,360.656,350.805,350.805,0.9822,9.851,75,-3.06,13.71,1000
4816,360.731,350.883,350.883,0.9799,9.849,75,-3.09,13.68,1000
4817,360.806,350.96,350.96,0.9776,9.846,75,-3.12,13.65,1000
4818,360.881,351.037,351.037,0.9752,9.844,75,-3.14,13.62,1000
4819,360.956,351.115,351.115,0.9729,9.842,75,-3.17,13.58,1000
4820,361.031,351.192,351.192,0.9706,9.839,75,-3.2,13.55,1000
4821,361.106,351.269,351.269,0.9682,9.837,75,-3.23,13.52,1000
4822,361.181,351.347,351.347,0.9659,9.835,75,-3.26,13.49,1000
4823,361.256,351.424,351.424,0.9636,9.832,75,-3.29,13.45,1000
4824,361.331,351.501,351.501,0.9612,9.83,75,-3.32,13.42,1000
4825,361.406,351.579,351.579,0.9589,9.828,75,-3.35,13.39,1000
4826,361.481,351.656,351.656,0.9566,9.825,75,-3.38,13.36,1000
4827,361.556,351.733,351.733,0.9543,9.823,75,-3.41,13.32,1000
4828,361.631,351.811,351.811,0.9519,9.821,75,-3.44,13.29,1000
4829,361.706,351.888,351.888,0.9496,9.818,75,-3.47,13.26,1000
4830,361.781,351.965,351.965,0.9473,9.816,75,-3.5,13.23,1000
4831,361.856,352.043,352.043,0.945,9.814,75,-3.53,13.19,1000
4832,361.931,352.12,352.12,0.9427,9.811,75,-3.55,13.16,1000
4833,362.006,352.197,352.197,0.9403,9.809,75,-3.58,13.13,1000
4834,362.081,352.274,352.274,0.938,9.807,75,-3.61,13.1,1000
4835,362.156,352.352,352.352,0.9357,9.804,75,-3.64,13.06,1000
4836,362.231,352.429,352.429,0.9334,9.802,75,-3.67,13.03,1000
4837,362.306,352.506,352.506,0.9311,9.8,75,-3.7,13.0,1000
4838,362.381,352.584,352.584,0.9288,9.798,75,-3.73,12.97,1000
4839,362.456,352.661,352.661,0.9265,9.795,75,-3.76,12.94,1000
4840,362.531,352.738,352.738,0.9241,9.793,75,-3.79,12.9,1000
4841,362.606,352.816,352.816,0.9218,9.791,75,-3.82,12.87,1000
4842,362.681,352.893,352.893,0.9195,9.788,75,-3.84,12.84,1000
4843,362.756,352.97,352.97,0.9172,9.786,75,-3.87,12.81,1000
4844,362.831,353.048,353.048,0.9149,9.784,75,-3.9,12.77,1000
4845,362.906,353.125,353.125,0.9126,9.781,75,-3.93,12.74,1000
4846,362.981,353.202,353.202,0.9103,9.779,75,-3.96,12.71,1000
4847,363.056,353.279,353.279,0.908,9.777,75,-3.99,12.68,1000
4848,363.131,353.357,353.357,0.9057,9.774,75,-4.02,12.65,1000
4849,363.206,353.434,353.434,0.9034,9.772,75,-4.05,12.61,1000
4850,363.281,353.511,353.511,0.9011,9.77,75,-4.08,12.58,1000
4851,363.356,353.589,353.589,0.8988,9.768,75,-4.11,12.55,1000
4852,363.431,353.666,353.666,0.8965,9.765,75,-4.13,12.52,1000
4853,363.506,353.743,353.743,0.8942,9.763,75,-4.16,12.49,1000
4854,363.581,353.821,353.821,0.8919,9.761,75,-4.19,12.45,1000
4855,363.656,353.898,353.898,0.8896,9.758,75,-4.22,12.42,1000
4856,363.731,353.975,353.975,0.8873,9.756,75,-4.25,12.39,1000
4857,363.806,354.052,354.052,0.8851,9.754,75,-4.28,12.36,1000
4858,363.881,354.13,354.13,0.8828,9.752,75,-4.31,12.33,1000
4859,363.956,354.207,354.207,0.8805,9.749,75,-4.34,12.29,1000
4860,364.031,354.284,354.284,0.8782,9.747,75,-4.36,12.26,1000
4861,364.106,354.362,354.362,0.8759,9.745,75,-4.39,12.23,1000
4862,364.181,354.439,354.439,0.8736,9.742,75,-4.42,12.2,1000
4863,364.256,354.516,354.516,0.8713,9.74,75,-4.45,12.17,1000
4864,364.331,354.593,354.593,0.8691,9.738,75,-4.48,12.13,1000
4865,364.406,354.671,354.671,0.8668,9.736,75,-4.51,12.1,1000
4866,364.481,354.748,354.748,0.8645,9.733,75,-4.54,12.07,1000
4867,364.556,354.825,354.825,0.8622,9.731,75,-4.56,12.04,1000
4868,364.631,354.903,354.903,0.86,9.729,75,-4.59,12.01,1000
4869,364.706,354.98,354.98,0.8577,9.726,75,-4.62,11.98,1000
4870,364.781,355.057,355.057,0.8554,9.724,75,-4.65,11.94,1000
4871,364.856,355.134,355.134,0.8532,9.722,75,-4.68,11.91,1000
4872,364.931,355.212,355.212,0.8509,9.72,75,-4.71,11.88,1000
4873,365.006,355.289,355.289,0.8486,9.717,75,-4.74,11.85,1000
4874,365.081,355.366,355.366,0.8464,9.715,75,-4.76,11.82,1000
4875,365.156,355.443,355.443,0.8441,9.713,75,-4.79,11.79,1000
4876,365.231,355.521,355.521,0.8418,9.711,75,-4.82,11.75,1000
4877,365.306,355.598,355.598,0.8396,9.708,75,-4.85,11.72,1000
4878,365.381,355.675,355.675,0.8373,9.706,75,-4.88,11.69,1000
4879,365.456,355.752,355.752,0.8351,9.704,75,-4.91,11.66,1000
4880,365.531,355.83,355.83,0.8328,9.702,75,-4.93,11.63,1000
4881,365.606,355.907,355.907,0.8305,9.699,75,-4.96,11.6,1000
4882,365.681,355.984,355.984,0.8283,9.697,75,-4.99,11.57,1000
4883,365.756,356.061,356.061,0.826,9.695,75,-5.02,11.53,1000
4884,365.831,356.139,356.139,0.8238,9.693,75,-5.05,11.5,1000
4885,365.906,356.216,356.216,0.8216,9.69,75,-5.08,11.47,1000
4886,365.981,356.293,356.293,0.8193,9.688,75,-5.1,11.44,1000
4887,366.056,356.37,356.37,0.8171,9.686,75,-5.13,11.41,1000
4888,366.131,356.448,356.448,0.8148,9.684,75,-5.16,11.38,1000
4889,366.206,356.525,356.525,0.8126,9.681,75,-5.19,11.35,1000
4890,366.281,356.602,356.602,0.8103,9.679,75,-5.22,11.31,1000
4891,366.356,356.679,356.679,0.8081,9.677,75,-5.25,11.28,1000
4892,366.431,356.757,356.757,0.8059,9.675,75,-5.27,11.25,1000
4893,366.506,356.834,356.834,0.8036,9.672,75,-5.3,11.22,1000
4894,366.581,356.911,356.911,0.8014,9.67,75,-5.33,11.19,1000
4895,366.656,356.988,356.988,0.7992,9.668,75,-5.36,11.16,1000
4896,366.731,357.066,357.066,0.7969,9.666,75,-5.39,11.13,1000
4897,366.806,357.143,357.143,0.7947,9.663,75,-5.41,11.1,1000
4898,366.881,357.22,357.22,0.7925,9.661,75,-5.44,11.07,1000
4899,366.956,357.297,357.297,0.7903,9.659,75,-5.47,11.03,1000
4900,367.031,357.374,357.374,0.788,9.657,75,-5.5,11.0,1000
4901,367.106,357.452,357.452,0.7858,9.655,75,-5.53,10.97,1000
4902,367.181,357.529,357.529,0.7836,9.652,75,-5.55,10.94,1000
4903,367.256,357.606,357.606,0.7814,9.65,75,-5.58,10.91,1000
4904,367.331,357.683,357.683,0.7792,9.648,75,-5.61,10.88,1000
4905,367.406,357.761,357.761,0.777,9.646,75,-5.64,10.85,1000
4906,367.481,357.838,357.838,0.7747,9.643,75,-5.66,10.82,1000
4907,367.556,357.915,357.915,0.7725,9.641,75,-5.69,10.79,1000
4908,367.631,357.992,357.992,0.7703,9.639,75,-5.72,10.76,1000
4909,367.706,358.069,358.069,0.7681,9.637,75,-5.75,10.73,1000
4910,367.781,358.147,358.147,0.7659,9.635,75,-5.78,10.69,1000
4911,367.856,358.224,358.224,0.7637,9.632,75,-5.8,10.66,1000
4912,367.931,358.301,358.301,0.7615,9.63,75,-5.83,10.63,1000
4913,368.006,358.378,358.378,0.7593,9.628,75,-5.86,10.6,1000
4914,368.081,358.455,358.455,0.7571,9.626,75,-5.89,10.57,1000
4915,368.156,358.533,358.533,0.7549,9.624,75,-5.91,10.54,1000
4916,368.231,358.61,358.61,0.7527,9.621,75,-5.94,10.51,1000
4917,368.306,358.687,358.687,0.7505,9.619,75,-5.97,10.48,1000
4918,368.381,358.764,358.764,0.7484,9.617,75,-6.0,10.45,1000
4919,368.456,358.841,358.841,0.7462,9.615,75,-6.02,10.42,1000
4920,368.531,358.919,358.919,0.744,9.613,75,-6.05,10.39,1000
4921,368.606,358.996,358.996,0.7418,9.611,75,-6.08,10.36,1000
4922,368.681,359.073,359.073,0.7396,9.608,75,-6.11,10.33,1000
4923,368.756,359.15,359.15,0.7374,9.606,75,-6.13,10.3,1000
4924,368.831,359.227,359.227,0.7353,9.604,75,-6.16,10.27,1000
4925,368.906,359.304,359.304,0.7331,9.602,75,-6.19,10.24,1000
4926,368.981,359.382,359.382,0.7309,9.6,75,-6.22,10.21,1000
4927,369.056,359.459,359.459,0.7287,9.597,75,-6.24,10.18,1000
4928,369.131,359.536,359.536,0.7266,9.595,75,-6.27,10.14,1000
4929,369.206,359.613,359.613,0.7244,9.593,75,-6.3,10.11,1000
4930,369.281,359.69,359.69,0.7222,9.591,75,-6.32,10.08,1000
4931,369.356,359.767,359.767,0.7201,9.589,75,-6.35,10.05,1000
4932,369.431,359.845,359.845,0.7179,9.587,75,-6.38,10.02,1000
4933,369.506,359.922,359.922,0.7157,9.584,75,-6.41,9.99,1000
4934,369.581,359.999,359.999,0.7136,9.582,75,-6.43,9.96,1000
4935,369.656,360.076,360.076,0.7114,9.58,75,-6.46,9.93,1000
4936,369.731,360.153,360.153,0.7093,9.578,75,-6.49,9.9,1000
4937,369.806,360.23,360.23,0.7071,9.576,75,-6.51,9.87,1000
4938,369.881,360.308,360.308,0.705,9.574,75,-6.54,9.84,1000
4939,369.956,360.385,360.385,0.7028,9.572,75,-6.57,9.81,1000
4940,370.031,360.462,360.462,0.7007,9.569,75,-6.59,9.78,1000
4941,370.106,360.539,360.539,0.6985,9.567,75,-6.62,9.75,1000
4942,370.181,360.616,360.616,0.6964,9.565,75,-6.65,9.72,1000
4943,370.256,360.693,360.693,0.6943,9.563,75,-6.68,9.69,1000
4944,370.331,360.77,360.77,0.6921,9.561,75,-6.7,9.66,1000
4945,370.406,360.848,360.848,0.69,9.559,75,-6.73,9.63,1000
4946,370.481,360.925,360.925,0.6879,9.557,75,-6.76,9.6,1000
4947,370.556,361.002,361.002,0.6857,9.554,75,-6.78,9.57,1000
4948,370.631,361.079,361.079,0.6836,9.552,75,-6.81,9.54,1000
4949,370.706,361.156,361.156,0.6815,9.55,75,-6.84,9.52,1000
4950,370.781,361.233,361.233,0.6793,9.548,75,-6.86,9.49,1000
4951,370.856,361.31,361.31,0.6772,9.546,75,-6.89,9.46,1000
4952,370.931,361.387,361.387,0.6751,9.544,75,-6.92,9.43,1000
4953,371.006,361.465,361.465,0.673,9.542,75,-6.94,9.4,1000
4954,371.081,361.542,361.542,0.6709,9.54,75,-6.97,9.37,1000
4955,371.156,361.619,361.619,0.6688,9.538,75,-7.0,9.34,1000
4956,371.231,361.696,361.696,0.6667,9.535,75,-7.02,9.31,1000
4957,371.306,361.773,361.773,0.6645,9.533,75,-7.05,9.28,1000
4958,371.381,361.85,361.85,0.6624,9.531,75,-7.08,9.25,1000
4959,371.456,361.927,361.927,0.6603,9.529,75,-7.1,9.22,1000
4960,371.531,362.004,362.004,0.6582,9.527,75,-7.13,9.19,1000
4961,371.606,362.081,362.081,0.6561,9.525,75,-7.15,9.16,1000
4962,371.681,362.158,362.158,0.654,9.523,75,-7.18,9.13,1000
4963,371.756,362.236,362.236,0.6519,9.521,75,-7.21,9.1,1000
4964,371.831,362.313,362.313,0.6498,9.519,75,-7.23,9.07,1000
4965,371.906,362.39,362.39,0.6478,9.517,75,-7.26,9.04,1000
4966,371.981,362.467,362.467,0.6457,9.514,75,-7.29,9.02,1000
4967,372.056,362.544,362.544,0.6436,9.512,75,-7.31,8.99,1000
4968,372.131,362.621,362.621,0.6415,9.51,75,-7.34,8.96,1000
4969,372.206,362.698,362.698,0.6394,9.508,75,-7.36,8.93,1000
4970,372.281,362.775,362.775,0.6373,9.506,75,-7.39,8.9,1000
4971,372.356,362.852,362.852,0.6353,9.504,75,-7.42,8.87,1000
4972,372.431,362.929,362.929,0.6332,9.502,75,-7.44,8.84,1000
4973,372.506,363.006,363.006,0.6311,9.5,75,-7.47,8.81,1000
4974,372.581,363.083,363.083,0.6291,9.498,75,-7.5,8.78,1000
4975,372.656,363.161,363.161,0.627,9.496,75,-7.52,8.75,1000
4976,372.731,363.238,363.238,0.6249,9.494,75,-7.55,8.73,1000
4977,372.806,363.315,363.315,0.6229,9.492,75,-7.57,8.7,1000
4978,372.881,363.392,363.392,0.6208,9.49,75,-7.6,8.67,1000
4979,372.956,363.469,363.469,0.6187,9.487,75,-7.62,8.64,1000
4980,373.031,363.546,363.546,0.6167,9.485,75,-7.65,8.61,1000
4981,373.106,363.623,363.623,0.6146,9.483,75,-7.68,8.58,1000
4982,373.181,363.7,363.7,0.6126,9.481,75,-7.7,8.55,1000
4983,373.256,363.777,363.777,0.6105,9.479,75,-7.73,8.52,1000
4984,373.331,363.854,363.854,0.6085,9.477,75,-7.75,8.5,1000
4985,373.406,363.931,363.931,0.6065,9.475,75,-7.78,8.47,1000
4986,373.481,364.008,364.008,0.6044,9.473,75,-7.8,8.44,1000
4987,373.556,364.085,364.085,0.6024,9.471,75,-7.83,8.41,1000
4988,373.631,364.162,364.162,0.6003,9.469,75,-7.86,8.38,1000
4989,373.706,364.239,364.239,0.5983,9.467,75,-7.88,8.35,1000
4990,373.781,364.316,364.316,0.5963,9.465,75,-7.91,8.33,1000
4991,373.856,364.393,364.393,0.5942,9.463,75,-7.93,8.3,1000
4992,373.931,364.47,364.47,0.5922,9.461,75,-7.96,8.27,1000
4993,374.006,364.547,364.547,0.5902,9.459,75,-7.98,8.24,1000
4994,374.081,364.624,364.624,0.5882,9.457,75,-8.01,8.21,1000
4995,374.156,364.701,364.701,0.5862,9.455,75,-8.03,8.18,1000
4996,374.231,364.778,364.778,0.5841,9.453,75,-8.06,8.16,1000
4997,374.306,364.855,364.855,0.5821,9.451,75,-8.08,8.13,1000
4998,374.381,364.932,364.932,0.5801,9.449,75,-8.11,8.1,1000
4999,374.456,365.009,365.009,0.5781,9.447,75,-8.14,8.07,1000
5000,374.531,365.086,365.086,0.5761,9.445,75,-8.16,8.04,1000
5001,374.606,365.163,365.163,0.5741,9.443,75,-8.19,8.02,1000
5002,374.681,365.24,365.24,0.5721,9.441,75,-8.21,7.99,1000
5003,374.756,365.317,365.317,0.5701,9.439,75,-8.24,7.96,1000
5004,374.831,365.394,365.394,0.5681,9.437,75,-8.26,7.93,1000
5005,374.906,365.471,365.471,0.5661,9.435,75,-8.29,7.9,1000
5006,374.981,365.548,365.548,0.5641,9.433,75,-8.31,7.88,1000
5007,375.056,365.625,365.625,0.5622,9.431,75,-8.34,7.85,1000
5008,375.131,365.702,365.702,0.5602,9.429,75,-8.36,7.82,1000
5009,375.206,365.779,365.779,0.5582,9.427,75,-8.39,7.79,1000
5010,375.281,365.856,365.856,0.5562,9.425,75,-8.41,7.77,1000
5011,375.356,365.933,365.933,0.5542,9.423,75,-8.44,7.74,1000
5012,375.431,366.01,366.01,0.5523,9.421,75,-8.46,7.71,1000
5013,375.506,366.087,366.087,0.5503,9.419,75,-8.48,7.68,1000
5014,375.581,366.164,366.164,0.5483,9.417,75,-8.51,7.66,1000
5015,375.656,366.241,366.241,0.5464,9.415,75,-8.53,7.63,1000
5016,375.731,366.318,366.318,0.5444,9.413,75,-8.56,7.6,1000
5017,375.806,366.395,366.395,0.5424,9.411,75,-8.58,7.57,1000
5018,375.881,366.472,366.472,0.5405,9.409,75,-8.61,7.55,1000
5019,375.956,366.549,366.549,0.5385,9.407,75,-8.63,7.52,1000
5020,376.031,366.626,366.626,0.5366,9.405,75,-8.66,7.49,1000
5021,376.106,366.703,366.703,0.5346,9.403,75,-8.68,7.46,1000
5022,376.181,366.78,366.78,0.5327,9.401,75,-8.71,7.44,1000
5023,376.256,366.857,366.857,0.5307,9.399,75,-8.73,7.41,1000
5024,376.331,366.934,366.934,0.5288,9.398,75,-8.75,7.38,1000
5025,376.406,367.011,367.011,0.5269,9.396,75,-8.78,7.36,1000
5026,376.481,367.088,367.088,0.5249,9.394,75,-8.8,7.33,1000
5027,376.556,367.164,367.164,0.523,9.392,75,-8.83,7.3,1000
5028,376.631,367.241,367.241,0.5211,9.39,75,-8.85,7.28,1000
5029,376.706,367.318,367.318,0.5191,9.388,75,-8.88,7.25,1000
5030,376.781,367.395,367.395,0.5172,9.386,75,-8.9,7.22,1000
5031,376.856,367.472,367.472,0.5153,9.384,75,-8.92,7.2,1000
5032,376.931,367.549,367.549,0.5134,9.382,75,-8.95,7.17,1000
5033,377.006,367.626,367.626,0.5115,9.38,75,-8.97,7.14,1000
5034,377.081,367.703,367.703,0.5096,9.378,75,-9.0,7.11,1000
5035,377.156,367.78,367.78,0.5077,9.376,75,-9.02,7.09,1000
5036,377.231,367.857,367.857,0.5057,9.374,75,-9.04,7.06,1000
5037,377.306,367.934,367.934,0.5038,9.373,75,-9.07,7.03,1000
5038,377.381,368.011,368.011,0.5019,9.371,75,-9.09,7.01,1000
5039,377.456,368.087,368.087,0.5,9.369,75,-9.12,6.98,1000
5040,377.531,368.164,368.164,0.4982,9.367,75,-9.14,6.96,1000
5041,377.606,368.241,368.241,0.4963,9.365,75,-9.16,6.93,1000
5042,377.681,368.318,368.318,0.4944,9.363,75,-9.19,6.9,1000
5043,377.756,368.395,368.395,0.4925,9.361,75,-9.21,6.88,1000
5044,377.831,368.472,368.472,0.4906,9.359,75,-9.23,6.85,1000
5045,377.906,368.549,368.549,0.4887,9.357,75,-9.26,6.82,1000
5046,377.981,368.626,368.626,0.4868,9.356,75,-9.28,6.8,1000
5047,378.056,368.703,368.703,0.485,9.354,75,-9.31,6.77,1000
5048,378.131,368.779,368.779,0.4831,9.352,75,-9.33,6.75,1000
5049,378.206,368.856,368.856,0.4812,9.35,75,-9.35,6.72,1000
5050,378.281,368.933,368.933,0.4794,9.348,75,-9.38,6.69,1000
5051,378.356,369.01,369.01,0.4775,9.346,75,-9.4,6.67,1000
5052,378.431,369.087,369.087,0.4756,9.344,75,-9.42,6.64,1000
5053,378.506,369.164,369.164,0.4738,9.343,75,-9.45,6.62,1000
5054,378.581,369.241,369.241,0.4719,9.341,75,-9.47,6.59,1000
5055,378.656,369.317,369.317,0.4701,9.339,75,-9.49,6.56,1000
5056,378.731,369.394,369.394,0.4682,9.337,75,-9.52,6.54,1000
5057,378.806,369.471,369.471,0.4664,9.335,75,-9.54,6.51,1000
5058,378.881,369.548,369.548,0.4646,9.333,75,-9.56,6.49,1000
5059,378.956,369.625,369.625,0.4627,9.331,75,-9.59,6.46,1000
5060,379.031,369.702,369.702,0.4609,9.33,75,-9.61,6.44,1000
5061,379.106,369.778,369.778,0.4591,9.328,75,-9.63,6.41,1000
5062,379.181,369.855,369.855,0.4572,9.326,75,-9.65,6.38,1000
5063,379.256,369.932,369.932,0.4554,9.324,75,-9.68,6.36,1000
5064,379.331,370.009,370.009,0.4536,9.322,75,-9.7,6.33,1000
5065,379.406,370.086,370.086,0.4518,9.321,75,-9.72,6.31,1000
5066,379.481,370.163,370.163,0.4499,9.319,75,-9.75,6.28,1000
5067,379.556,370.239,370.239,0.4481,9.317,75,-9.77,6.26,1000
5068,379.631,370.316,370.316,0.4463,9.315,75,-9.79,6.23,1000
5069,379.706,370.393,370.393,0.4445,9.313,75,-9.81,6.21,1000
5070,379.781,370.47,370.47,0.4427,9.311,75,-9.84,6.18,1000
5071,379.856,370.547,370.547,0.4409,9.31,75,-9.86,6.16,1000
5072,379.931,370.623,370.623,0.4391,9.308,75,-9.88,6.13,1000
5073,380.006,370.7,370.7,0.4373,9.306,75,-9.9,6.11,1000
5074,380.081,370.777,370.777,0.4355,9.304,75,-9.93,6.08,1000
5075,380.156,370.854,370.854,0.4337,9.302,75,-9.95,6.06,1000
5076,380.231,370.931,370.931,0.432,9.301,75,-9.97,6.03,1000
5077,380.306,371.007,371.007,0.4302,9.299,75,-9.99,6.01,1000
5078,380.381,371.084,371.084,0.4284,9.297,75,-10.02,5.98,1000
5079,380.456,371.161,371.161,0.4266,9.295,75,-10.04,5.96,1000
5080,380.531,371.238,371.238,0.4248,9.294,75,-10.06,5.93,1000
5081,380.606,371.314,371.314,0.4231,9.292,75,-10.08,5.91,1000
5082,380.681,371.391,371.391,0.4213,9.29,75,-10.11,5.88,1000
5083,380.756,371.468,371.468,0.4195,9.288,75,-10.13,5.86,1000
5084,380.831,371.545,371.545,0.4178,9.287,75,-10.15,5.83,1000
5085,380.906,371.621,371.621,0.416,9.285,75,-10.17,5.81,1000
5086,380.981,371.698,371.698,0.4143,9.283,75,-10.19,5.78,1000
5087,381.056,371.775,371.775,0.4125,9.281,75,-10.22,5.76,1000
5088,381.131,371.852,371.852,0.4108,9.28,75,-10.24,5.74,1000
5089,381.206,371.928,371.928,0.409,9.278,75,-10.26,5.71,1000
5090,381.281,372.005,372.005,0.4073,9.276,75,-10.28,5.69,1000
5091,381.356,372.082,372.082,0.4056,9.274,75,-10.3,5.66,1000
5092,381.431,372.159,372.159,0.4038,9.273,75,-10.33,5.64,1000
5093,381.506,372.235,372.235,0.4021,9.271,75,-10.35,5.61,1000
5094,381.581,372.312,372.312,0.4004,9.269,75,-10.37,5.59,1000
5095,381.656,372.389,372.389,0.3986,9.267,75,-10.39,5.57,1000
5096,381.731,372.466,372.466,0.3969,9.266,75,-10.41,5.54,1000
5097,381.806,372.542,372.542,0.3952,9.264,75,-10.43,5.52,1000
5098,381.881,372.619,372.619,0.3935,9.262,75,-10.46,5.49,1000
5099,381.956,372.696,372.696,0.3918,9.261,75,-10.48,5.47,1000
5100,382.031,372.772,372.772,0.3901,9.259,75,-10.5,5.45,1000
5101,382.106,372.849,372.849,0.3884,9.257,75,-10.52,5.42,1000
5102,382.181,372.926,372.926,0.3867,9.255,75,-10.54,5.4,1000
5103,382.256,373.003,373.003,0.385,9.254,75,-10.56,5.38,1000
5104,382.331,373.079,373.079,0.3833,9.252,75,-10.58,5.35,1000
5105,382.406,373.156,373.156,0.3816,9.25,75,-10.6,5.33,1000
5106,382.481,373.233,373.233,0.3799,9.249,75,-10.63,5.3,1000
5107,382.556,373.309,373.309,0.3782,9.247,75,-10.65,5.28,1000
5108,382.631,373.386,373.386,0.3765,9.245,75,-10.67,5.26,1000
5109,382.706,373.463,373.463,0.3749,9.244,75,-10.69,5.23,1000
5110,382.781,373.539,373.539,0.3732,9.242,75,-10.71,5.21,1000
5111,382.856,373.616,373.616,0.3715,9.24,75,-10.73,5.19,1000
5112,382.931,373.693,373.693,0.3699,9.239,75,-10.75,5.16,1000
5113,383.006,373.769,373.769,0.3682,9.237,75,-10.77,5.14,1000
5114,383.081,373.846,373.846,0.3665,9.235,75,-10.79,5.12,1000
5115,383.156,373.923,373.923,0.3649,9.234,75,-10.81,5.09,1000
5116,383.231,373.999,373.999,0.3632,9.232,75,-10.84,5.07,1000
5117,383.306,374.076,374.076,0.3616,9.23,75,-10.86,5.05,1000
5118,383.381,374.153,374.153,0.3599,9.229,75,-10.88,5.03,1000
5119,383.456,374.229,374.229,0.3583,9.227,75,-10.9,5.0,1000
5120,383.531,374.306,374.306,0.3567,9.225,75,-10.92,4.98,1000
5121,383.606,374.382,374.382,0.355,9.224,75,-10.94,4.96,1000
5122,383.681,374.459,374.459,0.3534,9.222,75,-10.96,4.93,1000
5123,383.756,374.536,374.536,0.3518,9.221,75,-10.98,4.91,1000
5124,383.831,374.612,374.612,0.3501,9.219,75,-11.0,4.89,1000
5125,383.906,374.689,374.689,0.3485,9.217,75,-11.02,4.87,1000
5126,383.981,374.766,374.766,0.3469,9.216,75,-11.04,4.84,1000
5127,384.056,374.842,374.842,0.3453,9.214,75,-11.06,4.82,1000
5128,384.131,374.919,374.919,0.3437,9.212,75,-11.08,4.8,1000
5129,384.206,374.995,374.995,0.3421,9.211,75,-11.1,4.78,1000
5130,384.281,375.072,375.072,0.3405,9.209,75,-11.12,4.75,1000
5131,384.356,375.149,375.149,0.3389,9.208,75,-11.14,4.73,1000
5132,384.431,375.225,375.225,0.3373,9.206,75,-11.16,4.71,1000
5133,384.506,375.302,375.302,0.3357,9.204,75,-11.18,4.69,1000
5134,384.581,375.378,375.378,0.3341,9.203,75,-11.2,4.66,1000
5135,384.656,375.455,375.455,0.3325,9.201,75,-11.22,4.64,1000
5136,384.731,375.532,375.532,0.3309,9.2,75,-11.24,4.62,1000
5137,384.806,375.608,375.608,0.3293,9.198,75,-11.26,4.6,1000
5138,384.881,375.685,375.685,0.3278,9.197,75,-11.28,4.58,1000
5139,384.956,375.761,375.761,0.3262,9.195,75,-11.3,4.55,1000
5140,385.031,375.838,375.838,0.3246,9.193,75,-11.32,4.53,1000
5141,385.106,375.914,375.914,0.3231,9.192,75,-11.34,4.51,1000
5142,385.181,375.991,375.991,0.3215,9.19,75,-11.36,4.49,1000
5143,385.256,376.068,376.068,0.3199,9.189,75,-11.38,4.47,1000
5144,385.331,376.144,376.144,0.3184,9.187,75,-11.4,4.45,1000
5145,385.406,376.221,376.221,0.3168,9.186,75,-11.42,4.42,1000
5146,385.481,376.297,376.297,0.3153,9.184,75,-11.44,4.4,1000
5147,385.556,376.374,376.374,0.3137,9.182,75,-11.46,4.38,1000
5148,385.631,376.45,376.45,0.3122,9.181,75,-11.48,4.36,1000
5149,385.706,376.527,376.527,0.3107,9.179,75,-11.5,4.34,1000
5150,385.781,376.603,376.603,0.3091,9.178,75,-11.52,4.32,1000
5151,385.856,376.68,376.68,0.3076,9.176,75,-11.53,4.3,1000
5152,385.931,376.756,376.756,0.3061,9.175,75,-11.55,4.27,1000
5153,386.006,376.833,376.833,0.3046,9.173,75,-11.57,4.25,1000
5154,386.081,376.909,376.909,0.303,9.172,75,-11.59,4.23,1000
5155,386.156,376.986,376.986,0.3015,9.17,75,-11.61,4.21,1000
5156,386.231,377.062,377.062,0.3,9.169,75,-11.63,4.19,1000
5157,386.306,377.139,377.139,0.2985,9.167,75,-11.65,4.17,1000
5158,386.381,377.215,377.215,0.297,9.166,75,-11.67,4.15,1000
5159,386.456,377.292,377.292,0.2955,9.164,75,-11.69,4.13,1000
5160,386.531,377.368,377.368,0.294,9.163,75,-11.71,4.11,1000
5161,386.606,377.445,377.445,0.2925,9.161,75,-11.72,4.08,1000
5162,386.681,377.521,377.521,0.291,9.16,75,-11.74,4.06,1000
5163,386.756,377.598,377.598,0.2896,9.158,75,-11.76,4.04,1000
5164,386.831,377.674,377.674,0.2881,9.157,75,-11.78,4.02,1000
5165,386.906,377.751,377.751,0.2866,9.155,75,-11.8,4.0,1000
5166,386.981,377.827,377.827,0.2851,9.154,75,-11.82,3.98,1000
5167,387.056,377.904,377.904,0.2837,9.152,75,-11.84,3.96,1000
5168,387.131,377.98,377.98,0.2822,9.151,75,-11.85,3.94,1000
5169,387.206,378.057,378.057,0.2807,9.149,75,-11.87,3.92,1000
5170,387.281,378.133,378.133,0.2793,9.148,75,-11.89,3.9,1000
5171,387.356,378.21,378.21,0.2778,9.147,75,-11.91,3.88,1000
5172,387.431,378.286,378.286,0.2764,9.145,75,-11.93,3.86,1000
5173,387.506,378.363,378.363,0.2749,9.144,75,-11.95,3.84,1000
5174,387.581,378.439,378.439,0.2735,9.142,75,-11.96,3.82,1000
5175,387.656,378.515,378.515,0.2721,9.141,75,-11.98,3.8,1000
5176,387.731,378.592,378.592,0.2706,9.139,75,-12.0,3.78,1000
5177,387.806,378.668,378.668,0.2692,9.138,75,-12.02,3.76,1000
5178,387.881,378.745,378.745,0.2678,9.137,75,-12.04,3.74,1000
5179,387.956,378.821,378.821,0.2663,9.135,75,-12.05,3.72,1000
5180,388.031,378.898,378.898,0.2649,9.134,75,-12.07,3.7,1000
5181,388.106,378.974,378.974,0.2635,9.132,75,-12.09,3.68,1000
5182,388.181,379.05,379.05,0.2621,9.131,75,-12.11,3.66,1000
5183,388.256,379.127,379.127,0.2607,9.129,75,-12.12,3.64,1000
5184,388.331,379.203,379.203,0.2593,9.128,75,-12.14,3.62,1000
5185,388.406,379.28,379.28,0.2579,9.127,75,-12.16,3.6,1000
5186,388.481,379.356,379.356,0.2565,9.125,75,-12.18,3.58,1000
5187,388.556,379.432,379.432,0.2551,9.124,75,-12.19,3.56,1000
5188,388.631,379.509,379.509,0.2537,9.122,75,-12.21,3.54,1000
5189,388.706,379.585,379.585,0.2523,9.121,75,-12.23,3.52,1000
5190,388.781,379.662,379.662,0.2509,9.12,75,-12.25,3.5,1000
5191,388.856,379.738,379.738,0.2496,9.118,75,-12.26,3.48,1000
5192,388.931,379.814,379.814,0.2482,9.117,75,-12.28,3.47,1000
5193,389.006,379.891,379.891,0.2468,9.116,75,-12.3,3.45,1000
5194,389.081,379.967,379.967,0.2455,9.114,75,-12.32,3.43,1000
5195,389.156,380.043,380.043,0.2441,9.113,75,-12.33,3.41,1000
5196,389.231,380.12,380.12,0.2427,9.111,75,-12.35,3.39,1000
5197,389.306,380.196,380.196,0.2414,9.11,75,-12.37,3.37,1000
5198,389.381,380.272,380.272,0.24,9.109,75,-12.38,3.35,1000
5199,389.456,380.349,380.349,0.2387,9.107,75,-12.4,3.33,1000
5200,389.531,380.425,380.425,0.2373,9.106,75,-12.42,3.31,1000
5201,389.606,380.501,380.501,0.236,9.105,75,-12.43,3.3,1000
5202,389.681,380.578,380.578,0.2347,9.103,75,-12.45,3.28,1000
5203,389.756,380.654,380.654,0.2333,9.102,75,-12.47,3.26,1000
5204,389.831,380.73,380.73,0.232,9.101,75,-12.48,3.24,1000
5205,389.906,380.807,380.807,0.2307,9.099,75,-12.5,3.22,1000
5206,389.981,380.883,380.883,0.2294,9.098,75,-12.52,3.2,1000
5207,390.056,380.959,380.959,0.2281,9.097,75,-12.53,3.18,1000
5208,390.131,381.036,381.036,0.2268,9.096,75,-12.55,3.17,1000
5209,390.206,381.112,381.112,0.2255,9.094,75,-12.57,3.15,1000
5210,390.281,381.188,381.188,0.2242,9.093,75,-12.58,3.13,1000
5211,390.356,381.265,381.265,0.2229,9.092,75,-12.6,3.11,1000
5212,390.431,381.341,381.341,0.2216,9.09,75,-12.62,3.09,1000
5213,390.506,381.417,381.417,0.2203,9.089,75,-12.63,3.08,1000
5214,390.581,381.494,381.494,0.219,9.088,75,-12.65,3.06,1000
5215,390.656,381.57,381.57,0.2177,9.086,75,-12.66,3.04,1000
5216,390.731,381.646,381.646,0.2164,9.085,75,-12.68,3.02,1000
5217,390.806,381.722,381.722,0.2152,9.084,75,-12.7,3.0,1000
5218,390.881,381.799,381.799,0.2139,9.083,75,-12.71,2.99,1000
5219,390.956,381.875,381.875,0.2126,9.081,75,-12.73,2.97,1000
5220,391.031,381.951,381.951,0.2114,9.08,75,-12.74,2.95,1000
5221,391.106,382.027,382.027,0.2101,9.079,75,-12.76,2.93,1000
5222,391.181,382.104,382.104,0.2089,9.078,75,-12.78,2.92,1000
5223,391.256,382.18,382.18,0.2076,9.076,75,-12.79,2.9,1000
5224,391.331,382.256,382.256,0.2064,9.075,75,-12.81,2.88,1000
5225,391.406,382.332,382.332,0.2051,9.074,75,-12.82,2.86,1000
5226,391.481,382.409,382.409,0.2039,9.073,75,-12.84,2.85,1000
5227,391.556,382.485,382.485,0.2026,9.071,75,-12.85,2.83,1000
5228,391.631,382.561,382.561,0.2014,9.07,75,-12.87,2.81,1000
5229,391.706,382.637,382.637,0.2002,9.069,75,-12.88,2.8,1000
5230,391.781,382.714,382.714,0.199,9.068,75,-12.9,2.78,1000
5231,391.856,382.79,382.79,0.1978,9.067,75,-12.91,2.76,1000
5232,391.931,382.866,382.866,0.1965,9.065,75,-12.93,2.74,1000
5233,392.006,382.942,382.942,0.1953,9.064,75,-12.95,2.73,1000
5234,392.081,383.018,383.018,0.1941,9.063,75,-12.96,2.71,1000
5235,392.156,383.095,383.095,0.1929,9.062,75,-12.98,2.69,1000
5236,392.231,383.171,383.171,0.1917,9.06,75,-12.99,2.68,1000
5237,392.306,383.247,383.247,0.1905,9.059,75,-13.01,2.66,1000
5238,392.381,383.323,383.323,0.1894,9.058,75,-13.02,2.64,1000
5239,392.456,383.399,383.399,0.1882,9.057,75,-13.04,2.63,1000
5240,392.531,383.476,383.476,0.187,9.056,75,-13.05,2.61,1000
5241,392.606,383.552,383.552,0.1858,9.055,75,-13.06,2.59,1000
5242,392.681,383.628,383.628,0.1846,9.053,75,-13.08,2.58,1000
5243,392.756,383.704,383.704,0.1835,9.052,75,-13.09,2.56,1000
5244,392.831,383.78,383.78,0.1823,9.051,75,-13.11,2.55,1000
5245,392.906,383.856,383.856,0.1812,9.05,75,-13.12,2.53,1000
5246,392.981,383.932,383.932,0.18,9.049,75,-13.14,2.51,1000
5247,393.056,384.009,384.009,0.1789,9.048,75,-13.15,2.5,1000
5248,393.131,384.085,384.085,0.1777,9.046,75,-13.17,2.48,1000
5249,393.206,384.161,384.161,0.1766,9.045,75,-13.18,2.47,1000
5250,393.281,384.237,384.237,0.1754,9.044,75,-13.2,2.45,1000
5251,393.356,384.313,384.313,0.1743,9.043,75,-13.21,2.43,1000
5252,393.431,384.389,384.389,0.1732,9.042,75,-13.22,2.42,1000
5253,393.506,384.465,384.465,0.172,9.041,75,-13.24,2.4,1000
5254,393.581,384.542,384.542,0.1709,9.04,75,-13.25,2.39,1000
5255,393.656,384.618,384.618,0.1698,9.039,75,-13.27,2.37,1000
5256,393.731,384.694,384.694,0.1687,9.037,75,-13.28,2.36,1000
5257,393.806,384.77,384.77,0.1676,9.036,75,-13.29,2.34,1000
5258,393.881,384.846,384.846,0.1665,9.035,75,-13.31,2.32,1000
5259,393.956,384.922,384.922,0.1654,9.034,75,-13.32,2.31,1000
5260,394.031,384.998,384.998,0.1643,9.033,75,-13.34,2.29,1000
5261,394.106,385.074,385.074,0.1632,9.032,75,-13.35,2.28,1000
5262,394.181,385.15,385.15,0.1621,9.031,75,-13.36,2.26,1000
5263,394.256,385.226,385.226,0.161,9.03,75,-13.38,2.25,1000
5264,394.331,385.303,385.303,0.16,9.029,75,-13.39,2.23,1000
5265,394.406,385.379,385.379,0.1589,9.028,75,-13.4,2.22,1000
5266,394.481,385.455,385.455,0.1578,9.027,75,-13.42,2.2,1000
5267,394.556,385.531,385.531,0.1567,9.025,75,-13.43,2.19,1000
5268,394.631,385.607,385.607,0.1557,9.024,75,-13.44,2.17,1000
5269,394.706,385.683,385.683,0.1546,9.023,75,-13.46,2.16,1000
5270,394.781,385.759,385.759,0.1536,9.022,75,-13.47,2.14,1000
5271,394.856,385.835,385.835,0.1525,9.021,75,-13.48,2.13,1000
5272,394.931,385.911,385.911,0.1515,9.02,75,-13.5,2.12,1000
5273,395.006,385.987,385.987,0.1504,9.019,75,-13.51,2.1,1000
5274,395.081,386.063,386.063,0.1494,9.018,75,-13.52,2.09,1000
5275,395.156,386.139,386.139,0.1484,9.017,75,-13.54,2.07,1000
5276,395.231,386.215,386.215,0.1473,9.016,75,-13.55,2.06,1000
5277,395.306,386.291,386.291,0.1463,9.015,75,-13.56,2.04,1000
5278,395.381,386.367,386.367,0.1453,9.014,75,-13.57,2.03,1000
5279,395.456,386.443,386.443,0.1443,9.013,75,-13.59,2.01,1000
5280,395.531,386.519,386.519,0.1433,9.012,75,-13.6,2.0,1000
5281,395.606,386.595,386.595,0.1423,9.011,75,-13.61,1.99,1000
5282,395.681,386.671,386.671,0.1413,9.01,75,-13.62,1.97,1000
5283,395.756,386.747,386.747,0.1403,9.009,75,-13.64,1.96,1000
5284,395.831,386.823,386.823,0.1393,9.008,75,-13.65,1.94,1000
5285,395.906,386.899,386.899,0.1383,9.007,75,-13.66,1.93,1000
5286,395.981,386.975,386.975,0.1373,9.006,75,-13.67,1.92,1000
5287,396.056,387.051,387.051,0.1363,9.005,75,-13.69,1.9,1000
5288,396.131,387.127,387.127,0.1354,9.004,75,-13.7,1.89,1000
5289,396.206,387.203,387.203,0.1344,9.003,75,-13.71,1.88,1000
5290,396.281,387.279,387.279,0.1334,9.002,75,-13.72,1.86,1000
5291,396.356,387.355,387.355,0.1325,9.001,75,-13.74,1.85,1000
5292,396.431,387.431,387.431,0.1315,9.0,75,-13.75,1.84,1000
5293,396.506,387.507,387.507,0.1306,8.999,75,-13.76,1.82,1000
5294,396.581,387.583,387.583,0.1296,8.998,75,-13.77,1.81,1000
5295,396.656,387.659,387.659,0.1287,8.997,75,-13.78,1.8,1000
5296,396.731,387.735,387.735,0.1277,8.996,75,-13.79,1.78,1000
5297,396.806,387.811,387.811,0.1268,8.996,75,-13.81,1.77,1000
5298,396.881,387.887,387.887,0.1259,8.995,75,-13.82,1.76,1000
5299,396.956,387.963,387.963,0.1249,8.994,75,-13.83,1.74,1000
5300,397.031,388.038,388.038,0.124,8.993,75,-13.84,1.73,1000
5301,397.106,388.114,388.114,0.1231,8.992,75,-13.85,1.72,1000
5302,397.181,388.19,388.19,0.1222,8.991,75,-13.86,1.71,1000
5303,397.256,388.266,388.266,0.1213,8.99,75,-13.88,1.69,1000
5304,397.331,388.342,388.342,0.1204,8.989,75,-13.89,1.68,1000
5305,397.406,388.418,388.418,0.1195,8.988,75,-13.9,1.67,1000
5306,397.481,388.494,388.494,0.1186,8.987,75,-13.91,1.66,1000
5307,397.556,388.57,388.57,0.1177,8.986,75,-13.92,1.64,1000
5308,397.631,388.646,388.646,0.1168,8.986,75,-13.93,1.63,1000
5309,397.706,388.722,388.722,0.1159,8.985,75,-13.94,1.62,1000
5310,397.781,388.797,388.797,0.115,8.984,75,-13.95,1.61,1000
5311,397.856,388.873,388.873,0.1142,8.983,75,-13.97,1.59,1000
5312,397.931,388.949,388.949,0.1133,8.982,75,-13.98,1.58,1000
5313,398.006,389.025,389.025,0.1124,8.981,75,-13.99,1.57,1000
5314,398.081,389.101,389.101,0.1116,8.98,75,-14.0,1.56,1000
5315,398.156,389.177,389.177,0.1107,8.979,75,-14.01,1.55,1000
5316,398.231,389.253,389.253,0.1099,8.979,75,-14.02,1.53,1000
5317,398.306,389.328,389.328,0.109,8.978,75,-14.03,1.52,1000
5318,398.381,389.404,389.404,0.1082,8.977,75,-14.04,1.51,1000
5319,398.456,389.48,389.48,0.1073,8.976,75,-14.05,1.5,1000
5320,398.531,389.556,389.556,0.1065,8.975,75,-14.06,1.49,1000
5321,398.606,389.632,389.632,0.1057,8.974,75,-14.07,1.48,1000
5322,398.681,389.708,389.708,0.1048,8.974,75,-14.08,1.46,1000
5323,398.756,389.783,389.783,0.104,8.973,75,-14.09,1.45,1000
5324,398.831,389.859,389.859,0.1032,8.972,75,-14.1,1.44,1000
5325,398.906,389.935,389.935,0.1024,8.971,75,-14.11,1.43,1000
5326,398.981,390.011,390.011,0.1016,8.97,75,-14.12,1.42,1000
5327,399.056,390.087,390.087,0.1008,8.97,75,-14.13,1.41,1000
5328,399.131,390.163,390.163,0.1,8.969,75,-14.14,1.4,1000
5329,399.206,390.238,390.238,0.0992,8.968,75,-14.15,1.39,1000
5330,399.281,390.314,390.314,0.0984,8.967,75,-14.16,1.37,1000
5331,399.356,390.39,390.39,0.0976,8.966,75,-14.17,1.36,1000
5332,399.431,390.466,390.466,0.0968,8.966,75,-14.18,1.35,1000
5333,399.506,390.541,390.541,0.0961,8.965,75,-14.19,1.34,1000
5334,399.581,390.617,390.617,0.0953,8.964,75,-14.2,1.33,1000
5335,399.656,390.693,390.693,0.0945,8.963,75,-14.21,1.32,1000
5336,399.731,390.769,390.769,0.0938,8.963,75,-14.22,1.31,1000
5337,399.806,390.844,390.844,0.093,8.962,75,-14.23,1.3,1000
5338,399.881,390.92,390.92,0.0923,8.961,75,-14.24,1.29,1000
5339,399.956,390.996,390.996,0.0915,8.96,75,-14.25,1.28,1000
5340,400.031,391.072,391.072,0.0908,8.96,75,-14.26,1.27,1000
5341,400.106,391.147,391.147,0.09,8.959,75,-14.27,1.26,1000
5342,400.181,391.223,391.223,0.0893,8.958,75,-14.28,1.25,1000
5343,400.256,391.299,391.299,0.0886,8.957,75,-14.29,1.24,1000
5344,400.331,391.375,391.375,0.0878,8.957,75,-14.3,1.23,1000
5345,400.406,391.45,391.45,0.0871,8.956,75,-14.31,1.22,1000
5346,400.481,391.526,391.526,0.0864,8.955,75,-14.31,1.21,1000
5347,400.556,391.602,391.602,0.0857,8.954,75,-14.32,1.2,1000
5348,400.631,391.678,391.678,0.085,8.954,75,-14.33,1.19,1000
5349,400.706,391.753,391.753,0.0843,8.953,75,-14.34,1.18,1000
5350,400.781,391.829,391.829,0.0836,8.952,75,-14.35,1.17,1000
5351,400.856,391.905,391.905,0.0829,8.952,75,-14.36,1.16,1000
5352,400.931,391.98,391.98,0.0822,8.951,75,-14.37,1.15,1000
5353,401.006,392.056,392.056,0.0815,8.95,75,-14.38,1.14,1000
5354,401.081,392.132,392.132,0.0808,8.95,75,-14.38,1.13,1000
5355,401.156,392.207,392.207,0.0802,8.949,75,-14.39,1.12,1000
5356,401.231,392.283,392.283,0.0795,8.948,75,-14.4,1.11,1000
5357,401.306,392.359,392.359,0.0788,8.948,75,-14.41,1.1,1000
5358,401.381,392.434,392.434,0.0782,8.947,75,-14.42,1.09,1000
5359,401.456,392.51,392.51,0.0775,8.946,75,-14.43,1.08,1000
5360,401.531,392.586,392.586,0.0769,8.946,75,-14.43,1.07,1000
5361,401.606,392.661,392.661,0.0762,8.945,75,-14.44,1.06,1000
5362,401.681,392.737,392.737,0.0756,8.944,75,-14.45,1.06,1000
5363,401.756,392.813,392.813,0.0749,8.944,75,-14.46,1.05,1000
5364,401.831,392.888,392.888,0.0743,8.943,75,-14.47,1.04,1000
5365,401.906,392.964,392.964,0.0737,8.942,75,-14.47,1.03,1000
5366,401.981,393.039,393.039,0.0731,8.942,75,-14.48,1.02,1000
5367,402.056,393.115,393.115,0.0724,8.941,75,-14.49,1.01,1000
5368,402.131,393.191,393.191,0.0718,8.941,75,-14.5,1.0,1000
5369,402.206,393.266,393.266,0.0712,8.94,75,-14.51,0.99,1000
5370,402.281,393.342,393.342,0.0706,8.939,75,-14.51,0.99,1000
5371,402.356,393.417,393.417,0.07,8.939,75,-14.52,0.98,1000
5372,402.431,393.493,393.493,0.0694,8.938,75,-14.53,0.97,1000
5373,402.506,393.569,393.569,0.0688,8.938,75,-14.54,0.96,1000
5374,402.581,393.644,393.644,0.0682,8.937,75,-14.54,0.95,1000
5375,402.656,393.72,393.72,0.0676,8.936,75,-14.55,0.94,1000
5376,402.731,393.795,393.795,0.0671,8.936,75,-14.56,0.94,1000
5377,402.806,393.871,393.871,0.0665,8.935,75,-14.56,0.93,1000
5378,402.881,393.947,393.947,0.0659,8.935,75,-14.57,0.92,1000
5379,402.956,394.022,394.022,0.0654,8.934,75,-14.58,0.91,1000
5380,403.031,394.098,394.098,0.0648,8.934,75,-14.59,0.9,1000
5381,403.106,394.173,394.173,0.0642,8.933,75,-14.59,0.9,1000
5382,403.181,394.249,394.249,0.0637,8.932,75,-14.6,0.89,1000
5383,403.256,394.324,394.324,0.0631,8.932,75,-14.61,0.88,1000
5384,403.331,394.4,394.4,0.0626,8.931,75,-14.61,0.87,1000
5385,403.406,394.475,394.475,0.0621,8.931,75,-14.62,0.87,1000
5386,403.481,394.551,394.551,0.0615,8.93,75,-14.63,0.86,1000
5387,403.556,394.626,394.626,0.061,8.93,75,-14.63,0.85,1000
5388,403.631,394.702,394.702,0.0605,8.929,75,-14.64,0.84,1000
5389,403.706,394.778,394.778,0.06,8.929,75,-14.65,0.84,1000
5390,403.781,394.853,394.853,0.0595,8.928,75,-14.65,0.83,1000
5391,403.856,394.929,394.929,0.059,8.928,75,-14.66,0.82,1000
5392,403.931,395.004,395.004,0.0584,8.927,75,-14.67,0.82,1000
5393,404.006,395.08,395.08,0.0579,8.927,75,-14.67,0.81,1000
5394,404.081,395.155,395.155,0.0575,8.926,75,-14.68,0.8,1000
5395,404.156,395.231,395.231,0.057,8.926,75,-14.68,0.8,1000
5396,404.231,395.306,395.306,0.0565,8.925,75,-14.69,0.79,1000
5397,404.306,395.382,395.382,0.056,8.925,75,-14.7,0.78,1000
5398,404.381,395.457,395.457,0.0555,8.924,75,-14.7,0.78,1000
5399,404.456,395.532,395.532,0.0551,8.924,75,-14.71,0.77,1000
5400,404.531,395.608,395.608,0.0546,8.923,75,-14.71,0.76,1000
5401,404.606,395.683,395.683,0.0541,8.923,75,-14.72,0.76,1000
5402,404.681,395.759,395.759,0.0537,8.922,75,-14.73,0.75,1000
5403,404.756,395.834,395.834,0.0532,8.922,75,-14.73,0.74,1000
5404,404.831,395.91,395.91,0.0528,8.922,75,-14.74,0.74,1000
5405,404.906,395.985,395.985,0.0523,8.921,75,-14.74,0.73,1000
5406,404.981,396.061,396.061,0.0519,8.921,75,-14.75,0.72,1000
5407,405.056,396.136,396.136,0.0515,8.92,75,-14.75,0.72,1000
5408,405.131,396.211,396.211,0.051,8.92,75,-14.76,0.71,1000
5409,405.206,396.287,396.287,0.0506,8.919,75,-14.76,0.71,1000
5410,405.281,396.362,396.362,0.0502,8.919,75,-14.77,0.7,1000
5411,405.356,396.438,396.438,0.0498,8.919,75,-14.77,0.69,1000
5412,405.431,396.513,396.513,0.0494,8.918,75,-14.78,0.69,1000
5413,405.506,396.589,396.589,0.049,8.918,75,-14.78,0.68,1000
5414,405.581,396.664,396.664,0.0486,8.917,75,-14.79,0.68,1000
5415,405.656,396.739,396.739,0.0482,8.917,75,-14.79,0.67,1000
5416,405.731,396.815,396.815,0.0478,8.917,75,-14.8,0.67,1000
5417,405.806,396.89,396.89,0.0474,8.916,75,-14.8,0.66,1000
5418,405.881,396.966,396.966,0.047,8.916,75,-14.81,0.66,1000
5419,405.956,397.041,397.041,0.0466,8.915,75,-14.81,0.65,1000
5420,406.031,397.116,397.116,0.0462,8.915,75,-14.82,0.65,1000
5421,406.106,397.192,397.192,0.0459,8.915,75,-14.82,0.64,1000
5422,406.181,397.267,397.267,0.0455,8.914,75,-14.83,0.64,1000
5423,406.256,397.342,397.342,0.0452,8.914,75,-14.83,0.63,1000
5424,406.331,397.418,397.418,0.0448,8.914,75,-14.84,0.63,1000
5425,406.406,397.493,397.493,0.0445,8.913,75,-14.84,0.62,1000
5426,406.481,397.568,397.568,0.0441,8.913,75,-14.85,0.62,1000
5427,406.556,397.644,397.644,0.0438,8.913,75,-14.85,0.61,1000
5428,406.631,397.719,397.719,0.0434,8.912,75,-14.85,0.61,1000
5429,406.706,397.794,397.794,0.0431,8.912,75,-14.86,0.6,1000
5430,406.781,397.87,397.87,0.0428,8.912,75,-14.86,0.6,1000
5431,406.856,397.945,397.945,0.0425,8.911,75,-14.87,0.59,1000
5432,406.931,398.02,398.02,0.0421,8.911,75,-14.87,0.59,1000
5433,407.006,398.096,398.096,0.0418,8.911,75,-14.87,0.58,1000
5434,407.081,398.171,398.171,0.0415,8.91,75,-14.88,0.58,1000
5435,407.156,398.246,398.246,0.0412,8.91,75,-14.88,0.58,1000
5436,407.231,398.322,398.322,0.0409,8.91,75,-14.89,0.57,1000
5437,407.306,398.397,398.397,0.0406,8.909,75,-14.89,0.57,1000
5438,407.381,398.472,398.472,0.0404,8.909,75,-14.89,0.56,1000
5439,407.456,398.547,398.547,0.0401,8.909,75,-14.9,0.56,1000
5440,407.531,398.623,398.623,0.0398,8.909,75,-14.9,0.56,1000
5441,407.606,398.698,398.698,0.0395,8.908,75,-14.9,0.55,1000
5442,407.681,398.773,398.773,0.0393,8.908,75,-14.91,0.55,1000
5443,407.756,398.849,398.849,0.039,8.908,75,-14.91,0.54,1000
5444,407.831,398.924,398.924,0.0387,8.907,75,-14.91,0.54,1000
5445,407.906,398.999,398.999,0.0385,8.907,75,-14.92,0.54,1000
5446,407.981,399.074,399.074,0.0382,8.907,75,-14.92,0.53,1000
5447,408.056,399.15,399.15,0.038,8.907,75,-14.92,0.53,1000
5448,408.131,399.225,399.225,0.0377,8.906,75,-14.93,0.53,1000
5449,408.206,399.3,399.3,0.0375,8.906,75,-14.93,0.52,1000
5450,408.281,399.375,399.375,0.0373,8.906,75,-14.93,0.52,1000
5451,408.356,399.45,399.45,0.0371,8.906,75,-14.93,0.52,1000
5452,408.431,399.526,399.526,0.0368,8.906,75,-14.94,0.51,1000
5453,408.506,399.601,399.601,0.0366,8.905,75,-14.94,0.51,1000
5454,408.581,399.676,399.676,0.0364,8.905,75,-14.94,0.51,1000
5455,408.656,399.751,399.751,0.0362,8.905,75,-14.95,0.51,1000
5456,408.731,399.827,399.827,0.036,8.905,75,-14.95,0.5,1000
5457,408.806,399.902,399.902,0.0358,8.905,75,-14.95,0.5,1000
5458,408.881,399.977,399.977,0.0356,8.904,75,-14.95,0.5,1000
5459,408.956,400.052,400.052,0.0354,8.904,75,-14.95,0.49,1000
5460,409.031,400.127,400.127,0.0352,8.904,75,-14.96,0.49,1000
5461,409.106,400.202,400.202,0.0351,8.904,75,-14.96,0.49,1000
5462,409.181,400.278,400.278,0.0349,8.904,75,-14.96,0.49,1000
5463,409.256,400.353,400.353,0.0347,8.903,75,-14.96,0.48,1000
5464,409.331,400.428,400.428,0.0346,8.903,75,-14.97,0.48,1000
5465,409.406,400.503,400.503,0.0344,8.903,75,-14.97,0.48,1000
5466,409.481,400.578,400.578,0.0342,8.903,75,-14.97,0.48,1000
5467,409.556,400.653,400.653,0.0341,8.903,75,-14.97,0.48,1000
5468,409.631,400.729,400.729,0.0339,8.903,75,-14.97,0.47,1000
5469,409.706,400.804,400.804,0.0338,8.903,75,-14.98,0.47,1000
5470,409.781,400.879,400.879,0.0337,8.902,75,-14.98,0.47,1000
5471,409.856,400.954,400.954,0.0335,8.902,75,-14.98,0.47,1000
5472,409.931,401.029,401.029,0.0334,8.902,75,-14.98,0.47,1000
5473,410.006,401.104,401.104,0.0333,8.902,75,-14.98,0.46,1000
5474,410.081,401.179,401.179,0.0332,8.902,75,-14.98,0.46,1000
5475,410.156,401.254,401.254,0.0331,8.902,75,-14.98,0.46,1000
5476,410.231,401.33,401.33,0.033,8.902,75,-14.99,0.46,1000
5477,410.306,401.405,401.405,0.0329,8.902,75,-14.99,0.46,1000
5478,410.381,401.48,401.48,0.0328,8.902,75,-14.99,0.46,1000
5479,410.456,401.555,401.555,0.0327,8.901,75,-14.99,0.46,1000
5480,410.531,401.63,401.63,0.0326,8.901,75,-14.99,0.45,1000
5481,410.606,401.705,401.705,0.0325,8.901,75,-14.99,0.45,1000
5482,410.681,401.78,401.78,0.0324,8.901,75,-14.99,0.45,1000
5483,410.756,401.855,401.855,0.0324,8.901,75,-14.99,0.45,1000
5484,410.831,401.93,401.93,0.0323,8.901,75,-14.99,0.45,1000
5485,410.906,402.005,402.005,0.0322,8.901,75,-15.0,0.45,1000
5486,410.981,402.08,402.08,0.0322,8.901,75,-15.0,0.45,1000
5487,411.056,402.155,402.155,0.0321,8.901,75,-15.0,0.45,1000
5488,411.131,402.23,402.23,0.0321,8.901,75,-15.0,0.45,1000
5489,411.206,402.305,402.305,0.032,8.901,75,-15.0,0.45,1000
5490,411.281,402.381,402.381,0.032,8.901,75,-15.0,0.45,1000
5491,411.356,402.456,402.456,0.0319,8.901,75,-15.0,0.45,1000
5492,411.431,402.531,402.531,0.0319,8.901,75,-15.0,0.45,1000
5493,411.506,402.606,402.606,0.0319,8.901,75,-15.0,0.45,1000
5494,411.581,402.681,402.681,0.0319,8.901,75,-15.0,0.44,1000
5495,411.656,402.756,402.756,0.0318,8.901,75,-15.0,0.44,1000
5496,411.731,402.831,402.831,0.0318,8.901,75,-15.0,0.44,1000
5497,411.806,402.906,402.906,0.0318,8.901,75,-15.0,0.44,1000
5498,411.881,402.981,402.981,0.0318,8.901,75,-15.0,0.44,1000
5499,411.956,403.056,403.056,0.0318,8.901,75,-15.0,0.44,1000
5500,412.031,403.131,403.131,0.0318,8.901,75,-15.0,0.44,1000
5501,412.106,403.206,403.206,0.0319,8.901,75,-15.0,0.44,1000
5502,412.181,403.281,403.281,0.0319,8.901,75,-15.0,0.45,1000
5503,412.256,403.356,403.356,0.0319,8.901,75,-15.0,0.45,1000
5504,412.331,403.431,403.431,0.0319,8.901,75,-15.0,0.45,1000
5505,412.406,403.506,403.506,0.032,8.901,75,-15.0,0.45,1000
5506,412.481,403.581,403.581,0.032,8.901,75,-15.0,0.45,1000
5507,412.556,403.655,403.655,0.032,8.901,75,-15.0,0.45,1000
5508,412.631,403.73,403.73,0.0321,8.901,75,-15.0,0.45,1000
5509,412.706,403.805,403.805,0.0321,8.901,75,-15.0,0.45,1000
5510,412.781,403.88,403.88,0.0322,8.901,75,-15.0,0.45,1000
5511,412.856,403.955,403.955,0.0322,8.901,75,-14.99,0.45,1000
5512,412.931,404.03,404.03,0.0323,8.901,75,-14.99,0.45,1000
5513,413.006,404.105,404.105,0.0324,8.901,75,-14.99,0.45,1000
5514,413.081,404.18,404.18,0.0325,8.901,75,-14.99,0.45,1000
5515,413.156,404.255,404.255,0.0325,8.901,75,-14.99,0.45,1000
5516,413.231,404.33,404.33,0.0326,8.901,75,-14.99,0.46,1000
5517,413.306,404.405,404.405,0.0327,8.901,75,-14.99,0.46,1000
5518,413.381,404.48,404.48,0.0328,8.902,75,-14.99,0.46,1000
5519,413.456,404.555,404.555,0.0329,8.902,75,-14.99,0.46,1000
5520,413.531,404.629,404.629,0.033,8.902,75,-14.99,0.46,1000
5521,413.606,404.704,404.704,0.0331,8.902,75,-14.98,0.46,1000
5522,413.681,404.779,404.779,0.0332,8.902,75,-14.98,0.46,1000
5523,413.756,404.854,404.854,0.0333,8.902,75,-14.98,0.47,1000
5524,413.831,404.929,404.929,0.0335,8.902,75,-14.98,0.47,1000
5525,413.906,405.004,405.004,0.0336,8.902,75,-14.98,0.47,1000
5526,413.981,405.079,405.079,0.0337,8.902,75,-14.98,0.47,1000
5527,414.056,405.154,405.154,0.0339,8.903,75,-14.97,0.47,1000
5528,414.131,405.228,405.228,0.034,8.903,75,-14.97,0.47,1000
5529,414.206,405.303,405.303,0.0342,8.903,75,-14.97,0.48,1000
5530,414.281,405.378,405.378,0.0343,8.903,75,-14.97,0.48,1000
5531,414.356,405.453,405.453,0.0345,8.903,75,-14.97,0.48,1000
5532,414.431,405.528,405.528,0.0346,8.903,75,-14.96,0.48,1000
5533,414.506,405.603,405.603,0.0348,8.904,75,-14.96,0.49,1000
5534,414.581,405.678,405.678,0.035,8.904,75,-14.96,0.49,1000
5535,414.656,405.752,405.752,0.0351,8.904,75,-14.96,0.49,1000
5536,414.731,405.827,405.827,0.0353,8.904,75,-14.96,0.49,1000
5537,414.806,405.902,405.902,0.0355,8.904,75,-14.95,0.5,1000
5538,414.881,405.977,405.977,0.0357,8.904,75,-14.95,0.5,1000
5539,414.956,406.052,406.052,0.0359,8.905,75,-14.95,0.5,1000
5540,415.031,406.126,406.126,0.0361,8.905,75,-14.95,0.5,1000
5541,415.106,406.201,406.201,0.0363,8.905,75,-14.94,0.51,1000
5542,415.181,406.276,406.276,0.0365,8.905,75,-14.94,0.51,1000
5543,415.256,406.351,406.351,0.0367,8.905,75,-14.94,0.51,1000
5544,415.331,406.426,406.426,0.0369,8.906,75,-14.94,0.52,1000
5545,415.406,406.5,406.5,0.0371,8.906,75,-14.93,0.52,1000
5546,415.481,406.575,406.575,0.0374,8.906,75,-14.93,0.52,1000
5547,415.556,406.65,406.65,0.0376,8.906,75,-14.93,0.53,1000
5548,415.631,406.725,406.725,0.0378,8.907,75,-14.92,0.53,1000
5549,415.706,406.799,406.799,0.0381,8.907,75,-14.92,0.53,1000
5550,415.781,406.874,406.874,0.0383,8.907,75,-14.92,0.54,1000
5551,415.856,406.949,406.949,0.0386,8.907,75,-14.92,0.54,1000
5552,415.931,407.024,407.024,0.0388,8.908,75,-14.91,0.54,1000
5553,416.006,407.098,407.098,0.0391,8.908,75,-14.91,0.55,1000
5554,416.081,407.173,407.173,0.0394,8.908,75,-14.91,0.55,1000
5555,416.156,407.248,407.248,0.0396,8.908,75,-14.9,0.55,1000
5556,416.231,407.323,407.323,0.0399,8.909,75,-14.9,0.56,1000
5557,416.306,407.397,407.397,0.0402,8.909,75,-14.89,0.56,1000
5558,416.381,407.472,407.472,0.0405,8.909,75,-14.89,0.57,1000
5559,416.456,407.547,407.547,0.0408,8.91,75,-14.89,0.57,1000
5560,416.531,407.621,407.621,0.0411,8.91,75,-14.88,0.57,1000
5561,416.606,407.696,407.696,0.0414,8.91,75,-14.88,0.58,1000
5562,416.681,407.771,407.771,0.0417,8.91,75,-14.88,0.58,1000
5563,416.756,407.846,407.846,0.042,8.911,75,-14.87,0.59,1000
5564,416.831,407.92,407.92,0.0423,8.911,75,-14.87,0.59,1000
5565,416.906,407.995,407.995,0.0426,8.911,75,-14.86,0.59,1000
5566,416.981,408.07,408.07,0.0429,8.912,75,-14.86,0.6,1000
5567,417.056,408.144,408.144,0.0432,8.912,75,-14.86,0.6,1000
5568,417.131,408.219,408.219,0.0436,8.912,75,-14.85,0.61,1000
5569,417.206,408.294,408.294,0.0439,8.913,75,-14.85,0.61,1000
5570,417.281,408.368,408.368,0.0443,8.913,75,-14.84,0.62,1000
5571,417.356,408.443,408.443,0.0446,8.913,75,-14.84,0.62,1000
5572,417.431,408.518,408.518,0.045,8.914,75,-14.84,0.63,1000
5573,417.506,408.592,408.592,0.0453,8.914,75,-14.83,0.63,1000
5574,417.581,408.667,408.667,0.0457,8.914,75,-14.83,0.64,1000
5575,417.656,408.741,408.741,0.046,8.915,75,-14.82,0.64,1000
5576,417.731,408.816,408.816,0.0464,8.915,75,-14.82,0.65,1000
5577,417.806,408.891,408.891,0.0468,8.916,75,-14.81,0.65,1000
5578,417.881,408.965,408.965,0.0472,8.916,75,-14.81,0.66,1000
5579,417.956,409.04,409.04,0.0475,8.916,75,-14.8,0.66,1000
5580,418.031,409.115,409.115,0.0479,8.917,75,-14.8,0.67,1000
5581,418.106,409.189,409.189,0.0483,8.917,75,-14.79,0.67,1000
5582,418.181,409.264,409.264,0.0487,8.917,75,-14.79,0.68,1000
5583,418.256,409.338,409.338,0.0491,8.918,75,-14.78,0.69,1000
5584,418.331,409.413,409.413,0.0495,8.918,75,-14.78,0.69,1000
5585,418.406,409.488,409.488,0.0499,8.919,75,-14.77,0.7,1000
5586,418.481,409.562,409.562,0.0504,8.919,75,-14.77,0.7,1000
5587,418.556,409.637,409.637,0.0508,8.92,75,-14.76,0.71,1000
5588,418.631,409.711,409.711,0.0512,8.92,75,-14.76,0.71,1000
5589,418.706,409.786,409.786,0.0516,8.92,75,-14.75,0.72,1000
5590,418.781,409.86,409.86,0.0521,8.921,75,-14.75,0.73,1000
5591,418.856,409.935,409.935,0.0525,8.921,75,-14.74,0.73,1000
5592,418.931,410.01,410.01,0.053,8.922,75,-14.73,0.74,1000
5593,419.006,410.084,410.084,0.0534,8.922,75,-14.73,0.75,1000
5594,419.081,410.159,410.159,0.0539,8.923,75,-14.72,0.75,1000
5595,419.156,410.233,410.233,0.0543,8.923,75,-14.72,0.76,1000
5596,419.231,410.308,410.308,0.0548,8.924,75,-14.71,0.76,1000
5597,419.306,410.382,410.382,0.0553,8.924,75,-14.71,0.77,1000
5598,419.381,410.457,410.457,0.0557,8.924,75,-14.7,0.78,1000
5599,419.456,410.531,410.531,0.0562,8.925,75,-14.69,0.78,1000
5600,419.531,410.606,410.606,0.0567,8.925,75,-14.69,0.79,1000
5601,419.606,410.68,410.68,0.0572,8.926,75,-14.68,0.8,1000
5602,419.681,410.755,410.755,0.0577,8.926,75,-14.68,0.81,1000
5603,419.756,410.829,410.829,0.0582,8.927,75,-14.67,0.81,1000
5604,419.831,410.904,410.904,0.0587,8.927,75,-14.66,0.82,1000
5605,419.906,410.978,410.978,0.0592,8.928,75,-14.66,0.83,1000
5606,419.981,411.053,411.053,0.0597,8.928,75,-14.65,0.83,1000
5607,420.056,411.127,411.127,0.0602,8.929,75,-14.64,0.84,1000
5608,420.131,411.202,411.202,0.0607,8.929,75,-14.64,0.85,1000
5609,420.206,411.276,411.276,0.0612,8.93,75,-14.63,0.86,1000
5610,420.281,411.351,411.351,0.0618,8.931,75,-14.62,0.86,1000
5611,420.356,411.425,411.425,0.0623,8.931,75,-14.62,0.87,1000
5612,420.431,411.5,411.5,0.0628,8.932,75,-14.61,0.88,1000
5613,420.506,411.574,411.574,0.0634,8.932,75,-14.6,0.88,1000
5614,420.581,411.649,411.649,0.0639,8.933,75,-14.6,0.89,1000
5615,420.656,411.723,411.723,0.0645,8.933,75,-14.59,0.9,1000
5616,420.731,411.797,411.797,0.065,8.934,75,-14.58,0.91,1000
5617,420.806,411.872,411.872,0.0656,8.934,75,-14.58,0.92,1000
5618,420.881,411.946,411.946,0.0662,8.935,75,-14.57,0.92,1000
5619,420.956,412.021,412.021,0.0667,8.935,75,-14.56,0.93,1000
5620,421.031,412.095,412.095,0.0673,8.936,75,-14.55,0.94,1000
5621,421.106,412.17,412.17,0.0679,8.937,75,-14.55,0.95,1000
5622,421.181,412.244,412.244,0.0685,8.937,75,-14.54,0.96,1000
5623,421.256,412.318,412.318,0.0691,8.938,75,-14.53,0.96,1000
5624,421.331,412.393,412.393,0.0697,8.938,75,-14.52,0.97,1000
5625,421.406,412.467,412.467,0.0703,8.939,75,-14.52,0.98,1000
5626,421.481,412.542,412.542,0.0709,8.94,75,-14.51,0.99,1000
5627,421.556,412.616,412.616,0.0715,8.94,75,-14.5,1.0,1000
5628,421.631,412.69,412.69,0.0721,8.941,75,-14.49,1.01,1000
5629,421.706,412.765,412.765,0.0727,8.941,75,-14.49,1.02,1000
5630,421.781,412.839,412.839,0.0733,8.942,75,-14.48,1.02,1000
5631,421.856,412.914,412.914,0.0739,8.943,75,-14.47,1.03,1000
5632,421.931,412.988,412.988,0.0746,8.943,75,-14.46,1.04,1000
5633,422.006,413.062,413.062,0.0752,8.944,75,-14.45,1.05,1000
5634,422.081,413.137,413.137,0.0759,8.945,75,-14.45,1.06,1000
5635,422.156,413.211,413.211,0.0765,8.945,75,-14.44,1.07,1000
5636,422.231,413.285,413.285,0.0771,8.946,75,-14.43,1.08,1000
5637,422.306,413.36,413.36,0.0778,8.947,75,-14.42,1.09,1000
5638,422.381,413.434,413.434,0.0785,8.947,75,-14.41,1.1,1000
5639,422.456,413.508,413.508,0.0791,8.948,75,-14.41,1.1,1000
5640,422.531,413.583,413.583,0.0798,8.949,75,-14.4,1.11,1000
5641,422.606,413.657,413.657,0.0805,8.949,75,-14.39,1.12,1000
5642,422.681,413.731,413.731,0.0811,8.95,75,-14.38,1.13,1000
5643,422.756,413.806,413.806,0.0818,8.951,75,-14.37,1.14,1000
5644,422.831,413.88,413.88,0.0825,8.951,75,-14.36,1.15,1000
5645,422.906,413.954,413.954,0.0832,8.952,75,-14.35,1.16,1000
5646,422.981,414.029,414.029,0.0839,8.953,75,-14.35,1.17,1000
5647,423.056,414.103,414.103,0.0846,8.953,75,-14.34,1.18,1000
5648,423.131,414.177,414.177,0.0853,8.954,75,-14.33,1.19,1000
5649,423.206,414.251,414.251,0.086,8.955,75,-14.32,1.2,1000
5650,423.281,414.326,414.326,0.0867,8.955,75,-14.31,1.21,1000
5651,423.356,414.4,414.4,0.0874,8.956,75,-14.3,1.22,1000
5652,423.431,414.474,414.474,0.0882,8.957,75,-14.29,1.23,1000
5653,423.506,414.549,414.549,0.0889,8.958,75,-14.28,1.24,1000
5654,423.581,414.623,414.623,0.0896,8.958,75,-14.27,1.25,1000
5655,423.656,414.697,414.697,0.0904,8.959,75,-14.26,1.26,1000
5656,423.731,414.771,414.771,0.0911,8.96,75,-14.26,1.27,1000
5657,423.806,414.846,414.846,0.0918,8.961,75,-14.25,1.28,1000
5658,423.881,414.92,414.92,0.0926,8.961,75,-14.24,1.29,1000
5659,423.956,414.994,414.994,0.0933,8.962,75,-14.23,1.3,1000
5660,424.031,415.068,415.068,0.0941,8.963,75,-14.22,1.31,1000
5661,424.106,415.143,415.143,0.0949,8.964,75,-14.21,1.32,1000
5662,424.181,415.217,415.217,0.0956,8.964,75,-14.2,1.34,1000
5663,424.256,415.291,415.291,0.0964,8.965,75,-14.19,1.35,1000
5664,424.331,415.365,415.365,0.0972,8.966,75,-14.18,1.36,1000
5665,424.406,415.44,415.44,0.098,8.967,75,-14.17,1.37,1000
5666,424.481,415.514,415.514,0.0987,8.967,75,-14.16,1.38,1000
5667,424.556,415.588,415.588,0.0995,8.968,75,-14.15,1.39,1000
5668,424.631,415.662,415.662,0.1003,8.969,75,-14.14,1.4,1000
5669,424.706,415.736,415.736,0.1011,8.97,75,-14.13,1.41,1000
5670,424.781,415.811,415.811,0.1019,8.971,75,-14.12,1.42,1000
5671,424.856,415.885,415.885,0.1027,8.971,75,-14.11,1.43,1000
5672,424.931,415.959,415.959,0.1036,8.972,75,-14.1,1.45,1000
5673,425.006,416.033,416.033,0.1044,8.973,75,-14.09,1.46,1000
5674,425.081,416.107,416.107,0.1052,8.974,75,-14.08,1.47,1000
5675,425.156,416.181,416.181,0.106,8.975,75,-14.07,1.48,1000
5676,425.231,416.256,416.256,0.1069,8.976,75,-14.06,1.49,1000
5677,425.306,416.33,416.33,0.1077,8.976,75,-14.05,1.5,1000
5678,425.381,416.404,416.404,0.1085,8.977,75,-14.04,1.52,1000
5679,425.456,416.478,416.478,0.1094,8.978,75,-14.03,1.53,1000
5680,425.531,416.552,416.552,0.1102,8.979,75,-14.01,1.54,1000
5681,425.606,416.626,416.626,0.1111,8.98,75,-14.0,1.55,1000
5682,425.681,416.701,416.701,0.1119,8.981,75,-13.99,1.56,1000
5683,425.756,416.775,416.775,0.1128,8.982,75,-13.98,1.57,1000
5684,425.831,416.849,416.849,0.1137,8.982,75,-13.97,1.59,1000
5685,425.906,416.923,416.923,0.1145,8.983,75,-13.96,1.6,1000
5686,425.981,416.997,416.997,0.1154,8.984,75,-13.95,1.61,1000
5687,426.056,417.071,417.071,0.1163,8.985,75,-13.94,1.62,1000
5688,426.131,417.145,417.145,0.1172,8.986,75,-13.93,1.64,1000
5689,426.206,417.219,417.219,0.1181,8.987,75,-13.92,1.65,1000
5690,426.281,417.294,417.294,0.119,8.988,75,-13.91,1.66,1000
5691,426.356,417.368,417.368,0.1198,8.989,75,-13.89,1.67,1000
5692,426.431,417.442,417.442,0.1208,8.99,75,-13.88,1.69,1000
5693,426.506,417.516,417.516,0.1217,8.99,75,-13.87,1.7,1000
5694,426.581,417.59,417.59,0.1226,8.991,75,-13.86,1.71,1000
5695,426.656,417.664,417.664,0.1235,8.992,75,-13.85,1.72,1000
5696,426.731,417.738,417.738,0.1244,8.993,75,-13.84,1.74,1000
5697,426.806,417.812,417.812,0.1253,8.994,75,-13.83,1.75,1000
5698,426.881,417.886,417.886,0.1263,8.995,75,-13.81,1.76,1000
5699,426.956,417.96,417.96,0.1272,8.996,75,-13.8,1.78,1000
5700,427.031,418.034,418.034,0.1281,8.997,75,-13.79,1.79,1000
5701,427.106,418.108,418.108,0.1291,8.998,75,-13.78,1.8,1000
5702,427.181,418.182,418.182,0.13,8.999,75,-13.77,1.82,1000
5703,427.256,418.257,418.257,0.131,9.0,75,-13.75,1.83,1000
5704,427.331,418.331,418.331,0.1319,9.001,75,-13.74,1.84,1000
5705,427.406,418.405,418.405,0.1329,9.002,75,-13.73,1.86,1000
5706,427.481,418.479,418.479,0.1338,9.003,75,-13.72,1.87,1000
5707,427.556,418.553,418.553,0.1348,9.004,75,-13.71,1.88,1000
5708,427.631,418.627,418.627,0.1358,9.005,75,-13.69,1.9,1000
5709,427.706,418.701,418.701,0.1368,9.006,75,-13.68,1.91,1000
5710,427.781,418.775,418.775,0.1377,9.006,75,-13.67,1.92,1000
5711,427.856,418.849,418.849,0.1387,9.007,75,-13.66,1.94,1000
5712,427.931,418.923,418.923,0.1397,9.008,75,-13.64,1.95,1000
5713,428.006,418.997,418.997,0.1407,9.009,75,-13.63,1.96,1000
5714,428.081,419.071,419.071,0.1417,9.01,75,-13.62,1.98,1000
5715,428.156,419.145,419.145,0.1427,9.011,75,-13.61,1.99,1000
5716,428.231,419.219,419.219,0.1437,9.012,75,-13.59,2.01,1000
5717,428.306,419.293,419.293,0.1447,9.013,75,-13.58,2.02,1000
5718,428.381,419.367,419.367,0.1457,9.014,75,-13.57,2.03,1000
5719,428.456,419.441,419.441,0.1468,9.016,75,-13.56,2.05,1000
5720,428.531,419.515,419.515,0.1478,9.017,75,-13.54,2.06,1000
5721,428.606,419.589,419.589,0.1488,9.018,75,-13.53,2.08,1000
5722,428.681,419.663,419.663,0.1498,9.019,75,-13.52,2.09,1000
5723,428.756,419.737,419.737,0.1509,9.02,75,-13.5,2.11,1000
5724,428.831,419.811,419.811,0.1519,9.021,75,-13.49,2.12,1000
5725,428.906,419.885,419.885,0.153,9.022,75,-13.48,2.14,1000
5726,428.981,419.958,419.958,0.154,9.023,75,-13.46,2.15,1000
5727,429.056,420.032,420.032,0.1551,9.024,75,-13.45,2.17,1000
5728,429.131,420.106,420.106,0.1561,9.025,75,-13.44,2.18,1000
5729,429.206,420.18,420.18,0.1572,9.026,75,-13.42,2.19,1000
5730,429.281,420.254,420.254,0.1583,9.027,75,-13.41,2.21,1000
5731,429.356,420.328,420.328,0.1593,9.028,75,-13.4,2.22,1000
5732,429.431,420.402,420.402,0.1604,9.029,75,-13.38,2.24,1000
5733,429.506,420.476,420.476,0.1615,9.03,75,-13.37,2.25,1000
5734,429.581,420.55,420.55,0.1626,9.031,75,-13.36,2.27,1000
5735,429.656,420.624,420.624,0.1637,9.032,75,-13.34,2.29,1000
5736,429.731,420.698,420.698,0.1648,9.034,75,-13.33,2.3,1000
5737,429.806,420.772,420.772,0.1659,9.035,75,-13.32,2.32,1000
5738,429.881,420.846,420.846,0.167,9.036,75,-13.3,2.33,1000
5739,429.956,420.919,420.919,0.1681,9.037,75,-13.29,2.35,1000
5740,430.031,420.993,420.993,0.1692,9.038,75,-13.27,2.36,1000
5741,430.106,421.067,421.067,0.1703,9.039,75,-13.26,2.38,1000
5742,430.181,421.141,421.141,0.1714,9.04,75,-13.25,2.39,1000
5743,430.256,421.215,421.215,0.1725,9.041,75,-13.23,2.41,1000
5744,430.331,421.289,421.289,0.1737,9.042,75,-13.22,2.42,1000
5745,430.406,421.363,421.363,0.1748,9.044,75,-13.2,2.44,1000
5746,430.481,421.437,421.437,0.1759,9.045,75,-13.19,2.46,1000
5747,430.556,421.51,421.51,0.1771,9.046,75,-13.18,2.47,1000
5748,430.631,421.584,421.584,0.1782,9.047,75,-13.16,2.49,1000
5749,430.706,421.658,421.658,0.1793,9.048,75,-13.15,2.5,1000
5750,430.781,421.732,421.732,0.1805,9.049,75,-13.13,2.52,1000
5751,430.856,421.806,421.806,0.1817,9.05,75,-13.12,2.54,1000
5752,430.931,421.88,421.88,0.1828,9.052,75,-13.1,2.55,1000
5753,431.006,421.954,421.954,0.184,9.053,75,-13.09,2.57,1000
5754,431.081,422.027,422.027,0.1851,9.054,75,-13.07,2.59,1000
5755,431.156,422.101,422.101,0.1863,9.055,75,-13.06,2.6,1000
5756,431.231,422.175,422.175,0.1875,9.056,75,-13.04,2.62,1000
5757,431.306,422.249,422.249,0.1887,9.057,75,-13.03,2.63,1000
5758,431.381,422.323,422.323,0.1899,9.059,75,-13.01,2.65,1000
5759,431.456,422.396,422.396,0.1911,9.06,75,-13.0,2.67,1000
5760,431.531,422.47,422.47,0.1922,9.061,75,-12.98,2.68,1000
5761,431.606,422.544,422.544,0.1934,9.062,75,-12.97,2.7,1000
5762,431.681,422.618,422.618,0.1946,9.063,75,-12.95,2.72,1000
5763,431.756,422.692,422.692,0.1958,9.065,75,-12.94,2.73,1000
5764,431.831,422.765,422.765,0.1971,9.066,75,-12.92,2.75,1000
5765,431.906,422.839,422.839,0.1983,9.067,75,-12.91,2.77,1000
5766,431.981,422.913,422.913,0.1995,9.068,75,-12.89,2.79,1000
5767,432.056,422.987,422.987,0.2007,9.069,75,-12.88,2.8,1000
5768,432.131,423.061,423.061,0.2019,9.071,75,-12.86,2.82,1000
5769,432.206,423.134,423.134,0.2032,9.072,75,-12.85,2.84,1000
5770,432.281,423.208,423.208,0.2044,9.073,75,-12.83,2.85,1000
5771,432.356,423.282,423.282,0.2056,9.074,75,-12.82,2.87,1000
5772,432.431,423.356,423.356,0.2069,9.076,75,-12.8,2.89,1000
5773,432.506,423.429,423.429,0.2081,9.077,75,-12.78,2.91,1000
5774,432.581,423.503,423.503,0.2094,9.078,75,-12.77,2.92,1000
5775,432.656,423.577,423.577,0.2106,9.079,75,-12.75,2.94,1000
5776,432.731,423.651,423.651,0.2119,9.081,75,-12.74,2.96,1000
5777,432.806,423.724,423.724,0.2132,9.082,75,-12.72,2.98,1000
5778,432.881,423.798,423.798,0.2144,9.083,75,-12.71,2.99,1000
5779,432.956,423.872,423.872,0.2157,9.084,75,-12.69,3.01,1000
5780,433.031,423.946,423.946,0.217,9.086,75,-12.67,3.03,1000
5781,433.106,424.019,424.019,0.2183,9.087,75,-12.66,3.05,1000
5782,433.181,424.093,424.093,0.2195,9.088,75,-12.64,3.07,1000
5783,433.256,424.167,424.167,0.2208,9.09,75,-12.63,3.08,1000
5784,433.331,424.24,424.24,0.2221,9.091,75,-12.61,3.1,1000
5785,433.406,424.314,424.314,0.2234,9.092,75,-12.59,3.12,1000
5786,433.481,424.388,424.388,0.2247,9.093,75,-12.58,3.14,1000
5787,433.556,424.461,424.461,0.226,9.095,75,-12.56,3.16,1000
5788,433.631,424.535,424.535,0.2273,9.096,75,-12.54,3.17,1000
5789,433.706,424.609,424.609,0.2286,9.097,75,-12.53,3.19,1000
5790,433.781,424.683,424.683,0.2299,9.099,75,-12.51,3.21,1000
5791,433.856,424.756,424.756,0.2313,9.1,75,-12.49,3.23,1000
5792,433.931,424.83,424.83,0.2326,9.101,75,-12.48,3.25,1000
5793,434.006,424.904,424.904,0.2339,9.103,75,-12.46,3.27,1000
5794,434.081,424.977,424.977,0.2352,9.104,75,-12.44,3.28,1000
5795,434.156,425.051,425.051,0.2366,9.105,75,-12.43,3.3,1000
5796,434.231,425.125,425.125,0.2379,9.107,75,-12.41,3.32,1000
5797,434.306,425.198,425.198,0.2393,9.108,75,-12.39,3.34,1000
5798,434.381,425.272,425.272,0.2406,9.109,75,-12.38,3.36,1000
5799,434.456,425.346,425.346,0.242,9.111,75,-12.36,3.38,1000
5800,434.531,425.419,425.419,0.2433,9.112,75,-12.34,3.4,1000
5801,434.606,425.493,425.493,0.2447,9.113,75,-12.33,3.42,1000
5802,434.681,425.566,425.566,0.246,9.115,75,-12.31,3.44,1000
5803,434.756,425.64,425.64,0.2474,9.116,75,-12.29,3.45,1000
5804,434.831,425.714,425.714,0.2488,9.118,75,-12.27,3.47,1000
5805,434.906,425.787,425.787,0.2501,9.119,75,-12.26,3.49,1000
5806,434.981,425.861,425.861,0.2515,9.12,75,-12.24,3.51,1000
5807,435.056,425.935,425.935,0.2529,9.122,75,-12.22,3.53,1000
5808,435.131,426.008,426.008,0.2543,9.123,75,-12.2,3.55,1000
5809,435.206,426.082,426.082,0.2557,9.124,75,-12.19,3.57,1000
5810,435.281,426.155,426.155,0.2571,9.126,75,-12.17,3.59,1000
5811,435.356,426.229,426.229,0.2585,9.127,75,-12.15,3.61,1000
5812,435.431,426.303,426.303,0.2599,9.129,75,-12.13,3.63,1000
5813,435.506,426.376,426.376,0.2613,9.13,75,-12.12,3.65,1000
5814,435.581,426.45,426.45,0.2627,9.131,75,-12.1,3.67,1000
5815,435.656,426.523,426.523,0.2641,9.133,75,-12.08,3.69,1000
5816,435.731,426.597,426.597,0.2655,9.134,75,-12.06,3.71,1000
5817,435.806,426.671,426.671,0.2669,9.136,75,-12.05,3.73,1000
5818,435.881,426.744,426.744,0.2684,9.137,75,-12.03,3.75,1000
5819,435.956,426.818,426.818,0.2698,9.139,75,-12.01,3.77,1000
5820,436.031,426.891,426.891,0.2712,9.14,75,-11.99,3.79,1000
5821,436.106,426.965,426.965,0.2727,9.141,75,-11.97,3.81,1000
5822,436.181,427.038,427.038,0.2741,9.143,75,-11.96,3.83,1000
5823,436.256,427.112,427.112,0.2755,9.144,75,-11.94,3.85,1000
5824,436.331,427.186,427.186,0.277,9.146,75,-11.92,3.87,1000
5825,436.406,427.259,427.259,0.2784,9.147,75,-11.9,3.89,1000
5826,436.481,427.333,427.333,0.2799,9.149,75,-11.88,3.91,1000
5827,436.556,427.406,427.406,0.2814,9.15,75,-11.86,3.93,1000
5828,436.631,427.48,427.48,0.2828,9.152,75,-11.85,3.95,1000
5829,436.706,427.553,427.553,0.2843,9.153,75,-11.83,3.97,1000
5830,436.781,427.627,427.627,0.2858,9.155,75,-11.81,3.99,1000
5831,436.856,427.7,427.7,0.2872,9.156,75,-11.79,4.01,1000
5832,436.931,427.774,427.774,0.2887,9.157,75,-11.77,4.03,1000
5833,437.006,427.847,427.847,0.2902,9.159,75,-11.75,4.05,1000
5834,437.081,427.921,427.921,0.2917,9.16,75,-11.73,4.07,1000
5835,437.156,427.994,427.994,0.2932,9.162,75,-11.72,4.09,1000
5836,437.231,428.068,428.068,0.2947,9.163,75,-11.7,4.11,1000
5837,437.306,428.141,428.141,0.2962,9.165,75,-11.68,4.14,1000
5838,437.381,428.215,428.215,0.2977,9.166,75,-11.66,4.16,1000
5839,437.456,428.288,428.288,0.2992,9.168,75,-11.64,4.18,1000
5840,437.531,428.362,428.362,0.3007,9.169,75,-11.62,4.2,1000
5841,437.606,428.435,428.435,0.3022,9.171,75,-11.6,4.22,1000
5842,437.681,428.509,428.509,0.3037,9.172,75,-11.58,4.24,1000
5843,437.756,428.582,428.582,0.3052,9.174,75,-11.56,4.26,1000
5844,437.831,428.656,428.656,0.3067,9.175,75,-11.55,4.28,1000
5845,437.906,428.729,428.729,0.3083,9.177,75,-11.53,4.3,1000
5846,437.981,428.803,428.803,0.3098,9.179,75,-11.51,4.33,1000
5847,438.056,428.876,428.876,0.3113,9.18,75,-11.49,4.35,1000
5848,438.131,428.95,428.95,0.3129,9.182,75,-11.47,4.37,1000
5849,438.206,429.023,429.023,0.3144,9.183,75,-11.45,4.39,1000
5850,438.281,429.097,429.097,0.3159,9.185,75,-11.43,4.41,1000
5851,438.356,429.17,429.17,0.3175,9.186,75,-11.41,4.43,1000
5852,438.431,429.243,429.243,0.319,9.188,75,-11.39,4.45,1000
5853,438.506,429.317,429.317,0.3206,9.189,75,-11.37,4.48,1000
5854,438.581,429.39,429.39,0.3222,9.191,75,-11.35,4.5,1000
5855,438.656,429.464,429.464,0.3237,9.192,75,-11.33,4.52,1000
5856,438.731,429.537,429.537,0.3253,9.194,75,-11.31,4.54,1000
5857,438.806,429.611,429.611,0.3269,9.196,75,-11.29,4.56,1000
5858,438.881,429.684,429.684,0.3284,9.197,75,-11.27,4.59,1000
5859,438.956,429.757,429.757,0.33,9.199,75,-11.25,4.61,1000
5860,439.031,429.831,429.831,0.3316,9.2,75,-11.23,4.63,1000
5861,439.106,429.904,429.904,0.3332,9.202,75,-11.21,4.65,1000
5862,439.181,429.978,429.978,0.3348,9.204,75,-11.19,4.67,1000
5863,439.256,430.051,430.051,0.3363,9.205,75,-11.17,4.7,1000
5864,439.331,430.125,430.125,0.3379,9.207,75,-11.15,4.72,1000
5865,439.406,430.198,430.198,0.3395,9.208,75,-11.13,4.74,1000
5866,439.481,430.271,430.271,0.3411,9.21,75,-11.11,4.76,1000
5867,439.556,430.345,430.345,0.3427,9.211,75,-11.09,4.79,1000
5868,439.631,430.418,430.418,0.3444,9.213,75,-11.07,4.81,1000
5869,439.706,430.492,430.492,0.346,9.215,75,-11.05,4.83,1000
5870,439.781,430.565,430.565,0.3476,9.216,75,-11.03,4.85,1000
5871,439.856,430.638,430.638,0.3492,9.218,75,-11.01,4.88,1000
5872,439.931,430.712,430.712,0.3508,9.22,75,-10.99,4.9,1000
5873,440.006,430.785,430.785,0.3525,9.221,75,-10.97,4.92,1000
5874,440.081,430.858,430.858,0.3541,9.223,75,-10.95,4.94,1000
5875,440.156,430.932,430.932,0.3557,9.224,75,-10.93,4.97,1000
5876,440.231,431.005,431.005,0.3574,9.226,75,-10.91,4.99,1000
5877,440.306,431.079,431.079,0.359,9.228,75,-10.89,5.01,1000
5878,440.381,431.152,431.152,0.3606,9.229,75,-10.87,5.04,1000
5879,440.456,431.225,431.225,0.3623,9.231,75,-10.85,5.06,1000
5880,440.531,431.299,431.299,0.3639,9.233,75,-10.83,5.08,1000
5881,440.606,431.372,431.372,0.3656,9.234,75,-10.81,5.1,1000
5882,440.681,431.445,431.445,0.3672,9.236,75,-10.79,5.13,1000
5883,440.756,431.519,431.519,0.3689,9.238,75,-10.76,5.15,1000
5884,440.831,431.592,431.592,0.3706,9.239,75,-10.74,5.17,1000
5885,440.906,431.665,431.665,0.3722,9.241,75,-10.72,5.2,1000
5886,440.981,431.739,431.739,0.3739,9.243,75,-10.7,5.22,1000
5887,441.056,431.812,431.812,0.3756,9.244,75,-10.68,5.24,1000
5888,441.131,431.885,431.885,0.3773,9.246,75,-10.66,5.27,1000
5889,441.206,431.959,431.959,0.3789,9.248,75,-10.64,5.29,1000
5890,441.281,432.032,432.032,0.3806,9.249,75,-10.62,5.31,1000
5891,441.356,432.105,432.105,0.3823,9.251,75,-10.6,5.34,1000
5892,441.431,432.178,432.178,0.384,9.253,75,-10.57,5.36,1000
5893,441.506,432.252,432.252,0.3857,9.254,75,-10.55,5.39,1000
5894,441.581,432.325,432.325,0.3874,9.256,75,-10.53,5.41,1000
5895,441.656,432.398,432.398,0.3891,9.258,75,-10.51,5.43,1000
5896,441.731,432.472,432.472,0.3908,9.26,75,-10.49,5.46,1000
5897,441.806,432.545,432.545,0.3925,9.261,75,-10.47,5.48,1000
5898,441.881,432.618,432.618,0.3942,9.263,75,-10.45,5.5,1000
5899,441.956,432.692,432.692,0.3959,9.265,75,-10.42,5.53,1000
5900,442.031,432.765,432.765,0.3977,9.266,75,-10.4,5.55,1000
5901,442.106,432.838,432.838,0.3994,9.268,75,-10.38,5.58,1000
5902,442.181,432.911,432.911,0.4011,9.27,75,-10.36,5.6,1000
5903,442.256,432.985,432.985,0.4028,9.272,75,-10.34,5.62,1000
5904,442.331,433.058,433.058,0.4046,9.273,75,-10.32,5.65,1000
5905,442.406,433.131,433.131,0.4063,9.275,75,-10.29,5.67,1000
5906,442.481,433.204,433.204,0.408,9.277,75,-10.27,5.7,1000
5907,442.556,433.278,433.278,0.4098,9.279,75,-10.25,5.72,1000
5908,442.631,433.351,433.351,0.4115,9.28,75,-10.23,5.75,1000
5909,442.706,433.424,433.424,0.4133,9.282,75,-10.21,5.77,1000
5910,442.781,433.497,433.497,0.415,9.284,75,-10.18,5.79,1000
5911,442.856,433.571,433.571,0.4168,9.286,75,-10.16,5.82,1000
5912,442.931,433.644,433.644,0.4185,9.287,75,-10.14,5.84,1000
5913,443.006,433.717,433.717,0.4203,9.289,75,-10.12,5.87,1000
5914,443.081,433.79,433.79,0.4221,9.291,75,-10.1,5.89,1000
5915,443.156,433.864,433.864,0.4238,9.293,75,-10.07,5.92,1000
5916,443.231,433.937,433.937,0.4256,9.294,75,-10.05,5.94,1000
5917,443.306,434.01,434.01,0.4274,9.296,75,-10.03,5.97,1000
5918,443.381,434.083,434.083,0.4291,9.298,75,-10.01,5.99,1000
5919,443.456,434.157,434.157,0.4309,9.3,75,-9.98,6.02,1000
5920,443.531,434.23,434.23,0.4327,9.301,75,-9.96,6.04,1000
5921,443.606,434.303,434.303,0.4345,9.303,75,-9.94,6.07,1000
5922,443.681,434.376,434.376,0.4363,9.305,75,-9.92,6.09,1000
5923,443.756,434.449,434.449,0.4381,9.307,75,-9.89,6.12,1000
5924,443.831,434.523,434.523,0.4399,9.309,75,-9.87,6.14,1000
5925,443.906,434.596,434.596,0.4417,9.31,75,-9.85,6.17,1000
5926,443.981,434.669,434.669,0.4435,9.312,75,-9.83,6.19,1000
5927,444.056,434.742,434.742,0.4453,9.314,75,-9.8,6.22,1000
5928,444.131,434.815,434.815,0.4471,9.316,75,-9.78,6.24,1000
5929,444.206,434.889,434.889,0.4489,9.318,75,-9.76,6.27,1000
5930,444.281,434.962,434.962,0.4507,9.319,75,-9.74,6.29,1000
5931,444.356,435.035,435.035,0.4525,9.321,75,-9.71,6.32,1000
5932,444.431,435.108,435.108,0.4544,9.323,75,-9.69,6.34,1000
5933,444.506,435.181,435.181,0.4562,9.325,75,-9.67,6.37,1000
5934,444.581,435.254,435.254,0.458,9.327,75,-9.64,6.39,1000
5935,444.656,435.328,435.328,0.4598,9.329,75,-9.62,6.42,1000
5936,444.731,435.401,435.401,0.4617,9.33,75,-9.6,6.45,1000
5937,444.806,435.474,435.474,0.4635,9.332,75,-9.58,6.47,1000
5938,444.881,435.547,435.547,0.4653,9.334,75,-9.55,6.5,1000
5939,444.956,435.62,435.62,0.4672,9.336,75,-9.53,6.52,1000
5940,445.031,435.693,435.693,0.469,9.338,75,-9.51,6.55,1000
5941,445.106,435.767,435.767,0.4709,9.34,75,-9.48,6.57,1000
5942,445.181,435.84,435.84,0.4727,9.341,75,-9.46,6.6,1000
5943,445.256,435.913,435.913,0.4746,9.343,75,-9.44,6.63,1000
5944,445.331,435.986,435.986,0.4764,9.345,75,-9.41,6.65,1000
5945,445.406,436.059,436.059,0.4783,9.347,75,-9.39,6.68,1000
5946,445.481,436.132,436.132,0.4802,9.349,75,-9.37,6.7,1000
5947,445.556,436.205,436.205,0.482,9.351,75,-9.34,6.73,1000
5948,445.631,436.279,436.279,0.4839,9.353,75,-9.32,6.76,1000
5949,445.706,436.352,436.352,0.4858,9.355,75,-9.3,6.78,1000
5950,445.781,436.425,436.425,0.4876,9.356,75,-9.27,6.81,1000
5951,445.856,436.498,436.498,0.4895,9.358,75,-9.25,6.84,1000
5952,445.931,436.571,436.571,0.4914,9.36,75,-9.22,6.86,1000
5953,446.006,436.644,436.644,0.4933,9.362,75,-9.2,6.89,1000
5954,446.081,436.717,436.717,0.4952,9.364,75,-9.18,6.91,1000
5955,446.156,436.79,436.79,0.4971,9.366,75,-9.15,6.94,1000
5956,446.231,436.864,436.864,0.499,9.368,75,-9.13,6.97,1000
5957,446.306,436.937,436.937,0.5009,9.37,75,-9.11,6.99,1000
5958,446.381,437.01,437.01,0.5028,9.372,75,-9.08,7.02,1000
5959,446.456,437.083,437.083,0.5047,9.373,75,-9.06,7.05,1000
5960,446.531,437.156,437.156,0.5066,9.375,75,-9.03,7.07,1000
5961,446.606,437.229,437.229,0.5085,9.377,75,-9.01,7.1,1000
5962,446.681,437.302,437.302,0.5104,9.379,75,-8.99,7.13,1000
5963,446.756,437.375,437.375,0.5123,9.381,75,-8.96,7.15,1000
5964,446.831,437.448,437.448,0.5142,9.383,75,-8.94,7.18,1000
5965,446.906,437.521,437.521,0.5161,9.385,75,-8.91,7.21,1000
5966,446.981,437.594,437.594,0.518,9.387,75,-8.89,7.23,1000
5967,447.056,437.668,437.668,0.52,9.389,75,-8.87,7.26,1000
5968,447.131,437.741,437.741,0.5219,9.391,75,-8.84,7.29,1000
5969,447.206,437.814,437.814,0.5238,9.393,75,-8.82,7.31,1000
5970,447.281,437.887,437.887,0.5258,9.395,75,-8.79,7.34,1000
5971,447.356,437.96,437.96,0.5277,9.396,75,-8.77,7.37,1000
5972,447.431,438.033,438.033,0.5296,9.398,75,-8.74,7.4,1000
5973,447.506,438.106,438.106,0.5316,9.4,75,-8.72,7.42,1000
5974,447.581,438.179,438.179,0.5335,9.402,75,-8.7,7.45,1000
5975,447.656,438.252,438.252,0.5355,9.404,75,-8.67,7.48,1000
5976,447.731,438.325,438.325,0.5374,9.406,75,-8.65,7.5,1000
5977,447.806,438.398,438.398,0.5394,9.408,75,-8.62,7.53,1000
5978,447.881,438.471,438.471,0.5413,9.41,75,-8.6,7.56,1000
5979,447.956,438.544,438.544,0.5433,9.412,75,-8.57,7.59,1000
5980,448.031,438.617,438.617,0.5452,9.414,75,-8.55,7.61,1000
5981,448.106,438.69,438.69,0.5472,9.416,75,-8.52,7.64,1000
5982,448.181,438.763,438.763,0.5492,9.418,75,-8.5,7.67,1000
5983,448.256,438.836,438.836,0.5511,9.42,75,-8.47,7.7,1000
5984,448.331,438.909,438.909,0.5531,9.422,75,-8.45,7.72,1000
5985,448.406,438.982,438.982,0.5551,9.424,75,-8.42,7.75,1000
5986,448.481,439.055,439.055,0.5571,9.426,75,-8.4,7.78,1000
5987,448.556,439.128,439.128,0.559,9.428,75,-8.37,7.81,1000
5988,448.631,439.201,439.201,0.561,9.43,75,-8.35,7.83,1000
5989,448.706,439.274,439.274,0.563,9.432,75,-8.33,7.86,1000
5990,448.781,439.348,439.348,0.565,9.434,75,-8.3,7.89,1000
5991,448.856,439.421,439.421,0.567,9.436,75,-8.28,7.92,1000
5992,448.931,439.494,439.494,0.569,9.438,75,-8.25,7.94,1000
5993,449.006,439.567,439.567,0.571,9.44,75,-8.23,7.97,1000
5994,449.081,439.64,439.64,0.573,9.442,75,-8.2,8.0,1000
5995,449.156,439.713,439.713,0.575,9.444,75,-8.17,8.03,1000
5996,449.231,439.786,439.786,0.577,9.446,75,-8.15,8.06,1000
5997,449.306,439.859,439.859,0.579,9.448,75,-8.12,8.08,1000
5998,449.381,439.932,439.932,0.581,9.45,75,-8.1,8.11,1000
5999,449.456,440.005,440.005,0.583,9.452,75,-8.07,8.14,1000
6000,449.531,440.077,440.077,0.585,9.454,75,-8.05,8.17,1000
6001,449.606,440.15,440.15,0.587,9.456,75,-8.02,8.2,1000
6002,449.681,440.223,440.223,0.589,9.458,75,-8.0,8.22,1000
6003,449.756,440.296,440.296,0.5911,9.46,75,-7.97,8.25,1000
6004,449.831,440.369,440.369,0.5931,9.462,75,-7.95,8.28,1000
6005,449.906,440.442,440.442,0.5951,9.464,75,-7.92,8.31,1000
6006,449.981,440.515,440.515,0.5971,9.466,75,-7.9,8.34,1000
6007,450.056,440.588,440.588,0.5992,9.468,75,-7.87,8.37,1000
6008,450.131,440.661,440.661,0.6012,9.47,75,-7.85,8.39,1000
6009,450.206,440.734,440.734,0.6032,9.472,75,-7.82,8.42,1000
6010,450.281,440.807,440.807,0.6053,9.474,75,-7.79,8.45,1000
6011,450.356,440.88,440.88,0.6073,9.476,75,-7.77,8.48,1000
6012,450.431,440.953,440.953,0.6094,9.478,75,-7.74,8.51,1000
6013,450.506,441.026,441.026,0.6114,9.48,75,-7.72,8.54,1000
6014,450.581,441.099,441.099,0.6135,9.482,75,-7.69,8.57,1000
6015,450.656,441.172,441.172,0.6155,9.484,75,-7.67,8.59,1000
6016,450.731,441.245,441.245,0.6176,9.486,75,-7.64,8.62,1000
6017,450.806,441.318,441.318,0.6196,9.488,75,-7.61,8.65,1000
6018,450.881,441.391,441.391,0.6217,9.49,75,-7.59,8.68,1000
6019,450.956,441.464,441.464,0.6237,9.492,75,-7.56,8.71,1000
6020,451.031,441.537,441.537,0.6258,9.495,75,-7.54,8.74,1000
6021,451.106,441.61,441.61,0.6279,9.497,75,-7.51,8.77,1000
6022,451.181,441.683,441.683,0.6299,9.499,75,-7.48,8.8,1000
6023,451.256,441.755,441.755,0.632,9.501,75,-7.46,8.82,1000
6024,451.331,441.828,441.828,0.6341,9.503,75,-7.43,8.85,1000
6025,451.406,441.901,441.901,0.6361,9.505,75,-7.41,8.88,1000
6026,451.481,441.974,441.974,0.6382,9.507,75,-7.38,8.91,1000
6027,451.556,442.047,442.047,0.6403,9.509,75,-7.35,8.94,1000
6028,451.631,442.12,442.12,0.6424,9.511,75,-7.33,8.97,1000
6029,451.706,442.193,442.193,0.6445,9.513,75,-7.3,9.0,1000
6030,451.781,442.266,442.266,0.6466,9.515,75,-7.28,9.03,1000
6031,451.856,442.339,442.339,0.6486,9.517,75,-7.25,9.06,1000
6032,451.931,442.412,442.412,0.6507,9.519,75,-7.22,9.09,1000
6033,452.006,442.485,442.485,0.6528,9.522,75,-7.2,9.12,1000
6034,452.081,442.558,442.558,0.6549,9.524,75,-7.17,9.14,1000
6035,452.156,442.63,442.63,0.657,9.526,75,-7.14,9.17,1000
6036,452.231,442.703,442.703,0.6591,9.528,75,-7.12,9.2,1000
6037,452.306,442.776,442.776,0.6612,9.53,75,-7.09,9.23,1000
6038,452.381,442.849,442.849,0.6633,9.532,75,-7.06,9.26,1000
6039,452.456,442.922,442.922,0.6654,9.534,75,-7.04,9.29,1000
6040,452.531,442.995,442.995,0.6676,9.536,75,-7.01,9.32,1000
6041,452.606,443.068,443.068,0.6697,9.538,75,-6.98,9.35,1000
6042,452.681,443.141,443.141,0.6718,9.541,75,-6.96,9.38,1000
6043,452.756,443.214,443.214,0.6739,9.543,75,-6.93,9.41,1000
6044,452.831,443.286,443.286,0.676,9.545,75,-6.9,9.44,1000
6045,452.906,443.359,443.359,0.6781,9.547,75,-6.88,9.47,1000
6046,452.981,443.432,443.432,0.6803,9.549,75,-6.85,9.5,1000
6047,453.056,443.505,443.505,0.6824,9.551,75,-6.82,9.53,1000
6048,453.131,443.578,443.578,0.6845,9.553,75,-6.8,9.56,1000
6049,453.206,443.651,443.651,0.6866,9.555,75,-6.77,9.59,1000
6050,453.281,443.724,443.724,0.6888,9.558,75,-6.74,9.62,1000
6051,453.356,443.797,443.797,0.6909,9.56,75,-6.72,9.65,1000
6052,453.431,443.869,443.869,0.693,9.562,75,-6.69,9.68,1000
6053,453.506,443.942,443.942,0.6952,9.564,75,-6.66,9.71,1000
6054,453.581,444.015,444.015,0.6973,9.566,75,-6.64,9.74,1000
6055,453.656,444.088,444.088,0.6995,9.568,75,-6.61,9.77,1000
6056,453.731,444.161,444.161,0.7016,9.57,75,-6.58,9.8,1000
6057,453.806,444.234,444.234,0.7037,9.572,75,-6.56,9.83,1000
6058,453.881,444.307,444.307,0.7059,9.575,75,-6.53,9.86,1000
6059,453.956,444.379,444.379,0.708,9.577,75,-6.5,9.89,1000
6060,454.031,444.452,444.452,0.7102,9.579,75,-6.48,9.92,1000
6061,454.106,444.525,444.525,0.7124,9.581,75,-6.45,9.95,1000
6062,454.181,444.598,444.598,0.7145,9.583,75,-6.42,9.98,1000
6063,454.256,444.671,444.671,0.7167,9.585,75,-6.39,10.01,1000
6064,454.331,444.744,444.744,0.7188,9.588,75,-6.37,10.04,1000
6065,454.406,444.817,444.817,0.721,9.59,75,-6.34,10.07,1000
6066,454.481,444.889,444.889,0.7232,9.592,75,-6.31,10.1,1000
6067,454.556,444.962,444.962,0.7253,9.594,75,-6.29,10.13,1000
6068,454.631,445.035,445.035,0.7275,9.596,75,-6.26,10.16,1000
6069,454.706,445.108,445.108,0.7297,9.598,75,-6.23,10.19,1000
6070,454.781,445.181,445.181,0.7318,9.601,75,-6.2,10.22,1000
6071,454.856,445.253,445.253,0.734,9.603,75,-6.18,10.25,1000
6072,454.931,445.326,445.326,0.7362,9.605,75,-6.15,10.28,1000
6073,455.006,445.399,445.399,0.7384,9.607,75,-6.12,10.31,1000
6074,455.081,445.472,445.472,0.7405,9.609,75,-6.09,10.34,1000
6075,455.156,445.545,445.545,0.7427,9.611,75,-6.07,10.37,1000
6076,455.231,445.618,445.618,0.7449,9.614,75,-6.04,10.4,1000
6077,455.306,445.69,445.69,0.7471,9.616,75,-6.01,10.43,1000
6078,455.381,445.763,445.763,0.7493,9.618,75,-5.98,10.46,1000
6079,455.456,445.836,445.836,0.7515,9.62,75,-5.96,10.49,1000
6080,455.531,445.909,445.909,0.7537,9.622,75,-5.93,10.52,1000
6081,455.606,445.982,445.982,0.7559,9.625,75,-5.9,10.55,1000
6082,455.681,446.054,446.054,0.7581,9.627,75,-5.87,10.58,1000
6083,455.756,446.127,446.127,0.7603,9.629,75,-5.85,10.62,1000
6084,455.831,446.2,446.2,0.7625,9.631,75,-5.82,10.65,1000
6085,455.906,446.273,446.273,0.7647,9.633,75,-5.79,10.68,1000
6086,455.981,446.346,446.346,0.7669,9.636,75,-5.76,10.71,1000
6087,456.056,446.418,446.418,0.7691,9.638,75,-5.74,10.74,1000
6088,456.131,446.491,446.491,0.7713,9.64,75,-5.71,10.77,1000
6089,456.206,446.564,446.564,0.7735,9.642,75,-5.68,10.8,1000
6090,456.281,446.637,446.637,0.7757,9.644,75,-5.65,10.83,1000
6091,456.356,446.71,446.71,0.7779,9.647,75,-5.62,10.86,1000
6092,456.431,446.782,446.782,0.7801,9.649,75,-5.6,10.89,1000
6093,456.506,446.855,446.855,0.7823,9.651,75,-5.57,10.92,1000
6094,456.581,446.928,446.928,0.7845,9.653,75,-5.54,10.95,1000
6095,456.656,447.001,447.001,0.7868,9.656,75,-5.51,10.99,1000
6096,456.731,447.074,447.074,0.789,9.658,75,-5.49,11.02,1000
6097,456.806,447.146,447.146,0.7912,9.66,75,-5.46,11.05,1000
6098,456.881,447.219,447.219,0.7934,9.662,75,-5.43,11.08,1000
6099,456.956,447.292,447.292,0.7957,9.664,75,-5.4,11.11,1000
6100,457.031,447.365,447.365,0.7979,9.667,75,-5.37,11.14,1000
6101,457.106,447.437,447.437,0.8001,9.669,75,-5.35,11.17,1000
6102,457.181,447.51,447.51,0.8023,9.671,75,-5.32,11.2,1000
6103,457.256,447.583,447.583,0.8046,9.673,75,-5.29,11.23,1000
6104,457.331,447.656,447.656,0.8068,9.676,75,-5.26,11.27,1000
6105,457.406,447.728,447.728,0.8091,9.678,75,-5.23,11.3,1000
6106,457.481,447.801,447.801,0.8113,9.68,75,-5.21,11.33,1000
6107,457.556,447.874,447.874,0.8135,9.682,75,-5.18,11.36,1000
6108,457.631,447.947,447.947,0.8158,9.685,75,-5.15,11.39,1000
6109,457.706,448.019,448.019,0.818,9.687,75,-5.12,11.42,1000
6110,457.781,448.092,448.092,0.8203,9.689,75,-5.09,11.45,1000
6111,457.856,448.165,448.165,0.8225,9.691,75,-5.06,11.48,1000
6112,457.931,448.238,448.238,0.8248,9.694,75,-5.04,11.52,1000
6113,458.006,448.31,448.31,0.827,9.696,75,-5.01,11.55,1000
6114,458.081,448.383,448.383,0.8293,9.698,75,-4.98,11.58,1000
6115,458.156,448.456,448.456,0.8315,9.7,75,-4.95,11.61,1000
6116,458.231,448.529,448.529,0.8338,9.703,75,-4.92,11.64,1000
6117,458.306,448.601,448.601,0.836,9.705,75,-4.89,11.67,1000
6118,458.381,448.674,448.674,0.8383,9.707,75,-4.87,11.7,1000
6119,458.456,448.747,448.747,0.8405,9.709,75,-4.84,11.74,1000
6120,458.531,448.82,448.82,0.8428,9.712,75,-4.81,11.77,1000
6121,458.606,448.892,448.892,0.8451,9.714,75,-4.78,11.8,1000
6122,458.681,448.965,448.965,0.8473,9.716,75,-4.75,11.83,1000
6123,458.756,449.038,449.038,0.8496,9.718,75,-4.72,11.86,1000
6124,458.831,449.111,449.111,0.8519,9.721,75,-4.7,11.89,1000
6125,458.906,449.183,449.183,0.8541,9.723,75,-4.67,11.93,1000
6126,458.981,449.256,449.256,0.8564,9.725,75,-4.64,11.96,1000
6127,459.056,449.329,449.329,0.8587,9.727,75,-4.61,11.99,1000
6128,459.131,449.402,449.402,0.8609,9.73,75,-4.58,12.02,1000
6129,459.206,449.474,449.474,0.8632,9.732,75,-4.55,12.05,1000
6130,459.281,449.547,449.547,0.8655,9.734,75,-4.52,12.08,1000
6131,459.356,449.62,449.62,0.8678,9.737,75,-4.5,12.12,1000
6132,459.431,449.692,449.692,0.87,9.739,75,-4.47,12.15,1000
6133,459.506,449.765,449.765,0.8723,9.741,75,-4.44,12.18,1000
6134,459.581,449.838,449.838,0.8746,9.743,75,-4.41,12.21,1000
6135,459.656,449.911,449.911,0.8769,9.746,75,-4.38,12.24,1000
6136,459.731,449.983,449.983,0.8792,9.748,75,-4.35,12.28,1000
6137,459.806,450.056,450.056,0.8815,9.75,75,-4.32,12.31,1000
6138,459.881,450.129,450.129,0.8837,9.752,75,-4.29,12.34,1000
6139,459.956,450.201,450.201,0.886,9.755,75,-4.27,12.37,1000
6140,460.031,450.274,450.274,0.8883,9.757,75,-4.24,12.4,1000
6141,460.106,450.347,450.347,0.8906,9.759,75,-4.21,12.44,1000
6142,460.181,450.42,450.42,0.8929,9.762,75,-4.18,12.47,1000
6143,460.256,450.492,450.492,0.8952,9.764,75,-4.15,12.5,1000
6144,460.331,450.565,450.565,0.8975,9.766,75,-4.12,12.53,1000
6145,460.406,450.638,450.638,0.8998,9.769,75,-4.09,12.56,1000
6146,460.481,450.71,450.71,0.9021,9.771,75,-4.06,12.6,1000
6147,460.556,450.783,450.783,0.9044,9.773,75,-4.04,12.63,1000
6148,460.631,450.856,450.856,0.9067,9.775,75,-4.01,12.66,1000
6149,460.706,450.929,450.929,0.909,9.778,75,-3.98,12.69,1000
6150,460.781,451.001,451.001,0.9113,9.78,75,-3.95,12.72,1000
6151,460.856,451.074,451.074,0.9136,9.782,75,-3.92,12.76,1000
6152,460.931,451.147,451.147,0.9159,9.785,75,-3.89,12.79,1000
6153,461.006,451.219,451.219,0.9182,9.787,75,-3.86,12.82,1000
6154,461.081,451.292,451.292,0.9205,9.789,75,-3.83,12.85,1000
6155,461.156,451.365,451.365,0.9228,9.792,75,-3.8,12.88,1000
6156,461.231,451.437,451.437,0.9251,9.794,75,-3.77,12.92,1000
6157,461.306,451.51,451.51,0.9274,9.796,75,-3.75,12.95,1000
6158,461.381,451.583,451.583,0.9297,9.798,75,-3.72,12.98,1000
6159,461.456,451.655,451.655,0.9321,9.801,75,-3.69,13.01,1000
6160,461.531,451.728,451.728,0.9344,9.803,75,-3.66,13.05,1000
6161,461.606,451.801,451.801,0.9367,9.805,75,-3.63,13.08,1000
6162,461.681,451.873,451.873,0.939,9.808,75,-3.6,13.11,1000
6163,461.756,451.946,451.946,0.9413,9.81,75,-3.57,13.14,1000
6164,461.831,452.019,452.019,0.9436,9.812,75,-3.54,13.18,1000
6165,461.906,452.092,452.092,0.946,9.815,75,-3.51,13.21,1000
6166,461.981,452.164,452.164,0.9483,9.817,75,-3.48,13.24,1000
6167,462.056,452.237,452.237,0.9506,9.819,75,-3.45,13.27,1000
6168,462.131,452.31,452.31,0.9529,9.822,75,-3.43,13.31,1000
6169,462.206,452.382,452.382,0.9553,9.824,75,-3.4,13.34,1000
6170,462.281,452.455,452.455,0.9576,9.826,75,-3.37,13.37,1000
6171,462.356,452.528,452.528,0.9599,9.829,75,-3.34,13.4,1000
6172,462.431,452.6,452.6,0.9622,9.831,75,-3.31,13.44,1000
6173,462.506,452.673,452.673,0.9646,9.833,75,-3.28,13.47,1000
6174,462.581,452.746,452.746,0.9669,9.836,75,-3.25,13.5,1000
6175,462.656,452.818,452.818,0.9692,9.838,75,-3.22,13.53,1000
6176,462.731,452.891,452.891,0.9716,9.84,75,-3.19,13.57,1000
6177,462.806,452.964,452.964,0.9739,9.843,75,-3.16,13.6,1000
6178,462.881,453.036,453.036,0.9762,9.845,75,-3.13,13.63,1000
6179,462.956,453.109,453.109,0.9786,9.847,75,-3.1,13.66,1000
6180,463.031,453.182,453.182,0.9809,9.85,75,-3.07,13.7,1000
6181,463.106,453.254,453.254,0.9832,9.852,75,-3.04,13.73,1000
6182,463.181,453.327,453.327,0.9856,9.854,75,-3.01,13.76,1000
6183,463.256,453.4,453.4,0.9879,9.857,75,-2.99,13.79,1000
6184,463.331,453.472,453.472,0.9903,9.859,75,-2.96,13.83,1000
6185,463.406,453.545,453.545,0.9926,9.861,75,-2.93,13.86,1000
6186,463.481,453.618,453.618,0.9949,9.864,75,-2.9,13.89,1000
6187,463.556,453.69,453.69,0.9973,9.866,75,-2.87,13.92,1000
6188,463.631,453.763,453.763,0.9996,9.868,75,-2.84,13.96,1000
6189,463.706,453.836,453.836,1.002,9.871,75,-2.81,13.99,1000
6190,463.781,453.908,453.908,1.0043,9.873,75,-2.78,14.02,1000
6191,463.856,453.981,453.981,1.0067,9.875,75,-2.75,14.06,1000
6192,463.931,454.053,454.053,1.009,9.878,75,-2.72,14.09,1000
6193,464.006,454.126,454.126,1.0114,9.88,75,-2.69,14.12,1000
6194,464.081,454.199,454.199,1.0137,9.882,75,-2.66,14.15,1000
6195,464.156,454.271,454.271,1.0161,9.885,75,-2.63,14.19,1000
6196,464.231,454.344,454.344,1.0184,9.887,75,-2.6,14.22,1000
6197,464.306,454.417,454.417,1.0208,9.89,75,-2.57,14.25,1000
6198,464.381,454.489,454.489,1.0231,9.892,75,-2.54,14.29,1000
6199,464.456,454.562,454.562,1.0255,9.894,75,-2.51,14.32,1000
6200,464.531,454.635,454.635,1.0278,9.897,75,-2.48,14.35,1000
6201,464.606,454.707,454.707,1.0302,9.899,75,-2.45,14.38,1000
6202,464.681,454.78,454.78,1.0325,9.901,75,-2.42,14.42,1000
6203,464.756,454.853,454.853,1.0349,9.904,75,-2.4,14.45,1000
6204,464.831,454.925,454.925,1.0372,9.906,75,-2.37,14.48,1000
6205,464.906,454.998,454.998,1.0396,9.908,75,-2.34,14.52,1000
6206,464.981,455.071,455.071,1.042,9.911,75,-2.31,14.55,1000
6207,465.056,455.143,455.143,1.0443,9.913,75,-2.28,14.58,1000
6208,465.131,455.216,455.216,1.0467,9.915,75,-2.25,14.61,1000
6209,465.206,455.288,455.288,1.049,9.918,75,-2.22,14.65,1000
6210,465.281,455.361,455.361,1.0514,9.92,75,-2.19,14.68,1000
6211,465.356,455.434,455.434,1.0538,9.923,75,-2.16,14.71,1000
6212,465.431,455.506,455.506,1.0561,9.925,75,-2.13,14.75,1000
6213,465.506,455.579,455.579,1.0585,9.927,75,-2.1,14.78,1000
6214,465.581,455.652,455.652,1.0609,9.93,75,-2.07,14.81,1000
6215,465.656,455.724,455.724,1.0632,9.932,75,-2.04,14.85,1000
6216,465.731,455.797,455.797,1.0656,9.934,75,-2.01,14.88,1000
6217,465.806,455.87,455.87,1.0679,9.937,75,-1.98,14.91,1000
6218,465.881,455.942,455.942,1.0703,9.939,75,-1.95,14.94,1000
6219,465.956,456.015,456.015,1.0727,9.941,75,-1.92,14.98,1000
6220,466.031,456.087,456.087,1.0751,9.944,75,-1.89,15.01,1000
6221,466.106,456.16,456.16,1.0774,9.946,75,-1.86,15.04,1000
6222,466.181,456.233,456.233,1.0798,9.949,75,-1.83,15.08,1000
6223,466.256,456.305,456.305,1.0822,9.951,75,-1.8,15.11,1000
6224,466.331,456.378,456.378,1.0845,9.953,75,-1.77,15.14,1000
6225,466.406,456.451,456.451,1.0869,9.956,75,-1.74,15.18,1000
6226,466.481,456.523,456.523,1.0893,9.958,75,-1.71,15.21,1000
6227,466.556,456.596,456.596,1.0916,9.96,75,-1.68,15.24,1000
6228,466.631,456.668,456.668,1.094,9.963,75,-1.65,15.28,1000
6229,466.706,456.741,456.741,1.0964,9.965,75,-1.62,15.31,1000
6230,466.781,456.814,456.814,1.0988,9.968,75,-1.59,15.34,1000
6231,466.856,456.886,456.886,1.1011,9.97,75,-1.56,15.37,1000
6232,466.931,456.959,456.959,1.1035,9.972,75,-1.53,15.41,1000
6233,467.006,457.032,457.032,1.1059,9.975,75,-1.5,15.44,1000
6234,467.081,457.104,457.104,1.1083,9.977,75,-1.47,15.47,1000
6235,467.156,457.177,457.177,1.1106,9.979,75,-1.44,15.51,1000
6236,467.231,457.249,457.249,1.113,9.982,75,-1.41,15.54,1000
6237,467.306,457.322,457.322,1.1154,9.984,75,-1.38,15.57,1000
6238,467.381,457.395,457.395,1.1178,9.987,75,-1.35,15.61,1000
6239,467.456,457.467,457.467,1.1201,9.989,75,-1.32,15.64,1000
6240,467.531,457.54,457.54,1.1225,9.991,75,-1.29,15.67,1000
6241,467.606,457.613,457.613,1.1249,9.994,75,-1.26,15.71,1000
6242,467.681,457.685,457.685,1.1273,9.996,75,-1.23,15.74,1000
6243,467.756,457.758,457.758,1.1297,9.998,75,-1.2,15.77,1000
6244,467.831,457.83,457.83,1.132,10.001,75,-1.17,15.81,1000
6245,467.906,457.903,457.903,1.1344,10.003,75,-1.14,15.84,1000
6246,467.981,457.976,457.976,1.1368,10.006,75,-1.11,15.87,1000
6247,468.056,458.048,458.048,1.1392,10.008,75,-1.08,15.91,1000
6248,468.131,458.121,458.121,1.1416,10.01,75,-1.05,15.94,1000
6249,468.206,458.194,458.194,1.1439,10.013,75,-1.02,15.97,1000
6250,468.281,458.266,458.266,1.1463,10.015,75,-0.99,16.01,1000
6251,468.356,458.339,458.339,1.1487,10.017,75,-0.96,16.04,1000
6252,468.431,458.411,458.411,1.1511,10.02,75,-0.93,16.07,1000
6253,468.506,458.484,458.484,1.1535,10.022,75,-0.91,16.11,1000
6254,468.581,458.557,458.557,1.1559,10.025,75,-0.88,16.14,1000
6255,468.656,458.629,458.629,1.1582,10.027,75,-0.85,16.17,1000
6256,468.731,458.702,458.702,1.1606,10.029,75,-0.82,16.21,1000
6257,468.806,458.774,458.774,1.163,10.032,75,-0.79,16.24,1000
6258,468.881,458.847,458.847,1.1654,10.034,75,-0.76,16.27,1000
6259,468.956,458.92,458.92,1.1678,10.037,75,-0.73,16.31,1000
6260,469.031,458.992,458.992,1.1702,10.039,75,-0.7,16.34,1000
6261,469.106,459.065,459.065,1.1725,10.041,75,-0.67,16.37,1000
6262,469.181,459.138,459.138,1.1749,10.044,75,-0.64,16.41,1000
6263,469.256,459.21,459.21,1.1773,10.046,75,-0.61,16.44,1000
6264,469.331,459.283,459.283,1.1797,10.048,75,-0.58,16.47,1000
6265,469.406,459.355,459.355,1.1821,10.051,75,-0.55,16.51,1000
6266,469.481,459.428,459.428,1.1845,10.053,75,-0.52,16.54,1000
6267,469.556,459.501,459.501,1.1869,10.056,75,-0.49,16.57,1000
6268,469.631,459.573,459.573,1.1892,10.058,75,-0.46,16.61,1000
6269,469.706,459.646,459.646,1.1916,10.06,75,-0.43,16.64,1000
6270,469.781,459.718,459.718,1.194,10.063,75,-0.4,16.67,1000
6271,469.856,459.791,459.791,1.1964,10.065,75,-0.37,16.7,1000
6272,469.931,459.864,459.864,1.1988,10.068,75,-0.34,16.74,1000
6273,470.006,459.936,459.936,1.2012,10.07,75,-0.31,16.77,1000
6274,470.081,460.009,460.009,1.2036,10.072,75,-0.28,16.8,1000
6275,470.156,460.082,460.082,1.206,10.075,75,-0.25,16.84,1000
6276,470.231,460.154,460.154,1.2083,10.077,75,-0.22,16.87,1000
6277,470.306,460.227,460.227,1.2107,10.079,75,-0.19,16.9,1000
6278,470.381,460.299,460.299,1.2131,10.082,75,-0.16,16.94,1000
6279,470.456,460.372,460.372,1.2155,10.084,75,-0.13,16.97,1000
6280,470.531,460.445,460.445,1.2179,10.087,75,-0.1,17.0,1000
6281,470.606,460.517,460.517,1.2203,10.089,75,-0.07,17.04,1000
6282,470.681,460.59,460.59,1.2227,10.091,75,-0.04,17.07,1000
6283,470.756,460.662,460.662,1.2251,10.094,75,-0.01,17.1,1000
6284,470.831,460.735,460.735,1.2274,10.096,75,0.02,17.14,1000
6285,470.906,460.808,460.808,1.2298,10.099,75,0.05,17.17,1000
6286,470.981,460.88,460.88,1.2322,10.101,75,0.08,17.2,1000
6287,471.056,460.953,460.953,1.2346,10.103,75,0.11,17.24,1000
6288,471.131,461.026,461.026,1.237,10.106,75,0.14,17.27,1000
6289,471.206,461.098,461.098,1.2394,10.108,75,0.17,17.3,1000
6290,471.281,461.171,461.171,1.2418,10.111,75,0.2,17.34,1000
6291,471.356,461.243,461.243,1.2441,10.113,75,0.23,17.37,1000
6292,471.431,461.316,461.316,1.2465,10.115,75,0.26,17.4,1000
6293,471.506,461.389,461.389,1.2489,10.118,75,0.29,17.44,1000
6294,471.581,461.461,461.461,1.2513,10.12,75,0.32,17.47,1000
6295,471.656,461.534,461.534,1.2537,10.122,75,0.35,17.5,1000
6296,471.731,461.606,461.606,1.2561,10.125,75,0.38,17.54,1000
6297,471.806,461.679,461.679,1.2585,10.127,75,0.41,17.57,1000
6298,471.881,461.752,461.752,1.2609,10.13,75,0.44,17.6,1000
6299,471.956,461.824,461.824,1.2632,10.132,75,0.47,17.64,1000
6300,472.031,461.897,461.897,1.2656,10.134,75,0.5,17.67,1000
6301,472.106,461.969,461.969,1.268,10.137,75,0.53,17.7,1000
6302,472.181,462.042,462.042,1.2704,10.139,75,0.56,17.74,1000
6303,472.256,462.115,462.115,1.2728,10.142,75,0.59,17.77,1000
6304,472.331,462.187,462.187,1.2752,10.144,75,0.62,17.8,1000
6305,472.406,462.26,462.26,1.2776,10.146,75,0.65,17.84,1000
6306,472.481,462.333,462.333,1.2799,10.149,75,0.68,17.87,1000
6307,472.556,462.405,462.405,1.2823,10.151,75,0.71,17.9,1000
6308,472.631,462.478,462.478,1.2847,10.153,75,0.74,17.94,1000
6309,472.706,462.55,462.55,1.2871,10.156,75,0.77,17.97,1000
6310,472.781,462.623,462.623,1.2895,10.158,75,0.8,18.0,1000
6311,472.856,462.696,462.696,1.2919,10.161,75,0.83,18.04,1000
6312,472.931,462.768,462.768,1.2942,10.163,75,0.86,18.07,1000
6313,473.006,462.841,462.841,1.2966,10.165,75,0.89,18.1,1000
6314,473.081,462.913,462.913,1.299,10.168,75,0.92,18.14,1000
6315,473.156,462.986,462.986,1.3014,10.17,75,0.95,18.17,1000
6316,473.231,463.059,463.059,1.3038,10.173,75,0.98,18.2,1000
6317,473.306,463.131,463.131,1.3062,10.175,75,1.01,18.24,1000
6318,473.381,463.204,463.204,1.3085,10.177,75,1.04,18.27,1000
6319,473.456,463.277,463.277,1.3109,10.18,75,1.07,18.3,1000
6320,473.531,463.349,463.349,1.3133,10.182,75,1.1,18.34,1000
6321,473.606,463.422,463.422,1.3157,10.184,75,1.13,18.37,1000
6322,473.681,463.494,463.494,1.3181,10.187,75,1.16,18.4,1000
6323,473.756,463.567,463.567,1.3204,10.189,75,1.19,18.44,1000
6324,473.831,463.64,463.64,1.3228,10.192,75,1.22,18.47,1000
6325,473.906,463.712,463.712,1.3252,10.194,75,1.25,18.5,1000
6326,473.981,463.785,463.785,1.3276,10.196,75,1.28,18.54,1000
6327,474.056,463.858,463.858,1.33,10.199,75,1.31,18.57,1000
6328,474.131,463.93,463.93,1.3323,10.201,75,1.34,18.6,1000
6329,474.206,464.003,464.003,1.3347,10.203,75,1.37,18.64,1000
6330,474.281,464.075,464.075,1.3371,10.206,75,1.4,18.67,1000
6331,474.356,464.148,464.148,1.3395,10.208,75,1.43,18.7,1000
6332,474.431,464.221,464.221,1.3418,10.211,75,1.46,18.74,1000
6333,474.506,464.293,464.293,1.3442,10.213,75,1.49,18.77,1000
6334,474.581,464.366,464.366,1.3466,10.215,75,1.52,18.8,1000
6335,474.656,464.439,464.439,1.349,10.218,75,1.55,18.84,1000
6336,474.731,464.511,464.511,1.3513,10.22,75,1.58,18.87,1000
6337,474.806,464.584,464.584,1.3537,10.222,75,1.61,18.9,1000
6338,474.881,464.656,464.656,1.3561,10.225,75,1.64,18.93,1000
6339,474.956,464.729,464.729,1.3585,10.227,75,1.67,18.97,1000
6340,475.031,464.802,464.802,1.3608,10.23,75,1.7,19.0,1000
6341,475.106,464.874,464.874,1.3632,10.232,75,1.73,19.03,1000
6342,475.181,464.947,464.947,1.3656,10.234,75,1.76,19.07,1000
6343,475.256,465.02,465.02,1.3679,10.237,75,1.79,19.1,1000
6344,475.331,465.092,465.092,1.3703,10.239,75,1.82,19.13,1000
6345,475.406,465.165,465.165,1.3727,10.241,75,1.85,19.17,1000
6346,475.481,465.237,465.237,1.3751,10.244,75,1.88,19.2,1000
6347,475.556,465.31,465.31,1.3774,10.246,75,1.91,19.23,1000
6348,475.631,465.383,465.383,1.3798,10.249,75,1.94,19.27,1000
6349,475.706,465.455,465.455,1.3822,10.251,75,1.97,19.3,1000
6350,475.781,465.528,465.528,1.3845,10.253,75,2.0,19.33,1000
6351,475.856,465.601,465.601,1.3869,10.256,75,2.03,19.36,1000
6352,475.931,465.673,465.673,1.3893,10.258,75,2.06,19.4,1000
6353,476.006,465.746,465.746,1.3916,10.26,75,2.09,19.43,1000
6354,476.081,465.819,465.819,1.394,10.263,75,2.12,19.46,1000
6355,476.156,465.891,465.891,1.3963,10.265,75,2.15,19.5,1000
6356,476.231,465.964,465.964,1.3987,10.267,75,2.18,19.53,1000
6357,476.306,466.036,466.036,1.4011,10.27,75,2.21,19.56,1000
6358,476.381,466.109,466.109,1.4034,10.272,75,2.24,19.6,1000
6359,476.456,466.182,466.182,1.4058,10.275,75,2.27,19.63,1000
6360,476.531,466.254,466.254,1.4082,10.277,75,2.3,19.66,1000
6361,476.606,466.327,466.327,1.4105,10.279,75,2.33,19.69,1000
6362,476.681,466.4,466.4,1.4129,10.282,75,2.35,19.73,1000
6363,476.756,466.472,466.472,1.4152,10.284,75,2.38,19.76,1000
6364,476.831,466.545,466.545,1.4176,10.286,75,2.41,19.79,1000
6365,476.906,466.618,466.618,1.4199,10.289,75,2.44,19.83,1000
6366,476.981,466.69,466.69,1.4223,10.291,75,2.47,19.86,1000
6367,477.056,466.763,466.763,1.4247,10.293,75,2.5,19.89,1000
6368,477.131,466.835,466.835,1.427,10.296,75,2.53,19.92,1000
6369,477.206,466.908,466.908,1.4294,10.298,75,2.56,19.96,1000
6370,477.281,466.981,466.981,1.4317,10.3,75,2.59,19.99,1000
6371,477.356,467.053,467.053,1.4341,10.303,75,2.62,20.02,1000
6372,477.431,467.126,467.126,1.4364,10.305,75,2.65,20.06,1000
6373,477.506,467.199,467.199,1.4388,10.308,75,2.68,20.09,1000
6374,477.581,467.271,467.271,1.4411,10.31,75,2.71,20.12,1000
6375,477.656,467.344,467.344,1.4435,10.312,75,2.74,20.15,1000
6376,477.731,467.417,467.417,1.4458,10.315,75,2.77,20.19,1000
6377,477.806,467.489,467.489,1.4481,10.317,75,2.8,20.22,1000
6378,477.881,467.562,467.562,1.4505,10.319,75,2.83,20.25,1000
6379,477.956,467.635,467.635,1.4528,10.322,75,2.86,20.29,1000
6380,478.031,467.707,467.707,1.4552,10.324,75,2.89,20.32,1000
6381,478.106,467.78,467.78,1.4575,10.326,75,2.92,20.35,1000
6382,478.181,467.853,467.853,1.4599,10.329,75,2.95,20.38,1000
6383,478.256,467.925,467.925,1.4622,10.331,75,2.97,20.42,1000
6384,478.331,467.998,467.998,1.4645,10.333,75,3.0,20.45,1000
6385,478.406,468.071,468.071,1.4669,10.336,75,3.03,20.48,1000
6386,478.481,468.143,468.143,1.4692,10.338,75,3.06,20.51,1000
6387,478.556,468.216,468.216,1.4716,10.34,75,3.09,20.55,1000
6388,478.631,468.289,468.289,1.4739,10.343,75,3.12,20.58,1000
6389,478.706,468.361,468.361,1.4762,10.345,75,3.15,20.61,1000
6390,478.781,468.434,468.434,1.4786,10.347,75,3.18,20.64,1000
6391,478.856,468.507,468.507,1.4809,10.35,75,3.21,20.68,1000
6392,478.931,468.579,468.579,1.4832,10.352,75,3.24,20.71,1000
6393,479.006,468.652,468.652,1.4856,10.354,75,3.27,20.74,1000
6394,479.081,468.725,468.725,1.4879,10.357,75,3.3,20.77,1000
6395,479.156,468.797,468.797,1.4902,10.359,75,3.33,20.81,1000
6396,479.231,468.87,468.87,1.4925,10.361,75,3.36,20.84,1000
6397,479.306,468.943,468.943,1.4949,10.364,75,3.39,20.87,1000
6398,479.381,469.015,469.015,1.4972,10.366,75,3.41,20.9,1000
6399,479.456,469.088,469.088,1.4995,10.368,75,3.44,20.94,1000
6400,479.531,469.161,469.161,1.5018,10.371,75,3.47,20.97,1000
6401,479.606,469.233,469.233,1.5042,10.373,75,3.5,21.0,1000
6402,479.681,469.306,469.306,1.5065,10.375,75,3.53,21.03,1000
6403,479.756,469.379,469.379,1.5088,10.378,75,3.56,21.07,1000
6404,479.831,469.451,469.451,1.5111,10.38,75,3.59,21.1,1000
6405,479.906,469.524,469.524,1.5134,10.382,75,3.62,21.13,1000
6406,479.981,469.597,469.597,1.5158,10.385,75,3.65,21.16,1000
6407,480.056,469.669,469.669,1.5181,10.387,75,3.68,21.2,1000
6408,480.131,469.742,469.742,1.5204,10.389,75,3.71,21.23,1000
6409,480.206,469.815,469.815,1.5227,10.391,75,3.73,21.26,1000
6410,480.281,469.887,469.887,1.525,10.394,75,3.76,21.29,1000
6411,480.356,469.96,469.96,1.5273,10.396,75,3.79,21.33,1000
6412,480.431,470.033,470.033,1.5296,10.398,75,3.82,21.36,1000
6413,480.506,470.106,470.106,1.5319,10.401,75,3.85,21.39,1000
6414,480.581,470.178,470.178,1.5342,10.403,75,3.88,21.42,1000
6415,480.656,470.251,470.251,1.5365,10.405,75,3.91,21.45,1000
6416,480.731,470.324,470.324,1.5388,10.408,75,3.94,21.49,1000
6417,480.806,470.396,470.396,1.5412,10.41,75,3.97,21.52,1000
6418,480.881,470.469,470.469,1.5435,10.412,75,4.0,21.55,1000
6419,480.956,470.542,470.542,1.5458,10.415,75,4.02,21.58,1000
6420,481.031,470.614,470.614,1.5481,10.417,75,4.05,21.61,1000
6421,481.106,470.687,470.687,1.5504,10.419,75,4.08,21.65,1000
6422,481.181,470.76,470.76,1.5526,10.421,75,4.11,21.68,1000
6423,481.256,470.833,470.833,1.5549,10.424,75,4.14,21.71,1000
6424,481.331,470.905,470.905,1.5572,10.426,75,4.17,21.74,1000
6425,481.406,470.978,470.978,1.5595,10.428,75,4.2,21.78,1000
6426,481.481,471.051,471.051,1.5618,10.431,75,4.23,21.81,1000
6427,481.556,471.123,471.123,1.5641,10.433,75,4.26,21.84,1000
6428,481.631,471.196,471.196,1.5664,10.435,75,4.28,21.87,1000
6429,481.706,471.269,471.269,1.5687,10.437,75,4.31,21.9,1000
6430,481.781,471.342,471.342,1.571,10.44,75,4.34,21.93,1000
6431,481.856,471.414,471.414,1.5733,10.442,75,4.37,21.97,1000
6432,481.931,471.487,471.487,1.5755,10.444,75,4.4,22.0,1000
6433,482.006,471.56,471.56,1.5778,10.447,75,4.43,22.03,1000
6434,482.081,471.632,471.632,1.5801,10.449,75,4.46,22.06,1000
6435,482.156,471.705,471.705,1.5824,10.451,75,4.48,22.09,1000
6436,482.231,471.778,471.778,1.5847,10.453,75,4.51,22.13,1000
6437,482.306,471.851,471.851,1.5869,10.456,75,4.54,22.16,1000
6438,482.381,471.923,471.923,1.5892,10.458,75,4.57,22.19,1000
6439,482.456,471.996,471.996,1.5915,10.46,75,4.6,22.22,1000
6440,482.531,472.069,472.069,1.5938,10.463,75,4.63,22.25,1000
6441,482.606,472.141,472.141,1.596,10.465,75,4.66,22.28,1000
6442,482.681,472.214,472.214,1.5983,10.467,75,4.68,22.32,1000
6443,482.756,472.287,472.287,1.6006,10.469,75,4.71,22.35,1000
6444,482.831,472.36,472.36,1.6028,10.472,75,4.74,22.38,1000
6445,482.906,472.432,472.432,1.6051,10.474,75,4.77,22.41,1000
6446,482.981,472.505,472.505,1.6074,10.476,75,4.8,22.44,1000
6447,483.056,472.578,472.578,1.6096,10.478,75,4.83,22.47,1000
6448,483.131,472.651,472.651,1.6119,10.481,75,4.86,22.51,1000
6449,483.206,472.723,472.723,1.6141,10.483,75,4.88,22.54,1000
6450,483.281,472.796,472.796,1.6164,10.485,75,4.91,22.57,1000
6451,483.356,472.869,472.869,1.6186,10.487,75,4.94,22.6,1000
6452,483.431,472.942,472.942,1.6209,10.49,75,4.97,22.63,1000
6453,483.506,473.014,473.014,1.6231,10.492,75,5.0,22.66,1000
6454,483.581,473.087,473.087,1.6254,10.494,75,5.03,22.69,1000
6455,483.656,473.16,473.16,1.6276,10.496,75,5.05,22.73,1000
6456,483.731,473.233,473.233,1.6299,10.499,75,5.08,22.76,1000
6457,483.806,473.305,473.305,1.6321,10.501,75,5.11,22.79,1000
6458,483.881,473.378,473.378,1.6344,10.503,75,5.14,22.82,1000
6459,483.956,473.451,473.451,1.6366,10.505,75,5.17,22.85,1000
6460,484.031,473.524,473.524,1.6389,10.508,75,5.19,22.88,1000
6461,484.106,473.596,473.596,1.6411,10.51,75,5.22,22.91,1000
6462,484.181,473.669,473.669,1.6433,10.512,75,5.25,22.95,1000
6463,484.256,473.742,473.742,1.6456,10.514,75,5.28,22.98,1000
6464,484.331,473.815,473.815,1.6478,10.517,75,5.31,23.01,1000
6465,484.406,473.887,473.887,1.65,10.519,75,5.34,23.04,1000
6466,484.481,473.96,473.96,1.6523,10.521,75,5.36,23.07,1000
6467,484.556,474.033,474.033,1.6545,10.523,75,5.39,23.1,1000
6468,484.631,474.106,474.106,1.6567,10.525,75,5.42,23.13,1000
6469,484.706,474.179,474.179,1.659,10.528,75,5.45,23.16,1000
6470,484.781,474.251,474.251,1.6612,10.53,75,5.47,23.19,1000
6471,484.856,474.324,474.324,1.6634,10.532,75,5.5,23.23,1000
6472,484.931,474.397,474.397,1.6656,10.534,75,5.53,23.26,1000
6473,485.006,474.47,474.47,1.6678,10.537,75,5.56,23.29,1000
6474,485.081,474.542,474.542,1.6701,10.539,75,5.59,23.32,1000
6475,485.156,474.615,474.615,1.6723,10.541,75,5.61,23.35,1000
6476,485.231,474.688,474.688,1.6745,10.543,75,5.64,23.38,1000
6477,485.306,474.761,474.761,1.6767,10.545,75,5.67,23.41,1000
6478,485.381,474.834,474.834,1.6789,10.548,75,5.7,23.44,1000
6479,485.456,474.906,474.906,1.6811,10.55,75,5.73,23.47,1000
6480,485.531,474.979,474.979,1.6833,10.552,75,5.75,23.5,1000
6481,485.606,475.052,475.052,1.6855,10.554,75,5.78,23.53,1000
6482,485.681,475.125,475.125,1.6877,10.556,75,5.81,23.57,1000
6483,485.756,475.198,475.198,1.6899,10.559,75,5.84,23.6,1000
6484,485.831,475.27,475.27,1.6921,10.561,75,5.86,23.63,1000
6485,485.906,475.343,475.343,1.6943,10.563,75,5.89,23.66,1000
6486,485.981,475.416,475.416,1.6965,10.565,75,5.92,23.69,1000
6487,486.056,475.489,475.489,1.6987,10.567,75,5.95,23.72,1000
6488,486.131,475.562,475.562,1.7009,10.57,75,5.97,23.75,1000
6489,486.206,475.634,475.634,1.7031,10.572,75,6.0,23.78,1000
6490,486.281,475.707,475.707,1.7053,10.574,75,6.03,23.81,1000
6491,486.356,475.78,475.78,1.7075,10.576,75,6.06,23.84,1000
6492,486.431,475.853,475.853,1.7096,10.578,75,6.08,23.87,1000
6493,486.506,475.926,475.926,1.7118,10.581,75,6.11,23.9,1000
6494,486.581,475.999,475.999,1.714,10.583,75,6.14,23.93,1000
6495,486.656,476.071,476.071,1.7162,10.585,75,6.17,23.96,1000
6496,486.731,476.144,476.144,1.7183,10.587,75,6.19,23.99,1000
6497,486.806,476.217,476.217,1.7205,10.589,75,6.22,24.02,1000
6498,486.881,476.29,476.29,1.7227,10.591,75,6.25,24.05,1000
6499,486.956,476.363,476.363,1.7249,10.594,75,6.28,24.08,1000
6500,487.031,476.435,476.435,1.727,10.596,75,6.3,24.11,1000
6501,487.106,476.508,476.508,1.7292,10.598,75,6.33,24.14,1000
6502,487.181,476.581,476.581,1.7314,10.6,75,6.36,24.17,1000
6503,487.256,476.654,476.654,1.7335,10.602,75,6.38,24.2,1000
6504,487.331,476.727,476.727,1.7357,10.604,75,6.41,24.23,1000
6505,487.406,476.8,476.8,1.7378,10.607,75,6.44,24.26,1000
6506,487.481,476.873,476.873,1.74,10.609,75,6.47,24.29,1000
6507,487.556,476.945,476.945,1.7421,10.611,75,6.49,24.32,1000
6508,487.631,477.018,477.018,1.7443,10.613,75,6.52,24.35,1000
6509,487.706,477.091,477.091,1.7464,10.615,75,6.55,24.38,1000
6510,487.781,477.164,477.164,1.7486,10.617,75,6.57,24.41,1000
6511,487.856,477.237,477.237,1.7507,10.619,75,6.6,24.44,1000
6512,487.931,477.31,477.31,1.7529,10.622,75,6.63,24.47,1000
6513,488.006,477.382,477.382,1.755,10.624,75,6.65,24.5,1000
6514,488.081,477.455,477.455,1.7572,10.626,75,6.68,24.53,1000
6515,488.156,477.528,477.528,1.7593,10.628,75,6.71,24.56,1000
6516,488.231,477.601,477.601,1.7614,10.63,75,6.73,24.59,1000
6517,488.306,477.674,477.674,1.7636,10.632,75,6.76,24.62,1000
6518,488.381,477.747,477.747,1.7657,10.634,75,6.79,24.65,1000
6519,488.456,477.82,477.82,1.7678,10.637,75,6.82,24.68,1000
6520,488.531,477.893,477.893,1.7699,10.639,75,6.84,24.71,1000
6521,488.606,477.965,477.965,1.7721,10.641,75,6.87,24.74,1000
6522,488.681,478.038,478.038,1.7742,10.643,75,6.9,24.77,1000
6523,488.756,478.111,478.111,1.7763,10.645,75,6.92,24.8,1000
6524,488.831,478.184,478.184,1.7784,10.647,75,6.95,24.83,1000
6525,488.906,478.257,478.257,1.7805,10.649,75,6.97,24.86,1000
6526,488.981,478.33,478.33,1.7827,10.651,75,7.0,24.89,1000
6527,489.056,478.403,478.403,1.7848,10.654,75,7.03,24.92,1000
6528,489.131,478.476,478.476,1.7869,10.656,75,7.05,24.95,1000
6529,489.206,478.549,478.549,1.789,10.658,75,7.08,24.98,1000
6530,489.281,478.621,478.621,1.7911,10.66,75,7.11,25.01,1000
6531,489.356,478.694,478.694,1.7932,10.662,75,7.13,25.04,1000
6532,489.431,478.767,478.767,1.7953,10.664,75,7.16,25.07,1000
6533,489.506,478.84,478.84,1.7974,10.666,75,7.19,25.1,1000
6534,489.581,478.913,478.913,1.7995,10.668,75,7.21,25.13,1000
6535,489.656,478.986,478.986,1.8016,10.67,75,7.24,25.15,1000
6536,489.731,479.059,479.059,1.8037,10.672,75,7.27,25.18,1000
6537,489.806,479.132,479.132,1.8057,10.674,75,7.29,25.21,1000
6538,489.881,479.205,479.205,1.8078,10.677,75,7.32,25.24,1000
6539,489.956,479.278,479.278,1.8099,10.679,75,7.34,25.27,1000
6540,490.031,479.351,479.351,1.812,10.681,75,7.37,25.3,1000
6541,490.106,479.423,479.423,1.8141,10.683,75,7.4,25.33,1000
6542,490.181,479.496,479.496,1.8161,10.685,75,7.42,25.36,1000
6543,490.256,479.569,479.569,1.8182,10.687,75,7.45,25.39,1000
6544,490.331,479.642,479.642,1.8203,10.689,75,7.47,25.42,1000
6545,490.406,479.715,479.715,1.8224,10.691,75,7.5,25.44,1000
6546,490.481,479.788,479.788,1.8244,10.693,75,7.53,25.47,1000
6547,490.556,479.861,479.861,1.8265,10.695,75,7.55,25.5,1000
6548,490.631,479.934,479.934,1.8285,10.697,75,7.58,25.53,1000
6549,490.706,480.007,480.007,1.8306,10.699,75,7.6,25.56,1000
6550,490.781,480.08,480.08,1.8327,10.701,75,7.63,25.59,1000
6551,490.856,480.153,480.153,1.8347,10.703,75,7.66,25.62,1000
6552,490.931,480.226,480.226,1.8368,10.706,75,7.68,25.65,1000
6553,491.006,480.299,480.299,1.8388,10.708,75,7.71,25.67,1000
6554,491.081,480.372,480.372,1.8409,10.71,75,7.73,25.7,1000
6555,491.156,480.445,480.445,1.8429,10.712,75,7.76,25.73,1000
6556,491.231,480.518,480.518,1.845,10.714,75,7.78,25.76,1000
6557,491.306,480.591,480.591,1.847,10.716,75,7.81,25.79,1000
6558,491.381,480.663,480.663,1.849,10.718,75,7.84,25.82,1000
6559,491.456,480.736,480.736,1.8511,10.72,75,7.86,25.85,1000
6560,491.531,480.809,480.809,1.8531,10.722,75,7.89,25.87,1000
6561,491.606,480.882,480.882,1.8551,10.724,75,7.91,25.9,1000
6562,491.681,480.955,480.955,1.8572,10.726,75,7.94,25.93,1000
6563,491.756,481.028,481.028,1.8592,10.728,75,7.96,25.96,1000
6564,491.831,481.101,481.101,1.8612,10.73,75,7.99,25.99,1000
6565,491.906,481.174,481.174,1.8632,10.732,75,8.01,26.02,1000
6566,491.981,481.247,481.247,1.8652,10.734,75,8.04,26.04,1000
6567,492.056,481.32,481.32,1.8672,10.736,75,8.06,26.07,1000
6568,492.131,481.393,481.393,1.8693,10.738,75,8.09,26.1,1000
6569,492.206,481.466,481.466,1.8713,10.74,75,8.12,26.13,1000
6570,492.281,481.539,481.539,1.8733,10.742,75,8.14,26.16,1000
6571,492.356,481.612,481.612,1.8753,10.744,75,8.17,26.18,1000
6572,492.431,481.685,481.685,1.8773,10.746,75,8.19,26.21,1000
6573,492.506,481.758,481.758,1.8793,10.748,75,8.22,26.24,1000
6574,492.581,481.831,481.831,1.8813,10.75,75,8.24,26.27,1000
6575,492.656,481.904,481.904,1.8833,10.752,75,8.27,26.3,1000
6576,492.731,481.977,481.977,1.8853,10.754,75,8.29,26.32,1000
6577,492.806,482.05,482.05,1.8872,10.756,75,8.32,26.35,1000
6578,492.881,482.123,482.123,1.8892,10.758,75,8.34,26.38,1000
6579,492.956,482.196,482.196,1.8912,10.76,75,8.37,26.41,1000
6580,493.031,482.269,482.269,1.8932,10.762,75,8.39,26.43,1000
6581,493.106,482.342,482.342,1.8952,10.764,75,8.42,26.46,1000
6582,493.181,482.415,482.415,1.8971,10.766,75,8.44,26.49,1000
6583,493.256,482.488,482.488,1.8991,10.768,75,8.47,26.52,1000
6584,493.331,482.561,482.561,1.9011,10.77,75,8.49,26.54,1000
6585,493.406,482.634,482.634,1.9031,10.772,75,8.51,26.57,1000
6586,493.481,482.707,482.707,1.905,10.774,75,8.54,26.6,1000
6587,493.556,482.781,482.781,1.907,10.776,75,8.56,26.63,1000
6588,493.631,482.854,482.854,1.9089,10.778,75,8.59,26.65,1000
6589,493.706,482.927,482.927,1.9109,10.78,75,8.61,26.68,1000
6590,493.781,483.0,483.0,1.9128,10.782,75,8.64,26.71,1000
6591,493.856,483.073,483.073,1.9148,10.784,75,8.66,26.74,1000
6592,493.931,483.146,483.146,1.9167,10.785,75,8.69,26.76,1000
6593,494.006,483.219,483.219,1.9187,10.787,75,8.71,26.79,1000
6594,494.081,483.292,483.292,1.9206,10.789,75,8.74,26.82,1000
6595,494.156,483.365,483.365,1.9226,10.791,75,8.76,26.84,1000
6596,494.231,483.438,483.438,1.9245,10.793,75,8.78,26.87,1000
6597,494.306,483.511,483.511,1.9264,10.795,75,8.81,26.9,1000
6598,494.381,483.584,483.584,1.9284,10.797,75,8.83,26.93,1000
6599,494.456,483.657,483.657,1.9303,10.799,75,8.86,26.95,1000
6600,494.531,483.73,483.73,1.9322,10.801,75,8.88,26.98,1000
6601,494.606,483.803,483.803,1.9342,10.803,75,8.91,27.01,1000
6602,494.681,483.876,483.876,1.9361,10.805,75,8.93,27.03,1000
6603,494.756,483.95,483.95,1.938,10.807,75,8.95,27.06,1000
6604,494.831,484.023,484.023,1.9399,10.809,75,8.98,27.09,1000
6605,494.906,484.096,484.096,1.9418,10.811,75,9.0,27.11,1000
6606,494.981,484.169,484.169,1.9437,10.812,75,9.03,27.14,1000
6607,495.056,484.242,484.242,1.9456,10.814,75,9.05,27.17,1000
6608,495.131,484.315,484.315,1.9475,10.816,75,9.07,27.19,1000
6609,495.206,484.388,484.388,1.9494,10.818,75,9.1,27.22,1000
6610,495.281,484.461,484.461,1.9513,10.82,75,9.12,27.25,1000
6611,495.356,484.534,484.534,1.9532,10.822,75,9.14,27.27,1000
6612,495.431,484.607,484.607,1.9551,10.824,75,9.17,27.3,1000
6613,495.506,484.681,484.681,1.957,10.826,75,9.19,27.32,1000
6614,495.581,484.754,484.754,1.9589,10.828,75,9.22,27.35,1000
6615,495.656,484.827,484.827,1.9608,10.83,75,9.24,27.38,1000
6616,495.731,484.9,484.9,1.9626,10.831,75,9.26,27.4,1000
6617,495.806,484.973,484.973,1.9645,10.833,75,9.29,27.43,1000
6618,495.881,485.046,485.046,1.9664,10.835,75,9.31,27.46,1000
6619,495.956,485.119,485.119,1.9683,10.837,75,9.33,27.48,1000
6620,496.031,485.192,485.192,1.9701,10.839,75,9.36,27.51,1000
6621,496.106,485.266,485.266,1.972,10.841,75,9.38,27.53,1000
6622,496.181,485.339,485.339,1.9739,10.843,75,9.4,27.56,1000
6623,496.256,485.412,485.412,1.9757,10.844,75,9.43,27.59,1000
6624,496.331,485.485,485.485,1.9776,10.846,75,9.45,27.61,1000
6625,496.406,485.558,485.558,1.9794,10.848,75,9.47,27.64,1000
6626,496.481,485.631,485.631,1.9813,10.85,75,9.5,27.66,1000
6627,496.556,485.704,485.704,1.9831,10.852,75,9.52,27.69,1000
6628,496.631,485.778,485.778,1.985,10.854,75,9.54,27.72,1000
6629,496.706,485.851,485.851,1.9868,10.856,75,9.57,27.74,1000
6630,496.781,485.924,485.924,1.9886,10.857,75,9.59,27.77,1000
6631,496.856,485.997,485.997,1.9905,10.859,75,9.61,27.79,1000
6632,496.931,486.07,486.07,1.9923,10.861,75,9.64,27.82,1000
6633,497.006,486.143,486.143,1.9941,10.863,75,9.66,27.84,1000
6634,497.081,486.217,486.217,1.996,10.865,75,9.68,27.87,1000
6635,497.156,486.29,486.29,1.9978,10.867,75,9.7,27.89,1000
6636,497.231,486.363,486.363,1.9996,10.868,75,9.73,27.92,1000
6637,497.306,486.436,486.436,2.0014,10.87,75,9.75,27.95,1000
6638,497.381,486.509,486.509,2.0032,10.872,75,9.77,27.97,1000
6639,497.456,486.582,486.582,2.005,10.874,75,9.8,28.0,1000
6640,497.531,486.656,486.656,2.0068,10.876,75,9.82,28.02,1000
6641,497.606,486.729,486.729,2.0086,10.877,75,9.84,28.05,1000
6642,497.681,486.802,486.802,2.0104,10.879,75,9.86,28.07,1000
6643,497.756,486.875,486.875,2.0122,10.881,75,9.89,28.1,1000
6644,497.831,486.948,486.948,2.014,10.883,75,9.91,28.12,1000
6645,497.906,487.022,487.022,2.0158,10.885,75,9.93,28.15,1000
6646,497.981,487.095,487.095,2.0176,10.886,75,9.95,28.17,1000
6647,498.056,487.168,487.168,2.0194,10.888,75,9.98,28.2,1000
6648,498.131,487.241,487.241,2.0212,10.89,75,10.0,28.22,1000
6649,498.206,487.315,487.315,2.023,10.892,75,10.02,28.25,1000
6650,498.281,487.388,487.388,2.0247,10.893,75,10.04,28.27,1000
6651,498.356,487.461,487.461,2.0265,10.895,75,10.07,28.3,1000
6652,498.431,487.534,487.534,2.0283,10.897,75,10.09,28.32,1000
6653,498.506,487.607,487.607,2.03,10.899,75,10.11,28.34,1000
6654,498.581,487.681,487.681,2.0318,10.901,75,10.13,28.37,1000
6655,498.656,487.754,487.754,2.0336,10.902,75,10.15,28.39,1000
6656,498.731,487.827,487.827,2.0353,10.904,75,10.18,28.42,1000
6657,498.806,487.9,487.9,2.0371,10.906,75,10.2,28.44,1000
6658,498.881,487.974,487.974,2.0388,10.908,75,10.22,28.47,1000
6659,498.956,488.047,488.047,2.0406,10.909,75,10.24,28.49,1000
6660,499.031,488.12,488.12,2.0423,10.911,75,10.26,28.52,1000
6661,499.106,488.193,488.193,2.044,10.913,75,10.29,28.54,1000
6662,499.181,488.267,488.267,2.0458,10.915,75,10.31,28.56,1000
6663,499.256,488.34,488.34,2.0475,10.916,75,10.33,28.59,1000
6664,499.331,488.413,488.413,2.0492,10.918,75,10.35,28.61,1000
6665,499.406,488.487,488.487,2.051,10.92,75,10.37,28.64,1000
6666,499.481,488.56,488.56,2.0527,10.921,75,10.39,28.66,1000
6667,499.556,488.633,488.633,2.0544,10.923,75,10.42,28.68,1000
6668,499.631,488.706,488.706,2.0561,10.925,75,10.44,28.71,1000
6669,499.706,488.78,488.78,2.0578,10.927,75,10.46,28.73,1000
6670,499.781,488.853,488.853,2.0595,10.928,75,10.48,28.76,1000
6671,499.856,488.926,488.926,2.0613,10.93,75,10.5,28.78,1000
6672,499.931,489.0,489.0,2.063,10.932,75,10.52,28.8,1000
6673,500.006,489.073,489.073,2.0647,10.933,75,10.55,28.83,1000
6674,500.081,489.146,489.146,2.0664,10.935,75,10.57,28.85,1000
6675,500.156,489.219,489.219,2.068,10.937,75,10.59,28.88,1000
6676,500.231,489.293,489.293,2.0697,10.938,75,10.61,28.9,1000
6677,500.306,489.366,489.366,2.0714,10.94,75,10.63,28.92,1000
6678,500.381,489.439,489.439,2.0731,10.942,75,10.65,28.95,1000
6679,500.456,489.513,489.513,2.0748,10.944,75,10.67,28.97,1000
6680,500.531,489.586,489.586,2.0765,10.945,75,10.69,28.99,1000
6681,500.606,489.659,489.659,2.0781,10.947,75,10.71,29.02,1000
6682,500.681,489.733,489.733,2.0798,10.949,75,10.74,29.04,1000
6683,500.756,489.806,489.806,2.0815,10.95,75,10.76,29.06,1000
6684,500.831,489.879,489.879,2.0831,10.952,75,10.78,29.09,1000
6685,500.906,489.953,489.953,2.0848,10.954,75,10.8,29.11,1000
6686,500.981,490.026,490.026,2.0864,10.955,75,10.82,29.13,1000
6687,501.056,490.099,490.099,2.0881,10.957,75,10.84,29.16,1000
6688,501.131,490.173,490.173,2.0897,10.958,75,10.86,29.18,1000
6689,501.206,490.246,490.246,2.0914,10.96,75,10.88,29.2,1000
6690,501.281,490.319,490.319,2.093,10.962,75,10.9,29.22,1000
6691,501.356,490.393,490.393,2.0947,10.963,75,10.92,29.25,1000
6692,501.431,490.466,490.466,2.0963,10.965,75,10.94,29.27,1000
6693,501.506,490.54,490.54,2.0979,10.967,75,10.96,29.29,1000
6694,501.581,490.613,490.613,2.0996,10.968,75,10.98,29.32,1000
6695,501.656,490.686,490.686,2.1012,10.97,75,11.0,29.34,1000
6696,501.731,490.76,490.76,2.1028,10.972,75,11.02,29.36,1000
6697,501.806,490.833,490.833,2.1044,10.973,75,11.04,29.38,1000
6698,501.881,490.906,490.906,2.106,10.975,75,11.07,29.41,1000
6699,501.956,490.98,490.98,2.1076,10.976,75,11.09,29.43,1000
6700,502.031,491.053,491.053,2.1093,10.978,75,11.11,29.45,1000
6701,502.106,491.127,491.127,2.1109,10.98,75,11.13,29.47,1000
6702,502.181,491.2,491.2,2.1125,10.981,75,11.15,29.5,1000
6703,502.256,491.273,491.273,2.114,10.983,75,11.17,29.52,1000
6704,502.331,491.347,491.347,2.1156,10.984,75,11.19,29.54,1000
6705,502.406,491.42,491.42,2.1172,10.986,75,11.21,29.56,1000
6706,502.481,491.494,491.494,2.1188,10.988,75,11.23,29.58,1000
6707,502.556,491.567,491.567,2.1204,10.989,75,11.25,29.61,1000
6708,502.631,491.641,491.641,2.122,10.991,75,11.27,29.63,1000
6709,502.706,491.714,491.714,2.1236,10.992,75,11.29,29.65,1000
6710,502.781,491.787,491.787,2.1251,10.994,75,11.31,29.67,1000
6711,502.856,491.861,491.861,2.1267,10.995,75,11.32,29.69,1000
6712,502.931,491.934,491.934,2.1283,10.997,75,11.34,29.72,1000
6713,503.006,492.008,492.008,2.1298,10.999,75,11.36,29.74,1000
6714,503.081,492.081,492.081,2.1314,11.0,75,11.38,29.76,1000
6715,503.156,492.155,492.155,2.1329,11.002,75,11.4,29.78,1000
6716,503.231,492.228,492.228,2.1345,11.003,75,11.42,29.8,1000
6717,503.306,492.301,492.301,2.136,11.005,75,11.44,29.82,1000
6718,503.381,492.375,492.375,2.1376,11.006,75,11.46,29.85,1000
6719,503.456,492.448,492.448,2.1391,11.008,75,11.48,29.87,1000
6720,503.531,492.522,492.522,2.1406,11.009,75,11.5,29.89,1000
6721,503.606,492.595,492.595,2.1422,11.011,75,11.52,29.91,1000
6722,503.681,492.669,492.669,2.1437,11.012,75,11.54,29.93,1000
6723,503.756,492.742,492.742,2.1452,11.014,75,11.56,29.95,1000
6724,503.831,492.816,492.816,2.1467,11.015,75,11.58,29.97,1000
6725,503.906,492.889,492.889,2.1482,11.017,75,11.6,30.0,1000
6726,503.981,492.963,492.963,2.1498,11.019,75,11.61,30.02,1000
6727,504.056,493.036,493.036,2.1513,11.02,75,11.63,30.04,1000
6728,504.131,493.11,493.11,2.1528,11.022,75,11.65,30.06,1000
6729,504.206,493.183,493.183,2.1543,11.023,75,11.67,30.08,1000
6730,504.281,493.257,493.257,2.1558,11.025,75,11.69,30.1,1000
6731,504.356,493.33,493.33,2.1573,11.026,75,11.71,30.12,1000
6732,504.431,493.404,493.404,2.1588,11.028,75,11.73,30.14,1000
6733,504.506,493.477,493.477,2.1602,11.029,75,11.75,30.16,1000
6734,504.581,493.551,493.551,2.1617,11.03,75,11.77,30.18,1000
6735,504.656,493.624,493.624,2.1632,11.032,75,11.78,30.2,1000
6736,504.731,493.698,493.698,2.1647,11.033,75,11.8,30.22,1000
6737,504.806,493.771,493.771,2.1662,11.035,75,11.82,30.25,1000
6738,504.881,493.845,493.845,2.1676,11.036,75,11.84,30.27,1000
6739,504.956,493.918,493.918,2.1691,11.038,75,11.86,30.29,1000
6740,505.031,493.992,493.992,2.1705,11.039,75,11.88,30.31,1000
6741,505.106,494.065,494.065,2.172,11.041,75,11.89,30.33,1000
6742,505.181,494.139,494.139,2.1735,11.042,75,11.91,30.35,1000
6743,505.256,494.213,494.213,2.1749,11.044,75,11.93,30.37,1000
6744,505.331,494.286,494.286,2.1763,11.045,75,11.95,30.39,1000
6745,505.406,494.36,494.36,2.1778,11.047,75,11.97,30.41,1000
6746,505.481,494.433,494.433,2.1792,11.048,75,11.98,30.43,1000
6747,505.556,494.507,494.507,2.1807,11.049,75,12.0,30.45,1000
6748,505.631,494.58,494.58,2.1821,11.051,75,12.02,30.47,1000
6749,505.706,494.654,494.654,2.1835,11.052,75,12.04,30.49,1000
6750,505.781,494.728,494.728,2.1849,11.054,75,12.06,30.51,1000
6751,505.856,494.801,494.801,2.1864,11.055,75,12.07,30.53,1000
6752,505.931,494.875,494.875,2.1878,11.057,75,12.09,30.55,1000
6753,506.006,494.948,494.948,2.1892,11.058,75,12.11,30.57,1000
6754,506.081,495.022,495.022,2.1906,11.059,75,12.13,30.59,1000
6755,506.156,495.096,495.096,2.192,11.061,75,12.15,30.61,1000
6756,506.231,495.169,495.169,2.1934,11.062,75,12.16,30.63,1000
6757,506.306,495.243,495.243,2.1948,11.064,75,12.18,30.65,1000
6758,506.381,495.316,495.316,2.1962,11.065,75,12.2,30.66,1000
6759,506.456,495.39,495.39,2.1976,11.066,75,12.22,30.68,1000
6760,506.531,495.464,495.464,2.1989,11.068,75,12.23,30.7,1000
6761,506.606,495.537,495.537,2.2003,11.069,75,12.25,30.72,1000
6762,506.681,495.611,495.611,2.2017,11.07,75,12.27,30.74,1000
6763,506.756,495.684,495.684,2.2031,11.072,75,12.28,30.76,1000
6764,506.831,495.758,495.758,2.2044,11.073,75,12.3,30.78,1000
6765,506.906,495.832,495.832,2.2058,11.075,75,12.32,30.8,1000
6766,506.981,495.905,495.905,2.2072,11.076,75,12.34,30.82,1000
6767,507.056,495.979,495.979,2.2085,11.077,75,12.35,30.84,1000
6768,507.131,496.053,496.053,2.2099,11.079,75,12.37,30.86,1000
6769,507.206,496.126,496.126,2.2112,11.08,75,12.39,30.87,1000
6770,507.281,496.2,496.2,2.2126,11.081,75,12.4,30.89,1000
6771,507.356,496.274,496.274,2.2139,11.083,75,12.42,30.91,1000
6772,507.431,496.347,496.347,2.2152,11.084,75,12.44,30.93,1000
6773,507.506,496.421,496.421,2.2166,11.085,75,12.45,30.95,1000
6774,507.581,496.495,496.495,2.2179,11.087,75,12.47,30.97,1000
6775,507.656,496.568,496.568,2.2192,11.088,75,12.49,30.99,1000
6776,507.731,496.642,496.642,2.2206,11.089,75,12.5,31.0,1000
6777,507.806,496.716,496.716,2.2219,11.091,75,12.52,31.02,1000
6778,507.881,496.789,496.789,2.2232,11.092,75,12.54,31.04,1000
6779,507.956,496.863,496.863,2.2245,11.093,75,12.55,31.06,1000
6780,508.031,496.937,496.937,2.2258,11.095,75,12.57,31.08,1000
6781,508.106,497.01,497.01,2.2271,11.096,75,12.59,31.1,1000
6782,508.181,497.084,497.084,2.2284,11.097,75,12.6,31.11,1000
6783,508.256,497.158,497.158,2.2297,11.098,75,12.62,31.13,1000
6784,508.331,497.232,497.232,2.231,11.1,75,12.64,31.15,1000
6785,508.406,497.305,497.305,2.2323,11.101,75,12.65,31.17,1000
6786,508.481,497.379,497.379,2.2335,11.102,75,12.67,31.19,1000
6787,508.556,497.453,497.453,2.2348,11.104,75,12.68,31.2,1000
6788,508.631,497.526,497.526,2.2361,11.105,75,12.7,31.22,1000
6789,508.706,497.6,497.6,2.2374,11.106,75,12.72,31.24,1000
6790,508.781,497.674,497.674,2.2386,11.107,75,12.73,31.26,1000
6791,508.856,497.748,497.748,2.2399,11.109,75,12.75,31.27,1000
6792,508.931,497.821,497.821,2.2411,11.11,75,12.76,31.29,1000
6793,509.006,497.895,497.895,2.2424,11.111,75,12.78,31.31,1000
6794,509.081,497.969,497.969,2.2436,11.112,75,12.79,31.33,1000
6795,509.156,498.043,498.043,2.2449,11.114,75,12.81,31.34,1000
6796,509.231,498.116,498.116,2.2461,11.115,75,12.83,31.36,1000
6797,509.306,498.19,498.19,2.2474,11.116,75,12.84,31.38,1000
6798,509.381,498.264,498.264,2.2486,11.117,75,12.86,31.4,1000
6799,509.456,498.338,498.338,2.2498,11.119,75,12.87,31.41,1000
6800,509.531,498.411,498.411,2.251,11.12,75,12.89,31.43,1000
6801,509.606,498.485,498.485,2.2523,11.121,75,12.9,31.45,1000
6802,509.681,498.559,498.559,2.2535,11.122,75,12.92,31.46,1000
6803,509.756,498.633,498.633,2.2547,11.123,75,12.93,31.48,1000
6804,509.831,498.707,498.707,2.2559,11.125,75,12.95,31.5,1000
6805,509.906,498.78,498.78,2.2571,11.126,75,12.96,31.52,1000
6806,509.981,498.854,498.854,2.2583,11.127,75,12.98,31.53,1000
6807,510.056,498.928,498.928,2.2595,11.128,75,12.99,31.55,1000
6808,510.131,499.002,499.002,2.2607,11.129,75,13.01,31.57,1000
6809,510.206,499.076,499.076,2.2619,11.131,75,13.02,31.58,1000
6810,510.281,499.149,499.149,2.2631,11.132,75,13.04,31.6,1000
6811,510.356,499.223,499.223,2.2642,11.133,75,13.05,31.61,1000
6812,510.431,499.297,499.297,2.2654,11.134,75,13.07,31.63,1000
6813,510.506,499.371,499.371,2.2666,11.135,75,13.08,31.65,1000
6814,510.581,499.445,499.445,2.2677,11.136,75,13.1,31.66,1000
6815,510.656,499.519,499.519,2.2689,11.138,75,13.11,31.68,1000
6816,510.731,499.592,499.592,2.2701,11.139,75,13.13,31.7,1000
6817,510.806,499.666,499.666,2.2712,11.14,75,13.14,31.71,1000
6818,510.881,499.74,499.74,2.2724,11.141,75,13.16,31.73,1000
6819,510.956,499.814,499.814,2.2735,11.142,75,13.17,31.74,1000
6820,511.031,499.888,499.888,2.2746,11.143,75,13.18,31.76,1000
6821,511.106,499.962,499.962,2.2758,11.145,75,13.2,31.78,1000
6822,511.181,500.036,500.036,2.2769,11.146,75,13.21,31.79,1000
6823,511.256,500.109,500.109,2.278,11.147,75,13.23,31.81,1000
6824,511.331,500.183,500.183,2.2792,11.148,75,13.24,31.82,1000
6825,511.406,500.257,500.257,2.2803,11.149,75,13.25,31.84,1000
6826,511.481,500.331,500.331,2.2814,11.15,75,13.27,31.85,1000
6827,511.556,500.405,500.405,2.2825,11.151,75,13.28,31.87,1000
6828,511.631,500.479,500.479,2.2836,11.152,75,13.3,31.89,1000
6829,511.706,500.553,500.553,2.2847,11.153,75,13.31,31.9,1000
6830,511.781,500.627,500.627,2.2858,11.155,75,13.32,31.92,1000
6831,511.856,500.701,500.701,2.2869,11.156,75,13.34,31.93,1000
6832,511.931,500.774,500.774,2.288,11.157,75,13.35,31.95,1000
6833,512.006,500.848,500.848,2.2891,11.158,75,13.37,31.96,1000
6834,512.081,500.922,500.922,2.2902,11.159,75,13.38,31.98,1000
6835,512.156,500.996,500.996,2.2913,11.16,75,13.39,31.99,1000
6836,512.231,501.07,501.07,2.2923,11.161,75,13.41,32.01,1000
6837,512.306,501.144,501.144,2.2934,11.162,75,13.42,32.02,1000
6838,512.381,501.218,501.218,2.2945,11.163,75,13.43,32.04,1000
6839,512.456,501.292,501.292,2.2955,11.164,75,13.45,32.05,1000
6840,512.531,501.366,501.366,2.2966,11.165,75,13.46,32.07,1000
6841,512.606,501.44,501.44,2.2976,11.166,75,13.47,32.08,1000
6842,512.681,501.514,501.514,2.2987,11.167,75,13.49,32.1,1000
6843,512.756,501.588,501.588,2.2997,11.168,75,13.5,32.11,1000
6844,512.831,501.662,501.662,2.3008,11.17,75,13.51,32.12,1000
6845,512.906,501.736,501.736,2.3018,11.171,75,13.53,32.14,1000
6846,512.981,501.81,501.81,2.3028,11.172,75,13.54,32.15,1000
6847,513.056,501.884,501.884,2.3038,11.173,75,13.55,32.17,1000
6848,513.131,501.958,501.958,2.3049,11.174,75,13.56,32.18,1000
6849,513.206,502.032,502.032,2.3059,11.175,75,13.58,32.2,1000
6850,513.281,502.106,502.106,2.3069,11.176,75,13.59,32.21,1000
6851,513.356,502.18,502.18,2.3079,11.177,75,13.6,32.22,1000
6852,513.431,502.254,502.254,2.3089,11.178,75,13.61,32.24,1000
6853,513.506,502.328,502.328,2.3099,11.179,75,13.63,32.25,1000
6854,513.581,502.402,502.402,2.3109,11.18,75,13.64,32.27,1000
6855,513.656,502.476,502.476,2.3119,11.181,75,13.65,32.28,1000
6856,513.731,502.55,502.55,2.3129,11.182,75,13.66,32.29,1000
6857,513.806,502.624,502.624,2.3139,11.183,75,13.68,32.31,1000
6858,513.881,502.698,502.698,2.3148,11.184,75,13.69,32.32,1000
6859,513.956,502.772,502.772,2.3158,11.185,75,13.7,32.33,1000
6860,514.031,502.846,502.846,2.3168,11.186,75,13.71,32.35,1000
6861,514.106,502.92,502.92,2.3178,11.187,75,13.73,32.36,1000
6862,514.181,502.994,502.994,2.3187,11.187,75,13.74,32.38,1000
6863,514.256,503.068,503.068,2.3197,11.188,75,13.75,32.39,1000
6864,514.331,503.142,503.142,2.3206,11.189,75,13.76,32.4,1000
6865,514.406,503.216,503.216,2.3216,11.19,75,13.77,32.42,1000
6866,514.481,503.29,503.29,2.3225,11.191,75,13.79,32.43,1000
6867,514.556,503.364,503.364,2.3235,11.192,75,13.8,32.44,1000
6868,514.631,503.438,503.438,2.3244,11.193,75,13.81,32.45,1000
6869,514.706,503.512,503.512,2.3253,11.194,75,13.82,32.47,1000
6870,514.781,503.586,503.586,2.3262,11.195,75,13.83,32.48,1000
6871,514.856,503.66,503.66,2.3272,11.196,75,13.84,32.49,1000
6872,514.931,503.734,503.734,2.3281,11.197,75,13.86,32.51,1000
6873,515.006,503.809,503.809,2.329,11.198,75,13.87,32.52,1000
6874,515.081,503.883,503.883,2.3299,11.199,75,13.88,32.53,1000
6875,515.156,503.957,503.957,2.3308,11.2,75,13.89,32.54,1000
6876,515.231,504.031,504.031,2.3317,11.2,75,13.9,32.56,1000
6877,515.306,504.105,504.105,2.3326,11.201,75,13.91,32.57,1000
6878,515.381,504.179,504.179,2.3335,11.202,75,13.92,32.58,1000
6879,515.456,504.253,504.253,2.3344,11.203,75,13.93,32.59,1000
6880,515.531,504.327,504.327,2.3353,11.204,75,13.95,32.61,1000
6881,515.606,504.401,504.401,2.3361,11.205,75,13.96,32.62,1000
6882,515.681,504.475,504.475,2.337,11.206,75,13.97,32.63,1000
6883,515.756,504.55,504.55,2.3379,11.207,75,13.98,32.64,1000
6884,515.831,504.624,504.624,2.3387,11.207,75,13.99,32.65,1000
6885,515.906,504.698,504.698,2.3396,11.208,75,14.0,32.67,1000
6886,515.981,504.772,504.772,2.3405,11.209,75,14.01,32.68,1000
6887,516.056,504.846,504.846,2.3413,11.21,75,14.02,32.69,1000
6888,516.131,504.92,504.92,2.3421,11.211,75,14.03,32.7,1000
6889,516.206,504.995,504.995,2.343,11.212,75,14.04,32.71,1000
6890,516.281,505.069,505.069,2.3438,11.213,75,14.05,32.73,1000
6891,516.356,505.143,505.143,2.3447,11.213,75,14.06,32.74,1000
6892,516.431,505.217,505.217,2.3455,11.214,75,14.07,32.75,1000
6893,516.506,505.291,505.291,2.3463,11.215,75,14.08,32.76,1000
6894,516.581,505.365,505.365,2.3471,11.216,75,14.09,32.77,1000
6895,516.656,505.44,505.44,2.3479,11.217,75,14.11,32.78,1000
6896,516.731,505.514,505.514,2.3488,11.218,75,14.12,32.79,1000
6897,516.806,505.588,505.588,2.3496,11.218,75,14.13,32.81,1000
6898,516.881,505.662,505.662,2.3504,11.219,75,14.14,32.82,1000
6899,516.956,505.736,505.736,2.3512,11.22,75,14.15,32.83,1000
6900,517.031,505.811,505.811,2.3519,11.221,75,14.16,32.84,1000
6901,517.106,505.885,505.885,2.3527,11.221,75,14.17,32.85,1000
6902,517.181,505.959,505.959,2.3535,11.222,75,14.18,32.86,1000
6903,517.256,506.033,506.033,2.3543,11.223,75,14.18,32.87,1000
6904,517.331,506.107,506.107,2.3551,11.224,75,14.19,32.88,1000
6905,517.406,506.182,506.182,2.3558,11.225,75,14.2,32.89,1000
6906,517.481,506.256,506.256,2.3566,11.225,75,14.21,32.9,1000
6907,517.556,506.33,506.33,2.3574,11.226,75,14.22,32.92,1000
6908,517.631,506.404,506.404,2.3581,11.227,75,14.23,32.93,1000
6909,517.706,506.479,506.479,2.3589,11.228,75,14.24,32.94,1000
6910,517.781,506.553,506.553,2.3596,11.228,75,14.25,32.95,1000
6911,517.856,506.627,506.627,2.3604,11.229,75,14.26,32.96,1000
6912,517.931,506.701,506.701,2.3611,11.23,75,14.27,32.97,1000
6913,518.006,506.776,506.776,2.3618,11.231,75,14.28,32.98,1000
6914,518.081,506.85,506.85,2.3626,11.231,75,14.29,32.99,1000
6915,518.156,506.924,506.924,2.3633,11.232,75,14.3,33.0,1000
6916,518.231,506.998,506.998,2.364,11.233,75,14.31,33.01,1000
6917,518.306,507.073,507.073,2.3647,11.233,75,14.32,33.02,1000
6918,518.381,507.147,507.147,2.3654,11.234,75,14.32,33.03,1000
6919,518.456,507.221,507.221,2.3661,11.235,75,14.33,33.04,1000
6920,518.531,507.296,507.296,2.3668,11.236,75,14.34,33.05,1000
6921,518.606,507.37,507.37,2.3675,11.236,75,14.35,33.06,1000
6922,518.681,507.444,507.444,2.3682,11.237,75,14.36,33.07,1000
6923,518.756,507.519,507.519,2.3689,11.238,75,14.37,33.08,1000
6924,518.831,507.593,507.593,2.3696,11.238,75,14.38,33.09,1000
6925,518.906,507.667,507.667,2.3703,11.239,75,14.39,33.1,1000
6926,518.981,507.742,507.742,2.3709,11.24,75,14.39,33.1,1000
6927,519.056,507.816,507.816,2.3716,11.24,75,14.4,33.11,1000
6928,519.131,507.89,507.89,2.3723,11.241,75,14.41,33.12,1000
6929,519.206,507.965,507.965,2.3729,11.242,75,14.42,33.13,1000
6930,519.281,508.039,508.039,2.3736,11.242,75,14.43,33.14,1000
6931,519.356,508.113,508.113,2.3742,11.243,75,14.44,33.15,1000
6932,519.431,508.188,508.188,2.3749,11.244,75,14.44,33.16,1000
6933,519.506,508.262,508.262,2.3755,11.244,75,14.45,33.17,1000
6934,519.581,508.336,508.336,2.3762,11.245,75,14.46,33.18,1000
6935,519.656,508.411,508.411,2.3768,11.246,75,14.47,33.19,1000
6936,519.731,508.485,508.485,2.3774,11.246,75,14.48,33.2,1000
6937,519.806,508.559,508.559,2.3781,11.247,75,14.48,33.2,1000
6938,519.881,508.634,508.634,2.3787,11.247,75,14.49,33.21,1000
6939,519.956,508.708,508.708,2.3793,11.248,75,14.5,33.22,1000
6940,520.031,508.783,508.783,2.3799,11.249,75,14.51,33.23,1000
6941,520.106,508.857,508.857,2.3805,11.249,75,14.51,33.24,1000
6942,520.181,508.931,508.931,2.3811,11.25,75,14.52,33.25,1000
6943,520.256,509.006,509.006,2.3817,11.25,75,14.53,33.25,1000
6944,520.331,509.08,509.08,2.3823,11.251,75,14.54,33.26,1000
6945,520.406,509.155,509.155,2.3829,11.252,75,14.54,33.27,1000
6946,520.481,509.229,509.229,2.3835,11.252,75,14.55,33.28,1000
6947,520.556,509.303,509.303,2.384,11.253,75,14.56,33.29,1000
6948,520.631,509.378,509.378,2.3846,11.253,75,14.57,33.3,1000
6949,520.706,509.452,509.452,2.3852,11.254,75,14.57,33.3,1000
6950,520.781,509.527,509.527,2.3857,11.254,75,14.58,33.31,1000
6951,520.856,509.601,509.601,2.3863,11.255,75,14.59,33.32,1000
6952,520.931,509.676,509.676,2.3869,11.256,75,14.59,33.33,1000
6953,521.006,509.75,509.75,2.3874,11.256,75,14.6,33.33,1000
6954,521.081,509.825,509.825,2.3879,11.257,75,14.61,33.34,1000
6955,521.156,509.899,509.899,2.3885,11.257,75,14.61,33.35,1000
6956,521.231,509.973,509.973,2.389,11.258,75,14.62,33.36,1000
6957,521.306,510.048,510.048,2.3896,11.258,75,14.63,33.36,1000
6958,521.381,510.122,510.122,2.3901,11.259,75,14.63,33.37,1000
6959,521.456,510.197,510.197,2.3906,11.259,75,14.64,33.38,1000
6960,521.531,510.271,510.271,2.3911,11.26,75,14.65,33.39,1000
6961,521.606,510.346,510.346,2.3916,11.26,75,14.65,33.39,1000
6962,521.681,510.42,510.42,2.3921,11.261,75,14.66,33.4,1000
6963,521.756,510.495,510.495,2.3926,11.261,75,14.67,33.41,1000
6964,521.831,510.569,510.569,2.3931,11.262,75,14.67,33.41,1000
6965,521.906,510.644,510.644,2.3936,11.262,75,14.68,33.42,1000
6966,521.981,510.718,510.718,2.3941,11.263,75,14.69,33.43,1000
6967,522.056,510.793,510.793,2.3946,11.263,75,14.69,33.43,1000
6968,522.131,510.867,510.867,2.3951,11.264,75,14.7,33.44,1000
6969,522.206,510.942,510.942,2.3956,11.264,75,14.7,33.45,1000
6970,522.281,511.016,511.016,2.396,11.265,75,14.71,33.45,1000
6971,522.356,511.091,511.091,2.3965,11.265,75,14.72,33.46,1000
6972,522.431,511.166,511.166,2.397,11.266,75,14.72,33.47,1000
6973,522.506,511.24,511.24,2.3974,11.266,75,14.73,33.47,1000
6974,522.581,511.315,511.315,2.3979,11.267,75,14.73,33.48,1000
6975,522.656,511.389,511.389,2.3983,11.267,75,14.74,33.49,1000
6976,522.731,511.464,511.464,2.3988,11.268,75,14.74,33.49,1000
6977,522.806,511.538,511.538,2.3992,11.268,75,14.75,33.5,1000
6978,522.881,511.613,511.613,2.3996,11.268,75,14.75,33.51,1000
6979,522.956,511.687,511.687,2.4,11.269,75,14.76,33.51,1000
6980,523.031,511.762,511.762,2.4005,11.269,75,14.77,33.52,1000
6981,523.106,511.837,511.837,2.4009,11.27,75,14.77,33.52,1000
6982,523.181,511.911,511.911,2.4013,11.27,75,14.78,33.53,1000
6983,523.256,511.986,511.986,2.4017,11.27,75,14.78,33.53,1000
6984,523.331,512.06,512.06,2.4021,11.271,75,14.79,33.54,1000
6985,523.406,512.135,512.135,2.4025,11.271,75,14.79,33.55,1000
6986,523.481,512.21,512.21,2.4029,11.272,75,14.8,33.55,1000
6987,523.556,512.284,512.284,2.4033,11.272,75,14.8,33.56,1000
6988,523.631,512.359,512.359,2.4037,11.272,75,14.81,33.56,1000
6989,523.706,512.433,512.433,2.4041,11.273,75,14.81,33.57,1000
6990,523.781,512.508,512.508,2.4044,11.273,75,14.82,33.57,1000
6991,523.856,512.583,512.583,2.4048,11.274,75,14.82,33.58,1000
6992,523.931,512.657,512.657,2.4052,11.274,75,14.82,33.58,1000
6993,524.006,512.732,512.732,2.4055,11.274,75,14.83,33.59,1000
6994,524.081,512.807,512.807,2.4059,11.275,75,14.83,33.59,1000
6995,524.156,512.881,512.881,2.4063,11.275,75,14.84,33.6,1000
6996,524.231,512.956,512.956,2.4066,11.275,75,14.84,33.6,1000
6997,524.306,513.031,513.031,2.4069,11.276,75,14.85,33.61,1000
6998,524.381,513.105,513.105,2.4073,11.276,75,14.85,33.61,1000
6999,524.456,513.18,513.18,2.4076,11.276,75,14.85,33.62,1000
7000,524.531,513.255,513.255,2.4079,11.277,75,14.86,33.62,1000
7001,524.606,513.329,513.329,2.4083,11.277,75,14.86,33.63,1000
7002,524.681,513.404,513.404,2.4086,11.277,75,14.87,33.63,1000
7003,524.756,513.479,513.479,2.4089,11.278,75,14.87,33.63,1000
7004,524.831,513.553,513.553,2.4092,11.278,75,14.88,33.64,1000
7005,524.906,513.628,513.628,2.4095,11.278,75,14.88,33.64,1000
7006,524.981,513.703,513.703,2.4098,11.279,75,14.88,33.65,1000
7007,525.056,513.777,513.777,2.4101,11.279,75,14.89,33.65,1000
7008,525.131,513.852,513.852,2.4104,11.279,75,14.89,33.66,1000
7009,525.206,513.927,513.927,2.4107,11.279,75,14.89,33.66,1000
7010,525.281,514.002,514.002,2.411,11.28,75,14.9,33.66,1000
7011,525.356,514.076,514.076,2.4112,11.28,75,14.9,33.67,1000
7012,525.431,514.151,514.151,2.4115,11.28,75,14.9,33.67,1000
7013,525.506,514.226,514.226,2.4118,11.281,75,14.91,33.67,1000
7014,525.581,514.3,514.3,2.412,11.281,75,14.91,33.68,1000
7015,525.656,514.375,514.375,2.4123,11.281,75,14.91,33.68,1000
7016,525.731,514.45,514.45,2.4126,11.281,75,14.92,33.69,1000
7017,525.806,514.525,514.525,2.4128,11.282,75,14.92,33.69,1000
7018,525.881,514.599,514.599,2.4131,11.282,75,14.92,33.69,1000
7019,525.956,514.674,514.674,2.4133,11.282,75,14.93,33.7,1000
7020,526.031,514.749,514.749,2.4135,11.282,75,14.93,33.7,1000
7021,526.106,514.824,514.824,2.4138,11.283,75,14.93,33.7,1000
7022,526.181,514.899,514.899,2.414,11.283,75,14.93,33.71,1000
7023,526.256,514.973,514.973,2.4142,11.283,75,14.94,33.71,1000
7024,526.331,515.048,515.048,2.4144,11.283,75,14.94,33.71,1000
7025,526.406,515.123,515.123,2.4146,11.283,75,14.94,33.71,1000
7026,526.481,515.198,515.198,2.4148,11.284,75,14.95,33.72,1000
7027,526.556,515.272,515.272,2.415,11.284,75,14.95,33.72,1000
7028,526.631,515.347,515.347,2.4152,11.284,75,14.95,33.72,1000
7029,526.706,515.422,515.422,2.4154,11.284,75,14.95,33.73,1000
7030,526.781,515.497,515.497,2.4156,11.284,75,14.96,33.73,1000
7031,526.856,515.572,515.572,2.4158,11.285,75,14.96,33.73,1000
7032,526.931,515.647,515.647,2.416,11.285,75,14.96,33.73,1000
7033,527.006,515.721,515.721,2.4161,11.285,75,14.96,33.74,1000
7034,527.081,515.796,515.796,2.4163,11.285,75,14.96,33.74,1000
7035,527.156,515.871,515.871,2.4165,11.285,75,14.97,33.74,1000
7036,527.231,515.946,515.946,2.4166,11.285,75,14.97,33.74,1000
7037,527.306,516.021,516.021,2.4168,11.286,75,14.97,33.74,1000
7038,527.381,516.096,516.096,2.4169,11.286,75,14.97,33.75,1000
7039,527.456,516.17,516.17,2.4171,11.286,75,14.97,33.75,1000
7040,527.531,516.245,516.245,2.4172,11.286,75,14.98,33.75,1000
7041,527.606,516.32,516.32,2.4173,11.286,75,14.98,33.75,1000
7042,527.681,516.395,516.395,2.4175,11.286,75,14.98,33.75,1000
7043,527.756,516.47,516.47,2.4176,11.286,75,14.98,33.76,1000
7044,527.831,516.545,516.545,2.4177,11.286,75,14.98,33.76,1000
7045,527.906,516.62,516.62,2.4178,11.287,75,14.98,33.76,1000
7046,527.981,516.695,516.695,2.4179,11.287,75,14.98,33.76,1000
7047,528.056,516.769,516.769,2.418,11.287,75,14.99,33.76,1000
7048,528.131,516.844,516.844,2.4181,11.287,75,14.99,33.76,1000
7049,528.206,516.919,516.919,2.4182,11.287,75,14.99,33.76,1000
7050,528.281,516.994,516.994,2.4183,11.287,75,14.99,33.77,1000
7051,528.356,517.069,517.069,2.4184,11.287,75,14.99,33.77,1000
7052,528.431,517.144,517.144,2.4185,11.287,75,14.99,33.77,1000
7053,528.506,517.219,517.219,2.4186,11.287,75,14.99,33.77,1000
7054,528.581,517.294,517.294,2.4186,11.287,75,14.99,33.77,1000
7055,528.656,517.369,517.369,2.4187,11.287,75,14.99,33.77,1000
7056,528.731,517.444,517.444,2.4188,11.288,75,15.0,33.77,1000
7057,528.806,517.519,517.519,2.4188,11.288,75,15.0,33.77,1000
7058,528.881,517.594,517.594,2.4189,11.288,75,15.0,33.77,1000
7059,528.956,517.669,517.669,2.4189,11.288,75,15.0,33.77,1000
7060,529.031,517.744,517.744,2.419,11.288,75,15.0,33.78,1000
7061,529.106,517.818,517.818,2.419,11.288,75,15.0,33.78,1000
7062,529.181,517.893,517.893,2.4191,11.288,75,15.0,33.78,1000
7063,529.256,517.968,517.968,2.4191,11.288,75,15.0,33.78,1000
7064,529.331,518.043,518.043,2.4191,11.288,75,15.0,33.78,1000
7065,529.406,518.118,518.118,2.4191,11.288,75,15.0,33.78,1000
7066,529.481,518.193,518.193,2.4191,11.288,75,15.0,33.78,1000
7067,529.556,518.268,518.268,2.4191,11.288,75,15.0,33.78,1000
7068,529.631,518.343,518.343,2.4192,11.288,75,15.0,33.78,1000
7069,529.706,518.418,518.418,2.4192,11.288,75,15.0,33.78,1000
7070,529.781,518.493,518.493,2.4192,11.288,75,15.0,33.78,1000
7071,529.856,518.568,518.568,2.4191,11.288,75,15.0,33.78,1000
7072,529.931,518.643,518.643,2.4191,11.288,75,15.0,33.78,1000
7073,530.006,518.718,518.718,2.4191,11.288,75,15.0,33.78,1000
7074,530.081,518.793,518.793,2.4191,11.288,75,15.0,33.78,1000
7075,530.156,518.868,518.868,2.4191,11.288,75,15.0,33.78,1000
7076,530.231,518.943,518.943,2.419,11.288,75,15.0,33.78,1000
7077,530.306,519.019,519.019,2.419,11.288,75,15.0,33.78,1000
7078,530.381,519.094,519.094,2.4189,11.288,75,15.0,33.77,1000
7079,530.456,519.169,519.169,2.4189,11.288,75,15.0,33.77,1000
7080,530.531,519.244,519.244,2.4188,11.288,75,15.0,33.77,1000
7081,530.606,519.319,519.319,2.4188,11.288,75,15.0,33.77,1000
7082,530.681,519.394,519.394,2.4187,11.287,75,14.99,33.77,1000
7083,530.756,519.469,519.469,2.4187,11.287,75,14.99,33.77,1000
7084,530.831,519.544,519.544,2.4186,11.287,75,14.99,33.77,1000
7085,530.906,519.619,519.619,2.4185,11.287,75,14.99,33.77,1000
7086,530.981,519.694,519.694,2.4184,11.287,75,14.99,33.77,1000
7087,531.056,519.769,519.769,2.4183,11.287,75,14.99,33.77,1000
7088,531.131,519.844,519.844,2.4183,11.287,75,14.99,33.77,1000
7089,531.206,519.919,519.919,2.4182,11.287,75,14.99,33.76,1000
7090,531.281,519.994,519.994,2.4181,11.287,75,14.99,33.76,1000
7091,531.356,520.07,520.07,2.418,11.287,75,14.98,33.76,1000
7092,531.431,520.145,520.145,2.4178,11.287,75,14.98,33.76,1000
7093,531.506,520.22,520.22,2.4177,11.286,75,14.98,33.76,1000
7094,531.581,520.295,520.295,2.4176,11.286,75,14.98,33.76,1000
7095,531.656,520.37,520.37,2.4175,11.286,75,14.98,33.75,1000
7096,531.731,520.445,520.445,2.4174,11.286,75,14.98,33.75,1000
7097,531.806,520.52,520.52,2.4172,11.286,75,14.98,33.75,1000
7098,531.881,520.595,520.595,2.4171,11.286,75,14.97,33.75,1000
7099,531.956,520.671,520.671,2.4169,11.286,75,14.97,33.75,1000
7100,532.031,520.746,520.746,2.4168,11.286,75,14.97,33.74,1000
7101,532.106,520.821,520.821,2.4166,11.285,75,14.97,33.74,1000
7102,532.181,520.896,520.896,2.4165,11.285,75,14.97,33.74,1000
7103,532.256,520.971,520.971,2.4163,11.285,75,14.96,33.74,1000
7104,532.331,521.046,521.046,2.4162,11.285,75,14.96,33.74,1000
7105,532.406,521.122,521.122,2.416,11.285,75,14.96,33.73,1000
7106,532.481,521.197,521.197,2.4158,11.285,75,14.96,33.73,1000
7107,532.556,521.272,521.272,2.4156,11.284,75,14.96,33.73,1000
7108,532.631,521.347,521.347,2.4154,11.284,75,14.95,33.73,1000
7109,532.706,521.422,521.422,2.4153,11.284,75,14.95,33.72,1000
7110,532.781,521.497,521.497,2.4151,11.284,75,14.95,33.72,1000
7111,532.856,521.573,521.573,2.4149,11.284,75,14.95,33.72,1000
7112,532.931,521.648,521.648,2.4147,11.283,75,14.94,33.71,1000
7113,533.006,521.723,521.723,2.4144,11.283,75,14.94,33.71,1000
7114,533.081,521.798,521.798,2.4142,11.283,75,14.94,33.71,1000
7115,533.156,521.873,521.873,2.414,11.283,75,14.94,33.71,1000
7116,533.231,521.949,521.949,2.4138,11.283,75,14.93,33.7,1000
7117,533.306,522.024,522.024,2.4136,11.282,75,14.93,33.7,1000
7118,533.381,522.099,522.099,2.4133,11.282,75,14.93,33.7,1000
7119,533.456,522.174,522.174,2.4131,11.282,75,14.92,33.69,1000
7120,533.531,522.25,522.25,2.4128,11.282,75,14.92,33.69,1000
7121,533.606,522.325,522.325,2.4126,11.281,75,14.92,33.69,1000
7122,533.681,522.4,522.4,2.4123,11.281,75,14.91,33.68,1000
7123,533.756,522.475,522.475,2.4121,11.281,75,14.91,33.68,1000
7124,533.831,522.551,522.551,2.4118,11.281,75,14.91,33.68,1000
7125,533.906,522.626,522.626,2.4116,11.28,75,14.9,33.67,1000
7126,533.981,522.701,522.701,2.4113,11.28,75,14.9,33.67,1000
7127,534.056,522.776,522.776,2.411,11.28,75,14.9,33.66,1000
7128,534.131,522.852,522.852,2.4107,11.279,75,14.89,33.66,1000
7129,534.206,522.927,522.927,2.4105,11.279,75,14.89,33.66,1000
7130,534.281,523.002,523.002,2.4102,11.279,75,14.89,33.65,1000
7131,534.356,523.078,523.078,2.4099,11.279,75,14.88,33.65,1000
7132,534.431,523.153,523.153,2.4096,11.278,75,14.88,33.64,1000
7133,534.506,523.228,523.228,2.4093,11.278,75,14.88,33.64,1000
7134,534.581,523.304,523.304,2.409,11.278,75,14.87,33.64,1000
7135,534.656,523.379,523.379,2.4086,11.277,75,14.87,33.63,1000
7136,534.731,523.454,523.454,2.4083,11.277,75,14.86,33.63,1000
7137,534.806,523.53,523.53,2.408,11.277,75,14.86,33.62,1000
7138,534.881,523.605,523.605,2.4077,11.276,75,14.86,33.62,1000
7139,534.956,523.68,523.68,2.4073,11.276,75,14.85,33.61,1000
7140,535.031,523.756,523.756,2.407,11.276,75,14.85,33.61,1000
7141,535.106,523.831,523.831,2.4067,11.275,75,14.84,33.6,1000
7142,535.181,523.906,523.906,2.4063,11.275,75,14.84,33.6,1000
7143,535.256,523.982,523.982,2.406,11.275,75,14.83,33.59,1000
7144,535.331,524.057,524.057,2.4056,11.274,75,14.83,33.59,1000
7145,535.406,524.132,524.132,2.4052,11.274,75,14.83,33.58,1000
7146,535.481,524.208,524.208,2.4049,11.274,75,14.82,33.58,1000
7147,535.556,524.283,524.283,2.4045,11.273,75,14.82,33.57,1000
7148,535.631,524.358,524.358,2.4041,11.273,75,14.81,33.57,1000
7149,535.706,524.434,524.434,2.4037,11.272,75,14.81,33.56,1000
7150,535.781,524.509,524.509,2.4034,11.272,75,14.8,33.56,1000
7151,535.856,524.585,524.585,2.403,11.272,75,14.8,33.55,1000
7152,535.931,524.66,524.66,2.4026,11.271,75,14.79,33.55,1000
7153,536.006,524.735,524.735,2.4022,11.271,75,14.79,33.54,1000
7154,536.081,524.811,524.811,2.4018,11.271,75,14.78,33.54,1000
7155,536.156,524.886,524.886,2.4014,11.27,75,14.78,33.53,1000
7156,536.231,524.962,524.962,2.401,11.27,75,14.77,33.52,1000
7157,536.306,525.037,525.037,2.4005,11.269,75,14.77,33.52,1000
7158,536.381,525.112,525.112,2.4001,11.269,75,14.76,33.51,1000
7159,536.456,525.188,525.188,2.3997,11.268,75,14.76,33.51,1000
7160,536.531,525.263,525.263,2.3993,11.268,75,14.75,33.5,1000
7161,536.606,525.339,525.339,2.3988,11.268,75,14.74,33.49,1000
7162,536.681,525.414,525.414,2.3984,11.267,75,14.74,33.49,1000
7163,536.756,525.49,525.49,2.3979,11.267,75,14.73,33.48,1000
7164,536.831,525.565,525.565,2.3975,11.266,75,14.73,33.48,1000
7165,536.906,525.64,525.64,2.397,11.266,75,14.72,33.47,1000
7166,536.981,525.716,525.716,2.3966,11.265,75,14.72,33.46,1000
7167,537.056,525.791,525.791,2.3961,11.265,75,14.71,33.46,1000
7168,537.131,525.867,525.867,2.3956,11.264,75,14.7,33.45,1000
7169,537.206,525.942,525.942,2.3952,11.264,75,14.7,33.44,1000
7170,537.281,526.018,526.018,2.3947,11.263,75,14.69,33.44,1000
7171,537.356,526.093,526.093,2.3942,11.263,75,14.69,33.43,1000
7172,537.431,526.169,526.169,2.3937,11.262,75,14.68,33.42,1000
7173,537.506,526.244,526.244,2.3932,11.262,75,14.67,33.42,1000
7174,537.581,526.32,526.32,2.3927,11.261,75,14.67,33.41,1000
7175,537.656,526.395,526.395,2.3922,11.261,75,14.66,33.4,1000
7176,537.731,526.471,526.471,2.3917,11.26,75,14.66,33.39,1000
7177,537.806,526.546,526.546,2.3912,11.26,75,14.65,33.39,1000
7178,537.881,526.622,526.622,2.3907,11.259,75,14.64,33.38,1000
7179,537.956,526.697,526.697,2.3902,11.259,75,14.64,33.37,1000
7180,538.031,526.773,526.773,2.3896,11.258,75,14.63,33.37,1000
7181,538.106,526.848,526.848,2.3891,11.258,75,14.62,33.36,1000
7182,538.181,526.924,526.924,2.3886,11.257,75,14.62,33.35,1000
7183,538.256,526.999,526.999,2.388,11.257,75,14.61,33.34,1000
7184,538.331,527.075,527.075,2.3875,11.256,75,14.6,33.34,1000
7185,538.406,527.151,527.151,2.3869,11.256,75,14.6,33.33,1000
7186,538.481,527.226,527.226,2.3864,11.255,75,14.59,33.32,1000
7187,538.556,527.302,527.302,2.3858,11.255,75,14.58,33.31,1000
7188,538.631,527.377,527.377,2.3853,11.254,75,14.57,33.3,1000
7189,538.706,527.453,527.453,2.3847,11.253,75,14.57,33.3,1000
7190,538.781,527.528,527.528,2.3841,11.253,75,14.56,33.29,1000
7191,538.856,527.604,527.604,2.3836,11.252,75,14.55,33.28,1000
7192,538.931,527.68,527.68,2.383,11.252,75,14.55,33.27,1000
7193,539.006,527.755,527.755,2.3824,11.251,75,14.54,33.26,1000
7194,539.081,527.831,527.831,2.3818,11.251,75,14.53,33.26,1000
7195,539.156,527.906,527.906,2.3812,11.25,75,14.52,33.25,1000
7196,539.231,527.982,527.982,2.3806,11.249,75,14.52,33.24,1000
7197,539.306,528.057,528.057,2.38,11.249,75,14.51,33.23,1000
7198,539.381,528.133,528.133,2.3794,11.248,75,14.5,33.22,1000
7199,539.456,528.209,528.209,2.3788,11.248,75,14.49,33.21,1000
7200,539.531,528.284,528.284,2.3782,11.247,75,14.48,33.21,1000
7201,539.606,528.36,528.36,2.3775,11.246,75,14.48,33.2,1000
7202,539.681,528.436,528.436,2.3769,11.246,75,14.47,33.19,1000
7203,539.756,528.511,528.511,2.3763,11.245,75,14.46,33.18,1000
7204,539.831,528.587,528.587,2.3756,11.244,75,14.45,33.17,1000
7205,539.906,528.662,528.662,2.375,11.244,75,14.45,33.16,1000
7206,539.981,528.738,528.738,2.3744,11.243,75,14.44,33.15,1000
7207,540.056,528.814,528.814,2.3737,11.242,75,14.43,33.14,1000
7208,540.131,528.889,528.889,2.3731,11.242,75,14.42,33.13,1000
7209,540.206,528.965,528.965,2.3724,11.241,75,14.41,33.12,1000
7210,540.281,529.041,529.041,2.3717,11.24,75,14.4,33.12,1000
7211,540.356,529.116,529.116,2.3711,11.24,75,14.4,33.11,1000
7212,540.431,529.192,529.192,2.3704,11.239,75,14.39,33.1,1000
7213,540.506,529.268,529.268,2.3697,11.238,75,14.38,33.09,1000
7214,540.581,529.343,529.343,2.369,11.238,75,14.37,33.08,1000
7215,540.656,529.419,529.419,2.3683,11.237,75,14.36,33.07,1000
7216,540.731,529.495,529.495,2.3676,11.236,75,14.35,33.06,1000
7217,540.806,529.571,529.571,2.367,11.236,75,14.34,33.05,1000
7218,540.881,529.646,529.646,2.3663,11.235,75,14.34,33.04,1000
7219,540.956,529.722,529.722,2.3655,11.234,75,14.33,33.03,1000
7220,541.031,529.798,529.798,2.3648,11.234,75,14.32,33.02,1000
7221,541.106,529.873,529.873,2.3641,11.233,75,14.31,33.01,1000
7222,541.181,529.949,529.949,2.3634,11.232,75,14.3,33.0,1000
7223,541.256,530.025,530.025,2.3627,11.231,75,14.29,32.99,1000
7224,541.331,530.101,530.101,2.362,11.231,75,14.28,32.98,1000
7225,541.406,530.176,530.176,2.3612,11.23,75,14.27,32.97,1000
7226,541.481,530.252,530.252,2.3605,11.229,75,14.26,32.96,1000
7227,541.556,530.328,530.328,2.3597,11.228,75,14.25,32.95,1000
7228,541.631,530.404,530.404,2.359,11.228,75,14.24,32.94,1000
7229,541.706,530.479,530.479,2.3582,11.227,75,14.23,32.93,1000
7230,541.781,530.555,530.555,2.3575,11.226,75,14.23,32.92,1000
7231,541.856,530.631,530.631,2.3567,11.225,75,14.22,32.91,1000
7232,541.931,530.707,530.707,2.356,11.225,75,14.21,32.9,1000
7233,542.006,530.782,530.782,2.3552,11.224,75,14.2,32.88,1000
7234,542.081,530.858,530.858,2.3544,11.223,75,14.19,32.87,1000
7235,542.156,530.934,530.934,2.3536,11.222,75,14.18,32.86,1000
7236,542.231,531.01,531.01,2.3529,11.222,75,14.17,32.85,1000
7237,542.306,531.085,531.085,2.3521,11.221,75,14.16,32.84,1000
7238,542.381,531.161,531.161,2.3513,11.22,75,14.15,32.83,1000
7239,542.456,531.237,531.237,2.3505,11.219,75,14.14,32.82,1000
7240,542.531,531.313,531.313,2.3497,11.218,75,14.13,32.81,1000
7241,542.606,531.389,531.389,2.3489,11.218,75,14.12,32.8,1000
7242,542.681,531.464,531.464,2.3481,11.217,75,14.11,32.79,1000
7243,542.756,531.54,531.54,2.3473,11.216,75,14.1,32.77,1000
7244,542.831,531.616,531.616,2.3464,11.215,75,14.09,32.76,1000
7245,542.906,531.692,531.692,2.3456,11.214,75,14.08,32.75,1000
7246,542.981,531.768,531.768,2.3448,11.214,75,14.07,32.74,1000
7247,543.056,531.844,531.844,2.344,11.213,75,14.06,32.73,1000
7248,543.131,531.919,531.919,2.3431,11.212,75,14.04,32.72,1000
7249,543.206,531.995,531.995,2.3423,11.211,75,14.03,32.7,1000
7250,543.281,532.071,532.071,2.3414,11.21,75,14.02,32.69,1000
7251,543.356,532.147,532.147,2.3406,11.209,75,14.01,32.68,1000
7252,543.431,532.223,532.223,2.3397,11.208,75,14.0,32.67,1000
7253,543.506,532.299,532.299,2.3389,11.208,75,13.99,32.66,1000
7254,543.581,532.374,532.374,2.338,11.207,75,13.98,32.64,1000
7255,543.656,532.45,532.45,2.3371,11.206,75,13.97,32.63,1000
7256,543.731,532.526,532.526,2.3363,11.205,75,13.96,32.62,1000
7257,543.806,532.602,532.602,2.3354,11.204,75,13.95,32.61,1000
7258,543.881,532.678,532.678,2.3345,11.203,75,13.94,32.6,1000
7259,543.956,532.754,532.754,2.3336,11.202,75,13.93,32.58,1000
7260,544.031,532.83,532.83,2.3327,11.201,75,13.91,32.57,1000
7261,544.106,532.906,532.906,2.3319,11.201,75,13.9,32.56,1000
7262,544.181,532.982,532.982,2.331,11.2,75,13.89,32.55,1000
7263,544.256,533.057,533.057,2.3301,11.199,75,13.88,32.53,1000
7264,544.331,533.133,533.133,2.3291,11.198,75,13.87,32.52,1000
7265,544.406,533.209,533.209,2.3282,11.197,75,13.86,32.51,1000
7266,544.481,533.285,533.285,2.3273,11.196,75,13.85,32.5,1000
7267,544.556,533.361,533.361,2.3264,11.195,75,13.83,32.48,1000
7268,544.631,533.437,533.437,2.3255,11.194,75,13.82,32.47,1000
7269,544.706,533.513,533.513,2.3245,11.193,75,13.81,32.46,1000
7270,544.781,533.589,533.589,2.3236,11.192,75,13.8,32.44,1000
7271,544.856,533.665,533.665,2.3227,11.191,75,13.79,32.43,1000
7272,544.931,533.741,533.741,2.3217,11.19,75,13.78,32.42,1000
7273,545.006,533.817,533.817,2.3208,11.19,75,13.76,32.4,1000
7274,545.081,533.893,533.893,2.3198,11.189,75,13.75,32.39,1000
7275,545.156,533.969,533.969,2.3189,11.188,75,13.74,32.38,1000
7276,545.231,534.045,534.045,2.3179,11.187,75,13.73,32.36,1000
7277,545.306,534.121,534.121,2.3169,11.186,75,13.72,32.35,1000
7278,545.381,534.197,534.197,2.316,11.185,75,13.7,32.34,1000
7279,545.456,534.272,534.272,2.315,11.184,75,13.69,32.32,1000
7280,545.531,534.348,534.348,2.314,11.183,75,13.68,32.31,1000
7281,545.606,534.424,534.424,2.313,11.182,75,13.67,32.3,1000
7282,545.681,534.5,534.5,2.3121,11.181,75,13.65,32.28,1000
7283,545.756,534.576,534.576,2.3111,11.18,75,13.64,32.27,1000
7284,545.831,534.652,534.652,2.3101,11.179,75,13.63,32.25,1000
7285,545.906,534.728,534.728,2.3091,11.178,75,13.62,32.24,1000
7286,545.981,534.804,534.804,2.3081,11.177,75,13.6,32.23,1000
7287,546.056,534.88,534.88,2.3071,11.176,75,13.59,32.21,1000
7288,546.131,534.956,534.956,2.3061,11.175,75,13.58,32.2,1000
7289,546.206,535.032,535.032,2.305,11.174,75,13.57,32.18,1000
7290,546.281,535.108,535.108,2.304,11.173,75,13.55,32.17,1000
7291,546.356,535.185,535.185,2.303,11.172,75,13.54,32.16,1000
7292,546.431,535.261,535.261,2.302,11.171,75,13.53,32.14,1000
7293,546.506,535.337,535.337,2.3009,11.17,75,13.51,32.13,1000
7294,546.581,535.413,535.413,2.2999,11.169,75,13.5,32.11,1000
7295,546.656,535.489,535.489,2.2988,11.168,75,13.49,32.1,1000
7296,546.731,535.565,535.565,2.2978,11.167,75,13.48,32.08,1000
7297,546.806,535.641,535.641,2.2967,11.165,75,13.46,32.07,1000
7298,546.881,535.717,535.717,2.2957,11.164,75,13.45,32.05,1000
7299,546.956,535.793,535.793,2.2946,11.163,75,13.44,32.04,1000
7300,547.031,535.869,535.869,2.2936,11.162,75,13.42,32.02,1000
7301,547.106,535.945,535.945,2.2925,11.161,75,13.41,32.01,1000
7302,547.181,536.021,536.021,2.2914,11.16,75,13.39,31.99,1000
7303,547.256,536.097,536.097,2.2904,11.159,75,13.38,31.98,1000
7304,547.331,536.173,536.173,2.2893,11.158,75,13.37,31.96,1000
7305,547.406,536.249,536.249,2.2882,11.157,75,13.35,31.95,1000
7306,547.481,536.325,536.325,2.2871,11.156,75,13.34,31.93,1000
7307,547.556,536.401,536.401,2.286,11.155,75,13.33,31.92,1000
7308,547.631,536.478,536.478,2.2849,11.154,75,13.31,31.9,1000
7309,547.706,536.554,536.554,2.2838,11.153,75,13.3,31.89,1000
7310,547.781,536.63,536.63,2.2827,11.151,75,13.29,31.87,1000
7311,547.856,536.706,536.706,2.2816,11.15,75,13.27,31.86,1000
7312,547.931,536.782,536.782,2.2805,11.149,75,13.26,31.84,1000
7313,548.006,536.858,536.858,2.2794,11.148,75,13.24,31.83,1000
7314,548.081,536.934,536.934,2.2782,11.147,75,13.23,31.81,1000
7315,548.156,537.01,537.01,2.2771,11.146,75,13.21,31.79,1000
7316,548.231,537.087,537.087,2.276,11.145,75,13.2,31.78,1000
7317,548.306,537.163,537.163,2.2748,11.144,75,13.19,31.76,1000
7318,548.381,537.239,537.239,2.2737,11.142,75,13.17,31.75,1000
7319,548.456,537.315,537.315,2.2726,11.141,75,13.16,31.73,1000
7320,548.531,537.391,537.391,2.2714,11.14,75,13.14,31.71,1000
7321,548.606,537.467,537.467,2.2703,11.139,75,13.13,31.7,1000
7322,548.681,537.543,537.543,2.2691,11.138,75,13.11,31.68,1000
7323,548.756,537.62,537.62,2.2679,11.137,75,13.1,31.67,1000
7324,548.831,537.696,537.696,2.2668,11.136,75,13.09,31.65,1000
7325,548.906,537.772,537.772,2.2656,11.134,75,13.07,31.63,1000
7326,548.981,537.848,537.848,2.2644,11.133,75,13.06,31.62,1000
7327,549.056,537.924,537.924,2.2632,11.132,75,13.04,31.6,1000
7328,549.131,538.0,538.0,2.2621,11.131,75,13.03,31.58,1000
7329,549.206,538.077,538.077,2.2609,11.13,75,13.01,31.57,1000
7330,549.281,538.153,538.153,2.2597,11.128,75,13.0,31.55,1000
7331,549.356,538.229,538.229,2.2585,11.127,75,12.98,31.53,1000
7332,549.431,538.305,538.305,2.2573,11.126,75,12.97,31.52,1000
7333,549.506,538.381,538.381,2.2561,11.125,75,12.95,31.5,1000
7334,549.581,538.458,538.458,2.2549,11.124,75,12.94,31.48,1000
7335,549.656,538.534,538.534,2.2537,11.122,75,12.92,31.47,1000
7336,549.731,538.61,538.61,2.2525,11.121,75,12.91,31.45,1000
7337,549.806,538.686,538.686,2.2512,11.12,75,12.89,31.43,1000
7338,549.881,538.762,538.762,2.25,11.119,75,12.87,31.42,1000
7339,549.956,538.839,538.839,2.2488,11.118,75,12.86,31.4,1000
7340,550.031,538.915,538.915,2.2476,11.116,75,12.84,31.38,1000
7341,550.106,538.991,538.991,2.2463,11.115,75,12.83,31.36,1000
7342,550.181,539.067,539.067,2.2451,11.114,75,12.81,31.35,1000
7343,550.256,539.144,539.144,2.2438,11.113,75,12.8,31.33,1000
7344,550.331,539.22,539.22,2.2426,11.111,75,12.78,31.31,1000
7345,550.406,539.296,539.296,2.2413,11.11,75,12.77,31.3,1000
7346,550.481,539.372,539.372,2.2401,11.109,75,12.75,31.28,1000
7347,550.556,539.449,539.449,2.2388,11.108,75,12.73,31.26,1000
7348,550.631,539.525,539.525,2.2376,11.106,75,12.72,31.24,1000
7349,550.706,539.601,539.601,2.2363,11.105,75,12.7,31.22,1000
7350,550.781,539.677,539.677,2.235,11.104,75,12.69,31.21,1000
7351,550.856,539.754,539.754,2.2338,11.103,75,12.67,31.19,1000
7352,550.931,539.83,539.83,2.2325,11.101,75,12.65,31.17,1000
7353,551.006,539.906,539.906,2.2312,11.1,75,12.64,31.15,1000
7354,551.081,539.983,539.983,2.2299,11.099,75,12.62,31.14,1000
7355,551.156,540.059,540.059,2.2286,11.097,75,12.61,31.12,1000
7356,551.231,540.135,540.135,2.2273,11.096,75,12.59,31.1,1000
7357,551.306,540.211,540.211,2.226,11.095,75,12.57,31.08,1000
7358,551.381,540.288,540.288,2.2247,11.093,75,12.56,31.06,1000
7359,551.456,540.364,540.364,2.2234,11.092,75,12.54,31.04,1000
7360,551.531,540.44,540.44,2.2221,11.091,75,12.52,31.03,1000
7361,551.606,540.517,540.517,2.2208,11.09,75,12.51,31.01,1000
7362,551.681,540.593,540.593,2.2195,11.088,75,12.49,30.99,1000
7363,551.756,540.669,540.669,2.2181,11.087,75,12.47,30.97,1000
7364,551.831,540.746,540.746,2.2168,11.086,75,12.46,30.95,1000
7365,551.906,540.822,540.822,2.2155,11.084,75,12.44,30.93,1000
7366,551.981,540.898,540.898,2.2141,11.083,75,12.42,30.92,1000
7367,552.056,540.975,540.975,2.2128,11.082,75,12.41,30.9,1000
7368,552.131,541.051,541.051,2.2115,11.08,75,12.39,30.88,1000
7369,552.206,541.127,541.127,2.2101,11.079,75,12.37,30.86,1000
7370,552.281,541.204,541.204,2.2088,11.078,75,12.36,30.84,1000
7371,552.356,541.28,541.28,2.2074,11.076,75,12.34,30.82,1000
7372,552.431,541.356,541.356,2.206,11.075,75,12.32,30.8,1000
7373,552.506,541.433,541.433,2.2047,11.073,75,12.3,30.78,1000
7374,552.581,541.509,541.509,2.2033,11.072,75,12.29,30.76,1000
7375,552.656,541.586,541.586,2.2019,11.071,75,12.27,30.74,1000
7376,552.731,541.662,541.662,2.2006,11.069,75,12.25,30.73,1000
7377,552.806,541.738,541.738,2.1992,11.068,75,12.24,30.71,1000
7378,552.881,541.815,541.815,2.1978,11.067,75,12.22,30.69,1000
7379,552.956,541.891,541.891,2.1964,11.065,75,12.2,30.67,1000
7380,553.031,541.967,541.967,2.195,11.064,75,12.18,30.65,1000
7381,553.106,542.044,542.044,2.1936,11.062,75,12.17,30.63,1000
7382,553.181,542.12,542.12,2.1922,11.061,75,12.15,30.61,1000
7383,553.256,542.197,542.197,2.1908,11.06,75,12.13,30.59,1000
7384,553.331,542.273,542.273,2.1894,11.058,75,12.11,30.57,1000
7385,553.406,542.349,542.349,2.188,11.057,75,12.1,30.55,1000
7386,553.481,542.426,542.426,2.1866,11.055,75,12.08,30.53,1000
7387,553.556,542.502,542.502,2.1852,11.054,75,12.06,30.51,1000
7388,553.631,542.579,542.579,2.1838,11.053,75,12.04,30.49,1000
7389,553.706,542.655,542.655,2.1823,11.051,75,12.02,30.47,1000
7390,553.781,542.732,542.732,2.1809,11.05,75,12.01,30.45,1000
7391,553.856,542.808,542.808,2.1795,11.048,75,11.99,30.43,1000
7392,553.931,542.884,542.884,2.178,11.047,75,11.97,30.41,1000
7393,554.006,542.961,542.961,2.1766,11.045,75,11.95,30.39,1000
7394,554.081,543.037,543.037,2.1751,11.044,75,11.93,30.37,1000
7395,554.156,543.114,543.114,2.1737,11.042,75,11.92,30.35,1000
7396,554.231,543.19,543.19,2.1722,11.041,75,11.9,30.33,1000
7397,554.306,543.267,543.267,2.1708,11.04,75,11.88,30.31,1000
7398,554.381,543.343,543.343,2.1693,11.038,75,11.86,30.29,1000
7399,554.456,543.42,543.42,2.1679,11.037,75,11.84,30.27,1000
7400,554.531,543.496,543.496,2.1664,11.035,75,11.82,30.25,1000
7401,554.606,543.573,543.573,2.1649,11.034,75,11.81,30.23,1000
7402,554.681,543.649,543.649,2.1635,11.032,75,11.79,30.21,1000
7403,554.756,543.726,543.726,2.162,11.031,75,11.77,30.19,1000
7404,554.831,543.802,543.802,2.1605,11.029,75,11.75,30.17,1000
7405,554.906,543.878,543.878,2.159,11.028,75,11.73,30.15,1000
7406,554.981,543.955,543.955,2.1575,11.026,75,11.71,30.12,1000
7407,555.056,544.031,544.031,2.156,11.025,75,11.69,30.1,1000
7408,555.131,544.108,544.108,2.1545,11.023,75,11.67,30.08,1000
7409,555.206,544.184,544.184,2.153,11.022,75,11.66,30.06,1000
7410,555.281,544.261,544.261,2.1515,11.02,75,11.64,30.04,1000
7411,555.356,544.337,544.337,2.15,11.019,75,11.62,30.02,1000
7412,555.431,544.414,544.414,2.1485,11.017,75,11.6,30.0,1000
7413,555.506,544.491,544.491,2.147,11.016,75,11.58,29.98,1000
7414,555.581,544.567,544.567,2.1455,11.014,75,11.56,29.96,1000
7415,555.656,544.644,544.644,2.1439,11.013,75,11.54,29.94,1000
7416,555.731,544.72,544.72,2.1424,11.011,75,11.52,29.91,1000
7417,555.806,544.797,544.797,2.1409,11.01,75,11.5,29.89,1000
7418,555.881,544.873,544.873,2.1394,11.008,75,11.48,29.87,1000
7419,555.956,544.95,544.95,2.1378,11.007,75,11.46,29.85,1000
7420,556.031,545.026,545.026,2.1363,11.005,75,11.45,29.83,1000
7421,556.106,545.103,545.103,2.1347,11.003,75,11.43,29.81,1000
7422,556.181,545.179,545.179,2.1332,11.002,75,11.41,29.78,1000
7423,556.256,545.256,545.256,2.1316,11.0,75,11.39,29.76,1000
7424,556.331,545.332,545.332,2.1301,10.999,75,11.37,29.74,1000
7425,556.406,545.409,545.409,2.1285,10.997,75,11.35,29.72,1000
7426,556.481,545.486,545.486,2.1269,10.996,75,11.33,29.7,1000
7427,556.556,545.562,545.562,2.1254,10.994,75,11.31,29.68,1000
7428,556.631,545.639,545.639,2.1238,10.993,75,11.29,29.65,1000
7429,556.706,545.715,545.715,2.1222,10.991,75,11.27,29.63,1000
7430,556.781,545.792,545.792,2.1207,10.989,75,11.25,29.61,1000
7431,556.856,545.868,545.868,2.1191,10.988,75,11.23,29.59,1000
7432,556.931,545.945,545.945,2.1175,10.986,75,11.21,29.57,1000
7433,557.006,546.022,546.022,2.1159,10.985,75,11.19,29.54,1000
7434,557.081,546.098,546.098,2.1143,10.983,75,11.17,29.52,1000
7435,557.156,546.175,546.175,2.1127,10.981,75,11.15,29.5,1000
7436,557.231,546.251,546.251,2.1111,10.98,75,11.13,29.48,1000
7437,557.306,546.328,546.328,2.1095,10.978,75,11.11,29.45,1000
7438,557.381,546.405,546.405,2.1079,10.977,75,11.09,29.43,1000
7439,557.456,546.481,546.481,2.1063,10.975,75,11.07,29.41,1000
7440,557.531,546.558,546.558,2.1047,10.973,75,11.05,29.39,1000
7441,557.606,546.634,546.634,2.1031,10.972,75,11.03,29.36,1000
7442,557.681,546.711,546.711,2.1015,10.97,75,11.01,29.34,1000
7443,557.756,546.788,546.788,2.0998,10.969,75,10.99,29.32,1000
7444,557.831,546.864,546.864,2.0982,10.967,75,10.97,29.3,1000
7445,557.906,546.941,546.941,2.0966,10.965,75,10.95,29.27,1000
7446,557.981,547.018,547.018,2.0949,10.964,75,10.93,29.25,1000
7447,558.056,547.094,547.094,2.0933,10.962,75,10.91,29.23,1000
7448,558.131,547.171,547.171,2.0917,10.96,75,10.88,29.21,1000
7449,558.206,547.247,547.247,2.09,10.959,75,10.86,29.18,1000
7450,558.281,547.324,547.324,2.0884,10.957,75,10.84,29.16,1000
7451,558.356,547.401,547.401,2.0867,10.955,75,10.82,29.14,1000
7452,558.431,547.477,547.477,2.0851,10.954,75,10.8,29.11,1000
7453,558.506,547.554,547.554,2.0834,10.952,75,10.78,29.09,1000
7454,558.581,547.631,547.631,2.0817,10.95,75,10.76,29.07,1000
7455,558.656,547.707,547.707,2.0801,10.949,75,10.74,29.04,1000
7456,558.731,547.784,547.784,2.0784,10.947,75,10.72,29.02,1000
7457,558.806,547.861,547.861,2.0767,10.945,75,10.7,29.0,1000
7458,558.881,547.937,547.937,2.0751,10.944,75,10.68,28.97,1000
7459,558.956,548.014,548.014,2.0734,10.942,75,10.65,28.95,1000
7460,559.031,548.091,548.091,2.0717,10.94,75,10.63,28.93,1000
7461,559.106,548.167,548.167,2.07,10.939,75,10.61,28.9,1000
7462,559.181,548.244,548.244,2.0683,10.937,75,10.59,28.88,1000
7463,559.256,548.321,548.321,2.0666,10.935,75,10.57,28.86,1000
7464,559.331,548.398,548.398,2.0649,10.934,75,10.55,28.83,1000
7465,559.406,548.474,548.474,2.0632,10.932,75,10.53,28.81,1000
7466,559.481,548.551,548.551,2.0615,10.93,75,10.51,28.78,1000
7467,559.556,548.628,548.628,2.0598,10.929,75,10.48,28.76,1000
7468,559.631,548.704,548.704,2.0581,10.927,75,10.46,28.74,1000
7469,559.706,548.781,548.781,2.0564,10.925,75,10.44,28.71,1000
7470,559.781,548.858,548.858,2.0547,10.923,75,10.42,28.69,1000
7471,559.856,548.935,548.935,2.053,10.922,75,10.4,28.66,1000
7472,559.931,549.011,549.011,2.0513,10.92,75,10.38,28.64,1000
7473,560.006,549.088,549.088,2.0495,10.918,75,10.36,28.62,1000
7474,560.081,549.165,549.165,2.0478,10.917,75,10.33,28.59,1000
7475,560.156,549.241,549.241,2.0461,10.915,75,10.31,28.57,1000
7476,560.231,549.318,549.318,2.0443,10.913,75,10.29,28.54,1000
7477,560.306,549.395,549.395,2.0426,10.911,75,10.27,28.52,1000
7478,560.381,549.472,549.472,2.0409,10.91,75,10.25,28.5,1000
7479,560.456,549.548,549.548,2.0391,10.908,75,10.22,28.47,1000
7480,560.531,549.625,549.625,2.0374,10.906,75,10.2,28.45,1000
7481,560.606,549.702,549.702,2.0356,10.904,75,10.18,28.42,1000
7482,560.681,549.779,549.779,2.0339,10.903,75,10.16,28.4,1000
7483,560.756,549.855,549.855,2.0321,10.901,75,10.14,28.37,1000
7484,560.831,549.932,549.932,2.0303,10.899,75,10.11,28.35,1000
7485,560.906,550.009,550.009,2.0286,10.897,75,10.09,28.32,1000
7486,560.981,550.086,550.086,2.0268,10.896,75,10.07,28.3,1000
7487,561.056,550.162,550.162,2.025,10.894,75,10.05,28.27,1000
7488,561.131,550.239,550.239,2.0233,10.892,75,10.02,28.25,1000
7489,561.206,550.316,550.316,2.0215,10.89,75,10.0,28.23,1000
7490,561.281,550.393,550.393,2.0197,10.888,75,9.98,28.2,1000
7491,561.356,550.47,550.47,2.0179,10.887,75,9.96,28.18,1000
7492,561.431,550.546,550.546,2.0161,10.885,75,9.94,28.15,1000
7493,561.506,550.623,550.623,2.0143,10.883,75,9.91,28.13,1000
7494,561.581,550.7,550.7,2.0125,10.881,75,9.89,28.1,1000
7495,561.656,550.777,550.777,2.0107,10.879,75,9.87,28.08,1000
7496,561.731,550.854,550.854,2.0089,10.878,75,9.85,28.05,1000
7497,561.806,550.93,550.93,2.0071,10.876,75,9.82,28.03,1000
7498,561.881,551.007,551.007,2.0053,10.874,75,9.8,28.0,1000
7499,561.956,551.084,551.084,2.0035,10.872,75,9.78,27.97,1000
7500,562.031,551.161,551.161,2.0017,10.87,75,9.75,27.95,1000
7501,562.106,551.238,551.238,1.9999,10.869,75,9.73,27.92,1000
7502,562.181,551.314,551.314,1.9981,10.867,75,9.71,27.9,1000
7503,562.256,551.391,551.391,1.9963,10.865,75,9.69,27.87,1000
7504,562.331,551.468,551.468,1.9944,10.863,75,9.66,27.85,1000
7505,562.406,551.545,551.545,1.9926,10.861,75,9.64,27.82,1000
7506,562.481,551.622,551.622,1.9908,10.86,75,9.62,27.8,1000
7507,562.556,551.699,551.699,1.9889,10.858,75,9.59,27.77,1000
7508,562.631,551.775,551.775,1.9871,10.856,75,9.57,27.75,1000
7509,562.706,551.852,551.852,1.9853,10.854,75,9.55,27.72,1000
7510,562.781,551.929,551.929,1.9834,10.852,75,9.52,27.69,1000
7511,562.856,552.006,552.006,1.9816,10.85,75,9.5,27.67,1000
7512,562.931,552.083,552.083,1.9797,10.848,75,9.48,27.64,1000
7513,563.006,552.16,552.16,1.9779,10.847,75,9.45,27.62,1000
7514,563.081,552.236,552.236,1.976,10.845,75,9.43,27.59,1000
7515,563.156,552.313,552.313,1.9742,10.843,75,9.41,27.56,1000
7516,563.231,552.39,552.39,1.9723,10.841,75,9.38,27.54,1000
7517,563.306,552.467,552.467,1.9704,10.839,75,9.36,27.51,1000
7518,563.381,552.544,552.544,1.9686,10.837,75,9.34,27.49,1000
7519,563.456,552.621,552.621,1.9667,10.835,75,9.31,27.46,1000
7520,563.531,552.698,552.698,1.9648,10.834,75,9.29,27.43,1000
7521,563.606,552.775,552.775,1.963,10.832,75,9.27,27.41,1000
7522,563.681,552.851,552.851,1.9611,10.83,75,9.24,27.38,1000
7523,563.756,552.928,552.928,1.9592,10.828,75,9.22,27.36,1000
7524,563.831,553.005,553.005,1.9573,10.826,75,9.2,27.33,1000
7525,563.906,553.082,553.082,1.9554,10.824,75,9.17,27.3,1000
7526,563.981,553.159,553.159,1.9535,10.822,75,9.15,27.28,1000
7527,564.056,553.236,553.236,1.9516,10.82,75,9.13,27.25,1000
7528,564.131,553.313,553.313,1.9497,10.818,75,9.1,27.22,1000
7529,564.206,553.39,553.39,1.9478,10.817,75,9.08,27.2,1000
7530,564.281,553.467,553.467,1.9459,10.815,75,9.05,27.17,1000
7531,564.356,553.543,553.543,1.944,10.813,75,9.03,27.14,1000
7532,564.431,553.62,553.62,1.9421,10.811,75,9.01,27.12,1000
7533,564.506,553.697,553.697,1.9402,10.809,75,8.98,27.09,1000
7534,564.581,553.774,553.774,1.9383,10.807,75,8.96,27.06,1000
7535,564.656,553.851,553.851,1.9364,10.805,75,8.93,27.04,1000
7536,564.731,553.928,553.928,1.9345,10.803,75,8.91,27.01,1000
7537,564.806,554.005,554.005,1.9325,10.801,75,8.89,26.98,1000
7538,564.881,554.082,554.082,1.9306,10.799,75,8.86,26.96,1000
7539,564.956,554.159,554.159,1.9287,10.797,75,8.84,26.93,1000
7540,565.031,554.236,554.236,1.9268,10.796,75,8.81,26.9,1000
7541,565.106,554.313,554.313,1.9248,10.794,75,8.79,26.88,1000
7542,565.181,554.39,554.39,1.9229,10.792,75,8.76,26.85,1000
7543,565.256,554.467,554.467,1.921,10.79,75,8.74,26.82,1000
7544,565.331,554.543,554.543,1.919,10.788,75,8.72,26.79,1000
7545,565.406,554.62,554.62,1.9171,10.786,75,8.69,26.77,1000
7546,565.481,554.697,554.697,1.9151,10.784,75,8.67,26.74,1000
7547,565.556,554.774,554.774,1.9132,10.782,75,8.64,26.71,1000
7548,565.631,554.851,554.851,1.9112,10.78,75,8.62,26.69,1000
7549,565.706,554.928,554.928,1.9093,10.778,75,8.59,26.66,1000
7550,565.781,555.005,555.005,1.9073,10.776,75,8.57,26.63,1000
7551,565.856,555.082,555.082,1.9053,10.774,75,8.54,26.6,1000
7552,565.931,555.159,555.159,1.9034,10.772,75,8.52,26.58,1000
7553,566.006,555.236,555.236,1.9014,10.77,75,8.49,26.55,1000
7554,566.081,555.313,555.313,1.8994,10.768,75,8.47,26.52,1000
7555,566.156,555.39,555.39,1.8975,10.766,75,8.44,26.49,1000
7556,566.231,555.467,555.467,1.8955,10.764,75,8.42,26.47,1000
7557,566.306,555.544,555.544,1.8935,10.762,75,8.39,26.44,1000
7558,566.381,555.621,555.621,1.8915,10.76,75,8.37,26.41,1000
7559,566.456,555.698,555.698,1.8896,10.758,75,8.34,26.38,1000
7560,566.531,555.775,555.775,1.8876,10.756,75,8.32,26.36,1000
7561,566.606,555.852,555.852,1.8856,10.754,75,8.3,26.33,1000
7562,566.681,555.929,555.929,1.8836,10.752,75,8.27,26.3,1000
7563,566.756,556.006,556.006,1.8816,10.75,75,8.24,26.27,1000
7564,566.831,556.083,556.083,1.8796,10.748,75,8.22,26.24,1000
7565,566.906,556.16,556.16,1.8776,10.746,75,8.19,26.22,1000
7566,566.981,556.237,556.237,1.8756,10.744,75,8.17,26.19,1000
7567,567.056,556.314,556.314,1.8736,10.742,75,8.14,26.16,1000
7568,567.131,556.391,556.391,1.8716,10.74,75,8.12,26.13,1000
7569,567.206,556.468,556.468,1.8696,10.738,75,8.09,26.1,1000
7570,567.281,556.545,556.545,1.8676,10.736,75,8.07,26.08,1000
7571,567.356,556.622,556.622,1.8656,10.734,75,8.04,26.05,1000
7572,567.431,556.699,556.699,1.8636,10.732,75,8.02,26.02,1000
7573,567.506,556.776,556.776,1.8615,10.73,75,7.99,25.99,1000
7574,567.581,556.853,556.853,1.8595,10.728,75,7.97,25.96,1000
7575,567.656,556.93,556.93,1.8575,10.726,75,7.94,25.94,1000
7576,567.731,557.007,557.007,1.8555,10.724,75,7.92,25.91,1000
7577,567.806,557.084,557.084,1.8534,10.722,75,7.89,25.88,1000
7578,567.881,557.161,557.161,1.8514,10.72,75,7.87,25.85,1000
7579,567.956,557.238,557.238,1.8494,10.718,75,7.84,25.82,1000
7580,568.031,557.315,557.315,1.8473,10.716,75,7.81,25.79,1000
7581,568.106,557.392,557.392,1.8453,10.714,75,7.79,25.77,1000
7582,568.181,557.469,557.469,1.8433,10.712,75,7.76,25.74,1000
7583,568.256,557.546,557.546,1.8412,10.71,75,7.74,25.71,1000
7584,568.331,557.623,557.623,1.8392,10.708,75,7.71,25.68,1000
7585,568.406,557.7,557.7,1.8371,10.706,75,7.69,25.65,1000
7586,568.481,557.777,557.777,1.8351,10.704,75,7.66,25.62,1000
7587,568.556,557.854,557.854,1.833,10.702,75,7.63,25.59,1000
7588,568.631,557.932,557.932,1.8309,10.7,75,7.61,25.56,1000
7589,568.706,558.009,558.009,1.8289,10.698,75,7.58,25.54,1000
7590,568.781,558.086,558.086,1.8268,10.696,75,7.56,25.51,1000
7591,568.856,558.163,558.163,1.8248,10.694,75,7.53,25.48,1000
7592,568.931,558.24,558.24,1.8227,10.691,75,7.5,25.45,1000
7593,569.006,558.317,558.317,1.8206,10.689,75,7.48,25.42,1000
7594,569.081,558.394,558.394,1.8186,10.687,75,7.45,25.39,1000
7595,569.156,558.471,558.471,1.8165,10.685,75,7.43,25.36,1000
7596,569.231,558.548,558.548,1.8144,10.683,75,7.4,25.33,1000
7597,569.306,558.625,558.625,1.8123,10.681,75,7.37,25.3,1000
7598,569.381,558.702,558.702,1.8103,10.679,75,7.35,25.28,1000
7599,569.456,558.779,558.779,1.8082,10.677,75,7.32,25.25,1000
7600,569.531,558.856,558.856,1.8061,10.675,75,7.3,25.22,1000
7601,569.606,558.933,558.933,1.804,10.673,75,7.27,25.19,1000
7602,569.681,559.011,559.011,1.8019,10.671,75,7.24,25.16,1000
7603,569.756,559.088,559.088,1.7998,10.669,75,7.22,25.13,1000
7604,569.831,559.165,559.165,1.7977,10.666,75,7.19,25.1,1000
7605,569.906,559.242,559.242,1.7956,10.664,75,7.16,25.07,1000
7606,569.981,559.319,559.319,1.7935,10.662,75,7.14,25.04,1000
7607,570.056,559.396,559.396,1.7914,10.66,75,7.11,25.01,1000
7608,570.131,559.473,559.473,1.7893,10.658,75,7.09,24.98,1000
7609,570.206,559.55,559.55,1.7872,10.656,75,7.06,24.95,1000
7610,570.281,559.627,559.627,1.7851,10.654,75,7.03,24.92,1000
7611,570.356,559.704,559.704,1.783,10.652,75,7.01,24.9,1000
7612,570.431,559.782,559.782,1.7809,10.65,75,6.98,24.87,1000
7613,570.506,559.859,559.859,1.7788,10.648,75,6.95,24.84,1000
7614,570.581,559.936,559.936,1.7767,10.645,75,6.93,24.81,1000
7615,570.656,560.013,560.013,1.7745,10.643,75,6.9,24.78,1000
7616,570.731,560.09,560.09,1.7724,10.641,75,6.87,24.75,1000
7617,570.806,560.167,560.167,1.7703,10.639,75,6.85,24.72,1000
7618,570.881,560.244,560.244,1.7682,10.637,75,6.82,24.69,1000
7619,570.956,560.321,560.321,1.766,10.635,75,6.79,24.66,1000
7620,571.031,560.399,560.399,1.7639,10.633,75,6.77,24.63,1000
7621,571.106,560.476,560.476,1.7618,10.631,75,6.74,24.6,1000
7622,571.181,560.553,560.553,1.7597,10.628,75,6.71,24.57,1000
7623,571.256,560.63,560.63,1.7575,10.626,75,6.69,24.54,1000
7624,571.331,560.707,560.707,1.7554,10.624,75,6.66,24.51,1000
7625,571.406,560.784,560.784,1.7532,10.622,75,6.63,24.48,1000
7626,571.481,560.861,560.861,1.7511,10.62,75,6.6,24.45,1000
7627,571.556,560.939,560.939,1.749,10.618,75,6.58,24.42,1000
7628,571.631,561.016,561.016,1.7468,10.616,75,6.55,24.39,1000
7629,571.706,561.093,561.093,1.7447,10.613,75,6.52,24.36,1000
7630,571.781,561.17,561.17,1.7425,10.611,75,6.5,24.33,1000
7631,571.856,561.247,561.247,1.7404,10.609,75,6.47,24.3,1000
7632,571.931,561.324,561.324,1.7382,10.607,75,6.44,24.27,1000
7633,572.006,561.401,561.401,1.736,10.605,75,6.42,24.24,1000
7634,572.081,561.479,561.479,1.7339,10.603,75,6.39,24.21,1000
7635,572.156,561.556,561.556,1.7317,10.6,75,6.36,24.18,1000
7636,572.231,561.633,561.633,1.7296,10.598,75,6.33,24.15,1000
7637,572.306,561.71,561.71,1.7274,10.596,75,6.31,24.12,1000
7638,572.381,561.787,561.787,1.7252,10.594,75,6.28,24.09,1000
7639,572.456,561.864,561.864,1.7231,10.592,75,6.25,24.06,1000
7640,572.531,561.942,561.942,1.7209,10.59,75,6.23,24.03,1000
7641,572.606,562.019,562.019,1.7187,10.587,75,6.2,24.0,1000
7642,572.681,562.096,562.096,1.7165,10.585,75,6.17,23.97,1000
7643,572.756,562.173,562.173,1.7144,10.583,75,6.14,23.94,1000
7644,572.831,562.25,562.25,1.7122,10.581,75,6.12,23.91,1000
7645,572.906,562.327,562.327,1.71,10.579,75,6.09,23.88,1000
7646,572.981,562.405,562.405,1.7078,10.577,75,6.06,23.85,1000
7647,573.056,562.482,562.482,1.7056,10.574,75,6.03,23.82,1000
7648,573.131,562.559,562.559,1.7034,10.572,75,6.01,23.78,1000
7649,573.206,562.636,562.636,1.7013,10.57,75,5.98,23.75,1000
7650,573.281,562.713,562.713,1.6991,10.568,75,5.95,23.72,1000
7651,573.356,562.791,562.791,1.6969,10.566,75,5.92,23.69,1000
7652,573.431,562.868,562.868,1.6947,10.563,75,5.9,23.66,1000
7653,573.506,562.945,562.945,1.6925,10.561,75,5.87,23.63,1000
7654,573.581,563.022,563.022,1.6903,10.559,75,5.84,23.6,1000
7655,573.656,563.099,563.099,1.6881,10.557,75,5.81,23.57,1000
7656,573.731,563.177,563.177,1.6859,10.555,75,5.79,23.54,1000
7657,573.806,563.254,563.254,1.6837,10.552,75,5.76,23.51,1000
7658,573.881,563.331,563.331,1.6815,10.55,75,5.73,23.48,1000
7659,573.956,563.408,563.408,1.6793,10.548,75,5.7,23.45,1000
7660,574.031,563.485,563.485,1.6771,10.546,75,5.67,23.42,1000
7661,574.106,563.563,563.563,1.6748,10.544,75,5.65,23.39,1000
7662,574.181,563.64,563.64,1.6726,10.541,75,5.62,23.35,1000
7663,574.256,563.717,563.717,1.6704,10.539,75,5.59,23.32,1000
7664,574.331,563.794,563.794,1.6682,10.537,75,5.56,23.29,1000
7665,574.406,563.872,563.872,1.666,10.535,75,5.54,23.26,1000
7666,574.481,563.949,563.949,1.6638,10.533,75,5.51,23.23,1000
7667,574.556,564.026,564.026,1.6615,10.53,75,5.48,23.2,1000
7668,574.631,564.103,564.103,1.6593,10.528,75,5.45,23.17,1000
7669,574.706,564.18,564.18,1.6571,10.526,75,5.42,23.14,1000
7670,574.781,564.258,564.258,1.6549,10.524,75,5.4,23.11,1000
7671,574.856,564.335,564.335,1.6526,10.521,75,5.37,23.08,1000
7672,574.931,564.412,564.412,1.6504,10.519,75,5.34,23.04,1000
7673,575.006,564.489,564.489,1.6482,10.517,75,5.31,23.01,1000
7674,575.081,564.567,564.567,1.6459,10.515,75,5.28,22.98,1000
7675,575.156,564.644,564.644,1.6437,10.512,75,5.26,22.95,1000
7676,575.231,564.721,564.721,1.6415,10.51,75,5.23,22.92,1000
7677,575.306,564.798,564.798,1.6392,10.508,75,5.2,22.89,1000
7678,575.381,564.876,564.876,1.637,10.506,75,5.17,22.86,1000
7679,575.456,564.953,564.953,1.6348,10.504,75,5.14,22.83,1000
7680,575.531,565.03,565.03,1.6325,10.501,75,5.11,22.79,1000
7681,575.606,565.107,565.107,1.6303,10.499,75,5.09,22.76,1000
7682,575.681,565.184,565.184,1.628,10.497,75,5.06,22.73,1000
7683,575.756,565.262,565.262,1.6258,10.495,75,5.03,22.7,1000
7684,575.831,565.339,565.339,1.6235,10.492,75,5.0,22.67,1000
7685,575.906,565.416,565.416,1.6213,10.49,75,4.97,22.64,1000
7686,575.981,565.493,565.493,1.619,10.488,75,4.95,22.61,1000
7687,576.056,565.571,565.571,1.6168,10.486,75,4.92,22.57,1000
7688,576.131,565.648,565.648,1.6145,10.483,75,4.89,22.54,1000
7689,576.206,565.725,565.725,1.6122,10.481,75,4.86,22.51,1000
7690,576.281,565.803,565.803,1.61,10.479,75,4.83,22.48,1000
7691,576.356,565.88,565.88,1.6077,10.476,75,4.8,22.45,1000
7692,576.431,565.957,565.957,1.6055,10.474,75,4.77,22.42,1000
7693,576.506,566.034,566.034,1.6032,10.472,75,4.75,22.38,1000
7694,576.581,566.112,566.112,1.6009,10.47,75,4.72,22.35,1000
7695,576.656,566.189,566.189,1.5987,10.467,75,4.69,22.32,1000
7696,576.731,566.266,566.266,1.5964,10.465,75,4.66,22.29,1000
7697,576.806,566.343,566.343,1.5941,10.463,75,4.63,22.26,1000
7698,576.881,566.421,566.421,1.5919,10.461,75,4.6,22.23,1000
7699,576.956,566.498,566.498,1.5896,10.458,75,4.58,22.19,1000
7700,577.031,566.575,566.575,1.5873,10.456,75,4.55,22.16,1000
7701,577.106,566.652,566.652,1.585,10.454,75,4.52,22.13,1000
7702,577.181,566.73,566.73,1.5828,10.452,75,4.49,22.1,1000
7703,577.256,566.807,566.807,1.5805,10.449,75,4.46,22.07,1000
7704,577.331,566.884,566.884,1.5782,10.447,75,4.43,22.04,1000
7705,577.406,566.962,566.962,1.5759,10.445,75,4.4,22.0,1000
7706,577.481,567.039,567.039,1.5736,10.442,75,4.37,21.97,1000
7707,577.556,567.116,567.116,1.5714,10.44,75,4.35,21.94,1000
7708,577.631,567.193,567.193,1.5691,10.438,75,4.32,21.91,1000
7709,577.706,567.271,567.271,1.5668,10.436,75,4.29,21.88,1000
7710,577.781,567.348,567.348,1.5645,10.433,75,4.26,21.84,1000
7711,577.856,567.425,567.425,1.5622,10.431,75,4.23,21.81,1000
7712,577.931,567.503,567.503,1.5599,10.429,75,4.2,21.78,1000
7713,578.006,567.58,567.58,1.5576,10.426,75,4.17,21.75,1000
7714,578.081,567.657,567.657,1.5553,10.424,75,4.14,21.72,1000
7715,578.156,567.734,567.734,1.553,10.422,75,4.12,21.68,1000
7716,578.231,567.812,567.812,1.5507,10.419,75,4.09,21.65,1000
7717,578.306,567.889,567.889,1.5484,10.417,75,4.06,21.62,1000
7718,578.381,567.966,567.966,1.5461,10.415,75,4.03,21.59,1000
7719,578.456,568.044,568.044,1.5438,10.413,75,4.0,21.56,1000
7720,578.531,568.121,568.121,1.5415,10.41,75,3.97,21.52,1000
7721,578.606,568.198,568.198,1.5392,10.408,75,3.94,21.49,1000
7722,578.681,568.276,568.276,1.5369,10.406,75,3.91,21.46,1000
7723,578.756,568.353,568.353,1.5346,10.403,75,3.88,21.43,1000
7724,578.831,568.43,568.43,1.5323,10.401,75,3.86,21.4,1000
7725,578.906,568.507,568.507,1.53,10.399,75,3.83,21.36,1000
7726,578.981,568.585,568.585,1.5277,10.396,75,3.8,21.33,1000
7727,579.056,568.662,568.662,1.5254,10.394,75,3.77,21.3,1000
7728,579.131,568.739,568.739,1.5231,10.392,75,3.74,21.27,1000
7729,579.206,568.817,568.817,1.5208,10.39,75,3.71,21.23,1000
7730,579.281,568.894,568.894,1.5185,10.387,75,3.68,21.2,1000
7731,579.356,568.971,568.971,1.5161,10.385,75,3.65,21.17,1000
7732,579.431,569.049,569.049,1.5138,10.383,75,3.62,21.14,1000
7733,579.506,569.126,569.126,1.5115,10.38,75,3.59,21.1,1000
7734,579.581,569.203,569.203,1.5092,10.378,75,3.57,21.07,1000
7735,579.656,569.281,569.281,1.5069,10.376,75,3.54,21.04,1000
7736,579.731,569.358,569.358,1.5045,10.373,75,3.51,21.01,1000
7737,579.806,569.435,569.435,1.5022,10.371,75,3.48,20.98,1000
7738,579.881,569.513,569.513,1.4999,10.369,75,3.45,20.94,1000
7739,579.956,569.59,569.59,1.4976,10.366,75,3.42,20.91,1000
7740,580.031,569.667,569.667,1.4953,10.364,75,3.39,20.88,1000
7741,580.106,569.745,569.745,1.4929,10.362,75,3.36,20.85,1000
7742,580.181,569.822,569.822,1.4906,10.359,75,3.33,20.81,1000
7743,580.256,569.899,569.899,1.4883,10.357,75,3.3,20.78,1000
7744,580.331,569.977,569.977,1.4859,10.355,75,3.27,20.75,1000
7745,580.406,570.054,570.054,1.4836,10.352,75,3.24,20.72,1000
7746,580.481,570.131,570.131,1.4813,10.35,75,3.21,20.68,1000
7747,580.556,570.209,570.209,1.4789,10.348,75,3.19,20.65,1000
7748,580.631,570.286,570.286,1.4766,10.345,75,3.16,20.62,1000
7749,580.706,570.363,570.363,1.4743,10.343,75,3.13,20.58,1000
7750,580.781,570.441,570.441,1.4719,10.341,75,3.1,20.55,1000
7751,580.856,570.518,570.518,1.4696,10.338,75,3.07,20.52,1000
7752,580.931,570.595,570.595,1.4673,10.336,75,3.04,20.49,1000
7753,581.006,570.673,570.673,1.4649,10.334,75,3.01,20.45,1000
7754,581.081,570.75,570.75,1.4626,10.331,75,2.98,20.42,1000
7755,581.156,570.827,570.827,1.4603,10.329,75,2.95,20.39,1000
7756,581.231,570.905,570.905,1.4579,10.327,75,2.92,20.36,1000
7757,581.306,570.982,570.982,1.4556,10.324,75,2.89,20.32,1000
7758,581.381,571.059,571.059,1.4532,10.322,75,2.86,20.29,1000
7759,581.456,571.137,571.137,1.4509,10.32,75,2.83,20.26,1000
7760,581.531,571.214,571.214,1.4485,10.317,75,2.8,20.23,1000
7761,581.606,571.291,571.291,1.4462,10.315,75,2.77,20.19,1000
7762,581.681,571.369,571.369,1.4438,10.313,75,2.74,20.16,1000
7763,581.756,571.446,571.446,1.4415,10.31,75,2.71,20.13,1000
7764,581.831,571.523,571.523,1.4392,10.308,75,2.68,20.09,1000
7765,581.906,571.601,571.601,1.4368,10.306,75,2.66,20.06,1000
7766,581.981,571.678,571.678,1.4345,10.303,75,2.63,20.03,1000
7767,582.056,571.755,571.755,1.4321,10.301,75,2.6,20.0,1000
7768,582.131,571.833,571.833,1.4297,10.298,75,2.57,19.96,1000
7769,582.206,571.91,571.91,1.4274,10.296,75,2.54,19.93,1000
7770,582.281,571.987,571.987,1.425,10.294,75,2.51,19.9,1000
7771,582.356,572.065,572.065,1.4227,10.291,75,2.48,19.86,1000
7772,582.431,572.142,572.142,1.4203,10.289,75,2.45,19.83,1000
7773,582.506,572.22,572.22,1.418,10.287,75,2.42,19.8,1000
7774,582.581,572.297,572.297,1.4156,10.284,75,2.39,19.77,1000
7775,582.656,572.374,572.374,1.4133,10.282,75,2.36,19.73,1000
7776,582.731,572.452,572.452,1.4109,10.28,75,2.33,19.7,1000
7777,582.806,572.529,572.529,1.4085,10.277,75,2.3,19.67,1000
7778,582.881,572.606,572.606,1.4062,10.275,75,2.27,19.63,1000
7779,582.956,572.684,572.684,1.4038,10.273,75,2.24,19.6,1000
7780,583.031,572.761,572.761,1.4015,10.27,75,2.21,19.57,1000
7781,583.106,572.838,572.838,1.3991,10.268,75,2.18,19.54,1000
7782,583.181,572.916,572.916,1.3967,10.265,75,2.15,19.5,1000
7783,583.256,572.993,572.993,1.3944,10.263,75,2.12,19.47,1000
7784,583.331,573.07,573.07,1.392,10.261,75,2.09,19.44,1000
7785,583.406,573.148,573.148,1.3897,10.258,75,2.06,19.4,1000
7786,583.481,573.225,573.225,1.3873,10.256,75,2.03,19.37,1000
7787,583.556,573.303,573.303,1.3849,10.254,75,2.0,19.34,1000
7788,583.631,573.38,573.38,1.3826,10.251,75,1.97,19.3,1000
7789,583.706,573.457,573.457,1.3802,10.249,75,1.94,19.27,1000
7790,583.781,573.535,573.535,1.3778,10.247,75,1.91,19.24,1000
7791,583.856,573.612,573.612,1.3755,10.244,75,1.88,19.2,1000
7792,583.931,573.689,573.689,1.3731,10.242,75,1.85,19.17,1000
7793,584.006,573.767,573.767,1.3707,10.239,75,1.82,19.14,1000
7794,584.081,573.844,573.844,1.3683,10.237,75,1.8,19.11,1000
7795,584.156,573.922,573.922,1.366,10.235,75,1.77,19.07,1000
7796,584.231,573.999,573.999,1.3636,10.232,75,1.74,19.04,1000
7797,584.306,574.076,574.076,1.3612,10.23,75,1.71,19.01,1000
7798,584.381,574.154,574.154,1.3589,10.228,75,1.68,18.97,1000
7799,584.456,574.231,574.231,1.3565,10.225,75,1.65,18.94,1000
7800,584.531,574.308,574.308,1.3541,10.223,75,1.62,18.91,1000
7801,584.606,574.386,574.386,1.3517,10.22,75,1.59,18.87,1000
7802,584.681,574.463,574.463,1.3494,10.218,75,1.56,18.84,1000
7803,584.756,574.541,574.541,1.347,10.216,75,1.53,18.81,1000
7804,584.831,574.618,574.618,1.3446,10.213,75,1.5,18.77,1000
7805,584.906,574.695,574.695,1.3422,10.211,75,1.47,18.74,1000
7806,584.981,574.773,574.773,1.3399,10.209,75,1.44,18.71,1000
7807,585.056,574.85,574.85,1.3375,10.206,75,1.41,18.67,1000
7808,585.131,574.927,574.927,1.3351,10.204,75,1.38,18.64,1000
7809,585.206,575.005,575.005,1.3327,10.201,75,1.35,18.61,1000
7810,585.281,575.082,575.082,1.3304,10.199,75,1.32,18.58,1000
7811,585.356,575.16,575.16,1.328,10.197,75,1.29,18.54,1000
7812,585.431,575.237,575.237,1.3256,10.194,75,1.26,18.51,1000
7813,585.506,575.314,575.314,1.3232,10.192,75,1.23,18.48,1000
7814,585.581,575.392,575.392,1.3208,10.19,75,1.2,18.44,1000
7815,585.656,575.469,575.469,1.3185,10.187,75,1.17,18.41,1000
7816,585.731,575.546,575.546,1.3161,10.185,75,1.14,18.38,1000
7817,585.806,575.624,575.624,1.3137,10.182,75,1.11,18.34,1000
7818,585.881,575.701,575.701,1.3113,10.18,75,1.08,18.31,1000
7819,585.956,575.779,575.779,1.3089,10.178,75,1.05,18.28,1000
7820,586.031,575.856,575.856,1.3066,10.175,75,1.02,18.24,1000
7821,586.106,575.933,575.933,1.3042,10.173,75,0.99,18.21,1000
7822,586.181,576.011,576.011,1.3018,10.171,75,0.96,18.18,1000
7823,586.256,576.088,576.088,1.2994,10.168,75,0.93,18.14,1000
7824,586.331,576.165,576.165,1.297,10.166,75,0.9,18.11,1000
7825,586.406,576.243,576.243,1.2946,10.163,75,0.87,18.08,1000
7826,586.481,576.32,576.32,1.2923,10.161,75,0.84,18.04,1000
7827,586.556,576.398,576.398,1.2899,10.159,75,0.81,18.01,1000
7828,586.631,576.475,576.475,1.2875,10.156,75,0.78,17.98,1000
7829,586.706,576.552,576.552,1.2851,10.154,75,0.75,17.94,1000
7830,586.781,576.63,576.63,1.2827,10.151,75,0.72,17.91,1000
7831,586.856,576.707,576.707,1.2803,10.149,75,0.69,17.88,1000
7832,586.931,576.785,576.785,1.278,10.147,75,0.66,17.84,1000
7833,587.006,576.862,576.862,1.2756,10.144,75,0.63,17.81,1000
7834,587.081,576.939,576.939,1.2732,10.142,75,0.6,17.78,1000
7835,587.156,577.017,577.017,1.2708,10.14,75,0.57,17.74,1000
7836,587.231,577.094,577.094,1.2684,10.137,75,0.54,17.71,1000
7837,587.306,577.171,577.171,1.266,10.135,75,0.51,17.68,1000
7838,587.381,577.249,577.249,1.2636,10.132,75,0.48,17.64,1000
7839,587.456,577.326,577.326,1.2613,10.13,75,0.45,17.61,1000
7840,587.531,577.404,577.404,1.2589,10.128,75,0.42,17.58,1000
7841,587.606,577.481,577.481,1.2565,10.125,75,0.39,17.54,1000
7842,587.681,577.558,577.558,1.2541,10.123,75,0.36,17.51,1000
7843,587.756,577.636,577.636,1.2517,10.12,75,0.33,17.48,1000
7844,587.831,577.713,577.713,1.2493,10.118,75,0.3,17.44,1000
7845,587.906,577.791,577.791,1.2469,10.116,75,0.27,17.41,1000
7846,587.981,577.868,577.868,1.2445,10.113,75,0.24,17.38,1000
7847,588.056,577.945,577.945,1.2422,10.111,75,0.21,17.34,1000
7848,588.131,578.023,578.023,1.2398,10.109,75,0.18,17.31,1000
7849,588.206,578.1,578.1,1.2374,10.106,75,0.15,17.28,1000
7850,588.281,578.178,578.178,1.235,10.104,75,0.12,17.24,1000
7851,588.356,578.255,578.255,1.2326,10.101,75,0.09,17.21,1000
7852,588.431,578.332,578.332,1.2302,10.099,75,0.06,17.18,1000
7853,588.506,578.41,578.41,1.2278,10.097,75,0.03,17.14,1000
7854,588.581,578.487,578.487,1.2254,10.094,75,-0.0,17.11,1000
7855,588.656,578.564,578.564,1.2231,10.092,75,-0.03,17.08,1000
7856,588.731,578.642,578.642,1.2207,10.089,75,-0.06,17.04,1000
7857,588.806,578.719,578.719,1.2183,10.087,75,-0.09,17.01,1000
7858,588.881,578.797,578.797,1.2159,10.085,75,-0.12,16.98,1000
7859,588.956,578.874,578.874,1.2135,10.082,75,-0.15,16.94,1000
7860,589.031,578.951,578.951,1.2111,10.08,75,-0.18,16.91,1000
7861,589.106,579.029,579.029,1.2087,10.077,75,-0.21,16.88,1000
7862,589.181,579.106,579.106,1.2064,10.075,75,-0.24,16.84,1000
7863,589.256,579.184,579.184,1.204,10.073,75,-0.27,16.81,1000
7864,589.331,579.261,579.261,1.2016,10.07,75,-0.3,16.78,1000
7865,589.406,579.338,579.338,1.1992,10.068,75,-0.33,16.74,1000
7866,589.481,579.416,579.416,1.1968,10.066,75,-0.36,16.71,1000
7867,589.556,579.493,579.493,1.1944,10.063,75,-0.39,16.68,1000
7868,589.631,579.57,579.57,1.192,10.061,75,-0.42,16.64,1000
7869,589.706,579.648,579.648,1.1896,10.058,75,-0.45,16.61,1000
7870,589.781,579.725,579.725,1.1873,10.056,75,-0.48,16.58,1000
7871,589.856,579.803,579.803,1.1849,10.054,75,-0.51,16.54,1000
7872,589.931,579.88,579.88,1.1825,10.051,75,-0.54,16.51,1000
7873,590.006,579.957,579.957,1.1801,10.049,75,-0.57,16.48,1000
7874,590.081,580.035,580.035,1.1777,10.046,75,-0.6,16.44,1000
7875,590.156,580.112,580.112,1.1753,10.044,75,-0.63,16.41,1000
7876,590.231,580.19,580.19,1.1729,10.042,75,-0.66,16.38,1000
7877,590.306,580.267,580.267,1.1706,10.039,75,-0.69,16.34,1000
7878,590.381,580.344,580.344,1.1682,10.037,75,-0.72,16.31,1000
7879,590.456,580.422,580.422,1.1658,10.035,75,-0.75,16.28,1000
7880,590.531,580.499,580.499,1.1634,10.032,75,-0.78,16.24,1000
7881,590.606,580.576,580.576,1.161,10.03,75,-0.81,16.21,1000
7882,590.681,580.654,580.654,1.1586,10.027,75,-0.84,16.18,1000
7883,590.756,580.731,580.731,1.1563,10.025,75,-0.87,16.14,1000
7884,590.831,580.809,580.809,1.1539,10.023,75,-0.9,16.11,1000
7885,590.906,580.886,580.886,1.1515,10.02,75,-0.93,16.08,1000
7886,590.981,580.963,580.963,1.1491,10.018,75,-0.96,16.04,1000
7887,591.056,581.041,581.041,1.1467,10.015,75,-0.99,16.01,1000
7888,591.131,581.118,581.118,1.1443,10.013,75,-1.02,15.98,1000
7889,591.206,581.196,581.196,1.142,10.011,75,-1.05,15.94,1000
7890,591.281,581.273,581.273,1.1396,10.008,75,-1.08,15.91,1000
7891,591.356,581.35,581.35,1.1372,10.006,75,-1.11,15.88,1000
7892,591.431,581.428,581.428,1.1348,10.004,75,-1.14,15.85,1000
7893,591.506,581.505,581.505,1.1324,10.001,75,-1.17,15.81,1000
7894,591.581,581.582,581.582,1.1301,9.999,75,-1.2,15.78,1000
7895,591.656,581.66,581.66,1.1277,9.996,75,-1.23,15.75,1000
7896,591.731,581.737,581.737,1.1253,9.994,75,-1.26,15.71,1000
7897,591.806,581.815,581.815,1.1229,9.992,75,-1.29,15.68,1000
7898,591.881,581.892,581.892,1.1205,9.989,75,-1.32,15.65,1000
7899,591.956,581.969,581.969,1.1182,9.987,75,-1.35,15.61,1000
7900,592.031,582.047,582.047,1.1158,9.985,75,-1.38,15.58,1000
7901,592.106,582.124,582.124,1.1134,9.982,75,-1.41,15.55,1000
7902,592.181,582.201,582.201,1.111,9.98,75,-1.44,15.51,1000
7903,592.256,582.279,582.279,1.1087,9.977,75,-1.47,15.48,1000
7904,592.331,582.356,582.356,1.1063,9.975,75,-1.5,15.45,1000
7905,592.406,582.434,582.434,1.1039,9.973,75,-1.53,15.41,1000
7906,592.481,582.511,582.511,1.1015,9.97,75,-1.56,15.38,1000
7907,592.556,582.588,582.588,1.0992,9.968,75,-1.59,15.35,1000
7908,592.631,582.666,582.666,1.0968,9.966,75,-1.62,15.31,1000
7909,592.706,582.743,582.743,1.0944,9.963,75,-1.65,15.28,1000
7910,592.781,582.82,582.82,1.092,9.961,75,-1.68,15.25,1000
7911,592.856,582.898,582.898,1.0897,9.958,75,-1.71,15.21,1000
7912,592.931,582.975,582.975,1.0873,9.956,75,-1.74,15.18,1000
7913,593.006,583.053,583.053,1.0849,9.954,75,-1.77,15.15,1000
7914,593.081,583.13,583.13,1.0826,9.951,75,-1.8,15.12,1000
7915,593.156,583.207,583.207,1.0802,9.949,75,-1.83,15.08,1000
7916,593.231,583.285,583.285,1.0778,9.947,75,-1.86,15.05,1000
7917,593.306,583.362,583.362,1.0754,9.944,75,-1.89,15.02,1000
7918,593.381,583.439,583.439,1.0731,9.942,75,-1.92,14.98,1000
7919,593.456,583.517,583.517,1.0707,9.939,75,-1.95,14.95,1000
7920,593.531,583.594,583.594,1.0683,9.937,75,-1.97,14.92,1000
7921,593.606,583.672,583.672,1.066,9.935,75,-2.0,14.88,1000
7922,593.681,583.749,583.749,1.0636,9.932,75,-2.03,14.85,1000
7923,593.756,583.826,583.826,1.0612,9.93,75,-2.06,14.82,1000
7924,593.831,583.904,583.904,1.0589,9.928,75,-2.09,14.78,1000
7925,593.906,583.981,583.981,1.0565,9.925,75,-2.12,14.75,1000
7926,593.981,584.058,584.058,1.0542,9.923,75,-2.15,14.72,1000
7927,594.056,584.136,584.136,1.0518,9.921,75,-2.18,14.69,1000
7928,594.131,584.213,584.213,1.0494,9.918,75,-2.21,14.65,1000
7929,594.206,584.29,584.29,1.0471,9.916,75,-2.24,14.62,1000
7930,594.281,584.368,584.368,1.0447,9.913,75,-2.27,14.59,1000
7931,594.356,584.445,584.445,1.0424,9.911,75,-2.3,14.55,1000
7932,594.431,584.523,584.523,1.04,9.909,75,-2.33,14.52,1000
7933,594.506,584.6,584.6,1.0376,9.906,75,-2.36,14.49,1000
7934,594.581,584.677,584.677,1.0353,9.904,75,-2.39,14.46,1000
7935,594.656,584.755,584.755,1.0329,9.902,75,-2.42,14.42,1000
7936,594.731,584.832,584.832,1.0306,9.899,75,-2.45,14.39,1000
7937,594.806,584.909,584.909,1.0282,9.897,75,-2.48,14.36,1000
7938,594.881,584.987,584.987,1.0259,9.895,75,-2.51,14.32,1000
7939,594.956,585.064,585.064,1.0235,9.892,75,-2.54,14.29,1000
7940,595.031,585.141,585.141,1.0212,9.89,75,-2.57,14.26,1000
7941,595.106,585.219,585.219,1.0188,9.888,75,-2.6,14.23,1000
7942,595.181,585.296,585.296,1.0164,9.885,75,-2.63,14.19,1000
7943,595.256,585.373,585.373,1.0141,9.883,75,-2.66,14.16,1000
7944,595.331,585.451,585.451,1.0117,9.88,75,-2.69,14.13,1000
7945,595.406,585.528,585.528,1.0094,9.878,75,-2.72,14.09,1000
7946,595.481,585.605,585.605,1.0071,9.876,75,-2.74,14.06,1000
7947,595.556,585.683,585.683,1.0047,9.873,75,-2.77,14.03,1000
7948,595.631,585.76,585.76,1.0024,9.871,75,-2.8,14.0,1000
7949,595.706,585.837,585.837,1.0,9.869,75,-2.83,13.96,1000
7950,595.781,585.915,585.915,0.9977,9.866,75,-2.86,13.93,1000
7951,595.856,585.992,585.992,0.9953,9.864,75,-2.89,13.9,1000
7952,595.931,586.07,586.07,0.993,9.862,75,-2.92,13.86,1000
7953,596.006,586.147,586.147,0.9906,9.859,75,-2.95,13.83,1000
7954,596.081,586.224,586.224,0.9883,9.857,75,-2.98,13.8,1000
7955,596.156,586.302,586.302,0.986,9.855,75,-3.01,13.77,1000
7956,596.231,586.379,586.379,0.9836,9.852,75,-3.04,13.73,1000
7957,596.306,586.456,586.456,0.9813,9.85,75,-3.07,13.7,1000
7958,596.381,586.534,586.534,0.979,9.848,75,-3.1,13.67,1000
7959,596.456,586.611,586.611,0.9766,9.845,75,-3.13,13.64,1000
7960,596.531,586.688,586.688,0.9743,9.843,75,-3.16,13.6,1000
7961,596.606,586.766,586.766,0.972,9.841,75,-3.19,13.57,1000
7962,596.681,586.843,586.843,0.9696,9.838,75,-3.22,13.54,1000
7963,596.756,586.92,586.92,0.9673,9.836,75,-3.24,13.51,1000
7964,596.831,586.998,586.998,0.965,9.834,75,-3.27,13.47,1000
7965,596.906,587.075,587.075,0.9626,9.831,75,-3.3,13.44,1000
7966,596.981,587.152,587.152,0.9603,9.829,75,-3.33,13.41,1000
7967,597.056,587.23,587.23,0.958,9.827,75,-3.36,13.38,1000
7968,597.131,587.307,587.307,0.9556,9.824,75,-3.39,13.34,1000
7969,597.206,587.384,587.384,0.9533,9.822,75,-3.42,13.31,1000
7970,597.281,587.462,587.462,0.951,9.82,75,-3.45,13.28,1000
7971,597.356,587.539,587.539,0.9487,9.817,75,-3.48,13.25,1000
7972,597.431,587.616,587.616,0.9464,9.815,75,-3.51,13.21,1000
7973,597.506,587.693,587.693,0.944,9.813,75,-3.54,13.18,1000
7974,597.581,587.771,587.771,0.9417,9.81,75,-3.57,13.15,1000
7975,597.656,587.848,587.848,0.9394,9.808,75,-3.6,13.12,1000
7976,597.731,587.925,587.925,0.9371,9.806,75,-3.62,13.08,1000
7977,597.806,588.003,588.003,0.9348,9.804,75,-3.65,13.05,1000
7978,597.881,588.08,588.08,0.9324,9.801,75,-3.68,13.02,1000
7979,597.956,588.157,588.157,0.9301,9.799,75,-3.71,12.99,1000
7980,598.031,588.235,588.235,0.9278,9.797,75,-3.74,12.95,1000
7981,598.106,588.312,588.312,0.9255,9.794,75,-3.77,12.92,1000
7982,598.181,588.389,588.389,0.9232,9.792,75,-3.8,12.89,1000
7983,598.256,588.467,588.467,0.9209,9.79,75,-3.83,12.86,1000
7984,598.331,588.544,588.544,0.9186,9.787,75,-3.86,12.83,1000
7985,598.406,588.621,588.621,0.9163,9.785,75,-3.89,12.79,1000
7986,598.481,588.699,588.699,0.914,9.783,75,-3.91,12.76,1000
7987,598.556,588.776,588.776,0.9117,9.78,75,-3.94,12.73,1000
7988,598.631,588.853,588.853,0.9094,9.778,75,-3.97,12.7,1000
7989,598.706,588.93,588.93,0.9071,9.776,75,-4.0,12.66,1000
7990,598.781,589.008,589.008,0.9048,9.774,75,-4.03,12.63,1000
7991,598.856,589.085,589.085,0.9025,9.771,75,-4.06,12.6,1000
7992,598.931,589.162,589.162,0.9002,9.769,75,-4.09,12.57,1000
7993,599.006,589.24,589.24,0.8979,9.767,75,-4.12,12.54,1000
7994,599.081,589.317,589.317,0.8956,9.764,75,-4.15,12.5,1000
7995,599.156,589.394,589.394,0.8933,9.762,75,-4.17,12.47,1000
7996,599.231,589.472,589.472,0.891,9.76,75,-4.2,12.44,1000
7997,599.306,589.549,589.549,0.8887,9.757,75,-4.23,12.41,1000
7998,599.381,589.626,589.626,0.8864,9.755,75,-4.26,12.38,1000
7999,599.456,589.703,589.703,0.8841,9.753,75,-4.29,12.34,1000
8000,599.531,589.781,589.781,0.8818,9.751,75,-4.32,12.31,1000
8000,599.606,589.858,589.858,0.8795,9.748,75,-4.35,12.28,1000
8002,599.681,589.935,589.935,0.8773,9.746,75,-4.38,12.25,1000
8003,599.756,590.013,590.013,0.875,9.744,75,-4.4,12.22,1000
8004,599.831,590.09,590.09,0.8727,9.741,75,-4.43,12.19,1000
8005,599.906,590.167,590.167,0.8704,9.739,75,-4.46,12.15,1000
8006,599.981,590.244,590.244,0.8681,9.737,75,-4.49,12.12,1000
8007,600.056,590.322,590.322,0.8659,9.735,75,-4.52,12.09,1000
8008,600.131,590.399,590.399,0.8636,9.732,75,-4.55,12.06,1000
8009,600.206,590.476,590.476,0.8613,9.73,75,-4.58,12.03,1000
8010,600.281,590.553,590.553,0.859,9.728,75,-4.6,11.99,1000
8011,600.356,590.631,590.631,0.8568,9.726,75,-4.63,11.96,1000
8012,600.431,590.708,590.708,0.8545,9.723,75,-4.66,11.93,1000
8013,600.506,590.785,590.785,0.8522,9.721,75,-4.69,11.9,1000
8013,600.581,590.863,590.863,0.85,9.719,75,-4.72,11.87,1000
8015,600.656,590.94,590.94,0.8477,9.716,75,-4.75,11.84,1000
8016,600.731,591.017,591.017,0.8454,9.714,75,-4.78,11.8,1000
8016,600.806,591.094,591.094,0.8432,9.712,75,-4.8,11.77,1000
8018,600.881,591.172,591.172,0.8409,9.71,75,-4.83,11.74,1000
8019,600.956,591.249,591.249,0.8387,9.707,75,-4.86,11.71,1000
8020,601.031,591.326,591.326,0.8364,9.705,75,-4.89,11.68,1000
8021,601.106,591.403,591.403,0.8341,9.703,75,-4.92,11.65,1000
8022,601.181,591.481,591.481,0.8319,9.701,75,-4.95,11.62,1000
8023,601.256,591.558,591.558,0.8296,9.698,75,-4.97,11.58,1000
8024,601.331,591.635,591.635,0.8274,9.696,75,-5.0,11.55,1000
8025,601.406,591.712,591.712,0.8251,9.694,75,-5.03,11.52,1000
8026,601.481,591.79,591.79,0.8229,9.692,75,-5.06,11.49,1000
8027,601.556,591.867,591.867,0.8206,9.689,75,-5.09,11.46,1000
8028,601.631,591.944,591.944,0.8184,9.687,75,-5.12,11.43,1000
8029,601.706,592.021,592.021,0.8161,9.685,75,-5.14,11.4,1000
8029,601.781,592.099,592.099,0.8139,9.683,75,-5.17,11.36,1000
8031,601.856,592.176,592.176,0.8117,9.68,75,-5.2,11.33,1000
8032,601.931,592.253,592.253,0.8094,9.678,75,-5.23,11.3,1000
8032,602.006,592.33,592.33,0.8072,9.676,75,-5.26,11.27,1000
8034,602.081,592.408,592.408,0.805,9.674,75,-5.28,11.24,1000
8035,602.156,592.485,592.485,0.8027,9.671,75,-5.31,11.21,1000
8036,602.231,592.562,592.562,0.8005,9.669,75,-5.34,11.18,1000
8037,602.306,592.639,592.639,0.7983,9.667,75,-5.37,11.15,1000
8038,602.381,592.716,592.716,0.796,9.665,75,-5.4,11.11,1000
8039,602.456,592.794,592.794,0.7938,9.663,75,-5.42,11.08,1000
8040,602.531,592.871,592.871,0.7916,9.66,75,-5.45,11.05,1000
8041,602.606,592.948,592.948,0.7894,9.658,75,-5.48,11.02,1000
8042,602.681,593.025,593.025,0.7871,9.656,75,-5.51,10.99,1000
8043,602.756,593.103,593.103,0.7849,9.654,75,-5.54,10.96,1000
8044,602.831,593.18,593.18,0.7827,9.651,75,-5.56,10.93,1000
8045,602.906,593.257,593.257,0.7805,9.649,75,-5.59,10.9,1000
8045,602.981,593.334,593.334,0.7783,9.647,75,-5.62,10.87,1000
8047,603.056,593.411,593.411,0.7761,9.645,75,-5.65,10.84,1000
8048,603.131,593.489,593.489,0.7738,9.643,75,-5.68,10.8,1000
8048,603.206,593.566,593.566,0.7716,9.64,75,-5.7,10.77,1000
8050,603.281,593.643,593.643,0.7694,9.638,75,-5.73,10.74,1000
8051,603.356,593.72,593.72,0.7672,9.636,75,-5.76,10.71,1000
8052,603.431,593.797,593.797,0.765,9.634,75,-5.79,10.68,1000
8053,603.506,593.875,593.875,0.7628,9.632,75,-5.81,10.65,1000
8054,603.581,593.952,593.952,0.7606,9.629,75,-5.84,10.62,1000
8055,603.656,594.029,594.029,0.7584,9.627,75,-5.87,10.59,1000
8056,603.731,594.106,594.106,0.7562,9.625,75,-5.9,10.56,1000
8057,603.806,594.183,594.183,0.754,9.623,75,-5.92,10.53,1000
8058,603.881,594.261,594.261,0.7518,9.621,75,-5.95,10.5,1000
8059,603.956,594.338,594.338,0.7496,9.618,75,-5.98,10.47,1000
8060,604.031,594.415,594.415,0.7475,9.616,75,-6.01,10.44,1000
8061,604.106,594.492,594.492,0.7453,9.614,75,-6.03,10.41,1000
8061,604.181,594.569,594.569,0.7431,9.612,75,-6.06,10.38,1000
8063,604.256,594.647,594.647,0.7409,9.61,75,-6.09,10.34,1000
8064,604.331,594.724,594.724,0.7387,9.607,75,-6.12,10.31,1000
8064,604.406,594.801,594.801,0.7365,9.605,75,-6.14,10.28,1000
8066,604.481,594.878,594.878,0.7344,9.603,75,-6.17,10.25,1000
8067,604.556,594.955,594.955,0.7322,9.601,75,-6.2,10.22,1000
8068,604.631,595.032,595.032,0.73,9.599,75,-6.23,10.19,1000
8069,604.706,595.11,595.11,0.7279,9.597,75,-6.25,10.16,1000
8070,604.781,595.187,595.187,0.7257,9.594,75,-6.28,10.13,1000
8071,604.856,595.264,595.264,0.7235,9.592,75,-6.31,10.1,1000
8072,604.931,595.341,595.341,0.7213,9.59,75,-6.34,10.07,1000
8073,605.006,595.418,595.418,0.7192,9.588,75,-6.36,10.04,1000
8074,605.081,595.495,595.495,0.717,9.586,75,-6.39,10.01,1000
8074,605.156,595.573,595.573,0.7149,9.584,75,-6.42,9.98,1000
8076,605.231,595.65,595.65,0.7127,9.581,75,-6.44,9.95,1000
8077,605.306,595.727,595.727,0.7106,9.579,75,-6.47,9.92,1000
8077,605.381,595.804,595.804,0.7084,9.577,75,-6.5,9.89,1000
8079,605.456,595.881,595.881,0.7063,9.575,75,-6.52,9.86,1000
8080,605.531,595.958,595.958,0.7041,9.573,75,-6.55,9.83,1000
8080,605.606,596.036,596.036,0.702,9.571,75,-6.58,9.8,1000
8082,605.681,596.113,596.113,0.6998,9.569,75,-6.61,9.77,1000
8083,605.756,596.19,596.19,0.6977,9.566,75,-6.63,9.74,1000
8084,605.831,596.267,596.267,0.6955,9.564,75,-6.66,9.71,1000
8085,605.906,596.344,596.344,0.6934,9.562,75,-6.69,9.68,1000
8086,605.981,596.421,596.421,0.6913,9.56,75,-6.71,9.65,1000
8087,606.056,596.498,596.498,0.6891,9.558,75,-6.74,9.62,1000
8088,606.131,596.576,596.576,0.687,9.556,75,-6.77,9.59,1000
8089,606.206,596.653,596.653,0.6849,9.554,75,-6.79,9.56,1000
8090,606.281,596.73,596.73,0.6827,9.551,75,-6.82,9.53,1000
8090,606.356,596.807,596.807,0.6806,9.549,75,-6.85,9.5,1000
8092,606.431,596.884,596.884,0.6785,9.547,75,-6.87,9.47,1000
8093,606.506,596.961,596.961,0.6764,9.545,75,-6.9,9.44,1000
8093,606.581,597.038,597.038,0.6742,9.543,75,-6.93,9.41,1000
8095,606.656,597.115,597.115,0.6721,9.541,75,-6.95,9.38,1000
8096,606.731,597.192,597.192,0.67,9.539,75,-6.98,9.36,1000
8096,606.806,597.27,597.27,0.6679,9.537,75,-7.01,9.33,1000
8098,606.881,597.347,597.347,0.6658,9.535,75,-7.03,9.3,1000
8099,606.956,597.424,597.424,0.6637,9.532,75,-7.06,9.27,1000
8100,607.031,597.501,597.501,0.6616,9.53,75,-7.09,9.24,1000
8101,607.106,597.578,597.578,0.6595,9.528,75,-7.11,9.21,1000
8102,607.181,597.655,597.655,0.6574,9.526,75,-7.14,9.18,1000
8103,607.256,597.732,597.732,0.6553,9.524,75,-7.17,9.15,1000
8104,607.331,597.809,597.809,0.6532,9.522,75,-7.19,9.12,1000
8105,607.406,597.886,597.886,0.6511,9.52,75,-7.22,9.09,1000
8106,607.481,597.964,597.964,0.649,9.518,75,-7.24,9.06,1000
8106,607.556,598.041,598.041,0.6469,9.516,75,-7.27,9.03,1000
8108,607.631,598.118,598.118,0.6448,9.514,75,-7.3,9.0,1000
8109,607.706,598.195,598.195,0.6427,9.511,75,-7.32,8.97,1000
8109,607.781,598.272,598.272,0.6407,9.509,75,-7.35,8.95,1000
8111,607.856,598.349,598.349,0.6386,9.507,75,-7.38,8.92,1000
8112,607.931,598.426,598.426,0.6365,9.505,75,-7.4,8.89,1000
8113,608.006,598.503,598.503,0.6344,9.503,75,-7.43,8.86,1000
8114,608.081,598.58,598.58,0.6323,9.501,75,-7.45,8.83,1000
8115,608.156,598.657,598.657,0.6303,9.499,75,-7.48,8.8,1000
8116,608.231,598.734,598.734,0.6282,9.497,75,-7.51,8.77,1000
8117,608.306,598.811,598.811,0.6261,9.495,75,-7.53,8.74,1000
8118,608.381,598.888,598.888,0.6241,9.493,75,-7.56,8.71,1000
8119,608.456,598.965,598.965,0.622,9.491,75,-7.58,8.69,1000
8120,608.531,599.043,599.043,0.62,9.489,75,-7.61,8.66,1000
8121,608.606,599.12,599.12,0.6179,9.487,75,-7.64,8.63,1000
8122,608.681,599.197,599.197,0.6159,9.485,75,-7.66,8.6,1000
8122,608.756,599.274,599.274,0.6138,9.483,75,-7.69,8.57,1000
8124,608.831,599.351,599.351,0.6118,9.481,75,-7.71,8.54,1000
8125,608.906,599.428,599.428,0.6097,9.478,75,-7.74,8.51,1000
8125,608.981,599.505,599.505,0.6077,9.476,75,-7.76,8.48,1000
8127,609.056,599.582,599.582,0.6056,9.474,75,-7.79,8.46,1000
8128,609.131,599.659,599.659,0.6036,9.472,75,-7.82,8.43,1000
8129,609.206,599.736,599.736,0.6015,9.47,75,-7.84,8.4,1000
8130,609.281,599.813,599.813,0.5995,9.468,75,-7.87,8.37,1000
8131,609.356,599.89,599.89,0.5975,9.466,75,-7.89,8.34,1000
8132,609.431,599.967,599.967,0.5954,9.464,75,-7.92,8.31,1000
8133,609.506,600.044,600.044,0.5934,9.462,75,-7.94,8.29,1000
8134,609.581,600.121,600.121,0.5914,9.46,75,-7.97,8.26,1000
8135,609.656,600.198,600.198,0.5894,9.458,75,-7.99,8.23,1000
8136,609.731,600.275,600.275,0.5874,9.456,75,-8.02,8.2,1000
8137,609.806,600.352,600.352,0.5853,9.454,75,-8.04,8.17,1000
8138,609.881,600.429,600.429,0.5833,9.452,75,-8.07,8.14,1000
8138,609.956,600.506,600.506,0.5813,9.45,75,-8.09,8.12,1000
8140,610.031,600.583,600.583,0.5793,9.448,75,-8.12,8.09,1000
8141,610.106,600.66,600.66,0.5773,9.446,75,-8.15,8.06,1000
8141,610.181,600.737,600.737,0.5753,9.444,75,-8.17,8.03,1000
8143,610.256,600.814,600.814,0.5733,9.442,75,-8.2,8.0,1000
8144,610.331,600.891,600.891,0.5713,9.44,75,-8.22,7.98,1000
8145,610.406,600.968,600.968,0.5693,9.438,75,-8.25,7.95,1000
8146,610.481,601.045,601.045,0.5673,9.436,75,-8.27,7.92,1000
8147,610.556,601.122,601.122,0.5653,9.434,75,-8.3,7.89,1000
8148,610.631,601.199,601.199,0.5633,9.432,75,-8.32,7.87,1000
8149,610.706,601.276,601.276,0.5613,9.43,75,-8.35,7.84,1000
8150,610.781,601.353,601.353,0.5594,9.428,75,-8.37,7.81,1000
8151,610.856,601.43,601.43,0.5574,9.426,75,-8.4,7.78,1000
8152,610.931,601.507,601.507,0.5554,9.424,75,-8.42,7.75,1000
8153,611.006,601.584,601.584,0.5534,9.422,75,-8.45,7.73,1000
8154,611.081,601.661,601.661,0.5515,9.42,75,-8.47,7.7,1000
8154,611.156,601.738,601.738,0.5495,9.418,75,-8.49,7.67,1000
8156,611.231,601.815,601.815,0.5475,9.416,75,-8.52,7.64,1000
8157,611.306,601.892,601.892,0.5456,9.414,75,-8.54,7.62,1000
8157,611.381,601.969,601.969,0.5436,9.412,75,-8.57,7.59,1000
8159,611.456,602.046,602.046,0.5416,9.41,75,-8.59,7.56,1000
8160,611.531,602.123,602.123,0.5397,9.408,75,-8.62,7.54,1000
8161,611.606,602.2,602.2,0.5377,9.406,75,-8.64,7.51,1000
8162,611.681,602.277,602.277,0.5358,9.405,75,-8.67,7.48,1000
8163,611.756,602.354,602.354,0.5338,9.403,75,-8.69,7.45,1000
8164,611.831,602.431,602.431,0.5319,9.401,75,-8.72,7.43,1000
8165,611.906,602.508,602.508,0.53,9.399,75,-8.74,7.4,1000
8166,611.981,602.584,602.584,0.528,9.397,75,-8.76,7.37,1000
8167,612.056,602.661,602.661,0.5261,9.395,75,-8.79,7.35,1000
8168,612.131,602.738,602.738,0.5241,9.393,75,-8.81,7.32,1000
8169,612.206,602.815,602.815,0.5222,9.391,75,-8.84,7.29,1000
8170,612.281,602.892,602.892,0.5203,9.389,75,-8.86,7.26,1000
8170,612.356,602.969,602.969,0.5184,9.387,75,-8.89,7.24,1000
8172,612.431,603.046,603.046,0.5164,9.385,75,-8.91,7.21,1000
8173,612.506,603.123,603.123,0.5145,9.383,75,-8.93,7.18,1000
8173,612.581,603.2,603.2,0.5126,9.381,75,-8.96,7.16,1000
8175,612.656,603.277,603.277,0.5107,9.379,75,-8.98,7.13,1000
8176,612.731,603.354,603.354,0.5088,9.378,75,-9.01,7.1,1000
8177,612.806,603.431,603.431,0.5069,9.376,75,-9.03,7.08,1000
8178,612.881,603.508,603.508,0.505,9.374,75,-9.05,7.05,1000
8179,612.956,603.584,603.584,0.5031,9.372,75,-9.08,7.02,1000
8180,613.031,603.661,603.661,0.5012,9.37,75,-9.1,7.0,1000
8181,613.106,603.738,603.738,0.4993,9.368,75,-9.13,6.97,1000
8182,613.181,603.815,603.815,0.4974,9.366,75,-9.15,6.94,1000
8183,613.256,603.892,603.892,0.4955,9.364,75,-9.17,6.92,1000
8184,613.331,603.969,603.969,0.4936,9.362,75,-9.2,6.89,1000
8185,613.406,604.046,604.046,0.4917,9.36,75,-9.22,6.87,1000
8186,613.481,604.123,604.123,0.4898,9.359,75,-9.24,6.84,1000
8186,613.556,604.2,604.2,0.488,9.357,75,-9.27,6.81,1000
8188,613.631,604.276,604.276,0.4861,9.355,75,-9.29,6.79,1000
8189,613.706,604.353,604.353,0.4842,9.353,75,-9.32,6.76,1000
8189,613.781,604.43,604.43,0.4823,9.351,75,-9.34,6.73,1000
8191,613.856,604.507,604.507,0.4805,9.349,75,-9.36,6.71,1000
8192,613.931,604.584,604.584,0.4786,9.347,75,-9.39,6.68,1000
8193,614.006,604.661,604.661,0.4768,9.346,75,-9.41,6.66,1000
8194,614.081,604.738,604.738,0.4749,9.344,75,-9.43,6.63,1000
8195,614.156,604.814,604.814,0.473,9.342,75,-9.46,6.6,1000
8196,614.231,604.891,604.891,0.4712,9.34,75,-9.48,6.58,1000
8197,614.306,604.968,604.968,0.4693,9.338,75,-9.5,6.55,1000
8198,614.381,605.045,605.045,0.4675,9.336,75,-9.53,6.53,1000
8199,614.456,605.122,605.122,0.4656,9.334,75,-9.55,6.5,1000
8200,614.531,605.199,605.199,0.4638,9.333,75,-9.57,6.48,1000
8201,614.606,605.276,605.276,0.462,9.331,75,-9.59,6.45,1000
8202,614.681,605.352,605.352,0.4601,9.329,75,-9.62,6.42,1000
8203,614.756,605.429,605.429,0.4583,9.327,75,-9.64,6.4,1000
8204,614.831,605.506,605.506,0.4565,9.325,75,-9.66,6.37,1000
8205,614.906,605.583,605.583,0.4547,9.323,75,-9.69,6.35,1000
8206,614.981,605.66,605.66,0.4528,9.322,75,-9.71,6.32,1000
8207,615.056,605.736,605.736,0.451,9.32,75,-9.73,6.3,1000
8208,615.131,605.813,605.813,0.4492,9.318,75,-9.76,6.27,1000
8209,615.206,605.89,605.89,0.4474,9.316,75,-9.78,6.25,1000
8210,615.281,605.967,605.967,0.4456,9.314,75,-9.8,6.22,1000
8211,615.356,606.044,606.044,0.4438,9.313,75,-9.82,6.2,1000
8212,615.431,606.121,606.121,0.442,9.311,75,-9.85,6.17,1000
8213,615.506,606.197,606.197,0.4402,9.309,75,-9.87,6.15,1000
8214,615.581,606.274,606.274,0.4384,9.307,75,-9.89,6.12,1000
8215,615.656,606.351,606.351,0.4366,9.305,75,-9.91,6.1,1000
8216,615.731,606.428,606.428,0.4348,9.304,75,-9.94,6.07,1000
8217,615.806,606.504,606.504,0.433,9.302,75,-9.96,6.05,1000
8218,615.881,606.581,606.581,0.4312,9.3,75,-9.98,6.02,1000
8219,615.956,606.658,606.658,0.4294,9.298,75,-10.0,6.0,1000
8220,616.031,606.735,606.735,0.4277,9.296,75,-10.03,5.97,1000
8221,616.106,606.812,606.812,0.4259,9.295,75,-10.05,5.95,1000
8222,616.181,606.888,606.888,0.4241,9.293,75,-10.07,5.92,1000
8223,616.256,606.965,606.965,0.4224,9.291,75,-10.09,5.9,1000
8224,616.331,607.042,607.042,0.4206,9.289,75,-10.11,5.87,1000
8225,616.406,607.119,607.119,0.4188,9.288,75,-10.14,5.85,1000
8226,616.481,607.195,607.195,0.4171,9.286,75,-10.16,5.82,1000
8227,616.556,607.272,607.272,0.4153,9.284,75,-10.18,5.8,1000
8228,616.631,607.349,607.349,0.4136,9.282,75,-10.2,5.77,1000
8229,616.706,607.426,607.426,0.4118,9.281,75,-10.22,5.75,1000
8230,616.781,607.502,607.502,0.4101,9.279,75,-10.25,5.73,1000
8231,616.856,607.579,607.579,0.4083,9.277,75,-10.27,5.7,1000
8232,616.931,607.656,607.656,0.4066,9.275,75,-10.29,5.68,1000
8233,617.006,607.733,607.733,0.4049,9.274,75,-10.31,5.65,1000
8234,617.081,607.809,607.809,0.4031,9.272,75,-10.33,5.63,1000
8235,617.156,607.886,607.886,0.4014,9.27,75,-10.36,5.6,1000
8236,617.231,607.963,607.963,0.3997,9.268,75,-10.38,5.58,1000
8237,617.306,608.04,608.04,0.3979,9.267,75,-10.4,5.56,1000
8238,617.381,608.116,608.116,0.3962,9.265,75,-10.42,5.53,1000
8239,617.456,608.193,608.193,0.3945,9.263,75,-10.44,5.51,1000
8240,617.531,608.27,608.27,0.3928,9.262,75,-10.46,5.48,1000
8241,617.606,608.346,608.346,0.3911,9.26,75,-10.49,5.46,1000
8242,617.681,608.423,608.423,0.3894,9.258,75,-10.51,5.44,1000
8243,617.756,608.5,608.5,0.3877,9.256,75,-10.53,5.41,1000
8244,617.831,608.577,608.577,0.386,9.255,75,-10.55,5.39,1000
8245,617.906,608.653,608.653,0.3843,9.253,75,-10.57,5.37,1000
8246,617.981,608.73,608.73,0.3826,9.251,75,-10.59,5.34,1000
8247,618.056,608.807,608.807,0.3809,9.25,75,-10.61,5.32,1000
8248,618.131,608.883,608.883,0.3792,9.248,75,-10.63,5.29,1000
8249,618.206,608.96,608.96,0.3775,9.246,75,-10.66,5.27,1000
8250,618.281,609.037,609.037,0.3759,9.245,75,-10.68,5.25,1000
8251,618.356,609.113,609.113,0.3742,9.243,75,-10.7,5.22,1000
8252,618.431,609.19,609.19,0.3725,9.241,75,-10.72,5.2,1000
8253,618.506,609.267,609.267,0.3708,9.24,75,-10.74,5.18,1000
8254,618.581,609.343,609.343,0.3692,9.238,75,-10.76,5.15,1000
8255,618.656,609.42,609.42,0.3675,9.236,75,-10.78,5.13,1000
8256,618.731,609.497,609.497,0.3659,9.235,75,-10.8,5.11,1000
8257,618.806,609.573,609.573,0.3642,9.233,75,-10.82,5.09,1000
8258,618.881,609.65,609.65,0.3626,9.231,75,-10.84,5.06,1000
8259,618.956,609.727,609.727,0.3609,9.23,75,-10.86,5.04,1000
8260,619.031,609.803,609.803,0.3593,9.228,75,-10.89,5.02,1000
8261,619.106,609.88,609.88,0.3576,9.226,75,-10.91,4.99,1000
8262,619.181,609.957,609.957,0.356,9.225,75,-10.93,4.97,1000
8263,619.256,610.033,610.033,0.3544,9.223,75,-10.95,4.95,1000
8264,619.331,610.11,610.11,0.3527,9.221,75,-10.97,4.92,1000
8265,619.406,610.186,610.186,0.3511,9.22,75,-10.99,4.9,1000
8266,619.481,610.263,610.263,0.3495,9.218,75,-11.01,4.88,1000
8267,619.556,610.34,610.34,0.3479,9.217,75,-11.03,4.86,1000
8268,619.631,610.416,610.416,0.3462,9.215,75,-11.05,4.83,1000
8269,619.706,610.493,610.493,0.3446,9.213,75,-11.07,4.81,1000
8270,619.781,610.569,610.569,0.343,9.212,75,-11.09,4.79,1000
8271,619.856,610.646,610.646,0.3414,9.21,75,-11.11,4.77,1000
8272,619.931,610.723,610.723,0.3398,9.209,75,-11.13,4.74,1000
8273,620.006,610.799,610.799,0.3382,9.207,75,-11.15,4.72,1000
8274,620.081,610.876,610.876,0.3366,9.205,75,-11.17,4.7,1000
8275,620.156,610.952,610.952,0.335,9.204,75,-11.19,4.68,1000
8276,620.231,611.029,611.029,0.3334,9.202,75,-11.21,4.66,1000
8277,620.306,611.106,611.106,0.3318,9.201,75,-11.23,4.63,1000
8278,620.381,611.182,611.182,0.3303,9.199,75,-11.25,4.61,1000
8279,620.456,611.259,611.259,0.3287,9.197,75,-11.27,4.59,1000
8280,620.531,611.335,611.335,0.3271,9.196,75,-11.29,4.57,1000
8281,620.606,611.412,611.412,0.3255,9.194,75,-11.31,4.55,1000
8282,620.681,611.489,611.489,0.324,9.193,75,-11.33,4.52,1000
8283,620.756,611.565,611.565,0.3224,9.191,75,-11.35,4.5,1000
8284,620.831,611.642,611.642,0.3209,9.19,75,-11.37,4.48,1000
8285,620.906,611.718,611.718,0.3193,9.188,75,-11.39,4.46,1000
8286,620.981,611.795,611.795,0.3177,9.186,75,-11.41,4.44,1000
8287,621.056,611.871,611.871,0.3162,9.185,75,-11.43,4.41,1000
8288,621.131,611.948,611.948,0.3147,9.183,75,-11.45,4.39,1000
8289,621.206,612.024,612.024,0.3131,9.182,75,-11.47,4.37,1000
8290,621.281,612.101,612.101,0.3116,9.18,75,-11.48,4.35,1000
8291,621.356,612.177,612.177,0.31,9.179,75,-11.5,4.33,1000
8292,621.431,612.254,612.254,0.3085,9.177,75,-11.52,4.31,1000
8293,621.506,612.331,612.331,0.307,9.176,75,-11.54,4.29,1000
8294,621.581,612.407,612.407,0.3055,9.174,75,-11.56,4.27,1000
8295,621.656,612.484,612.484,0.3039,9.173,75,-11.58,4.24,1000
8296,621.731,612.56,612.56,0.3024,9.171,75,-11.6,4.22,1000
8297,621.806,612.637,612.637,0.3009,9.17,75,-11.62,4.2,1000
8298,621.881,612.713,612.713,0.2994,9.168,75,-11.64,4.18,1000
8299,621.956,612.79,612.79,0.2979,9.167,75,-11.66,4.16,1000
8300,622.031,612.866,612.866,0.2964,9.165,75,-11.68,4.14,1000
8301,622.106,612.943,612.943,0.2949,9.164,75,-11.69,4.12,1000
8302,622.181,613.019,613.019,0.2934,9.162,75,-11.71,4.1,1000
8303,622.256,613.096,613.096,0.2919,9.161,75,-11.73,4.08,1000
8304,622.331,613.172,613.172,0.2904,9.159,75,-11.75,4.06,1000
8305,622.406,613.249,613.249,0.289,9.158,75,-11.77,4.03,1000
8306,622.481,613.325,613.325,0.2875,9.156,75,-11.79,4.01,1000
8307,622.556,613.401,613.401,0.286,9.155,75,-11.81,3.99,1000
8308,622.631,613.478,613.478,0.2845,9.153,75,-11.82,3.97,1000
8309,622.706,613.554,613.554,0.2831,9.152,75,-11.84,3.95,1000
8310,622.781,613.631,613.631,0.2816,9.15,75,-11.86,3.93,1000
8311,622.856,613.707,613.707,0.2801,9.149,75,-11.88,3.91,1000
8312,622.931,613.784,613.784,0.2787,9.147,75,-11.9,3.89,1000
8313,623.006,613.86,613.86,0.2772,9.146,75,-11.92,3.87,1000
8314,623.081,613.937,613.937,0.2758,9.145,75,-11.93,3.85,1000
8315,623.156,614.013,614.013,0.2743,9.143,75,-11.95,3.83,1000
8316,623.231,614.09,614.09,0.2729,9.142,75,-11.97,3.81,1000
8317,623.306,614.166,614.166,0.2715,9.14,75,-11.99,3.79,1000
8318,623.381,614.242,614.242,0.27,9.139,75,-12.01,3.77,1000
8319,623.456,614.319,614.319,0.2686,9.137,75,-12.02,3.75,1000
8320,623.531,614.395,614.395,0.2672,9.136,75,-12.04,3.73,1000
8321,623.606,614.472,614.472,0.2658,9.135,75,-12.06,3.71,1000
8322,623.681,614.548,614.548,0.2643,9.133,75,-12.08,3.69,1000
8323,623.756,614.625,614.625,0.2629,9.132,75,-12.1,3.67,1000
8324,623.831,614.701,614.701,0.2615,9.13,75,-12.11,3.65,1000
8325,623.906,614.777,614.777,0.2601,9.129,75,-12.13,3.63,1000
8326,623.981,614.854,614.854,0.2587,9.127,75,-12.15,3.61,1000
8327,624.056,614.93,614.93,0.2573,9.126,75,-12.17,3.59,1000
8328,624.131,615.007,615.007,0.2559,9.125,75,-12.18,3.57,1000
8329,624.206,615.083,615.083,0.2545,9.123,75,-12.2,3.55,1000
8330,624.281,615.159,615.159,0.2531,9.122,75,-12.22,3.53,1000
8331,624.356,615.236,615.236,0.2518,9.121,75,-12.24,3.52,1000
8332,624.431,615.312,615.312,0.2504,9.119,75,-12.25,3.5,1000
8333,624.506,615.388,615.388,0.249,9.118,75,-12.27,3.48,1000
8334,624.581,615.465,615.465,0.2476,9.116,75,-12.29,3.46,1000
8335,624.656,615.541,615.541,0.2463,9.115,75,-12.31,3.44,1000
8336,624.731,615.618,615.618,0.2449,9.114,75,-12.32,3.42,1000
8337,624.806,615.694,615.694,0.2435,9.112,75,-12.34,3.4,1000
8338,624.881,615.77,615.77,0.2422,9.111,75,-12.36,3.38,1000
8339,624.956,615.847,615.847,0.2408,9.11,75,-12.37,3.36,1000
8340,625.031,615.923,615.923,0.2395,9.108,75,-12.39,3.34,1000
8341,625.106,615.999,615.999,0.2381,9.107,75,-12.41,3.33,1000
8342,625.181,616.076,616.076,0.2368,9.106,75,-12.42,3.31,1000
8343,625.256,616.152,616.152,0.2355,9.104,75,-12.44,3.29,1000
8344,625.331,616.228,616.228,0.2341,9.103,75,-12.46,3.27,1000
8345,625.406,616.305,616.305,0.2328,9.102,75,-12.47,3.25,1000
8346,625.481,616.381,616.381,0.2315,9.1,75,-12.49,3.23,1000
8347,625.556,616.457,616.457,0.2302,9.099,75,-12.51,3.21,1000
8348,625.631,616.534,616.534,0.2288,9.098,75,-12.52,3.2,1000
8349,625.706,616.61,616.61,0.2275,9.096,75,-12.54,3.18,1000
8350,625.781,616.686,616.686,0.2262,9.095,75,-12.56,3.16,1000
8351,625.856,616.763,616.763,0.2249,9.094,75,-12.57,3.14,1000
8352,625.931,616.839,616.839,0.2236,9.092,75,-12.59,3.12,1000
8353,626.006,616.915,616.915,0.2223,9.091,75,-12.61,3.1,1000
8354,626.081,616.991,616.991,0.221,9.09,75,-12.62,3.09,1000
8355,626.156,617.068,617.068,0.2197,9.088,75,-12.64,3.07,1000
8356,626.231,617.144,617.144,0.2185,9.087,75,-12.65,3.05,1000
8357,626.306,617.22,617.22,0.2172,9.086,75,-12.67,3.03,1000
8358,626.381,617.297,617.297,0.2159,9.085,75,-12.69,3.01,1000
8359,626.456,617.373,617.373,0.2146,9.083,75,-12.7,3.0,1000
8360,626.531,617.449,617.449,0.2134,9.082,75,-12.72,2.98,1000
8361,626.606,617.525,617.525,0.2121,9.081,75,-12.73,2.96,1000
8362,626.681,617.602,617.602,0.2108,9.08,75,-12.75,2.94,1000
8363,626.756,617.678,617.678,0.2096,9.078,75,-12.77,2.93,1000
8364,626.831,617.754,617.754,0.2083,9.077,75,-12.78,2.91,1000
8365,626.906,617.83,617.83,0.2071,9.076,75,-12.8,2.89,1000
8366,626.981,617.907,617.907,0.2059,9.075,75,-12.81,2.87,1000
8367,627.056,617.983,617.983,0.2046,9.073,75,-12.83,2.86,1000
8368,627.131,618.059,618.059,0.2034,9.072,75,-12.84,2.84,1000
8369,627.206,618.135,618.135,0.2021,9.071,75,-12.86,2.82,1000
8370,627.281,618.212,618.212,0.2009,9.07,75,-12.88,2.81,1000
8371,627.356,618.288,618.288,0.1997,9.068,75,-12.89,2.79,1000
8372,627.431,618.364,618.364,0.1985,9.067,75,-12.91,2.77,1000
8373,627.506,618.44,618.44,0.1973,9.066,75,-12.92,2.75,1000
8374,627.581,618.516,618.516,0.1961,9.065,75,-12.94,2.74,1000
8375,627.656,618.593,618.593,0.1948,9.064,75,-12.95,2.72,1000
8376,627.731,618.669,618.669,0.1936,9.062,75,-12.97,2.7,1000
8377,627.806,618.745,618.745,0.1924,9.061,75,-12.98,2.69,1000
8378,627.881,618.821,618.821,0.1913,9.06,75,-13.0,2.67,1000
8379,627.956,618.897,618.897,0.1901,9.059,75,-13.01,2.65,1000
8380,628.031,618.974,618.974,0.1889,9.058,75,-13.03,2.64,1000
8381,628.106,619.05,619.05,0.1877,9.056,75,-13.04,2.62,1000
8382,628.181,619.126,619.126,0.1865,9.055,75,-13.06,2.6,1000
8383,628.256,619.202,619.202,0.1853,9.054,75,-13.07,2.59,1000
8384,628.331,619.278,619.278,0.1842,9.053,75,-13.09,2.57,1000
8385,628.406,619.354,619.354,0.183,9.052,75,-13.1,2.56,1000
8386,628.481,619.431,619.431,0.1818,9.051,75,-13.11,2.54,1000
8387,628.556,619.507,619.507,0.1807,9.049,75,-13.13,2.52,1000
8388,628.631,619.583,619.583,0.1795,9.048,75,-13.14,2.51,1000
8389,628.706,619.659,619.659,0.1784,9.047,75,-13.16,2.49,1000
8390,628.781,619.735,619.735,0.1772,9.046,75,-13.17,2.47,1000
8391,628.856,619.811,619.811,0.1761,9.045,75,-13.19,2.46,1000
8392,628.931,619.888,619.888,0.175,9.044,75,-13.2,2.44,1000
8393,629.006,619.964,619.964,0.1738,9.043,75,-13.22,2.43,1000
8394,629.081,620.04,620.04,0.1727,9.041,75,-13.23,2.41,1000
8395,629.156,620.116,620.116,0.1716,9.04,75,-13.24,2.4,1000
8396,629.231,620.192,620.192,0.1705,9.039,75,-13.26,2.38,1000
8397,629.306,620.268,620.268,0.1694,9.038,75,-13.27,2.36,1000
8398,629.381,620.344,620.344,0.1682,9.037,75,-13.29,2.35,1000
8399,629.456,620.42,620.42,0.1671,9.036,75,-13.3,2.33,1000
8400,629.531,620.496,620.496,0.166,9.035,75,-13.31,2.32,1000
8401,629.606,620.573,620.573,0.1649,9.034,75,-13.33,2.3,1000
8402,629.681,620.649,620.649,0.1638,9.033,75,-13.34,2.29,1000
8403,629.756,620.725,620.725,0.1628,9.032,75,-13.35,2.27,1000
8404,629.831,620.801,620.801,0.1617,9.03,75,-13.37,2.26,1000
8405,629.906,620.877,620.877,0.1606,9.029,75,-13.38,2.24,1000
8406,629.981,620.953,620.953,0.1595,9.028,75,-13.4,2.23,1000
8407,630.056,621.029,621.029,0.1584,9.027,75,-13.41,2.21,1000
8408,630.131,621.105,621.105,0.1574,9.026,75,-13.42,2.2,1000
8409,630.206,621.181,621.181,0.1563,9.025,75,-13.44,2.18,1000
8410,630.281,621.257,621.257,0.1553,9.024,75,-13.45,2.17,1000
8411,630.356,621.333,621.333,0.1542,9.023,75,-13.46,2.15,1000
8412,630.431,621.409,621.409,0.1531,9.022,75,-13.48,2.14,1000
8413,630.506,621.485,621.485,0.1521,9.021,75,-13.49,2.12,1000
8414,630.581,621.561,621.561,0.1511,9.02,75,-13.5,2.11,1000
8415,630.656,621.637,621.637,0.15,9.019,75,-13.51,2.09,1000
8416,630.731,621.714,621.714,0.149,9.018,75,-13.53,2.08,1000
8417,630.806,621.79,621.79,0.148,9.017,75,-13.54,2.07,1000
8418,630.881,621.866,621.866,0.1469,9.016,75,-13.55,2.05,1000
8419,630.956,621.942,621.942,0.1459,9.015,75,-13.57,2.04,1000
8420,631.031,622.018,622.018,0.1449,9.014,75,-13.58,2.02,1000
8421,631.106,622.094,622.094,0.1439,9.013,75,-13.59,2.01,1000
8422,631.181,622.17,622.17,0.1429,9.012,75,-13.6,1.99,1000
8423,631.256,622.246,622.246,0.1419,9.011,75,-13.62,1.98,1000
8424,631.331,622.322,622.322,0.1409,9.01,75,-13.63,1.97,1000
8425,631.406,622.398,622.398,0.1399,9.009,75,-13.64,1.95,1000
8426,631.481,622.474,622.474,0.1389,9.008,75,-13.65,1.94,1000
8427,631.556,622.55,622.55,0.1379,9.007,75,-13.67,1.93,1000
8428,631.631,622.626,622.626,0.1369,9.006,75,-13.68,1.91,1000
8429,631.706,622.702,622.702,0.1359,9.005,75,-13.69,1.9,1000
8430,631.781,622.778,622.778,0.135,9.004,75,-13.7,1.88,1000
8431,631.856,622.853,622.853,0.134,9.003,75,-13.72,1.87,1000
8432,631.931,622.929,622.929,0.133,9.002,75,-13.73,1.86,1000
8433,632.006,623.005,623.005,0.1321,9.001,75,-13.74,1.84,1000
8434,632.081,623.081,623.081,0.1311,9.0,75,-13.75,1.83,1000
8435,632.156,623.157,623.157,0.1302,8.999,75,-13.76,1.82,1000
8436,632.231,623.233,623.233,0.1292,8.998,75,-13.78,1.8,1000
8437,632.306,623.309,623.309,0.1283,8.997,75,-13.79,1.79,1000
8438,632.381,623.385,623.385,0.1273,8.996,75,-13.8,1.78,1000
8439,632.456,623.461,623.461,0.1264,8.995,75,-13.81,1.77,1000
8440,632.531,623.537,623.537,0.1255,8.994,75,-13.82,1.75,1000
8441,632.606,623.613,623.613,0.1246,8.993,75,-13.83,1.74,1000
8442,632.681,623.689,623.689,0.1236,8.992,75,-13.85,1.73,1000
8443,632.756,623.765,623.765,0.1227,8.991,75,-13.86,1.71,1000
8444,632.831,623.841,623.841,0.1218,8.991,75,-13.87,1.7,1000
8445,632.906,623.917,623.917,0.1209,8.99,75,-13.88,1.69,1000
8446,632.981,623.993,623.993,0.12,8.989,75,-13.89,1.68,1000
8447,633.056,624.068,624.068,0.1191,8.988,75,-13.9,1.66,1000
8448,633.131,624.144,624.144,0.1182,8.987,75,-13.91,1.65,1000
8449,633.206,624.22,624.22,0.1173,8.986,75,-13.93,1.64,1000
8450,633.281,624.296,624.296,0.1164,8.985,75,-13.94,1.63,1000
8451,633.356,624.372,624.372,0.1156,8.984,75,-13.95,1.61,1000
8452,633.431,624.448,624.448,0.1147,8.983,75,-13.96,1.6,1000
8453,633.506,624.524,624.524,0.1138,8.983,75,-13.97,1.59,1000
8454,633.581,624.6,624.6,0.1129,8.982,75,-13.98,1.58,1000
8455,633.656,624.675,624.675,0.1121,8.981,75,-13.99,1.56,1000
8456,633.731,624.751,624.751,0.1112,8.98,75,-14.0,1.55,1000
8457,633.806,624.827,624.827,0.1104,8.979,75,-14.01,1.54,1000
8458,633.881,624.903,624.903,0.1095,8.978,75,-14.02,1.53,1000
8459,633.956,624.979,624.979,0.1087,8.977,75,-14.03,1.52,1000
8460,634.031,625.055,625.055,0.1078,8.977,75,-14.04,1.51,1000
8461,634.106,625.131,625.131,0.107,8.976,75,-14.06,1.49,1000
8462,634.181,625.206,625.206,0.1062,8.975,75,-14.07,1.48,1000
8463,634.256,625.282,625.282,0.1053,8.974,75,-14.08,1.47,1000
8464,634.331,625.358,625.358,0.1045,8.973,75,-14.09,1.46,1000
8465,634.406,625.434,625.434,0.1037,8.972,75,-14.1,1.45,1000
8466,634.481,625.51,625.51,0.1029,8.972,75,-14.11,1.44,1000
8467,634.556,625.585,625.585,0.1021,8.971,75,-14.12,1.43,1000
8468,634.631,625.661,625.661,0.1013,8.97,75,-14.13,1.41,1000
8469,634.706,625.737,625.737,0.1005,8.969,75,-14.14,1.4,1000
8470,634.781,625.813,625.813,0.0997,8.968,75,-14.15,1.39,1000
8471,634.856,625.889,625.889,0.0989,8.968,75,-14.16,1.38,1000
8472,634.931,625.964,625.964,0.0981,8.967,75,-14.17,1.37,1000
8473,635.006,626.04,626.04,0.0973,8.966,75,-14.18,1.36,1000
8474,635.081,626.116,626.116,0.0965,8.965,75,-14.19,1.35,1000
8475,635.156,626.192,626.192,0.0958,8.965,75,-14.2,1.34,1000
8476,635.231,626.268,626.268,0.095,8.964,75,-14.21,1.33,1000
8477,635.306,626.343,626.343,0.0942,8.963,75,-14.22,1.32,1000
8478,635.381,626.419,626.419,0.0935,8.962,75,-14.23,1.31,1000
8479,635.456,626.495,626.495,0.0927,8.961,75,-14.23,1.29,1000
8480,635.531,626.571,626.571,0.092,8.961,75,-14.24,1.28,1000
8481,635.606,626.646,626.646,0.0912,8.96,75,-14.25,1.27,1000
8482,635.681,626.722,626.722,0.0905,8.959,75,-14.26,1.26,1000
8483,635.756,626.798,626.798,0.0897,8.958,75,-14.27,1.25,1000
8484,635.831,626.873,626.873,0.089,8.958,75,-14.28,1.24,1000
8485,635.906,626.949,626.949,0.0883,8.957,75,-14.29,1.23,1000
8486,635.981,627.025,627.025,0.0876,8.956,75,-14.3,1.22,1000
8487,636.056,627.101,627.101,0.0868,8.956,75,-14.31,1.21,1000
8488,636.131,627.176,627.176,0.0861,8.955,75,-14.32,1.2,1000
8489,636.206,627.252,627.252,0.0854,8.954,75,-14.33,1.19,1000
8490,636.281,627.328,627.328,0.0847,8.953,75,-14.34,1.18,1000
8491,636.356,627.403,627.403,0.084,8.953,75,-14.34,1.17,1000
8492,636.431,627.479,627.479,0.0833,8.952,75,-14.35,1.16,1000
8493,636.506,627.555,627.555,0.0826,8.951,75,-14.36,1.15,1000
8494,636.581,627.631,627.631,0.0819,8.951,75,-14.37,1.14,1000
8495,636.656,627.706,627.706,0.0813,8.95,75,-14.38,1.13,1000
8496,636.731,627.782,627.782,0.0806,8.949,75,-14.39,1.13,1000
8497,636.806,627.858,627.858,0.0799,8.949,75,-14.4,1.12,1000
8498,636.881,627.933,627.933,0.0792,8.948,75,-14.4,1.11,1000
8499,636.956,628.009,628.009,0.0786,8.947,75,-14.41,1.1,1000
8500,637.031,628.085,628.085,0.0779,8.947,75,-14.42,1.09,1000
8501,637.106,628.16,628.16,0.0773,8.946,75,-14.43,1.08,1000
8502,637.181,628.236,628.236,0.0766,8.945,75,-14.44,1.07,1000
8503,637.256,628.312,628.312,0.076,8.945,75,-14.45,1.06,1000
8504,637.331,628.387,628.387,0.0753,8.944,75,-14.45,1.05,1000
8505,637.406,628.463,628.463,0.0747,8.943,75,-14.46,1.04,1000
8506,637.481,628.538,628.538,0.0741,8.943,75,-14.47,1.03,1000
8507,637.556,628.614,628.614,0.0734,8.942,75,-14.48,1.03,1000
8508,637.631,628.69,628.69,0.0728,8.942,75,-14.49,1.02,1000
8509,637.706,628.765,628.765,0.0722,8.941,75,-14.49,1.01,1000
8510,637.781,628.841,628.841,0.0716,8.94,75,-14.5,1.0,1000
8511,637.856,628.917,628.917,0.071,8.94,75,-14.51,0.99,1000
8512,637.931,628.992,628.992,0.0704,8.939,75,-14.52,0.98,1000
8513,638.006,629.068,629.068,0.0698,8.939,75,-14.52,0.97,1000
8514,638.081,629.143,629.143,0.0692,8.938,75,-14.53,0.97,1000
8515,638.156,629.219,629.219,0.0686,8.937,75,-14.54,0.96,1000
8516,638.231,629.295,629.295,0.068,8.937,75,-14.55,0.95,1000
8517,638.306,629.37,629.37,0.0674,8.936,75,-14.55,0.94,1000
8518,638.381,629.446,629.446,0.0668,8.936,75,-14.56,0.93,1000
8519,638.456,629.521,629.521,0.0663,8.935,75,-14.57,0.93,1000
8520,638.531,629.597,629.597,0.0657,8.934,75,-14.57,0.92,1000
8521,638.606,629.672,629.672,0.0651,8.934,75,-14.58,0.91,1000
8522,638.681,629.748,629.748,0.0646,8.933,75,-14.59,0.9,1000
8523,638.756,629.823,629.823,0.064,8.933,75,-14.6,0.89,1000
8524,638.831,629.899,629.899,0.0635,8.932,75,-14.6,0.89,1000
8525,638.906,629.975,629.975,0.0629,8.932,75,-14.61,0.88,1000
8526,638.981,630.05,630.05,0.0624,8.931,75,-14.62,0.87,1000
8527,639.056,630.126,630.126,0.0619,8.931,75,-14.62,0.86,1000
8528,639.131,630.201,630.201,0.0613,8.93,75,-14.63,0.86,1000
8529,639.206,630.277,630.277,0.0608,8.93,75,-14.64,0.85,1000
8530,639.281,630.352,630.352,0.0603,8.929,75,-14.64,0.84,1000
8531,639.356,630.428,630.428,0.0598,8.929,75,-14.65,0.83,1000
8532,639.431,630.503,630.503,0.0593,8.928,75,-14.66,0.83,1000
8533,639.506,630.579,630.579,0.0587,8.927,75,-14.66,0.82,1000
8534,639.581,630.654,630.654,0.0582,8.927,75,-14.67,0.81,1000
8535,639.656,630.73,630.73,0.0577,8.926,75,-14.67,0.81,1000
8536,639.731,630.805,630.805,0.0573,8.926,75,-14.68,0.8,1000
8537,639.806,630.881,630.881,0.0568,8.926,75,-14.69,0.79,1000
8538,639.881,630.956,630.956,0.0563,8.925,75,-14.69,0.79,1000
8539,639.956,631.032,631.032,0.0558,8.925,75,-14.7,0.78,1000
8540,640.031,631.107,631.107,0.0553,8.924,75,-14.7,0.77,1000
8541,640.106,631.183,631.183,0.0549,8.924,75,-14.71,0.77,1000
8542,640.181,631.258,631.258,0.0544,8.923,75,-14.72,0.76,1000
8543,640.256,631.334,631.334,0.0539,8.923,75,-14.72,0.75,1000
8544,640.331,631.409,631.409,0.0535,8.922,75,-14.73,0.75,1000
8545,640.406,631.484,631.484,0.053,8.922,75,-14.73,0.74,1000
8546,640.481,631.56,631.56,0.0526,8.921,75,-14.74,0.73,1000
8547,640.556,631.635,631.635,0.0521,8.921,75,-14.74,0.73,1000
8548,640.631,631.711,631.711,0.0517,8.92,75,-14.75,0.72,1000
8549,640.706,631.786,631.786,0.0513,8.92,75,-14.76,0.72,1000
8550,640.781,631.862,631.862,0.0509,8.92,75,-14.76,0.71,1000
8551,640.856,631.937,631.937,0.0504,8.919,75,-14.77,0.7,1000
8552,640.931,632.012,632.012,0.05,8.919,75,-14.77,0.7,1000
8553,641.006,632.088,632.088,0.0496,8.918,75,-14.78,0.69,1000
8554,641.081,632.163,632.163,0.0492,8.918,75,-14.78,0.69,1000
8555,641.156,632.239,632.239,0.0488,8.918,75,-14.79,0.68,1000
8556,641.231,632.314,632.314,0.0484,8.917,75,-14.79,0.68,1000
8557,641.306,632.39,632.39,0.048,8.917,75,-14.8,0.67,1000
8558,641.381,632.465,632.465,0.0476,8.916,75,-14.8,0.66,1000
8559,641.456,632.54,632.54,0.0472,8.916,75,-14.81,0.66,1000
8560,641.531,632.616,632.616,0.0468,8.916,75,-14.81,0.65,1000
8561,641.606,632.691,632.691,0.0465,8.915,75,-14.82,0.65,1000
8562,641.681,632.766,632.766,0.0461,8.915,75,-14.82,0.64,1000
8563,641.756,632.842,632.842,0.0457,8.914,75,-14.83,0.64,1000
8564,641.831,632.917,632.917,0.0454,8.914,75,-14.83,0.63,1000
8565,641.906,632.992,632.992,0.045,8.914,75,-14.83,0.63,1000
8566,641.981,633.068,633.068,0.0447,8.913,75,-14.84,0.62,1000
8567,642.056,633.143,633.143,0.0443,8.913,75,-14.84,0.62,1000
8568,642.131,633.219,633.219,0.044,8.913,75,-14.85,0.61,1000
8569,642.206,633.294,633.294,0.0436,8.912,75,-14.85,0.61,1000
8570,642.281,633.369,633.369,0.0433,8.912,75,-14.86,0.6,1000
8571,642.356,633.445,633.445,0.043,8.912,75,-14.86,0.6,1000
8572,642.431,633.52,633.52,0.0427,8.911,75,-14.86,0.6,1000
8573,642.506,633.595,633.595,0.0423,8.911,75,-14.87,0.59,1000
8574,642.581,633.67,633.67,0.042,8.911,75,-14.87,0.59,1000
8575,642.656,633.746,633.746,0.0417,8.91,75,-14.88,0.58,1000
8576,642.731,633.821,633.821,0.0414,8.91,75,-14.88,0.58,1000
8577,642.806,633.896,633.896,0.0411,8.91,75,-14.88,0.57,1000
8578,642.881,633.972,633.972,0.0408,8.91,75,-14.89,0.57,1000
8579,642.956,634.047,634.047,0.0405,8.909,75,-14.89,0.57,1000
8580,643.031,634.122,634.122,0.0402,8.909,75,-14.89,0.56,1000
8581,643.106,634.198,634.198,0.04,8.909,75,-14.9,0.56,1000
8582,643.181,634.273,634.273,0.0397,8.908,75,-14.9,0.55,1000
8583,643.256,634.348,634.348,0.0394,8.908,75,-14.9,0.55,1000
8584,643.331,634.423,634.423,0.0391,8.908,75,-14.91,0.55,1000
8585,643.406,634.499,634.499,0.0389,8.908,75,-14.91,0.54,1000
8586,643.481,634.574,634.574,0.0386,8.907,75,-14.91,0.54,1000
8587,643.556,634.649,634.649,0.0384,8.907,75,-14.92,0.54,1000
8588,643.631,634.724,634.724,0.0381,8.907,75,-14.92,0.53,1000
8589,643.706,634.8,634.8,0.0379,8.907,75,-14.92,0.53,1000
8590,643.781,634.875,634.875,0.0376,8.906,75,-14.93,0.53,1000
8591,643.856,634.95,634.95,0.0374,8.906,75,-14.93,0.52,1000
8592,643.931,635.025,635.025,0.0372,8.906,75,-14.93,0.52,1000
8593,644.006,635.101,635.101,0.037,8.906,75,-14.94,0.52,1000
8594,644.081,635.176,635.176,0.0367,8.905,75,-14.94,0.51,1000
8595,644.156,635.251,635.251,0.0365,8.905,75,-14.94,0.51,1000
8596,644.231,635.326,635.326,0.0363,8.905,75,-14.94,0.51,1000
8597,644.306,635.401,635.401,0.0361,8.905,75,-14.95,0.5,1000
8598,644.381,635.477,635.477,0.0359,8.905,75,-14.95,0.5,1000
8599,644.456,635.552,635.552,0.0357,8.904,75,-14.95,0.5,1000
8600,644.531,635.627,635.627,0.0355,8.904,75,-14.95,0.5,1000
8601,644.606,635.702,635.702,0.0353,8.904,75,-14.96,0.49,1000
8602,644.681,635.777,635.777,0.0352,8.904,75,-14.96,0.49,1000
8603,644.756,635.853,635.853,0.035,8.904,75,-14.96,0.49,1000
8604,644.831,635.928,635.928,0.0348,8.904,75,-14.96,0.49,1000
8605,644.906,636.003,636.003,0.0347,8.903,75,-14.96,0.48,1000
8606,644.981,636.078,636.078,0.0345,8.903,75,-14.97,0.48,1000
8607,645.056,636.153,636.153,0.0343,8.903,75,-14.97,0.48,1000
8608,645.131,636.228,636.228,0.0342,8.903,75,-14.97,0.48,1000
8609,645.206,636.303,636.303,0.034,8.903,75,-14.97,0.48,1000
8610,645.281,636.379,636.379,0.0339,8.903,75,-14.97,0.47,1000
8611,645.356,636.454,636.454,0.0338,8.903,75,-14.98,0.47,1000
8612,645.431,636.529,636.529,0.0336,8.902,75,-14.98,0.47,1000
8613,645.506,636.604,636.604,0.0335,8.902,75,-14.98,0.47,1000
8614,645.581,636.679,636.679,0.0334,8.902,75,-14.98,0.47,1000
8615,645.656,636.754,636.754,0.0332,8.902,75,-14.98,0.46,1000
8616,645.731,636.829,636.829,0.0331,8.902,75,-14.98,0.46,1000
8617,645.806,636.904,636.904,0.033,8.902,75,-14.98,0.46,1000
8618,645.881,636.98,636.98,0.0329,8.902,75,-14.99,0.46,1000
8619,645.956,637.055,637.055,0.0328,8.902,75,-14.99,0.46,1000
8620,646.031,637.13,637.13,0.0327,8.901,75,-14.99,0.46,1000
8621,646.106,637.205,637.205,0.0326,8.901,75,-14.99,0.46,1000
8622,646.181,637.28,637.28,0.0326,8.901,75,-14.99,0.45,1000
8623,646.256,637.355,637.355,0.0325,8.901,75,-14.99,0.45,1000
8624,646.331,637.43,637.43,0.0324,8.901,75,-14.99,0.45,1000
8625,646.406,637.505,637.505,0.0323,8.901,75,-14.99,0.45,1000
8626,646.481,637.58,637.58,0.0323,8.901,75,-14.99,0.45,1000
8627,646.556,637.655,637.655,0.0322,8.901,75,-15.0,0.45,1000
8628,646.631,637.73,637.73,0.0321,8.901,75,-15.0,0.45,1000
8629,646.706,637.805,637.805,0.0321,8.901,75,-15.0,0.45,1000
8630,646.781,637.88,637.88,0.032,8.901,75,-15.0,0.45,1000
8631,646.856,637.956,637.956,0.032,8.901,75,-15.0,0.45,1000
8632,646.931,638.031,638.031,0.032,8.901,75,-15.0,0.45,1000
8633,647.006,638.106,638.106,0.0319,8.901,75,-15.0,0.45,1000
8634,647.081,638.181,638.181,0.0319,8.901,75,-15.0,0.45,1000
8635,647.156,638.256,638.256,0.0319,8.901,75,-15.0,0.45,1000
8636,647.231,638.331,638.331,0.0319,8.901,75,-15.0,0.44,1000
8637,647.306,638.406,638.406,0.0318,8.901,75,-15.0,0.44,1000
8638,647.381,638.481,638.481,0.0318,8.901,75,-15.0,0.44,1000
8639,647.456,638.556,638.556,0.0318,8.901,75,-15.0,0.44,1000
8640,647.531,638.631,638.631,0.0318,8.901,75,-15.0,0.44,1000
8641,647.606,638.706,638.706,0.0318,8.901,75,-15.0,0.44,1000
8642,647.681,638.781,638.781,0.0318,8.901,75,-15.0,0.44,1000
8643,647.756,638.856,638.856,0.0319,8.901,75,-15.0,0.44,1000
8644,647.831,638.931,638.931,0.0319,8.901,75,-15.0,0.45,1000
8645,647.906,639.006,639.006,0.0319,8.901,75,-15.0,0.45,1000
8646,647.981,639.081,639.081,0.0319,8.901,75,-15.0,0.45,1000
8647,648.056,639.156,639.156,0.032,8.901,75,-15.0,0.45,1000
8648,648.131,639.23,639.23,0.032,8.901,75,-15.0,0.45,1000
8649,648.206,639.305,639.305,0.0321,8.901,75,-15.0,0.45,1000
8650,648.281,639.38,639.38,0.0321,8.901,75,-15.0,0.45,1000
8651,648.356,639.455,639.455,0.0322,8.901,75,-15.0,0.45,1000
8652,648.431,639.53,639.53,0.0322,8.901,75,-15.0,0.45,1000
8653,648.506,639.605,639.605,0.0323,8.901,75,-14.99,0.45,1000
8654,648.581,639.68,639.68,0.0323,8.901,75,-14.99,0.45,1000
8655,648.656,639.755,639.755,0.0324,8.901,75,-14.99,0.45,1000
8656,648.731,639.83,639.83,0.0325,8.901,75,-14.99,0.45,1000
8657,648.806,639.905,639.905,0.0326,8.901,75,-14.99,0.45,1000
8658,648.881,639.98,639.98,0.0327,8.901,75,-14.99,0.46,1000
8659,648.956,640.055,640.055,0.0327,8.901,75,-14.99,0.46,1000
8660,649.031,640.13,640.13,0.0328,8.902,75,-14.99,0.46,1000
8661,649.106,640.205,640.205,0.0329,8.902,75,-14.99,0.46,1000
8662,649.181,640.279,640.279,0.0331,8.902,75,-14.98,0.46,1000
8663,649.256,640.354,640.354,0.0332,8.902,75,-14.98,0.46,1000
8664,649.331,640.429,640.429,0.0333,8.902,75,-14.98,0.46,1000
8665,649.406,640.504,640.504,0.0334,8.902,75,-14.98,0.47,1000
8666,649.481,640.579,640.579,0.0335,8.902,75,-14.98,0.47,1000
8667,649.556,640.654,640.654,0.0337,8.902,75,-14.98,0.47,1000
8668,649.631,640.729,640.729,0.0338,8.903,75,-14.98,0.47,1000
8669,649.706,640.804,640.804,0.0339,8.903,75,-14.97,0.47,1000
8670,649.781,640.878,640.878,0.0341,8.903,75,-14.97,0.48,1000
8671,649.856,640.953,640.953,0.0342,8.903,75,-14.97,0.48,1000
8672,649.931,641.028,641.028,0.0344,8.903,75,-14.97,0.48,1000
8673,650.006,641.103,641.103,0.0345,8.903,75,-14.97,0.48,1000
8674,650.081,641.178,641.178,0.0347,8.903,75,-14.96,0.48,1000
8675,650.156,641.253,641.253,0.0349,8.904,75,-14.96,0.49,1000
8676,650.231,641.327,641.327,0.035,8.904,75,-14.96,0.49,1000
8677,650.306,641.402,641.402,0.0352,8.904,75,-14.96,0.49,1000
8678,650.381,641.477,641.477,0.0354,8.904,75,-14.96,0.49,1000
8679,650.456,641.552,641.552,0.0356,8.904,75,-14.95,0.5,1000
8680,650.531,641.627,641.627,0.0358,8.905,75,-14.95,0.5,1000
8681,650.606,641.702,641.702,0.036,8.905,75,-14.95,0.5,1000
8682,650.681,641.776,641.776,0.0362,8.905,75,-14.95,0.5,1000
8683,650.756,641.851,641.851,0.0364,8.905,75,-14.94,0.51,1000
8684,650.831,641.926,641.926,0.0366,8.905,75,-14.94,0.51,1000
8685,650.906,642.001,642.001,0.0368,8.906,75,-14.94,0.51,1000
8686,650.981,642.075,642.075,0.037,8.906,75,-14.93,0.52,1000
8687,651.056,642.15,642.15,0.0372,8.906,75,-14.93,0.52,1000
8688,651.131,642.225,642.225,0.0375,8.906,75,-14.93,0.52,1000
8689,651.206,642.3,642.3,0.0377,8.906,75,-14.93,0.53,1000
8690,651.281,642.375,642.375,0.0379,8.907,75,-14.92,0.53,1000
8691,651.356,642.449,642.449,0.0382,8.907,75,-14.92,0.53,1000
8692,651.431,642.524,642.524,0.0384,8.907,75,-14.92,0.54,1000
8693,651.506,642.599,642.599,0.0387,8.907,75,-14.91,0.54,1000
8694,651.581,642.674,642.674,0.0389,8.908,75,-14.91,0.54,1000
8695,651.656,642.748,642.748,0.0392,8.908,75,-14.91,0.55,1000
8696,651.731,642.823,642.823,0.0395,8.908,75,-14.9,0.55,1000
8697,651.806,642.898,642.898,0.0397,8.908,75,-14.9,0.55,1000
8698,651.881,642.972,642.972,0.04,8.909,75,-14.9,0.56,1000
8699,651.956,643.047,643.047,0.0403,8.909,75,-14.89,0.56,1000
8700,652.031,643.122,643.122,0.0406,8.909,75,-14.89,0.57,1000
8701,652.106,643.197,643.197,0.0409,8.91,75,-14.89,0.57,1000
8702,652.181,643.271,643.271,0.0412,8.91,75,-14.88,0.57,1000
8703,652.256,643.346,643.346,0.0415,8.91,75,-14.88,0.58,1000
8704,652.331,643.421,643.421,0.0418,8.911,75,-14.87,0.58,1000
8705,652.406,643.495,643.495,0.0421,8.911,75,-14.87,0.59,1000
8706,652.481,643.57,643.57,0.0424,8.911,75,-14.87,0.59,1000
8707,652.556,643.645,643.645,0.0427,8.911,75,-14.86,0.6,1000
8708,652.631,643.719,643.719,0.0431,8.912,75,-14.86,0.6,1000
8709,652.706,643.794,643.794,0.0434,8.912,75,-14.85,0.61,1000
8710,652.781,643.869,643.869,0.0437,8.912,75,-14.85,0.61,1000
8711,652.856,643.943,643.943,0.0441,8.913,75,-14.85,0.62,1000
8712,652.931,644.018,644.018,0.0444,8.913,75,-14.84,0.62,1000
8713,653.006,644.093,644.093,0.0447,8.913,75,-14.84,0.62,1000
8714,653.081,644.167,644.167,0.0451,8.914,75,-14.83,0.63,1000
8715,653.156,644.242,644.242,0.0455,8.914,75,-14.83,0.63,1000
8716,653.231,644.317,644.317,0.0458,8.915,75,-14.82,0.64,1000
8717,653.306,644.391,644.391,0.0462,8.915,75,-14.82,0.64,1000
8718,653.381,644.466,644.466,0.0466,8.915,75,-14.81,0.65,1000
8719,653.456,644.541,644.541,0.0469,8.916,75,-14.81,0.66,1000
8720,653.531,644.615,644.615,0.0473,8.916,75,-14.81,0.66,1000
8721,653.606,644.69,644.69,0.0477,8.916,75,-14.8,0.67,1000
8722,653.681,644.764,644.764,0.0481,8.917,75,-14.8,0.67,1000
8723,653.756,644.839,644.839,0.0485,8.917,75,-14.79,0.68,1000
8724,653.831,644.914,644.914,0.0489,8.918,75,-14.79,0.68,1000
8725,653.906,644.988,644.988,0.0493,8.918,75,-14.78,0.69,1000
8726,653.981,645.063,645.063,0.0497,8.918,75,-14.78,0.69,1000
8727,654.056,645.137,645.137,0.0501,8.919,75,-14.77,0.7,1000
8728,654.131,645.212,645.212,0.0505,8.919,75,-14.77,0.71,1000
8729,654.206,645.287,645.287,0.051,8.92,75,-14.76,0.71,1000
8730,654.281,645.361,645.361,0.0514,8.92,75,-14.75,0.72,1000
8731,654.356,645.436,645.436,0.0518,8.921,75,-14.75,0.72,1000
8732,654.431,645.51,645.51,0.0523,8.921,75,-14.74,0.73,1000
8733,654.506,645.585,645.585,0.0527,8.921,75,-14.74,0.74,1000
8734,654.581,645.659,645.659,0.0531,8.922,75,-14.73,0.74,1000
8735,654.656,645.734,645.734,0.0536,8.922,75,-14.73,0.75,1000
8736,654.731,645.808,645.808,0.054,8.923,75,-14.72,0.75,1000
8737,654.806,645.883,645.883,0.0545,8.923,75,-14.72,0.76,1000
8738,654.881,645.958,645.958,0.055,8.924,75,-14.71,0.77,1000
8739,654.956,646.032,646.032,0.0554,8.924,75,-14.7,0.77,1000
8740,655.031,646.107,646.107,0.0559,8.925,75,-14.7,0.78,1000
8741,655.106,646.181,646.181,0.0564,8.925,75,-14.69,0.79,1000
8742,655.181,646.256,646.256,0.0569,8.926,75,-14.69,0.79,1000
8743,655.256,646.33,646.33,0.0574,8.926,75,-14.68,0.8,1000
8744,655.331,646.405,646.405,0.0579,8.927,75,-14.67,0.81,1000
8745,655.406,646.479,646.479,0.0584,8.927,75,-14.67,0.81,1000
8746,655.481,646.554,646.554,0.0589,8.928,75,-14.66,0.82,1000
8747,655.556,646.628,646.628,0.0594,8.928,75,-14.65,0.83,1000
8748,655.631,646.703,646.703,0.0599,8.929,75,-14.65,0.84,1000
8749,655.706,646.777,646.777,0.0604,8.929,75,-14.64,0.84,1000
8750,655.781,646.852,646.852,0.0609,8.93,75,-14.63,0.85,1000
8751,655.856,646.926,646.926,0.0615,8.93,75,-14.63,0.86,1000
8752,655.931,647.001,647.001,0.062,8.931,75,-14.62,0.87,1000
8753,656.006,647.075,647.075,0.0625,8.931,75,-14.61,0.87,1000
8754,656.081,647.149,647.149,0.0631,8.932,75,-14.61,0.88,1000
8755,656.156,647.224,647.224,0.0636,8.932,75,-14.6,0.89,1000
8756,656.231,647.298,647.298,0.0642,8.933,75,-14.59,0.9,1000
8757,656.306,647.373,647.373,0.0647,8.933,75,-14.59,0.9,1000
8758,656.381,647.447,647.447,0.0653,8.934,75,-14.58,0.91,1000
8759,656.456,647.522,647.522,0.0658,8.935,75,-14.57,0.92,1000
8760,656.531,647.596,647.596,0.0664,8.935,75,-14.57,0.93,1000
8761,656.606,647.671,647.671,0.067,8.936,75,-14.56,0.94,1000
8762,656.681,647.745,647.745,0.0675,8.936,75,-14.55,0.94,1000
8763,656.756,647.819,647.819,0.0681,8.937,75,-14.54,0.95,1000
8764,656.831,647.894,647.894,0.0687,8.937,75,-14.54,0.96,1000
8765,656.906,647.968,647.968,0.0693,8.938,75,-14.53,0.97,1000
8766,656.981,648.043,648.043,0.0699,8.939,75,-14.52,0.98,1000
8767,657.056,648.117,648.117,0.0705,8.939,75,-14.51,0.98,1000
8768,657.131,648.191,648.191,0.0711,8.94,75,-14.51,0.99,1000
8769,657.206,648.266,648.266,0.0717,8.94,75,-14.5,1.0,1000
8770,657.281,648.34,648.34,0.0723,8.941,75,-14.49,1.01,1000
8771,657.356,648.415,648.415,0.073,8.942,75,-14.48,1.02,1000
8772,657.431,648.489,648.489,0.0736,8.942,75,-14.48,1.03,1000
8773,657.506,648.563,648.563,0.0742,8.943,75,-14.47,1.04,1000
8774,657.581,648.638,648.638,0.0748,8.944,75,-14.46,1.04,1000
8775,657.656,648.712,648.712,0.0755,8.944,75,-14.45,1.05,1000
8776,657.731,648.786,648.786,0.0761,8.945,75,-14.44,1.06,1000
8777,657.806,648.861,648.861,0.0768,8.946,75,-14.44,1.07,1000
8778,657.881,648.935,648.935,0.0774,8.946,75,-14.43,1.08,1000
8779,657.956,649.009,649.009,0.0781,8.947,75,-14.42,1.09,1000
8780,658.031,649.084,649.084,0.0787,8.947,75,-14.41,1.1,1000
8781,658.106,649.158,649.158,0.0794,8.948,75,-14.4,1.11,1000
8782,658.181,649.232,649.232,0.0801,8.949,75,-14.39,1.12,1000
8783,658.256,649.307,649.307,0.0807,8.949,75,-14.39,1.13,1000
8784,658.331,649.381,649.381,0.0814,8.95,75,-14.38,1.14,1000
8785,658.406,649.455,649.455,0.0821,8.951,75,-14.37,1.15,1000
8786,658.481,649.53,649.53,0.0828,8.952,75,-14.36,1.16,1000
8787,658.556,649.604,649.604,0.0835,8.952,75,-14.35,1.17,1000
8788,658.631,649.678,649.678,0.0842,8.953,75,-14.34,1.18,1000
8789,658.706,649.753,649.753,0.0849,8.954,75,-14.33,1.19,1000
8790,658.781,649.827,649.827,0.0856,8.954,75,-14.32,1.19,1000
8791,658.856,649.901,649.901,0.0863,8.955,75,-14.32,1.2,1000
8792,658.931,649.975,649.975,0.087,8.956,75,-14.31,1.21,1000
8793,659.006,650.05,650.05,0.0877,8.956,75,-14.3,1.22,1000
8794,659.081,650.124,650.124,0.0885,8.957,75,-14.29,1.24,1000
8795,659.156,650.198,650.198,0.0892,8.958,75,-14.28,1.25,1000
8796,659.231,650.273,650.273,0.0899,8.959,75,-14.27,1.26,1000
8797,659.306,650.347,650.347,0.0907,8.959,75,-14.26,1.27,1000
8798,659.381,650.421,650.421,0.0914,8.96,75,-14.25,1.28,1000
8799,659.456,650.495,650.495,0.0921,8.961,75,-14.24,1.29,1000
8800,659.531,650.57,650.57,0.0929,8.962,75,-14.23,1.3,1000
8801,659.606,650.644,650.644,0.0936,8.962,75,-14.22,1.31,1000
8802,659.681,650.718,650.718,0.0944,8.963,75,-14.21,1.32,1000
8803,659.756,650.792,650.792,0.0952,8.964,75,-14.2,1.33,1000
8804,659.831,650.867,650.867,0.0959,8.965,75,-14.19,1.34,1000
8805,659.906,650.941,650.941,0.0967,8.965,75,-14.18,1.35,1000
8806,659.981,651.015,651.015,0.0975,8.966,75,-14.17,1.36,1000
8807,660.056,651.089,651.089,0.0983,8.967,75,-14.16,1.37,1000
8808,660.131,651.163,651.163,0.0991,8.968,75,-14.16,1.38,1000
8809,660.206,651.238,651.238,0.0999,8.969,75,-14.15,1.39,1000
8810,660.281,651.312,651.312,0.1007,8.969,75,-14.14,1.41,1000
8811,660.356,651.386,651.386,0.1015,8.97,75,-14.13,1.42,1000
8812,660.431,651.46,651.46,0.1023,8.971,75,-14.11,1.43,1000
8813,660.506,651.534,651.534,0.1031,8.972,75,-14.1,1.44,1000
8814,660.581,651.609,651.609,0.1039,8.973,75,-14.09,1.45,1000
8815,660.656,651.683,651.683,0.1047,8.973,75,-14.08,1.46,1000
8816,660.731,651.757,651.757,0.1055,8.974,75,-14.07,1.47,1000
8817,660.806,651.831,651.831,0.1064,8.975,75,-14.06,1.49,1000
8818,660.881,651.905,651.905,0.1072,8.976,75,-14.05,1.5,1000
8819,660.956,651.979,651.979,0.108,8.977,75,-14.04,1.51,1000
8820,661.031,652.054,652.054,0.1089,8.978,75,-14.03,1.52,1000
8821,661.106,652.128,652.128,0.1097,8.978,75,-14.02,1.53,1000
8822,661.181,652.202,652.202,0.1106,8.979,75,-14.01,1.54,1000
8823,661.256,652.276,652.276,0.1114,8.98,75,-14.0,1.56,1000
8824,661.331,652.35,652.35,0.1123,8.981,75,-13.99,1.57,1000
8825,661.406,652.424,652.424,0.1131,8.982,75,-13.98,1.58,1000
8826,661.481,652.498,652.498,0.114,8.983,75,-13.97,1.59,1000
8827,661.556,652.573,652.573,0.1149,8.984,75,-13.96,1.6,1000
8828,661.631,652.647,652.647,0.1158,8.985,75,-13.95,1.62,1000
8829,661.706,652.721,652.721,0.1166,8.985,75,-13.93,1.63,1000
8830,661.781,652.795,652.795,0.1175,8.986,75,-13.92,1.64,1000
8831,661.856,652.869,652.869,0.1184,8.987,75,-13.91,1.65,1000
8832,661.931,652.943,652.943,0.1193,8.988,75,-13.9,1.67,1000
8833,662.006,653.017,653.017,0.1202,8.989,75,-13.89,1.68,1000
8834,662.081,653.091,653.091,0.1211,8.99,75,-13.88,1.69,1000
8835,662.156,653.165,653.165,0.122,8.991,75,-13.87,1.7,1000
8836,662.231,653.24,653.24,0.1229,8.992,75,-13.86,1.72,1000
8837,662.306,653.314,653.314,0.1239,8.993,75,-13.84,1.73,1000
8838,662.381,653.388,653.388,0.1248,8.994,75,-13.83,1.74,1000
8839,662.456,653.462,653.462,0.1257,8.994,75,-13.82,1.76,1000
8840,662.531,653.536,653.536,0.1266,8.995,75,-13.81,1.77,1000
8841,662.606,653.61,653.61,0.1276,8.996,75,-13.8,1.78,1000
8842,662.681,653.684,653.684,0.1285,8.997,75,-13.79,1.79,1000
8843,662.756,653.758,653.758,0.1295,8.998,75,-13.77,1.81,1000
8844,662.831,653.832,653.832,0.1304,8.999,75,-13.76,1.82,1000
8845,662.906,653.906,653.906,0.1314,9.0,75,-13.75,1.83,1000
8846,662.981,653.98,653.98,0.1323,9.001,75,-13.74,1.85,1000
8847,663.056,654.054,654.054,0.1333,9.002,75,-13.73,1.86,1000
8848,663.131,654.128,654.128,0.1342,9.003,75,-13.71,1.87,1000
8849,663.206,654.202,654.202,0.1352,9.004,75,-13.7,1.89,1000
8850,663.281,654.276,654.276,0.1362,9.005,75,-13.69,1.9,1000
8851,663.356,654.35,654.35,0.1372,9.006,75,-13.68,1.92,1000
8852,663.431,654.424,654.424,0.1381,9.007,75,-13.66,1.93,1000
8853,663.506,654.498,654.498,0.1391,9.008,75,-13.65,1.94,1000
8854,663.581,654.572,654.572,0.1401,9.009,75,-13.64,1.96,1000
8855,663.656,654.646,654.646,0.1411,9.01,75,-13.63,1.97,1000
8856,663.731,654.72,654.72,0.1421,9.011,75,-13.61,1.98,1000
8857,663.806,654.794,654.794,0.1431,9.012,75,-13.6,2.0,1000
8858,663.881,654.868,654.868,0.1441,9.013,75,-13.59,2.01,1000
8859,663.956,654.942,654.942,0.1451,9.014,75,-13.58,2.03,1000
8860,664.031,655.016,655.016,0.1462,9.015,75,-13.56,2.04,1000
8861,664.106,655.09,655.09,0.1472,9.016,75,-13.55,2.05,1000
8862,664.181,655.164,655.164,0.1482,9.017,75,-13.54,2.07,1000
8863,664.256,655.238,655.238,0.1492,9.018,75,-13.52,2.08,1000
8864,664.331,655.312,655.312,0.1503,9.019,75,-13.51,2.1,1000
8865,664.406,655.386,655.386,0.1513,9.02,75,-13.5,2.11,1000
8866,664.481,655.46,655.46,0.1524,9.021,75,-13.49,2.13,1000
8867,664.556,655.534,655.534,0.1534,9.022,75,-13.47,2.14,1000
8868,664.631,655.608,655.608,0.1545,9.023,75,-13.46,2.16,1000
8869,664.706,655.682,655.682,0.1555,9.024,75,-13.45,2.17,1000
8870,664.781,655.756,655.756,0.1566,9.025,75,-13.43,2.19,1000
8871,664.856,655.83,655.83,0.1576,9.026,75,-13.42,2.2,1000
8872,664.931,655.904,655.904,0.1587,9.027,75,-13.41,2.22,1000
8873,665.006,655.978,655.978,0.1598,9.029,75,-13.39,2.23,1000
8874,665.081,656.052,656.052,0.1609,9.03,75,-13.38,2.25,1000
8875,665.156,656.126,656.126,0.1619,9.031,75,-13.37,2.26,1000
8876,665.231,656.199,656.199,0.163,9.032,75,-13.35,2.28,1000
8877,665.306,656.273,656.273,0.1641,9.033,75,-13.34,2.29,1000
8878,665.381,656.347,656.347,0.1652,9.034,75,-13.32,2.31,1000
8879,665.456,656.421,656.421,0.1663,9.035,75,-13.31,2.32,1000
8880,665.531,656.495,656.495,0.1674,9.036,75,-13.3,2.34,1000
8881,665.606,656.569,656.569,0.1685,9.037,75,-13.28,2.35,1000
8882,665.681,656.643,656.643,0.1696,9.038,75,-13.27,2.37,1000
8883,665.756,656.717,656.717,0.1707,9.039,75,-13.25,2.38,1000
8884,665.831,656.791,656.791,0.1719,9.041,75,-13.24,2.4,1000
8885,665.906,656.865,656.865,0.173,9.042,75,-13.23,2.42,1000
8886,665.981,656.938,656.938,0.1741,9.043,75,-13.21,2.43,1000
8887,666.056,657.012,657.012,0.1752,9.044,75,-13.2,2.45,1000
8888,666.131,657.086,657.086,0.1764,9.045,75,-13.18,2.46,1000
8889,666.206,657.16,657.16,0.1775,9.046,75,-13.17,2.48,1000
8890,666.281,657.234,657.234,0.1787,9.047,75,-13.15,2.49,1000
8891,666.356,657.308,657.308,0.1798,9.049,75,-13.14,2.51,1000
8892,666.431,657.382,657.382,0.181,9.05,75,-13.13,2.53,1000
8893,666.506,657.455,657.455,0.1821,9.051,75,-13.11,2.54,1000
8894,666.581,657.529,657.529,0.1833,9.052,75,-13.1,2.56,1000
8895,666.656,657.603,657.603,0.1845,9.053,75,-13.08,2.58,1000
8896,666.731,657.677,657.677,0.1856,9.054,75,-13.07,2.59,1000
8897,666.806,657.751,657.751,0.1868,9.056,75,-13.05,2.61,1000
8898,666.881,657.825,657.825,0.188,9.057,75,-13.04,2.62,1000
8899,666.956,657.898,657.898,0.1892,9.058,75,-13.02,2.64,1000
8900,667.031,657.972,657.972,0.1903,9.059,75,-13.01,2.66,1000
8901,667.106,658.046,658.046,0.1915,9.06,75,-12.99,2.67,1000
8902,667.181,658.12,658.12,0.1927,9.061,75,-12.98,2.69,1000
8903,667.256,658.194,658.194,0.1939,9.063,75,-12.96,2.71,1000
8904,667.331,658.267,658.267,0.1951,9.064,75,-12.95,2.72,1000
8905,667.406,658.341,658.341,0.1963,9.065,75,-12.93,2.74,1000
8906,667.481,658.415,658.415,0.1976,9.066,75,-12.92,2.76,1000
8907,667.556,658.489,658.489,0.1988,9.068,75,-12.9,2.78,1000
8908,667.631,658.563,658.563,0.2,9.069,75,-12.89,2.79,1000
8909,667.706,658.636,658.636,0.2012,9.07,75,-12.87,2.81,1000
8910,667.781,658.71,658.71,0.2024,9.071,75,-12.86,2.83,1000
8911,667.856,658.784,658.784,0.2037,9.072,75,-12.84,2.84,1000
8912,667.931,658.858,658.858,0.2049,9.074,75,-12.83,2.86,1000
8913,668.006,658.931,658.931,0.2061,9.075,75,-12.81,2.88,1000
8914,668.081,659.005,659.005,0.2074,9.076,75,-12.79,2.9,1000
8915,668.156,659.079,659.079,0.2086,9.077,75,-12.78,2.91,1000
8916,668.231,659.153,659.153,0.2099,9.079,75,-12.76,2.93,1000
8917,668.306,659.226,659.226,0.2112,9.08,75,-12.75,2.95,1000
8918,668.381,659.3,659.3,0.2124,9.081,75,-12.73,2.97,1000
8919,668.456,659.374,659.374,0.2137,9.082,75,-12.71,2.98,1000
8920,668.531,659.448,659.448,0.2149,9.084,75,-12.7,3.0,1000
8921,668.606,659.521,659.521,0.2162,9.085,75,-12.68,3.02,1000
8922,668.681,659.595,659.595,0.2175,9.086,75,-12.67,3.04,1000
8923,668.756,659.669,659.669,0.2188,9.088,75,-12.65,3.05,1000
8924,668.831,659.742,659.742,0.2201,9.089,75,-12.63,3.07,1000
8925,668.906,659.816,659.816,0.2213,9.09,75,-12.62,3.09,1000
8926,668.981,659.89,659.89,0.2226,9.091,75,-12.6,3.11,1000
8927,669.056,659.964,659.964,0.2239,9.093,75,-12.59,3.13,1000
8928,669.131,660.037,660.037,0.2252,9.094,75,-12.57,3.14,1000
8929,669.206,660.111,660.111,0.2265,9.095,75,-12.55,3.16,1000
8930,669.281,660.185,660.185,0.2279,9.097,75,-12.54,3.18,1000
8931,669.356,660.258,660.258,0.2292,9.098,75,-12.52,3.2,1000
8932,669.431,660.332,660.332,0.2305,9.099,75,-12.5,3.22,1000
8933,669.506,660.406,660.406,0.2318,9.101,75,-12.49,3.24,1000
8934,669.581,660.479,660.479,0.2331,9.102,75,-12.47,3.26,1000
8935,669.656,660.553,660.553,0.2345,9.103,75,-12.45,3.27,1000
8936,669.731,660.627,660.627,0.2358,9.105,75,-12.44,3.29,1000
8937,669.806,660.7,660.7,0.2371,9.106,75,-12.42,3.31,1000
8938,669.881,660.774,660.774,0.2385,9.107,75,-12.4,3.33,1000
8939,669.956,660.848,660.848,0.2398,9.109,75,-12.39,3.35,1000
8940,670.031,660.921,660.921,0.2412,9.11,75,-12.37,3.37,1000
8941,670.106,660.995,660.995,0.2425,9.111,75,-12.35,3.39,1000
8942,670.181,661.069,661.069,0.2439,9.113,75,-12.34,3.41,1000
8943,670.256,661.142,661.142,0.2452,9.114,75,-12.32,3.42,1000
8944,670.331,661.216,661.216,0.2466,9.115,75,-12.3,3.44,1000
8945,670.406,661.29,661.29,0.248,9.117,75,-12.28,3.46,1000
8946,670.481,661.363,661.363,0.2493,9.118,75,-12.27,3.48,1000
8947,670.556,661.437,661.437,0.2507,9.119,75,-12.25,3.5,1000
8948,670.631,661.51,661.51,0.2521,9.121,75,-12.23,3.52,1000
8949,670.706,661.584,661.584,0.2535,9.122,75,-12.21,3.54,1000
8950,670.781,661.658,661.658,0.2549,9.124,75,-12.2,3.56,1000
8951,670.856,661.731,661.731,0.2562,9.125,75,-12.18,3.58,1000
8952,670.931,661.805,661.805,0.2576,9.126,75,-12.16,3.6,1000
8953,671.006,661.878,661.878,0.259,9.128,75,-12.14,3.62,1000
8954,671.081,661.952,661.952,0.2604,9.129,75,-12.13,3.64,1000
8955,671.156,662.026,662.026,0.2619,9.131,75,-12.11,3.66,1000
8956,671.231,662.099,662.099,0.2633,9.132,75,-12.09,3.68,1000
8957,671.306,662.173,662.173,0.2647,9.133,75,-12.07,3.7,1000
8958,671.381,662.246,662.246,0.2661,9.135,75,-12.06,3.72,1000
8959,671.456,662.32,662.32,0.2675,9.136,75,-12.04,3.74,1000
8960,671.531,662.394,662.394,0.2689,9.138,75,-12.02,3.76,1000
8961,671.606,662.467,662.467,0.2704,9.139,75,-12.0,3.78,1000
8962,671.681,662.541,662.541,0.2718,9.141,75,-11.98,3.8,1000
8963,671.756,662.614,662.614,0.2732,9.142,75,-11.97,3.82,1000
8964,671.831,662.688,662.688,0.2747,9.143,75,-11.95,3.84,1000
8965,671.906,662.761,662.761,0.2761,9.145,75,-11.93,3.86,1000
8966,671.981,662.835,662.835,0.2776,9.146,75,-11.91,3.88,1000
8967,672.056,662.908,662.908,0.279,9.148,75,-11.89,3.9,1000
8968,672.131,662.982,662.982,0.2805,9.149,75,-11.88,3.92,1000
8969,672.206,663.056,663.056,0.282,9.151,75,-11.86,3.94,1000
8970,672.281,663.129,663.129,0.2834,9.152,75,-11.84,3.96,1000
8971,672.356,663.203,663.203,0.2849,9.154,75,-11.82,3.98,1000
8972,672.431,663.276,663.276,0.2864,9.155,75,-11.8,4.0,1000
8973,672.506,663.35,663.35,0.2878,9.157,75,-11.78,4.02,1000
8974,672.581,663.423,663.423,0.2893,9.158,75,-11.76,4.04,1000
8975,672.656,663.497,663.497,0.2908,9.16,75,-11.75,4.06,1000
8976,672.731,663.57,663.57,0.2923,9.161,75,-11.73,4.08,1000
8977,672.806,663.644,663.644,0.2938,9.163,75,-11.71,4.1,1000
8978,672.881,663.717,663.717,0.2953,9.164,75,-11.69,4.12,1000
8979,672.956,663.791,663.791,0.2968,9.166,75,-11.67,4.14,1000
8980,673.031,663.864,663.864,0.2983,9.167,75,-11.65,4.16,1000
8981,673.106,663.938,663.938,0.2998,9.169,75,-11.63,4.19,1000
8982,673.181,664.011,664.011,0.3013,9.17,75,-11.61,4.21,1000
8983,673.256,664.085,664.085,0.3028,9.172,75,-11.59,4.23,1000
8984,673.331,664.158,664.158,0.3043,9.173,75,-11.58,4.25,1000
8985,673.406,664.232,664.232,0.3058,9.175,75,-11.56,4.27,1000
8986,673.481,664.305,664.305,0.3074,9.176,75,-11.54,4.29,1000
8987,673.556,664.379,664.379,0.3089,9.178,75,-11.52,4.31,1000
8988,673.631,664.452,664.452,0.3104,9.179,75,-11.5,4.33,1000
8989,673.706,664.526,664.526,0.3119,9.181,75,-11.48,4.36,1000
8990,673.781,664.599,664.599,0.3135,9.182,75,-11.46,4.38,1000
8991,673.856,664.672,664.672,0.315,9.184,75,-11.44,4.4,1000
8992,673.931,664.746,664.746,0.3166,9.185,75,-11.42,4.42,1000
8993,674.006,664.819,664.819,0.3181,9.187,75,-11.4,4.44,1000
8994,674.081,664.893,664.893,0.3197,9.188,75,-11.38,4.46,1000
8995,674.156,664.966,664.966,0.3212,9.19,75,-11.36,4.49,1000
8996,674.231,665.04,665.04,0.3228,9.192,75,-11.34,4.51,1000
8997,674.306,665.113,665.113,0.3244,9.193,75,-11.32,4.53,1000
8998,674.381,665.187,665.187,0.3259,9.195,75,-11.3,4.55,1000
8999,674.456,665.26,665.26,0.3275,9.196,75,-11.28,4.57,1000
9000,674.531,665.333,665.333,0.3291,9.198,75,-11.26,4.59,1000
9001,674.606,665.407,665.407,0.3306,9.199,75,-11.24,4.62,1000
9002,674.681,665.48,665.48,0.3322,9.201,75,-11.23,4.64,1000
9003,674.756,665.554,665.554,0.3338,9.203,75,-11.21,4.66,1000
9004,674.831,665.627,665.627,0.3354,9.204,75,-11.19,4.68,1000
9005,674.906,665.701,665.701,0.337,9.206,75,-11.17,4.71,1000
9006,674.981,665.774,665.774,0.3386,9.207,75,-11.15,4.73,1000
9007,675.056,665.847,665.847,0.3402,9.209,75,-11.13,4.75,1000
9008,675.131,665.921,665.921,0.3418,9.211,75,-11.1,4.77,1000
9009,675.206,665.994,665.994,0.3434,9.212,75,-11.08,4.79,1000
9010,675.281,666.067,666.067,0.345,9.214,75,-11.06,4.82,1000
9011,675.356,666.141,666.141,0.3466,9.215,75,-11.04,4.84,1000
9012,675.431,666.214,666.214,0.3482,9.217,75,-11.02,4.86,1000
9013,675.506,666.288,666.288,0.3499,9.219,75,-11.0,4.88,1000
9014,675.581,666.361,666.361,0.3515,9.22,75,-10.98,4.91,1000
9015,675.656,666.434,666.434,0.3531,9.222,75,-10.96,4.93,1000
9016,675.731,666.508,666.508,0.3547,9.223,75,-10.94,4.95,1000
9017,675.806,666.581,666.581,0.3564,9.225,75,-10.92,4.98,1000
9018,675.881,666.654,666.654,0.358,9.227,75,-10.9,5.0,1000
9019,675.956,666.728,666.728,0.3597,9.228,75,-10.88,5.02,1000
9020,676.031,666.801,666.801,0.3613,9.23,75,-10.86,5.04,1000
9021,676.106,666.875,666.875,0.363,9.232,75,-10.84,5.07,1000
9022,676.181,666.948,666.948,0.3646,9.233,75,-10.82,5.09,1000
9023,676.256,667.021,667.021,0.3663,9.235,75,-10.8,5.11,1000
9024,676.331,667.095,667.095,0.3679,9.237,75,-10.78,5.14,1000
9025,676.406,667.168,667.168,0.3696,9.238,75,-10.76,5.16,1000
9026,676.481,667.241,667.241,0.3712,9.24,75,-10.73,5.18,1000
9027,676.556,667.315,667.315,0.3729,9.242,75,-10.71,5.21,1000
9028,676.631,667.388,667.388,0.3746,9.243,75,-10.69,5.23,1000
9029,676.706,667.461,667.461,0.3763,9.245,75,-10.67,5.25,1000
9030,676.781,667.535,667.535,0.3779,9.247,75,-10.65,5.28,1000
9031,676.856,667.608,667.608,0.3796,9.248,75,-10.63,5.3,1000
9032,676.931,667.681,667.681,0.3813,9.25,75,-10.61,5.32,1000
9033,677.006,667.754,667.754,0.383,9.252,75,-10.59,5.35,1000
9034,677.081,667.828,667.828,0.3847,9.253,75,-10.57,5.37,1000
9035,677.156,667.901,667.901,0.3864,9.255,75,-10.54,5.4,1000
9036,677.231,667.974,667.974,0.3881,9.257,75,-10.52,5.42,1000
9037,677.306,668.048,668.048,0.3898,9.259,75,-10.5,5.44,1000
9038,677.381,668.121,668.121,0.3915,9.26,75,-10.48,5.47,1000
9039,677.456,668.194,668.194,0.3932,9.262,75,-10.46,5.49,1000
9040,677.531,668.268,668.268,0.3949,9.264,75,-10.44,5.51,1000
9041,677.606,668.341,668.341,0.3966,9.265,75,-10.42,5.54,1000
9042,677.681,668.414,668.414,0.3984,9.267,75,-10.39,5.56,1000
9043,677.756,668.487,668.487,0.4001,9.269,75,-10.37,5.59,1000
9044,677.831,668.561,668.561,0.4018,9.271,75,-10.35,5.61,1000
9045,677.906,668.634,668.634,0.4035,9.272,75,-10.33,5.63,1000
9046,677.981,668.707,668.707,0.4053,9.274,75,-10.31,5.66,1000
9047,678.056,668.78,668.78,0.407,9.276,75,-10.29,5.68,1000
9048,678.131,668.854,668.854,0.4087,9.277,75,-10.26,5.71,1000
9049,678.206,668.927,668.927,0.4105,9.279,75,-10.24,5.73,1000
9050,678.281,669.0,669.0,0.4122,9.281,75,-10.22,5.76,1000
9051,678.356,669.074,669.074,0.414,9.283,75,-10.2,5.78,1000
9052,678.431,669.147,669.147,0.4157,9.284,75,-10.18,5.8,1000
9053,678.506,669.22,669.22,0.4175,9.286,75,-10.15,5.83,1000
9054,678.581,669.293,669.293,0.4193,9.288,75,-10.13,5.85,1000
9055,678.656,669.366,669.366,0.421,9.29,75,-10.11,5.88,1000
9056,678.731,669.44,669.44,0.4228,9.292,75,-10.09,5.9,1000
9057,678.806,669.513,669.513,0.4245,9.293,75,-10.06,5.93,1000
9058,678.881,669.586,669.586,0.4263,9.295,75,-10.04,5.95,1000
9059,678.956,669.659,669.659,0.4281,9.297,75,-10.02,5.98,1000
9060,679.031,669.733,669.733,0.4299,9.299,75,-10.0,6.0,1000
9061,679.106,669.806,669.806,0.4317,9.3,75,-9.98,6.03,1000
9062,679.181,669.879,669.879,0.4334,9.302,75,-9.95,6.05,1000
9063,679.256,669.952,669.952,0.4352,9.304,75,-9.93,6.08,1000
9064,679.331,670.025,670.025,0.437,9.306,75,-9.91,6.1,1000
9065,679.406,670.099,670.099,0.4388,9.308,75,-9.89,6.13,1000
9066,679.481,670.172,670.172,0.4406,9.309,75,-9.86,6.15,1000
9067,679.556,670.245,670.245,0.4424,9.311,75,-9.84,6.18,1000
9068,679.631,670.318,670.318,0.4442,9.313,75,-9.82,6.2,1000
9069,679.706,670.391,670.391,0.446,9.315,75,-9.8,6.23,1000
9070,679.781,670.465,670.465,0.4478,9.317,75,-9.77,6.25,1000
9071,679.856,670.538,670.538,0.4496,9.318,75,-9.75,6.28,1000
9072,679.931,670.611,670.611,0.4515,9.32,75,-9.73,6.3,1000
9073,680.006,670.684,670.684,0.4533,9.322,75,-9.7,6.33,1000
9074,680.081,670.757,670.757,0.4551,9.324,75,-9.68,6.35,1000
9075,680.156,670.831,670.831,0.4569,9.326,75,-9.66,6.38,1000
9076,680.231,670.904,670.904,0.4587,9.327,75,-9.64,6.41,1000
9077,680.306,670.977,670.977,0.4606,9.329,75,-9.61,6.43,1000
9078,680.381,671.05,671.05,0.4624,9.331,75,-9.59,6.46,1000
9079,680.456,671.123,671.123,0.4643,9.333,75,-9.57,6.48,1000
9080,680.531,671.196,671.196,0.4661,9.335,75,-9.54,6.51,1000
9081,680.606,671.27,671.27,0.4679,9.337,75,-9.52,6.53,1000
9082,680.681,671.343,671.343,0.4698,9.339,75,-9.5,6.56,1000
9083,680.756,671.416,671.416,0.4716,9.34,75,-9.47,6.59,1000
9084,680.831,671.489,671.489,0.4735,9.342,75,-9.45,6.61,1000
9085,680.906,671.562,671.562,0.4753,9.344,75,-9.43,6.64,1000
9086,680.981,671.635,671.635,0.4772,9.346,75,-9.4,6.66,1000
9087,681.056,671.708,671.708,0.4791,9.348,75,-9.38,6.69,1000
9088,681.131,671.782,671.782,0.4809,9.35,75,-9.36,6.71,1000
9089,681.206,671.855,671.855,0.4828,9.352,75,-9.33,6.74,1000
9090,681.281,671.928,671.928,0.4847,9.353,75,-9.31,6.77,1000
9091,681.356,672.001,672.001,0.4865,9.355,75,-9.29,6.79,1000
9092,681.431,672.074,672.074,0.4884,9.357,75,-9.26,6.82,1000
9093,681.506,672.147,672.147,0.4903,9.359,75,-9.24,6.85,1000
9094,681.581,672.22,672.22,0.4922,9.361,75,-9.22,6.87,1000
9095,681.656,672.293,672.293,0.4941,9.363,75,-9.19,6.9,1000
9096,681.731,672.367,672.367,0.4959,9.365,75,-9.17,6.92,1000
9097,681.806,672.44,672.44,0.4978,9.367,75,-9.14,6.95,1000
9098,681.881,672.513,672.513,0.4997,9.368,75,-9.12,6.98,1000
9099,681.956,672.586,672.586,0.5016,9.37,75,-9.1,7.0,1000
9100,682.031,672.659,672.659,0.5035,9.372,75,-9.07,7.03,1000
9101,682.106,672.732,672.732,0.5054,9.374,75,-9.05,7.06,1000
9102,682.181,672.805,672.805,0.5073,9.376,75,-9.02,7.08,1000
9103,682.256,672.878,672.878,0.5092,9.378,75,-9.0,7.11,1000
9104,682.331,672.951,672.951,0.5112,9.38,75,-8.98,7.14,1000
9105,682.406,673.024,673.024,0.5131,9.382,75,-8.95,7.16,1000
9106,682.481,673.098,673.098,0.515,9.384,75,-8.93,7.19,1000
9107,682.556,673.171,673.171,0.5169,9.386,75,-8.9,7.22,1000
9108,682.631,673.244,673.244,0.5188,9.388,75,-8.88,7.24,1000
9109,682.706,673.317,673.317,0.5208,9.39,75,-8.86,7.27,1000
9110,682.781,673.39,673.39,0.5227,9.391,75,-8.83,7.3,1000
9111,682.856,673.463,673.463,0.5246,9.393,75,-8.81,7.32,1000
9112,682.931,673.536,673.536,0.5265,9.395,75,-8.78,7.35,1000
9113,683.006,673.609,673.609,0.5285,9.397,75,-8.76,7.38,1000
9114,683.081,673.682,673.682,0.5304,9.399,75,-8.73,7.41,1000
9115,683.156,673.755,673.755,0.5324,9.401,75,-8.71,7.43,1000
9116,683.231,673.828,673.828,0.5343,9.403,75,-8.69,7.46,1000
9117,683.306,673.901,673.901,0.5363,9.405,75,-8.66,7.49,1000
9118,683.381,673.974,673.974,0.5382,9.407,75,-8.64,7.51,1000
9119,683.456,674.047,674.047,0.5402,9.409,75,-8.61,7.54,1000
9120,683.531,674.12,674.12,0.5421,9.411,75,-8.59,7.57,1000
9121,683.606,674.193,674.193,0.5441,9.413,75,-8.56,7.6,1000
9122,683.681,674.266,674.266,0.546,9.415,75,-8.54,7.62,1000
9123,683.756,674.339,674.339,0.548,9.417,75,-8.51,7.65,1000
9124,683.831,674.413,674.413,0.55,9.419,75,-8.49,7.68,1000
9125,683.906,674.486,674.486,0.5519,9.421,75,-8.46,7.71,1000
9126,683.981,674.559,674.559,0.5539,9.423,75,-8.44,7.73,1000
9127,684.056,674.632,674.632,0.5559,9.425,75,-8.41,7.76,1000
9128,684.131,674.705,674.705,0.5579,9.427,75,-8.39,7.79,1000
9129,684.206,674.778,674.778,0.5598,9.429,75,-8.36,7.82,1000
9130,684.281,674.851,674.851,0.5618,9.431,75,-8.34,7.84,1000
9131,684.356,674.924,674.924,0.5638,9.433,75,-8.31,7.87,1000
9132,684.431,674.997,674.997,0.5658,9.435,75,-8.29,7.9,1000
9133,684.506,675.07,675.07,0.5678,9.437,75,-8.26,7.93,1000
9134,684.581,675.143,675.143,0.5698,9.439,75,-8.24,7.96,1000
9135,684.656,675.216,675.216,0.5718,9.441,75,-8.21,7.98,1000
9136,684.731,675.289,675.289,0.5738,9.443,75,-8.19,8.01,1000
9137,684.806,675.362,675.362,0.5758,9.445,75,-8.16,8.04,1000
9138,684.881,675.435,675.435,0.5778,9.447,75,-8.14,8.07,1000
9139,684.956,675.508,675.508,0.5798,9.449,75,-8.11,8.1,1000
9140,685.031,675.581,675.581,0.5818,9.451,75,-8.09,8.12,1000
9141,685.106,675.654,675.654,0.5838,9.453,75,-8.06,8.15,1000
9142,685.181,675.727,675.727,0.5858,9.455,75,-8.04,8.18,1000
9143,685.256,675.8,675.8,0.5878,9.457,75,-8.01,8.21,1000
9144,685.331,675.873,675.873,0.5899,9.459,75,-7.99,8.24,1000
9145,685.406,675.946,675.946,0.5919,9.461,75,-7.96,8.26,1000
9146,685.481,676.019,676.019,0.5939,9.463,75,-7.94,8.29,1000
9147,685.556,676.092,676.092,0.5959,9.465,75,-7.91,8.32,1000
9148,685.631,676.165,676.165,0.598,9.467,75,-7.89,8.35,1000
9149,685.706,676.238,676.238,0.6,9.469,75,-7.86,8.38,1000
9150,685.781,676.31,676.31,0.602,9.471,75,-7.83,8.41,1000
9151,685.856,676.383,676.383,0.6041,9.473,75,-7.81,8.43,1000
9152,685.931,676.456,676.456,0.6061,9.475,75,-7.78,8.46,1000
9153,686.006,676.529,676.529,0.6082,9.477,75,-7.76,8.49,1000
9154,686.081,676.602,676.602,0.6102,9.479,75,-7.73,8.52,1000
9155,686.156,676.675,676.675,0.6122,9.481,75,-7.71,8.55,1000
9156,686.231,676.748,676.748,0.6143,9.483,75,-7.68,8.58,1000
9157,686.306,676.821,676.821,0.6163,9.485,75,-7.65,8.61,1000
9158,686.381,676.894,676.894,0.6184,9.487,75,-7.63,8.63,1000
9159,686.456,676.967,676.967,0.6205,9.489,75,-7.6,8.66,1000
9160,686.531,677.04,677.04,0.6225,9.491,75,-7.58,8.69,1000
9161,686.606,677.113,677.113,0.6246,9.493,75,-7.55,8.72,1000
9162,686.681,677.186,677.186,0.6266,9.495,75,-7.53,8.75,1000
9163,686.756,677.259,677.259,0.6287,9.497,75,-7.5,8.78,1000
9164,686.831,677.332,677.332,0.6308,9.5,75,-7.47,8.81,1000
9165,686.906,677.405,677.405,0.6328,9.502,75,-7.45,8.84,1000
9166,686.981,677.478,677.478,0.6349,9.504,75,-7.42,8.87,1000
9167,687.056,677.551,677.551,0.637,9.506,75,-7.4,8.89,1000
9168,687.131,677.623,677.623,0.6391,9.508,75,-7.37,8.92,1000
9169,687.206,677.696,677.696,0.6412,9.51,75,-7.34,8.95,1000
9170,687.281,677.769,677.769,0.6432,9.512,75,-7.32,8.98,1000
9171,687.356,677.842,677.842,0.6453,9.514,75,-7.29,9.01,1000
9172,687.431,677.915,677.915,0.6474,9.516,75,-7.26,9.04,1000
9173,687.506,677.988,677.988,0.6495,9.518,75,-7.24,9.07,1000
9174,687.581,678.061,678.061,0.6516,9.52,75,-7.21,9.1,1000
9175,687.656,678.134,678.134,0.6537,9.522,75,-7.19,9.13,1000
9176,687.731,678.207,678.207,0.6558,9.525,75,-7.16,9.16,1000
9177,687.806,678.28,678.28,0.6579,9.527,75,-7.13,9.19,1000
9178,687.881,678.353,678.353,0.66,9.529,75,-7.11,9.22,1000
9179,687.956,678.425,678.425,0.6621,9.531,75,-7.08,9.24,1000
9180,688.031,678.498,678.498,0.6642,9.533,75,-7.05,9.27,1000
9181,688.106,678.571,678.571,0.6663,9.535,75,-7.03,9.3,1000
9182,688.181,678.644,678.644,0.6684,9.537,75,-7.0,9.33,1000
9183,688.256,678.717,678.717,0.6705,9.539,75,-6.97,9.36,1000
9184,688.331,678.79,678.79,0.6726,9.541,75,-6.95,9.39,1000
9185,688.406,678.863,678.863,0.6748,9.544,75,-6.92,9.42,1000
9186,688.481,678.936,678.936,0.6769,9.546,75,-6.89,9.45,1000
9187,688.556,679.009,679.009,0.679,9.548,75,-6.87,9.48,1000
9188,688.631,679.081,679.081,0.6811,9.55,75,-6.84,9.51,1000
9189,688.706,679.154,679.154,0.6832,9.552,75,-6.81,9.54,1000
9190,688.781,679.227,679.227,0.6854,9.554,75,-6.79,9.57,1000
9191,688.856,679.3,679.3,0.6875,9.556,75,-6.76,9.6,1000
9192,688.931,679.373,679.373,0.6896,9.558,75,-6.73,9.63,1000
9193,689.006,679.446,679.446,0.6918,9.561,75,-6.71,9.66,1000
9194,689.081,679.519,679.519,0.6939,9.563,75,-6.68,9.69,1000
9195,689.156,679.591,679.591,0.696,9.565,75,-6.65,9.72,1000
9196,689.231,679.664,679.664,0.6982,9.567,75,-6.63,9.75,1000
9197,689.306,679.737,679.737,0.7003,9.569,75,-6.6,9.78,1000
9198,689.381,679.81,679.81,0.7025,9.571,75,-6.57,9.81,1000
9199,689.456,679.883,679.883,0.7046,9.573,75,-6.55,9.84,1000
9200,689.531,679.956,679.956,0.7068,9.576,75,-6.52,9.87,1000
9201,689.606,680.029,680.029,0.7089,9.578,75,-6.49,9.9,1000
9202,689.681,680.101,680.101,0.7111,9.58,75,-6.46,9.93,1000
9203,689.756,680.174,680.174,0.7132,9.582,75,-6.44,9.96,1000
9204,689.831,680.247,680.247,0.7154,9.584,75,-6.41,9.99,1000
9205,689.906,680.32,680.32,0.7175,9.586,75,-6.38,10.02,1000
9206,689.981,680.393,680.393,0.7197,9.588,75,-6.36,10.05,1000
9207,690.056,680.466,680.466,0.7219,9.591,75,-6.33,10.08,1000
9208,690.131,680.538,680.538,0.724,9.593,75,-6.3,10.11,1000
9209,690.206,680.611,680.611,0.7262,9.595,75,-6.27,10.14,1000
9210,690.281,680.684,680.684,0.7284,9.597,75,-6.25,10.17,1000
9211,690.356,680.757,680.757,0.7305,9.599,75,-6.22,10.2,1000
9212,690.431,680.83,680.83,0.7327,9.601,75,-6.19,10.23,1000
9213,690.506,680.903,680.903,0.7349,9.604,75,-6.17,10.26,1000
9214,690.581,680.975,680.975,0.7371,9.606,75,-6.14,10.29,1000
9215,690.656,681.048,681.048,0.7392,9.608,75,-6.11,10.32,1000
9216,690.731,681.121,681.121,0.7414,9.61,75,-6.08,10.35,1000
9217,690.806,681.194,681.194,0.7436,9.612,75,-6.06,10.38,1000
9218,690.881,681.267,681.267,0.7458,9.615,75,-6.03,10.41,1000
9219,690.956,681.34,681.34,0.748,9.617,75,-6.0,10.44,1000
9220,691.031,681.412,681.412,0.7502,9.619,75,-5.97,10.47,1000
9221,691.106,681.485,681.485,0.7524,9.621,75,-5.95,10.51,1000
9222,691.181,681.558,681.558,0.7546,9.623,75,-5.92,10.54,1000
9223,691.256,681.631,681.631,0.7568,9.626,75,-5.89,10.57,1000
9224,691.331,681.704,681.704,0.7589,9.628,75,-5.86,10.6,1000
9225,691.406,681.776,681.776,0.7611,9.63,75,-5.84,10.63,1000
9226,691.481,681.849,681.849,0.7633,9.632,75,-5.81,10.66,1000
9227,691.556,681.922,681.922,0.7655,9.634,75,-5.78,10.69,1000
9228,691.631,681.995,681.995,0.7678,9.637,75,-5.75,10.72,1000
9229,691.706,682.068,682.068,0.77,9.639,75,-5.72,10.75,1000
9230,691.781,682.14,682.14,0.7722,9.641,75,-5.7,10.78,1000
9231,691.856,682.213,682.213,0.7744,9.643,75,-5.67,10.81,1000
9232,691.931,682.286,682.286,0.7766,9.645,75,-5.64,10.84,1000
9233,692.006,682.359,682.359,0.7788,9.648,75,-5.61,10.87,1000
9234,692.081,682.431,682.431,0.781,9.65,75,-5.59,10.91,1000
9235,692.156,682.504,682.504,0.7832,9.652,75,-5.56,10.94,1000
9236,692.231,682.577,682.577,0.7854,9.654,75,-5.53,10.97,1000
9237,692.306,682.65,682.65,0.7877,9.656,75,-5.5,11.0,1000
9238,692.381,682.723,682.723,0.7899,9.659,75,-5.47,11.03,1000
9239,692.456,682.795,682.795,0.7921,9.661,75,-5.45,11.06,1000
9240,692.531,682.868,682.868,0.7943,9.663,75,-5.42,11.09,1000
9241,692.606,682.941,682.941,0.7966,9.665,75,-5.39,11.12,1000
9242,692.681,683.014,683.014,0.7988,9.668,75,-5.36,11.15,1000
9243,692.756,683.086,683.086,0.801,9.67,75,-5.33,11.18,1000
9244,692.831,683.159,683.159,0.8033,9.672,75,-5.31,11.22,1000
9245,692.906,683.232,683.232,0.8055,9.674,75,-5.28,11.25,1000
9246,692.981,683.305,683.305,0.8077,9.676,75,-5.25,11.28,1000
9247,693.056,683.378,683.378,0.81,9.679,75,-5.22,11.31,1000
9248,693.131,683.45,683.45,0.8122,9.681,75,-5.19,11.34,1000
9249,693.206,683.523,683.523,0.8144,9.683,75,-5.17,11.37,1000
9250,693.281,683.596,683.596,0.8167,9.685,75,-5.14,11.4,1000
9251,693.356,683.669,683.669,0.8189,9.688,75,-5.11,11.43,1000
9252,693.431,683.741,683.741,0.8212,9.69,75,-5.08,11.47,1000
9253,693.506,683.814,683.814,0.8234,9.692,75,-5.05,11.5,1000
9254,693.581,683.887,683.887,0.8257,9.694,75,-5.02,11.53,1000
9255,693.656,683.96,683.96,0.8279,9.697,75,-5.0,11.56,1000
9256,693.731,684.032,684.032,0.8302,9.699,75,-4.97,11.59,1000
9257,693.806,684.105,684.105,0.8324,9.701,75,-4.94,11.62,1000
9258,693.881,684.178,684.178,0.8347,9.703,75,-4.91,11.65,1000
9259,693.956,684.251,684.251,0.8369,9.706,75,-4.88,11.69,1000
9260,694.031,684.323,684.323,0.8392,9.708,75,-4.85,11.72,1000
9261,694.106,684.396,684.396,0.8415,9.71,75,-4.83,11.75,1000
9262,694.181,684.469,684.469,0.8437,9.712,75,-4.8,11.78,1000
9263,694.256,684.542,684.542,0.846,9.715,75,-4.77,11.81,1000
9264,694.331,684.614,684.614,0.8482,9.717,75,-4.74,11.84,1000
9265,694.406,684.687,684.687,0.8505,9.719,75,-4.71,11.88,1000
9266,694.481,684.76,684.76,0.8528,9.722,75,-4.68,11.91,1000
9267,694.556,684.832,684.832,0.855,9.724,75,-4.66,11.94,1000
9268,694.631,684.905,684.905,0.8573,9.726,75,-4.63,11.97,1000
9269,694.706,684.978,684.978,0.8596,9.728,75,-4.6,12.0,1000
9270,694.781,685.051,685.051,0.8619,9.731,75,-4.57,12.03,1000
9271,694.856,685.123,685.123,0.8641,9.733,75,-4.54,12.07,1000
9272,694.931,685.196,685.196,0.8664,9.735,75,-4.51,12.1,1000
9273,695.006,685.269,685.269,0.8687,9.737,75,-4.48,12.13,1000
9274,695.081,685.342,685.342,0.871,9.74,75,-4.46,12.16,1000
9275,695.156,685.414,685.414,0.8732,9.742,75,-4.43,12.19,1000
9276,695.231,685.487,685.487,0.8755,9.744,75,-4.4,12.22,1000
9277,695.306,685.56,685.56,0.8778,9.747,75,-4.37,12.26,1000
9278,695.381,685.632,685.632,0.8801,9.749,75,-4.34,12.29,1000
9279,695.456,685.705,685.705,0.8824,9.751,75,-4.31,12.32,1000
9280,695.531,685.778,685.778,0.8847,9.753,75,-4.28,12.35,1000
9281,695.606,685.851,685.851,0.887,9.756,75,-4.25,12.38,1000
9282,695.681,685.923,685.923,0.8892,9.758,75,-4.23,12.42,1000
9283,695.756,685.996,685.996,0.8915,9.76,75,-4.2,12.45,1000
9284,695.831,686.069,686.069,0.8938,9.763,75,-4.17,12.48,1000
9285,695.906,686.141,686.141,0.8961,9.765,75,-4.14,12.51,1000
9286,695.981,686.214,686.214,0.8984,9.767,75,-4.11,12.54,1000
9287,696.056,686.287,686.287,0.9007,9.769,75,-4.08,12.58,1000
9288,696.131,686.359,686.359,0.903,9.772,75,-4.05,12.61,1000
9289,696.206,686.432,686.432,0.9053,9.774,75,-4.02,12.64,1000
9290,696.281,686.505,686.505,0.9076,9.776,75,-3.99,12.67,1000
9291,696.356,686.578,686.578,0.9099,9.779,75,-3.97,12.7,1000
9292,696.431,686.65,686.65,0.9122,9.781,75,-3.94,12.74,1000
9293,696.506,686.723,686.723,0.9145,9.783,75,-3.91,12.77,1000
9294,696.581,686.796,686.796,0.9168,9.786,75,-3.88,12.8,1000
9295,696.656,686.868,686.868,0.9191,9.788,75,-3.85,12.83,1000
9296,696.731,686.941,686.941,0.9214,9.79,75,-3.82,12.87,1000
9297,696.806,687.014,687.014,0.9238,9.793,75,-3.79,12.9,1000
9298,696.881,687.086,687.086,0.9261,9.795,75,-3.76,12.93,1000
9299,696.956,687.159,687.159,0.9284,9.797,75,-3.73,12.96,1000
9300,697.031,687.232,687.232,0.9307,9.799,75,-3.7,12.99,1000
9301,697.106,687.304,687.304,0.933,9.802,75,-3.68,13.03,1000
9302,697.181,687.377,687.377,0.9353,9.804,75,-3.65,13.06,1000
9303,697.256,687.45,687.45,0.9376,9.806,75,-3.62,13.09,1000
9304,697.331,687.523,687.523,0.94,9.809,75,-3.59,13.12,1000
9305,697.406,687.595,687.595,0.9423,9.811,75,-3.56,13.16,1000
9306,697.481,687.668,687.668,0.9446,9.813,75,-3.53,13.19,1000
9307,697.556,687.741,687.741,0.9469,9.816,75,-3.5,13.22,1000
9308,697.631,687.813,687.813,0.9492,9.818,75,-3.47,13.25,1000
9309,697.706,687.886,687.886,0.9516,9.82,75,-3.44,13.29,1000
9310,697.781,687.959,687.959,0.9539,9.823,75,-3.41,13.32,1000
9311,697.856,688.031,688.031,0.9562,9.825,75,-3.38,13.35,1000
9312,697.931,688.104,688.104,0.9585,9.827,75,-3.35,13.38,1000
9313,698.006,688.177,688.177,0.9609,9.83,75,-3.33,13.42,1000
9314,698.081,688.249,688.249,0.9632,9.832,75,-3.3,13.45,1000
9315,698.156,688.322,688.322,0.9655,9.834,75,-3.27,13.48,1000
9316,698.231,688.395,688.395,0.9678,9.837,75,-3.24,13.51,1000
9317,698.306,688.467,688.467,0.9702,9.839,75,-3.21,13.55,1000
9318,698.381,688.54,688.54,0.9725,9.841,75,-3.18,13.58,1000
9319,698.456,688.613,688.613,0.9748,9.844,75,-3.15,13.61,1000
9320,698.531,688.685,688.685,0.9772,9.846,75,-3.12,13.64,1000
9321,698.606,688.758,688.758,0.9795,9.848,75,-3.09,13.68,1000
9322,698.681,688.831,688.831,0.9819,9.851,75,-3.06,13.71,1000
9323,698.756,688.903,688.903,0.9842,9.853,75,-3.03,13.74,1000
9324,698.831,688.976,688.976,0.9865,9.855,75,-3.0,13.77,1000
9325,698.906,689.049,689.049,0.9889,9.858,75,-2.97,13.81,1000
9326,698.981,689.121,689.121,0.9912,9.86,75,-2.94,13.84,1000
9327,699.056,689.194,689.194,0.9936,9.862,75,-2.91,13.87,1000
9328,699.131,689.267,689.267,0.9959,9.865,75,-2.89,13.91,1000
9329,699.206,689.339,689.339,0.9982,9.867,75,-2.86,13.94,1000
9330,699.281,689.412,689.412,1.0006,9.869,75,-2.83,13.97,1000
9331,699.356,689.485,689.485,1.0029,9.872,75,-2.8,14.0,1000
9332,699.431,689.557,689.557,1.0053,9.874,75,-2.77,14.04,1000
9333,699.506,689.63,689.63,1.0076,9.876,75,-2.74,14.07,1000
9334,699.581,689.703,689.703,1.01,9.879,75,-2.71,14.1,1000
9335,699.656,689.775,689.775,1.0123,9.881,75,-2.68,14.13,1000
9336,699.731,689.848,689.848,1.0147,9.883,75,-2.65,14.17,1000
9337,699.806,689.92,689.92,1.017,9.886,75,-2.62,14.2,1000
9338,699.881,689.993,689.993,1.0194,9.888,75,-2.59,14.23,1000
9339,699.956,690.066,690.066,1.0217,9.89,75,-2.56,14.27,1000
9340,700.031,690.138,690.138,1.0241,9.893,75,-2.53,14.3,1000
9341,700.106,690.211,690.211,1.0264,9.895,75,-2.5,14.33,1000
9342,700.181,690.284,690.284,1.0288,9.898,75,-2.47,14.36,1000
9343,700.256,690.356,690.356,1.0311,9.9,75,-2.44,14.4,1000
9344,700.331,690.429,690.429,1.0335,9.902,75,-2.41,14.43,1000
9345,700.406,690.502,690.502,1.0358,9.905,75,-2.38,14.46,1000
9346,700.481,690.574,690.574,1.0382,9.907,75,-2.35,14.5,1000
9347,700.556,690.647,690.647,1.0406,9.909,75,-2.32,14.53,1000
9348,700.631,690.72,690.72,1.0429,9.912,75,-2.29,14.56,1000
9349,700.706,690.792,690.792,1.0453,9.914,75,-2.26,14.59,1000
9350,700.781,690.865,690.865,1.0476,9.916,75,-2.23,14.63,1000
9351,700.856,690.938,690.938,1.05,9.919,75,-2.21,14.66,1000
9352,700.931,691.01,691.01,1.0524,9.921,75,-2.18,14.69,1000
9353,701.006,691.083,691.083,1.0547,9.923,75,-2.15,14.73,1000
9354,701.081,691.155,691.155,1.0571,9.926,75,-2.12,14.76,1000
9355,701.156,691.228,691.228,1.0595,9.928,75,-2.09,14.79,1000
9356,701.231,691.301,691.301,1.0618,9.931,75,-2.06,14.83,1000
9357,701.306,691.373,691.373,1.0642,9.933,75,-2.03,14.86,1000
9358,701.381,691.446,691.446,1.0665,9.935,75,-2.0,14.89,1000
9359,701.456,691.519,691.519,1.0689,9.938,75,-1.97,14.92,1000
9360,701.531,691.591,691.591,1.0713,9.94,75,-1.94,14.96,1000
9361,701.606,691.664,691.664,1.0736,9.942,75,-1.91,14.99,1000
9362,701.681,691.736,691.736,1.076,9.945,75,-1.88,15.02,1000
9363,701.756,691.809,691.809,1.0784,9.947,75,-1.85,15.06,1000
9364,701.831,691.882,691.882,1.0808,9.95,75,-1.82,15.09,1000
9365,701.906,691.954,691.954,1.0831,9.952,75,-1.79,15.12,1000
9366,701.981,692.027,692.027,1.0855,9.954,75,-1.76,15.16,1000
9367,702.056,692.1,692.1,1.0879,9.957,75,-1.73,15.19,1000
9368,702.131,692.172,692.172,1.0902,9.959,75,-1.7,15.22,1000
9369,702.206,692.245,692.245,1.0926,9.961,75,-1.67,15.26,1000
9370,702.281,692.318,692.318,1.095,9.964,75,-1.64,15.29,1000
9371,702.356,692.39,692.39,1.0974,9.966,75,-1.61,15.32,1000
9372,702.431,692.463,692.463,1.0997,9.968,75,-1.58,15.36,1000
9373,702.506,692.535,692.535,1.1021,9.971,75,-1.55,15.39,1000
9374,702.581,692.608,692.608,1.1045,9.973,75,-1.52,15.42,1000
9375,702.656,692.681,692.681,1.1069,9.976,75,-1.49,15.45,1000
9376,702.731,692.753,692.753,1.1092,9.978,75,-1.46,15.49,1000
9377,702.806,692.826,692.826,1.1116,9.98,75,-1.43,15.52,1000
9378,702.881,692.899,692.899,1.114,9.983,75,-1.4,15.55,1000
9379,702.956,692.971,692.971,1.1164,9.985,75,-1.37,15.59,1000
9380,703.031,693.044,693.044,1.1187,9.987,75,-1.34,15.62,1000
9381,703.106,693.116,693.116,1.1211,9.99,75,-1.31,15.65,1000
9382,703.181,693.189,693.189,1.1235,9.992,75,-1.28,15.69,1000
9383,703.256,693.262,693.262,1.1259,9.995,75,-1.25,15.72,1000
9384,703.331,693.334,693.334,1.1283,9.997,75,-1.22,15.75,1000
9385,703.406,693.407,693.407,1.1306,9.999,75,-1.19,15.79,1000
9386,703.481,693.479,693.479,1.133,10.002,75,-1.16,15.82,1000
9387,703.556,693.552,693.552,1.1354,10.004,75,-1.13,15.85,1000
9388,703.631,693.625,693.625,1.1378,10.007,75,-1.1,15.89,1000
9389,703.706,693.697,693.697,1.1402,10.009,75,-1.07,15.92,1000
9390,703.781,693.77,693.77,1.1425,10.011,75,-1.04,15.95,1000
9391,703.856,693.843,693.843,1.1449,10.014,75,-1.01,15.99,1000
9392,703.931,693.915,693.915,1.1473,10.016,75,-0.98,16.02,1000
9393,704.006,693.988,693.988,1.1497,10.018,75,-0.95,16.05,1000
9394,704.081,694.06,694.06,1.1521,10.021,75,-0.92,16.09,1000
9395,704.156,694.133,694.133,1.1544,10.023,75,-0.89,16.12,1000
9396,704.231,694.206,694.206,1.1568,10.026,75,-0.86,16.15,1000
9397,704.306,694.278,694.278,1.1592,10.028,75,-0.83,16.19,1000
9398,704.381,694.351,694.351,1.1616,10.03,75,-0.8,16.22,1000
9399,704.456,694.424,694.424,1.164,10.033,75,-0.77,16.25,1000
9400,704.531,694.496,694.496,1.1664,10.035,75,-0.74,16.29,1000
9401,704.606,694.569,694.569,1.1687,10.037,75,-0.71,16.32,1000
9402,704.681,694.641,694.641,1.1711,10.04,75,-0.68,16.35,1000
9403,704.756,694.714,694.714,1.1735,10.042,75,-0.65,16.39,1000
9404,704.831,694.787,694.787,1.1759,10.045,75,-0.62,16.42,1000
9405,704.906,694.859,694.859,1.1783,10.047,75,-0.59,16.45,1000
9406,704.981,694.932,694.932,1.1807,10.049,75,-0.56,16.49,1000
9407,705.056,695.004,695.004,1.1831,10.052,75,-0.53,16.52,1000
9408,705.131,695.077,695.077,1.1854,10.054,75,-0.5,16.55,1000
9409,705.206,695.15,695.15,1.1878,10.057,75,-0.47,16.59,1000
9410,705.281,695.222,695.222,1.1902,10.059,75,-0.44,16.62,1000
9411,705.356,695.295,695.295,1.1926,10.061,75,-0.41,16.65,1000
9412,705.431,695.368,695.368,1.195,10.064,75,-0.38,16.69,1000
9413,705.506,695.44,695.44,1.1974,10.066,75,-0.35,16.72,1000
9414,705.581,695.513,695.513,1.1998,10.069,75,-0.32,16.75,1000
9415,705.656,695.585,695.585,1.2022,10.071,75,-0.29,16.79,1000
9416,705.731,695.658,695.658,1.2045,10.073,75,-0.26,16.82,1000
9417,705.806,695.731,695.731,1.2069,10.076,75,-0.23,16.85,1000
9418,705.881,695.803,695.803,1.2093,10.078,75,-0.2,16.89,1000
9419,705.956,695.876,695.876,1.2117,10.08,75,-0.17,16.92,1000
9420,706.031,695.948,695.948,1.2141,10.083,75,-0.14,16.95,1000
9421,706.106,696.021,696.021,1.2165,10.085,75,-0.11,16.99,1000
9422,706.181,696.094,696.094,1.2189,10.088,75,-0.08,17.02,1000
9423,706.256,696.166,696.166,1.2212,10.09,75,-0.05,17.05,1000
9424,706.331,696.239,696.239,1.2236,10.092,75,-0.02,17.09,1000
9425,706.406,696.311,696.311,1.226,10.095,75,0.01,17.12,1000
9426,706.481,696.384,696.384,1.2284,10.097,75,0.04,17.15,1000
9427,706.556,696.457,696.457,1.2308,10.1,75,0.07,17.19,1000
9428,706.631,696.529,696.529,1.2332,10.102,75,0.1,17.22,1000
9429,706.706,696.602,696.602,1.2356,10.104,75,0.13,17.25,1000
9430,706.781,696.675,696.675,1.238,10.107,75,0.16,17.29,1000
9431,706.856,696.747,696.747,1.2403,10.109,75,0.19,17.32,1000
9432,706.931,696.82,696.82,1.2427,10.111,75,0.22,17.35,1000
9433,707.006,696.892,696.892,1.2451,10.114,75,0.25,17.39,1000
9434,707.081,696.965,696.965,1.2475,10.116,75,0.28,17.42,1000
9435,707.156,697.038,697.038,1.2499,10.119,75,0.31,17.45,1000
9436,707.231,697.11,697.11,1.2523,10.121,75,0.34,17.49,1000
9437,707.306,697.183,697.183,1.2547,10.123,75,0.37,17.52,1000
9438,707.381,697.255,697.255,1.2571,10.126,75,0.4,17.55,1000
9439,707.456,697.328,697.328,1.2594,10.128,75,0.43,17.59,1000
9440,707.531,697.401,697.401,1.2618,10.131,75,0.46,17.62,1000
9441,707.606,697.473,697.473,1.2642,10.133,75,0.49,17.65,1000
9442,707.681,697.546,697.546,1.2666,10.135,75,0.52,17.69,1000
9443,707.756,697.619,697.619,1.269,10.138,75,0.55,17.72,1000
9444,707.831,697.691,697.691,1.2714,10.14,75,0.58,17.75,1000
9445,707.906,697.764,697.764,1.2738,10.143,75,0.61,17.78,1000
9446,707.981,697.836,697.836,1.2761,10.145,75,0.64,17.82,1000
9447,708.056,697.909,697.909,1.2785,10.147,75,0.67,17.85,1000
9448,708.131,697.982,697.982,1.2809,10.15,75,0.7,17.88,1000
9449,708.206,698.054,698.054,1.2833,10.152,75,0.73,17.92,1000
9450,708.281,698.127,698.127,1.2857,10.154,75,0.76,17.95,1000
9451,708.356,698.199,698.199,1.2881,10.157,75,0.79,17.98,1000
9452,708.431,698.272,698.272,1.2904,10.159,75,0.82,18.02,1000
9453,708.506,698.345,698.345,1.2928,10.162,75,0.85,18.05,1000
9454,708.581,698.417,698.417,1.2952,10.164,75,0.88,18.08,1000
9455,708.656,698.49,698.49,1.2976,10.166,75,0.91,18.12,1000
9456,708.731,698.563,698.563,1.3,10.169,75,0.94,18.15,1000
9457,708.806,698.635,698.635,1.3024,10.171,75,0.97,18.18,1000
9458,708.881,698.708,698.708,1.3047,10.173,75,1.0,18.22,1000
9459,708.956,698.78,698.78,1.3071,10.176,75,1.03,18.25,1000
9460,709.031,698.853,698.853,1.3095,10.178,75,1.06,18.28,1000
9461,709.106,698.926,698.926,1.3119,10.181,75,1.09,18.32,1000
9462,709.181,698.998,698.998,1.3143,10.183,75,1.12,18.35,1000
9463,709.256,699.071,699.071,1.3167,10.185,75,1.15,18.38,1000
9464,709.331,699.143,699.143,1.319,10.188,75,1.18,18.42,1000
9465,709.406,699.216,699.216,1.3214,10.19,75,1.21,18.45,1000
9466,709.481,699.289,699.289,1.3238,10.193,75,1.24,18.48,1000
9467,709.556,699.361,699.361,1.3262,10.195,75,1.27,18.52,1000
9468,709.631,699.434,699.434,1.3285,10.197,75,1.3,18.55,1000
9469,709.706,699.507,699.507,1.3309,10.2,75,1.32,18.58,1000
9470,709.781,699.579,699.579,1.3333,10.202,75,1.35,18.62,1000
9471,709.856,699.652,699.652,1.3357,10.204,75,1.38,18.65,1000
9472,709.931,699.724,699.724,1.3381,10.207,75,1.41,18.68,1000
9473,710.006,699.797,699.797,1.3404,10.209,75,1.44,18.72,1000
9474,710.081,699.87,699.87,1.3428,10.212,75,1.47,18.75,1000
9475,710.156,699.942,699.942,1.3452,10.214,75,1.5,18.78,1000
9476,710.231,700.015,700.015,1.3476,10.216,75,1.53,18.82,1000
9477,710.306,700.088,700.088,1.3499,10.219,75,1.56,18.85,1000
9478,710.381,700.16,700.16,1.3523,10.221,75,1.59,18.88,1000
9479,710.456,700.233,700.233,1.3547,10.223,75,1.62,18.91,1000
9480,710.531,700.305,700.305,1.3571,10.226,75,1.65,18.95,1000
9481,710.606,700.378,700.378,1.3594,10.228,75,1.68,18.98,1000
9482,710.681,700.451,700.451,1.3618,10.231,75,1.71,19.01,1000
9483,710.756,700.523,700.523,1.3642,10.233,75,1.74,19.05,1000
9484,710.831,700.596,700.596,1.3665,10.235,75,1.77,19.08,1000
9485,710.906,700.669,700.669,1.3689,10.238,75,1.8,19.11,1000
9486,710.981,700.741,700.741,1.3713,10.24,75,1.83,19.15,1000
9487,711.056,700.814,700.814,1.3737,10.242,75,1.86,19.18,1000
9488,711.131,700.886,700.886,1.376,10.245,75,1.89,19.21,1000
9489,711.206,700.959,700.959,1.3784,10.247,75,1.92,19.25,1000
9490,711.281,701.032,701.032,1.3808,10.25,75,1.95,19.28,1000
9491,711.356,701.104,701.104,1.3831,10.252,75,1.98,19.31,1000
9492,711.431,701.177,701.177,1.3855,10.254,75,2.01,19.35,1000
9493,711.506,701.25,701.25,1.3879,10.257,75,2.04,19.38,1000
9494,711.581,701.322,701.322,1.3902,10.259,75,2.07,19.41,1000
9495,711.656,701.395,701.395,1.3926,10.261,75,2.1,19.44,1000
9496,711.731,701.468,701.468,1.3949,10.264,75,2.13,19.48,1000
9497,711.806,701.54,701.54,1.3973,10.266,75,2.16,19.51,1000
9498,711.881,701.613,701.613,1.3997,10.268,75,2.19,19.54,1000
9499,711.956,701.685,701.685,1.402,10.271,75,2.22,19.58,1000
9500,712.031,701.758,701.758,1.4044,10.273,75,2.25,19.61,1000
9501,712.106,701.831,701.831,1.4068,10.276,75,2.28,19.64,1000
9502,712.181,701.903,701.903,1.4091,10.278,75,2.31,19.67,1000
9503,712.256,701.976,701.976,1.4115,10.28,75,2.34,19.71,1000
9504,712.331,702.049,702.049,1.4138,10.283,75,2.37,19.74,1000
9505,712.406,702.121,702.121,1.4162,10.285,75,2.4,19.77,1000
9506,712.481,702.194,702.194,1.4185,10.287,75,2.43,19.81,1000
9507,712.556,702.267,702.267,1.4209,10.29,75,2.46,19.84,1000
9508,712.631,702.339,702.339,1.4233,10.292,75,2.49,19.87,1000
9509,712.706,702.412,702.412,1.4256,10.294,75,2.51,19.91,1000
9510,712.781,702.485,702.485,1.428,10.297,75,2.54,19.94,1000
9511,712.856,702.557,702.557,1.4303,10.299,75,2.57,19.97,1000
9512,712.931,702.63,702.63,1.4327,10.301,75,2.6,20.0,1000
9513,713.006,702.702,702.702,1.435,10.304,75,2.63,20.04,1000
9514,713.081,702.775,702.775,1.4374,10.306,75,2.66,20.07,1000
9515,713.156,702.848,702.848,1.4397,10.308,75,2.69,20.1,1000
9516,713.231,702.92,702.92,1.4421,10.311,75,2.72,20.14,1000
9517,713.306,702.993,702.993,1.4444,10.313,75,2.75,20.17,1000
9518,713.381,703.066,703.066,1.4468,10.316,75,2.78,20.2,1000
9519,713.456,703.138,703.138,1.4491,10.318,75,2.81,20.23,1000
9520,713.531,703.211,703.211,1.4514,10.32,75,2.84,20.27,1000
9521,713.606,703.284,703.284,1.4538,10.323,75,2.87,20.3,1000
9522,713.681,703.356,703.356,1.4561,10.325,75,2.9,20.33,1000
9523,713.756,703.429,703.429,1.4585,10.327,75,2.93,20.36,1000
9524,713.831,703.502,703.502,1.4608,10.33,75,2.96,20.4,1000
9525,713.906,703.574,703.574,1.4632,10.332,75,2.99,20.43,1000
9526,713.981,703.647,703.647,1.4655,10.334,75,3.02,20.46,1000
9527,714.056,703.72,703.72,1.4678,10.337,75,3.05,20.49,1000
9528,714.131,703.792,703.792,1.4702,10.339,75,3.07,20.53,1000
9529,714.206,703.865,703.865,1.4725,10.341,75,3.1,20.56,1000
9530,714.281,703.938,703.938,1.4748,10.344,75,3.13,20.59,1000
9531,714.356,704.01,704.01,1.4772,10.346,75,3.16,20.63,1000
9532,714.431,704.083,704.083,1.4795,10.348,75,3.19,20.66,1000
9533,714.506,704.156,704.156,1.4818,10.351,75,3.22,20.69,1000
9534,714.581,704.228,704.228,1.4842,10.353,75,3.25,20.72,1000
9535,714.656,704.301,704.301,1.4865,10.355,75,3.28,20.76,1000
9536,714.731,704.374,704.374,1.4888,10.358,75,3.31,20.79,1000
9537,714.806,704.446,704.446,1.4912,10.36,75,3.34,20.82,1000
9538,714.881,704.519,704.519,1.4935,10.362,75,3.37,20.85,1000
9539,714.956,704.592,704.592,1.4958,10.365,75,3.4,20.89,1000
9540,715.031,704.664,704.664,1.4981,10.367,75,3.43,20.92,1000
9541,715.106,704.737,704.737,1.5005,10.369,75,3.46,20.95,1000
9542,715.181,704.81,704.81,1.5028,10.372,75,3.48,20.98,1000
9543,715.256,704.882,704.882,1.5051,10.374,75,3.51,21.02,1000
9544,715.331,704.955,704.955,1.5074,10.376,75,3.54,21.05,1000
9545,715.406,705.028,705.028,1.5097,10.378,75,3.57,21.08,1000
9546,715.481,705.1,705.1,1.5121,10.381,75,3.6,21.11,1000
9547,715.556,705.173,705.173,1.5144,10.383,75,3.63,21.14,1000
9548,715.631,705.246,705.246,1.5167,10.385,75,3.66,21.18,1000
9549,715.706,705.318,705.318,1.519,10.388,75,3.69,21.21,1000
9550,715.781,705.391,705.391,1.5213,10.39,75,3.72,21.24,1000
9551,715.856,705.464,705.464,1.5236,10.392,75,3.75,21.27,1000
9552,715.931,705.537,705.537,1.5259,10.395,75,3.78,21.31,1000
9553,716.006,705.609,705.609,1.5283,10.397,75,3.8,21.34,1000
9554,716.081,705.682,705.682,1.5306,10.399,75,3.83,21.37,1000
9555,716.156,705.755,705.755,1.5329,10.402,75,3.86,21.4,1000
9556,716.231,705.827,705.827,1.5352,10.404,75,3.89,21.44,1000
9557,716.306,705.9,705.9,1.5375,10.406,75,3.92,21.47,1000
9558,716.381,705.973,705.973,1.5398,10.409,75,3.95,21.5,1000
9559,716.456,706.045,706.045,1.5421,10.411,75,3.98,21.53,1000
9560,716.531,706.118,706.118,1.5444,10.413,75,4.01,21.56,1000
9561,716.606,706.191,706.191,1.5467,10.415,75,4.04,21.6,1000
9562,716.681,706.264,706.264,1.549,10.418,75,4.07,21.63,1000
9563,716.756,706.336,706.336,1.5513,10.42,75,4.09,21.66,1000
9564,716.831,706.409,706.409,1.5536,10.422,75,4.12,21.69,1000
9565,716.906,706.482,706.482,1.5559,10.425,75,4.15,21.72,1000
9566,716.981,706.554,706.554,1.5582,10.427,75,4.18,21.76,1000
9567,717.056,706.627,706.627,1.5605,10.429,75,4.21,21.79,1000
9568,717.131,706.7,706.7,1.5628,10.432,75,4.24,21.82,1000
9569,717.206,706.772,706.772,1.565,10.434,75,4.27,21.85,1000
9570,717.281,706.845,706.845,1.5673,10.436,75,4.3,21.88,1000
9571,717.356,706.918,706.918,1.5696,10.438,75,4.32,21.92,1000
9572,717.431,706.991,706.991,1.5719,10.441,75,4.35,21.95,1000
9573,717.506,707.063,707.063,1.5742,10.443,75,4.38,21.98,1000
9574,717.581,707.136,707.136,1.5765,10.445,75,4.41,22.01,1000
9575,717.656,707.209,707.209,1.5788,10.448,75,4.44,22.04,1000
9576,717.731,707.281,707.281,1.581,10.45,75,4.47,22.08,1000
9577,717.806,707.354,707.354,1.5833,10.452,75,4.5,22.11,1000
9578,717.881,707.427,707.427,1.5856,10.454,75,4.53,22.14,1000
9579,717.956,707.5,707.5,1.5879,10.457,75,4.55,22.17,1000
9580,718.031,707.572,707.572,1.5901,10.459,75,4.58,22.2,1000
9581,718.106,707.645,707.645,1.5924,10.461,75,4.61,22.23,1000
9582,718.181,707.718,707.718,1.5947,10.463,75,4.64,22.27,1000
9583,718.256,707.791,707.791,1.5969,10.466,75,4.67,22.3,1000
9584,718.331,707.863,707.863,1.5992,10.468,75,4.7,22.33,1000
9585,718.406,707.936,707.936,1.6015,10.47,75,4.72,22.36,1000
9586,718.481,708.009,708.009,1.6037,10.472,75,4.75,22.39,1000
9587,718.556,708.081,708.081,1.606,10.475,75,4.78,22.42,1000
9588,718.631,708.154,708.154,1.6083,10.477,75,4.81,22.46,1000
9589,718.706,708.227,708.227,1.6105,10.479,75,4.84,22.49,1000
9590,718.781,708.3,708.3,1.6128,10.482,75,4.87,22.52,1000
9591,718.856,708.372,708.372,1.615,10.484,75,4.9,22.55,1000
9592,718.931,708.445,708.445,1.6173,10.486,75,4.92,22.58,1000
9593,719.006,708.518,708.518,1.6196,10.488,75,4.95,22.61,1000
9594,719.081,708.591,708.591,1.6218,10.491,75,4.98,22.64,1000
9595,719.156,708.663,708.663,1.6241,10.493,75,5.01,22.68,1000
9596,719.231,708.736,708.736,1.6263,10.495,75,5.04,22.71,1000
9597,719.306,708.809,708.809,1.6286,10.497,75,5.07,22.74,1000
9598,719.381,708.882,708.882,1.6308,10.5,75,5.09,22.77,1000
9599,719.456,708.954,708.954,1.6331,10.502,75,5.12,22.8,1000
9600,719.531,709.027,709.027,1.6353,10.504,75,5.15,22.83,1000
9601,719.603,709.105,709.105,1.6319,10.498,75,5.18,22.79,1000
9602,719.669,709.182,709.182,1.6294,10.487,75,5.21,22.75,1000
9603,719.729,709.259,709.259,1.6269,10.47,75,5.23,22.72,1000
9604,719.783,709.335,709.335,1.6243,10.448,75,5.26,22.68,1000
9605,719.831,709.411,709.411,1.6218,10.42,75,5.29,22.64,1000
9606,719.873,709.487,709.487,1.6192,10.386,75,5.32,22.61,1000
9607,719.909,709.562,709.562,1.6167,10.347,75,5.35,22.57,1000
9608,719.939,709.638,709.638,1.6141,10.302,75,5.37,22.54,1000
9609,719.963,709.712,709.712,1.6116,10.251,75,5.4,22.5,1000
9610,719.981,709.787,709.787,1.6091,10.194,75,5.43,22.47,1000
9611,719.993,709.861,709.861,1.6065,10.132,75,5.46,22.43,1000
9612,719.999,709.935,709.935,1.604,10.064,75,5.49,22.4,1000
9613,719.999,710.009,710.009,1.6014,9.99,75,5.51,22.36,1000
9613,720.0,710.082,710.082,1.5988,9.918,75,5.54,22.32,1000
9615,720.0,710.155,710.155,1.5963,9.845,75,5.57,22.29,1000
9616,720.0,710.228,710.228,1.5937,9.772,75,5.6,22.25,1000
9617,720.0,710.3,710.3,1.5912,9.7,75,5.63,22.22,1000
9618,720.0,710.373,710.373,1.5886,9.627,75,5.65,22.18,1000
9619,720.0,710.444,710.444,1.586,9.556,75,5.68,22.15,1000
9620,720.0,710.516,710.516,1.5835,9.484,75,5.71,22.11,1000
9620,720.0,710.587,710.587,1.5809,9.413,75,5.74,22.07,1000
9622,720.0,710.658,710.658,1.5783,9.342,75,5.76,22.04,1000
9623,720.0,710.729,710.729,1.5758,9.271,75,5.79,22.0,1000
9623,720.0,710.799,710.799,1.5732,9.201,75,5.82,21.97,1000
9625,720.0,710.869,710.869,1.5706,9.131,75,5.85,21.93,1000
9626,720.0,710.939,710.939,1.568,9.061,75,5.88,21.89,1000
9626,720.0,711.009,711.009,1.5655,8.991,75,5.9,21.86,1000
9628,720.0,711.078,711.078,1.5629,8.922,75,5.93,21.82,1000
9629,720.0,711.147,711.147,1.5603,8.853,75,5.96,21.79,1000
9629,720.0,711.215,711.215,1.5577,8.785,75,5.99,21.75,1000
9631,720.0,711.284,711.284,1.5551,8.716,75,6.01,21.71,1000
9632,720.0,711.352,711.352,1.5525,8.648,75,6.04,21.68,1000
9633,720.0,711.419,711.419,1.5499,8.581,75,6.07,21.64,1000
9634,720.0,711.487,711.487,1.5474,8.513,75,6.1,21.61,1000
9635,720.0,711.554,711.554,1.5448,8.446,75,6.12,21.57,1000
9636,720.0,711.621,711.621,1.5422,8.379,75,6.15,21.53,1000
9636,720.0,711.687,711.687,1.5396,8.313,75,6.18,21.5,1000
9638,720.0,711.753,711.753,1.537,8.247,75,6.2,21.46,1000
9639,720.0,711.819,711.819,1.5344,8.181,75,6.23,21.42,1000
9639,720.0,711.885,711.885,1.5318,8.115,75,6.26,21.39,1000
9641,720.0,711.95,711.95,1.5292,8.05,75,6.29,21.35,1000
9642,720.0,712.015,712.015,1.5265,7.985,75,6.31,21.31,1000
9642,720.0,712.08,712.08,1.5239,7.92,75,6.34,21.28,1000
9644,720.0,712.144,712.144,1.5213,7.856,75,6.37,21.24,1000
9645,720.0,712.208,712.208,1.5187,7.792,75,6.4,21.21,1000
9645,720.0,712.272,712.272,1.5161,7.728,75,6.42,21.17,1000
9647,720.0,712.336,712.336,1.5135,7.664,75,6.45,21.13,1000
9648,720.0,712.399,712.399,1.5109,7.601,75,6.48,21.1,1000
9649,720.0,712.462,712.462,1.5082,7.538,75,6.5,21.06,1000
9650,720.0,712.524,712.524,1.5056,7.476,75,6.53,21.02,1000
9651,720.0,712.587,712.587,1.503,7.413,75,6.56,20.99,1000
9652,720.0,712.649,712.649,1.5004,7.351,75,6.58,20.95,1000
9652,720.0,712.71,712.71,1.4977,7.29,75,6.61,20.91,1000
9654,720.0,712.772,712.772,1.4951,7.228,75,6.64,20.88,1000
9655,720.0,712.833,712.833,1.4925,7.167,75,6.67,20.84,1000
9655,720.0,712.894,712.894,1.4898,7.106,75,6.69,20.8,1000
9657,720.0,712.954,712.954,1.4872,7.046,75,6.72,20.76,1000
9658,720.0,713.015,713.015,1.4845,6.985,75,6.75,20.73,1000
9658,720.0,713.075,713.075,1.4819,6.925,75,6.77,20.69,1000
9660,720.0,713.134,713.134,1.4792,6.866,75,6.8,20.65,1000
9661,720.0,713.194,713.194,1.4766,6.806,75,6.83,20.62,1000
9661,720.0,713.253,713.253,1.4739,6.747,75,6.85,20.58,1000
9663,720.0,713.311,713.311,1.4713,6.689,75,6.88,20.54,1000
9664,720.0,713.37,713.37,1.4686,6.63,75,6.91,20.51,1000
9665,720.0,713.428,713.428,1.466,6.572,75,6.93,20.47,1000
9666,720.0,713.486,713.486,1.4633,6.514,75,6.96,20.43,1000
9667,720.0,713.543,713.543,1.4607,6.457,75,6.99,20.39,1000
9668,720.0,713.601,713.601,1.458,6.399,75,7.01,20.36,1000
9668,720.0,713.658,713.658,1.4553,6.342,75,7.04,20.32,1000
9670,720.0,713.714,713.714,1.4527,6.286,75,7.07,20.28,1000
9671,720.0,713.771,713.771,1.45,6.229,75,7.09,20.25,1000
9671,720.0,713.827,713.827,1.4473,6.173,75,7.12,20.21,1000
9673,720.0,713.883,713.883,1.4447,6.117,75,7.14,20.17,1000
9674,720.0,713.938,713.938,1.442,6.062,75,7.17,20.13,1000
9674,720.0,713.993,713.993,1.4393,6.007,75,7.2,20.1,1000
9676,720.0,714.048,714.048,1.4366,5.952,75,7.22,20.06,1000
9677,720.0,714.103,714.103,1.4339,5.897,75,7.25,20.02,1000
9677,720.0,714.157,714.157,1.4312,5.843,75,7.28,19.98,1000
9679,720.0,714.211,714.211,1.4286,5.789,75,7.3,19.95,1000
9680,720.0,714.265,714.265,1.4259,5.735,75,7.33,19.91,1000
9681,720.0,714.318,714.318,1.4232,5.682,75,7.35,19.87,1000
9682,720.0,714.371,714.371,1.4205,5.629,75,7.38,19.83,1000
9683,720.0,714.424,714.424,1.4178,5.576,75,7.41,19.8,1000
9684,720.0,714.476,714.476,1.4151,5.524,75,7.43,19.76,1000
9684,720.0,714.529,714.529,1.4124,5.471,75,7.46,19.72,1000
9686,720.0,714.581,714.581,1.4097,5.419,75,7.48,19.68,1000
9687,720.0,714.632,714.632,1.407,5.368,75,7.51,19.65,1000
9687,720.0,714.683,714.683,1.4043,5.317,75,7.54,19.61,1000
9689,720.0,714.734,714.734,1.4015,5.266,75,7.56,19.57,1000
9690,720.0,714.785,714.785,1.3988,5.215,75,7.59,19.53,1000
9690,720.0,714.836,714.836,1.3961,5.164,75,7.61,19.49,1000
9692,720.0,714.886,714.886,1.3934,5.114,75,7.64,19.46,1000
9693,720.0,714.936,714.936,1.3907,5.064,75,7.67,19.42,1000
9693,720.0,714.985,714.985,1.388,5.015,75,7.69,19.38,1000
9695,720.0,715.034,715.034,1.3852,4.966,75,7.72,19.34,1000
9696,720.0,715.083,715.083,1.3825,4.917,75,7.74,19.3,1000
9697,720.0,715.132,715.132,1.3798,4.868,75,7.77,19.27,1000
9698,720.0,715.18,715.18,1.377,4.82,75,7.79,19.23,1000
9699,720.0,715.228,715.228,1.3743,4.772,75,7.82,19.19,1000
9700,720.0,715.276,715.276,1.3716,4.724,75,7.85,19.15,1000
9700,720.0,715.323,715.323,1.3688,4.677,75,7.87,19.11,1000
9702,720.0,715.371,715.371,1.3661,4.629,75,7.9,19.07,1000
9703,720.0,715.417,715.417,1.3633,4.583,75,7.92,19.04,1000
9703,720.0,715.464,715.464,1.3606,4.536,75,7.95,19.0,1000
9705,720.0,715.51,715.51,1.3578,4.49,75,7.97,18.96,1000
9706,720.0,715.556,715.556,1.3551,4.444,75,8.0,18.92,1000
9706,720.0,715.602,715.602,1.3523,4.398,75,8.02,18.88,1000
9708,720.0,715.647,715.647,1.3496,4.353,75,8.05,18.84,1000
9709,720.0,715.692,715.692,1.3468,4.308,75,8.07,18.8,1000
9709,720.0,715.737,715.737,1.344,4.263,75,8.1,18.77,1000
9711,720.0,715.781,715.781,1.3413,4.219,75,8.13,18.73,1000
9712,720.0,715.826,715.826,1.3385,4.174,75,8.15,18.69,1000
9713,720.0,715.869,715.869,1.3357,4.131,75,8.18,18.65,1000
9714,720.0,715.913,715.913,1.333,4.087,75,8.2,18.61,1000
9715,720.0,715.956,715.956,1.3302,4.044,75,8.23,18.57,1000
9716,720.0,715.999,715.999,1.3274,4.001,75,8.25,18.53,1000
9716,720.0,716.042,716.042,1.3246,3.958,75,8.28,18.5,1000
9718,720.0,716.084,716.084,1.3218,3.916,75,8.3,18.46,1000
9719,720.0,716.126,716.126,1.319,3.874,75,8.33,18.42,1000
9719,720.0,716.168,716.168,1.3162,3.832,75,8.35,18.38,1000
9721,720.0,716.21,716.21,1.3135,3.79,75,8.38,18.34,1000
9722,720.0,716.251,716.251,1.3107,3.749,75,8.4,18.3,1000
9722,720.0,716.292,716.292,1.3079,3.708,75,8.43,18.26,1000
9724,720.0,716.332,716.332,1.3051,3.668,75,8.45,18.22,1000
9725,720.0,716.373,716.373,1.3023,3.627,75,8.48,18.18,1000
9726,720.0,716.413,716.413,1.2995,3.587,75,8.5,18.14,1000
9727,720.0,716.452,716.452,1.2966,3.548,75,8.52,18.1,1000
9728,720.0,716.492,716.492,1.2938,3.508,75,8.55,18.07,1000
9729,720.0,716.531,716.531,1.291,3.469,75,8.57,18.03,1000
9730,720.0,716.57,716.57,1.2882,3.43,75,8.6,17.99,1000
9731,720.0,716.608,716.608,1.2854,3.392,75,8.62,17.95,1000
9732,720.0,716.647,716.647,1.2826,3.353,75,8.65,17.91,1000
9732,720.0,716.684,716.684,1.2797,3.316,75,8.67,17.87,1000
9734,720.0,716.722,716.722,1.2769,3.278,75,8.7,17.83,1000
9735,720.0,716.759,716.759,1.2741,3.241,75,8.72,17.79,1000
9735,720.0,716.796,716.796,1.2712,3.204,75,8.75,17.75,1000
9737,720.0,716.833,716.833,1.2684,3.167,75,8.77,17.71,1000
9738,720.0,716.87,716.87,1.2656,3.13,75,8.79,17.67,1000
9738,720.0,716.906,716.906,1.2627,3.094,75,8.82,17.63,1000
9740,720.0,716.942,716.942,1.2599,3.058,75,8.84,17.59,1000
9741,720.0,716.977,716.977,1.257,3.023,75,8.87,17.55,1000
9742,720.0,717.012,717.012,1.2542,2.988,75,8.89,17.51,1000
9743,720.0,717.047,717.047,1.2513,2.953,75,8.92,17.47,1000
9744,720.0,717.082,717.082,1.2485,2.918,75,8.94,17.43,1000
9745,720.0,717.116,717.116,1.2456,2.884,75,8.96,17.39,1000
9745,720.0,717.15,717.15,1.2427,2.85,75,8.99,17.35,1000
9747,720.0,717.184,717.184,1.2399,2.816,75,9.01,17.31,1000
9748,720.0,717.218,717.218,1.237,2.782,75,9.04,17.27,1000
9748,720.0,717.251,717.251,1.2341,2.749,75,9.06,17.23,1000
9750,720.0,717.284,717.284,1.2313,2.716,75,9.08,17.19,1000
9751,720.0,717.316,717.316,1.2284,2.684,75,9.11,17.15,1000
9751,720.0,717.349,717.349,1.2255,2.651,75,9.13,17.11,1000
9753,720.0,717.381,717.381,1.2226,2.619,75,9.15,17.07,1000
9754,720.0,717.412,717.412,1.2198,2.588,75,9.18,17.03,1000
9754,720.0,717.444,717.444,1.2169,2.556,75,9.2,16.99,1000
9756,720.0,717.475,717.475,1.214,2.525,75,9.23,16.95,1000
9757,720.0,717.506,717.506,1.2111,2.494,75,9.25,16.91,1000
9758,720.0,717.536,717.536,1.2082,2.464,75,9.27,16.87,1000
9759,720.0,717.566,717.566,1.2053,2.434,75,9.3,16.83,1000
9760,720.0,717.596,717.596,1.2024,2.404,75,9.32,16.79,1000
9761,720.0,717.626,717.626,1.1995,2.374,75,9.34,16.75,1000
9761,720.0,717.655,717.655,1.1966,2.345,75,9.37,16.71,1000
9763,720.0,717.684,717.684,1.1937,2.316,75,9.39,16.67,1000
9764,720.0,717.713,717.713,1.1907,2.287,75,9.41,16.63,1000
9764,720.0,717.741,717.741,1.1878,2.259,75,9.44,16.59,1000
9766,720.0,717.769,717.769,1.1849,2.231,75,9.46,16.54,1000
9767,720.0,717.797,717.797,1.182,2.203,75,9.48,16.5,1000
9767,720.0,717.825,717.825,1.1791,2.175,75,9.51,16.46,1000
9769,720.0,717.852,717.852,1.1761,2.148,75,9.53,16.42,1000
9770,720.0,717.879,717.879,1.1732,2.121,75,9.55,16.38,1000
9770,720.0,717.905,717.905,1.1703,2.095,75,9.58,16.34,1000
9772,720.0,717.932,717.932,1.1673,2.068,75,9.6,16.3,1000
9773,720.0,717.958,717.958,1.1644,2.042,75,9.62,16.26,1000
9774,720.0,717.984,717.984,1.1614,2.016,75,9.65,16.22,1000
9775,720.0,718.009,718.009,1.1585,1.991,75,9.67,16.18,1000
9776,720.0,718.034,718.034,1.1555,1.966,75,9.69,16.13,1000
9777,720.0,718.059,718.059,1.1526,1.941,75,9.71,16.09,1000
9777,720.0,718.084,718.084,1.1496,1.916,75,9.74,16.05,1000
9779,720.0,718.108,718.108,1.1467,1.892,75,9.76,16.01,1000
9780,720.0,718.132,718.132,1.1437,1.868,75,9.78,15.97,1000
9780,720.0,718.155,718.155,1.1407,1.845,75,9.81,15.93,1000
9782,720.0,718.179,718.179,1.1378,1.821,75,9.83,15.89,1000
9783,720.0,718.202,718.202,1.1348,1.798,75,9.85,15.84,1000
9783,720.0,718.225,718.225,1.1318,1.775,75,9.87,15.8,1000
9785,720.0,718.247,718.247,1.1288,1.753,75,9.9,15.76,1000
9786,720.0,718.269,718.269,1.1258,1.731,75,9.92,15.72,1000
9786,720.0,718.291,718.291,1.1229,1.709,75,9.94,15.68,1000
9788,720.0,718.313,718.313,1.1199,1.687,75,9.96,15.64,1000
9789,720.0,718.334,718.334,1.1169,1.666,75,9.99,15.59,1000
9790,720.0,718.355,718.355,1.1139,1.645,75,10.01,15.55,1000
9791,720.0,718.376,718.376,1.1109,1.624,75,10.03,15.51,1000
9792,720.0,718.396,718.396,1.1079,1.604,75,10.05,15.47,1000
9793,720.0,718.416,718.416,1.1049,1.584,75,10.07,15.43,1000
9793,720.0,718.436,718.436,1.1019,1.564,75,10.1,15.39,1000
9795,720.0,718.456,718.456,1.0989,1.544,75,10.12,15.34,1000
9796,720.0,718.475,718.475,1.0959,1.525,75,10.14,15.3,1000
9796,720.0,718.494,718.494,1.0928,1.506,75,10.16,15.26,1000
9798,720.0,718.512,718.512,1.0898,1.488,75,10.19,15.22,1000
9799,720.0,718.531,718.531,1.0868,1.469,75,10.21,15.17,1000
9799,720.0,718.549,718.549,1.0838,1.451,75,10.23,15.13,1000
9801,720.0,718.566,718.566,1.0807,1.434,75,10.25,15.09,1000
9802,720.0,718.584,718.584,1.0777,1.416,75,10.27,15.05,1000
9802,720.0,718.601,718.601,1.0747,1.399,75,10.3,15.01,1000
9804,720.0,718.618,718.618,1.0716,1.382,75,10.32,14.96,1000
9805,720.0,718.634,718.634,1.0686,1.366,75,10.34,14.92,1000
9806,720.0,718.651,718.651,1.0655,1.349,75,10.36,14.88,1000
9807,720.0,718.667,718.667,1.0625,1.333,75,10.38,14.84,1000
9808,720.0,718.682,718.682,1.0594,1.318,75,10.4,14.79,1000
9809,720.0,718.698,718.698,1.0564,1.302,75,10.43,14.75,1000
9809,720.0,718.713,718.713,1.0533,1.287,75,10.45,14.71,1000
9811,720.0,718.727,718.727,1.0503,1.273,75,10.47,14.66,1000
9812,720.0,718.742,718.742,1.0472,1.258,75,10.49,14.62,1000
9812,720.0,718.756,718.756,1.0441,1.244,75,10.51,14.58,1000
9814,720.0,718.77,718.77,1.041,1.23,75,10.53,14.54,1000
9815,720.0,718.784,718.784,1.038,1.216,75,10.55,14.49,1000
9815,720.0,718.797,718.797,1.0349,1.203,75,10.58,14.45,1000
9817,720.0,718.81,718.81,1.0318,1.19,75,10.6,14.41,1000
9818,720.0,718.822,718.822,1.0287,1.178,75,10.62,14.36,1000
9818,720.0,718.835,718.835,1.0256,1.165,75,10.64,14.32,1000
9820,720.0,718.847,718.847,1.0225,1.153,75,10.66,14.28,1000
9821,720.0,718.859,718.859,1.0194,1.141,75,10.68,14.23,1000
9822,720.0,718.87,718.87,1.0163,1.13,75,10.7,14.19,1000
9823,720.0,718.881,718.881,1.0132,1.119,75,10.72,14.15,1000
9824,720.0,718.892,718.892,1.0101,1.108,75,10.74,14.1,1000
9825,720.0,718.903,718.903,1.007,1.097,75,10.76,14.06,1000
9825,720.0,718.913,718.913,1.0039,1.087,75,10.79,14.02,1000
9827,720.0,718.923,718.923,1.0008,1.077,75,10.81,13.97,1000
9828,720.0,718.933,718.933,0.9977,1.067,75,10.83,13.93,1000
9828,720.0,718.942,718.942,0.9945,1.058,75,10.85,13.89,1000
9830,720.0,718.952,718.952,0.9914,1.048,75,10.87,13.84,1000
9831,720.0,718.96,718.96,0.9883,1.04,75,10.89,13.8,1000
9831,720.0,718.969,718.969,0.9851,1.031,75,10.91,13.76,1000
9833,720.0,718.977,718.977,0.982,1.023,75,10.93,13.71,1000
9834,720.0,718.985,718.985,0.9789,1.015,75,10.95,13.67,1000
9834,720.0,718.993,718.993,0.9757,1.007,75,10.97,13.62,1000
9836,720.0,719.0,719.0,0.9726,1.0,75,10.99,13.58,1000
9837,720.0,719.007,719.007,0.9694,0.993,75,11.01,13.54,1000
9838,720.0,719.014,719.014,0.9663,0.986,75,11.03,13.49,1000
9839,720.0,719.02,719.02,0.9631,0.98,75,11.05,13.45,1000
9840,720.0,719.027,719.027,0.9599,0.973,75,11.07,13.4,1000
9841,720.0,719.032,719.032,0.9568,0.968,75,11.09,13.36,1000
9841,720.0,719.038,719.038,0.9536,0.962,75,11.11,13.31,1000
9843,720.0,719.043,719.043,0.9504,0.957,75,11.13,13.27,1000
9844,720.0,719.048,719.048,0.9473,0.952,75,11.15,13.23,1000
9844,720.0,719.053,719.053,0.9441,0.947,75,11.17,13.18,1000
9846,720.0,719.057,719.057,0.9409,0.943,75,11.19,13.14,1000
9847,720.0,719.061,719.061,0.9377,0.939,75,11.21,13.09,1000
9847,720.0,719.065,719.065,0.9345,0.935,75,11.23,13.05,1000
9849,720.0,719.069,719.069,0.9313,0.931,75,11.25,13.0,1000
9850,720.0,719.072,719.072,0.9281,0.928,75,11.27,12.96,1000
9851,720.0,719.101,719.101,0.8987,0.899,75,11.29,12.55,1000
9852,720.0,719.1,719.1,0.9003,0.9,75,11.31,12.57,1000
9853,720.0,719.098,719.098,0.9018,0.902,75,11.33,12.59,1000
9854,720.0,719.097,719.097,0.9034,0.903,75,11.35,12.61,1000
9855,720.0,719.095,719.095,0.905,0.905,75,11.37,12.64,1000
9856,720.0,719.093,719.093,0.9065,0.907,75,11.39,12.66,1000
9857,720.0,719.092,719.092,0.9081,0.908,75,11.41,12.68,1000
9857,720.0,719.09,719.09,0.9096,0.91,75,11.43,12.7,1000
9859,720.0,719.089,719.089,0.9112,0.911,75,11.45,12.72,1000
9860,720.0,719.087,719.087,0.9127,0.913,75,11.47,12.74,1000
9860,720.0,719.086,719.086,0.9142,0.914,75,11.49,12.77,1000
9862,720.0,719.084,719.084,0.9158,0.916,75,11.51,12.79,1000
9863,720.0,719.083,719.083,0.9173,0.917,75,11.53,12.81,1000
9863,720.0,719.081,719.081,0.9188,0.919,75,11.55,12.83,1000
9865,720.0,719.08,719.08,0.9203,0.92,75,11.57,12.85,1000
9866,720.0,719.078,719.078,0.9219,0.922,75,11.58,12.87,1000
9867,720.0,719.077,719.077,0.9234,0.923,75,11.6,12.89,1000
9868,720.0,719.075,719.075,0.9249,0.925,75,11.62,12.91,1000
9869,720.0,719.074,719.074,0.9264,0.926,75,11.64,12.93,1000
9870,720.0,719.072,719.072,0.9279,0.928,75,11.66,12.96,1000
9870,720.0,719.071,719.071,0.9294,0.929,75,11.68,12.98,1000
9872,720.0,719.069,719.069,0.9309,0.931,75,11.7,13.0,1000
9873,720.0,719.068,719.068,0.9324,0.932,75,11.72,13.02,1000
9873,720.0,719.066,719.066,0.9339,0.934,75,11.74,13.04,1000
9875,720.0,719.065,719.065,0.9354,0.935,75,11.75,13.06,1000
9876,720.0,719.063,719.063,0.9368,0.937,75,11.77,13.08,1000
9876,720.0,719.062,719.062,0.9383,0.938,75,11.79,13.1,1000
9878,720.0,719.06,719.06,0.9398,0.94,75,11.81,13.12,1000
9879,720.0,719.059,719.059,0.9413,0.941,75,11.83,13.14,1000
9879,720.0,719.057,719.057,0.9427,0.943,75,11.85,13.16,1000
9881,720.0,719.056,719.056,0.9442,0.944,75,11.87,13.18,1000
9882,720.0,719.054,719.054,0.9456,0.946,75,11.88,13.2,1000
9883,720.0,719.053,719.053,0.9471,0.947,75,11.9,13.22,1000
9884,720.0,719.051,719.051,0.9486,0.949,75,11.92,13.24,1000
9885,720.0,719.05,719.05,0.95,0.95,75,11.94,13.26,1000
9886,720.0,719.049,719.049,0.9514,0.951,75,11.96,13.28,1000
9887,720.0,719.047,719.047,0.9529,0.953,75,11.97,13.3,1000
9888,720.0,719.046,719.046,0.9543,0.954,75,11.99,13.32,1000
9889,720.0,719.044,719.044,0.9558,0.956,75,12.01,13.34,1000
9889,720.0,719.043,719.043,0.9572,0.957,75,12.03,13.36,1000
9891,720.0,719.041,719.041,0.9586,0.959,75,12.05,13.38,1000
9892,720.0,719.04,719.04,0.96,0.96,75,12.06,13.4,1000
9892,720.0,719.039,719.039,0.9614,0.961,75,12.08,13.42,1000
9894,720.0,719.037,719.037,0.9629,0.963,75,12.1,13.44,1000
9895,720.0,719.036,719.036,0.9643,0.964,75,12.12,13.46,1000
9895,720.0,719.034,719.034,0.9657,0.966,75,12.13,13.48,1000
9897,720.0,719.033,719.033,0.9671,0.967,75,12.15,13.5,1000
9898,720.0,719.032,719.032,0.9685,0.968,75,12.17,13.52,1000
9899,720.0,719.03,719.03,0.9699,0.97,75,12.19,13.54,1000
9900,720.0,719.029,719.029,0.9713,0.971,75,12.21,13.56,1000
9901,720.0,719.027,719.027,0.9726,0.973,75,12.22,13.58,1000
9902,720.0,719.026,719.026,0.974,0.974,75,12.24,13.6,1000
9902,720.0,719.025,719.025,0.9754,0.975,75,12.26,13.62,1000
9904,720.0,719.023,719.023,0.9768,0.977,75,12.27,13.64,1000
9905,720.0,719.022,719.022,0.9781,0.978,75,12.29,13.66,1000
9905,720.0,719.02,719.02,0.9795,0.98,75,12.31,13.68,1000
9907,720.0,719.019,719.019,0.9809,0.981,75,12.33,13.7,1000
9908,720.0,719.018,719.018,0.9822,0.982,75,12.34,13.71,1000
9908,720.0,719.016,719.016,0.9836,0.984,75,12.36,13.73,1000
9910,720.0,719.015,719.015,0.9849,0.985,75,12.38,13.75,1000
9911,720.0,719.014,719.014,0.9863,0.986,75,12.39,13.77,1000
9911,720.0,719.012,719.012,0.9876,0.988,75,12.41,13.79,1000
9913,720.0,719.011,719.011,0.989,0.989,75,12.43,13.81,1000
9914,720.0,719.01,719.01,0.9903,0.99,75,12.44,13.83,1000
9915,720.0,719.008,719.008,0.9916,0.992,75,12.46,13.85,1000
9916,720.0,719.007,719.007,0.993,0.993,75,12.48,13.86,1000
9917,720.0,719.006,719.006,0.9943,0.994,75,12.49,13.88,1000
9918,720.0,719.004,719.004,0.9956,0.996,75,12.51,13.9,1000
9918,720.0,719.003,719.003,0.9969,0.997,75,12.53,13.92,1000
9920,720.0,719.002,719.002,0.9982,0.998,75,12.54,13.94,1000
9921,720.0,719.0,719.0,0.9995,1.0,75,12.56,13.96,1000
9921,720.0,718.999,718.999,1.0008,1.001,75,12.58,13.97,1000
9923,720.0,718.998,718.998,1.0021,1.002,75,12.59,13.99,1000
9924,720.0,718.997,718.997,1.0034,1.003,75,12.61,14.01,1000
9924,720.0,718.995,718.995,1.0047,1.005,75,12.63,14.03,1000
9926,720.0,718.994,718.994,1.006,1.006,75,12.64,14.05,1000
9927,720.0,718.993,718.993,1.0073,1.007,75,12.66,14.06,1000
9927,720.0,718.991,718.991,1.0086,1.009,75,12.67,14.08,1000
9929,720.0,718.99,718.99,1.0098,1.01,75,12.69,14.1,1000
9930,720.0,718.989,718.989,1.0111,1.011,75,12.71,14.12,1000
9931,720.0,718.988,718.988,1.0124,1.012,75,12.72,14.14,1000
9932,720.0,718.986,718.986,1.0136,1.014,75,12.74,14.15,1000
9933,720.0,718.985,718.985,1.0149,1.015,75,12.75,14.17,1000
9934,720.0,718.984,718.984,1.0162,1.016,75,12.77,14.19,1000
9934,720.0,718.983,718.983,1.0174,1.017,75,12.79,14.21,1000
9936,720.0,718.981,718.981,1.0187,1.019,75,12.8,14.22,1000
9937,720.0,718.98,718.98,1.0199,1.02,75,12.82,14.24,1000
9937,720.0,718.979,718.979,1.0211,1.021,75,12.83,14.26,1000
9939,720.0,718.978,718.978,1.0224,1.022,75,12.85,14.27,1000
9940,720.0,718.976,718.976,1.0236,1.024,75,12.86,14.29,1000
9940,720.0,718.975,718.975,1.0248,1.025,75,12.88,14.31,1000
9942,720.0,718.974,718.974,1.026,1.026,75,12.89,14.33,1000
9943,720.0,718.973,718.973,1.0273,1.027,75,12.91,14.34,1000
9943,720.0,718.972,718.972,1.0285,1.028,75,12.92,14.36,1000
9945,720.0,718.97,718.97,1.0297,1.03,75,12.94,14.38,1000
9946,720.0,718.969,718.969,1.0309,1.031,75,12.95,14.39,1000
9947,720.0,718.968,718.968,1.0321,1.032,75,12.97,14.41,1000
9948,720.0,718.967,718.967,1.0333,1.033,75,12.98,14.43,1000
9949,720.0,718.966,718.966,1.0345,1.034,75,13.0,14.44,1000
9950,720.0,718.964,718.964,1.0357,1.036,75,13.01,14.46,1000
9950,720.0,718.963,718.963,1.0369,1.037,75,13.03,14.48,1000
9952,720.0,718.962,718.962,1.038,1.038,75,13.04,14.49,1000
9953,720.0,718.961,718.961,1.0392,1.039,75,13.06,14.51,1000
9953,720.0,718.96,718.96,1.0404,1.04,75,13.07,14.53,1000
9955,720.0,718.958,718.958,1.0416,1.042,75,13.09,14.54,1000
9956,720.0,718.957,718.957,1.0427,1.043,75,13.1,14.56,1000
9956,720.0,718.956,718.956,1.0439,1.044,75,13.12,14.58,1000
9958,720.0,718.955,718.955,1.045,1.045,75,13.13,14.59,1000
9959,720.0,718.954,718.954,1.0462,1.046,75,13.15,14.61,1000
9959,720.0,718.953,718.953,1.0473,1.047,75,13.16,14.62,1000
9961,720.0,718.952,718.952,1.0485,1.048,75,13.18,14.64,1000
9962,720.0,718.95,718.95,1.0496,1.05,75,13.19,14.66,1000
9963,720.0,718.949,718.949,1.0508,1.051,75,13.2,14.67,1000
9964,720.0,718.948,718.948,1.0519,1.052,75,13.22,14.69,1000
9965,720.0,718.947,718.947,1.053,1.053,75,13.23,14.7,1000
9966,720.0,718.946,718.946,1.0541,1.054,75,13.25,14.72,1000
9966,720.0,718.945,718.945,1.0552,1.055,75,13.26,14.73,1000
9968,720.0,718.944,718.944,1.0564,1.056,75,13.27,14.75,1000
9969,720.0,718.943,718.943,1.0575,1.057,75,13.29,14.77,1000
9969,720.0,718.941,718.941,1.0586,1.059,75,13.3,14.78,1000
9971,720.0,718.94,718.94,1.0597,1.06,75,13.32,14.8,1000
9972,720.0,718.939,718.939,1.0608,1.061,75,13.33,14.81,1000
9972,720.0,718.938,718.938,1.0619,1.062,75,13.34,14.83,1000
9974,720.0,718.937,718.937,1.063,1.063,75,13.36,14.84,1000
9975,720.0,718.936,718.936,1.064,1.064,75,13.37,14.86,1000
9976,720.0,718.935,718.935,1.0651,1.065,75,13.38,14.87,1000
9977,720.0,718.934,718.934,1.0662,1.066,75,13.4,14.89,1000
9978,720.0,718.933,718.933,1.0673,1.067,75,13.41,14.9,1000
9979,720.0,718.932,718.932,1.0683,1.068,75,13.43,14.92,1000
9980,720.0,718.931,718.931,1.0694,1.069,75,13.44,14.93,1000
9981,720.0,718.93,718.93,1.0705,1.07,75,13.45,14.95,1000
9982,720.0,718.928,718.928,1.0715,1.072,75,13.46,14.96,1000
9982,720.0,718.927,718.927,1.0726,1.073,75,13.48,14.98,1000
9984,720.0,718.926,718.926,1.0736,1.074,75,13.49,14.99,1000
9985,720.0,718.925,718.925,1.0746,1.075,75,13.5,15.0,1000
9985,720.0,718.924,718.924,1.0757,1.076,75,13.52,15.02,1000
9987,720.0,718.923,718.923,1.0767,1.077,75,13.53,15.03,1000
9988,720.0,718.922,718.922,1.0777,1.078,75,13.54,15.05,1000
9988,720.0,718.921,718.921,1.0788,1.079,75,13.56,15.06,1000
9990,720.0,718.92,718.92,1.0798,1.08,75,13.57,15.08,1000
9991,720.0,718.919,718.919,1.0808,1.081,75,13.58,15.09,1000
9992,720.0,718.918,718.918,1.0818,1.082,75,13.59,15.1,1000
9993,720.0,718.917,718.917,1.0828,1.083,75,13.61,15.12,1000
9994,720.0,718.916,718.916,1.0838,1.084,75,13.62,15.13,1000
9995,720.0,718.915,718.915,1.0848,1.085,75,13.63,15.15,1000
9995,720.0,718.914,718.914,1.0858,1.086,75,13.64,15.16,1000
9997,720.0,718.913,718.913,1.0868,1.087,75,13.66,15.17,1000
9998,720.0,718.912,718.912,1.0878,1.088,75,13.67,15.19,1000
9998,720.0,718.911,718.911,1.0888,1.089,75,13.68,15.2,1000
10000,720.0,718.91,718.91,1.0897,1.09,75,13.69,15.22,1000
10001,720.0,718.909,718.909,1.0907,1.091,75,13.71,15.23,1000
10001,720.0,718.908,718.908,1.0917,1.092,75,13.72,15.24,1000
10003,720.0,718.907,718.907,1.0927,1.093,75,13.73,15.26,1000
10004,720.0,718.906,718.906,1.0936,1.094,75,13.74,15.27,1000
10004,720.0,718.905,718.905,1.0946,1.095,75,13.75,15.28,1000
10006,720.0,718.904,718.904,1.0955,1.096,75,13.77,15.3,1000
10007,720.0,718.904,718.904,1.0965,1.096,75,13.78,15.31,1000
10008,720.0,718.903,718.903,1.0974,1.097,75,13.79,15.32,1000
10009,720.0,718.902,718.902,1.0983,1.098,75,13.8,15.34,1000
10010,720.0,718.901,718.901,1.0993,1.099,75,13.81,15.35,1000
10011,720.0,718.9,718.9,1.1002,1.1,75,13.83,15.36,1000
10012,720.0,718.899,718.899,1.1011,1.101,75,13.84,15.37,1000
10013,720.0,718.898,718.898,1.102,1.102,75,13.85,15.39,1000
10014,720.0,718.897,718.897,1.103,1.103,75,13.86,15.4,1000
10014,720.0,718.896,718.896,1.1039,1.104,75,13.87,15.41,1000
10016,720.0,718.895,718.895,1.1048,1.105,75,13.88,15.43,1000
10017,720.0,718.894,718.894,1.1057,1.106,75,13.89,15.44,1000
10017,720.0,718.893,718.893,1.1066,1.107,75,13.91,15.45,1000
10019,720.0,718.893,718.893,1.1075,1.107,75,13.92,15.46,1000
10020,720.0,718.892,718.892,1.1084,1.108,75,13.93,15.48,1000
10020,720.0,718.891,718.891,1.1092,1.109,75,13.94,15.49,1000
10022,720.0,718.89,718.89,1.1101,1.11,75,13.95,15.5,1000
10023,720.0,718.889,718.889,1.111,1.111,75,13.96,15.51,1000
10024,720.0,718.888,718.888,1.1119,1.112,75,13.97,15.52,1000
10025,720.0,718.887,718.887,1.1127,1.113,75,13.98,15.54,1000
10026,720.0,718.886,718.886,1.1136,1.114,75,13.99,15.55,1000
10027,720.0,718.886,718.886,1.1145,1.114,75,14.0,15.56,1000
10027,720.0,718.885,718.885,1.1153,1.115,75,14.02,15.57,1000
10029,720.0,718.884,718.884,1.1162,1.116,75,14.03,15.58,1000
10030,720.0,718.883,718.883,1.117,1.117,75,14.04,15.6,1000
10030,720.0,718.882,718.882,1.1178,1.118,75,14.05,15.61,1000
10032,720.0,718.881,718.881,1.1187,1.119,75,14.06,15.62,1000
10033,720.0,718.88,718.88,1.1195,1.12,75,14.07,15.63,1000
10033,720.0,718.88,718.88,1.1203,1.12,75,14.08,15.64,1000
10035,720.0,718.879,718.879,1.1211,1.121,75,14.09,15.65,1000
10036,720.0,718.878,718.878,1.122,1.122,75,14.1,15.67,1000
10036,720.0,718.877,718.877,1.1228,1.123,75,14.11,15.68,1000
10038,720.0,718.876,718.876,1.1236,1.124,75,14.12,15.69,1000
10039,720.0,718.876,718.876,1.1244,1.124,75,14.13,15.7,1000
10040,720.0,718.875,718.875,1.1252,1.125,75,14.14,15.71,1000
10041,720.0,718.874,718.874,1.126,1.126,75,14.15,15.72,1000
10042,720.0,718.873,718.873,1.1268,1.127,75,14.16,15.73,1000
10043,720.0,718.872,718.872,1.1276,1.128,75,14.17,15.74,1000
10043,720.0,718.872,718.872,1.1283,1.128,75,14.18,15.75,1000
10045,720.0,718.871,718.871,1.1291,1.129,75,14.19,15.77,1000
10046,720.0,718.87,718.87,1.1299,1.13,75,14.2,15.78,1000
10046,720.0,718.869,718.869,1.1307,1.131,75,14.21,15.79,1000
10048,720.0,718.869,718.869,1.1314,1.131,75,14.22,15.8,1000
10049,720.0,718.868,718.868,1.1322,1.132,75,14.23,15.81,1000
10049,720.0,718.867,718.867,1.1329,1.133,75,14.24,15.82,1000
10051,720.0,718.866,718.866,1.1337,1.134,75,14.25,15.83,1000
10052,720.0,718.866,718.866,1.1344,1.134,75,14.26,15.84,1000
10052,720.0,718.865,718.865,1.1352,1.135,75,14.26,15.85,1000
10054,720.0,718.864,718.864,1.1359,1.136,75,14.27,15.86,1000
10055,720.0,718.863,718.863,1.1366,1.137,75,14.28,15.87,1000
10056,720.0,718.863,718.863,1.1374,1.137,75,14.29,15.88,1000
10057,720.0,718.862,718.862,1.1381,1.138,75,14.3,15.89,1000
10058,720.0,718.861,718.861,1.1388,1.139,75,14.31,15.9,1000
10059,720.0,718.86,718.86,1.1395,1.14,75,14.32,15.91,1000
10059,720.0,718.86,718.86,1.1402,1.14,75,14.33,15.92,1000
10061,720.0,718.859,718.859,1.1409,1.141,75,14.34,15.93,1000
10062,720.0,718.858,718.858,1.1416,1.142,75,14.35,15.94,1000
10062,720.0,718.858,718.858,1.1423,1.142,75,14.35,15.95,1000
10064,720.0,718.857,718.857,1.143,1.143,75,14.36,15.96,1000
10065,720.0,718.856,718.856,1.1437,1.144,75,14.37,15.97,1000
10065,720.0,718.856,718.856,1.1444,1.144,75,14.38,15.98,1000
10067,720.0,718.855,718.855,1.1451,1.145,75,14.39,15.99,1000
10068,720.0,718.854,718.854,1.1457,1.146,75,14.4,16.0,1000
10068,720.0,718.854,718.854,1.1464,1.146,75,14.41,16.01,1000
10070,720.0,718.853,718.853,1.1471,1.147,75,14.41,16.02,1000
10071,720.0,718.852,718.852,1.1477,1.148,75,14.42,16.03,1000
10072,720.0,718.852,718.852,1.1484,1.148,75,14.43,16.03,1000
10073,720.0,718.851,718.851,1.149,1.149,75,14.44,16.04,1000
10074,720.0,718.85,718.85,1.1497,1.15,75,14.45,16.05,1000
10075,720.0,718.85,718.85,1.1503,1.15,75,14.46,16.06,1000
10075,720.0,718.849,718.849,1.1509,1.151,75,14.46,16.07,1000
10077,720.0,718.848,718.848,1.1516,1.152,75,14.47,16.08,1000
10078,720.0,718.848,718.848,1.1522,1.152,75,14.48,16.09,1000
10078,720.0,718.847,718.847,1.1528,1.153,75,14.49,16.1,1000
10080,720.0,718.847,718.847,1.1534,1.153,75,14.49,16.1,1000
10081,720.0,718.846,718.846,1.154,1.154,75,14.5,16.11,1000
10081,720.0,718.845,718.845,1.1547,1.155,75,14.51,16.12,1000
10083,720.0,718.845,718.845,1.1553,1.155,75,14.52,16.13,1000
10084,720.0,718.844,718.844,1.1559,1.156,75,14.52,16.14,1000
10084,720.0,718.844,718.844,1.1564,1.156,75,14.53,16.15,1000
10086,720.0,718.843,718.843,1.157,1.157,75,14.54,16.16,1000
10087,720.0,718.842,718.842,1.1576,1.158,75,14.55,16.16,1000
10088,720.0,718.842,718.842,1.1582,1.158,75,14.55,16.17,1000
10089,720.0,718.841,718.841,1.1588,1.159,75,14.56,16.18,1000
10090,720.0,718.841,718.841,1.1593,1.159,75,14.57,16.19,1000
10091,720.0,718.84,718.84,1.1599,1.16,75,14.58,16.2,1000
10091,720.0,718.84,718.84,1.1605,1.16,75,14.58,16.2,1000
10093,720.0,718.839,718.839,1.161,1.161,75,14.59,16.21,1000
10094,720.0,718.838,718.838,1.1616,1.162,75,14.6,16.22,1000
10094,720.0,718.838,718.838,1.1621,1.162,75,14.6,16.23,1000
10096,720.0,718.837,718.837,1.1627,1.163,75,14.61,16.23,1000
10097,720.0,718.837,718.837,1.1632,1.163,75,14.62,16.24,1000
10097,720.0,718.836,718.836,1.1637,1.164,75,14.62,16.25,1000
10099,720.0,718.836,718.836,1.1643,1.164,75,14.63,16.26,1000
10100,720.0,718.835,718.835,1.1648,1.165,75,14.64,16.26,1000
10101,720.0,718.835,718.835,1.1653,1.165,75,14.64,16.27,1000
10102,720.0,718.834,718.834,1.1658,1.166,75,14.65,16.28,1000
10103,720.0,718.834,718.834,1.1663,1.166,75,14.66,16.29,1000
10104,720.0,718.833,718.833,1.1668,1.167,75,14.66,16.29,1000
10105,720.0,718.833,718.833,1.1674,1.167,75,14.67,16.3,1000
10106,720.0,718.832,718.832,1.1678,1.168,75,14.68,16.31,1000
10107,720.0,718.832,718.832,1.1683,1.168,75,14.68,16.31,1000
10107,720.0,718.831,718.831,1.1688,1.169,75,14.69,16.32,1000
10109,720.0,718.831,718.831,1.1693,1.169,75,14.69,16.33,1000
10110,720.0,718.83,718.83,1.1698,1.17,75,14.7,16.33,1000
10110,720.0,718.83,718.83,1.1703,1.17,75,14.71,16.34,1000
10112,720.0,718.829,718.829,1.1707,1.171,75,14.71,16.35,1000
10113,720.0,718.829,718.829,1.1712,1.171,75,14.72,16.35,1000
10113,720.0,718.828,718.828,1.1716,1.172,75,14.72,16.36,1000
10115,720.0,718.828,718.828,1.1721,1.172,75,14.73,16.37,1000
10116,720.0,718.827,718.827,1.1726,1.173,75,14.73,16.37,1000
10117,720.0,718.827,718.827,1.173,1.173,75,14.74,16.38,1000
10118,720.0,718.827,718.827,1.1734,1.173,75,14.75,16.38,1000
10119,720.0,718.826,718.826,1.1739,1.174,75,14.75,16.39,1000
10120,720.0,718.826,718.826,1.1743,1.174,75,14.76,16.4,1000
10120,720.0,718.825,718.825,1.1747,1.175,75,14.76,16.4,1000
10122,720.0,718.825,718.825,1.1751,1.175,75,14.77,16.41,1000
10123,720.0,718.824,718.824,1.1756,1.176,75,14.77,16.41,1000
10123,720.0,718.824,718.824,1.176,1.176,75,14.78,16.42,1000
10125,720.0,718.824,718.824,1.1764,1.176,75,14.78,16.43,1000
10126,720.0,718.823,718.823,1.1768,1.177,75,14.79,16.43,1000
10126,720.0,718.823,718.823,1.1772,1.177,75,14.79,16.44,1000
10128,720.0,718.822,718.822,1.1776,1.178,75,14.8,16.44,1000
10129,720.0,718.822,718.822,1.178,1.178,75,14.8,16.45,1000
10129,720.0,718.822,718.822,1.1783,1.178,75,14.81,16.45,1000
10131,720.0,718.821,718.821,1.1787,1.179,75,14.81,16.46,1000
10132,720.0,718.821,718.821,1.1791,1.179,75,14.82,16.46,1000
10133,720.0,718.821,718.821,1.1795,1.179,75,14.82,16.47,1000
10134,720.0,718.82,718.82,1.1798,1.18,75,14.83,16.47,1000
10135,720.0,718.82,718.82,1.1802,1.18,75,14.83,16.48,1000
10136,720.0,718.819,718.819,1.1806,1.181,75,14.84,16.48,1000
10137,720.0,718.819,718.819,1.1809,1.181,75,14.84,16.49,1000
10138,720.0,718.819,718.819,1.1812,1.181,75,14.84,16.49,1000
10139,720.0,718.818,718.818,1.1816,1.182,75,14.85,16.5,1000
10139,720.0,718.818,718.818,1.1819,1.182,75,14.85,16.5,1000
10141,720.0,718.818,718.818,1.1823,1.182,75,14.86,16.51,1000
10142,720.0,718.817,718.817,1.1826,1.183,75,14.86,16.51,1000
10142,720.0,718.817,718.817,1.1829,1.183,75,14.86,16.52,1000
10144,720.0,718.817,718.817,1.1832,1.183,75,14.87,16.52,1000
10145,720.0,718.816,718.816,1.1835,1.184,75,14.87,16.53,1000
10145,720.0,718.816,718.816,1.1838,1.184,75,14.88,16.53,1000
10147,720.0,718.816,718.816,1.1841,1.184,75,14.88,16.53,1000
10148,720.0,718.816,718.816,1.1844,1.184,75,14.88,16.54,1000
10149,720.0,718.815,718.815,1.1847,1.185,75,14.89,16.54,1000
10150,720.0,718.815,718.815,1.185,1.185,75,14.89,16.55,1000
10151,720.0,718.815,718.815,1.1853,1.185,75,14.9,16.55,1000
10152,720.0,718.814,718.814,1.1856,1.186,75,14.9,16.55,1000
10152,720.0,718.814,718.814,1.1859,1.186,75,14.9,16.56,1000
10154,720.0,718.814,718.814,1.1861,1.186,75,14.91,16.56,1000
10155,720.0,718.814,718.814,1.1864,1.186,75,14.91,16.57,1000
10155,720.0,718.813,718.813,1.1867,1.187,75,14.91,16.57,1000
10157,720.0,718.813,718.813,1.1869,1.187,75,14.92,16.57,1000
10158,720.0,718.813,718.813,1.1872,1.187,75,14.92,16.58,1000
10158,720.0,718.813,718.813,1.1874,1.187,75,14.92,16.58,1000
10160,720.0,718.812,718.812,1.1877,1.188,75,14.92,16.58,1000
10161,720.0,718.812,718.812,1.1879,1.188,75,14.93,16.59,1000
10161,720.0,718.812,718.812,1.1881,1.188,75,14.93,16.59,1000
10163,720.0,718.812,718.812,1.1884,1.188,75,14.93,16.59,1000
10164,720.0,718.811,718.811,1.1886,1.189,75,14.94,16.6,1000
10165,720.0,718.811,718.811,1.1888,1.189,75,14.94,16.6,1000
10166,720.0,718.811,718.811,1.189,1.189,75,14.94,16.6,1000
10167,720.0,718.811,718.811,1.1892,1.189,75,14.94,16.6,1000
10168,720.0,718.811,718.811,1.1894,1.189,75,14.95,16.61,1000
10169,720.0,718.81,718.81,1.1896,1.19,75,14.95,16.61,1000
10170,720.0,718.81,718.81,1.1898,1.19,75,14.95,16.61,1000
10171,720.0,718.81,718.81,1.19,1.19,75,14.95,16.62,1000
10171,720.0,718.81,718.81,1.1902,1.19,75,14.96,16.62,1000
10173,720.0,718.81,718.81,1.1904,1.19,75,14.96,16.62,1000
10174,720.0,718.809,718.809,1.1905,1.191,75,14.96,16.62,1000
10174,720.0,718.809,718.809,1.1907,1.191,75,14.96,16.63,1000
10176,720.0,718.809,718.809,1.1909,1.191,75,14.96,16.63,1000
10177,720.0,718.809,718.809,1.191,1.191,75,14.97,16.63,1000
10177,720.0,718.809,718.809,1.1912,1.191,75,14.97,16.63,1000
10179,720.0,718.809,718.809,1.1913,1.191,75,14.97,16.63,1000
10180,720.0,718.809,718.809,1.1915,1.191,75,14.97,16.64,1000
10181,720.0,718.808,718.808,1.1916,1.192,75,14.97,16.64,1000
10182,720.0,718.808,718.808,1.1918,1.192,75,14.98,16.64,1000
10183,720.0,718.808,718.808,1.1919,1.192,75,14.98,16.64,1000
10184,720.0,718.808,718.808,1.192,1.192,75,14.98,16.64,1000
10184,720.0,718.808,718.808,1.1921,1.192,75,14.98,16.65,1000
10186,720.0,718.808,718.808,1.1923,1.192,75,14.98,16.65,1000
10187,720.0,718.808,718.808,1.1924,1.192,75,14.98,16.65,1000
10187,720.0,718.808,718.808,1.1925,1.192,75,14.99,16.65,1000
10189,720.0,718.807,718.807,1.1926,1.193,75,14.99,16.65,1000
10190,720.0,718.807,718.807,1.1927,1.193,75,14.99,16.65,1000
10190,720.0,718.807,718.807,1.1928,1.193,75,14.99,16.65,1000
10192,720.0,718.807,718.807,1.1929,1.193,75,14.99,16.66,1000
10193,720.0,718.807,718.807,1.193,1.193,75,14.99,16.66,1000
10193,720.0,718.807,718.807,1.193,1.193,75,14.99,16.66,1000
10195,720.0,718.807,718.807,1.1931,1.193,75,14.99,16.66,1000
10196,720.0,718.807,718.807,1.1932,1.193,75,14.99,16.66,1000
10197,720.0,718.807,718.807,1.1932,1.193,75,14.99,16.66,1000
10198,720.0,718.807,718.807,1.1933,1.193,75,15.0,16.66,1000
10199,720.0,718.807,718.807,1.1934,1.193,75,15.0,16.66,1000
10200,720.0,718.807,718.807,1.1934,1.193,75,15.0,16.66,1000
10200,720.0,718.807,718.807,1.1935,1.193,75,15.0,16.66,1000
10202,720.0,718.806,718.806,1.1935,1.194,75,15.0,16.66,1000
10203,720.0,718.806,718.806,1.1935,1.194,75,15.0,16.66,1000
10203,720.0,718.806,718.806,1.1936,1.194,75,15.0,16.67,1000
10205,720.0,718.806,718.806,1.1936,1.194,75,15.0,16.67,1000
10206,720.0,718.806,718.806,1.1936,1.194,75,15.0,16.67,1000
10206,720.0,718.806,718.806,1.1936,1.194,75,15.0,16.67,1000
10208,720.0,718.806,718.806,1.1937,1.194,75,15.0,16.67,1000
10209,720.0,718.806,718.806,1.1937,1.194,75,15.0,16.67,1000
10209,720.0,718.806,718.806,1.1937,1.194,75,15.0,16.67,1000
10211,720.0,718.806,718.806,1.1937,1.194,75,15.0,16.67,1000
10212,720.0,718.806,718.806,1.1937,1.194,75,15.0,16.67,1000
10213,720.0,718.806,718.806,1.1936,1.194,75,15.0,16.67,1000
10213,720.0,718.806,718.806,1.1936,1.194,75,15.0,16.67,1000
10215,720.0,718.806,718.806,1.1936,1.194,75,15.0,16.67,1000
10216,720.0,718.806,718.806,1.1936,1.194,75,15.0,16.67,1000
10216,720.0,718.806,718.806,1.1936,1.194,75,15.0,16.67,1000
10218,720.0,718.806,718.806,1.1935,1.194,75,15.0,16.66,1000
10219,720.0,718.807,718.807,1.1935,1.193,75,15.0,16.66,1000
10219,720.0,718.807,718.807,1.1934,1.193,75,15.0,16.66,1000
10221,720.0,718.807,718.807,1.1934,1.193,75,15.0,16.66,1000
10222,720.0,718.807,718.807,1.1933,1.193,75,15.0,16.66,1000
10222,720.0,718.807,718.807,1.1933,1.193,75,15.0,16.66,1000
10224,720.0,718.807,718.807,1.1932,1.193,75,14.99,16.66,1000
10225,720.0,718.807,718.807,1.1931,1.193,75,14.99,16.66,1000
10226,720.0,718.807,718.807,1.1931,1.193,75,14.99,16.66,1000
10227,720.0,718.807,718.807,1.193,1.193,75,14.99,16.66,1000
10228,720.0,718.807,718.807,1.1929,1.193,75,14.99,16.66,1000
10229,720.0,718.807,718.807,1.1928,1.193,75,14.99,16.65,1000
10230,720.0,718.807,718.807,1.1927,1.193,75,14.99,16.65,1000
10231,720.0,718.807,718.807,1.1926,1.193,75,14.99,16.65,1000
10232,720.0,718.807,718.807,1.1925,1.193,75,14.99,16.65,1000
10232,720.0,718.808,718.808,1.1924,1.192,75,14.98,16.65,1000
10234,720.0,718.808,718.808,1.1923,1.192,75,14.98,16.65,1000
10235,720.0,718.808,718.808,1.1922,1.192,75,14.98,16.65,1000
10235,720.0,718.808,718.808,1.1921,1.192,75,14.98,16.64,1000
10237,720.0,718.808,718.808,1.1919,1.192,75,14.98,16.64,1000
10238,720.0,718.808,718.808,1.1918,1.192,75,14.98,16.64,1000
10238,720.0,718.808,718.808,1.1917,1.192,75,14.98,16.64,1000
10240,720.0,718.808,718.808,1.1915,1.192,75,14.97,16.64,1000
10241,720.0,718.809,718.809,1.1914,1.191,75,14.97,16.64,1000
10242,720.0,718.809,718.809,1.1912,1.191,75,14.97,16.63,1000
10243,720.0,718.809,718.809,1.1911,1.191,75,14.97,16.63,1000
10244,720.0,718.809,718.809,1.1909,1.191,75,14.97,16.63,1000
10245,720.0,718.809,718.809,1.1908,1.191,75,14.96,16.63,1000
10245,720.0,718.809,718.809,1.1906,1.191,75,14.96,16.62,1000
10247,720.0,718.81,718.81,1.1904,1.19,75,14.96,16.62,1000
10248,720.0,718.81,718.81,1.1902,1.19,75,14.96,16.62,1000
10248,720.0,718.81,718.81,1.1901,1.19,75,14.95,16.62,1000
10250,720.0,718.81,718.81,1.1899,1.19,75,14.95,16.61,1000
10251,720.0,718.81,718.81,1.1897,1.19,75,14.95,16.61,1000
10251,720.0,718.811,718.811,1.1895,1.189,75,14.95,16.61,1000
10253,720.0,718.811,718.811,1.1893,1.189,75,14.95,16.61,1000
10254,720.0,718.811,718.811,1.1891,1.189,75,14.94,16.6,1000
10254,720.0,718.811,718.811,1.1889,1.189,75,14.94,16.6,1000
10256,720.0,718.811,718.811,1.1887,1.189,75,14.94,16.6,1000
10257,720.0,718.812,718.812,1.1884,1.188,75,14.93,16.59,1000
10258,720.0,718.812,718.812,1.1882,1.188,75,14.93,16.59,1000
10259,720.0,718.812,718.812,1.188,1.188,75,14.93,16.59,1000
10260,720.0,718.812,718.812,1.1877,1.188,75,14.93,16.58,1000
10261,720.0,718.812,718.812,1.1875,1.188,75,14.92,16.58,1000
10262,720.0,718.813,718.813,1.1873,1.187,75,14.92,16.58,1000
10263,720.0,718.813,718.813,1.187,1.187,75,14.92,16.57,1000
10264,720.0,718.813,718.813,1.1868,1.187,75,14.91,16.57,1000
10264,720.0,718.814,718.814,1.1865,1.186,75,14.91,16.57,1000
10266,720.0,718.814,718.814,1.1862,1.186,75,14.91,16.56,1000
10267,720.0,718.814,718.814,1.186,1.186,75,14.9,16.56,1000
10267,720.0,718.814,718.814,1.1857,1.186,75,14.9,16.56,1000
10269,720.0,718.815,718.815,1.1854,1.185,75,14.9,16.55,1000
10270,720.0,718.815,718.815,1.1851,1.185,75,14.89,16.55,1000
10270,720.0,718.815,718.815,1.1848,1.185,75,14.89,16.54,1000
10272,720.0,718.815,718.815,1.1845,1.185,75,14.89,16.54,1000
10273,720.0,718.816,718.816,1.1843,1.184,75,14.88,16.54,1000
10274,720.0,718.816,718.816,1.184,1.184,75,14.88,16.53,1000
10275,720.0,718.816,718.816,1.1836,1.184,75,14.87,16.53,1000
10276,720.0,718.817,718.817,1.1833,1.183,75,14.87,16.52,1000
10277,720.0,718.817,718.817,1.183,1.183,75,14.87,16.52,1000
10277,720.0,718.817,718.817,1.1827,1.183,75,14.86,16.51,1000
10279,720.0,718.818,718.818,1.1824,1.182,75,14.86,16.51,1000
10280,720.0,718.818,718.818,1.182,1.182,75,14.85,16.5,1000
10280,720.0,718.818,718.818,1.1817,1.182,75,14.85,16.5,1000
10282,720.0,718.819,718.819,1.1814,1.181,75,14.85,16.5,1000
10283,720.0,718.819,718.819,1.181,1.181,75,14.84,16.49,1000
10283,720.0,718.819,718.819,1.1807,1.181,75,14.84,16.49,1000
10285,720.0,718.82,718.82,1.1803,1.18,75,14.83,16.48,1000
10286,720.0,718.82,718.82,1.18,1.18,75,14.83,16.48,1000
10286,720.0,718.82,718.82,1.1796,1.18,75,14.82,16.47,1000
10288,720.0,718.821,718.821,1.1792,1.179,75,14.82,16.47,1000
10289,720.0,718.821,718.821,1.1789,1.179,75,14.81,16.46,1000
10290,720.0,718.822,718.822,1.1785,1.178,75,14.81,16.45,1000
10291,720.0,718.822,718.822,1.1781,1.178,75,14.8,16.45,1000
10292,720.0,718.822,718.822,1.1777,1.178,75,14.8,16.44,1000
10293,720.0,718.823,718.823,1.1773,1.177,75,14.79,16.44,1000
10294,720.0,718.823,718.823,1.1769,1.177,75,14.79,16.43,1000
10295,720.0,718.823,718.823,1.1765,1.177,75,14.78,16.43,1000
10296,720.0,718.824,718.824,1.1761,1.176,75,14.78,16.42,1000
10296,720.0,718.824,718.824,1.1757,1.176,75,14.77,16.42,1000
10298,720.0,718.825,718.825,1.1753,1.175,75,14.77,16.41,1000
10299,720.0,718.825,718.825,1.1749,1.175,75,14.76,16.4,1000
10299,720.0,718.826,718.826,1.1745,1.174,75,14.76,16.4,1000
10301,720.0,718.826,718.826,1.174,1.174,75,14.75,16.39,1000
10302,720.0,718.826,718.826,1.1736,1.174,75,14.75,16.39,1000
10302,720.0,718.827,718.827,1.1732,1.173,75,14.74,16.38,1000
10304,720.0,718.827,718.827,1.1727,1.173,75,14.74,16.37,1000
10305,720.0,718.828,718.828,1.1723,1.172,75,14.73,16.37,1000
10306,720.0,718.828,718.828,1.1718,1.172,75,14.73,16.36,1000
10307,720.0,718.829,718.829,1.1714,1.171,75,14.72,16.36,1000
10308,720.0,718.829,718.829,1.1709,1.171,75,14.71,16.35,1000
10309,720.0,718.83,718.83,1.1704,1.17,75,14.71,16.34,1000
10309,720.0,718.83,718.83,1.17,1.17,75,14.7,16.34,1000
10311,720.0,718.831,718.831,1.1695,1.169,75,14.7,16.33,1000
10312,720.0,718.831,718.831,1.169,1.169,75,14.69,16.32,1000
10312,720.0,718.831,718.831,1.1685,1.169,75,14.68,16.32,1000
10314,720.0,718.832,718.832,1.168,1.168,75,14.68,16.31,1000
10315,720.0,718.832,718.832,1.1675,1.168,75,14.67,16.3,1000
10315,720.0,718.833,718.833,1.167,1.167,75,14.67,16.29,1000
10317,720.0,718.833,718.833,1.1665,1.167,75,14.66,16.29,1000
10318,720.0,718.834,718.834,1.166,1.166,75,14.65,16.28,1000
10318,720.0,718.834,718.834,1.1655,1.166,75,14.65,16.27,1000
10320,720.0,718.835,718.835,1.165,1.165,75,14.64,16.27,1000
10321,720.0,718.836,718.836,1.1645,1.164,75,14.63,16.26,1000
10322,720.0,718.836,718.836,1.1639,1.164,75,14.63,16.25,1000
10323,720.0,718.837,718.837,1.1634,1.163,75,14.62,16.24,1000
10324,720.0,718.837,718.837,1.1629,1.163,75,14.61,16.24,1000
10325,720.0,718.838,718.838,1.1623,1.162,75,14.61,16.23,1000
10325,720.0,718.838,718.838,1.1618,1.162,75,14.6,16.22,1000
10327,720.0,718.839,718.839,1.1612,1.161,75,14.59,16.21,1000
10328,720.0,718.839,718.839,1.1607,1.161,75,14.59,16.21,1000
10328,720.0,718.84,718.84,1.1601,1.16,75,14.58,16.2,1000
10330,720.0,718.84,718.84,1.1595,1.16,75,14.57,16.19,1000
10331,720.0,718.841,718.841,1.159,1.159,75,14.56,16.18,1000
10331,720.0,718.842,718.842,1.1584,1.158,75,14.56,16.17,1000
10333,720.0,718.842,718.842,1.1578,1.158,75,14.55,16.17,1000
10334,720.0,718.843,718.843,1.1572,1.157,75,14.54,16.16,1000
10334,720.0,718.843,718.843,1.1567,1.157,75,14.53,16.15,1000
10336,720.0,718.844,718.844,1.1561,1.156,75,14.53,16.14,1000
10337,720.0,718.845,718.845,1.1555,1.155,75,14.52,16.13,1000
10338,720.0,718.845,718.845,1.1549,1.155,75,14.51,16.12,1000
10338,720.0,718.846,718.846,1.1543,1.154,75,14.5,16.12,1000
10340,720.0,718.846,718.846,1.1537,1.154,75,14.5,16.11,1000
10341,720.0,718.847,718.847,1.153,1.153,75,14.49,16.1,1000
10341,720.0,718.848,718.848,1.1524,1.152,75,14.48,16.09,1000
10343,720.0,718.848,718.848,1.1518,1.152,75,14.47,16.08,1000
10344,720.0,718.849,718.849,1.1512,1.151,75,14.47,16.07,1000
10344,720.0,718.849,718.849,1.1505,1.151,75,14.46,16.06,1000
10346,720.0,718.85,718.85,1.1499,1.15,75,14.45,16.06,1000
10347,720.0,718.851,718.851,1.1492,1.149,75,14.44,16.05,1000
10347,720.0,718.851,718.851,1.1486,1.149,75,14.43,16.04,1000
10349,720.0,718.852,718.852,1.1479,1.148,75,14.43,16.03,1000
10350,720.0,718.853,718.853,1.1473,1.147,75,14.42,16.02,1000
10351,720.0,718.853,718.853,1.1466,1.147,75,14.41,16.01,1000
10352,720.0,718.854,718.854,1.146,1.146,75,14.4,16.0,1000
10353,720.0,718.855,718.855,1.1453,1.145,75,14.39,15.99,1000
10354,720.0,718.855,718.855,1.1446,1.145,75,14.38,15.98,1000
10355,720.0,718.856,718.856,1.1439,1.144,75,14.38,15.97,1000
10356,720.0,718.857,718.857,1.1433,1.143,75,14.37,15.96,1000
10357,720.0,718.857,718.857,1.1426,1.143,75,14.36,15.95,1000
10357,720.0,718.858,718.858,1.1419,1.142,75,14.35,15.94,1000
10359,720.0,718.859,718.859,1.1412,1.141,75,14.34,15.93,1000
10360,720.0,718.86,718.86,1.1405,1.14,75,14.33,15.92,1000
10360,720.0,718.86,718.86,1.1398,1.14,75,14.32,15.91,1000
10362,720.0,718.861,718.861,1.1391,1.139,75,14.31,15.9,1000
10363,720.0,718.862,718.862,1.1383,1.138,75,14.3,15.89,1000
10363,720.0,718.862,718.862,1.1376,1.138,75,14.3,15.88,1000
10365,720.0,718.863,718.863,1.1369,1.137,75,14.29,15.87,1000
10366,720.0,718.864,718.864,1.1362,1.136,75,14.28,15.86,1000
10367,720.0,718.865,718.865,1.1354,1.135,75,14.27,15.85,1000
10368,720.0,718.865,718.865,1.1347,1.135,75,14.26,15.84,1000
10369,720.0,718.866,718.866,1.1339,1.134,75,14.25,15.83,1000
10370,720.0,718.867,718.867,1.1332,1.133,75,14.24,15.82,1000
10370,720.0,718.868,718.868,1.1324,1.132,75,14.23,15.81,1000
10372,720.0,718.868,718.868,1.1317,1.132,75,14.22,15.8,1000
10373,720.0,718.869,718.869,1.1309,1.131,75,14.21,15.79,1000
10373,720.0,718.87,718.87,1.1302,1.13,75,14.2,15.78,1000
10375,720.0,718.871,718.871,1.1294,1.129,75,14.19,15.77,1000
10376,720.0,718.871,718.871,1.1286,1.129,75,14.18,15.76,1000
10376,720.0,718.872,718.872,1.1278,1.128,75,14.17,15.75,1000
10378,720.0,718.873,718.873,1.1271,1.127,75,14.16,15.74,1000
10379,720.0,718.874,718.874,1.1263,1.126,75,14.15,15.73,1000
10379,720.0,718.875,718.875,1.1255,1.125,75,14.14,15.71,1000
10381,720.0,718.875,718.875,1.1247,1.125,75,14.13,15.7,1000
10382,720.0,718.876,718.876,1.1239,1.124,75,14.12,15.69,1000
10383,720.0,718.877,718.877,1.1231,1.123,75,14.11,15.68,1000
10384,720.0,718.878,718.878,1.1223,1.122,75,14.1,15.67,1000
10385,720.0,718.879,718.879,1.1214,1.121,75,14.09,15.66,1000
10386,720.0,718.879,718.879,1.1206,1.121,75,14.08,15.65,1000
10387,720.0,718.88,718.88,1.1198,1.12,75,14.07,15.64,1000
10388,720.0,718.881,718.881,1.119,1.119,75,14.06,15.62,1000
10389,720.0,718.882,718.882,1.1181,1.118,75,14.05,15.61,1000
10389,720.0,718.883,718.883,1.1173,1.117,75,14.04,15.6,1000
10391,720.0,718.884,718.884,1.1165,1.116,75,14.03,15.59,1000
10392,720.0,718.884,718.884,1.1156,1.116,75,14.02,15.58,1000
10392,720.0,718.885,718.885,1.1148,1.115,75,14.01,15.56,1000
10394,720.0,718.886,718.886,1.1139,1.114,75,14.0,15.55,1000
10395,720.0,718.887,718.887,1.113,1.113,75,13.99,15.54,1000
10395,720.0,718.888,718.888,1.1122,1.112,75,13.98,15.53,1000
10397,720.0,718.889,718.889,1.1113,1.111,75,13.97,15.52,1000
10398,720.0,718.89,718.89,1.1104,1.11,75,13.95,15.5,1000
10399,720.0,718.89,718.89,1.1096,1.11,75,13.94,15.49,1000
10400,720.0,718.891,718.891,1.1087,1.109,75,13.93,15.48,1000
10401,720.0,718.892,718.892,1.1078,1.108,75,13.92,15.47,1000
10402,720.0,718.893,718.893,1.1069,1.107,75,13.91,15.46,1000
10402,720.0,718.894,718.894,1.106,1.106,75,13.9,15.44,1000
10404,720.0,718.895,718.895,1.1051,1.105,75,13.89,15.43,1000
10405,720.0,718.896,718.896,1.1042,1.104,75,13.88,15.42,1000
10405,720.0,718.897,718.897,1.1033,1.103,75,13.86,15.4,1000
10407,720.0,718.898,718.898,1.1024,1.102,75,13.85,15.39,1000
10408,720.0,718.899,718.899,1.1014,1.101,75,13.84,15.38,1000
10408,720.0,718.899,718.899,1.1005,1.101,75,13.83,15.37,1000
10410,720.0,718.9,718.9,1.0996,1.1,75,13.82,15.35,1000
10411,720.0,718.901,718.901,1.0987,1.099,75,13.81,15.34,1000
10411,720.0,718.902,718.902,1.0977,1.098,75,13.79,15.33,1000
10413,720.0,718.903,718.903,1.0968,1.097,75,13.78,15.31,1000
10414,720.0,718.904,718.904,1.0958,1.096,75,13.77,15.3,1000
10415,720.0,718.905,718.905,1.0949,1.095,75,13.76,15.29,1000
10416,720.0,718.906,718.906,1.0939,1.094,75,13.75,15.27,1000
10417,720.0,718.907,718.907,1.093,1.093,75,13.73,15.26,1000
10418,720.0,718.908,718.908,1.092,1.092,75,13.72,15.25,1000
10419,720.0,718.909,718.909,1.0911,1.091,75,13.71,15.23,1000
10420,720.0,718.91,718.91,1.0901,1.09,75,13.7,15.22,1000
10421,720.0,718.911,718.911,1.0891,1.089,75,13.69,15.21,1000
10421,720.0,718.912,718.912,1.0881,1.088,75,13.67,15.19,1000
10423,720.0,718.913,718.913,1.0872,1.087,75,13.66,15.18,1000
10424,720.0,718.914,718.914,1.0862,1.086,75,13.65,15.17,1000
10424,720.0,718.915,718.915,1.0852,1.085,75,13.64,15.15,1000
10426,720.0,718.916,718.916,1.0842,1.084,75,13.62,15.14,1000
10427,720.0,718.917,718.917,1.0832,1.083,75,13.61,15.12,1000
10427,720.0,718.918,718.918,1.0822,1.082,75,13.6,15.11,1000
10429,720.0,718.919,718.919,1.0812,1.081,75,13.59,15.1,1000
10430,720.0,718.92,718.92,1.0801,1.08,75,13.57,15.08,1000
10431,720.0,718.921,718.921,1.0791,1.079,75,13.56,15.07,1000
10432,720.0,718.922,718.922,1.0781,1.078,75,13.55,15.05,1000
10433,720.0,718.923,718.923,1.0771,1.077,75,13.53,15.04,1000
10434,720.0,718.924,718.924,1.076,1.076,75,13.52,15.02,1000
10434,720.0,718.925,718.925,1.075,1.075,75,13.51,15.01,1000
10436,720.0,718.926,718.926,1.074,1.074,75,13.5,15.0,1000
10437,720.0,718.927,718.927,1.0729,1.073,75,13.48,14.98,1000
10437,720.0,718.928,718.928,1.0719,1.072,75,13.47,14.97,1000
10439,720.0,718.929,718.929,1.0708,1.071,75,13.46,14.95,1000
10440,720.0,718.93,718.93,1.0698,1.07,75,13.44,14.94,1000
10440,720.0,718.931,718.931,1.0687,1.069,75,13.43,14.92,1000
10442,720.0,718.932,718.932,1.0676,1.068,75,13.42,14.91,1000
10443,720.0,718.933,718.933,1.0666,1.067,75,13.4,14.89,1000
10443,720.0,718.935,718.935,1.0655,1.065,75,13.39,14.88,1000
10445,720.0,718.936,718.936,1.0644,1.064,75,13.38,14.86,1000
10446,720.0,718.937,718.937,1.0633,1.063,75,13.36,14.85,1000
10447,720.0,718.938,718.938,1.0623,1.062,75,13.35,14.83,1000
10448,720.0,718.939,718.939,1.0612,1.061,75,13.33,14.82,1000
10449,720.0,718.94,718.94,1.0601,1.06,75,13.32,14.8,1000
10450,720.0,718.941,718.941,1.059,1.059,75,13.31,14.79,1000
10450,720.0,718.942,718.942,1.0579,1.058,75,13.29,14.77,1000
10452,720.0,718.943,718.943,1.0568,1.057,75,13.28,14.76,1000
10453,720.0,718.944,718.944,1.0556,1.056,75,13.27,14.74,1000
10453,720.0,718.945,718.945,1.0545,1.055,75,13.25,14.72,1000
10455,720.0,718.947,718.947,1.0534,1.053,75,13.24,14.71,1000
10456,720.0,718.948,718.948,1.0523,1.052,75,13.22,14.69,1000
10456,720.0,718.949,718.949,1.0512,1.051,75,13.21,14.68,1000
10458,720.0,718.95,718.95,1.05,1.05,75,13.19,14.66,1000
10459,720.0,718.951,718.951,1.0489,1.049,75,13.18,14.65,1000
10459,720.0,718.952,718.952,1.0477,1.048,75,13.17,14.63,1000
10461,720.0,718.953,718.953,1.0466,1.047,75,13.15,14.61,1000
10462,720.0,718.955,718.955,1.0454,1.045,75,13.14,14.6,1000
10463,720.0,718.956,718.956,1.0443,1.044,75,13.12,14.58,1000
10463,720.0,718.957,718.957,1.0431,1.043,75,13.11,14.56,1000
10465,720.0,718.958,718.958,1.042,1.042,75,13.09,14.55,1000
10466,720.0,718.959,718.959,1.0408,1.041,75,13.08,14.53,1000
10466,720.0,718.96,718.96,1.0396,1.04,75,13.06,14.52,1000
10468,720.0,718.962,718.962,1.0385,1.038,75,13.05,14.5,1000
10469,720.0,718.963,718.963,1.0373,1.037,75,13.03,14.48,1000
10469,720.0,718.964,718.964,1.0361,1.036,75,13.02,14.47,1000
10471,720.0,718.965,718.965,1.0349,1.035,75,13.0,14.45,1000
10472,720.0,718.966,718.966,1.0337,1.034,75,12.99,14.43,1000
10472,720.0,718.967,718.967,1.0325,1.033,75,12.97,14.42,1000
10474,720.0,718.969,718.969,1.0313,1.031,75,12.96,14.4,1000
10475,720.0,718.97,718.97,1.0301,1.03,75,12.94,14.38,1000
10476,720.0,718.971,718.971,1.0289,1.029,75,12.93,14.37,1000
10477,720.0,718.972,718.972,1.0277,1.028,75,12.91,14.35,1000
10478,720.0,718.974,718.974,1.0265,1.026,75,12.9,14.33,1000
10479,720.0,718.975,718.975,1.0253,1.025,75,12.88,14.32,1000
10480,720.0,718.976,718.976,1.024,1.024,75,12.87,14.3,1000
10481,720.0,718.977,718.977,1.0228,1.023,75,12.85,14.28,1000
10482,720.0,718.978,718.978,1.0216,1.022,75,12.84,14.26,1000
10482,720.0,718.98,718.98,1.0203,1.02,75,12.82,14.25,1000
10484,720.0,718.981,718.981,1.0191,1.019,75,12.81,14.23,1000
10485,720.0,718.982,718.982,1.0178,1.018,75,12.79,14.21,1000
10485,720.0,718.983,718.983,1.0166,1.017,75,12.77,14.19,1000
10487,720.0,718.985,718.985,1.0153,1.015,75,12.76,14.18,1000
10488,720.0,718.986,718.986,1.0141,1.014,75,12.74,14.16,1000
10488,720.0,718.987,718.987,1.0128,1.013,75,12.73,14.14,1000
10490,720.0,718.988,718.988,1.0116,1.012,75,12.71,14.12,1000
10491,720.0,718.99,718.99,1.0103,1.01,75,12.7,14.11,1000
10492,720.0,718.991,718.991,1.009,1.009,75,12.68,14.09,1000
10493,720.0,718.992,718.992,1.0077,1.008,75,12.66,14.07,1000
10494,720.0,718.994,718.994,1.0065,1.006,75,12.65,14.05,1000
10495,720.0,718.995,718.995,1.0052,1.005,75,12.63,14.03,1000
10495,720.0,718.996,718.996,1.0039,1.004,75,12.62,14.02,1000
10497,720.0,718.997,718.997,1.0026,1.003,75,12.6,14.0,1000
10498,720.0,718.999,718.999,1.0013,1.001,75,12.58,13.98,1000
10498,720.0,719.0,719.0,1.0,1.0,75,12.57,13.96,1000
10500,720.0,719.001,719.001,0.9987,0.999,75,12.55,13.94,1000
10501,720.0,719.003,719.003,0.9974,0.997,75,12.53,13.93,1000
10501,720.0,719.004,719.004,0.9961,0.996,75,12.52,13.91,1000
10503,720.0,719.005,719.005,0.9947,0.995,75,12.5,13.89,1000
10504,720.0,719.007,719.007,0.9934,0.993,75,12.48,13.87,1000
10504,720.0,719.008,719.008,0.9921,0.992,75,12.47,13.85,1000
10506,720.0,719.009,719.009,0.9908,0.991,75,12.45,13.83,1000
10507,720.0,719.011,719.011,0.9894,0.989,75,12.43,13.82,1000
10508,720.0,719.012,719.012,0.9881,0.988,75,12.42,13.8,1000
10509,720.0,719.013,719.013,0.9868,0.987,75,12.4,13.78,1000
10510,720.0,719.015,719.015,0.9854,0.985,75,12.38,13.76,1000
10511,720.0,719.016,719.016,0.9841,0.984,75,12.37,13.74,1000
10512,720.0,719.017,719.017,0.9827,0.983,75,12.35,13.72,1000
10513,720.0,719.019,719.019,0.9813,0.981,75,12.33,13.7,1000
10514,720.0,719.02,719.02,0.98,0.98,75,12.31,13.68,1000
10514,720.0,719.021,719.021,0.9786,0.979,75,12.3,13.66,1000
10516,720.0,719.023,719.023,0.9773,0.977,75,12.28,13.65,1000
10517,720.0,719.024,719.024,0.9759,0.976,75,12.26,13.63,1000
10517,720.0,719.025,719.025,0.9745,0.975,75,12.25,13.61,1000
10519,720.0,719.027,719.027,0.9731,0.973,75,12.23,13.59,1000
10520,720.0,719.028,719.028,0.9717,0.972,75,12.21,13.57,1000
10520,720.0,719.03,719.03,0.9704,0.97,75,12.19,13.55,1000
10522,720.0,719.031,719.031,0.969,0.969,75,12.18,13.53,1000
10523,720.0,719.032,719.032,0.9676,0.968,75,12.16,13.51,1000
10524,720.0,719.034,719.034,0.9662,0.966,75,12.14,13.49,1000
10525,720.0,719.035,719.035,0.9648,0.965,75,12.12,13.47,1000
10526,720.0,719.037,719.037,0.9634,0.963,75,12.11,13.45,1000
10527,720.0,719.038,719.038,0.9619,0.962,75,12.09,13.43,1000
10527,720.0,719.039,719.039,0.9605,0.961,75,12.07,13.41,1000
10529,720.0,719.041,719.041,0.9591,0.959,75,12.05,13.39,1000
10530,720.0,719.042,719.042,0.9577,0.958,75,12.03,13.37,1000
10530,720.0,719.044,719.044,0.9563,0.956,75,12.02,13.35,1000
10532,720.0,719.045,719.045,0.9548,0.955,75,12.0,13.33,1000
10533,720.0,719.047,719.047,0.9534,0.953,75,11.98,13.31,1000
10533,720.0,719.048,719.048,0.952,0.952,75,11.96,13.29,1000
10535,720.0,719.049,719.049,0.9505,0.951,75,11.94,13.27,1000
10536,720.0,719.051,719.051,0.9491,0.949,75,11.93,13.25,1000
10536,720.0,719.052,719.052,0.9476,0.948,75,11.91,13.23,1000
10538,720.0,719.054,719.054,0.9462,0.946,75,11.89,13.21,1000
10539,720.0,719.055,719.055,0.9447,0.945,75,11.87,13.19,1000
10540,720.0,719.057,719.057,0.9432,0.943,75,11.85,13.17,1000
10541,720.0,719.058,719.058,0.9418,0.942,75,11.83,13.15,1000
10542,720.0,719.06,719.06,0.9403,0.94,75,11.82,13.13,1000
10543,720.0,719.061,719.061,0.9388,0.939,75,11.8,13.11,1000
10544,720.0,719.063,719.063,0.9374,0.937,75,11.78,13.09,1000
10545,720.0,719.064,719.064,0.9359,0.936,75,11.76,13.07,1000
10546,720.0,719.066,719.066,0.9344,0.934,75,11.74,13.05,1000
10546,720.0,719.067,719.067,0.9329,0.933,75,11.72,13.03,1000
10548,720.0,719.069,719.069,0.9314,0.931,75,11.7,13.01,1000
10549,720.0,719.07,719.07,0.9299,0.93,75,11.69,12.98,1000
10549,720.0,719.072,719.072,0.9284,0.928,75,11.67,12.96,1000
10551,720.0,719.073,719.073,0.9269,0.927,75,11.65,12.94,1000
10552,720.0,719.075,719.075,0.9254,0.925,75,11.63,12.92,1000
10552,720.0,719.076,719.076,0.9239,0.924,75,11.61,12.9,1000
10554,720.0,719.078,719.078,0.9224,0.922,75,11.59,12.88,1000
10555,720.0,719.079,719.079,0.9209,0.921,75,11.57,12.86,1000
10556,720.0,719.081,719.081,0.9194,0.919,75,11.55,12.84,1000
10557,720.0,719.082,719.082,0.9178,0.918,75,11.53,12.82,1000
10558,720.0,719.084,719.084,0.9163,0.916,75,11.51,12.79,1000
10559,720.0,719.085,719.085,0.9148,0.915,75,11.5,12.77,1000
10559,720.0,719.087,719.087,0.9132,0.913,75,11.48,12.75,1000
10561,720.0,719.088,719.088,0.9117,0.912,75,11.46,12.73,1000
10562,720.0,719.09,719.09,0.9102,0.91,75,11.44,12.71,1000
10562,720.0,719.091,719.091,0.9086,0.909,75,11.42,12.69,1000
10564,720.0,719.093,719.093,0.9071,0.907,75,11.4,12.66,1000
10565,720.0,719.094,719.094,0.9055,0.906,75,11.38,12.64,1000
10565,720.0,719.096,719.096,0.9039,0.904,75,11.36,12.62,1000
10567,720.0,719.098,719.098,0.9024,0.902,75,11.34,12.6,1000
10568,720.0,719.099,719.099,0.9008,0.901,75,11.32,12.58,1000
10568,720.0,719.101,719.101,0.8993,0.899,75,11.3,12.56,1000
10570,720.0,719.102,719.102,0.8977,0.898,75,11.28,12.53,1000
10571,720.0,719.104,719.104,0.8961,0.896,75,11.26,12.51,1000
10572,720.0,719.105,719.105,0.8945,0.895,75,11.24,12.49,1000
10573,720.0,719.107,719.107,0.8929,0.893,75,11.22,12.47,1000
10574,720.0,719.109,719.109,0.8914,0.891,75,11.2,12.45,1000
10575,720.0,719.11,719.11,0.8898,0.89,75,11.18,12.42,1000
10575,720.0,719.112,719.112,0.8882,0.888,75,11.16,12.4,1000
10577,720.0,719.113,719.113,0.8866,0.887,75,11.14,12.38,1000
10578,720.0,719.115,719.115,0.885,0.885,75,11.12,12.36,1000
10578,720.0,719.117,719.117,0.8834,0.883,75,11.1,12.33,1000
10580,720.0,719.118,719.118,0.8818,0.882,75,11.08,12.31,1000
10581,720.0,719.12,719.12,0.8802,0.88,75,11.06,12.29,1000
10581,720.0,719.121,719.121,0.8785,0.879,75,11.04,12.27,1000
10583,720.0,719.123,719.123,0.8769,0.877,75,11.02,12.24,1000
10584,720.0,719.125,719.125,0.8753,0.875,75,11.0,12.22,1000
10584,720.0,719.126,719.126,0.8737,0.874,75,10.98,12.2,1000
10586,720.0,719.128,719.128,0.872,0.872,75,10.96,12.18,1000
10587,720.0,719.13,719.13,0.8704,0.87,75,10.94,12.15,1000
10588,720.0,719.131,719.131,0.8688,0.869,75,10.92,12.13,1000
10588,720.0,719.133,719.133,0.8671,0.867,75,10.9,12.11,1000
10590,720.0,719.135,719.135,0.8655,0.865,75,10.88,12.08,1000
10591,720.0,719.136,719.136,0.8639,0.864,75,10.86,12.06,1000
10591,720.0,719.138,719.138,0.8622,0.862,75,10.83,12.04,1000
10593,720.0,719.139,719.139,0.8606,0.861,75,10.81,12.02,1000
10594,720.0,719.141,719.141,0.8589,0.859,75,10.79,11.99,1000
10594,720.0,719.143,719.143,0.8572,0.857,75,10.77,11.97,1000
10596,720.0,719.144,719.144,0.8556,0.856,75,10.75,11.95,1000
10597,720.0,719.146,719.146,0.8539,0.854,75,10.73,11.92,1000
10597,720.0,719.148,719.148,0.8522,0.852,75,10.71,11.9,1000
10599,720.0,719.149,719.149,0.8506,0.851,75,10.69,11.88,1000
10600,720.0,719.151,719.151,0.8489,0.849,75,10.67,11.85,1000
10601,720.0,719.153,719.153,0.8472,0.847,75,10.65,11.83,1000
10602,720.0,719.154,719.154,0.8455,0.846,75,10.63,11.81,1000
10603,720.0,719.156,719.156,0.8438,0.844,75,10.6,11.78,1000
10604,720.0,719.158,719.158,0.8421,0.842,75,10.58,11.76,1000
10605,720.0,719.16,719.16,0.8405,0.84,75,10.56,11.73,1000
10606,720.0,719.161,719.161,0.8388,0.839,75,10.54,11.71,1000
10607,720.0,719.163,719.163,0.8371,0.837,75,10.52,11.69,1000
10607,720.0,719.165,719.165,0.8354,0.835,75,10.5,11.66,1000
10609,720.0,719.166,719.166,0.8336,0.834,75,10.48,11.64,1000
10610,720.0,719.168,719.168,0.8319,0.832,75,10.45,11.62,1000
10610,720.0,719.17,719.17,0.8302,0.83,75,10.43,11.59,1000
10612,720.0,719.171,719.171,0.8285,0.829,75,10.41,11.57,1000
10613,720.0,719.173,719.173,0.8268,0.827,75,10.39,11.54,1000
10613,720.0,719.175,719.175,0.8251,0.825,75,10.37,11.52,1000
10615,720.0,719.177,719.177,0.8233,0.823,75,10.35,11.5,1000
10616,720.0,719.178,719.178,0.8216,0.822,75,10.32,11.47,1000
10617,720.0,719.18,719.18,0.8199,0.82,75,10.3,11.45,1000
10618,720.0,719.182,719.182,0.8181,0.818,75,10.28,11.42,1000
10619,720.0,719.184,719.184,0.8164,0.816,75,10.26,11.4,1000
10620,720.0,719.185,719.185,0.8146,0.815,75,10.24,11.37,1000
10620,720.0,719.187,719.187,0.8129,0.813,75,10.22,11.35,1000
10622,720.0,719.189,719.189,0.8112,0.811,75,10.19,11.33,1000
10623,720.0,719.191,719.191,0.8094,0.809,75,10.17,11.3,1000
10623,720.0,719.192,719.192,0.8076,0.808,75,10.15,11.28,1000
10625,720.0,719.194,719.194,0.8059,0.806,75,10.13,11.25,1000
10626,720.0,719.196,719.196,0.8041,0.804,75,10.1,11.23,1000
10626,720.0,719.198,719.198,0.8024,0.802,75,10.08,11.2,1000
10628,720.0,719.199,719.199,0.8006,0.801,75,10.06,11.18,1000
10629,720.0,719.201,719.201,0.7988,0.799,75,10.04,11.15,1000
10629,720.0,719.203,719.203,0.797,0.797,75,10.02,11.13,1000
10631,720.0,719.205,719.205,0.7953,0.795,75,9.99,11.1,1000
10632,720.0,719.207,719.207,0.7935,0.793,75,9.97,11.08,1000
10633,720.0,719.208,719.208,0.7917,0.792,75,9.95,11.05,1000
10634,720.0,719.21,719.21,0.7899,0.79,75,9.93,11.03,1000
10635,720.0,719.212,719.212,0.7881,0.788,75,9.9,11.0,1000
10636,720.0,719.214,719.214,0.7863,0.786,75,9.88,10.98,1000
10637,720.0,719.215,719.215,0.7845,0.785,75,9.86,10.95,1000
10638,720.0,719.217,719.217,0.7827,0.783,75,9.84,10.93,1000
10639,720.0,719.219,719.219,0.7809,0.781,75,9.81,10.9,1000
10639,720.0,719.221,719.221,0.7791,0.779,75,9.79,10.88,1000
10641,720.0,719.223,719.223,0.7773,0.777,75,9.77,10.85,1000
10642,720.0,719.225,719.225,0.7755,0.775,75,9.75,10.83,1000
10642,720.0,719.226,719.226,0.7737,0.774,75,9.72,10.8,1000
10644,720.0,719.228,719.228,0.7718,0.772,75,9.7,10.78,1000
10645,720.0,719.23,719.23,0.77,0.77,75,9.68,10.75,1000
10645,720.0,719.232,719.232,0.7682,0.768,75,9.65,10.73,1000
10647,720.0,719.234,719.234,0.7664,0.766,75,9.63,10.7,1000
10648,720.0,719.235,719.235,0.7645,0.765,75,9.61,10.67,1000
10649,720.0,719.237,719.237,0.7627,0.763,75,9.58,10.65,1000
10649,720.0,719.239,719.239,0.7609,0.761,75,9.56,10.62,1000
10651,720.0,719.241,719.241,0.759,0.759,75,9.54,10.6,1000
10652,720.0,719.243,719.243,0.7572,0.757,75,9.52,10.57,1000
10652,720.0,719.245,719.245,0.7553,0.755,75,9.49,10.55,1000
10654,720.0,719.247,719.247,0.7535,0.753,75,9.47,10.52,1000
10655,720.0,719.248,719.248,0.7516,0.752,75,9.45,10.49,1000
10655,720.0,719.25,719.25,0.7498,0.75,75,9.42,10.47,1000
10657,720.0,719.252,719.252,0.7479,0.748,75,9.4,10.44,1000
10658,720.0,719.254,719.254,0.7461,0.746,75,9.38,10.42,1000
10658,720.0,719.256,719.256,0.7442,0.744,75,9.35,10.39,1000
10660,720.0,719.258,719.258,0.7423,0.742,75,9.33,10.36,1000
10661,720.0,719.26,719.26,0.7405,0.74,75,9.3,10.34,1000
10661,720.0,719.261,719.261,0.7386,0.739,75,9.28,10.31,1000
10663,720.0,719.263,719.263,0.7367,0.737,75,9.26,10.29,1000
10664,720.0,719.265,719.265,0.7348,0.735,75,9.23,10.26,1000
10665,720.0,719.267,719.267,0.7329,0.733,75,9.21,10.23,1000
10666,720.0,719.269,719.269,0.7311,0.731,75,9.19,10.21,1000
10667,720.0,719.271,719.271,0.7292,0.729,75,9.16,10.18,1000
10668,720.0,719.273,719.273,0.7273,0.727,75,9.14,10.15,1000
10669,720.0,719.275,719.275,0.7254,0.725,75,9.12,10.13,1000
10670,720.0,719.277,719.277,0.7235,0.723,75,9.09,10.1,1000
10671,720.0,719.278,719.278,0.7216,0.722,75,9.07,10.08,1000
10671,720.0,719.28,719.28,0.7197,0.72,75,9.04,10.05,1000
10673,720.0,719.282,719.282,0.7178,0.718,75,9.02,10.02,1000
10674,720.0,719.284,719.284,0.7159,0.716,75,9.0,10.0,1000
10674,720.0,719.286,719.286,0.7139,0.714,75,8.97,9.97,1000
10676,720.0,719.288,719.288,0.712,0.712,75,8.95,9.94,1000
10677,720.0,719.29,719.29,0.7101,0.71,75,8.92,9.92,1000
10677,720.0,719.292,719.292,0.7082,0.708,75,8.9,9.89,1000
10679,720.0,719.294,719.294,0.7063,0.706,75,8.88,9.86,1000
10680,720.0,719.296,719.296,0.7043,0.704,75,8.85,9.83,1000
10681,720.0,719.298,719.298,0.7024,0.702,75,8.83,9.81,1000
10681,720.0,719.3,719.3,0.7005,0.7,75,8.8,9.78,1000
10683,720.0,719.301,719.301,0.6986,0.699,75,8.78,9.75,1000
10684,720.0,719.303,719.303,0.6966,0.697,75,8.75,9.73,1000
10684,720.0,719.305,719.305,0.6947,0.695,75,8.73,9.7,1000
10686,720.0,719.307,719.307,0.6927,0.693,75,8.71,9.67,1000
10687,720.0,719.309,719.309,0.6908,0.691,75,8.68,9.65,1000
10687,720.0,719.311,719.311,0.6888,0.689,75,8.66,9.62,1000
10689,720.0,719.313,719.313,0.6869,0.687,75,8.63,9.59,1000
10690,720.0,719.315,719.315,0.6849,0.685,75,8.61,9.56,1000
10690,720.0,719.317,719.317,0.683,0.683,75,8.58,9.54,1000
10692,720.0,719.319,719.319,0.681,0.681,75,8.56,9.51,1000
10693,720.0,719.321,719.321,0.6791,0.679,75,8.53,9.48,1000
10693,720.0,719.323,719.323,0.6771,0.677,75,8.51,9.45,1000
10695,720.0,719.325,719.325,0.6751,0.675,75,8.48,9.43,1000
10696,720.0,719.327,719.327,0.6732,0.673,75,8.46,9.4,1000
10697,720.0,719.329,719.329,0.6712,0.671,75,8.43,9.37,1000
10698,720.0,719.331,719.331,0.6692,0.669,75,8.41,9.34,1000
10699,720.0,719.333,719.333,0.6672,0.667,75,8.38,9.32,1000
10700,720.0,719.335,719.335,0.6652,0.665,75,8.36,9.29,1000
10701,720.0,719.337,719.337,0.6633,0.663,75,8.33,9.26,1000
10702,720.0,719.339,719.339,0.6613,0.661,75,8.31,9.23,1000
10703,720.0,719.341,719.341,0.6593,0.659,75,8.28,9.21,1000
10703,720.0,719.343,719.343,0.6573,0.657,75,8.26,9.18,1000
10705,720.0,719.345,719.345,0.6553,0.655,75,8.23,9.15,1000
10706,720.0,719.347,719.347,0.6533,0.653,75,8.21,9.12,1000
10706,720.0,719.349,719.349,0.6513,0.651,75,8.18,9.09,1000
10708,720.0,719.351,719.351,0.6493,0.649,75,8.16,9.07,1000
10709,720.0,719.353,719.353,0.6473,0.647,75,8.13,9.04,1000
10709,720.0,719.355,719.355,0.6453,0.645,75,8.11,9.01,1000
10711,720.0,719.357,719.357,0.6433,0.643,75,8.08,8.98,1000
10712,720.0,719.359,719.359,0.6413,0.641,75,8.06,8.95,1000
10713,720.0,719.361,719.361,0.6393,0.639,75,8.03,8.93,1000
10713,720.0,719.363,719.363,0.6372,0.637,75,8.01,8.9,1000
10715,720.0,719.365,719.365,0.6352,0.635,75,7.98,8.87,1000
10716,720.0,719.367,719.367,0.6332,0.633,75,7.96,8.84,1000
10716,720.0,719.369,719.369,0.6312,0.631,75,7.93,8.81,1000
10718,720.0,719.371,719.371,0.6291,0.629,75,7.91,8.78,1000
10719,720.0,719.373,719.373,0.6271,0.627,75,7.88,8.76,1000
10719,720.0,719.375,719.375,0.6251,0.625,75,7.85,8.73,1000
10721,720.0,719.377,719.377,0.623,0.623,75,7.83,8.7,1000
10722,720.0,719.379,719.379,0.621,0.621,75,7.8,8.67,1000
10722,720.0,719.381,719.381,0.619,0.619,75,7.78,8.64,1000
10724,720.0,719.383,719.383,0.6169,0.617,75,7.75,8.61,1000
10725,720.0,719.385,719.385,0.6149,0.615,75,7.73,8.59,1000
10726,720.0,719.387,719.387,0.6128,0.613,75,7.7,8.56,1000
10727,720.0,719.389,719.389,0.6108,0.611,75,7.68,8.53,1000
10728,720.0,719.391,719.391,0.6087,0.609,75,7.65,8.5,1000
10729,720.0,719.393,719.393,0.6067,0.607,75,7.62,8.47,1000
10730,720.0,719.395,719.395,0.6046,0.605,75,7.6,8.44,1000
10731,720.0,719.397,719.397,0.6026,0.603,75,7.57,8.41,1000
10732,720.0,719.4,719.4,0.6005,0.6,75,7.55,8.38,1000
10733,720.0,719.402,719.402,0.5984,0.598,75,7.52,8.36,1000
10734,720.0,719.404,719.404,0.5964,0.596,75,7.49,8.33,1000
10735,720.0,719.406,719.406,0.5943,0.594,75,7.47,8.3,1000
10735,720.0,719.408,719.408,0.5922,0.592,75,7.44,8.27,1000
10737,720.0,719.41,719.41,0.5902,0.59,75,7.42,8.24,1000
10738,720.0,719.412,719.412,0.5881,0.588,75,7.39,8.21,1000
10738,720.0,719.414,719.414,0.586,0.586,75,7.36,8.18,1000
10740,720.0,719.416,719.416,0.5839,0.584,75,7.34,8.15,1000
10741,720.0,719.418,719.418,0.5818,0.582,75,7.31,8.12,1000
10742,720.0,719.42,719.42,0.5797,0.58,75,7.29,8.09,1000
10743,720.0,719.422,719.422,0.5777,0.578,75,7.26,8.07,1000
10744,720.0,719.424,719.424,0.5756,0.576,75,7.23,8.04,1000
10745,720.0,719.427,719.427,0.5735,0.573,75,7.21,8.01,1000
10745,720.0,719.429,719.429,0.5714,0.571,75,7.18,7.98,1000
10747,720.0,719.431,719.431,0.5693,0.569,75,7.15,7.95,1000
10748,720.0,719.433,719.433,0.5672,0.567,75,7.13,7.92,1000
10748,720.0,719.435,719.435,0.5651,0.565,75,7.1,7.89,1000
10750,720.0,719.437,719.437,0.563,0.563,75,7.07,7.86,1000
10751,720.0,719.439,719.439,0.5609,0.561,75,7.05,7.83,1000
10751,720.0,719.441,719.441,0.5588,0.559,75,7.02,7.8,1000
10753,720.0,719.443,719.443,0.5567,0.557,75,7.0,7.77,1000
10754,720.0,719.445,719.445,0.5545,0.555,75,6.97,7.74,1000
10754,720.0,719.448,719.448,0.5524,0.552,75,6.94,7.71,1000
10756,720.0,719.45,719.45,0.5503,0.55,75,6.92,7.68,1000
10757,720.0,719.452,719.452,0.5482,0.548,75,6.89,7.65,1000
10758,720.0,719.454,719.454,0.5461,0.546,75,6.86,7.62,1000
10759,720.0,719.456,719.456,0.5439,0.544,75,6.84,7.59,1000
10760,720.0,719.458,719.458,0.5418,0.542,75,6.81,7.57,1000
10761,720.0,719.46,719.46,0.5397,0.54,75,6.78,7.54,1000
10762,720.0,719.462,719.462,0.5376,0.538,75,6.76,7.51,1000
10763,720.0,719.465,719.465,0.5354,0.535,75,6.73,7.48,1000
10764,720.0,719.467,719.467,0.5333,0.533,75,6.7,7.45,1000
10765,720.0,719.469,719.469,0.5312,0.531,75,6.67,7.42,1000
10766,720.0,719.471,719.471,0.529,0.529,75,6.65,7.39,1000
10767,720.0,719.473,719.473,0.5269,0.527,75,6.62,7.36,1000
10767,720.0,719.475,719.475,0.5247,0.525,75,6.59,7.33,1000
10769,720.0,719.477,719.477,0.5226,0.523,75,6.57,7.3,1000
10770,720.0,719.48,719.48,0.5204,0.52,75,6.54,7.27,1000
10770,720.0,719.482,719.482,0.5183,0.518,75,6.51,7.24,1000
10772,720.0,719.484,719.484,0.5161,0.516,75,6.49,7.21,1000
10773,720.0,719.486,719.486,0.514,0.514,75,6.46,7.18,1000
10774,720.0,719.488,719.488,0.5118,0.512,75,6.43,7.15,1000
10774,720.0,719.49,719.49,0.5097,0.51,75,6.4,7.12,1000
10776,720.0,719.492,719.492,0.5075,0.508,75,6.38,7.09,1000
10777,720.0,719.495,719.495,0.5053,0.505,75,6.35,7.06,1000
10777,720.0,719.497,719.497,0.5032,0.503,75,6.32,7.03,1000
10779,720.0,719.499,719.499,0.501,0.501,75,6.3,7.0,1000
10780,720.0,719.501,719.501,0.4988,0.499,75,6.27,6.97,1000
10780,720.0,719.503,719.503,0.4967,0.497,75,6.24,6.93,1000
10782,720.0,719.505,719.505,0.4945,0.495,75,6.21,6.9,1000
10783,720.0,719.508,719.508,0.4923,0.492,75,6.19,6.87,1000
10783,720.0,719.51,719.51,0.4902,0.49,75,6.16,6.84,1000
10785,720.0,719.512,719.512,0.488,0.488,75,6.13,6.81,1000
10786,720.0,719.514,719.514,0.4858,0.486,75,6.1,6.78,1000
10786,720.0,719.516,719.516,0.4836,0.484,75,6.08,6.75,1000
10788,720.0,719.519,719.519,0.4814,0.481,75,6.05,6.72,1000
10789,720.0,719.521,719.521,0.4792,0.479,75,6.02,6.69,1000
10790,720.0,719.523,719.523,0.4771,0.477,75,5.99,6.66,1000
10791,720.0,719.525,719.525,0.4749,0.475,75,5.97,6.63,1000
10792,720.0,719.527,719.527,0.4727,0.473,75,5.94,6.6,1000
10793,720.0,719.53,719.53,0.4705,0.47,75,5.91,6.57,1000
10794,720.0,719.532,719.532,0.4683,0.468,75,5.88,6.54,1000
10795,720.0,719.534,719.534,0.4661,0.466,75,5.86,6.51,1000
10796,720.0,719.536,719.536,0.4639,0.464,75,5.83,6.48,1000
10796,720.0,719.538,719.538,0.4617,0.462,75,5.8,6.45,1000
10798,720.0,719.541,719.541,0.4595,0.459,75,5.77,6.42,1000
10799,720.0,719.543,719.543,0.4573,0.457,75,5.75,6.38,1000
10799,720.0,719.545,719.545,0.4551,0.455,75,5.72,6.35,1000
10801,720.0,719.547,719.547,0.4529,0.453,75,5.69,6.32,1000
10802,720.0,719.549,719.549,0.4507,0.451,75,5.66,6.29,1000
10802,720.0,719.552,719.552,0.4485,0.448,75,5.64,6.26,1000
10804,720.0,719.554,719.554,0.4462,0.446,75,5.61,6.23,1000
10805,720.0,719.556,719.556,0.444,0.444,75,5.58,6.2,1000
10806,720.0,719.558,719.558,0.4418,0.442,75,5.55,6.17,1000
10806,720.0,719.56,719.56,0.4396,0.44,75,5.52,6.14,1000
10808,720.0,719.563,719.563,0.4374,0.437,75,5.5,6.11,1000
10809,720.0,719.565,719.565,0.4351,0.435,75,5.47,6.08,1000
10809,720.0,719.567,719.567,0.4329,0.433,75,5.44,6.04,1000
10811,720.0,719.569,719.569,0.4307,0.431,75,5.41,6.01,1000
10812,720.0,719.572,719.572,0.4285,0.428,75,5.38,5.98,1000
10812,720.0,719.574,719.574,0.4262,0.426,75,5.36,5.95,1000
10814,720.0,719.576,719.576,0.424,0.424,75,5.33,5.92,1000
10815,720.0,719.578,719.578,0.4218,0.422,75,5.3,5.89,1000
10815,720.0,719.58,719.58,0.4195,0.42,75,5.27,5.86,1000
10817,720.0,719.583,719.583,0.4173,0.417,75,5.24,5.83,1000
10818,720.0,719.585,719.585,0.4151,0.415,75,5.22,5.8,1000
10818,720.0,719.587,719.587,0.4128,0.413,75,5.19,5.76,1000
10820,720.0,719.589,719.589,0.4106,0.411,75,5.16,5.73,1000
10821,720.0,719.592,719.592,0.4083,0.408,75,5.13,5.7,1000
10822,720.0,719.594,719.594,0.4061,0.406,75,5.1,5.67,1000
10823,720.0,719.596,719.596,0.4039,0.404,75,5.08,5.64,1000
10824,720.0,719.598,719.598,0.4016,0.402,75,5.05,5.61,1000
10825,720.0,719.601,719.601,0.3994,0.399,75,5.02,5.58,1000
10826,720.0,719.603,719.603,0.3971,0.397,75,4.99,5.54,1000
10827,720.0,719.605,719.605,0.3949,0.395,75,4.96,5.51,1000
10828,720.0,719.607,719.607,0.3926,0.393,75,4.93,5.48,1000
10828,720.0,719.61,719.61,0.3904,0.39,75,4.91,5.45,1000
10830,720.0,719.612,719.612,0.3881,0.388,75,4.88,5.42,1000
10831,720.0,719.614,719.614,0.3858,0.386,75,4.85,5.39,1000
10831,720.0,719.616,719.616,0.3836,0.384,75,4.82,5.36,1000
10833,720.0,719.619,719.619,0.3813,0.381,75,4.79,5.32,1000
10834,720.0,719.621,719.621,0.3791,0.379,75,4.76,5.29,1000
10834,720.0,719.623,719.623,0.3768,0.377,75,4.73,5.26,1000
10836,720.0,719.625,719.625,0.3745,0.375,75,4.71,5.23,1000
10837,720.0,719.628,719.628,0.3723,0.372,75,4.68,5.2,1000
10838,720.0,719.63,719.63,0.37,0.37,75,4.65,5.17,1000
10838,720.0,719.632,719.632,0.3677,0.368,75,4.62,5.13,1000
10840,720.0,719.635,719.635,0.3654,0.365,75,4.59,5.1,1000
10841,720.0,719.637,719.637,0.3632,0.363,75,4.56,5.07,1000
10841,720.0,719.639,719.639,0.3609,0.361,75,4.54,5.04,1000
10843,720.0,719.641,719.641,0.3586,0.359,75,4.51,5.01,1000
10844,720.0,719.644,719.644,0.3563,0.356,75,4.48,4.98,1000
10844,720.0,719.646,719.646,0.3541,0.354,75,4.45,4.94,1000
10846,720.0,719.648,719.648,0.3518,0.352,75,4.42,4.91,1000
10847,720.0,719.651,719.651,0.3495,0.349,75,4.39,4.88,1000
10847,720.0,719.653,719.653,0.3472,0.347,75,4.36,4.85,1000
10849,720.0,719.655,719.655,0.3449,0.345,75,4.33,4.82,1000
10850,720.0,719.657,719.657,0.3426,0.343,75,4.31,4.78,1000
10851,720.0,719.66,719.66,0.3404,0.34,75,4.28,4.75,1000
10852,720.0,719.662,719.662,0.3381,0.338,75,4.25,4.72,1000
10853,720.0,719.664,719.664,0.3358,0.336,75,4.22,4.69,1000
10854,720.0,719.667,719.667,0.3335,0.333,75,4.19,4.66,1000
10855,720.0,719.669,719.669,0.3312,0.331,75,4.16,4.62,1000
10856,720.0,719.671,719.671,0.3289,0.329,75,4.13,4.59,1000
10857,720.0,719.673,719.673,0.3266,0.327,75,4.1,4.56,1000
10858,720.0,719.676,719.676,0.3243,0.324,75,4.08,4.53,1000
10859,720.0,719.678,719.678,0.322,0.322,75,4.05,4.5,1000
10860,720.0,719.68,719.68,0.3197,0.32,75,4.02,4.46,1000
10860,720.0,719.683,719.683,0.3174,0.317,75,3.99,4.43,1000
10862,720.0,719.685,719.685,0.3151,0.315,75,3.96,4.4,1000
10863,720.0,719.687,719.687,0.3128,0.313,75,3.93,4.37,1000
10863,720.0,719.69,719.69,0.3105,0.31,75,3.9,4.34,1000
10865,720.0,719.692,719.692,0.3082,0.308,75,3.87,4.3,1000
10866,720.0,719.694,719.694,0.3059,0.306,75,3.84,4.27,1000
10867,720.0,719.696,719.696,0.3036,0.304,75,3.81,4.24,1000
10868,720.0,719.699,719.699,0.3013,0.301,75,3.79,4.21,1000
10869,720.0,719.701,719.701,0.299,0.299,75,3.76,4.17,1000
10870,720.0,719.703,719.703,0.2966,0.297,75,3.73,4.14,1000
10870,720.0,719.706,719.706,0.2943,0.294,75,3.7,4.11,1000
10872,720.0,719.708,719.708,0.292,0.292,75,3.67,4.08,1000
10873,720.0,719.71,719.71,0.2897,0.29,75,3.64,4.05,1000
10873,720.0,719.713,719.713,0.2874,0.287,75,3.61,4.01,1000
10875,720.0,719.715,719.715,0.2851,0.285,75,3.58,3.98,1000
10876,720.0,719.717,719.717,0.2827,0.283,75,3.55,3.95,1000
10876,720.0,719.72,719.72,0.2804,0.28,75,3.52,3.92,1000
10878,720.0,719.722,719.722,0.2781,0.278,75,3.49,3.88,1000
10879,720.0,719.724,719.724,0.2758,0.276,75,3.47,3.85,1000
10879,720.0,719.727,719.727,0.2735,0.273,75,3.44,3.82,1000
10881,720.0,719.729,719.729,0.2711,0.271,75,3.41,3.79,1000
10882,720.0,719.731,719.731,0.2688,0.269,75,3.38,3.75,1000
10883,720.0,719.734,719.734,0.2665,0.266,75,3.35,3.72,1000
10884,720.0,719.736,719.736,0.2642,0.264,75,3.32,3.69,1000
10885,720.0,719.738,719.738,0.2618,0.262,75,3.29,3.66,1000
10886,720.0,719.74,719.74,0.2595,0.26,75,3.26,3.62,1000
10887,720.0,719.743,719.743,0.2572,0.257,75,3.23,3.59,1000
10888,720.0,719.745,719.745,0.2548,0.255,75,3.2,3.56,1000
10889,720.0,719.747,719.747,0.2525,0.253,75,3.17,3.53,1000
10890,720.0,719.75,719.75,0.2502,0.25,75,3.14,3.49,1000
10891,720.0,719.752,719.752,0.2478,0.248,75,3.11,3.46,1000
10892,720.0,719.754,719.754,0.2455,0.246,75,3.09,3.43,1000
10892,720.0,719.757,719.757,0.2432,0.243,75,3.06,3.4,1000
10894,720.0,719.759,719.759,0.2408,0.241,75,3.03,3.36,1000
10895,720.0,719.762,719.762,0.2385,0.238,75,3.0,3.33,1000
10895,720.0,719.764,719.764,0.2361,0.236,75,2.97,3.3,1000
10897,720.0,719.766,719.766,0.2338,0.234,75,2.94,3.26,1000
10898,720.0,719.769,719.769,0.2315,0.231,75,2.91,3.23,1000
10899,720.0,719.771,719.771,0.2291,0.229,75,2.88,3.2,1000
10899,720.0,719.773,719.773,0.2268,0.227,75,2.85,3.17,1000
10901,720.0,719.776,719.776,0.2244,0.224,75,2.82,3.13,1000
10902,720.0,719.778,719.778,0.2221,0.222,75,2.79,3.1,1000
10902,720.0,719.78,719.78,0.2197,0.22,75,2.76,3.07,1000
10904,720.0,719.783,719.783,0.2174,0.217,75,2.73,3.04,1000
10905,720.0,719.785,719.785,0.215,0.215,75,2.7,3.0,1000
10905,720.0,719.787,719.787,0.2127,0.213,75,2.67,2.97,1000
10907,720.0,719.79,719.79,0.2104,0.21,75,2.64,2.94,1000
10908,720.0,719.792,719.792,0.208,0.208,75,2.61,2.9,1000
10908,720.0,719.794,719.794,0.2056,0.206,75,2.58,2.87,1000
10910,720.0,719.797,719.797,0.2033,0.203,75,2.55,2.84,1000
10911,720.0,719.799,719.799,0.2009,0.201,75,2.53,2.81,1000
10911,720.0,719.801,719.801,0.1986,0.199,75,2.5,2.77,1000
10913,720.0,719.804,719.804,0.1962,0.196,75,2.47,2.74,1000
10914,720.0,719.806,719.806,0.1939,0.194,75,2.44,2.71,1000
10915,720.0,719.808,719.808,0.1915,0.192,75,2.41,2.67,1000
10916,720.0,719.811,719.811,0.1892,0.189,75,2.38,2.64,1000
10917,720.0,719.813,719.813,0.1868,0.187,75,2.35,2.61,1000
10918,720.0,719.816,719.816,0.1845,0.184,75,2.32,2.58,1000
10919,720.0,719.818,719.818,0.1821,0.182,75,2.29,2.54,1000
10920,720.0,719.82,719.82,0.1797,0.18,75,2.26,2.51,1000
10921,720.0,719.823,719.823,0.1774,0.177,75,2.23,2.48,1000
10921,720.0,719.825,719.825,0.175,0.175,75,2.2,2.44,1000
10923,720.0,719.827,719.827,0.1727,0.173,75,2.17,2.41,1000
10924,720.0,719.83,719.83,0.1703,0.17,75,2.14,2.38,1000
10924,720.0,719.832,719.832,0.1679,0.168,75,2.11,2.34,1000
10926,720.0,719.834,719.834,0.1656,0.166,75,2.08,2.31,1000
10927,720.0,719.837,719.837,0.1632,0.163,75,2.05,2.28,1000
10927,720.0,719.839,719.839,0.1608,0.161,75,2.02,2.25,1000
10929,720.0,719.842,719.842,0.1585,0.158,75,1.99,2.21,1000
10930,720.0,719.844,719.844,0.1561,0.156,75,1.96,2.18,1000
10931,720.0,719.846,719.846,0.1537,0.154,75,1.93,2.15,1000
10931,720.0,719.849,719.849,0.1514,0.151,75,1.9,2.11,1000
10933,720.0,719.851,719.851,0.149,0.149,75,1.87,2.08,1000
10934,720.0,719.853,719.853,0.1466,0.147,75,1.84,2.05,1000
10934,720.0,719.856,719.856,0.1443,0.144,75,1.81,2.01,1000
10936,720.0,719.858,719.858,0.1419,0.142,75,1.78,1.98,1000
10937,720.0,719.86,719.86,0.1395,0.14,75,1.75,1.95,1000
10937,720.0,719.863,719.863,0.1371,0.137,75,1.72,1.91,1000
10939,720.0,719.865,719.865,0.1348,0.135,75,1.69,1.88,1000
10940,720.0,719.868,719.868,0.1324,0.132,75,1.66,1.85,1000
10940,720.0,719.87,719.87,0.13,0.13,75,1.63,1.82,1000
10942,720.0,719.872,719.872,0.1277,0.128,75,1.6,1.78,1000
10943,720.0,719.875,719.875,0.1253,0.125,75,1.57,1.75,1000
10943,720.0,719.877,719.877,0.1229,0.123,75,1.54,1.72,1000
10945,720.0,719.879,719.879,0.1205,0.121,75,1.51,1.68,1000
10946,720.0,719.882,719.882,0.1182,0.118,75,1.48,1.65,1000
10947,720.0,719.884,719.884,0.1158,0.116,75,1.45,1.62,1000
10948,720.0,719.887,719.887,0.1134,0.113,75,1.43,1.58,1000
10949,720.0,719.889,719.889,0.111,0.111,75,1.4,1.55,1000
10950,720.0,719.891,719.891,0.1087,0.109,75,1.37,1.52,1000
10951,720.0,719.894,719.894,0.1063,0.106,75,1.34,1.48,1000
10952,720.0,719.896,719.896,0.1039,0.104,75,1.31,1.45,1000
10953,720.0,719.898,719.898,0.1015,0.102,75,1.28,1.42,1000
10953,720.0,719.901,719.901,0.0991,0.099,75,1.25,1.38,1000
10955,720.0,719.903,719.903,0.0968,0.097,75,1.22,1.35,1000
10956,720.0,719.906,719.906,0.0944,0.094,75,1.19,1.32,1000
10956,720.0,719.908,719.908,0.092,0.092,75,1.16,1.28,1000
10958,720.0,719.91,719.91,0.0896,0.09,75,1.13,1.25,1000
10959,720.0,719.913,719.913,0.0872,0.087,75,1.1,1.22,1000
10959,720.0,719.915,719.915,0.0849,0.085,75,1.07,1.18,1000
10961,720.0,719.918,719.918,0.0825,0.082,75,1.04,1.15,1000
10962,720.0,719.92,719.92,0.0801,0.08,75,1.01,1.12,1000
10963,720.0,719.922,719.922,0.0777,0.078,75,0.98,1.09,1000
10963,720.0,719.925,719.925,0.0753,0.075,75,0.95,1.05,1000
10965,720.0,719.927,719.927,0.0729,0.073,75,0.92,1.02,1000
10966,720.0,719.929,719.929,0.0706,0.071,75,0.89,0.99,1000
10966,720.0,719.932,719.932,0.0682,0.068,75,0.86,0.95,1000
10968,720.0,719.934,719.934,0.0658,0.066,75,0.83,0.92,1000
10969,720.0,719.937,719.937,0.0634,0.063,75,0.8,0.89,1000
10969,720.0,719.939,719.939,0.061,0.061,75,0.77,0.85,1000
10971,720.0,719.941,719.941,0.0586,0.059,75,0.74,0.82,1000
10972,720.0,719.944,719.944,0.0563,0.056,75,0.71,0.79,1000
10972,720.0,719.946,719.946,0.0539,0.054,75,0.68,0.75,1000
10974,720.0,719.949,719.949,0.0515,0.051,75,0.65,0.72,1000
10975,720.0,719.951,719.951,0.0491,0.049,75,0.62,0.69,1000
10976,720.0,719.953,719.953,0.0467,0.047,75,0.59,0.65,1000
10977,720.0,719.956,719.956,0.0443,0.044,75,0.56,0.62,1000
10978,720.0,719.958,719.958,0.0419,0.042,75,0.53,0.59,1000
10979,720.0,719.96,719.96,0.0396,0.04,75,0.5,0.55,1000
10980,720.0,719.963,719.963,0.0372,0.037,75,0.47,0.52,1000
10981,720.0,719.965,719.965,0.0348,0.035,75,0.44,0.49,1000
10982,720.0,719.968,719.968,0.0324,0.032,75,0.41,0.45,1000
10983,720.0,719.97,719.97,0.03,0.03,75,0.38,0.42,1000
10984,720.0,719.972,719.972,0.0276,0.028,75,0.35,0.39,1000
10985,720.0,719.975,719.975,0.0252,0.025,75,0.32,0.35,1000
10985,720.0,719.977,719.977,0.0229,0.023,75,0.29,0.32,1000
10987,720.0,719.98,719.98,0.0205,0.02,75,0.26,0.29,1000
10988,720.0,719.982,719.982,0.0181,0.018,75,0.23,0.25,1000
10988,720.0,719.984,719.984,0.0157,0.016,75,0.2,0.22,1000
10990,720.0,719.987,719.987,0.0133,0.013,75,0.17,0.19,1000
10991,720.0,719.989,719.989,0.0109,0.011,75,0.14,0.15,1000
10992,720.0,719.991,719.991,0.0085,0.009,75,0.11,0.12,1000
10993,720.0,719.994,719.994,0.0061,0.006,75,0.08,0.09,1000
10994,720.0,719.996,719.996,0.0038,0.004,75,0.05,0.05,1000
10995,720.0,719.999,719.999,0.0014,0.001,75,0.02,0.02,1000
10995,720.0,720.001,720.001,-0.001,-0.001,75,-0.01,-0.01,1000
10997,720.0,720.003,720.003,-0.0034,-0.003,75,-0.04,-0.05,1000
10998,720.0,720.006,720.006,-0.0058,-0.006,75,-0.07,-0.08,1000
10998,720.0,720.008,720.008,-0.0082,-0.008,75,-0.1,-0.11,1000
11000,720.0,720.011,720.011,-0.0106,-0.011,75,-0.13,-0.15,1000
11001,720.0,720.013,720.013,-0.013,-0.013,75,-0.16,-0.18,1000
11001,720.0,720.015,720.015,-0.0153,-0.015,75,-0.19,-0.21,1000
11003,720.0,720.018,720.018,-0.0177,-0.018,75,-0.22,-0.25,1000
11004,720.0,720.02,720.02,-0.0201,-0.02,75,-0.25,-0.28,1000
11004,720.0,720.023,720.023,-0.0225,-0.023,75,-0.28,-0.31,1000
11006,720.0,720.025,720.025,-0.0249,-0.025,75,-0.31,-0.35,1000
11007,720.0,720.027,720.027,-0.0273,-0.027,75,-0.34,-0.38,1000
11008,720.0,720.03,720.03,-0.0297,-0.03,75,-0.37,-0.41,1000
11009,720.0,720.032,720.032,-0.032,-0.032,75,-0.4,-0.45,1000
11010,720.0,720.034,720.034,-0.0344,-0.034,75,-0.43,-0.48,1000
11011,720.0,720.037,720.037,-0.0368,-0.037,75,-0.46,-0.51,1000
11012,720.0,720.039,720.039,-0.0392,-0.039,75,-0.49,-0.55,1000
11013,720.0,720.042,720.042,-0.0416,-0.042,75,-0.52,-0.58,1000
11014,720.0,720.044,720.044,-0.044,-0.044,75,-0.55,-0.61,1000
11015,720.0,720.046,720.046,-0.0464,-0.046,75,-0.58,-0.65,1000
11016,720.0,720.049,720.049,-0.0487,-0.049,75,-0.61,-0.68,1000
11017,720.0,720.051,720.051,-0.0511,-0.051,75,-0.64,-0.71,1000
11017,720.0,720.054,720.054,-0.0535,-0.054,75,-0.67,-0.75,1000
11019,720.0,720.056,720.056,-0.0559,-0.056,75,-0.7,-0.78,1000
11020,720.0,720.058,720.058,-0.0583,-0.058,75,-0.73,-0.81,1000
11020,720.0,720.061,720.061,-0.0607,-0.061,75,-0.76,-0.85,1000
11022,720.0,720.063,720.063,-0.0631,-0.063,75,-0.79,-0.88,1000
11023,720.0,720.065,720.065,-0.0654,-0.065,75,-0.82,-0.91,1000
11024,720.0,720.068,720.068,-0.0678,-0.068,75,-0.85,-0.95,1000
11024,720.0,720.07,720.07,-0.0702,-0.07,75,-0.88,-0.98,1000
11026,720.0,720.073,720.073,-0.0726,-0.073,75,-0.91,-1.01,1000
11027,720.0,720.075,720.075,-0.075,-0.075,75,-0.94,-1.05,1000
11027,720.0,720.077,720.077,-0.0774,-0.077,75,-0.97,-1.08,1000
11029,720.0,720.08,720.08,-0.0797,-0.08,75,-1.0,-1.11,1000
11030,720.0,720.082,720.082,-0.0821,-0.082,75,-1.03,-1.15,1000
11030,720.0,720.085,720.085,-0.0845,-0.085,75,-1.06,-1.18,1000
11032,720.0,720.087,720.087,-0.0869,-0.087,75,-1.09,-1.21,1000
11033,720.0,720.089,720.089,-0.0893,-0.089,75,-1.12,-1.25,1000
11033,720.0,720.092,720.092,-0.0916,-0.092,75,-1.15,-1.28,1000
11035,720.0,720.094,720.094,-0.094,-0.094,75,-1.18,-1.31,1000
11036,720.0,720.096,720.096,-0.0964,-0.096,75,-1.21,-1.35,1000
11036,720.0,720.099,720.099,-0.0988,-0.099,75,-1.24,-1.38,1000
11038,720.0,720.101,720.101,-0.1012,-0.101,75,-1.27,-1.41,1000
11039,720.0,720.104,720.104,-0.1035,-0.104,75,-1.3,-1.45,1000
11040,720.0,720.106,720.106,-0.1059,-0.106,75,-1.33,-1.48,1000
11041,720.0,720.108,720.108,-0.1083,-0.108,75,-1.36,-1.51,1000
11042,720.0,720.111,720.111,-0.1107,-0.111,75,-1.39,-1.55,1000
11043,720.0,720.113,720.113,-0.1131,-0.113,75,-1.42,-1.58,1000
11044,720.0,720.115,720.115,-0.1154,-0.115,75,-1.45,-1.61,1000
11045,720.0,720.118,720.118,-0.1178,-0.118,75,-1.48,-1.64,1000
11046,720.0,720.12,720.12,-0.1202,-0.12,75,-1.51,-1.68,1000
11046,720.0,720.123,720.123,-0.1226,-0.123,75,-1.54,-1.71,1000
11048,720.0,720.125,720.125,-0.1249,-0.125,75,-1.57,-1.74,1000
11049,720.0,720.127,720.127,-0.1273,-0.127,75,-1.6,-1.78,1000
11049,720.0,720.13,720.13,-0.1297,-0.13,75,-1.63,-1.81,1000
11051,720.0,720.132,720.132,-0.132,-0.132,75,-1.66,-1.84,1000
11052,720.0,720.134,720.134,-0.1344,-0.134,75,-1.69,-1.88,1000
11052,720.0,720.137,720.137,-0.1368,-0.137,75,-1.72,-1.91,1000
11054,720.0,720.139,720.139,-0.1392,-0.139,75,-1.75,-1.94,1000
11055,720.0,720.142,720.142,-0.1415,-0.142,75,-1.78,-1.98,1000
11056,720.0,720.144,720.144,-0.1439,-0.144,75,-1.81,-2.01,1000
11056,720.0,720.146,720.146,-0.1463,-0.146,75,-1.84,-2.04,1000
11058,720.0,720.149,720.149,-0.1486,-0.149,75,-1.87,-2.08,1000
11059,720.0,720.151,720.151,-0.151,-0.151,75,-1.9,-2.11,1000
11059,720.0,720.153,720.153,-0.1534,-0.153,75,-1.93,-2.14,1000
11061,720.0,720.156,720.156,-0.1557,-0.156,75,-1.96,-2.17,1000
11062,720.0,720.158,720.158,-0.1581,-0.158,75,-1.99,-2.21,1000
11062,720.0,720.16,720.16,-0.1605,-0.16,75,-2.02,-2.24,1000
11064,720.0,720.163,720.163,-0.1628,-0.163,75,-2.05,-2.27,1000
11065,720.0,720.165,720.165,-0.1652,-0.165,75,-2.08,-2.31,1000
11065,720.0,720.168,720.168,-0.1676,-0.168,75,-2.11,-2.34,1000
11067,720.0,720.17,720.17,-0.1699,-0.17,75,-2.14,-2.37,1000
11068,720.0,720.172,720.172,-0.1723,-0.172,75,-2.17,-2.41,1000
11068,720.0,720.175,720.175,-0.1747,-0.175,75,-2.19,-2.44,1000
11070,720.0,720.177,720.177,-0.177,-0.177,75,-2.22,-2.47,1000
11071,720.0,720.179,720.179,-0.1794,-0.179,75,-2.25,-2.5,1000
11072,720.0,720.182,720.182,-0.1817,-0.182,75,-2.28,-2.54,1000
11073,720.0,720.184,720.184,-0.1841,-0.184,75,-2.31,-2.57,1000
11074,720.0,720.186,720.186,-0.1865,-0.186,75,-2.34,-2.6,1000
11075,720.0,720.189,720.189,-0.1888,-0.189,75,-2.37,-2.64,1000
11076,720.0,720.191,720.191,-0.1912,-0.191,75,-2.4,-2.67,1000
11077,720.0,720.194,720.194,-0.1935,-0.194,75,-2.43,-2.7,1000
11078,720.0,720.196,720.196,-0.1959,-0.196,75,-2.46,-2.74,1000
11078,720.0,720.198,720.198,-0.1982,-0.198,75,-2.49,-2.77,1000
11080,720.0,720.201,720.201,-0.2006,-0.201,75,-2.52,-2.8,1000
11081,720.0,720.203,720.203,-0.2029,-0.203,75,-2.55,-2.83,1000
11081,720.0,720.205,720.205,-0.2053,-0.205,75,-2.58,-2.87,1000
11083,720.0,720.208,720.208,-0.2077,-0.208,75,-2.61,-2.9,1000
11084,720.0,720.21,720.21,-0.21,-0.21,75,-2.64,-2.93,1000
11084,720.0,720.212,720.212,-0.2124,-0.212,75,-2.67,-2.96,1000
11086,720.0,720.215,720.215,-0.2147,-0.215,75,-2.7,-3.0,1000
11087,720.0,720.217,720.217,-0.217,-0.217,75,-2.73,-3.03,1000
11088,720.0,720.219,720.219,-0.2194,-0.219,75,-2.76,-3.06,1000
11088,720.0,720.222,720.222,-0.2217,-0.222,75,-2.79,-3.1,1000
11090,720.0,720.224,720.224,-0.2241,-0.224,75,-2.82,-3.13,1000
11091,720.0,720.226,720.226,-0.2264,-0.226,75,-2.85,-3.16,1000
11091,720.0,720.229,720.229,-0.2288,-0.229,75,-2.87,-3.19,1000
11093,720.0,720.231,720.231,-0.2311,-0.231,75,-2.9,-3.23,1000
11094,720.0,720.233,720.233,-0.2335,-0.233,75,-2.93,-3.26,1000
11094,720.0,720.236,720.236,-0.2358,-0.236,75,-2.96,-3.29,1000
11096,720.0,720.238,720.238,-0.2381,-0.238,75,-2.99,-3.33,1000
11097,720.0,720.24,720.24,-0.2405,-0.24,75,-3.02,-3.36,1000
11097,720.0,720.243,720.243,-0.2428,-0.243,75,-3.05,-3.39,1000
11099,720.0,720.245,720.245,-0.2452,-0.245,75,-3.08,-3.42,1000
11100,720.0,720.247,720.247,-0.2475,-0.247,75,-3.11,-3.46,1000
11101,720.0,720.25,720.25,-0.2498,-0.25,75,-3.14,-3.49,1000
11102,720.0,720.252,720.252,-0.2522,-0.252,75,-3.17,-3.52,1000
11103,720.0,720.254,720.254,-0.2545,-0.254,75,-3.2,-3.55,1000
11104,720.0,720.257,720.257,-0.2568,-0.257,75,-3.23,-3.59,1000
11105,720.0,720.259,720.259,-0.2592,-0.259,75,-3.26,-3.62,1000
11106,720.0,720.261,720.261,-0.2615,-0.261,75,-3.29,-3.65,1000
11107,720.0,720.264,720.264,-0.2638,-0.264,75,-3.32,-3.68,1000
11108,720.0,720.266,720.266,-0.2661,-0.266,75,-3.34,-3.72,1000
11109,720.0,720.268,720.268,-0.2685,-0.268,75,-3.37,-3.75,1000
11110,720.0,720.271,720.271,-0.2708,-0.271,75,-3.4,-3.78,1000
11110,720.0,720.273,720.273,-0.2731,-0.273,75,-3.43,-3.81,1000
11112,720.0,720.275,720.275,-0.2754,-0.275,75,-3.46,-3.85,1000
11113,720.0,720.278,720.278,-0.2778,-0.278,75,-3.49,-3.88,1000
11113,720.0,720.28,720.28,-0.2801,-0.28,75,-3.52,-3.91,1000
11115,720.0,720.282,720.282,-0.2824,-0.282,75,-3.55,-3.94,1000
11116,720.0,720.285,720.285,-0.2847,-0.285,75,-3.58,-3.98,1000
11117,720.0,720.287,720.287,-0.287,-0.287,75,-3.61,-4.01,1000
11118,720.0,720.289,720.289,-0.2894,-0.289,75,-3.64,-4.04,1000
11119,720.0,720.292,720.292,-0.2917,-0.292,75,-3.67,-4.07,1000
11120,720.0,720.294,720.294,-0.294,-0.294,75,-3.69,-4.1,1000
11120,720.0,720.296,720.296,-0.2963,-0.296,75,-3.72,-4.14,1000
11122,720.0,720.299,720.299,-0.2986,-0.299,75,-3.75,-4.17,1000
11123,720.0,720.301,720.301,-0.3009,-0.301,75,-3.78,-4.2,1000
11123,720.0,720.303,720.303,-0.3032,-0.303,75,-3.81,-4.23,1000
11125,720.0,720.306,720.306,-0.3055,-0.306,75,-3.84,-4.27,1000
11126,720.0,720.308,720.308,-0.3078,-0.308,75,-3.87,-4.3,1000
11126,720.0,720.31,720.31,-0.3102,-0.31,75,-3.9,-4.33,1000
11128,720.0,720.312,720.312,-0.3125,-0.312,75,-3.93,-4.36,1000
11129,720.0,720.315,720.315,-0.3148,-0.315,75,-3.96,-4.39,1000
11129,720.0,720.317,720.317,-0.3171,-0.317,75,-3.98,-4.43,1000
11131,720.0,720.319,720.319,-0.3194,-0.319,75,-4.01,-4.46,1000
11132,720.0,720.322,720.322,-0.3217,-0.322,75,-4.04,-4.49,1000
11133,720.0,720.324,720.324,-0.324,-0.324,75,-4.07,-4.52,1000
11134,720.0,720.326,720.326,-0.3263,-0.326,75,-4.1,-4.56,1000
11135,720.0,720.329,720.329,-0.3286,-0.329,75,-4.13,-4.59,1000
11136,720.0,720.331,720.331,-0.3309,-0.331,75,-4.16,-4.62,1000
11137,720.0,720.333,720.333,-0.3331,-0.333,75,-4.19,-4.65,1000
11138,720.0,720.335,720.335,-0.3354,-0.335,75,-4.22,-4.68,1000
11139,720.0,720.338,720.338,-0.3377,-0.338,75,-4.24,-4.72,1000
11140,720.0,720.34,720.34,-0.34,-0.34,75,-4.27,-4.75,1000
11141,720.0,720.342,720.342,-0.3423,-0.342,75,-4.3,-4.78,1000
11142,720.0,720.345,720.345,-0.3446,-0.345,75,-4.33,-4.81,1000
11142,720.0,720.347,720.347,-0.3469,-0.347,75,-4.36,-4.84,1000
11144,720.0,720.349,720.349,-0.3492,-0.349,75,-4.39,-4.88,1000
11145,720.0,720.351,720.351,-0.3514,-0.351,75,-4.42,-4.91,1000
11145,720.0,720.354,720.354,-0.3537,-0.354,75,-4.45,-4.94,1000
11147,720.0,720.356,720.356,-0.356,-0.356,75,-4.47,-4.97,1000
11148,720.0,720.358,720.358,-0.3583,-0.358,75,-4.5,-5.0,1000
11149,720.0,720.361,720.361,-0.3606,-0.361,75,-4.53,-5.03,1000
11149,720.0,720.363,720.363,-0.3628,-0.363,75,-4.56,-5.07,1000
11151,720.0,720.365,720.365,-0.3651,-0.365,75,-4.59,-5.1,1000
11152,720.0,720.367,720.367,-0.3674,-0.367,75,-4.62,-5.13,1000
11152,720.0,720.37,720.37,-0.3696,-0.37,75,-4.65,-5.16,1000
11154,720.0,720.372,720.372,-0.3719,-0.372,75,-4.67,-5.19,1000
11155,720.0,720.374,720.374,-0.3742,-0.374,75,-4.7,-5.22,1000
11155,720.0,720.376,720.376,-0.3765,-0.376,75,-4.73,-5.26,1000
11157,720.0,720.379,720.379,-0.3787,-0.379,75,-4.76,-5.29,1000
11158,720.0,720.381,720.381,-0.381,-0.381,75,-4.79,-5.32,1000
11158,720.0,720.383,720.383,-0.3832,-0.383,75,-4.82,-5.35,1000
11160,720.0,720.386,720.386,-0.3855,-0.386,75,-4.84,-5.38,1000
11161,720.0,720.388,720.388,-0.3878,-0.388,75,-4.87,-5.41,1000
11161,720.0,720.39,720.39,-0.39,-0.39,75,-4.9,-5.45,1000
11163,720.0,720.392,720.392,-0.3923,-0.392,75,-4.93,-5.48,1000
11164,720.0,720.395,720.395,-0.3945,-0.395,75,-4.96,-5.51,1000
11165,720.0,720.397,720.397,-0.3968,-0.397,75,-4.99,-5.54,1000
11166,720.0,720.399,720.399,-0.399,-0.399,75,-5.01,-5.57,1000
11167,720.0,720.401,720.401,-0.4013,-0.401,75,-5.04,-5.6,1000
11168,720.0,720.404,720.404,-0.4035,-0.404,75,-5.07,-5.63,1000
11169,720.0,720.406,720.406,-0.4058,-0.406,75,-5.1,-5.67,1000
11170,720.0,720.408,720.408,-0.408,-0.408,75,-5.13,-5.7,1000
11171,720.0,720.41,720.41,-0.4103,-0.41,75,-5.16,-5.73,1000
11171,720.0,720.412,720.412,-0.4125,-0.412,75,-5.18,-5.76,1000
11173,720.0,720.415,720.415,-0.4147,-0.415,75,-5.21,-5.79,1000
11174,720.0,720.417,720.417,-0.417,-0.417,75,-5.24,-5.82,1000
11174,720.0,720.419,720.419,-0.4192,-0.419,75,-5.27,-5.85,1000
11176,720.0,720.421,720.421,-0.4214,-0.421,75,-5.3,-5.88,1000
11177,720.0,720.424,720.424,-0.4237,-0.424,75,-5.32,-5.92,1000
11177,720.0,720.426,720.426,-0.4259,-0.426,75,-5.35,-5.95,1000
11179,720.0,720.428,720.428,-0.4281,-0.428,75,-5.38,-5.98,1000
11180,720.0,720.43,720.43,-0.4304,-0.43,75,-5.41,-6.01,1000
11181,720.0,720.433,720.433,-0.4326,-0.433,75,-5.44,-6.04,1000
11181,720.0,720.435,720.435,-0.4348,-0.435,75,-5.46,-6.07,1000
11183,720.0,720.437,720.437,-0.437,-0.437,75,-5.49,-6.1,1000
11184,720.0,720.439,720.439,-0.4393,-0.439,75,-5.52,-6.13,1000
11184,720.0,720.441,720.441,-0.4415,-0.441,75,-5.55,-6.16,1000
11186,720.0,720.444,720.444,-0.4437,-0.444,75,-5.58,-6.2,1000
11187,720.0,720.446,720.446,-0.4459,-0.446,75,-5.6,-6.23,1000
11187,720.0,720.448,720.448,-0.4481,-0.448,75,-5.63,-6.26,1000
11189,720.0,720.45,720.45,-0.4503,-0.45,75,-5.66,-6.29,1000
11190,720.0,720.453,720.453,-0.4525,-0.453,75,-5.69,-6.32,1000
11190,720.0,720.455,720.455,-0.4548,-0.455,75,-5.71,-6.35,1000
11192,720.0,720.457,720.457,-0.457,-0.457,75,-5.74,-6.38,1000
11193,720.0,720.459,720.459,-0.4592,-0.459,75,-5.77,-6.41,1000
11193,720.0,720.461,720.461,-0.4614,-0.461,75,-5.8,-6.44,1000
11195,720.0,720.464,720.464,-0.4636,-0.464,75,-5.83,-6.47,1000
11196,720.0,720.466,720.466,-0.4658,-0.466,75,-5.85,-6.5,1000
11197,720.0,720.468,720.468,-0.468,-0.468,75,-5.88,-6.53,1000
11198,720.0,720.47,720.47,-0.4702,-0.47,75,-5.91,-6.56,1000
11199,720.0,720.472,720.472,-0.4724,-0.472,75,-5.94,-6.6,1000
11200,720.0,720.475,720.475,-0.4745,-0.475,75,-5.96,-6.63,1000
11201,720.0,720.477,720.477,-0.4767,-0.477,75,-5.99,-6.66,1000
11202,720.0,720.479,720.479,-0.4789,-0.479,75,-6.02,-6.69,1000
11203,720.0,720.481,720.481,-0.4811,-0.481,75,-6.05,-6.72,1000
11203,720.0,720.483,720.483,-0.4833,-0.483,75,-6.07,-6.75,1000
11205,720.0,720.485,720.485,-0.4855,-0.485,75,-6.1,-6.78,1000
11206,720.0,720.488,720.488,-0.4877,-0.488,75,-6.13,-6.81,1000
11206,720.0,720.49,720.49,-0.4898,-0.49,75,-6.16,-6.84,1000
11208,720.0,720.492,720.492,-0.492,-0.492,75,-6.18,-6.87,1000
11209,720.0,720.494,720.494,-0.4942,-0.494,75,-6.21,-6.9,1000
11209,720.0,720.496,720.496,-0.4964,-0.496,75,-6.24,-6.93,1000
11211,720.0,720.499,720.499,-0.4985,-0.499,75,-6.26,-6.96,1000
11212,720.0,720.501,720.501,-0.5007,-0.501,75,-6.29,-6.99,1000
11213,720.0,720.503,720.503,-0.5029,-0.503,75,-6.32,-7.02,1000
11213,720.0,720.505,720.505,-0.505,-0.505,75,-6.35,-7.05,1000
11215,720.0,720.507,720.507,-0.5072,-0.507,75,-6.37,-7.08,1000
11216,720.0,720.509,720.509,-0.5093,-0.509,75,-6.4,-7.11,1000
11216,720.0,720.512,720.512,-0.5115,-0.512,75,-6.43,-7.14,1000
11218,720.0,720.514,720.514,-0.5137,-0.514,75,-6.45,-7.17,1000
11219,720.0,720.516,720.516,-0.5158,-0.516,75,-6.48,-7.2,1000
11219,720.0,720.518,720.518,-0.518,-0.518,75,-6.51,-7.23,1000
11221,720.0,720.52,720.52,-0.5201,-0.52,75,-6.54,-7.26,1000
11222,720.0,720.522,720.522,-0.5223,-0.522,75,-6.56,-7.29,1000
11222,720.0,720.524,720.524,-0.5244,-0.524,75,-6.59,-7.32,1000
11224,720.0,720.527,720.527,-0.5266,-0.527,75,-6.62,-7.35,1000
11225,720.0,720.529,720.529,-0.5287,-0.529,75,-6.64,-7.38,1000
11226,720.0,720.531,720.531,-0.5308,-0.531,75,-6.67,-7.41,1000
11227,720.0,720.533,720.533,-0.533,-0.533,75,-6.7,-7.44,1000
11228,720.0,720.535,720.535,-0.5351,-0.535,75,-6.72,-7.47,1000
11229,720.0,720.537,720.537,-0.5372,-0.537,75,-6.75,-7.5,1000
11230,720.0,720.539,720.539,-0.5394,-0.539,75,-6.78,-7.53,1000
11231,720.0,720.541,720.541,-0.5415,-0.541,75,-6.8,-7.56,1000
11232,720.0,720.544,720.544,-0.5436,-0.544,75,-6.83,-7.59,1000
11233,720.0,720.546,720.546,-0.5457,-0.546,75,-6.86,-7.62,1000
11234,720.0,720.548,720.548,-0.5479,-0.548,75,-6.88,-7.65,1000
11235,720.0,720.55,720.55,-0.55,-0.55,75,-6.91,-7.68,1000
11235,720.0,720.552,720.552,-0.5521,-0.552,75,-6.94,-7.71,1000
11237,720.0,720.554,720.554,-0.5542,-0.554,75,-6.96,-7.74,1000
11238,720.0,720.556,720.556,-0.5563,-0.556,75,-6.99,-7.77,1000
11238,720.0,720.558,720.558,-0.5584,-0.558,75,-7.02,-7.8,1000
11240,720.0,720.561,720.561,-0.5606,-0.561,75,-7.04,-7.83,1000
11241,720.0,720.563,720.563,-0.5627,-0.563,75,-7.07,-7.86,1000
11242,720.0,720.565,720.565,-0.5648,-0.565,75,-7.1,-7.89,1000
11243,720.0,720.567,720.567,-0.5669,-0.567,75,-7.12,-7.92,1000
11244,720.0,720.569,720.569,-0.569,-0.569,75,-7.15,-7.94,1000
11245,720.0,720.571,720.571,-0.5711,-0.571,75,-7.18,-7.97,1000
11245,720.0,720.573,720.573,-0.5732,-0.573,75,-7.2,-8.0,1000
11247,720.0,720.575,720.575,-0.5753,-0.575,75,-7.23,-8.03,1000
11248,720.0,720.577,720.577,-0.5773,-0.577,75,-7.26,-8.06,1000
11248,720.0,720.579,720.579,-0.5794,-0.579,75,-7.28,-8.09,1000
11250,720.0,720.582,720.582,-0.5815,-0.582,75,-7.31,-8.12,1000
11251,720.0,720.584,720.584,-0.5836,-0.584,75,-7.33,-8.15,1000
11251,720.0,720.586,720.586,-0.5857,-0.586,75,-7.36,-8.18,1000
11253,720.0,720.588,720.588,-0.5878,-0.588,75,-7.39,-8.21,1000
11254,720.0,720.59,720.59,-0.5898,-0.59,75,-7.41,-8.24,1000
11254,720.0,720.592,720.592,-0.5919,-0.592,75,-7.44,-8.26,1000
11256,720.0,720.594,720.594,-0.594,-0.594,75,-7.46,-8.29,1000
11257,720.0,720.596,720.596,-0.5961,-0.596,75,-7.49,-8.32,1000
11258,720.0,720.598,720.598,-0.5981,-0.598,75,-7.52,-8.35,1000
11259,720.0,720.6,720.6,-0.6002,-0.6,75,-7.54,-8.38,1000
11260,720.0,720.602,720.602,-0.6023,-0.602,75,-7.57,-8.41,1000
11261,720.0,720.604,720.604,-0.6043,-0.604,75,-7.59,-8.44,1000
11262,720.0,720.606,720.606,-0.6064,-0.606,75,-7.62,-8.47,1000
11263,720.0,720.608,720.608,-0.6084,-0.608,75,-7.65,-8.5,1000
11264,720.0,720.61,720.61,-0.6105,-0.61,75,-7.67,-8.52,1000
11265,720.0,720.613,720.613,-0.6125,-0.613,75,-7.7,-8.55,1000
11266,720.0,720.615,720.615,-0.6146,-0.615,75,-7.72,-8.58,1000
11267,720.0,720.617,720.617,-0.6166,-0.617,75,-7.75,-8.61,1000
11267,720.0,720.619,720.619,-0.6187,-0.619,75,-7.77,-8.64,1000
11269,720.0,720.621,720.621,-0.6207,-0.621,75,-7.8,-8.67,1000
11270,720.0,720.623,720.623,-0.6227,-0.623,75,-7.83,-8.7,1000
11270,720.0,720.625,720.625,-0.6248,-0.625,75,-7.85,-8.72,1000
11272,720.0,720.627,720.627,-0.6268,-0.627,75,-7.88,-8.75,1000
11273,720.0,720.629,720.629,-0.6288,-0.629,75,-7.9,-8.78,1000
11274,720.0,720.631,720.631,-0.6309,-0.631,75,-7.93,-8.81,1000
11275,720.0,720.633,720.633,-0.6329,-0.633,75,-7.95,-8.84,1000
11276,720.0,720.635,720.635,-0.6349,-0.635,75,-7.98,-8.87,1000
11277,720.0,720.637,720.637,-0.6369,-0.637,75,-8.0,-8.89,1000
11277,720.0,720.639,720.639,-0.639,-0.639,75,-8.03,-8.92,1000
11279,720.0,720.641,720.641,-0.641,-0.641,75,-8.05,-8.95,1000
11280,720.0,720.643,720.643,-0.643,-0.643,75,-8.08,-8.98,1000
11280,720.0,720.645,720.645,-0.645,-0.645,75,-8.11,-9.01,1000
11282,720.0,720.647,720.647,-0.647,-0.647,75,-8.13,-9.03,1000
11283,720.0,720.649,720.649,-0.649,-0.649,75,-8.16,-9.06,1000
11283,720.0,720.651,720.651,-0.651,-0.651,75,-8.18,-9.09,1000
11285,720.0,720.653,720.653,-0.653,-0.653,75,-8.21,-9.12,1000
11286,720.0,720.655,720.655,-0.655,-0.655,75,-8.23,-9.15,1000
11286,720.0,720.657,720.657,-0.657,-0.657,75,-8.26,-9.17,1000
11288,720.0,720.659,720.659,-0.659,-0.659,75,-8.28,-9.2,1000
11289,720.0,720.661,720.661,-0.661,-0.661,75,-8.31,-9.23,1000
11290,720.0,720.663,720.663,-0.663,-0.663,75,-8.33,-9.26,1000
11291,720.0,720.665,720.665,-0.665,-0.665,75,-8.36,-9.28,1000
11292,720.0,720.667,720.667,-0.6669,-0.667,75,-8.38,-9.31,1000
11293,720.0,720.669,720.669,-0.6689,-0.669,75,-8.41,-9.34,1000
11294,720.0,720.671,720.671,-0.6709,-0.671,75,-8.43,-9.37,1000
11295,720.0,720.673,720.673,-0.6729,-0.673,75,-8.46,-9.39,1000
11296,720.0,720.675,720.675,-0.6748,-0.675,75,-8.48,-9.42,1000
11296,720.0,720.677,720.677,-0.6768,-0.677,75,-8.5,-9.45,1000
11298,720.0,720.679,720.679,-0.6788,-0.679,75,-8.53,-9.48,1000
11299,720.0,720.681,720.681,-0.6807,-0.681,75,-8.55,-9.5,1000
11299,720.0,720.683,720.683,-0.6827,-0.683,75,-8.58,-9.53,1000
11301,720.0,720.685,720.685,-0.6846,-0.685,75,-8.6,-9.56,1000
11302,720.0,720.687,720.687,-0.6866,-0.687,75,-8.63,-9.59,1000
11302,720.0,720.689,720.689,-0.6885,-0.689,75,-8.65,-9.61,1000
11304,720.0,720.69,720.69,-0.6905,-0.69,75,-8.68,-9.64,1000
11305,720.0,720.692,720.692,-0.6924,-0.692,75,-8.7,-9.67,1000
11306,720.0,720.694,720.694,-0.6944,-0.694,75,-8.73,-9.7,1000
11306,720.0,720.696,720.696,-0.6963,-0.696,75,-8.75,-9.72,1000
11308,720.0,720.698,720.698,-0.6983,-0.698,75,-8.77,-9.75,1000
11309,720.0,720.7,720.7,-0.7002,-0.7,75,-8.8,-9.78,1000
11309,720.0,720.702,720.702,-0.7021,-0.702,75,-8.82,-9.8,1000
11311,720.0,720.704,720.704,-0.7041,-0.704,75,-8.85,-9.83,1000
11312,720.0,720.706,720.706,-0.706,-0.706,75,-8.87,-9.86,1000
11312,720.0,720.708,720.708,-0.7079,-0.708,75,-8.9,-9.88,1000
11314,720.0,720.71,720.71,-0.7098,-0.71,75,-8.92,-9.91,1000
11315,720.0,720.712,720.712,-0.7117,-0.712,75,-8.94,-9.94,1000
11315,720.0,720.714,720.714,-0.7137,-0.714,75,-8.97,-9.96,1000
11317,720.0,720.716,720.716,-0.7156,-0.716,75,-8.99,-9.99,1000
11318,720.0,720.717,720.717,-0.7175,-0.717,75,-9.02,-10.02,1000
11318,720.0,720.719,720.719,-0.7194,-0.719,75,-9.04,-10.04,1000
11320,720.0,720.721,720.721,-0.7213,-0.721,75,-9.06,-10.07,1000
11321,720.0,720.723,720.723,-0.7232,-0.723,75,-9.09,-10.1,1000
11322,720.0,720.725,720.725,-0.7251,-0.725,75,-9.11,-10.12,1000
11323,720.0,720.727,720.727,-0.727,-0.727,75,-9.14,-10.15,1000
11324,720.0,720.729,720.729,-0.7289,-0.729,75,-9.16,-10.18,1000
11325,720.0,720.731,720.731,-0.7308,-0.731,75,-9.18,-10.2,1000
11326,720.0,720.733,720.733,-0.7327,-0.733,75,-9.21,-10.23,1000
11327,720.0,720.735,720.735,-0.7345,-0.735,75,-9.23,-10.26,1000
11328,720.0,720.736,720.736,-0.7364,-0.736,75,-9.25,-10.28,1000
11328,720.0,720.738,720.738,-0.7383,-0.738,75,-9.28,-10.31,1000
11330,720.0,720.74,720.74,-0.7402,-0.74,75,-9.3,-10.33,1000
11331,720.0,720.742,720.742,-0.742,-0.742,75,-9.32,-10.36,1000
11331,720.0,720.744,720.744,-0.7439,-0.744,75,-9.35,-10.39,1000
11333,720.0,720.746,720.746,-0.7458,-0.746,75,-9.37,-10.41,1000
11334,720.0,720.748,720.748,-0.7476,-0.748,75,-9.4,-10.44,1000
11334,720.0,720.749,720.749,-0.7495,-0.749,75,-9.42,-10.46,1000
11336,720.0,720.751,720.751,-0.7514,-0.751,75,-9.44,-10.49,1000
11337,720.0,720.753,720.753,-0.7532,-0.753,75,-9.47,-10.52,1000
11338,720.0,720.755,720.755,-0.7551,-0.755,75,-9.49,-10.54,1000
11338,720.0,720.757,720.757,-0.7569,-0.757,75,-9.51,-10.57,1000
11340,720.0,720.759,720.759,-0.7588,-0.759,75,-9.53,-10.59,1000
11341,720.0,720.761,720.761,-0.7606,-0.761,75,-9.56,-10.62,1000
11341,720.0,720.762,720.762,-0.7624,-0.762,75,-9.58,-10.65,1000
11343,720.0,720.764,720.764,-0.7643,-0.764,75,-9.6,-10.67,1000
11344,720.0,720.766,720.766,-0.7661,-0.766,75,-9.63,-10.7,1000
11344,720.0,720.768,720.768,-0.7679,-0.768,75,-9.65,-10.72,1000
11346,720.0,720.77,720.77,-0.7698,-0.77,75,-9.67,-10.75,1000
11347,720.0,720.772,720.772,-0.7716,-0.772,75,-9.7,-10.77,1000
11347,720.0,720.773,720.773,-0.7734,-0.773,75,-9.72,-10.8,1000
11349,720.0,720.775,720.775,-0.7752,-0.775,75,-9.74,-10.82,1000
11350,720.0,720.777,720.777,-0.777,-0.777,75,-9.76,-10.85,1000
11351,720.0,720.779,720.779,-0.7788,-0.779,75,-9.79,-10.87,1000
11352,720.0,720.781,720.781,-0.7806,-0.781,75,-9.81,-10.9,1000
11353,720.0,720.782,720.782,-0.7825,-0.782,75,-9.83,-10.93,1000
11354,720.0,720.784,720.784,-0.7843,-0.784,75,-9.86,-10.95,1000
11355,720.0,720.786,720.786,-0.7861,-0.786,75,-9.88,-10.98,1000
11356,720.0,720.788,720.788,-0.7878,-0.788,75,-9.9,-11.0,1000
11357,720.0,720.79,720.79,-0.7896,-0.79,75,-9.92,-11.03,1000
11358,720.0,720.791,720.791,-0.7914,-0.791,75,-9.95,-11.05,1000
11359,720.0,720.793,720.793,-0.7932,-0.793,75,-9.97,-11.08,1000
11360,720.0,720.795,720.795,-0.795,-0.795,75,-9.99,-11.1,1000
11360,720.0,720.797,720.797,-0.7968,-0.797,75,-10.01,-11.13,1000
11362,720.0,720.799,720.799,-0.7986,-0.799,75,-10.03,-11.15,1000
11363,720.0,720.8,720.8,-0.8003,-0.8,75,-10.06,-11.17,1000
11363,720.0,720.802,720.802,-0.8021,-0.802,75,-10.08,-11.2,1000
11365,720.0,720.804,720.804,-0.8039,-0.804,75,-10.1,-11.22,1000
11366,720.0,720.806,720.806,-0.8056,-0.806,75,-10.12,-11.25,1000
11367,720.0,720.807,720.807,-0.8074,-0.807,75,-10.15,-11.27,1000
11368,720.0,720.809,720.809,-0.8091,-0.809,75,-10.17,-11.3,1000
11369,720.0,720.811,720.811,-0.8109,-0.811,75,-10.19,-11.32,1000
11370,720.0,720.813,720.813,-0.8126,-0.813,75,-10.21,-11.35,1000
11370,720.0,720.814,720.814,-0.8144,-0.814,75,-10.23,-11.37,1000
11372,720.0,720.816,720.816,-0.8161,-0.816,75,-10.26,-11.4,1000
11373,720.0,720.818,720.818,-0.8179,-0.818,75,-10.28,-11.42,1000
11373,720.0,720.82,720.82,-0.8196,-0.82,75,-10.3,-11.44,1000
11375,720.0,720.821,720.821,-0.8213,-0.821,75,-10.32,-11.47,1000
11376,720.0,720.823,720.823,-0.8231,-0.823,75,-10.34,-11.49,1000
11376,720.0,720.825,720.825,-0.8248,-0.825,75,-10.36,-11.52,1000
11378,720.0,720.827,720.827,-0.8265,-0.827,75,-10.39,-11.54,1000
11379,720.0,720.828,720.828,-0.8282,-0.828,75,-10.41,-11.56,1000
11379,720.0,720.83,720.83,-0.83,-0.83,75,-10.43,-11.59,1000
11381,720.0,720.832,720.832,-0.8317,-0.832,75,-10.45,-11.61,1000
11382,720.0,720.833,720.833,-0.8334,-0.833,75,-10.47,-11.64,1000
11383,720.0,720.835,720.835,-0.8351,-0.835,75,-10.49,-11.66,1000
11384,720.0,720.837,720.837,-0.8368,-0.837,75,-10.52,-11.68,1000
11385,720.0,720.839,720.839,-0.8385,-0.839,75,-10.54,-11.71,1000
11386,720.0,720.84,720.84,-0.8402,-0.84,75,-10.56,-11.73,1000
11387,720.0,720.842,720.842,-0.8419,-0.842,75,-10.58,-11.76,1000
11388,720.0,720.844,720.844,-0.8436,-0.844,75,-10.6,-11.78,1000
11389,720.0,720.845,720.845,-0.8453,-0.845,75,-10.62,-11.8,1000
11390,720.0,720.847,720.847,-0.847,-0.847,75,-10.64,-11.83,1000
11391,720.0,720.849,720.849,-0.8486,-0.849,75,-10.66,-11.85,1000
11392,720.0,720.85,720.85,-0.8503,-0.85,75,-10.69,-11.87,1000
11392,720.0,720.852,720.852,-0.852,-0.852,75,-10.71,-11.9,1000
11394,720.0,720.854,720.854,-0.8537,-0.854,75,-10.73,-11.92,1000
11395,720.0,720.855,720.855,-0.8553,-0.855,75,-10.75,-11.94,1000
11395,720.0,720.857,720.857,-0.857,-0.857,75,-10.77,-11.97,1000
11397,720.0,720.859,720.859,-0.8586,-0.859,75,-10.79,-11.99,1000
11398,720.0,720.86,720.86,-0.8603,-0.86,75,-10.81,-12.01,1000
11399,720.0,720.862,720.862,-0.862,-0.862,75,-10.83,-12.04,1000
11400,720.0,720.864,720.864,-0.8636,-0.864,75,-10.85,-12.06,1000
11401,720.0,720.865,720.865,-0.8653,-0.865,75,-10.87,-12.08,1000
11402,720.0,720.867,720.867,-0.8669,-0.867,75,-10.89,-12.1,1000
11402,720.0,720.869,720.869,-0.8685,-0.869,75,-10.91,-12.13,1000
11404,720.0,720.87,720.87,-0.8702,-0.87,75,-10.93,-12.15,1000
11405,720.0,720.872,720.872,-0.8718,-0.872,75,-10.96,-12.17,1000
11405,720.0,720.873,720.873,-0.8734,-0.873,75,-10.98,-12.2,1000
11407,720.0,720.875,720.875,-0.8751,-0.875,75,-11.0,-12.22,1000
11408,720.0,720.877,720.877,-0.8767,-0.877,75,-11.02,-12.24,1000
11408,720.0,720.878,720.878,-0.8783,-0.878,75,-11.04,-12.26,1000
11410,720.0,720.88,720.88,-0.8799,-0.88,75,-11.06,-12.29,1000
11411,720.0,720.882,720.882,-0.8815,-0.882,75,-11.08,-12.31,1000
11411,720.0,720.883,720.883,-0.8831,-0.883,75,-11.1,-12.33,1000
11413,720.0,720.885,720.885,-0.8847,-0.885,75,-11.12,-12.35,1000
11414,720.0,720.886,720.886,-0.8863,-0.886,75,-11.14,-12.38,1000
11415,720.0,720.888,720.888,-0.8879,-0.888,75,-11.16,-12.4,1000
11416,720.0,720.89,720.89,-0.8895,-0.89,75,-11.18,-12.42,1000
11417,720.0,720.891,720.891,-0.8911,-0.891,75,-11.2,-12.44,1000
11418,720.0,720.893,720.893,-0.8927,-0.893,75,-11.22,-12.46,1000
11419,720.0,720.894,720.894,-0.8943,-0.894,75,-11.24,-12.49,1000
11420,720.0,720.896,720.896,-0.8959,-0.896,75,-11.26,-12.51,1000
11421,720.0,720.897,720.897,-0.8974,-0.897,75,-11.28,-12.53,1000
11421,720.0,720.899,720.899,-0.899,-0.899,75,-11.3,-12.55,1000
11423,720.0,720.901,720.901,-0.9006,-0.901,75,-11.32,-12.57,1000
11424,720.0,720.902,720.902,-0.9022,-0.902,75,-11.34,-12.6,1000
11424,720.0,720.904,720.904,-0.9037,-0.904,75,-11.36,-12.62,1000
11426,720.0,720.905,720.905,-0.9053,-0.905,75,-11.38,-12.64,1000
11427,720.0,720.907,720.907,-0.9068,-0.907,75,-11.4,-12.66,1000
11427,720.0,720.908,720.908,-0.9084,-0.908,75,-11.41,-12.68,1000
11429,720.0,720.91,720.91,-0.9099,-0.91,75,-11.43,-12.7,1000
11430,720.0,720.911,720.911,-0.9115,-0.911,75,-11.45,-12.73,1000
11431,720.0,720.913,720.913,-0.913,-0.913,75,-11.47,-12.75,1000
11431,720.0,720.915,720.915,-0.9145,-0.915,75,-11.49,-12.77,1000
11433,720.0,720.916,720.916,-0.9161,-0.916,75,-11.51,-12.79,1000
11434,720.0,720.918,720.918,-0.9176,-0.918,75,-11.53,-12.81,1000
11434,720.0,720.919,720.919,-0.9191,-0.919,75,-11.55,-12.83,1000
11436,720.0,720.921,720.921,-0.9206,-0.921,75,-11.57,-12.85,1000
11437,720.0,720.922,720.922,-0.9222,-0.922,75,-11.59,-12.88,1000
11437,720.0,720.924,720.924,-0.9237,-0.924,75,-11.61,-12.9,1000
11439,720.0,720.925,720.925,-0.9252,-0.925,75,-11.63,-12.92,1000
11440,720.0,720.927,720.927,-0.9267,-0.927,75,-11.65,-12.94,1000
11440,720.0,720.928,720.928,-0.9282,-0.928,75,-11.66,-12.96,1000
11442,720.0,720.93,720.93,-0.9297,-0.93,75,-11.68,-12.98,1000
11443,720.0,720.931,720.931,-0.9312,-0.931,75,-11.7,-13.0,1000
11443,720.0,720.933,720.933,-0.9327,-0.933,75,-11.72,-13.02,1000
11445,720.0,720.934,720.934,-0.9342,-0.934,75,-11.74,-13.04,1000
11446,720.0,720.936,720.936,-0.9357,-0.936,75,-11.76,-13.06,1000
11447,720.0,720.937,720.937,-0.9371,-0.937,75,-11.78,-13.08,1000
11448,720.0,720.939,720.939,-0.9386,-0.939,75,-11.8,-13.11,1000
11449,720.0,720.94,720.94,-0.9401,-0.94,75,-11.81,-13.13,1000
11450,720.0,720.942,720.942,-0.9416,-0.942,75,-11.83,-13.15,1000
11451,720.0,720.943,720.943,-0.943,-0.943,75,-11.85,-13.17,1000
11452,720.0,720.944,720.944,-0.9445,-0.944,75,-11.87,-13.19,1000
11453,720.0,720.946,720.946,-0.9459,-0.946,75,-11.89,-13.21,1000
11453,720.0,720.947,720.947,-0.9474,-0.947,75,-11.91,-13.23,1000
11455,720.0,720.949,720.949,-0.9488,-0.949,75,-11.92,-13.25,1000
11456,720.0,720.95,720.95,-0.9503,-0.95,75,-11.94,-13.27,1000
11456,720.0,720.952,720.952,-0.9517,-0.952,75,-11.96,-13.29,1000
11458,720.0,720.953,720.953,-0.9532,-0.953,75,-11.98,-13.31,1000
11459,720.0,720.955,720.955,-0.9546,-0.955,75,-12.0,-13.33,1000
11459,720.0,720.956,720.956,-0.956,-0.956,75,-12.01,-13.35,1000
11461,720.0,720.957,720.957,-0.9575,-0.957,75,-12.03,-13.37,1000
11462,720.0,720.959,720.959,-0.9589,-0.959,75,-12.05,-13.39,1000
11463,720.0,720.96,720.96,-0.9603,-0.96,75,-12.07,-13.41,1000
11463,720.0,720.962,720.962,-0.9617,-0.962,75,-12.09,-13.43,1000
11465,720.0,720.963,720.963,-0.9631,-0.963,75,-12.1,-13.45,1000
11466,720.0,720.965,720.965,-0.9646,-0.965,75,-12.12,-13.47,1000
11466,720.0,720.966,720.966,-0.966,-0.966,75,-12.14,-13.49,1000
11468,720.0,720.967,720.967,-0.9674,-0.967,75,-12.16,-13.51,1000
11469,720.0,720.969,720.969,-0.9688,-0.969,75,-12.17,-13.53,1000
11469,720.0,720.97,720.97,-0.9701,-0.97,75,-12.19,-13.55,1000
11471,720.0,720.972,720.972,-0.9715,-0.972,75,-12.21,-13.57,1000
11472,720.0,720.973,720.973,-0.9729,-0.973,75,-12.23,-13.58,1000
11472,720.0,720.974,720.974,-0.9743,-0.974,75,-12.24,-13.6,1000
11474,720.0,720.976,720.976,-0.9757,-0.976,75,-12.26,-13.62,1000
11475,720.0,720.977,720.977,-0.9771,-0.977,75,-12.28,-13.64,1000
11476,720.0,720.978,720.978,-0.9784,-0.978,75,-12.3,-13.66,1000
11477,720.0,720.98,720.98,-0.9798,-0.98,75,-12.31,-13.68,1000
11478,720.0,720.981,720.981,-0.9811,-0.981,75,-12.33,-13.7,1000
11479,720.0,720.983,720.983,-0.9825,-0.983,75,-12.35,-13.72,1000
11480,720.0,720.984,720.984,-0.9839,-0.984,75,-12.36,-13.74,1000
11481,720.0,720.985,720.985,-0.9852,-0.985,75,-12.38,-13.76,1000
11482,720.0,720.987,720.987,-0.9866,-0.987,75,-12.4,-13.77,1000
11483,720.0,720.988,720.988,-0.9879,-0.988,75,-12.41,-13.79,1000
11484,720.0,720.989,720.989,-0.9892,-0.989,75,-12.43,-13.81,1000
11485,720.0,720.991,720.991,-0.9906,-0.991,75,-12.45,-13.83,1000
11485,720.0,720.992,720.992,-0.9919,-0.992,75,-12.46,-13.85,1000
11487,720.0,720.993,720.993,-0.9932,-0.993,75,-12.48,-13.87,1000
11488,720.0,720.995,720.995,-0.9945,-0.995,75,-12.5,-13.89,1000
11488,720.0,720.996,720.996,-0.9959,-0.996,75,-12.51,-13.9,1000
11490,720.0,720.997,720.997,-0.9972,-0.997,75,-12.53,-13.92,1000
11491,720.0,720.998,720.998,-0.9985,-0.998,75,-12.55,-13.94,1000
11492,720.0,721.0,721.0,-0.9998,-1.0,75,-12.56,-13.96,1000
11493,720.0,721.001,721.001,-1.0011,-1.001,75,-12.58,-13.98,1000
11494,720.0,721.002,721.002,-1.0024,-1.002,75,-12.6,-14.0,1000
11495,720.0,721.004,721.004,-1.0037,-1.004,75,-12.61,-14.01,1000
11495,720.0,721.005,721.005,-1.005,-1.005,75,-12.63,-14.03,1000
11497,720.0,721.006,721.006,-1.0063,-1.006,75,-12.65,-14.05,1000
11498,720.0,721.008,721.008,-1.0075,-1.008,75,-12.66,-14.07,1000
11498,720.0,721.009,721.009,-1.0088,-1.009,75,-12.68,-14.09,1000
11500,720.0,721.01,721.01,-1.0101,-1.01,75,-12.69,-14.1,1000
11501,720.0,721.011,721.011,-1.0114,-1.011,75,-12.71,-14.12,1000
11501,720.0,721.013,721.013,-1.0126,-1.013,75,-12.73,-14.14,1000
11503,720.0,721.014,721.014,-1.0139,-1.014,75,-12.74,-14.16,1000
11504,720.0,721.015,721.015,-1.0152,-1.015,75,-12.76,-14.17,1000
11504,720.0,721.016,721.016,-1.0164,-1.016,75,-12.77,-14.19,1000
11506,720.0,721.018,721.018,-1.0177,-1.018,75,-12.79,-14.21,1000
11507,720.0,721.019,721.019,-1.0189,-1.019,75,-12.8,-14.23,1000
11508,720.0,721.02,721.02,-1.0201,-1.02,75,-12.82,-14.24,1000
11509,720.0,721.021,721.021,-1.0214,-1.021,75,-12.84,-14.26,1000
11510,720.0,721.023,721.023,-1.0226,-1.023,75,-12.85,-14.28,1000
11511,720.0,721.024,721.024,-1.0238,-1.024,75,-12.87,-14.3,1000
11512,720.0,721.025,721.025,-1.0251,-1.025,75,-12.88,-14.31,1000
11513,720.0,721.026,721.026,-1.0263,-1.026,75,-12.9,-14.33,1000
11514,720.0,721.028,721.028,-1.0275,-1.028,75,-12.91,-14.35,1000
11515,720.0,721.029,721.029,-1.0287,-1.029,75,-12.93,-14.36,1000
11516,720.0,721.03,721.03,-1.0299,-1.03,75,-12.94,-14.38,1000
11517,720.0,721.031,721.031,-1.0311,-1.031,75,-12.96,-14.4,1000
11517,720.0,721.032,721.032,-1.0323,-1.032,75,-12.97,-14.41,1000
11519,720.0,721.034,721.034,-1.0335,-1.034,75,-12.99,-14.43,1000
11520,720.0,721.035,721.035,-1.0347,-1.035,75,-13.0,-14.45,1000
11520,720.0,721.036,721.036,-1.0359,-1.036,75,-13.02,-14.46,1000
11522,720.0,721.037,721.037,-1.0371,-1.037,75,-13.03,-14.48,1000
11523,720.0,721.038,721.038,-1.0383,-1.038,75,-13.05,-14.5,1000
11524,720.0,721.039,721.039,-1.0395,-1.039,75,-13.06,-14.51,1000
11525,720.0,721.041,721.041,-1.0406,-1.041,75,-13.08,-14.53,1000
11526,720.0,721.042,721.042,-1.0418,-1.042,75,-13.09,-14.55,1000
11527,720.0,721.043,721.043,-1.043,-1.043,75,-13.11,-14.56,1000
11527,720.0,721.044,721.044,-1.0441,-1.044,75,-13.12,-14.58,1000
11529,720.0,721.045,721.045,-1.0453,-1.045,75,-13.14,-14.59,1000
11530,720.0,721.046,721.046,-1.0464,-1.046,75,-13.15,-14.61,1000
11530,720.0,721.048,721.048,-1.0476,-1.048,75,-13.16,-14.63,1000
11532,720.0,721.049,721.049,-1.0487,-1.049,75,-13.18,-14.64,1000
11533,720.0,721.05,721.05,-1.0498,-1.05,75,-13.19,-14.66,1000
11533,720.0,721.051,721.051,-1.051,-1.051,75,-13.21,-14.67,1000
11535,720.0,721.052,721.052,-1.0521,-1.052,75,-13.22,-14.69,1000
11536,720.0,721.053,721.053,-1.0532,-1.053,75,-13.24,-14.71,1000
11536,720.0,721.054,721.054,-1.0544,-1.054,75,-13.25,-14.72,1000
11538,720.0,721.055,721.055,-1.0555,-1.055,75,-13.26,-14.74,1000
11539,720.0,721.057,721.057,-1.0566,-1.057,75,-13.28,-14.75,1000
11540,720.0,721.058,721.058,-1.0577,-1.058,75,-13.29,-14.77,1000
11541,720.0,721.059,721.059,-1.0588,-1.059,75,-13.31,-14.78,1000
11542,720.0,721.06,721.06,-1.0599,-1.06,75,-13.32,-14.8,1000
11543,720.0,721.061,721.061,-1.061,-1.061,75,-13.33,-14.81,1000
11544,720.0,721.062,721.062,-1.0621,-1.062,75,-13.35,-14.83,1000
11545,720.0,721.063,721.063,-1.0632,-1.063,75,-13.36,-14.84,1000
11546,720.0,721.064,721.064,-1.0643,-1.064,75,-13.37,-14.86,1000
11546,720.0,721.065,721.065,-1.0653,-1.065,75,-13.39,-14.87,1000
11548,720.0,721.066,721.066,-1.0664,-1.066,75,-13.4,-14.89,1000
11549,720.0,721.067,721.067,-1.0675,-1.067,75,-13.41,-14.9,1000
11549,720.0,721.069,721.069,-1.0686,-1.069,75,-13.43,-14.92,1000
11551,720.0,721.07,721.07,-1.0696,-1.07,75,-13.44,-14.93,1000
11552,720.0,721.071,721.071,-1.0707,-1.071,75,-13.45,-14.95,1000
11552,720.0,721.072,721.072,-1.0717,-1.072,75,-13.47,-14.96,1000
11554,720.0,721.073,721.073,-1.0728,-1.073,75,-13.48,-14.98,1000
11555,720.0,721.074,721.074,-1.0738,-1.074,75,-13.49,-14.99,1000
11556,720.0,721.075,721.075,-1.0749,-1.075,75,-13.51,-15.01,1000
11556,720.0,721.076,721.076,-1.0759,-1.076,75,-13.52,-15.02,1000
11558,720.0,721.077,721.077,-1.0769,-1.077,75,-13.53,-15.04,1000
11559,720.0,721.078,721.078,-1.078,-1.078,75,-13.55,-15.05,1000
11559,720.0,721.079,721.079,-1.079,-1.079,75,-13.56,-15.07,1000
11561,720.0,721.08,721.08,-1.08,-1.08,75,-13.57,-15.08,1000
11562,720.0,721.081,721.081,-1.081,-1.081,75,-13.58,-15.09,1000
11562,720.0,721.082,721.082,-1.082,-1.082,75,-13.6,-15.11,1000
11564,720.0,721.083,721.083,-1.083,-1.083,75,-13.61,-15.12,1000
11565,720.0,721.084,721.084,-1.084,-1.084,75,-13.62,-15.14,1000
11565,720.0,721.085,721.085,-1.085,-1.085,75,-13.63,-15.15,1000
11567,720.0,721.086,721.086,-1.086,-1.086,75,-13.65,-15.16,1000
11568,720.0,721.087,721.087,-1.087,-1.087,75,-13.66,-15.18,1000
11568,720.0,721.088,721.088,-1.088,-1.088,75,-13.67,-15.19,1000
11570,720.0,721.089,721.089,-1.089,-1.089,75,-13.68,-15.2,1000
11571,720.0,721.09,721.09,-1.0899,-1.09,75,-13.7,-15.22,1000
11572,720.0,721.091,721.091,-1.0909,-1.091,75,-13.71,-15.23,1000
11573,720.0,721.092,721.092,-1.0919,-1.092,75,-13.72,-15.25,1000
11574,720.0,721.093,721.093,-1.0928,-1.093,75,-13.73,-15.26,1000
11575,720.0,721.094,721.094,-1.0938,-1.094,75,-13.75,-15.27,1000
11576,720.0,721.095,721.095,-1.0948,-1.095,75,-13.76,-15.29,1000
11577,720.0,721.096,721.096,-1.0957,-1.096,75,-13.77,-15.3,1000
11578,720.0,721.097,721.097,-1.0967,-1.097,75,-13.78,-15.31,1000
11578,720.0,721.098,721.098,-1.0976,-1.098,75,-13.79,-15.33,1000
11580,720.0,721.099,721.099,-1.0985,-1.099,75,-13.8,-15.34,1000
11581,720.0,721.099,721.099,-1.0995,-1.099,75,-13.82,-15.35,1000
11581,720.0,721.1,721.1,-1.1004,-1.1,75,-13.83,-15.36,1000
11583,720.0,721.101,721.101,-1.1013,-1.101,75,-13.84,-15.38,1000
11584,720.0,721.102,721.102,-1.1022,-1.102,75,-13.85,-15.39,1000
11584,720.0,721.103,721.103,-1.1031,-1.103,75,-13.86,-15.4,1000
11586,720.0,721.104,721.104,-1.1041,-1.104,75,-13.87,-15.42,1000
11587,720.0,721.105,721.105,-1.105,-1.105,75,-13.89,-15.43,1000
11588,720.0,721.106,721.106,-1.1059,-1.106,75,-13.9,-15.44,1000
11588,720.0,721.107,721.107,-1.1068,-1.107,75,-13.91,-15.45,1000
11590,720.0,721.108,721.108,-1.1076,-1.108,75,-13.92,-15.47,1000
11591,720.0,721.109,721.109,-1.1085,-1.109,75,-13.93,-15.48,1000
11591,720.0,721.109,721.109,-1.1094,-1.109,75,-13.94,-15.49,1000
11593,720.0,721.11,721.11,-1.1103,-1.11,75,-13.95,-15.5,1000
11594,720.0,721.111,721.111,-1.1112,-1.111,75,-13.96,-15.51,1000
11594,720.0,721.112,721.112,-1.112,-1.112,75,-13.97,-15.53,1000
11596,720.0,721.113,721.113,-1.1129,-1.113,75,-13.99,-15.54,1000
11597,720.0,721.114,721.114,-1.1138,-1.114,75,-14.0,-15.55,1000
11597,720.0,721.115,721.115,-1.1146,-1.115,75,-14.01,-15.56,1000
11599,720.0,721.115,721.115,-1.1155,-1.115,75,-14.02,-15.57,1000
11600,720.0,721.116,721.116,-1.1163,-1.116,75,-14.03,-15.59,1000
11601,720.0,721.117,721.117,-1.1172,-1.117,75,-14.04,-15.6,1000
11602,720.0,721.118,721.118,-1.118,-1.118,75,-14.05,-15.61,1000
11603,720.0,721.119,721.119,-1.1188,-1.119,75,-14.06,-15.62,1000
11604,720.0,721.12,721.12,-1.1197,-1.12,75,-14.07,-15.63,1000
11605,720.0,721.12,721.12,-1.1205,-1.12,75,-14.08,-15.65,1000
11606,720.0,721.121,721.121,-1.1213,-1.121,75,-14.09,-15.66,1000
11607,720.0,721.122,721.122,-1.1221,-1.122,75,-14.1,-15.67,1000
11608,720.0,721.123,721.123,-1.1229,-1.123,75,-14.11,-15.68,1000
11609,720.0,721.124,721.124,-1.1238,-1.124,75,-14.12,-15.69,1000
11610,720.0,721.125,721.125,-1.1246,-1.125,75,-14.13,-15.7,1000
11610,720.0,721.125,721.125,-1.1254,-1.125,75,-14.14,-15.71,1000
11612,720.0,721.126,721.126,-1.1261,-1.126,75,-14.15,-15.72,1000
11613,720.0,721.127,721.127,-1.1269,-1.127,75,-14.16,-15.73,1000
