timestamp_ms,target_pos,sensor_pos,real_arm_pos,belt_stretch,error,velocity_cmd,torque_load,torque_total_req,hz
0,0.0,0.0,0.0,0.0,0.0,720,0.0,0.0,1000
1,0.003,-0.04,-0.04,0.0398,0.043,720,0.03,0.56,1000
2,0.012,-0.046,-0.046,0.047,0.058,720,0.06,0.66,1000
3,0.027,-0.052,-0.052,0.0542,0.079,720,0.09,0.76,1000
4,0.048,-0.058,-0.058,0.0613,0.106,720,0.12,0.86,1000
5,0.075,-0.064,-0.064,0.0685,0.139,720,0.15,0.96,1000
6,0.108,-0.069,-0.069,0.0756,0.177,720,0.18,1.06,1000
7,0.147,-0.074,-0.074,0.0828,0.221,720,0.21,1.16,1000
8,0.192,-0.079,-0.079,0.09,0.271,720,0.24,1.26,1000
9,0.243,-0.084,-0.084,0.0971,0.327,720,0.27,1.36,1000
10,0.3,-0.088,-0.088,0.1043,0.388,720,0.3,1.46,1000
11,0.363,-0.092,-0.092,0.1114,0.455,720,0.33,1.56,1000
12,0.432,-0.095,-0.095,0.1186,0.527,720,0.36,1.66,1000
13,0.507,-0.098,-0.098,0.1258,0.605,720,0.39,1.76,1000
14,0.588,-0.101,-0.101,0.1329,0.689,720,0.42,1.86,1000
15,0.675,-0.104,-0.104,0.1401,0.779,720,0.45,1.96,1000
16,0.768,-0.106,-0.106,0.1472,0.874,720,0.48,2.06,1000
17,0.867,-0.109,-0.109,0.1544,0.976,720,0.51,2.16,1000
18,0.972,-0.11,-0.11,0.1616,1.082,720,0.54,2.26,1000
19,1.083,-0.112,-0.112,0.1687,1.195,720,0.57,2.36,1000
20,1.2,-0.113,-0.113,0.1759,1.313,720,0.6,2.46,1000
21,1.323,-0.114,-0.114,0.1831,1.437,720,0.63,2.56,1000
22,1.452,-0.114,-0.114,0.1902,1.566,720,0.66,2.66,1000
23,1.587,-0.115,-0.115,0.1974,1.702,720,0.69,2.76,1000
24,1.728,-0.115,-0.115,0.2045,1.843,720,0.72,2.86,1000
25,1.875,-0.114,-0.114,0.2117,1.989,720,0.75,2.96,1000
26,2.028,-0.114,-0.114,0.2188,2.142,720,0.78,3.06,1000
27,2.187,-0.113,-0.113,0.226,2.3,720,0.81,3.16,1000
28,2.352,-0.111,-0.111,0.2332,2.463,720,0.84,3.26,1000
29,2.523,-0.11,-0.11,0.2403,2.633,720,0.87,3.36,1000
30,2.7,-0.108,-0.108,0.2475,2.808,720,0.9,3.46,1000
31,2.883,-0.106,-0.106,0.2546,2.989,720,0.93,3.56,1000
32,3.072,-0.103,-0.103,0.2618,3.175,720,0.96,3.66,1000
33,3.267,-0.101,-0.101,0.269,3.368,720,0.99,3.76,1000
34,3.468,-0.098,-0.098,0.2761,3.566,720,1.02,3.86,1000
35,3.675,-0.094,-0.094,0.2833,3.769,720,1.05,3.96,1000
36,3.888,-0.091,-0.091,0.2904,3.979,720,1.08,4.06,1000
37,4.107,-0.087,-0.087,0.2976,4.194,720,1.11,4.15,1000
38,4.332,-0.082,-0.082,0.3047,4.414,720,1.14,4.25,1000
39,4.563,-0.078,-0.078,0.3119,4.641,720,1.17,4.35,1000
40,4.8,-0.073,-0.073,0.319,4.873,720,1.2,4.45,1000
41,5.043,-0.068,-0.068,0.3262,5.111,720,1.23,4.55,1000
42,5.292,-0.062,-0.062,0.3333,5.354,720,1.26,4.65,1000
43,5.547,-0.057,-0.057,0.3405,5.604,720,1.29,4.75,1000
44,5.808,-0.051,-0.051,0.3477,5.859,720,1.32,4.85,1000
45,6.075,-0.044,-0.044,0.3548,6.119,720,1.35,4.95,1000
46,6.348,-0.038,-0.038,0.362,6.386,720,1.38,5.05,1000
47,6.627,-0.031,-0.031,0.3691,6.658,720,1.41,5.15,1000
48,6.912,-0.023,-0.023,0.3763,6.935,720,1.44,5.25,1000
49,7.203,-0.016,-0.016,0.3834,7.219,720,1.47,5.35,1000
50,7.5,-0.008,-0.008,0.3906,7.508,720,1.5,5.45,1000
51,7.803,0.0,0.0,0.3977,7.803,720,1.53,5.55,1000
52,8.112,0.009,0.009,0.4049,8.103,720,1.56,5.65,1000
53,8.427,0.017,0.017,0.412,8.41,720,1.59,5.75,1000
54,8.748,0.026,0.026,0.4192,8.722,720,1.62,5.85,1000
55,9.075,0.036,0.036,0.4263,9.039,720,1.65,5.95,1000
56,9.408,0.045,0.045,0.4335,9.363,720,1.68,6.05,1000
57,9.747,0.055,0.055,0.4406,9.692,720,1.71,6.15,1000
58,10.092,0.066,0.066,0.4477,10.026,720,1.74,6.25,1000
59,10.443,0.076,0.076,0.4549,10.367,720,1.77,6.35,1000
60,10.8,0.087,0.087,0.462,10.713,720,1.8,6.45,1000
61,11.163,0.098,0.098,0.4692,11.065,720,1.83,6.55,1000
62,11.532,0.11,0.11,0.4763,11.422,720,1.86,6.65,1000
63,11.907,0.121,0.121,0.4835,11.786,720,1.89,6.75,1000
64,12.288,0.133,0.133,0.4906,12.155,720,1.91,6.85,1000
65,12.675,0.146,0.146,0.4978,12.529,720,1.94,6.95,1000
66,13.068,0.158,0.158,0.5049,12.91,720,1.97,7.05,1000
67,13.467,0.171,0.171,0.512,13.296,720,2.0,7.15,1000
68,13.872,0.185,0.185,0.5192,13.687,720,2.03,7.25,1000
69,14.283,0.198,0.198,0.5263,14.085,720,2.06,7.35,1000
70,14.7,0.212,0.212,0.5335,14.488,720,2.09,7.45,1000
71,15.123,0.226,0.226,0.5406,14.897,720,2.12,7.55,1000
72,15.552,0.241,0.241,0.5477,15.311,720,2.15,7.65,1000
73,15.987,0.255,0.255,0.5549,15.732,720,2.18,7.75,1000
74,16.428,0.27,0.27,0.562,16.158,720,2.21,7.85,1000
75,16.875,0.286,0.286,0.5691,16.589,720,2.24,7.95,1000
76,17.328,0.302,0.302,0.5763,17.026,720,2.27,8.05,1000
77,17.787,0.317,0.317,0.5834,17.47,720,2.3,8.15,1000
78,18.252,0.334,0.334,0.5905,17.918,720,2.33,8.25,1000
79,18.723,0.35,0.35,0.5977,18.373,720,2.36,8.35,1000
80,19.2,0.367,0.367,0.6048,18.833,720,2.39,8.44,1000
81,19.683,0.384,0.384,0.6119,19.299,720,2.42,8.54,1000
82,20.172,0.402,0.402,0.6191,19.77,720,2.45,8.64,1000
83,20.667,0.42,0.42,0.6262,20.247,720,2.48,8.74,1000
84,21.168,0.438,0.438,0.6333,20.73,720,2.51,8.84,1000
85,21.675,0.456,0.456,0.6405,21.219,720,2.54,8.94,1000
86,22.188,0.475,0.475,0.6476,21.713,720,2.57,9.04,1000
87,22.707,0.494,0.494,0.6547,22.213,720,2.6,9.14,1000
88,23.232,0.513,0.513,0.6618,22.719,720,2.63,9.24,1000
89,23.763,0.533,0.533,0.669,23.23,720,2.66,9.34,1000
90,24.3,0.552,0.552,0.6761,23.748,720,2.69,9.44,1000
91,24.843,0.573,0.573,0.6832,24.27,720,2.71,9.54,1000
92,25.392,0.593,0.593,0.6903,24.799,720,2.74,9.64,1000
93,25.947,0.614,0.614,0.6974,25.333,720,2.77,9.74,1000
94,26.508,0.635,0.635,0.7046,25.873,720,2.8,9.84,1000
95,27.075,0.656,0.656,0.7117,26.419,720,2.83,9.94,1000
96,27.648,0.678,0.678,0.7188,26.97,720,2.86,10.04,1000
97,28.227,0.7,0.7,0.7259,27.527,720,2.89,10.14,1000
98,28.812,0.722,0.722,0.733,28.09,720,2.92,10.24,1000
99,29.403,0.745,0.745,0.7402,28.658,720,2.95,10.33,1000
100,30.0,0.768,0.768,0.7473,29.232,720,2.98,10.43,1000
101,30.603,0.791,0.791,0.7544,29.812,720,3.01,10.53,1000
102,31.212,0.814,0.814,0.7615,30.398,720,3.04,10.63,1000
103,31.827,0.838,0.838,0.7686,30.989,720,3.07,10.73,1000
104,32.448,0.862,0.862,0.7757,31.586,720,3.1,10.83,1000
105,33.075,0.887,0.887,0.7828,32.188,720,3.13,10.93,1000
106,33.708,0.911,0.911,0.7899,32.797,720,3.16,11.03,1000
107,34.347,0.936,0.936,0.7971,33.411,720,3.19,11.13,1000
108,34.992,0.962,0.962,0.8042,34.03,720,3.21,11.23,1000
109,35.643,0.987,0.987,0.8113,34.656,720,3.24,11.33,1000
110,36.3,1.013,1.013,0.8184,35.287,720,3.27,11.43,1000
111,36.963,1.039,1.039,0.8255,35.924,720,3.3,11.53,1000
112,37.632,1.066,1.066,0.8326,36.566,720,3.33,11.62,1000
113,38.307,1.093,1.093,0.8397,37.214,720,3.36,11.72,1000
114,38.988,1.12,1.12,0.8468,37.868,720,3.39,11.82,1000
115,39.675,1.147,1.147,0.8539,38.528,720,3.42,11.92,1000
116,40.368,1.175,1.175,0.861,39.193,720,3.45,12.02,1000
117,41.067,1.203,1.203,0.8681,39.864,720,3.48,12.12,1000
118,41.772,1.231,1.231,0.8752,40.541,720,3.51,12.22,1000
119,42.483,1.26,1.26,0.8823,41.223,720,3.54,12.32,1000
120,43.2,1.289,1.289,0.8894,41.911,720,3.57,12.42,1000
121,43.92,1.318,1.318,0.8965,42.602,720,3.59,12.52,1000
122,44.64,1.347,1.347,0.9035,43.293,720,3.62,12.62,1000
123,45.36,1.377,1.377,0.9106,43.983,720,3.65,12.71,1000
124,46.08,1.407,1.407,0.9177,44.673,720,3.68,12.81,1000
125,46.8,1.438,1.438,0.9248,45.362,720,3.71,12.91,1000
126,47.52,1.468,1.468,0.9319,46.052,720,3.74,13.01,1000
127,48.24,1.499,1.499,0.939,46.741,720,3.77,13.11,1000
128,48.96,1.531,1.531,0.9461,47.429,720,3.8,13.21,1000
129,49.68,1.562,1.562,0.9532,48.118,720,3.83,13.31,1000
130,50.4,1.594,1.594,0.9602,48.806,720,3.86,13.41,1000
131,51.12,1.626,1.626,0.9673,49.494,720,3.89,13.51,1000
132,51.84,1.659,1.659,0.9744,50.181,720,3.91,13.61,1000
133,52.56,1.692,1.692,0.9815,50.868,720,3.94,13.7,1000
134,53.28,1.725,1.725,0.9886,51.555,720,3.97,13.8,1000
135,54.0,1.758,1.758,0.9956,52.242,720,4.0,13.9,1000
136,54.72,1.792,1.792,1.0027,52.928,720,4.03,14.0,1000
137,55.44,1.826,1.826,1.0098,53.614,720,4.06,14.1,1000
138,56.16,1.86,1.86,1.0168,54.3,720,4.09,14.2,1000
139,56.88,1.895,1.895,1.0239,54.985,720,4.12,14.3,1000
140,57.6,1.93,1.93,1.031,55.67,720,4.15,14.4,1000
141,58.32,1.965,1.965,1.0381,56.355,720,4.17,14.49,1000
142,59.04,2.001,2.001,1.0451,57.039,720,4.2,14.59,1000
143,59.76,2.037,2.037,1.0522,57.723,720,4.23,14.69,1000
144,60.48,2.073,2.073,1.0593,58.407,720,4.26,14.79,1000
145,61.2,2.109,2.109,1.0663,59.091,720,4.29,14.89,1000
146,61.92,2.146,2.146,1.0734,59.774,720,4.32,14.99,1000
147,62.64,2.183,2.183,1.0804,60.457,720,4.35,15.09,1000
148,63.36,2.22,2.22,1.0875,61.14,720,4.38,15.18,1000
149,64.08,2.258,2.258,1.0946,61.822,720,4.4,15.28,1000
150,64.8,2.296,2.296,1.1016,62.504,720,4.43,15.38,1000
151,65.52,2.334,2.334,1.1087,63.186,720,4.46,15.48,1000
152,66.24,2.373,2.373,1.1157,63.867,720,4.49,15.58,1000
153,66.96,2.412,2.412,1.1228,64.548,720,4.52,15.68,1000
154,67.68,2.451,2.451,1.1298,65.229,720,4.55,15.78,1000
155,68.4,2.49,2.49,1.1369,65.91,720,4.58,15.87,1000
156,69.12,2.53,2.53,1.1439,66.59,720,4.6,15.97,1000
157,69.84,2.57,2.57,1.151,67.27,720,4.63,16.07,1000
158,70.56,2.61,2.61,1.158,67.95,720,4.66,16.17,1000
159,71.28,2.651,2.651,1.1651,68.629,720,4.69,16.27,1000
160,72.0,2.692,2.692,1.1721,69.308,720,4.72,16.37,1000
161,72.72,2.733,2.733,1.1791,69.987,720,4.75,16.46,1000
162,73.44,2.775,2.775,1.1862,70.665,720,4.78,16.56,1000
163,74.16,2.817,2.817,1.1932,71.343,720,4.8,16.66,1000
164,74.88,2.859,2.859,1.2002,72.021,720,4.83,16.76,1000
165,75.6,2.901,2.901,1.2073,72.699,720,4.86,16.86,1000
166,76.32,2.944,2.944,1.2143,73.376,720,4.89,16.95,1000
167,77.04,2.987,2.987,1.2213,74.053,720,4.92,17.05,1000
168,77.76,3.03,3.03,1.2284,74.73,720,4.95,17.15,1000
169,78.48,3.074,3.074,1.2354,75.406,720,4.97,17.25,1000
170,79.2,3.118,3.118,1.2424,76.082,720,5.0,17.35,1000
171,79.92,3.162,3.162,1.2494,76.758,720,5.03,17.45,1000
172,80.64,3.207,3.207,1.2565,77.433,720,5.06,17.54,1000
173,81.36,3.252,3.252,1.2635,78.108,720,5.09,17.64,1000
174,82.08,3.297,3.297,1.2705,78.783,720,5.12,17.74,1000
175,82.8,3.342,3.342,1.2775,79.458,720,5.14,17.84,1000
176,83.52,3.388,3.388,1.2845,80.132,720,5.17,17.94,1000
177,84.24,3.434,3.434,1.2916,80.806,720,5.2,18.03,1000
178,84.96,3.481,3.481,1.2986,81.479,720,5.23,18.13,1000
179,85.68,3.527,3.527,1.3056,82.153,720,5.26,18.23,1000
180,86.4,3.574,3.574,1.3126,82.826,720,5.28,18.33,1000
181,87.12,3.622,3.622,1.3196,83.498,720,5.31,18.43,1000
182,87.84,3.669,3.669,1.3266,84.171,720,5.34,18.52,1000
183,88.56,3.717,3.717,1.3336,84.843,720,5.37,18.62,1000
184,89.28,3.765,3.765,1.3406,85.515,720,5.4,18.72,1000
185,90.0,3.814,3.814,1.3476,86.186,720,5.42,18.82,1000
186,90.72,3.863,3.863,1.3546,86.857,720,5.45,18.91,1000
187,91.44,3.912,3.912,1.3616,87.528,720,5.48,19.01,1000
188,92.16,3.961,3.961,1.3686,88.199,720,5.51,19.11,1000
189,92.88,4.011,4.011,1.3756,88.869,720,5.54,19.21,1000
190,93.6,4.061,4.061,1.3826,89.539,720,5.56,19.3,1000
191,94.32,4.111,4.111,1.3896,90.209,720,5.59,19.4,1000
192,95.04,4.162,4.162,1.3966,90.878,720,5.62,19.5,1000
193,95.76,4.213,4.213,1.4036,91.547,720,5.65,19.6,1000
194,96.48,4.264,4.264,1.4106,92.216,720,5.68,19.7,1000
195,97.2,4.315,4.315,1.4175,92.885,720,5.7,19.79,1000
196,97.92,4.367,4.367,1.4245,93.553,720,5.73,19.89,1000
197,98.64,4.419,4.419,1.4315,94.221,720,5.76,19.99,1000
198,99.36,4.472,4.472,1.4385,94.888,720,5.79,20.08,1000
199,100.08,4.525,4.525,1.4455,95.555,720,5.81,20.18,1000
200,100.8,4.578,4.578,1.4524,96.222,720,5.84,20.28,1000
201,101.52,4.631,4.631,1.4594,96.889,720,5.87,20.38,1000
202,102.24,4.685,4.685,1.4664,97.555,720,5.9,20.47,1000
203,102.96,4.738,4.738,1.4733,98.222,720,5.92,20.57,1000
204,103.68,4.793,4.793,1.4803,98.887,720,5.95,20.67,1000
205,104.4,4.847,4.847,1.4873,99.553,720,5.98,20.77,1000
206,105.12,4.902,4.902,1.4942,100.218,720,6.01,20.86,1000
207,105.84,4.957,4.957,1.5012,100.883,720,6.03,20.96,1000
208,106.56,5.013,5.013,1.5082,101.547,720,6.06,21.06,1000
209,107.28,5.068,5.068,1.5151,102.212,720,6.09,21.15,1000
210,108.0,5.124,5.124,1.5221,102.876,720,6.12,21.25,1000
211,108.72,5.181,5.181,1.529,103.539,720,6.14,21.35,1000
212,109.44,5.237,5.237,1.536,104.203,720,6.17,21.45,1000
213,110.16,5.294,5.294,1.5429,104.866,720,6.2,21.54,1000
214,110.88,5.352,5.352,1.5499,105.528,720,6.23,21.64,1000
215,111.6,5.409,5.409,1.5568,106.191,720,6.25,21.74,1000
216,112.32,5.467,5.467,1.5638,106.853,720,6.28,21.83,1000
217,113.04,5.525,5.525,1.5707,107.515,720,6.31,21.93,1000
218,113.76,5.584,5.584,1.5776,108.176,720,6.33,22.03,1000
219,114.48,5.642,5.642,1.5846,108.838,720,6.36,22.12,1000
220,115.2,5.701,5.701,1.5915,109.499,720,6.39,22.22,1000
221,115.92,5.761,5.761,1.5984,110.159,720,6.42,22.32,1000
222,116.64,5.821,5.821,1.6054,110.819,720,6.44,22.42,1000
223,117.36,5.88,5.88,1.6123,111.48,720,6.47,22.51,1000
224,118.08,5.941,5.941,1.6192,112.139,720,6.5,22.61,1000
225,118.8,6.001,6.001,1.6262,112.799,720,6.52,22.71,1000
226,119.52,6.062,6.062,1.6331,113.458,720,6.55,22.8,1000
227,120.24,6.123,6.123,1.64,114.117,720,6.58,22.9,1000
228,120.96,6.185,6.185,1.6469,114.775,720,6.61,23.0,1000
229,121.68,6.247,6.247,1.6538,115.433,720,6.63,23.09,1000
230,122.4,6.309,6.309,1.6608,116.091,720,6.66,23.19,1000
231,123.12,6.371,6.371,1.6677,116.749,720,6.69,23.29,1000
232,123.84,6.434,6.434,1.6746,117.406,720,6.71,23.38,1000
233,124.56,6.497,6.497,1.6815,118.063,720,6.74,23.48,1000
234,125.28,6.56,6.56,1.6884,118.72,720,6.77,23.57,1000
235,126.0,6.624,6.624,1.6953,119.376,720,6.79,23.67,1000
236,126.72,6.688,6.688,1.7022,120.032,720,6.82,23.77,1000
237,127.44,6.752,6.752,1.7091,120.688,720,6.85,23.86,1000
238,128.16,6.816,6.816,1.716,121.344,720,6.87,23.96,1000
239,128.88,6.881,6.881,1.7229,121.999,720,6.9,24.06,1000
240,129.6,6.946,6.946,1.7298,122.654,720,6.93,24.15,1000
241,130.32,7.012,7.012,1.7367,123.308,720,6.95,24.25,1000
242,131.04,7.077,7.077,1.7436,123.963,720,6.98,24.34,1000
243,131.76,7.143,7.143,1.7505,124.617,720,7.01,24.44,1000
244,132.48,7.21,7.21,1.7573,125.27,720,7.03,24.54,1000
245,133.2,7.276,7.276,1.7642,125.924,720,7.06,24.63,1000
246,133.92,7.343,7.343,1.7711,126.577,720,7.09,24.73,1000
247,134.64,7.41,7.41,1.778,127.23,720,7.11,24.83,1000
248,135.36,7.478,7.478,1.7849,127.882,720,7.14,24.92,1000
249,136.08,7.546,7.546,1.7917,128.534,720,7.17,25.02,1000
250,136.8,7.614,7.614,1.7986,129.186,720,7.19,25.11,1000
251,137.52,7.682,7.682,1.8055,129.838,720,7.22,25.21,1000
252,138.24,7.751,7.751,1.8123,130.489,720,7.24,25.3,1000
253,138.96,7.82,7.82,1.8192,131.14,720,7.27,25.4,1000
254,139.68,7.889,7.889,1.8261,131.791,720,7.3,25.5,1000
255,140.4,7.959,7.959,1.8329,132.441,720,7.32,25.59,1000
256,141.12,8.029,8.029,1.8398,133.091,720,7.35,25.69,1000
257,141.84,8.099,8.099,1.8466,133.741,720,7.37,25.78,1000
258,142.56,8.17,8.17,1.8535,134.39,720,7.4,25.88,1000
259,143.28,8.241,8.241,1.8603,135.039,720,7.43,25.98,1000
260,144.0,8.312,8.312,1.8672,135.688,720,7.45,26.07,1000
261,144.72,8.383,8.383,1.874,136.337,720,7.48,26.17,1000
262,145.44,8.455,8.455,1.8809,136.985,720,7.51,26.26,1000
263,146.16,8.527,8.527,1.8877,137.633,720,7.53,26.36,1000
264,146.88,8.599,8.599,1.8945,138.281,720,7.56,26.45,1000
265,147.6,8.672,8.672,1.9014,138.928,720,7.58,26.55,1000
266,148.32,8.745,8.745,1.9082,139.575,720,7.61,26.64,1000
267,149.04,8.818,8.818,1.915,140.222,720,7.63,26.74,1000
268,149.76,8.892,8.892,1.9219,140.868,720,7.66,26.83,1000
269,150.48,8.966,8.966,1.9287,141.514,720,7.69,26.93,1000
270,151.2,9.04,9.04,1.9355,142.16,720,7.71,27.03,1000
271,151.92,9.114,9.114,1.9423,142.806,720,7.74,27.12,1000
272,152.64,9.189,9.189,1.9492,143.451,720,7.76,27.22,1000
273,153.36,9.264,9.264,1.956,144.096,720,7.79,27.31,1000
274,154.08,9.34,9.34,1.9628,144.74,720,7.81,27.41,1000
275,154.8,9.415,9.415,1.9696,145.385,720,7.84,27.5,1000
276,155.52,9.491,9.491,1.9764,146.029,720,7.87,27.6,1000
277,156.24,9.568,9.568,1.9832,146.672,720,7.89,27.69,1000
278,156.96,9.644,9.644,1.99,147.316,720,7.92,27.79,1000
279,157.68,9.721,9.721,1.9968,147.959,720,7.94,27.88,1000
280,158.4,9.798,9.798,2.0036,148.602,720,7.97,27.98,1000
281,159.12,9.876,9.876,2.0104,149.244,720,7.99,28.07,1000
282,159.84,9.954,9.954,2.0172,149.886,720,8.02,28.17,1000
283,160.56,10.032,10.032,2.024,150.528,720,8.04,28.26,1000
284,161.28,10.11,10.11,2.0308,151.17,720,8.07,28.36,1000
285,162.0,10.189,10.189,2.0376,151.811,720,8.09,28.45,1000
286,162.72,10.268,10.268,2.0444,152.452,720,8.12,28.54,1000
287,163.44,10.347,10.347,2.0511,153.093,720,8.14,28.64,1000
288,164.16,10.427,10.427,2.0579,153.733,720,8.17,28.73,1000
289,164.88,10.507,10.507,2.0647,154.373,720,8.2,28.83,1000
290,165.6,10.587,10.587,2.0715,155.013,720,8.22,28.92,1000
291,166.32,10.668,10.668,2.0782,155.652,720,8.25,29.02,1000
292,167.04,10.748,10.748,2.085,156.292,720,8.27,29.11,1000
293,167.76,10.83,10.83,2.0918,156.93,720,8.3,29.21,1000
294,168.48,10.911,10.911,2.0985,157.569,720,8.32,29.3,1000
295,169.2,10.993,10.993,2.1053,158.207,720,8.35,29.4,1000
296,169.92,11.075,11.075,2.112,158.845,720,8.37,29.49,1000
297,170.64,11.157,11.157,2.1188,159.483,720,8.4,29.58,1000
298,171.36,11.24,11.24,2.1256,160.12,720,8.42,29.68,1000
299,172.08,11.323,11.323,2.1323,160.757,720,8.44,29.77,1000
300,172.8,11.406,11.406,2.1391,161.394,720,8.47,29.87,1000
301,173.52,11.49,11.49,2.1458,162.03,720,8.49,29.96,1000
302,174.24,11.573,11.573,2.1525,162.667,720,8.52,30.06,1000
303,174.96,11.658,11.658,2.1593,163.302,720,8.54,30.15,1000
304,175.68,11.742,11.742,2.166,163.938,720,8.57,30.24,1000
305,176.4,11.827,11.827,2.1727,164.573,720,8.59,30.34,1000
306,177.12,11.912,11.912,2.1795,165.208,720,8.62,30.43,1000
307,177.84,11.997,11.997,2.1862,165.843,720,8.64,30.53,1000
308,178.56,12.083,12.083,2.1929,166.477,720,8.67,30.62,1000
309,179.28,12.169,12.169,2.1996,167.111,720,8.69,30.71,1000
310,180.0,12.255,12.255,2.2064,167.745,720,8.72,30.81,1000
311,180.72,12.342,12.342,2.2131,168.378,720,8.74,30.9,1000
312,181.44,12.429,12.429,2.2198,169.011,720,8.76,30.99,1000
313,182.16,12.516,12.516,2.2265,169.644,720,8.79,31.09,1000
314,182.88,12.603,12.603,2.2332,170.277,720,8.81,31.18,1000
315,183.6,12.691,12.691,2.2399,170.909,720,8.84,31.28,1000
316,184.32,12.779,12.779,2.2466,171.541,720,8.86,31.37,1000
317,185.04,12.868,12.868,2.2533,172.172,720,8.89,31.46,1000
318,185.76,12.956,12.956,2.26,172.804,720,8.91,31.56,1000
319,186.48,13.045,13.045,2.2667,173.435,720,8.93,31.65,1000
320,187.2,13.135,13.135,2.2734,174.065,720,8.96,31.74,1000
321,187.92,13.224,13.224,2.2801,174.696,720,8.98,31.84,1000
322,188.64,13.314,13.314,2.2868,175.326,720,9.01,31.93,1000
323,189.36,13.404,13.404,2.2935,175.956,720,9.03,32.02,1000
324,190.08,13.495,13.495,2.3001,176.585,720,9.05,32.12,1000
325,190.8,13.586,13.586,2.3068,177.214,720,9.08,32.21,1000
326,191.52,13.677,13.677,2.3135,177.843,720,9.1,32.3,1000
327,192.24,13.768,13.768,2.3202,178.472,720,9.13,32.4,1000
328,192.96,13.86,13.86,2.3268,179.1,720,9.15,32.49,1000
329,193.68,13.952,13.952,2.3335,179.728,720,9.17,32.58,1000
330,194.4,14.044,14.044,2.3402,180.356,720,9.2,32.67,1000
331,195.12,14.137,14.137,2.3468,180.983,720,9.22,32.77,1000
332,195.84,14.23,14.23,2.3535,181.61,720,9.24,32.86,1000
333,196.56,14.323,14.323,2.3601,182.237,720,9.27,32.95,1000
334,197.28,14.417,14.417,2.3668,182.863,720,9.29,33.05,1000
335,198.0,14.511,14.511,2.3734,183.489,720,9.31,33.14,1000
336,198.72,14.605,14.605,2.3801,184.115,720,9.34,33.23,1000
337,199.44,14.699,14.699,2.3867,184.741,720,9.36,33.32,1000
338,200.16,14.794,14.794,2.3933,185.366,720,9.39,33.42,1000
339,200.88,14.889,14.889,2.4,185.991,720,9.41,33.51,1000
340,201.6,14.984,14.984,2.4066,186.616,720,9.43,33.6,1000
341,202.32,15.08,15.08,2.4132,187.24,720,9.46,33.7,1000
342,203.04,15.176,15.176,2.4199,187.864,720,9.48,33.79,1000
343,203.76,15.272,15.272,2.4265,188.488,720,9.5,33.88,1000
344,204.48,15.369,15.369,2.4331,189.111,720,9.52,33.97,1000
345,205.2,15.466,15.466,2.4397,189.734,720,9.55,34.07,1000
346,205.92,15.563,15.563,2.4463,190.357,720,9.57,34.16,1000
347,206.64,15.66,15.66,2.453,190.98,720,9.59,34.25,1000
348,207.36,15.758,15.758,2.4596,191.602,720,9.62,34.34,1000
349,208.08,15.856,15.856,2.4662,192.224,720,9.64,34.43,1000
350,208.8,15.955,15.955,2.4728,192.845,720,9.66,34.53,1000
351,209.52,16.053,16.053,2.4794,193.467,720,9.69,34.62,1000
352,210.24,16.152,16.152,2.486,194.088,720,9.71,34.71,1000
353,210.96,16.252,16.252,2.4926,194.708,720,9.73,34.8,1000
354,211.68,16.351,16.351,2.4991,195.329,720,9.75,34.89,1000
355,212.4,16.451,16.451,2.5057,195.949,720,9.78,34.99,1000
356,213.12,16.551,16.551,2.5123,196.569,720,9.8,35.08,1000
357,213.84,16.652,16.652,2.5189,197.188,720,9.82,35.17,1000
358,214.56,16.753,16.753,2.5255,197.807,720,9.85,35.26,1000
359,215.28,16.854,16.854,2.532,198.426,720,9.87,35.35,1000
360,216.0,16.955,16.955,2.5386,199.045,720,9.89,35.45,1000
361,216.72,17.057,17.057,2.5452,199.663,720,9.91,35.54,1000
362,217.44,17.159,17.159,2.5518,200.281,720,9.94,35.63,1000
363,218.16,17.261,17.261,2.5583,200.899,720,9.96,35.72,1000
364,218.88,17.364,17.364,2.5649,201.516,720,9.98,35.81,1000
365,219.6,17.467,17.467,2.5714,202.133,720,10.0,35.9,1000
366,220.32,17.57,17.57,2.578,202.75,720,10.03,36.0,1000
367,221.04,17.674,17.674,2.5845,203.366,720,10.05,36.09,1000
368,221.76,17.778,17.778,2.5911,203.982,720,10.07,36.18,1000
369,222.48,17.882,17.882,2.5976,204.598,720,10.09,36.27,1000
370,223.2,17.986,17.986,2.6042,205.214,720,10.11,36.36,1000
371,223.92,18.091,18.091,2.6107,205.829,720,10.14,36.45,1000
372,224.64,18.196,18.196,2.6172,206.444,720,10.16,36.54,1000
373,225.36,18.302,18.302,2.6238,207.058,720,10.18,36.63,1000
374,226.08,18.407,18.407,2.6303,207.673,720,10.2,36.73,1000
375,226.8,18.513,18.513,2.6368,208.287,720,10.22,36.82,1000
376,227.52,18.619,18.619,2.6433,208.901,720,10.25,36.91,1000
377,228.24,18.726,18.726,2.6498,209.514,720,10.27,37.0,1000
378,228.96,18.833,18.833,2.6564,210.127,720,10.29,37.09,1000
379,229.68,18.94,18.94,2.6629,210.74,720,10.31,37.18,1000
380,230.4,19.048,19.048,2.6694,211.352,720,10.33,37.27,1000
381,231.12,19.155,19.155,2.6759,211.965,720,10.36,37.36,1000
382,231.84,19.264,19.264,2.6824,212.576,720,10.38,37.45,1000
383,232.56,19.372,19.372,2.6889,213.188,720,10.4,37.54,1000
384,233.28,19.481,19.481,2.6954,213.799,720,10.42,37.63,1000
385,234.0,19.59,19.59,2.7019,214.41,720,10.44,37.73,1000
386,234.72,19.699,19.699,2.7083,215.021,720,10.46,37.82,1000
387,235.44,19.809,19.809,2.7148,215.631,720,10.49,37.91,1000
388,236.16,19.918,19.918,2.7213,216.242,720,10.51,38.0,1000
389,236.88,20.029,20.029,2.7278,216.851,720,10.53,38.09,1000
390,237.6,20.139,20.139,2.7343,217.461,720,10.55,38.18,1000
391,238.32,20.25,20.25,2.7407,218.07,720,10.57,38.27,1000
392,239.04,20.361,20.361,2.7472,218.679,720,10.59,38.36,1000
393,239.76,20.473,20.473,2.7537,219.287,720,10.61,38.45,1000
394,240.48,20.584,20.584,2.7601,219.896,720,10.63,38.54,1000
395,241.2,20.696,20.696,2.7666,220.504,720,10.66,38.63,1000
396,241.92,20.809,20.809,2.773,221.111,720,10.68,38.72,1000
397,242.64,20.921,20.921,2.7795,221.719,720,10.7,38.81,1000
398,243.36,21.034,21.034,2.7859,222.326,720,10.72,38.9,1000
399,244.08,21.148,21.148,2.7924,222.932,720,10.74,38.99,1000
400,244.8,21.261,21.261,2.7988,223.539,720,10.76,39.08,1000
401,245.52,21.375,21.375,2.8052,224.145,720,10.78,39.17,1000
402,246.24,21.489,21.489,2.8117,224.751,720,10.8,39.26,1000
403,246.96,21.604,21.604,2.8181,225.356,720,10.82,39.35,1000
404,247.68,21.718,21.718,2.8245,225.962,720,10.84,39.44,1000
405,248.4,21.834,21.834,2.831,226.566,720,10.86,39.53,1000
406,249.12,21.949,21.949,2.8374,227.171,720,10.88,39.62,1000
407,249.84,22.065,22.065,2.8438,227.775,720,10.91,39.71,1000
408,250.56,22.181,22.181,2.8502,228.379,720,10.93,39.8,1000
409,251.28,22.297,22.297,2.8566,228.983,720,10.95,39.89,1000
410,252.0,22.413,22.413,2.863,229.587,720,10.97,39.98,1000
411,252.72,22.53,22.53,2.8694,230.19,720,10.99,40.06,1000
412,253.44,22.648,22.648,2.8758,230.792,720,11.01,40.15,1000
413,254.16,22.765,22.765,2.8822,231.395,720,11.03,40.24,1000
414,254.88,22.883,22.883,2.8886,231.997,720,11.05,40.33,1000
415,255.6,23.001,23.001,2.895,232.599,720,11.07,40.42,1000
416,256.32,23.119,23.119,2.9014,233.201,720,11.09,40.51,1000
417,257.04,23.238,23.238,2.9077,233.802,720,11.11,40.6,1000
418,257.76,23.357,23.357,2.9141,234.403,720,11.13,40.69,1000
419,258.48,23.477,23.477,2.9205,235.003,720,11.15,40.78,1000
420,259.2,23.596,23.596,2.9269,235.604,720,11.17,40.87,1000
421,259.92,23.716,23.716,2.9332,236.204,720,11.19,40.96,1000
422,260.64,23.836,23.836,2.9396,236.804,720,11.21,41.04,1000
423,261.36,23.957,23.957,2.946,237.403,720,11.23,41.13,1000
424,262.08,24.078,24.078,2.9523,238.002,720,11.25,41.22,1000
425,262.8,24.199,24.199,2.9587,238.601,720,11.27,41.31,1000
426,263.52,24.32,24.32,2.965,239.2,720,11.29,41.4,1000
427,264.24,24.442,24.442,2.9714,239.798,720,11.31,41.49,1000
428,264.96,24.564,24.564,2.9777,240.396,720,11.33,41.58,1000
429,265.68,24.686,24.686,2.984,240.994,720,11.35,41.67,1000
430,266.4,24.809,24.809,2.9904,241.591,720,11.37,41.75,1000
431,267.12,24.932,24.932,2.9967,242.188,720,11.39,41.84,1000
432,267.84,25.055,25.055,3.003,242.785,720,11.41,41.93,1000
433,268.56,25.179,25.179,3.0094,243.381,720,11.43,42.02,1000
434,269.28,25.303,25.303,3.0157,243.977,720,11.45,42.11,1000
435,270.0,25.427,25.427,3.022,244.573,720,11.46,42.19,1000
436,270.72,25.552,25.552,3.0283,245.168,720,11.48,42.28,1000
437,271.44,25.676,25.676,3.0346,245.764,720,11.5,42.37,1000
438,272.16,25.801,25.801,3.0409,246.359,720,11.52,42.46,1000
439,272.88,25.927,25.927,3.0472,246.953,720,11.54,42.55,1000
440,273.6,26.052,26.052,3.0535,247.548,720,11.56,42.64,1000
441,274.32,26.178,26.178,3.0598,248.142,720,11.58,42.72,1000
442,275.04,26.305,26.305,3.0661,248.735,720,11.6,42.81,1000
443,275.76,26.431,26.431,3.0724,249.329,720,11.62,42.9,1000
444,276.48,26.558,26.558,3.0787,249.922,720,11.64,42.99,1000
445,277.2,26.686,26.686,3.0849,250.514,720,11.66,43.07,1000
446,277.92,26.813,26.813,3.0912,251.107,720,11.67,43.16,1000
447,278.64,26.941,26.941,3.0975,251.699,720,11.69,43.25,1000
448,279.36,27.069,27.069,3.1038,252.291,720,11.71,43.34,1000
449,280.08,27.197,27.197,3.11,252.883,720,11.73,43.42,1000
450,280.8,27.326,27.326,3.1163,253.474,720,11.75,43.51,1000
451,281.52,27.455,27.455,3.1225,254.065,720,11.77,43.6,1000
452,282.24,27.585,27.585,3.1288,254.655,720,11.79,43.69,1000
453,282.96,27.714,27.714,3.135,255.246,720,11.81,43.77,1000
454,283.68,27.844,27.844,3.1413,255.836,720,11.82,43.86,1000
455,284.4,27.974,27.974,3.1475,256.426,720,11.84,43.95,1000
456,285.12,28.105,28.105,3.1538,257.015,720,11.86,44.03,1000
457,285.84,28.236,28.236,3.16,257.604,720,11.88,44.12,1000
458,286.56,28.367,28.367,3.1662,258.193,720,11.9,44.21,1000
459,287.28,28.499,28.499,3.1725,258.781,720,11.92,44.3,1000
460,288.0,28.63,28.63,3.1787,259.37,720,11.93,44.38,1000
461,288.72,28.762,28.762,3.1849,259.958,720,11.95,44.47,1000
462,289.44,28.895,28.895,3.1911,260.545,720,11.97,44.56,1000
463,290.16,29.027,29.027,3.1973,261.133,720,11.99,44.64,1000
464,290.88,29.16,29.16,3.2035,261.72,720,12.01,44.73,1000
465,291.6,29.294,29.294,3.2097,262.306,720,12.02,44.82,1000
466,292.32,29.427,29.427,3.2159,262.893,720,12.04,44.9,1000
467,293.04,29.561,29.561,3.2221,263.479,720,12.06,44.99,1000
468,293.76,29.695,29.695,3.2283,264.065,720,12.08,45.08,1000
469,294.48,29.83,29.83,3.2345,264.65,720,12.1,45.16,1000
470,295.2,29.965,29.965,3.2407,265.235,720,12.11,45.25,1000
471,295.92,30.1,30.1,3.2469,265.82,720,12.13,45.34,1000
472,296.64,30.235,30.235,3.2531,266.405,720,12.15,45.42,1000
473,297.36,30.371,30.371,3.2592,266.989,720,12.17,45.51,1000
474,298.08,30.507,30.507,3.2654,267.573,720,12.18,45.59,1000
475,298.8,30.643,30.643,3.2716,268.157,720,12.2,45.68,1000
476,299.52,30.78,30.78,3.2777,268.74,720,12.22,45.77,1000
477,300.24,30.917,30.917,3.2839,269.323,720,12.24,45.85,1000
478,300.96,31.054,31.054,3.29,269.906,720,12.25,45.94,1000
479,301.68,31.192,31.192,3.2962,270.488,720,12.27,46.02,1000
480,302.4,31.33,31.33,3.3023,271.07,720,12.29,46.11,1000
481,303.12,31.468,31.468,3.3085,271.652,720,12.31,46.2,1000
482,303.84,31.606,31.606,3.3146,272.234,720,12.32,46.28,1000
483,304.56,31.745,31.745,3.3207,272.815,720,12.34,46.37,1000
484,305.28,31.884,31.884,3.3269,273.396,720,12.36,46.45,1000
485,306.0,32.023,32.023,3.333,273.977,720,12.37,46.54,1000
486,306.72,32.163,32.163,3.3391,274.557,720,12.39,46.62,1000
487,307.44,32.303,32.303,3.3452,275.137,720,12.41,46.71,1000
488,308.16,32.443,32.443,3.3514,275.717,720,12.42,46.79,1000
489,308.88,32.584,32.584,3.3575,276.296,720,12.44,46.88,1000
490,309.6,32.725,32.725,3.3636,276.875,720,12.46,46.96,1000
491,310.32,32.866,32.866,3.3697,277.454,720,12.47,47.05,1000
492,311.04,33.008,33.008,3.3758,278.032,720,12.49,47.13,1000
493,311.76,33.149,33.149,3.3819,278.611,720,12.51,47.22,1000
494,312.48,33.292,33.292,3.388,279.188,720,12.52,47.3,1000
495,313.2,33.434,33.434,3.394,279.766,720,12.54,47.39,1000
496,313.92,33.577,33.577,3.4001,280.343,720,12.56,47.47,1000
497,314.64,33.72,33.72,3.4062,280.92,720,12.57,47.56,1000
498,315.36,33.863,33.863,3.4123,281.497,720,12.59,47.64,1000
499,316.08,34.007,34.007,3.4184,282.073,720,12.61,47.73,1000
500,316.8,34.151,34.151,3.4244,282.649,720,12.62,47.81,1000
501,317.52,34.295,34.295,3.4305,283.225,720,12.64,47.9,1000
502,318.24,34.439,34.439,3.4365,283.801,720,12.65,47.98,1000
503,318.96,34.584,34.584,3.4426,284.376,720,12.67,48.07,1000
504,319.68,34.729,34.729,3.4486,284.951,720,12.69,48.15,1000
505,320.4,34.875,34.875,3.4547,285.525,720,12.7,48.24,1000
506,321.12,35.021,35.021,3.4607,286.099,720,12.72,48.32,1000
507,321.84,35.167,35.167,3.4668,286.673,720,12.73,48.41,1000
508,322.56,35.313,35.313,3.4728,287.247,720,12.75,48.49,1000
509,323.28,35.46,35.46,3.4788,287.82,720,12.77,48.57,1000
510,324.0,35.607,35.607,3.4849,288.393,720,12.78,48.66,1000
511,324.72,35.754,35.754,3.4909,288.966,720,12.8,48.74,1000
512,325.44,35.901,35.901,3.4969,289.539,720,12.81,48.83,1000
513,326.16,36.049,36.049,3.5029,290.111,720,12.83,48.91,1000
514,326.88,36.198,36.198,3.5089,290.682,720,12.84,48.99,1000
515,327.6,36.346,36.346,3.5149,291.254,720,12.86,49.08,1000
516,328.32,36.495,36.495,3.5209,291.825,720,12.87,49.16,1000
517,329.04,36.644,36.644,3.5269,292.396,720,12.89,49.25,1000
518,329.76,36.793,36.793,3.5329,292.967,720,12.91,49.33,1000
519,330.48,36.943,36.943,3.5389,293.537,720,12.92,49.41,1000
520,331.2,37.093,37.093,3.5449,294.107,720,12.94,49.5,1000
521,331.92,37.243,37.243,3.5509,294.677,720,12.95,49.58,1000
522,332.64,37.394,37.394,3.5569,295.246,720,12.97,49.66,1000
523,333.36,37.545,37.545,3.5628,295.815,720,12.98,49.75,1000
524,334.08,37.696,37.696,3.5688,296.384,720,13.0,49.83,1000
525,334.8,37.848,37.848,3.5748,296.952,720,13.01,49.91,1000
526,335.52,38.0,38.0,3.5807,297.52,720,13.03,50.0,1000
527,336.24,38.152,38.152,3.5867,298.088,720,13.04,50.08,1000
528,336.96,38.304,38.304,3.5926,298.656,720,13.06,50.16,1000
529,337.68,38.457,38.457,3.5986,299.223,720,13.07,50.25,1000
530,338.4,38.61,38.61,3.6045,299.79,720,13.09,50.33,1000
531,339.12,38.763,38.763,3.6105,300.357,720,13.1,50.41,1000
532,339.84,38.917,38.917,3.6164,300.923,720,13.11,50.49,1000
533,340.56,39.071,39.071,3.6223,301.489,720,13.13,50.58,1000
534,341.28,39.225,39.225,3.6283,302.055,720,13.14,50.66,1000
535,342.0,39.38,39.38,3.6342,302.62,720,13.16,50.74,1000
536,342.72,39.535,39.535,3.6401,303.185,720,13.17,50.83,1000
537,343.44,39.69,39.69,3.646,303.75,720,13.19,50.91,1000
538,344.16,39.845,39.845,3.6519,304.315,720,13.2,50.99,1000
539,344.88,40.001,40.001,3.6578,304.879,720,13.22,51.07,1000
540,345.6,40.157,40.157,3.6637,305.443,720,13.23,51.16,1000
541,346.32,40.314,40.314,3.6696,306.006,720,13.24,51.24,1000
542,347.04,40.47,40.47,3.6755,306.57,720,13.26,51.32,1000
543,347.76,40.627,40.627,3.6814,307.133,720,13.27,51.4,1000
544,348.48,40.785,40.785,3.6873,307.695,720,13.29,51.48,1000
545,349.2,40.942,40.942,3.6932,308.258,720,13.3,51.57,1000
546,349.92,41.1,41.1,3.6991,308.82,720,13.31,51.65,1000
547,350.64,41.258,41.258,3.7049,309.382,720,13.33,51.73,1000
548,351.36,41.417,41.417,3.7108,309.943,720,13.34,51.81,1000
549,352.08,41.576,41.576,3.7167,310.504,720,13.35,51.89,1000
550,352.8,41.735,41.735,3.7225,311.065,720,13.37,51.98,1000
551,353.52,41.894,41.894,3.7284,311.626,720,13.38,52.06,1000
552,354.24,42.054,42.054,3.7342,312.186,720,13.4,52.14,1000
553,354.96,42.214,42.214,3.7401,312.746,720,13.41,52.22,1000
554,355.68,42.375,42.375,3.7459,313.305,720,13.42,52.3,1000
555,356.4,42.535,42.535,3.7518,313.865,720,13.44,52.38,1000
556,357.12,42.696,42.696,3.7576,314.424,720,13.45,52.47,1000
557,357.84,42.857,42.857,3.7634,314.983,720,13.46,52.55,1000
558,358.56,43.019,43.019,3.7692,315.541,720,13.48,52.63,1000
559,359.28,43.181,43.181,3.7751,316.099,720,13.49,52.71,1000
560,360.0,43.343,43.343,3.7809,316.657,720,13.5,52.79,1000
561,360.72,43.506,43.506,3.7867,317.214,720,13.51,52.87,1000
562,361.44,43.668,43.668,3.7925,317.772,720,13.53,52.95,1000
563,362.16,43.831,43.831,3.7983,318.329,720,13.54,53.03,1000
564,362.88,43.995,43.995,3.8041,318.885,720,13.55,53.12,1000
565,363.6,44.159,44.159,3.8099,319.441,720,13.57,53.2,1000
566,364.32,44.323,44.323,3.8157,319.997,720,13.58,53.28,1000
567,365.04,44.487,44.487,3.8215,320.553,720,13.59,53.36,1000
568,365.76,44.652,44.652,3.8273,321.108,720,13.6,53.44,1000
569,366.48,44.816,44.816,3.833,321.664,720,13.62,53.52,1000
570,367.2,44.982,44.982,3.8388,322.218,720,13.63,53.6,1000
571,367.92,45.147,45.147,3.8446,322.773,720,13.64,53.68,1000
572,368.64,45.313,45.313,3.8503,323.327,720,13.65,53.76,1000
573,369.36,45.479,45.479,3.8561,323.881,720,13.67,53.84,1000
574,370.08,45.646,45.646,3.8619,324.434,720,13.68,53.92,1000
575,370.8,45.646,45.646,3.8619,325.154,720,13.69,54.0,1000
576,371.52,45.626,45.626,3.8619,325.894,720,13.7,54.0,1000
577,372.24,45.606,45.606,3.8619,326.634,720,13.72,54.0,1000
578,372.96,45.586,45.586,3.8619,327.374,720,13.73,54.0,1000
579,373.68,45.566,45.566,3.8619,328.114,720,13.74,54.0,1000
580,374.4,45.546,45.546,3.8619,328.854,720,13.75,54.0,1000
581,375.12,45.526,45.526,3.8619,329.594,720,13.76,54.0,1000
582,375.84,45.506,45.506,3.8619,330.334,720,13.78,54.0,1000
583,376.56,45.486,45.486,3.8619,331.074,720,13.79,54.0,1000
584,377.28,45.466,45.466,3.8619,331.814,720,13.8,54.0,1000
585,378.0,45.446,45.446,3.8619,332.554,720,13.81,54.0,1000
586,378.72,45.426,45.426,3.8619,333.294,720,13.82,54.0,1000
587,379.44,45.406,45.406,3.8619,334.034,720,13.83,54.0,1000
588,380.16,45.386,45.386,3.8619,334.774,720,13.85,54.0,1000
589,380.88,45.366,45.366,3.8619,335.514,720,13.86,54.0,1000
590,381.6,45.346,45.346,3.8619,336.254,720,13.87,54.0,1000
591,382.32,45.326,45.326,3.8619,336.994,720,13.88,54.0,1000
592,383.04,45.306,45.306,3.8619,337.734,720,13.89,54.0,1000
593,383.76,45.286,45.286,3.8619,338.474,720,13.9,54.0,1000
594,384.48,45.266,45.266,3.8619,339.214,720,13.91,54.0,1000
595,385.2,45.246,45.246,3.8619,339.954,720,13.93,54.0,1000
596,385.92,45.226,45.226,3.8619,340.694,720,13.94,54.0,1000
597,386.64,45.206,45.206,3.8619,341.434,720,13.95,54.0,1000
598,387.36,45.186,45.186,3.8619,342.174,720,13.96,54.0,1000
599,388.08,45.166,45.166,3.8619,342.914,720,13.97,54.0,1000
600,388.8,45.146,45.146,3.8619,343.654,720,13.98,54.0,1000
601,389.52,45.126,45.126,3.8619,344.394,720,13.99,54.0,1000
602,390.24,45.106,45.106,3.8619,345.134,720,14.0,54.0,1000
603,390.96,45.086,45.086,3.8619,345.874,720,14.01,54.0,1000
604,391.68,45.066,45.066,3.8619,346.614,720,14.02,54.0,1000
605,392.4,45.046,45.046,3.8619,347.354,720,14.03,54.0,1000
606,393.12,45.026,45.026,3.8619,348.094,720,14.04,54.0,1000
607,393.84,45.006,45.006,3.8619,348.834,720,14.06,54.0,1000
608,394.56,44.986,44.986,3.8619,349.574,720,14.07,54.0,1000
609,395.28,44.966,44.966,3.8619,350.314,720,14.08,54.0,1000
610,396.0,44.946,44.946,3.8619,351.054,720,14.09,54.0,1000
611,396.72,44.926,44.926,3.8619,351.794,720,14.1,54.0,1000
612,397.44,44.906,44.906,3.8619,352.534,720,14.11,54.0,1000
613,398.16,44.886,44.886,3.8619,353.274,720,14.12,54.0,1000
614,398.88,44.866,44.866,3.8619,354.014,720,14.13,54.0,1000
615,399.6,44.846,44.846,3.8619,354.754,720,14.14,54.0,1000
616,400.32,44.826,44.826,3.8619,355.494,720,14.15,54.0,1000
617,401.04,44.806,44.806,3.8619,356.234,720,14.16,54.0,1000
618,401.76,44.786,44.786,3.8619,356.974,720,14.17,54.0,1000
619,402.48,44.766,44.766,3.8619,357.714,720,14.18,54.0,1000
620,403.2,44.746,44.746,3.8619,358.454,720,14.19,54.0,1000
621,403.92,44.726,44.726,3.8619,359.194,720,14.2,54.0,1000
622,404.64,44.706,44.706,3.8619,359.934,720,14.21,54.0,1000
623,405.36,44.686,44.686,3.8619,360.674,720,14.22,54.0,1000
624,406.08,44.666,44.666,3.8619,361.414,720,14.23,54.0,1000
625,406.8,44.646,44.646,3.8619,362.154,720,14.23,54.0,1000
626,407.52,44.626,44.626,3.8619,362.894,720,14.24,54.0,1000
627,408.24,44.606,44.606,3.8619,363.634,720,14.25,54.0,1000
628,408.96,44.586,44.586,3.8619,364.374,720,14.26,54.0,1000
629,409.68,44.566,44.566,3.8619,365.114,720,14.27,54.0,1000
630,410.4,44.546,44.546,3.8619,365.854,720,14.28,54.0,1000
631,411.12,44.526,44.526,3.8619,366.594,720,14.29,54.0,1000
632,411.84,44.506,44.506,3.8619,367.334,720,14.3,54.0,1000
633,412.56,44.486,44.486,3.8619,368.074,720,14.31,54.0,1000
634,413.28,44.466,44.466,3.8619,368.814,720,14.32,54.0,1000
635,414.0,44.446,44.446,3.8619,369.554,720,14.33,54.0,1000
636,414.72,44.426,44.426,3.8619,370.294,720,14.34,54.0,1000
637,415.44,44.406,44.406,3.8619,371.034,720,14.34,54.0,1000
638,416.16,44.386,44.386,3.8619,371.774,720,14.35,54.0,1000
639,416.88,44.366,44.366,3.8619,372.514,720,14.36,54.0,1000
640,417.6,44.346,44.346,3.8619,373.254,720,14.37,54.0,1000
641,418.32,44.326,44.326,3.8619,373.994,720,14.38,54.0,1000
642,419.04,44.306,44.306,3.8619,374.734,720,14.39,54.0,1000
643,419.76,44.286,44.286,3.8619,375.474,720,14.4,54.0,1000
644,420.48,44.266,44.266,3.8619,376.214,720,14.4,54.0,1000
645,421.2,44.246,44.246,3.8619,376.954,720,14.41,54.0,1000
646,421.92,44.226,44.226,3.8619,377.694,720,14.42,54.0,1000
647,422.64,44.206,44.206,3.8619,378.434,720,14.43,54.0,1000
648,423.36,44.186,44.186,3.8619,379.174,720,14.44,54.0,1000
649,424.08,44.166,44.166,3.8619,379.914,720,14.45,54.0,1000
650,424.8,44.146,44.146,3.8619,380.654,720,14.45,54.0,1000
651,425.52,44.126,44.126,3.8619,381.394,720,14.46,54.0,1000
652,426.24,44.106,44.106,3.8619,382.134,720,14.47,54.0,1000
653,426.96,44.086,44.086,3.8619,382.874,720,14.48,54.0,1000
654,427.68,44.066,44.066,3.8619,383.614,720,14.49,54.0,1000
655,428.4,44.046,44.046,3.8619,384.354,720,14.49,54.0,1000
656,429.12,44.026,44.026,3.8619,385.094,720,14.5,54.0,1000
657,429.84,44.006,44.006,3.8619,385.834,720,14.51,54.0,1000
658,430.56,43.986,43.986,3.8619,386.574,720,14.52,54.0,1000
659,431.28,43.966,43.966,3.8619,387.314,720,14.52,54.0,1000
660,432.0,43.946,43.946,3.8619,388.054,720,14.53,54.0,1000
661,432.72,43.926,43.926,3.8619,388.794,720,14.54,54.0,1000
662,433.44,43.906,43.906,3.8619,389.534,720,14.55,54.0,1000
663,434.16,43.886,43.886,3.8619,390.274,720,14.55,54.0,1000
664,434.88,43.866,43.866,3.8619,391.014,720,14.56,54.0,1000
665,435.6,43.846,43.846,3.8619,391.754,720,14.57,54.0,1000
666,436.32,43.826,43.826,3.8619,392.494,720,14.57,54.0,1000
667,437.04,43.806,43.806,3.8619,393.234,720,14.58,54.0,1000
668,437.76,43.786,43.786,3.8619,393.974,720,14.59,54.0,1000
669,438.48,43.766,43.766,3.8619,394.714,720,14.6,54.0,1000
670,439.2,43.746,43.746,3.8619,395.454,720,14.6,54.0,1000
671,439.92,43.726,43.726,3.8619,396.194,720,14.61,54.0,1000
672,440.64,43.706,43.706,3.8619,396.934,720,14.62,54.0,1000
673,441.36,43.686,43.686,3.8619,397.674,720,14.62,54.0,1000
674,442.08,43.666,43.666,3.8619,398.414,720,14.63,54.0,1000
675,442.8,43.646,43.646,3.8619,399.154,720,14.64,54.0,1000
676,443.52,43.626,43.626,3.8619,399.894,720,14.64,54.0,1000
677,444.24,43.606,43.606,3.8619,400.634,720,14.65,54.0,1000
678,444.96,43.586,43.586,3.8619,401.374,720,14.66,54.0,1000
679,445.68,43.566,43.566,3.8619,402.114,720,14.66,54.0,1000
680,446.4,43.546,43.546,3.8619,402.854,720,14.67,54.0,1000
681,447.12,43.526,43.526,3.8619,403.594,720,14.67,54.0,1000
682,447.84,43.506,43.506,3.8619,404.334,720,14.68,54.0,1000
683,448.56,43.486,43.486,3.8619,405.074,720,14.69,54.0,1000
684,449.28,43.466,43.466,3.8619,405.814,720,14.69,54.0,1000
685,450.0,43.446,43.446,3.8619,406.554,720,14.7,54.0,1000
686,450.72,43.426,43.426,3.8619,407.294,720,14.7,54.0,1000
687,451.44,43.406,43.406,3.8619,408.034,720,14.71,54.0,1000
688,452.16,43.386,43.386,3.8619,408.774,720,14.72,54.0,1000
689,452.88,43.366,43.366,3.8619,409.514,720,14.72,54.0,1000
690,453.6,43.346,43.346,3.8619,410.254,720,14.73,54.0,1000
691,454.32,43.326,43.326,3.8619,410.994,720,14.73,54.0,1000
692,455.04,43.306,43.306,3.8619,411.734,720,14.74,54.0,1000
693,455.76,43.286,43.286,3.8619,412.474,720,14.74,54.0,1000
694,456.48,43.266,43.266,3.8619,413.214,720,14.75,54.0,1000
695,457.2,43.246,43.246,3.8619,413.954,720,14.76,54.0,1000
696,457.92,43.226,43.226,3.8619,414.694,720,14.76,54.0,1000
697,458.64,43.206,43.206,3.8619,415.434,720,14.77,54.0,1000
698,459.36,43.186,43.186,3.8619,416.174,720,14.77,54.0,1000
699,460.08,43.166,43.166,3.8619,416.914,720,14.78,54.0,1000
700,460.8,43.146,43.146,3.8619,417.654,720,14.78,54.0,1000
701,461.52,43.126,43.126,3.8619,418.394,720,14.79,54.0,1000
702,462.24,43.106,43.106,3.8619,419.134,720,14.79,54.0,1000
703,462.96,43.086,43.086,3.8619,419.874,720,14.8,54.0,1000
704,463.68,43.066,43.066,3.8619,420.614,720,14.8,54.0,1000
705,464.4,43.046,43.046,3.8619,421.354,720,14.81,54.0,1000
706,465.12,43.026,43.026,3.8619,422.094,720,14.81,54.0,1000
707,465.84,43.006,43.006,3.8619,422.834,720,14.82,54.0,1000
708,466.56,42.986,42.986,3.8619,423.574,720,14.82,54.0,1000
709,467.28,42.966,42.966,3.8619,424.314,720,14.83,54.0,1000
710,468.0,42.946,42.946,3.8619,425.054,720,14.83,54.0,1000
711,468.72,42.926,42.926,3.8619,425.794,720,14.83,54.0,1000
712,469.44,42.906,42.906,3.8619,426.534,720,14.84,54.0,1000
713,470.16,42.886,42.886,3.8619,427.274,720,14.84,54.0,1000
714,470.88,42.866,42.866,3.8619,428.014,720,14.85,54.0,1000
715,471.6,42.846,42.846,3.8619,428.754,720,14.85,54.0,1000
716,472.32,42.826,42.826,3.8619,429.494,720,14.86,54.0,1000
717,473.04,42.806,42.806,3.8619,430.234,720,14.86,54.0,1000
718,473.76,42.786,42.786,3.8619,430.974,720,14.86,54.0,1000
719,474.48,42.766,42.766,3.8619,431.714,720,14.87,54.0,1000
720,475.2,42.746,42.746,3.8619,432.454,720,14.87,54.0,1000
721,475.92,42.726,42.726,3.8619,433.194,720,14.88,54.0,1000
722,476.64,42.706,42.706,3.8619,433.934,720,14.88,54.0,1000
723,477.36,42.686,42.686,3.8619,434.674,720,14.88,54.0,1000
724,478.08,42.666,42.666,3.8619,435.414,720,14.89,54.0,1000
725,478.8,42.646,42.646,3.8619,436.154,720,14.89,54.0,1000
726,479.52,42.626,42.626,3.8619,436.894,720,14.89,54.0,1000
727,480.24,42.606,42.606,3.8619,437.634,720,14.9,54.0,1000
728,480.96,42.586,42.586,3.8619,438.374,720,14.9,54.0,1000
729,481.68,42.566,42.566,3.8619,439.114,720,14.9,54.0,1000
730,482.4,42.546,42.546,3.8619,439.854,720,14.91,54.0,1000
731,483.12,42.526,42.526,3.8619,440.594,720,14.91,54.0,1000
732,483.84,42.506,42.506,3.8619,441.334,720,14.91,54.0,1000
733,484.56,42.486,42.486,3.8619,442.074,720,14.92,54.0,1000
734,485.28,42.466,42.466,3.8619,442.814,720,14.92,54.0,1000
735,486.0,42.446,42.446,3.8619,443.554,720,14.92,54.0,1000
736,486.72,42.426,42.426,3.8619,444.294,720,14.93,54.0,1000
737,487.44,42.406,42.406,3.8619,445.034,720,14.93,54.0,1000
738,488.16,42.386,42.386,3.8619,445.774,720,14.93,54.0,1000
739,488.88,42.366,42.366,3.8619,446.514,720,14.94,54.0,1000
740,489.6,42.346,42.346,3.8619,447.254,720,14.94,54.0,1000
741,490.32,42.326,42.326,3.8619,447.994,720,14.94,54.0,1000
742,491.04,42.306,42.306,3.8619,448.734,720,14.94,54.0,1000
743,491.76,42.286,42.286,3.8619,449.474,720,14.95,54.0,1000
744,492.48,42.266,42.266,3.8619,450.214,720,14.95,54.0,1000
745,493.2,42.246,42.246,3.8619,450.954,720,14.95,54.0,1000
746,493.92,42.226,42.226,3.8619,451.694,720,14.95,54.0,1000
747,494.64,42.206,42.206,3.8619,452.434,720,14.96,54.0,1000
748,495.36,42.186,42.186,3.8619,453.174,720,14.96,54.0,1000
749,496.08,42.166,42.166,3.8619,453.914,720,14.96,54.0,1000
750,496.8,42.146,42.146,3.8619,454.654,720,14.96,54.0,1000
751,497.52,42.126,42.126,3.8619,455.394,720,14.96,54.0,1000
752,498.24,42.106,42.106,3.8619,456.134,720,14.97,54.0,1000
753,498.96,42.086,42.086,3.8619,456.874,720,14.97,54.0,1000
754,499.68,42.066,42.066,3.8619,457.614,720,14.97,54.0,1000
755,500.4,42.046,42.046,3.8619,458.354,720,14.97,54.0,1000
756,501.12,42.026,42.026,3.8619,459.094,720,14.97,54.0,1000
757,501.84,42.006,42.006,3.8619,459.834,720,14.98,54.0,1000
758,502.56,41.986,41.986,3.8619,460.574,720,14.98,54.0,1000
759,503.28,41.966,41.966,3.8619,461.314,720,14.98,54.0,1000
760,504.0,41.946,41.946,3.8619,462.054,720,14.98,54.0,1000
761,504.72,41.926,41.926,3.8619,462.794,720,14.98,54.0,1000
762,505.44,41.906,41.906,3.8619,463.534,720,14.98,54.0,1000
763,506.16,41.886,41.886,3.8619,464.274,720,14.98,54.0,1000
764,506.88,41.866,41.866,3.8619,465.014,720,14.99,54.0,1000
765,507.6,41.846,41.846,3.8619,465.754,720,14.99,54.0,1000
766,508.32,41.826,41.826,3.8619,466.494,720,14.99,54.0,1000
767,509.04,41.806,41.806,3.8619,467.234,720,14.99,54.0,1000
768,509.76,41.786,41.786,3.8619,467.974,720,14.99,54.0,1000
769,510.48,41.766,41.766,3.8619,468.714,720,14.99,54.0,1000
770,511.2,41.746,41.746,3.8619,469.454,720,14.99,54.0,1000
771,511.92,41.726,41.726,3.8619,470.194,720,14.99,54.0,1000
772,512.64,41.706,41.706,3.8619,470.934,720,14.99,54.0,1000
773,513.36,41.686,41.686,3.8619,471.674,720,15.0,54.0,1000
774,514.08,41.666,41.666,3.8619,472.414,720,15.0,54.0,1000
775,514.8,41.646,41.646,3.8619,473.154,720,15.0,54.0,1000
776,515.52,41.626,41.626,3.8619,473.894,720,15.0,54.0,1000
777,516.24,41.606,41.606,3.8619,474.634,720,15.0,54.0,1000
778,516.96,41.586,41.586,3.8619,475.374,720,15.0,54.0,1000
779,517.68,41.566,41.566,3.8619,476.114,720,15.0,54.0,1000
780,518.4,41.546,41.546,3.8619,476.854,720,15.0,54.0,1000
781,519.12,41.526,41.526,3.8619,477.594,720,15.0,54.0,1000
782,519.84,41.506,41.506,3.8619,478.334,720,15.0,54.0,1000
783,520.56,41.486,41.486,3.8619,479.074,720,15.0,54.0,1000
784,521.28,41.466,41.466,3.8619,479.814,720,15.0,54.0,1000
785,522.0,41.446,41.446,3.8619,480.554,720,15.0,54.0,1000
786,522.72,41.426,41.426,3.8619,481.294,720,15.0,54.0,1000
787,523.44,41.406,41.406,3.8619,482.034,720,15.0,54.0,1000
788,524.16,41.386,41.386,3.8619,482.774,720,15.0,54.0,1000
789,524.88,41.366,41.366,3.8619,483.514,720,15.0,54.0,1000
790,525.6,41.346,41.346,3.8619,484.254,720,15.0,54.0,1000
791,526.32,41.326,41.326,3.8619,484.994,720,15.0,54.0,1000
792,527.04,41.306,41.306,3.8619,485.734,720,15.0,54.0,1000
793,527.76,41.286,41.286,3.8619,486.474,720,15.0,54.0,1000
794,528.48,41.266,41.266,3.8619,487.214,720,15.0,54.0,1000
795,529.2,41.246,41.246,3.8619,487.954,720,15.0,54.0,1000
796,529.92,41.226,41.226,3.8619,488.694,720,15.0,54.0,1000
797,530.64,41.206,41.206,3.8619,489.434,720,15.0,54.0,1000
798,531.36,41.186,41.186,3.8619,490.174,720,15.0,54.0,1000
799,532.08,41.166,41.166,3.8619,490.914,720,14.99,54.0,1000
800,532.8,41.146,41.146,3.8619,491.654,720,14.99,54.0,1000
801,533.52,41.126,41.126,3.8619,492.394,720,14.99,54.0,1000
802,534.24,41.106,41.106,3.8619,493.134,720,14.99,54.0,1000
803,534.96,41.086,41.086,3.8619,493.874,720,14.99,54.0,1000
804,535.68,41.066,41.066,3.8619,494.614,720,14.99,54.0,1000
805,536.4,41.046,41.046,3.8619,495.354,720,14.99,54.0,1000
806,537.12,41.026,41.026,3.8619,496.094,720,14.99,54.0,1000
807,537.84,41.006,41.006,3.8619,496.834,720,14.99,54.0,1000
808,538.56,40.986,40.986,3.8619,497.574,720,14.98,54.0,1000
809,539.28,40.966,40.966,3.8619,498.314,720,14.98,54.0,1000
810,540.0,40.946,40.946,3.8619,499.054,720,14.98,54.0,1000
811,540.72,40.926,40.926,3.8619,499.794,720,14.98,54.0,1000
812,541.44,40.906,40.906,3.8619,500.534,720,14.98,54.0,1000
813,542.16,40.886,40.886,3.8619,501.274,720,14.98,54.0,1000
814,542.88,40.866,40.866,3.8619,502.014,720,14.98,54.0,1000
815,543.6,40.846,40.846,3.8619,502.754,720,14.97,54.0,1000
816,544.32,40.826,40.826,3.8619,503.494,720,14.97,54.0,1000
817,545.04,40.806,40.806,3.8619,504.234,720,14.97,54.0,1000
818,545.76,40.786,40.786,3.8619,504.974,720,14.97,54.0,1000
819,546.48,40.766,40.766,3.8619,505.714,720,14.97,54.0,1000
820,547.2,40.746,40.746,3.8619,506.454,720,14.96,54.0,1000
821,547.92,40.726,40.726,3.8619,507.194,720,14.96,54.0,1000
822,548.64,40.706,40.706,3.8619,507.934,720,14.96,54.0,1000
823,549.36,40.686,40.686,3.8619,508.674,720,14.96,54.0,1000
824,550.08,40.666,40.666,3.8619,509.414,720,14.96,54.0,1000
825,550.8,40.646,40.646,3.8619,510.154,720,14.95,54.0,1000
826,551.52,40.626,40.626,3.8619,510.894,720,14.95,54.0,1000
827,552.24,40.606,40.606,3.8619,511.634,720,14.95,54.0,1000
828,552.96,40.586,40.586,3.8619,512.374,720,14.95,54.0,1000
829,553.68,40.566,40.566,3.8619,513.114,720,14.94,54.0,1000
830,554.4,40.546,40.546,3.8619,513.854,720,14.94,54.0,1000
831,555.12,40.526,40.526,3.8619,514.594,720,14.94,54.0,1000
832,555.84,40.506,40.506,3.8619,515.334,720,14.93,54.0,1000
833,556.56,40.486,40.486,3.8619,516.074,720,14.93,54.0,1000
834,557.28,40.466,40.466,3.8619,516.814,720,14.93,54.0,1000
835,558.0,40.446,40.446,3.8619,517.554,720,14.93,54.0,1000
836,558.72,40.426,40.426,3.8619,518.294,720,14.92,54.0,1000
837,559.44,40.406,40.406,3.8619,519.034,720,14.92,54.0,1000
838,560.16,40.386,40.386,3.8619,519.774,720,14.92,54.0,1000
839,560.88,40.366,40.366,3.8619,520.514,720,14.91,54.0,1000
840,561.6,40.346,40.346,3.8619,521.254,720,14.91,54.0,1000
841,562.32,40.326,40.326,3.8619,521.994,720,14.91,54.0,1000
842,563.04,40.306,40.306,3.8619,522.734,720,14.9,54.0,1000
843,563.76,40.286,40.286,3.8619,523.474,720,14.9,54.0,1000
844,564.48,40.266,40.266,3.8619,524.214,720,14.9,54.0,1000
845,565.2,40.246,40.246,3.8619,524.954,720,14.89,54.0,1000
846,565.92,40.226,40.226,3.8619,525.694,720,14.89,54.0,1000
847,566.64,40.206,40.206,3.8619,526.434,720,14.89,54.0,1000
848,567.36,40.186,40.186,3.8619,527.174,720,14.88,54.0,1000
849,568.08,40.166,40.166,3.8619,527.914,720,14.88,54.0,1000
850,568.8,40.146,40.146,3.8619,528.654,720,14.87,54.0,1000
851,569.52,40.126,40.126,3.8619,529.394,720,14.87,54.0,1000
852,570.24,40.106,40.106,3.8619,530.134,720,14.87,54.0,1000
853,570.96,40.086,40.086,3.8619,530.874,720,14.86,54.0,1000
854,571.68,40.066,40.066,3.8619,531.614,720,14.86,54.0,1000
855,572.4,40.046,40.046,3.8619,532.354,720,14.85,54.0,1000
856,573.12,40.026,40.026,3.8619,533.094,720,14.85,54.0,1000
857,573.84,40.006,40.006,3.8619,533.834,720,14.85,54.0,1000
858,574.56,39.986,39.986,3.8619,534.574,720,14.84,54.0,1000
859,575.28,39.966,39.966,3.8619,535.314,720,14.84,54.0,1000
860,576.0,39.946,39.946,3.8619,536.054,720,14.83,54.0,1000
861,576.72,39.926,39.926,3.8619,536.794,720,14.83,54.0,1000
862,577.44,39.906,39.906,3.8619,537.534,720,14.82,54.0,1000
863,578.16,39.886,39.886,3.8619,538.274,720,14.82,54.0,1000
864,578.88,39.866,39.866,3.8619,539.014,720,14.82,54.0,1000
865,579.6,39.846,39.846,3.8619,539.754,720,14.81,54.0,1000
866,580.32,39.826,39.826,3.8619,540.494,720,14.81,54.0,1000
867,581.04,39.806,39.806,3.8619,541.234,720,14.8,54.0,1000
868,581.76,39.786,39.786,3.8619,541.974,720,14.8,54.0,1000
869,582.48,39.766,39.766,3.8619,542.714,720,14.79,54.0,1000
870,583.2,39.746,39.746,3.8619,543.454,720,14.79,54.0,1000
871,583.92,39.726,39.726,3.8619,544.194,720,14.78,54.0,1000
872,584.64,39.706,39.706,3.8619,544.934,720,14.78,54.0,1000
873,585.36,39.686,39.686,3.8619,545.674,720,14.77,54.0,1000
874,586.08,39.666,39.666,3.8619,546.414,720,14.77,54.0,1000
875,586.8,39.646,39.646,3.8619,547.154,720,14.76,54.0,1000
876,587.52,39.626,39.626,3.8619,547.894,720,14.75,54.0,1000
877,588.24,39.606,39.606,3.8619,548.634,720,14.75,54.0,1000
878,588.96,39.586,39.586,3.8619,549.374,720,14.74,54.0,1000
879,589.68,39.566,39.566,3.8619,550.114,720,14.74,54.0,1000
880,590.4,39.546,39.546,3.8619,550.854,720,14.73,54.0,1000
881,591.12,39.526,39.526,3.8619,551.594,720,14.73,54.0,1000
882,591.84,39.506,39.506,3.8619,552.334,720,14.72,54.0,1000
883,592.56,39.486,39.486,3.8619,553.074,720,14.72,54.0,1000
884,593.28,39.466,39.466,3.8619,553.814,720,14.71,54.0,1000
885,594.0,39.446,39.446,3.8619,554.554,720,14.7,54.0,1000
886,594.72,39.426,39.426,3.8619,555.294,720,14.7,54.0,1000
887,595.44,39.406,39.406,3.8619,556.034,720,14.69,54.0,1000
888,596.16,39.386,39.386,3.8619,556.774,720,14.69,54.0,1000
889,596.88,39.366,39.366,3.8619,557.514,720,14.68,54.0,1000
890,597.6,39.346,39.346,3.8619,558.254,720,14.67,54.0,1000
891,598.32,39.326,39.326,3.8619,558.994,720,14.67,54.0,1000
892,599.04,39.306,39.306,3.8619,559.734,720,14.66,54.0,1000
893,599.76,39.286,39.286,3.8619,560.474,720,14.65,54.0,1000
894,600.48,39.266,39.266,3.8619,561.214,720,14.65,54.0,1000
895,601.2,39.246,39.246,3.8619,561.954,720,14.64,54.0,1000
896,601.92,39.226,39.226,3.8619,562.694,720,14.63,54.0,1000
897,602.64,39.206,39.206,3.8619,563.434,720,14.63,54.0,1000
898,603.36,39.186,39.186,3.8619,564.174,720,14.62,54.0,1000
899,604.08,39.166,39.166,3.8619,564.914,720,14.61,54.0,1000
900,604.8,39.146,39.146,3.8619,565.654,720,14.61,54.0,1000
901,605.52,39.126,39.126,3.8619,566.394,720,14.6,54.0,1000
902,606.24,39.106,39.106,3.8619,567.134,720,14.59,54.0,1000
903,606.96,39.086,39.086,3.8619,567.874,720,14.59,54.0,1000
904,607.68,39.066,39.066,3.8619,568.614,720,14.58,54.0,1000
905,608.4,39.046,39.046,3.8619,569.354,720,14.57,54.0,1000
906,609.12,39.026,39.026,3.8619,570.094,720,14.57,54.0,1000
907,609.84,39.006,39.006,3.8619,570.834,720,14.56,54.0,1000
908,610.56,38.986,38.986,3.8619,571.574,720,14.55,54.0,1000
909,611.28,38.966,38.966,3.8619,572.314,720,14.54,54.0,1000
910,612.0,38.946,38.946,3.8619,573.054,720,14.54,54.0,1000
911,612.72,38.926,38.926,3.8619,573.794,720,14.53,54.0,1000
912,613.44,38.906,38.906,3.8619,574.534,720,14.52,54.0,1000
913,614.16,38.886,38.886,3.8619,575.274,720,14.51,54.0,1000
914,614.88,38.866,38.866,3.8619,576.014,720,14.51,54.0,1000
915,615.6,38.846,38.846,3.8619,576.754,720,14.5,54.0,1000
916,616.32,38.826,38.826,3.8619,577.494,720,14.49,54.0,1000
917,617.04,38.806,38.806,3.8619,578.234,720,14.48,54.0,1000
918,617.76,38.786,38.786,3.8619,578.974,720,14.48,54.0,1000
919,618.48,38.766,38.766,3.8619,579.714,720,14.47,54.0,1000
920,619.2,38.746,38.746,3.8619,580.454,720,14.46,54.0,1000
921,619.92,38.726,38.726,3.8619,581.194,720,14.45,54.0,1000
922,620.64,38.706,38.706,3.8619,581.934,720,14.44,54.0,1000
923,621.36,38.686,38.686,3.8619,582.674,720,14.44,54.0,1000
924,622.08,38.666,38.666,3.8619,583.414,720,14.43,54.0,1000
925,622.8,38.646,38.646,3.8619,584.154,720,14.42,54.0,1000
926,623.52,38.626,38.626,3.8619,584.894,720,14.41,54.0,1000
927,624.24,38.606,38.606,3.8619,585.634,720,14.4,54.0,1000
928,624.96,38.586,38.586,3.8619,586.374,720,14.39,54.0,1000
929,625.68,38.566,38.566,3.8619,587.114,720,14.39,54.0,1000
930,626.4,38.546,38.546,3.8619,587.854,720,14.38,54.0,1000
931,627.12,38.526,38.526,3.8619,588.594,720,14.37,54.0,1000
932,627.84,38.506,38.506,3.8619,589.334,720,14.36,54.0,1000
933,628.56,38.486,38.486,3.8619,590.074,720,14.35,54.0,1000
934,629.28,38.466,38.466,3.8619,590.814,720,14.34,54.0,1000
935,630.0,38.446,38.446,3.8619,591.554,720,14.33,54.0,1000
936,630.72,38.426,38.426,3.8619,592.294,720,14.32,54.0,1000
937,631.44,38.406,38.406,3.8619,593.034,720,14.32,54.0,1000
938,632.16,38.386,38.386,3.8619,593.774,720,14.31,54.0,1000
939,632.88,38.366,38.366,3.8619,594.514,720,14.3,54.0,1000
940,633.6,38.346,38.346,3.8619,595.254,720,14.29,54.0,1000
941,634.32,38.326,38.326,3.8619,595.994,720,14.28,54.0,1000
942,635.04,38.306,38.306,3.8619,596.734,720,14.27,54.0,1000
943,635.76,38.286,38.286,3.8619,597.474,720,14.26,54.0,1000
944,636.48,38.266,38.266,3.8619,598.214,720,14.25,54.0,1000
945,637.2,38.246,38.246,3.8619,598.954,720,14.24,54.0,1000
946,637.92,38.226,38.226,3.8619,599.694,720,14.23,54.0,1000
947,638.64,38.206,38.206,3.8619,600.434,720,14.22,54.0,1000
948,639.36,38.186,38.186,3.8619,601.174,720,14.21,54.0,1000
949,640.08,38.166,38.166,3.8619,601.914,720,14.2,54.0,1000
950,640.8,38.146,38.146,3.8619,602.654,720,14.19,54.0,1000
951,641.52,38.126,38.126,3.8619,603.394,720,14.18,54.0,1000
952,642.24,38.106,38.106,3.8619,604.134,720,14.17,54.0,1000
953,642.96,38.086,38.086,3.8619,604.874,720,14.17,54.0,1000
954,643.68,38.066,38.066,3.8619,605.614,720,14.16,54.0,1000
955,644.4,38.046,38.046,3.8619,606.354,720,14.15,54.0,1000
956,645.12,38.026,38.026,3.8619,607.094,720,14.14,54.0,1000
957,645.84,38.006,38.006,3.8619,607.834,720,14.13,54.0,1000
958,646.56,37.986,37.986,3.8619,608.574,720,14.12,54.0,1000
959,647.28,37.966,37.966,3.8619,609.314,720,14.1,54.0,1000
960,648.0,37.946,37.946,3.8619,610.054,720,14.09,54.0,1000
961,648.72,37.926,37.926,3.8619,610.794,720,14.08,54.0,1000
962,649.44,37.906,37.906,3.8619,611.534,720,14.07,54.0,1000
963,650.16,37.886,37.886,3.8619,612.274,720,14.06,54.0,1000
964,650.88,37.866,37.866,3.8619,613.014,720,14.05,54.0,1000
965,651.6,37.846,37.846,3.8619,613.754,720,14.04,54.0,1000
966,652.32,37.826,37.826,3.8619,614.494,720,14.03,54.0,1000
967,653.04,37.806,37.806,3.8619,615.234,720,14.02,54.0,1000
968,653.76,37.786,37.786,3.8619,615.974,720,14.01,54.0,1000
969,654.48,37.766,37.766,3.8619,616.714,720,14.0,54.0,1000
970,655.2,37.746,37.746,3.8619,617.454,720,13.99,54.0,1000
971,655.92,37.726,37.726,3.8619,618.194,720,13.98,54.0,1000
972,656.64,37.706,37.706,3.8619,618.934,720,13.97,54.0,1000
973,657.36,37.686,37.686,3.8619,619.674,720,13.96,54.0,1000
974,658.08,37.666,37.666,3.8619,620.414,720,13.95,54.0,1000
975,658.8,37.646,37.646,3.8619,621.154,720,13.93,54.0,1000
976,659.52,37.626,37.626,3.8619,621.894,720,13.92,54.0,1000
977,660.24,37.606,37.606,3.8619,622.634,720,13.91,54.0,1000
978,660.96,37.586,37.586,3.8619,623.374,720,13.9,54.0,1000
979,661.68,37.566,37.566,3.8619,624.114,720,13.89,54.0,1000
980,662.4,37.546,37.546,3.8619,624.854,720,13.88,54.0,1000
981,663.12,37.526,37.526,3.8619,625.594,720,13.87,54.0,1000
982,663.84,37.506,37.506,3.8619,626.334,720,13.86,54.0,1000
983,664.56,37.486,37.486,3.8619,627.074,720,13.84,54.0,1000
984,665.28,37.466,37.466,3.8619,627.814,720,13.83,54.0,1000
985,666.0,37.446,37.446,3.8619,628.554,720,13.82,54.0,1000
986,666.72,37.426,37.426,3.8619,629.294,720,13.81,54.0,1000
987,667.44,37.406,37.406,3.8619,630.034,720,13.8,54.0,1000
988,668.16,37.386,37.386,3.8619,630.774,720,13.79,54.0,1000
989,668.88,37.366,37.366,3.8619,631.514,720,13.77,54.0,1000
990,669.6,37.346,37.346,3.8619,632.254,720,13.76,54.0,1000
991,670.32,37.326,37.326,3.8619,632.994,720,13.75,54.0,1000
992,671.04,37.306,37.306,3.8619,633.734,720,13.74,54.0,1000
993,671.76,37.286,37.286,3.8619,634.474,720,13.73,54.0,1000
994,672.48,37.266,37.266,3.8619,635.214,720,13.71,54.0,1000
995,673.2,37.246,37.246,3.8619,635.954,720,13.7,54.0,1000
996,673.92,37.226,37.226,3.8619,636.694,720,13.69,54.0,1000
997,674.64,37.206,37.206,3.8619,637.434,720,13.68,54.0,1000
998,675.36,37.186,37.186,3.8619,638.174,720,13.66,54.0,1000
999,676.08,37.166,37.166,3.8619,638.914,720,13.65,54.0,1000
1000,676.8,37.146,37.146,3.8619,639.654,720,13.64,54.0,1000
1001,677.517,37.126,37.126,3.8619,640.391,720,13.63,54.0,1000
1002,678.228,37.106,37.106,3.8619,641.122,720,13.61,54.0,1000
1003,678.933,37.086,37.086,3.8619,641.847,720,13.6,54.0,1000
1004,679.632,37.066,37.066,3.8619,642.566,720,13.59,54.0,1000
1005,680.325,37.046,37.046,3.8619,643.279,720,13.58,54.0,1000
1006,681.012,37.026,37.026,3.8619,643.986,720,13.56,54.0,1000
1007,681.693,37.006,37.006,3.8619,644.687,720,13.55,54.0,1000
1008,682.368,36.986,36.986,3.8619,645.382,720,13.54,54.0,1000
1009,683.037,36.966,36.966,3.8619,646.071,720,13.52,54.0,1000
1010,683.7,36.946,36.946,3.8619,646.754,720,13.51,54.0,1000
1011,684.357,36.926,36.926,3.8619,647.431,720,13.5,54.0,1000
1012,685.008,36.906,36.906,3.8619,648.102,720,13.49,54.0,1000
1013,685.653,36.886,36.886,3.8619,648.767,720,13.47,54.0,1000
1014,686.292,36.866,36.866,3.8619,649.426,720,13.46,54.0,1000
1015,686.925,36.846,36.846,3.8619,650.079,720,13.45,54.0,1000
1016,687.552,36.826,36.826,3.8619,650.726,720,13.43,54.0,1000
1017,688.173,36.806,36.806,3.8619,651.367,720,13.42,54.0,1000
1018,688.788,36.786,36.786,3.8619,652.002,720,13.41,54.0,1000
1019,689.397,36.766,36.766,3.8619,652.631,720,13.39,54.0,1000
1020,690.0,36.746,36.746,3.8619,653.254,720,13.38,54.0,1000
1021,690.597,36.726,36.726,3.8619,653.871,720,13.37,54.0,1000
1022,691.188,36.706,36.706,3.8619,654.482,720,13.35,54.0,1000
1023,691.773,36.686,36.686,3.8619,655.087,720,13.34,54.0,1000
1024,692.352,36.666,36.666,3.8619,655.686,720,13.32,54.0,1000
1025,692.925,36.646,36.646,3.8619,656.279,720,13.31,54.0,1000
1026,693.492,36.626,36.626,3.8619,656.866,720,13.3,54.0,1000
1027,694.053,36.606,36.606,3.8619,657.447,720,13.28,54.0,1000
1028,694.608,36.586,36.586,3.8619,658.022,720,13.27,54.0,1000
1029,695.157,36.566,36.566,3.8619,658.591,720,13.25,54.0,1000
1030,695.7,36.546,36.546,3.8619,659.154,720,13.24,54.0,1000
1031,696.237,36.526,36.526,3.8619,659.711,720,13.23,54.0,1000
1032,696.768,36.506,36.506,3.8619,660.262,720,13.21,54.0,1000
1033,697.293,36.486,36.486,3.8619,660.807,720,13.2,54.0,1000
1034,697.812,36.466,36.466,3.8619,661.346,720,13.18,54.0,1000
1035,698.325,36.446,36.446,3.8619,661.879,720,13.17,54.0,1000
1036,698.832,36.426,36.426,3.8619,662.406,720,13.16,54.0,1000
1037,699.333,36.406,36.406,3.8619,662.927,720,13.14,54.0,1000
1038,699.828,36.386,36.386,3.8619,663.442,720,13.13,54.0,1000
1039,700.317,36.366,36.366,3.8619,663.951,720,13.11,54.0,1000
1040,700.8,36.346,36.346,3.8619,664.454,720,13.1,54.0,1000
1041,701.277,36.326,36.326,3.8619,664.951,720,13.08,54.0,1000
1042,701.748,36.306,36.306,3.8619,665.442,720,13.07,54.0,1000
1043,702.213,36.286,36.286,3.8619,665.927,720,13.05,54.0,1000
1044,702.672,36.266,36.266,3.8619,666.406,720,13.04,54.0,1000
1045,703.125,36.246,36.246,3.8619,666.879,720,13.02,54.0,1000
1046,703.572,36.226,36.226,3.8619,667.346,720,13.01,54.0,1000
1047,704.013,36.206,36.206,3.8619,667.807,720,12.99,54.0,1000
1048,704.448,36.186,36.186,3.8619,668.262,720,12.98,54.0,1000
1049,704.877,36.166,36.166,3.8619,668.711,720,12.96,54.0,1000
1050,705.3,36.146,36.146,3.8619,669.154,720,12.95,54.0,1000
1051,705.717,36.126,36.126,3.8619,669.591,720,12.93,54.0,1000
1052,706.128,36.106,36.106,3.8619,670.022,720,12.92,54.0,1000
1053,706.533,36.086,36.086,3.8619,670.447,720,12.9,54.0,1000
1054,706.932,36.066,36.066,3.8619,670.866,720,12.89,54.0,1000
1055,707.325,36.046,36.046,3.8619,671.279,720,12.87,54.0,1000
1056,707.712,36.026,36.026,3.8619,671.686,720,12.86,54.0,1000
1057,708.093,36.006,36.006,3.8619,672.087,720,12.84,54.0,1000
1058,708.468,35.986,35.986,3.8619,672.482,720,12.83,54.0,1000
1059,708.837,35.966,35.966,3.8619,672.871,720,12.81,54.0,1000
1060,709.2,35.946,35.946,3.8619,673.254,720,12.79,54.0,1000
1061,709.557,35.926,35.926,3.8619,673.631,720,12.78,54.0,1000
1062,709.908,35.906,35.906,3.8619,674.002,720,12.76,54.0,1000
1063,710.253,35.886,35.886,3.8619,674.367,720,12.75,54.0,1000
1064,710.592,35.866,35.866,3.8619,674.726,720,12.73,54.0,1000
1065,710.925,35.846,35.846,3.8619,675.079,720,12.72,54.0,1000
1066,711.252,35.826,35.826,3.8619,675.426,720,12.7,54.0,1000
1067,711.573,35.806,35.806,3.8619,675.767,720,12.68,54.0,1000
1068,711.888,35.786,35.786,3.8619,676.102,720,12.67,54.0,1000
1069,712.197,35.766,35.766,3.8619,676.431,720,12.65,54.0,1000
1070,712.5,35.746,35.746,3.8619,676.754,720,12.63,54.0,1000
1071,712.797,35.726,35.726,3.8619,677.071,720,12.62,54.0,1000
1072,713.088,35.706,35.706,3.8619,677.382,720,12.6,54.0,1000
1073,713.373,35.686,35.686,3.8619,677.687,720,12.59,54.0,1000
1074,713.652,35.666,35.666,3.8619,677.986,720,12.57,54.0,1000
1075,713.925,35.646,35.646,3.8619,678.279,720,12.55,54.0,1000
1076,714.192,35.626,35.626,3.8619,678.566,720,12.54,54.0,1000
1077,714.453,35.606,35.606,3.8619,678.847,720,12.52,54.0,1000
1078,714.708,35.586,35.586,3.8619,679.122,720,12.5,54.0,1000
1079,714.957,35.566,35.566,3.8619,679.391,720,12.49,54.0,1000
1080,715.2,35.546,35.546,3.8619,679.654,720,12.47,54.0,1000
1081,715.437,35.526,35.526,3.8619,679.911,720,12.45,54.0,1000
1082,715.668,35.506,35.506,3.8619,680.162,720,12.44,54.0,1000
1083,715.893,35.486,35.486,3.8619,680.407,720,12.42,54.0,1000
1084,716.112,35.466,35.466,3.8619,680.646,720,12.4,54.0,1000
1085,716.325,35.446,35.446,3.8619,680.879,720,12.39,54.0,1000
1086,716.532,35.426,35.426,3.8619,681.106,720,12.37,54.0,1000
1087,716.733,35.406,35.406,3.8619,681.327,720,12.35,54.0,1000
1088,716.928,35.386,35.386,3.8619,681.542,720,12.34,54.0,1000
1089,717.117,35.366,35.366,3.8619,681.751,720,12.32,54.0,1000
1090,717.3,35.346,35.346,3.8619,681.954,720,12.3,54.0,1000
1091,717.477,35.326,35.326,3.8619,682.151,720,12.28,54.0,1000
1092,717.648,35.306,35.306,3.8619,682.342,720,12.27,54.0,1000
1093,717.813,35.286,35.286,3.8619,682.527,720,12.25,54.0,1000
1094,717.972,35.266,35.266,3.8619,682.706,720,12.23,54.0,1000
1095,718.125,35.246,35.246,3.8619,682.879,720,12.22,54.0,1000
1096,718.272,35.226,35.226,3.8619,683.046,720,12.2,54.0,1000
1097,718.413,35.206,35.206,3.8619,683.207,720,12.18,54.0,1000
1098,718.548,35.186,35.186,3.8619,683.362,720,12.16,54.0,1000
1099,718.677,35.166,35.166,3.8619,683.511,720,12.15,54.0,1000
1100,718.8,35.146,35.146,3.8619,683.654,720,12.13,54.0,1000
1101,718.917,35.126,35.126,3.8619,683.791,720,12.11,54.0,1000
1102,719.028,35.106,35.106,3.8619,683.922,720,12.09,54.0,1000
1103,719.133,35.086,35.086,3.8619,684.047,720,12.07,54.0,1000
1104,719.232,35.066,35.066,3.8619,684.166,720,12.06,54.0,1000
1105,719.325,35.046,35.046,3.8619,684.279,720,12.04,54.0,1000
1106,719.412,35.026,35.026,3.8619,684.386,720,12.02,54.0,1000
1107,719.493,35.006,35.006,3.8619,684.487,720,12.0,54.0,1000
1108,719.568,34.986,34.986,3.8619,684.582,720,11.98,54.0,1000
1109,719.637,34.966,34.966,3.8619,684.671,720,11.97,54.0,1000
1110,719.7,34.946,34.946,3.8619,684.754,720,11.95,54.0,1000
1111,719.757,34.926,34.926,3.8619,684.831,720,11.93,54.0,1000
1112,719.808,34.906,34.906,3.8619,684.902,720,11.91,54.0,1000
1113,719.853,34.886,34.886,3.8619,684.967,720,11.89,54.0,1000
1114,719.892,34.866,34.866,3.8619,685.026,720,11.88,54.0,1000
1115,719.925,34.846,34.846,3.8619,685.079,720,11.86,54.0,1000
1116,719.952,34.826,34.826,3.8619,685.126,720,11.84,54.0,1000
1117,719.973,34.806,34.806,3.8619,685.167,720,11.82,54.0,1000
1118,719.988,34.786,34.786,3.8619,685.202,720,11.8,54.0,1000
1119,719.997,34.766,34.766,3.8619,685.231,720,11.78,54.0,1000
1120,720.0,34.746,34.746,3.8619,685.254,720,11.76,54.0,1000
1121,720.0,34.726,34.726,3.8619,685.274,720,11.75,54.0,1000
1122,720.0,34.706,34.706,3.8619,685.294,720,11.73,54.0,1000
1123,720.0,34.686,34.686,3.8619,685.314,720,11.71,54.0,1000
1124,720.0,34.666,34.666,3.8619,685.334,720,11.69,54.0,1000
1125,720.0,34.646,34.646,3.8619,685.354,720,11.67,54.0,1000
1126,720.0,34.626,34.626,3.8619,685.374,720,11.65,54.0,1000
1127,720.0,34.606,34.606,3.8619,685.394,720,11.63,54.0,1000
1128,720.0,34.586,34.586,3.8619,685.414,720,11.61,54.0,1000
1129,720.0,34.566,34.566,3.8619,685.434,720,11.6,54.0,1000
1130,720.0,34.546,34.546,3.8619,685.454,720,11.58,54.0,1000
1131,720.0,34.526,34.526,3.8619,685.474,720,11.56,54.0,1000
1132,720.0,34.506,34.506,3.8619,685.494,720,11.54,54.0,1000
1133,720.0,34.486,34.486,3.8619,685.514,720,11.52,54.0,1000
1134,720.0,34.466,34.466,3.8619,685.534,720,11.5,54.0,1000
1135,720.0,34.446,34.446,3.8619,685.554,720,11.48,54.0,1000
1136,720.0,34.426,34.426,3.8619,685.574,720,11.46,54.0,1000
1137,720.0,34.406,34.406,3.8619,685.594,720,11.44,54.0,1000
1138,720.0,34.386,34.386,3.8619,685.614,720,11.42,54.0,1000
1139,720.0,34.366,34.366,3.8619,685.634,720,11.4,54.0,1000
1140,720.0,34.346,34.346,3.8619,685.654,720,11.38,54.0,1000
1141,720.0,34.326,34.326,3.8619,685.674,720,11.36,54.0,1000
1142,720.0,34.306,34.306,3.8619,685.694,720,11.34,54.0,1000
1143,720.0,34.286,34.286,3.8619,685.714,720,11.32,54.0,1000
1144,720.0,34.266,34.266,3.8619,685.734,720,11.3,54.0,1000
1145,720.0,34.246,34.246,3.8619,685.754,720,11.28,54.0,1000
1146,720.0,34.226,34.226,3.8619,685.774,720,11.27,54.0,1000
1147,720.0,34.206,34.206,3.8619,685.794,720,11.25,54.0,1000
1148,720.0,34.186,34.186,3.8619,685.814,720,11.23,54.0,1000
1149,720.0,34.166,34.166,3.8619,685.834,720,11.21,54.0,1000
1150,720.0,34.146,34.146,3.8619,685.854,720,11.19,54.0,1000
1151,720.0,34.126,34.126,3.8619,685.874,720,11.17,54.0,1000
1152,720.0,34.106,34.106,3.8619,685.894,720,11.15,54.0,1000
1153,720.0,34.086,34.086,3.8619,685.914,720,11.13,54.0,1000
1154,720.0,34.066,34.066,3.8619,685.934,720,11.11,54.0,1000
1155,720.0,34.046,34.046,3.8619,685.954,720,11.09,54.0,1000
1156,720.0,34.026,34.026,3.8619,685.974,720,11.06,54.0,1000
1157,720.0,34.006,34.006,3.8619,685.994,720,11.04,54.0,1000
1158,720.0,33.986,33.986,3.8619,686.014,720,11.02,54.0,1000
1159,720.0,33.966,33.966,3.8619,686.034,720,11.0,54.0,1000
1160,720.0,33.946,33.946,3.8619,686.054,720,10.98,54.0,1000
1161,720.0,33.926,33.926,3.8619,686.074,720,10.96,54.0,1000
1162,720.0,33.906,33.906,3.8619,686.094,720,10.94,54.0,1000
1163,720.0,33.886,33.886,3.8619,686.114,720,10.92,54.0,1000
1164,720.0,33.866,33.866,3.8619,686.134,720,10.9,54.0,1000
1165,720.0,33.846,33.846,3.8619,686.154,720,10.88,54.0,1000
1166,720.0,33.826,33.826,3.8619,686.174,720,10.86,54.0,1000
1167,720.0,33.806,33.806,3.8619,686.194,720,10.84,54.0,1000
1168,720.0,33.786,33.786,3.8619,686.214,720,10.82,54.0,1000
1169,720.0,33.766,33.766,3.8619,686.234,720,10.8,54.0,1000
1170,720.0,33.746,33.746,3.8619,686.254,720,10.78,54.0,1000
1171,720.0,33.726,33.726,3.8619,686.274,720,10.76,54.0,1000
1172,720.0,33.706,33.706,3.8619,686.294,720,10.74,54.0,1000
1173,720.0,33.686,33.686,3.8619,686.314,720,10.71,54.0,1000
1174,720.0,33.666,33.666,3.8619,686.334,720,10.69,54.0,1000
1175,720.0,33.646,33.646,3.8619,686.354,720,10.67,54.0,1000
1176,720.0,33.626,33.626,3.8619,686.374,720,10.65,54.0,1000
1177,720.0,33.606,33.606,3.8619,686.394,720,10.63,54.0,1000
1178,720.0,33.586,33.586,3.8619,686.414,720,10.61,54.0,1000
1179,720.0,33.566,33.566,3.8619,686.434,720,10.59,54.0,1000
1180,720.0,33.546,33.546,3.8619,686.454,720,10.57,54.0,1000
1181,720.0,33.526,33.526,3.8619,686.474,720,10.54,54.0,1000
1182,720.0,33.506,33.506,3.8619,686.494,720,10.52,54.0,1000
1183,720.0,33.486,33.486,3.8619,686.514,720,10.5,54.0,1000
1184,720.0,33.466,33.466,3.8619,686.534,720,10.48,54.0,1000
1185,720.0,33.446,33.446,3.8619,686.554,720,10.46,54.0,1000
1186,720.0,33.426,33.426,3.8619,686.574,720,10.44,54.0,1000
1187,720.0,33.406,33.406,3.8619,686.594,720,10.42,54.0,1000
1188,720.0,33.386,33.386,3.8619,686.614,720,10.39,54.0,1000
1189,720.0,33.366,33.366,3.8619,686.634,720,10.37,54.0,1000
1190,720.0,33.346,33.346,3.8619,686.654,720,10.35,54.0,1000
1191,720.0,33.326,33.326,3.8619,686.674,720,10.33,54.0,1000
1192,720.0,33.306,33.306,3.8619,686.694,720,10.31,54.0,1000
1193,720.0,33.286,33.286,3.8619,686.714,720,10.29,54.0,1000
1194,720.0,33.266,33.266,3.8619,686.734,720,10.26,54.0,1000
1195,720.0,33.246,33.246,3.8619,686.754,720,10.24,54.0,1000
1196,720.0,33.226,33.226,3.8619,686.774,720,10.22,54.0,1000
1197,720.0,33.206,33.206,3.8619,686.794,720,10.2,54.0,1000
1198,720.0,33.186,33.186,3.8619,686.814,720,10.18,54.0,1000
1199,720.0,33.166,33.166,3.8619,686.834,720,10.15,54.0,1000
1200,720.0,33.146,33.146,3.8619,686.854,720,10.13,54.0,1000
1201,720.0,33.126,33.126,3.8619,686.874,720,10.11,54.0,1000
1202,720.0,33.106,33.106,3.8619,686.894,720,10.09,54.0,1000
1203,720.0,33.086,33.086,3.8619,686.914,720,10.07,54.0,1000
1204,720.0,33.066,33.066,3.8619,686.934,720,10.04,54.0,1000
1205,720.0,33.046,33.046,3.8619,686.954,720,10.02,54.0,1000
1206,720.0,33.026,33.026,3.8619,686.974,720,10.0,54.0,1000
1207,720.0,33.006,33.006,3.8619,686.994,720,9.98,54.0,1000
1208,720.0,32.986,32.986,3.8619,687.014,720,9.95,54.0,1000
1209,720.0,32.966,32.966,3.8619,687.034,720,9.93,54.0,1000
1210,720.0,32.946,32.946,3.8619,687.054,720,9.91,54.0,1000
1211,720.0,32.926,32.926,3.8619,687.074,720,9.89,54.0,1000
1212,720.0,32.906,32.906,3.8619,687.094,720,9.86,54.0,1000
1213,720.0,32.886,32.886,3.8619,687.114,720,9.84,54.0,1000
1214,720.0,32.866,32.866,3.8619,687.134,720,9.82,54.0,1000
1215,720.0,32.846,32.846,3.8619,687.154,720,9.8,54.0,1000
1216,720.0,32.826,32.826,3.8619,687.174,720,9.77,54.0,1000
1217,720.0,32.806,32.806,3.8619,687.194,720,9.75,54.0,1000
1218,720.0,32.786,32.786,3.8619,687.214,720,9.73,54.0,1000
1219,720.0,32.766,32.766,3.8619,687.234,720,9.7,54.0,1000
1220,720.0,32.746,32.746,3.8619,687.254,720,9.68,54.0,1000
1221,720.0,32.726,32.726,3.8619,687.274,720,9.66,54.0,1000
1222,720.0,32.706,32.706,3.8619,687.294,720,9.64,54.0,1000
1223,720.0,32.686,32.686,3.8619,687.314,720,9.61,54.0,1000
1224,720.0,32.666,32.666,3.8619,687.334,720,9.59,54.0,1000
1225,720.0,32.646,32.646,3.8619,687.354,720,9.57,54.0,1000
1226,720.0,32.626,32.626,3.8619,687.374,720,9.54,54.0,1000
1227,720.0,32.606,32.606,3.8619,687.394,720,9.52,54.0,1000
1228,720.0,32.586,32.586,3.8619,687.414,720,9.5,54.0,1000
1229,720.0,32.566,32.566,3.8619,687.434,720,9.47,54.0,1000
1230,720.0,32.546,32.546,3.8619,687.454,720,9.45,54.0,1000
1231,720.0,32.526,32.526,3.8619,687.474,720,9.43,54.0,1000
1232,720.0,32.506,32.506,3.8619,687.494,720,9.4,54.0,1000
1233,720.0,32.486,32.486,3.8619,687.514,720,9.38,54.0,1000
1234,720.0,32.466,32.466,3.8619,687.534,720,9.36,54.0,1000
1235,720.0,32.446,32.446,3.8619,687.554,720,9.33,54.0,1000
1236,720.0,32.426,32.426,3.8619,687.574,720,9.31,54.0,1000
1237,720.0,32.406,32.406,3.8619,687.594,720,9.29,54.0,1000
1238,720.0,32.386,32.386,3.8619,687.614,720,9.26,54.0,1000
1239,720.0,32.366,32.366,3.8619,687.634,720,9.24,54.0,1000
1240,720.0,32.346,32.346,3.8619,687.654,720,9.22,54.0,1000
1241,720.0,32.326,32.326,3.8619,687.674,720,9.19,54.0,1000
1242,720.0,32.306,32.306,3.8619,687.694,720,9.17,54.0,1000
1243,720.0,32.286,32.286,3.8619,687.714,720,9.14,54.0,1000
1244,720.0,32.266,32.266,3.8619,687.734,720,9.12,54.0,1000
1245,720.0,32.246,32.246,3.8619,687.754,720,9.1,54.0,1000
1246,720.0,32.226,32.226,3.8619,687.774,720,9.07,54.0,1000
1247,720.0,32.206,32.206,3.8619,687.794,720,9.05,54.0,1000
1248,720.0,32.186,32.186,3.8619,687.814,720,9.03,54.0,1000
1249,720.0,32.166,32.166,3.8619,687.834,720,9.0,54.0,1000
1250,720.0,32.146,32.146,3.8619,687.854,720,8.98,54.0,1000
1251,720.0,32.126,32.126,3.8619,687.874,720,8.95,54.0,1000
1252,720.0,32.106,32.106,3.8619,687.894,720,8.93,54.0,1000
1253,720.0,32.086,32.086,3.8619,687.914,720,8.9,54.0,1000
1254,720.0,32.066,32.066,3.8619,687.934,720,8.88,54.0,1000
1255,720.0,32.046,32.046,3.8619,687.954,720,8.86,54.0,1000
1256,720.0,32.026,32.026,3.8619,687.974,720,8.83,54.0,1000
1257,720.0,32.006,32.006,3.8619,687.994,720,8.81,54.0,1000
1258,720.0,31.986,31.986,3.8619,688.014,720,8.78,54.0,1000
1259,720.0,31.966,31.966,3.8619,688.034,720,8.76,54.0,1000
1260,720.0,31.946,31.946,3.8619,688.054,720,8.73,54.0,1000
1261,720.0,31.926,31.926,3.8619,688.074,720,8.71,54.0,1000
1262,720.0,31.906,31.906,3.8619,688.094,720,8.69,54.0,1000
1263,720.0,31.886,31.886,3.8619,688.114,720,8.66,54.0,1000
1264,720.0,31.866,31.866,3.8619,688.134,720,8.64,54.0,1000
1265,720.0,31.846,31.846,3.8619,688.154,720,8.61,54.0,1000
1266,720.0,31.826,31.826,3.8619,688.174,720,8.59,54.0,1000
1267,720.0,31.806,31.806,3.8619,688.194,720,8.56,54.0,1000
1268,720.0,31.786,31.786,3.8619,688.214,720,8.54,54.0,1000
1269,720.0,31.766,31.766,3.8619,688.234,720,8.51,54.0,1000
1270,720.0,31.746,31.746,3.8619,688.254,720,8.49,54.0,1000
1271,720.0,31.726,31.726,3.8619,688.274,720,8.46,54.0,1000
1272,720.0,31.706,31.706,3.8619,688.294,720,8.44,54.0,1000
1273,720.0,31.686,31.686,3.8619,688.314,720,8.41,54.0,1000
1274,720.0,31.666,31.666,3.8619,688.334,720,8.39,54.0,1000
1275,720.0,31.646,31.646,3.8619,688.354,720,8.37,54.0,1000
1276,720.0,31.626,31.626,3.8619,688.374,720,8.34,54.0,1000
1277,720.0,31.606,31.606,3.8619,688.394,720,8.32,54.0,1000
1278,720.0,31.586,31.586,3.8619,688.414,720,8.29,54.0,1000
1279,720.0,31.566,31.566,3.8619,688.434,720,8.27,54.0,1000
1280,720.0,31.546,31.546,3.8619,688.454,720,8.24,54.0,1000
1281,720.0,31.526,31.526,3.8619,688.474,720,8.22,54.0,1000
1282,720.0,31.506,31.506,3.8619,688.494,720,8.19,54.0,1000
1283,720.0,31.486,31.486,3.8619,688.514,720,8.16,54.0,1000
1284,720.0,31.466,31.466,3.8619,688.534,720,8.14,54.0,1000
1285,720.0,31.446,31.446,3.8619,688.554,720,8.11,54.0,1000
1286,720.0,31.426,31.426,3.8619,688.574,720,8.09,54.0,1000
1287,720.0,31.406,31.406,3.8619,688.594,720,8.06,54.0,1000
1288,720.0,31.386,31.386,3.8619,688.614,720,8.04,54.0,1000
1289,720.0,31.366,31.366,3.8619,688.634,720,8.01,54.0,1000
1290,720.0,31.346,31.346,3.8619,688.654,720,7.99,54.0,1000
1291,720.0,31.326,31.326,3.8619,688.674,720,7.96,54.0,1000
1292,720.0,31.306,31.306,3.8619,688.694,720,7.94,54.0,1000
1293,720.0,31.286,31.286,3.8619,688.714,720,7.91,54.0,1000
1294,720.0,31.266,31.266,3.8619,688.734,720,7.89,54.0,1000
1295,720.0,31.246,31.246,3.8619,688.754,720,7.86,54.0,1000
1296,720.0,31.226,31.226,3.8619,688.774,720,7.84,54.0,1000
1297,720.0,31.206,31.206,3.8619,688.794,720,7.81,54.0,1000
1298,720.0,31.186,31.186,3.8619,688.814,720,7.78,54.0,1000
1299,720.0,31.166,31.166,3.8619,688.834,720,7.76,54.0,1000
1300,720.0,31.146,31.146,3.8619,688.854,720,7.73,54.0,1000
1301,720.0,31.126,31.126,3.8619,688.874,720,7.71,54.0,1000
1302,720.0,31.106,31.106,3.8619,688.894,720,7.68,54.0,1000
1303,720.0,31.086,31.086,3.8619,688.914,720,7.66,54.0,1000
1304,720.0,31.066,31.066,3.8619,688.934,720,7.63,54.0,1000
1305,720.0,31.046,31.046,3.8619,688.954,720,7.6,54.0,1000
1306,720.0,31.026,31.026,3.8619,688.974,720,7.58,54.0,1000
1307,720.0,31.006,31.006,3.8619,688.994,720,7.55,54.0,1000
1308,720.0,30.986,30.986,3.8619,689.014,720,7.53,54.0,1000
1309,720.0,30.966,30.966,3.8619,689.034,720,7.5,54.0,1000
1310,720.0,30.946,30.946,3.8619,689.054,720,7.47,54.0,1000
1311,720.0,30.926,30.926,3.8619,689.074,720,7.45,54.0,1000
1312,720.0,30.906,30.906,3.8619,689.094,720,7.42,54.0,1000
1313,720.0,30.886,30.886,3.8619,689.114,720,7.4,54.0,1000
1314,720.0,30.866,30.866,3.8619,689.134,720,7.37,54.0,1000
1315,720.0,30.846,30.846,3.8619,689.154,720,7.34,54.0,1000
1316,720.0,30.826,30.826,3.8619,689.174,720,7.32,54.0,1000
1317,720.0,30.806,30.806,3.8619,689.194,720,7.29,54.0,1000
1318,720.0,30.786,30.786,3.8619,689.214,720,7.26,54.0,1000
1319,720.0,30.766,30.766,3.8619,689.234,720,7.24,54.0,1000
1320,720.0,30.746,30.746,3.8619,689.254,720,7.21,54.0,1000
1321,720.0,30.726,30.726,3.8619,689.274,720,7.19,54.0,1000
1322,720.0,30.706,30.706,3.8619,689.294,720,7.16,54.0,1000
1323,720.0,30.686,30.686,3.8619,689.314,720,7.13,54.0,1000
1324,720.0,30.666,30.666,3.8619,689.334,720,7.11,54.0,1000
1325,720.0,30.646,30.646,3.8619,689.354,720,7.08,54.0,1000
1326,720.0,30.626,30.626,3.8619,689.374,720,7.05,54.0,1000
1327,720.0,30.606,30.606,3.8619,689.394,720,7.03,54.0,1000
1328,720.0,30.586,30.586,3.8619,689.414,720,7.0,54.0,1000
1329,720.0,30.566,30.566,3.8619,689.434,720,6.97,54.0,1000
1330,720.0,30.546,30.546,3.8619,689.454,720,6.95,54.0,1000
1331,720.0,30.526,30.526,3.8619,689.474,720,6.92,54.0,1000
1332,720.0,30.506,30.506,3.8619,689.494,720,6.89,54.0,1000
1333,720.0,30.486,30.486,3.8619,689.514,720,6.87,54.0,1000
1334,720.0,30.466,30.466,3.8619,689.534,720,6.84,54.0,1000
1335,720.0,30.446,30.446,3.8619,689.554,720,6.81,54.0,1000
1336,720.0,30.426,30.426,3.8619,689.574,720,6.79,54.0,1000
1337,720.0,30.406,30.406,3.8619,689.594,720,6.76,54.0,1000
1338,720.0,30.386,30.386,3.8619,689.614,720,6.73,54.0,1000
1339,720.0,30.366,30.366,3.8619,689.634,720,6.71,54.0,1000
1340,720.0,30.346,30.346,3.8619,689.654,720,6.68,54.0,1000
1341,720.0,30.326,30.326,3.8619,689.674,720,6.65,54.0,1000
1342,720.0,30.306,30.306,3.8619,689.694,720,6.63,54.0,1000
1343,720.0,30.286,30.286,3.8619,689.714,720,6.6,54.0,1000
1344,720.0,30.266,30.266,3.8619,689.734,720,6.57,54.0,1000
1345,720.0,30.246,30.246,3.8619,689.754,720,6.55,54.0,1000
1346,720.0,30.226,30.226,3.8619,689.774,720,6.52,54.0,1000
1347,720.0,30.206,30.206,3.8619,689.794,720,6.49,54.0,1000
1348,720.0,30.186,30.186,3.8619,689.814,720,6.46,54.0,1000
1349,720.0,30.166,30.166,3.8619,689.834,720,6.44,54.0,1000
1350,720.0,30.146,30.146,3.8619,689.854,720,6.41,54.0,1000
1351,720.0,30.126,30.126,3.8619,689.874,720,6.38,54.0,1000
1352,720.0,30.106,30.106,3.8619,689.894,720,6.36,54.0,1000
1353,720.0,30.086,30.086,3.8619,689.914,720,6.33,54.0,1000
1354,720.0,30.066,30.066,3.8619,689.934,720,6.3,54.0,1000
1355,720.0,30.046,30.046,3.8619,689.954,720,6.27,54.0,1000
1356,720.0,30.026,30.026,3.8619,689.974,720,6.25,54.0,1000
1357,720.0,30.006,30.006,3.8619,689.994,720,6.22,54.0,1000
1358,720.0,29.986,29.986,3.8619,690.014,720,6.19,54.0,1000
1359,720.0,29.966,29.966,3.8619,690.034,720,6.17,54.0,1000
1360,720.0,29.946,29.946,3.8619,690.054,720,6.14,54.0,1000
1361,720.0,29.926,29.926,3.8619,690.074,720,6.11,54.0,1000
1362,720.0,29.906,29.906,3.8619,690.094,720,6.08,54.0,1000
1363,720.0,29.886,29.886,3.8619,690.114,720,6.06,54.0,1000
1364,720.0,29.866,29.866,3.8619,690.134,720,6.03,54.0,1000
1365,720.0,29.846,29.846,3.8619,690.154,720,6.0,54.0,1000
1366,720.0,29.826,29.826,3.8619,690.174,720,5.97,54.0,1000
1367,720.0,29.806,29.806,3.8619,690.194,720,5.95,54.0,1000
1368,720.0,29.786,29.786,3.8619,690.214,720,5.92,54.0,1000
1369,720.0,29.766,29.766,3.8619,690.234,720,5.89,54.0,1000
1370,720.0,29.746,29.746,3.8619,690.254,720,5.86,54.0,1000
1371,720.0,29.726,29.726,3.8619,690.274,720,5.84,54.0,1000
1372,720.0,29.706,29.706,3.8619,690.294,720,5.81,54.0,1000
1373,720.0,29.686,29.686,3.8619,690.314,720,5.78,54.0,1000
1374,720.0,29.666,29.666,3.8619,690.334,720,5.75,54.0,1000
1375,720.0,29.646,29.646,3.8619,690.354,720,5.72,54.0,1000
1376,720.0,29.626,29.626,3.8619,690.374,720,5.7,54.0,1000
1377,720.0,29.606,29.606,3.8619,690.394,720,5.67,54.0,1000
1378,720.0,29.586,29.586,3.8619,690.414,720,5.64,54.0,1000
1379,720.0,29.566,29.566,3.8619,690.434,720,5.61,54.0,1000
1380,720.0,29.546,29.546,3.8619,690.454,720,5.59,54.0,1000
1381,720.0,29.526,29.526,3.8619,690.474,720,5.56,54.0,1000
1382,720.0,29.506,29.506,3.8619,690.494,720,5.53,54.0,1000
1383,720.0,29.486,29.486,3.8619,690.514,720,5.5,54.0,1000
1384,720.0,29.466,29.466,3.8619,690.534,720,5.47,54.0,1000
1385,720.0,29.446,29.446,3.8619,690.554,720,5.45,54.0,1000
1386,720.0,29.426,29.426,3.8619,690.574,720,5.42,54.0,1000
1387,720.0,29.406,29.406,3.8619,690.594,720,5.39,54.0,1000
1388,720.0,29.386,29.386,3.8619,690.614,720,5.36,54.0,1000
1389,720.0,29.366,29.366,3.8619,690.634,720,5.33,54.0,1000
1390,720.0,29.346,29.346,3.8619,690.654,720,5.31,54.0,1000
1391,720.0,29.326,29.326,3.8619,690.674,720,5.28,54.0,1000
1392,720.0,29.306,29.306,3.8619,690.694,720,5.25,54.0,1000
1393,720.0,29.286,29.286,3.8619,690.714,720,5.22,54.0,1000
1394,720.0,29.266,29.266,3.8619,690.734,720,5.19,54.0,1000
1395,720.0,29.246,29.246,3.8619,690.754,720,5.17,54.0,1000
1396,720.0,29.226,29.226,3.8619,690.774,720,5.14,54.0,1000
1397,720.0,29.206,29.206,3.8619,690.794,720,5.11,54.0,1000
1398,720.0,29.186,29.186,3.8619,690.814,720,5.08,54.0,1000
1399,720.0,29.166,29.166,3.8619,690.834,720,5.05,54.0,1000
1400,720.0,29.146,29.146,3.8619,690.854,720,5.02,54.0,1000
1401,720.0,29.126,29.126,3.8619,690.874,720,5.0,54.0,1000
1402,720.0,29.106,29.106,3.8619,690.894,720,4.97,54.0,1000
1403,720.0,29.086,29.086,3.8619,690.914,720,4.94,54.0,1000
1404,720.0,29.066,29.066,3.8619,690.934,720,4.91,54.0,1000
1405,720.0,29.046,29.046,3.8619,690.954,720,4.88,54.0,1000
1406,720.0,29.026,29.026,3.8619,690.974,720,4.85,54.0,1000
1407,720.0,29.006,29.006,3.8619,690.994,720,4.83,54.0,1000
1408,720.0,28.986,28.986,3.8619,691.014,720,4.8,54.0,1000
1409,720.0,28.966,28.966,3.8619,691.034,720,4.77,54.0,1000
1410,720.0,28.946,28.946,3.8619,691.054,720,4.74,54.0,1000
1411,720.0,28.926,28.926,3.8619,691.074,720,4.71,54.0,1000
1412,720.0,28.906,28.906,3.8619,691.094,720,4.68,54.0,1000
1413,720.0,28.886,28.886,3.8619,691.114,720,4.66,54.0,1000
1414,720.0,28.866,28.866,3.8619,691.134,720,4.63,54.0,1000
1415,720.0,28.846,28.846,3.8619,691.154,720,4.6,54.0,1000
1416,720.0,28.826,28.826,3.8619,691.174,720,4.57,54.0,1000
1417,720.0,28.806,28.806,3.8619,691.194,720,4.54,54.0,1000
1418,720.0,28.786,28.786,3.8619,691.214,720,4.51,54.0,1000
1419,720.0,28.766,28.766,3.8619,691.234,720,4.48,54.0,1000
1420,720.0,28.746,28.746,3.8619,691.254,720,4.46,54.0,1000
1421,720.0,28.726,28.726,3.8619,691.274,720,4.43,54.0,1000
1422,720.0,28.706,28.706,3.8619,691.294,720,4.4,54.0,1000
1423,720.0,28.686,28.686,3.8619,691.314,720,4.37,54.0,1000
1424,720.0,28.666,28.666,3.8619,691.334,720,4.34,54.0,1000
1425,720.0,28.646,28.646,3.8619,691.354,720,4.31,54.0,1000
1426,720.0,28.626,28.626,3.8619,691.374,720,4.28,54.0,1000
1427,720.0,28.606,28.606,3.8619,691.394,720,4.25,54.0,1000
1428,720.0,28.586,28.586,3.8619,691.414,720,4.23,54.0,1000
1429,720.0,28.566,28.566,3.8619,691.434,720,4.2,54.0,1000
1430,720.0,28.546,28.546,3.8619,691.454,720,4.17,54.0,1000
1431,720.0,28.526,28.526,3.8619,691.474,720,4.14,54.0,1000
1432,720.0,28.506,28.506,3.8619,691.494,720,4.11,54.0,1000
1433,720.0,28.486,28.486,3.8619,691.514,720,4.08,54.0,1000
1434,720.0,28.466,28.466,3.8619,691.534,720,4.05,54.0,1000
1435,720.0,28.446,28.446,3.8619,691.554,720,4.02,54.0,1000
1436,720.0,28.426,28.426,3.8619,691.574,720,4.0,54.0,1000
1437,720.0,28.406,28.406,3.8619,691.594,720,3.97,54.0,1000
1438,720.0,28.386,28.386,3.8619,691.614,720,3.94,54.0,1000
1439,720.0,28.366,28.366,3.8619,691.634,720,3.91,54.0,1000
1440,720.0,28.346,28.346,3.8619,691.654,720,3.88,54.0,1000
1441,720.0,28.326,28.326,3.8619,691.674,720,3.85,54.0,1000
1442,720.0,28.306,28.306,3.8619,691.694,720,3.82,54.0,1000
1443,720.0,28.286,28.286,3.8619,691.714,720,3.79,54.0,1000
1444,720.0,28.266,28.266,3.8619,691.734,720,3.76,54.0,1000
1445,720.0,28.246,28.246,3.8619,691.754,720,3.73,54.0,1000
1446,720.0,28.226,28.226,3.8619,691.774,720,3.71,54.0,1000
1447,720.0,28.206,28.206,3.8619,691.794,720,3.68,54.0,1000
1448,720.0,28.186,28.186,3.8619,691.814,720,3.65,54.0,1000
1449,720.0,28.166,28.166,3.8619,691.834,720,3.62,54.0,1000
1450,720.0,28.146,28.146,3.8619,691.854,720,3.59,54.0,1000
1451,720.0,28.126,28.126,3.8619,691.874,720,3.56,54.0,1000
1452,720.0,28.106,28.106,3.8619,691.894,720,3.53,54.0,1000
1453,720.0,28.086,28.086,3.8619,691.914,720,3.5,54.0,1000
1454,720.0,28.066,28.066,3.8619,691.934,720,3.47,54.0,1000
1455,720.0,28.046,28.046,3.8619,691.954,720,3.44,54.0,1000
1456,720.0,28.026,28.026,3.8619,691.974,720,3.41,54.0,1000
1457,720.0,28.006,28.006,3.8619,691.994,720,3.38,54.0,1000
1458,720.0,27.986,27.986,3.8619,692.014,720,3.36,54.0,1000
1459,720.0,27.966,27.966,3.8619,692.034,720,3.33,54.0,1000
1460,720.0,27.946,27.946,3.8619,692.054,720,3.3,54.0,1000
1461,720.0,27.926,27.926,3.8619,692.074,720,3.27,54.0,1000
1462,720.0,27.906,27.906,3.8619,692.094,720,3.24,54.0,1000
1463,720.0,27.886,27.886,3.8619,692.114,720,3.21,54.0,1000
1464,720.0,27.866,27.866,3.8619,692.134,720,3.18,54.0,1000
1465,720.0,27.846,27.846,3.8619,692.154,720,3.15,54.0,1000
1466,720.0,27.826,27.826,3.8619,692.174,720,3.12,54.0,1000
1467,720.0,27.806,27.806,3.8619,692.194,720,3.09,54.0,1000
1468,720.0,27.786,27.786,3.8619,692.214,720,3.06,54.0,1000
1469,720.0,27.766,27.766,3.8619,692.234,720,3.03,54.0,1000
1470,720.0,27.746,27.746,3.8619,692.254,720,3.0,54.0,1000
1471,720.0,27.726,27.726,3.8619,692.274,720,2.97,54.0,1000
1472,720.0,27.706,27.706,3.8619,692.294,720,2.94,54.0,1000
1473,720.0,27.686,27.686,3.8619,692.314,720,2.92,54.0,1000
1474,720.0,27.666,27.666,3.8619,692.334,720,2.89,54.0,1000
1475,720.0,27.646,27.646,3.8619,692.354,720,2.86,54.0,1000
1476,720.0,27.626,27.626,3.8619,692.374,720,2.83,54.0,1000
1477,720.0,27.606,27.606,3.8619,692.394,720,2.8,54.0,1000
1478,720.0,27.586,27.586,3.8619,692.414,720,2.77,54.0,1000
1479,720.0,27.566,27.566,3.8619,692.434,720,2.74,54.0,1000
1480,720.0,27.546,27.546,3.8619,692.454,720,2.71,54.0,1000
1481,720.0,27.526,27.526,3.8619,692.474,720,2.68,54.0,1000
1482,720.0,27.506,27.506,3.8619,692.494,720,2.65,54.0,1000
1483,720.0,27.486,27.486,3.8619,692.514,720,2.62,54.0,1000
1484,720.0,27.466,27.466,3.8619,692.534,720,2.59,54.0,1000
1485,720.0,27.446,27.446,3.8619,692.554,720,2.56,54.0,1000
1486,720.0,27.426,27.426,3.8619,692.574,720,2.53,54.0,1000
1487,720.0,27.406,27.406,3.8619,692.594,720,2.5,54.0,1000
1488,720.0,27.386,27.386,3.8619,692.614,720,2.47,54.0,1000
1489,720.0,27.366,27.366,3.8619,692.634,720,2.44,54.0,1000
1490,720.0,27.346,27.346,3.8619,692.654,720,2.41,54.0,1000
1491,720.0,27.326,27.326,3.8619,692.674,720,2.38,54.0,1000
1492,720.0,27.306,27.306,3.8619,692.694,720,2.35,54.0,1000
1493,720.0,27.286,27.286,3.8619,692.714,720,2.32,54.0,1000
1494,720.0,27.266,27.266,3.8619,692.734,720,2.29,54.0,1000
1495,720.0,27.246,27.246,3.8619,692.754,720,2.27,54.0,1000
1496,720.0,27.226,27.226,3.8619,692.774,720,2.24,54.0,1000
1497,720.0,27.206,27.206,3.8619,692.794,720,2.21,54.0,1000
1498,720.0,27.186,27.186,3.8619,692.814,720,2.18,54.0,1000
1499,720.0,27.166,27.166,3.8619,692.834,720,2.15,54.0,1000
1500,720.0,27.146,27.146,3.8619,692.854,720,2.12,54.0,1000
1501,720.0,27.126,27.126,3.8619,692.874,720,2.09,54.0,1000
1502,720.0,27.106,27.106,3.8619,692.894,720,2.06,54.0,1000
1503,720.0,27.086,27.086,3.8619,692.914,720,2.03,54.0,1000
1504,720.0,27.066,27.066,3.8619,692.934,720,2.0,54.0,1000
1505,720.0,27.046,27.046,3.8619,692.954,720,1.97,54.0,1000
1506,720.0,27.026,27.026,3.8619,692.974,720,1.94,54.0,1000
1507,720.0,27.006,27.006,3.8619,692.994,720,1.91,54.0,1000
1508,720.0,26.986,26.986,3.8619,693.014,720,1.88,54.0,1000
1509,720.0,26.966,26.966,3.8619,693.034,720,1.85,54.0,1000
1510,720.0,26.946,26.946,3.8619,693.054,720,1.82,54.0,1000
1511,720.0,26.926,26.926,3.8619,693.074,720,1.79,54.0,1000
1512,720.0,26.906,26.906,3.8619,693.094,720,1.76,54.0,1000
1513,720.0,26.886,26.886,3.8619,693.114,720,1.73,54.0,1000
1514,720.0,26.866,26.866,3.8619,693.134,720,1.7,54.0,1000
1515,720.0,26.846,26.846,3.8619,693.154,720,1.67,54.0,1000
1516,720.0,26.826,26.826,3.8619,693.174,720,1.64,54.0,1000
1517,720.0,26.806,26.806,3.8619,693.194,720,1.61,54.0,1000
1518,720.0,26.786,26.786,3.8619,693.214,720,1.58,54.0,1000
1519,720.0,26.766,26.766,3.8619,693.234,720,1.55,54.0,1000
1520,720.0,26.746,26.746,3.8619,693.254,720,1.52,54.0,1000
1521,720.0,26.726,26.726,3.8619,693.274,720,1.49,54.0,1000
1522,720.0,26.706,26.706,3.8619,693.294,720,1.46,54.0,1000
1523,720.0,26.686,26.686,3.8619,693.314,720,1.43,54.0,1000
1524,720.0,26.666,26.666,3.8619,693.334,720,1.4,54.0,1000
1525,720.0,26.646,26.646,3.8619,693.354,720,1.37,54.0,1000
1526,720.0,26.626,26.626,3.8619,693.374,720,1.34,54.0,1000
1527,720.0,26.606,26.606,3.8619,693.394,720,1.31,54.0,1000
1528,720.0,26.586,26.586,3.8619,693.414,720,1.28,54.0,1000
1529,720.0,26.566,26.566,3.8619,693.434,720,1.25,54.0,1000
1530,720.0,26.546,26.546,3.8619,693.454,720,1.22,54.0,1000
1531,720.0,26.526,26.526,3.8619,693.474,720,1.19,54.0,1000
1532,720.0,26.506,26.506,3.8619,693.494,720,1.16,54.0,1000
1533,720.0,26.486,26.486,3.8619,693.514,720,1.13,54.0,1000
1534,720.0,26.466,26.466,3.8619,693.534,720,1.1,54.0,1000
1535,720.0,26.446,26.446,3.8619,693.554,720,1.07,54.0,1000
1536,720.0,26.426,26.426,3.8619,693.574,720,1.04,54.0,1000
1537,720.0,26.406,26.406,3.8619,693.594,720,1.01,54.0,1000
1538,720.0,26.386,26.386,3.8619,693.614,720,0.98,54.0,1000
1539,720.0,26.366,26.366,3.8619,693.634,720,0.95,54.0,1000
1540,720.0,26.346,26.346,3.8619,693.654,720,0.92,54.0,1000
1541,720.0,26.326,26.326,3.8619,693.674,720,0.89,54.0,1000
1542,720.0,26.306,26.306,3.8619,693.694,720,0.86,54.0,1000
1543,720.0,26.286,26.286,3.8619,693.714,720,0.83,54.0,1000
1544,720.0,26.266,26.266,3.8619,693.734,720,0.8,54.0,1000
1545,720.0,26.246,26.246,3.8619,693.754,720,0.77,54.0,1000
1546,720.0,26.226,26.226,3.8619,693.774,720,0.74,54.0,1000
1547,720.0,26.206,26.206,3.8619,693.794,720,0.71,54.0,1000
1548,720.0,26.186,26.186,3.8619,693.814,720,0.68,54.0,1000
1549,720.0,26.166,26.166,3.8619,693.834,720,0.65,54.0,1000
1550,720.0,26.146,26.146,3.8619,693.854,720,0.62,54.0,1000
1551,720.0,26.126,26.126,3.8619,693.874,720,0.59,54.0,1000
1552,720.0,26.106,26.106,3.8619,693.894,720,0.56,54.0,1000
1553,720.0,26.086,26.086,3.8619,693.914,720,0.53,54.0,1000
1554,720.0,26.066,26.066,3.8619,693.934,720,0.5,54.0,1000
1555,720.0,26.046,26.046,3.8619,693.954,720,0.47,54.0,1000
1556,720.0,26.026,26.026,3.8619,693.974,720,0.44,54.0,1000
1557,720.0,26.006,26.006,3.8619,693.994,720,0.41,54.0,1000
1558,720.0,25.986,25.986,3.8619,694.014,720,0.38,54.0,1000
1559,720.0,25.966,25.966,3.8619,694.034,720,0.35,54.0,1000
1560,720.0,25.946,25.946,3.8619,694.054,720,0.32,54.0,1000
1561,720.0,25.926,25.926,3.8619,694.074,720,0.29,54.0,1000
1562,720.0,25.906,25.906,3.8619,694.094,720,0.26,54.0,1000
1563,720.0,25.886,25.886,3.8619,694.114,720,0.23,54.0,1000
1564,720.0,25.866,25.866,3.8619,694.134,720,0.2,54.0,1000
1565,720.0,25.846,25.846,3.8619,694.154,720,0.17,54.0,1000
1566,720.0,25.826,25.826,3.8619,694.174,720,0.14,54.0,1000
1567,720.0,25.806,25.806,3.8619,694.194,720,0.11,54.0,1000
1568,720.0,25.786,25.786,3.8619,694.214,720,0.08,54.0,1000
1569,720.0,25.766,25.766,3.8619,694.234,720,0.05,54.0,1000
1570,720.0,25.746,25.746,3.8619,694.254,720,0.02,54.0,1000
1571,720.0,25.766,25.766,3.8619,694.234,720,-0.01,54.0,1000
1572,720.0,25.786,25.786,3.8619,694.214,720,-0.04,54.0,1000
1573,720.0,25.806,25.806,3.8619,694.194,720,-0.07,54.0,1000
1574,720.0,25.826,25.826,3.8619,694.174,720,-0.1,54.0,1000
1575,720.0,25.846,25.846,3.8619,694.154,720,-0.13,54.0,1000
1576,720.0,25.866,25.866,3.8619,694.134,720,-0.16,54.0,1000
1577,720.0,25.886,25.886,3.8619,694.114,720,-0.19,54.0,1000
1578,720.0,25.906,25.906,3.8619,694.094,720,-0.22,54.0,1000
1579,720.0,25.926,25.926,3.8619,694.074,720,-0.25,54.0,1000
1580,720.0,25.946,25.946,3.8619,694.054,720,-0.28,54.0,1000
1581,720.0,25.966,25.966,3.8619,694.034,720,-0.31,54.0,1000
1582,720.0,25.986,25.986,3.8619,694.014,720,-0.34,54.0,1000
1583,720.0,26.006,26.006,3.8619,693.994,720,-0.37,54.0,1000
1584,720.0,26.026,26.026,3.8619,693.974,720,-0.4,54.0,1000
1585,720.0,26.046,26.046,3.8619,693.954,720,-0.43,54.0,1000
1586,720.0,26.066,26.066,3.8619,693.934,720,-0.46,54.0,1000
1587,720.0,26.086,26.086,3.8619,693.914,720,-0.49,54.0,1000
1588,720.0,26.106,26.106,3.8619,693.894,720,-0.52,54.0,1000
1589,720.0,26.126,26.126,3.8619,693.874,720,-0.55,54.0,1000
1590,720.0,26.146,26.146,3.8619,693.854,720,-0.58,54.0,1000
1591,720.0,26.166,26.166,3.8619,693.834,720,-0.61,54.0,1000
1592,720.0,26.186,26.186,3.8619,693.814,720,-0.64,54.0,1000
1593,720.0,26.206,26.206,3.8619,693.794,720,-0.67,54.0,1000
1594,720.0,26.226,26.226,3.8619,693.774,720,-0.7,54.0,1000
1595,720.0,26.246,26.246,3.8619,693.754,720,-0.73,54.0,1000
1596,720.0,26.266,26.266,3.8619,693.734,720,-0.76,54.0,1000
1597,720.0,26.286,26.286,3.8619,693.714,720,-0.79,54.0,1000
1598,720.0,26.306,26.306,3.8619,693.694,720,-0.82,54.0,1000
1599,720.0,26.326,26.326,3.8619,693.674,720,-0.85,54.0,1000
1600,720.0,26.346,26.346,3.8619,693.654,720,-0.88,54.0,1000
1601,720.0,26.366,26.366,3.8619,693.634,720,-0.91,54.0,1000
1602,720.0,26.386,26.386,3.8619,693.614,720,-0.94,54.0,1000
1603,720.0,26.406,26.406,3.8619,693.594,720,-0.97,54.0,1000
1604,720.0,26.426,26.426,3.8619,693.574,720,-1.0,54.0,1000
1605,720.0,26.446,26.446,3.8619,693.554,720,-1.03,54.0,1000
1606,720.0,26.466,26.466,3.8619,693.534,720,-1.06,54.0,1000
1607,720.0,26.486,26.486,3.8619,693.514,720,-1.09,54.0,1000
1608,720.0,26.506,26.506,3.8619,693.494,720,-1.12,54.0,1000
1609,720.0,26.526,26.526,3.8619,693.474,720,-1.14,54.0,1000
1610,720.0,26.546,26.546,3.8619,693.454,720,-1.17,54.0,1000
1611,720.0,26.566,26.566,3.8619,693.434,720,-1.2,54.0,1000
1612,720.0,26.586,26.586,3.8619,693.414,720,-1.23,54.0,1000
1613,720.0,26.606,26.606,3.8619,693.394,720,-1.26,54.0,1000
1614,720.0,26.626,26.626,3.8619,693.374,720,-1.29,54.0,1000
1615,720.0,26.646,26.646,3.8619,693.354,720,-1.32,54.0,1000
1616,720.0,26.666,26.666,3.8619,693.334,720,-1.35,54.0,1000
1617,720.0,26.686,26.686,3.8619,693.314,720,-1.38,54.0,1000
1618,720.0,26.706,26.706,3.8619,693.294,720,-1.41,54.0,1000
1619,720.0,26.726,26.726,3.8619,693.274,720,-1.44,54.0,1000
1620,720.0,26.746,26.746,3.8619,693.254,720,-1.47,54.0,1000
1621,720.0,26.766,26.766,3.8619,693.234,720,-1.5,54.0,1000
1622,720.0,26.786,26.786,3.8619,693.214,720,-1.53,54.0,1000
1623,720.0,26.806,26.806,3.8619,693.194,720,-1.56,54.0,1000
1624,720.0,26.826,26.826,3.8619,693.174,720,-1.59,54.0,1000
1625,720.0,26.846,26.846,3.8619,693.154,720,-1.62,54.0,1000
1626,720.0,26.866,26.866,3.8619,693.134,720,-1.65,54.0,1000
1627,720.0,26.886,26.886,3.8619,693.114,720,-1.68,54.0,1000
1628,720.0,26.906,26.906,3.8619,693.094,720,-1.71,54.0,1000
1629,720.0,26.926,26.926,3.8619,693.074,720,-1.74,54.0,1000
1630,720.0,26.946,26.946,3.8619,693.054,720,-1.77,54.0,1000
1631,720.0,26.966,26.966,3.8619,693.034,720,-1.8,54.0,1000
1632,720.0,26.986,26.986,3.8619,693.014,720,-1.83,54.0,1000
1633,720.0,27.006,27.006,3.8619,692.994,720,-1.86,54.0,1000
1634,720.0,27.026,27.026,3.8619,692.974,720,-1.89,54.0,1000
1635,720.0,27.046,27.046,3.8619,692.954,720,-1.92,54.0,1000
1636,720.0,27.066,27.066,3.8619,692.934,720,-1.95,54.0,1000
1637,720.0,27.086,27.086,3.8619,692.914,720,-1.98,54.0,1000
1638,720.0,27.106,27.106,3.8619,692.894,720,-2.01,54.0,1000
1639,720.0,27.126,27.126,3.8619,692.874,720,-2.04,54.0,1000
1640,720.0,27.146,27.146,3.8619,692.854,720,-2.07,54.0,1000
1641,720.0,27.166,27.166,3.8619,692.834,720,-2.1,54.0,1000
1642,720.0,27.186,27.186,3.8619,692.814,720,-2.13,54.0,1000
1643,720.0,27.206,27.206,3.8619,692.794,720,-2.16,54.0,1000
1644,720.0,27.226,27.226,3.8619,692.774,720,-2.19,54.0,1000
1645,720.0,27.246,27.246,3.8619,692.754,720,-2.22,54.0,1000
1646,720.0,27.266,27.266,3.8619,692.734,720,-2.25,54.0,1000
1647,720.0,27.286,27.286,3.8619,692.714,720,-2.28,54.0,1000
1648,720.0,27.306,27.306,3.8619,692.694,720,-2.31,54.0,1000
1649,720.0,27.326,27.326,3.8619,692.674,720,-2.34,54.0,1000
1650,720.0,27.346,27.346,3.8619,692.654,720,-2.37,54.0,1000
1651,720.0,27.366,27.366,3.8619,692.634,720,-2.4,54.0,1000
1652,720.0,27.386,27.386,3.8619,692.614,720,-2.43,54.0,1000
1653,720.0,27.406,27.406,3.8619,692.594,720,-2.46,54.0,1000
1654,720.0,27.426,27.426,3.8619,692.574,720,-2.48,54.0,1000
1655,720.0,27.446,27.446,3.8619,692.554,720,-2.51,54.0,1000
1656,720.0,27.466,27.466,3.8619,692.534,720,-2.54,54.0,1000
1657,720.0,27.486,27.486,3.8619,692.514,720,-2.57,54.0,1000
1658,720.0,27.506,27.506,3.8619,692.494,720,-2.6,54.0,1000
1659,720.0,27.526,27.526,3.8619,692.474,720,-2.63,54.0,1000
1660,720.0,27.546,27.546,3.8619,692.454,720,-2.66,54.0,1000
1661,720.0,27.566,27.566,3.8619,692.434,720,-2.69,54.0,1000
1662,720.0,27.586,27.586,3.8619,692.414,720,-2.72,54.0,1000
1663,720.0,27.606,27.606,3.8619,692.394,720,-2.75,54.0,1000
1664,720.0,27.626,27.626,3.8619,692.374,720,-2.78,54.0,1000
1665,720.0,27.646,27.646,3.8619,692.354,720,-2.81,54.0,1000
1666,720.0,27.666,27.666,3.8619,692.334,720,-2.84,54.0,1000
1667,720.0,27.686,27.686,3.8619,692.314,720,-2.87,54.0,1000
1668,720.0,27.706,27.706,3.8619,692.294,720,-2.9,54.0,1000
1669,720.0,27.726,27.726,3.8619,692.274,720,-2.93,54.0,1000
1670,720.0,27.746,27.746,3.8619,692.254,720,-2.96,54.0,1000
1671,720.0,27.766,27.766,3.8619,692.234,720,-2.99,54.0,1000
1672,720.0,27.786,27.786,3.8619,692.214,720,-3.02,54.0,1000
1673,720.0,27.806,27.806,3.8619,692.194,720,-3.04,54.0,1000
1674,720.0,27.826,27.826,3.8619,692.174,720,-3.07,54.0,1000
1675,720.0,27.846,27.846,3.8619,692.154,720,-3.1,54.0,1000
1676,720.0,27.866,27.866,3.8619,692.134,720,-3.13,54.0,1000
1677,720.0,27.886,27.886,3.8619,692.114,720,-3.16,54.0,1000
1678,720.0,27.906,27.906,3.8619,692.094,720,-3.19,54.0,1000
1679,720.0,27.926,27.926,3.8619,692.074,720,-3.22,54.0,1000
1680,720.0,27.946,27.946,3.8619,692.054,720,-3.25,54.0,1000
1681,720.0,27.966,27.966,3.8619,692.034,720,-3.28,54.0,1000
1682,720.0,27.986,27.986,3.8619,692.014,720,-3.31,54.0,1000
1683,720.0,28.006,28.006,3.8619,691.994,720,-3.34,54.0,1000
1684,720.0,28.026,28.026,3.8619,691.974,720,-3.37,54.0,1000
1685,720.0,28.046,28.046,3.8619,691.954,720,-3.4,54.0,1000
1686,720.0,28.066,28.066,3.8619,691.934,720,-3.43,54.0,1000
1687,720.0,28.086,28.086,3.8619,691.914,720,-3.45,54.0,1000
1688,720.0,28.106,28.106,3.8619,691.894,720,-3.48,54.0,1000
1689,720.0,28.126,28.126,3.8619,691.874,720,-3.51,54.0,1000
1690,720.0,28.146,28.146,3.8619,691.854,720,-3.54,54.0,1000
1691,720.0,28.166,28.166,3.8619,691.834,720,-3.57,54.0,1000
1692,720.0,28.186,28.186,3.8619,691.814,720,-3.6,54.0,1000
1693,720.0,28.206,28.206,3.8619,691.794,720,-3.63,54.0,1000
1694,720.0,28.226,28.226,3.8619,691.774,720,-3.66,54.0,1000
1695,720.0,28.246,28.246,3.8619,691.754,720,-3.69,54.0,1000
1696,720.0,28.266,28.266,3.8619,691.734,720,-3.72,54.0,1000
1697,720.0,28.286,28.286,3.8619,691.714,720,-3.75,54.0,1000
1698,720.0,28.306,28.306,3.8619,691.694,720,-3.78,54.0,1000
1699,720.0,28.326,28.326,3.8619,691.674,720,-3.8,54.0,1000
1700,720.0,28.346,28.346,3.8619,691.654,720,-3.83,54.0,1000
1701,720.0,28.366,28.366,3.8619,691.634,720,-3.86,54.0,1000
1702,720.0,28.386,28.386,3.8619,691.614,720,-3.89,54.0,1000
1703,720.0,28.406,28.406,3.8619,691.594,720,-3.92,54.0,1000
1704,720.0,28.426,28.426,3.8619,691.574,720,-3.95,54.0,1000
1705,720.0,28.446,28.446,3.8619,691.554,720,-3.98,54.0,1000
1706,720.0,28.466,28.466,3.8619,691.534,720,-4.01,54.0,1000
1707,720.0,28.486,28.486,3.8619,691.514,720,-4.04,54.0,1000
1708,720.0,28.506,28.506,3.8619,691.494,720,-4.06,54.0,1000
1709,720.0,28.526,28.526,3.8619,691.474,720,-4.09,54.0,1000
1710,720.0,28.546,28.546,3.8619,691.454,720,-4.12,54.0,1000
1711,720.0,28.566,28.566,3.8619,691.434,720,-4.15,54.0,1000
1712,720.0,28.586,28.586,3.8619,691.414,720,-4.18,54.0,1000
1713,720.0,28.606,28.606,3.8619,691.394,720,-4.21,54.0,1000
1714,720.0,28.626,28.626,3.8619,691.374,720,-4.24,54.0,1000
1715,720.0,28.646,28.646,3.8619,691.354,720,-4.27,54.0,1000
1716,720.0,28.666,28.666,3.8619,691.334,720,-4.3,54.0,1000
1717,720.0,28.686,28.686,3.8619,691.314,720,-4.32,54.0,1000
1718,720.0,28.706,28.706,3.8619,691.294,720,-4.35,54.0,1000
1719,720.0,28.726,28.726,3.8619,691.274,720,-4.38,54.0,1000
1720,720.0,28.746,28.746,3.8619,691.254,720,-4.41,54.0,1000
1721,720.0,28.766,28.766,3.8619,691.234,720,-4.44,54.0,1000
1722,720.0,28.786,28.786,3.8619,691.214,720,-4.47,54.0,1000
1723,720.0,28.806,28.806,3.8619,691.194,720,-4.5,54.0,1000
1724,720.0,28.826,28.826,3.8619,691.174,720,-4.52,54.0,1000
1725,720.0,28.846,28.846,3.8619,691.154,720,-4.55,54.0,1000
1726,720.0,28.866,28.866,3.8619,691.134,720,-4.58,54.0,1000
1727,720.0,28.886,28.886,3.8619,691.114,720,-4.61,54.0,1000
1728,720.0,28.906,28.906,3.8619,691.094,720,-4.64,54.0,1000
1729,720.0,28.926,28.926,3.8619,691.074,720,-4.67,54.0,1000
1730,720.0,28.946,28.946,3.8619,691.054,720,-4.7,54.0,1000
1731,720.0,28.966,28.966,3.8619,691.034,720,-4.72,54.0,1000
1732,720.0,28.986,28.986,3.8619,691.014,720,-4.75,54.0,1000
1733,720.0,29.006,29.006,3.8619,690.994,720,-4.78,54.0,1000
1734,720.0,29.026,29.026,3.8619,690.974,720,-4.81,54.0,1000
1735,720.0,29.046,29.046,3.8619,690.954,720,-4.84,54.0,1000
1736,720.0,29.066,29.066,3.8619,690.934,720,-4.87,54.0,1000
1737,720.0,29.086,29.086,3.8619,690.914,720,-4.89,54.0,1000
1738,720.0,29.106,29.106,3.8619,690.894,720,-4.92,54.0,1000
1739,720.0,29.126,29.126,3.8619,690.874,720,-4.95,54.0,1000
1740,720.0,29.146,29.146,3.8619,690.854,720,-4.98,54.0,1000
1741,720.0,29.166,29.166,3.8619,690.834,720,-5.01,54.0,1000
1742,720.0,29.186,29.186,3.8619,690.814,720,-5.04,54.0,1000
1743,720.0,29.206,29.206,3.8619,690.794,720,-5.06,54.0,1000
1744,720.0,29.226,29.226,3.8619,690.774,720,-5.09,54.0,1000
1745,720.0,29.246,29.246,3.8619,690.754,720,-5.12,54.0,1000
1746,720.0,29.266,29.266,3.8619,690.734,720,-5.15,54.0,1000
1747,720.0,29.286,29.286,3.8619,690.714,720,-5.18,54.0,1000
1748,720.0,29.306,29.306,3.8619,690.694,720,-5.21,54.0,1000
1749,720.0,29.326,29.326,3.8619,690.674,720,-5.23,54.0,1000
1750,720.0,29.346,29.346,3.8619,690.654,720,-5.26,54.0,1000
1751,720.0,29.366,29.366,3.8619,690.634,720,-5.29,54.0,1000
1752,720.0,29.386,29.386,3.8619,690.614,720,-5.32,54.0,1000
1753,720.0,29.406,29.406,3.8619,690.594,720,-5.35,54.0,1000
1754,720.0,29.426,29.426,3.8619,690.574,720,-5.37,54.0,1000
1755,720.0,29.446,29.446,3.8619,690.554,720,-5.4,54.0,1000
1756,720.0,29.466,29.466,3.8619,690.534,720,-5.43,54.0,1000
1757,720.0,29.486,29.486,3.8619,690.514,720,-5.46,54.0,1000
1758,720.0,29.506,29.506,3.8619,690.494,720,-5.49,54.0,1000
1759,720.0,29.526,29.526,3.8619,690.474,720,-5.51,54.0,1000
1760,720.0,29.546,29.546,3.8619,690.454,720,-5.54,54.0,1000
1761,720.0,29.566,29.566,3.8619,690.434,720,-5.57,54.0,1000
1762,720.0,29.586,29.586,3.8619,690.414,720,-5.6,54.0,1000
1763,720.0,29.606,29.606,3.8619,690.394,720,-5.63,54.0,1000
1764,720.0,29.626,29.626,3.8619,690.374,720,-5.65,54.0,1000
1765,720.0,29.646,29.646,3.8619,690.354,720,-5.68,54.0,1000
1766,720.0,29.666,29.666,3.8619,690.334,720,-5.71,54.0,1000
1767,720.0,29.686,29.686,3.8619,690.314,720,-5.74,54.0,1000
1768,720.0,29.706,29.706,3.8619,690.294,720,-5.76,54.0,1000
1769,720.0,29.726,29.726,3.8619,690.274,720,-5.79,54.0,1000
1770,720.0,29.746,29.746,3.8619,690.254,720,-5.82,54.0,1000
1771,720.0,29.766,29.766,3.8619,690.234,720,-5.85,54.0,1000
1772,720.0,29.786,29.786,3.8619,690.214,720,-5.87,54.0,1000
1773,720.0,29.806,29.806,3.8619,690.194,720,-5.9,54.0,1000
1774,720.0,29.826,29.826,3.8619,690.174,720,-5.93,54.0,1000
1775,720.0,29.846,29.846,3.8619,690.154,720,-5.96,54.0,1000
1776,720.0,29.866,29.866,3.8619,690.134,720,-5.98,54.0,1000
1777,720.0,29.886,29.886,3.8619,690.114,720,-6.01,54.0,1000
1778,720.0,29.906,29.906,3.8619,690.094,720,-6.04,54.0,1000
1779,720.0,29.926,29.926,3.8619,690.074,720,-6.07,54.0,1000
1780,720.0,29.946,29.946,3.8619,690.054,720,-6.09,54.0,1000
1781,720.0,29.966,29.966,3.8619,690.034,720,-6.12,54.0,1000
1782,720.0,29.986,29.986,3.8619,690.014,720,-6.15,54.0,1000
1783,720.0,30.006,30.006,3.8619,689.994,720,-6.18,54.0,1000
1784,720.0,30.026,30.026,3.8619,689.974,720,-6.2,54.0,1000
1785,720.0,30.046,30.046,3.8619,689.954,720,-6.23,54.0,1000
1786,720.0,30.066,30.066,3.8619,689.934,720,-6.26,54.0,1000
1787,720.0,30.086,30.086,3.8619,689.914,720,-6.29,54.0,1000
1788,720.0,30.106,30.106,3.8619,689.894,720,-6.31,54.0,1000
1789,720.0,30.126,30.126,3.8619,689.874,720,-6.34,54.0,1000
1790,720.0,30.146,30.146,3.8619,689.854,720,-6.37,54.0,1000
1791,720.0,30.166,30.166,3.8619,689.834,720,-6.39,54.0,1000
1792,720.0,30.186,30.186,3.8619,689.814,720,-6.42,54.0,1000
1793,720.0,30.206,30.206,3.8619,689.794,720,-6.45,54.0,1000
1794,720.0,30.226,30.226,3.8619,689.774,720,-6.48,54.0,1000
1795,720.0,30.246,30.246,3.8619,689.754,720,-6.5,54.0,1000
1796,720.0,30.266,30.266,3.8619,689.734,720,-6.53,54.0,1000
1797,720.0,30.286,30.286,3.8619,689.714,720,-6.56,54.0,1000
1798,720.0,30.306,30.306,3.8619,689.694,720,-6.58,54.0,1000
1799,720.0,30.326,30.326,3.8619,689.674,720,-6.61,54.0,1000
1800,720.0,30.346,30.346,3.8619,689.654,720,-6.64,54.0,1000
1801,720.0,30.366,30.366,3.8619,689.634,720,-6.66,54.0,1000
1802,720.0,30.386,30.386,3.8619,689.614,720,-6.69,54.0,1000
1803,720.0,30.406,30.406,3.8619,689.594,720,-6.72,54.0,1000
1804,720.0,30.426,30.426,3.8619,689.574,720,-6.75,54.0,1000
1805,720.0,30.446,30.446,3.8619,689.554,720,-6.77,54.0,1000
1806,720.0,30.466,30.466,3.8619,689.534,720,-6.8,54.0,1000
1807,720.0,30.486,30.486,3.8619,689.514,720,-6.83,54.0,1000
1808,720.0,30.506,30.506,3.8619,689.494,720,-6.85,54.0,1000
1809,720.0,30.526,30.526,3.8619,689.474,720,-6.88,54.0,1000
1810,720.0,30.546,30.546,3.8619,689.454,720,-6.91,54.0,1000
1811,720.0,30.566,30.566,3.8619,689.434,720,-6.93,54.0,1000
1812,720.0,30.586,30.586,3.8619,689.414,720,-6.96,54.0,1000
1813,720.0,30.606,30.606,3.8619,689.394,720,-6.99,54.0,1000
1814,720.0,30.626,30.626,3.8619,689.374,720,-7.01,54.0,1000
1815,720.0,30.646,30.646,3.8619,689.354,720,-7.04,54.0,1000
1816,720.0,30.666,30.666,3.8619,689.334,720,-7.06,54.0,1000
1817,720.0,30.686,30.686,3.8619,689.314,720,-7.09,54.0,1000
1818,720.0,30.706,30.706,3.8619,689.294,720,-7.12,54.0,1000
1819,720.0,30.726,30.726,3.8619,689.274,720,-7.14,54.0,1000
1820,720.0,30.746,30.746,3.8619,689.254,720,-7.17,54.0,1000
1821,720.0,30.766,30.766,3.8619,689.234,720,-7.2,54.0,1000
1822,720.0,30.786,30.786,3.8619,689.214,720,-7.22,54.0,1000
1823,720.0,30.806,30.806,3.8619,689.194,720,-7.25,54.0,1000
1824,720.0,30.826,30.826,3.8619,689.174,720,-7.28,54.0,1000
1825,720.0,30.846,30.846,3.8619,689.154,720,-7.3,54.0,1000
1826,720.0,30.866,30.866,3.8619,689.134,720,-7.33,54.0,1000
1827,720.0,30.886,30.886,3.8619,689.114,720,-7.35,54.0,1000
1828,720.0,30.906,30.906,3.8619,689.094,720,-7.38,54.0,1000
1829,720.0,30.926,30.926,3.8619,689.074,720,-7.41,54.0,1000
1830,720.0,30.946,30.946,3.8619,689.054,720,-7.43,54.0,1000
1831,720.0,30.966,30.966,3.8619,689.034,720,-7.46,54.0,1000
1832,720.0,30.986,30.986,3.8619,689.014,720,-7.48,54.0,1000
1833,720.0,31.006,31.006,3.8619,688.994,720,-7.51,54.0,1000
1834,720.0,31.026,31.026,3.8619,688.974,720,-7.54,54.0,1000
1835,720.0,31.046,31.046,3.8619,688.954,720,-7.56,54.0,1000
1836,720.0,31.066,31.066,3.8619,688.934,720,-7.59,54.0,1000
1837,720.0,31.086,31.086,3.8619,688.914,720,-7.61,54.0,1000
1838,720.0,31.106,31.106,3.8619,688.894,720,-7.64,54.0,1000
1839,720.0,31.126,31.126,3.8619,688.874,720,-7.67,54.0,1000
1840,720.0,31.146,31.146,3.8619,688.854,720,-7.69,54.0,1000
1841,720.0,31.166,31.166,3.8619,688.834,720,-7.72,54.0,1000
1842,720.0,31.186,31.186,3.8619,688.814,720,-7.74,54.0,1000
1843,720.0,31.206,31.206,3.8619,688.794,720,-7.77,54.0,1000
1844,720.0,31.226,31.226,3.8619,688.774,720,-7.79,54.0,1000
1845,720.0,31.246,31.246,3.8619,688.754,720,-7.82,54.0,1000
1846,720.0,31.266,31.266,3.8619,688.734,720,-7.85,54.0,1000
1847,720.0,31.286,31.286,3.8619,688.714,720,-7.87,54.0,1000
1848,720.0,31.306,31.306,3.8619,688.694,720,-7.9,54.0,1000
1849,720.0,31.326,31.326,3.8619,688.674,720,-7.92,54.0,1000
1850,720.0,31.346,31.346,3.8619,688.654,720,-7.95,54.0,1000
1851,720.0,31.366,31.366,3.8619,688.634,720,-7.97,54.0,1000
1852,720.0,31.386,31.386,3.8619,688.614,720,-8.0,54.0,1000
1853,720.0,31.406,31.406,3.8619,688.594,720,-8.02,54.0,1000
1854,720.0,31.426,31.426,3.8619,688.574,720,-8.05,54.0,1000
1855,720.0,31.446,31.446,3.8619,688.554,720,-8.07,54.0,1000
1856,720.0,31.466,31.466,3.8619,688.534,720,-8.1,54.0,1000
1857,720.0,31.486,31.486,3.8619,688.514,720,-8.12,54.0,1000
1858,720.0,31.506,31.506,3.8619,688.494,720,-8.15,54.0,1000
1859,720.0,31.526,31.526,3.8619,688.474,720,-8.18,54.0,1000
1860,720.0,31.546,31.546,3.8619,688.454,720,-8.2,54.0,1000
1861,720.0,31.566,31.566,3.8619,688.434,720,-8.23,54.0,1000
1862,720.0,31.586,31.586,3.8619,688.414,720,-8.25,54.0,1000
1863,720.0,31.606,31.606,3.8619,688.394,720,-8.28,54.0,1000
1864,720.0,31.626,31.626,3.8619,688.374,720,-8.3,54.0,1000
1865,720.0,31.646,31.646,3.8619,688.354,720,-8.33,54.0,1000
1866,720.0,31.666,31.666,3.8619,688.334,720,-8.35,54.0,1000
1867,720.0,31.686,31.686,3.8619,688.314,720,-8.38,54.0,1000
1868,720.0,31.706,31.706,3.8619,688.294,720,-8.4,54.0,1000
1869,720.0,31.726,31.726,3.8619,688.274,720,-8.43,54.0,1000
1870,720.0,31.746,31.746,3.8619,688.254,720,-8.45,54.0,1000
1871,720.0,31.766,31.766,3.8619,688.234,720,-8.47,54.0,1000
1872,720.0,31.786,31.786,3.8619,688.214,720,-8.5,54.0,1000
1873,720.0,31.806,31.806,3.8619,688.194,720,-8.52,54.0,1000
1874,720.0,31.826,31.826,3.8619,688.174,720,-8.55,54.0,1000
1875,720.0,31.846,31.846,3.8619,688.154,720,-8.57,54.0,1000
1876,720.0,31.866,31.866,3.8619,688.134,720,-8.6,54.0,1000
1877,720.0,31.886,31.886,3.8619,688.114,720,-8.62,54.0,1000
1878,720.0,31.906,31.906,3.8619,688.094,720,-8.65,54.0,1000
1879,720.0,31.926,31.926,3.8619,688.074,720,-8.67,54.0,1000
1880,720.0,31.946,31.946,3.8619,688.054,720,-8.7,54.0,1000
1881,720.0,31.966,31.966,3.8619,688.034,720,-8.72,54.0,1000
1882,720.0,31.986,31.986,3.8619,688.014,720,-8.74,54.0,1000
1883,720.0,32.006,32.006,3.8619,687.994,720,-8.77,54.0,1000
1884,720.0,32.026,32.026,3.8619,687.974,720,-8.79,54.0,1000
1885,720.0,32.046,32.046,3.8619,687.954,720,-8.82,54.0,1000
1886,720.0,32.066,32.066,3.8619,687.934,720,-8.84,54.0,1000
1887,720.0,32.086,32.086,3.8619,687.914,720,-8.87,54.0,1000
1888,720.0,32.106,32.106,3.8619,687.894,720,-8.89,54.0,1000
1889,720.0,32.126,32.126,3.8619,687.874,720,-8.91,54.0,1000
1890,720.0,32.146,32.146,3.8619,687.854,720,-8.94,54.0,1000
1891,720.0,32.166,32.166,3.8619,687.834,720,-8.96,54.0,1000
1892,720.0,32.186,32.186,3.8619,687.814,720,-8.99,54.0,1000
1893,720.0,32.206,32.206,3.8619,687.794,720,-9.01,54.0,1000
1894,720.0,32.226,32.226,3.8619,687.774,720,-9.03,54.0,1000
1895,720.0,32.246,32.246,3.8619,687.754,720,-9.06,54.0,1000
1896,720.0,32.266,32.266,3.8619,687.734,720,-9.08,54.0,1000
1897,720.0,32.286,32.286,3.8619,687.714,720,-9.11,54.0,1000
1898,720.0,32.306,32.306,3.8619,687.694,720,-9.13,54.0,1000
1899,720.0,32.326,32.326,3.8619,687.674,720,-9.15,54.0,1000
1900,720.0,32.346,32.346,3.8619,687.654,720,-9.18,54.0,1000
1901,720.0,32.366,32.366,3.8619,687.634,720,-9.2,54.0,1000
1902,720.0,32.386,32.386,3.8619,687.614,720,-9.23,54.0,1000
1903,720.0,32.406,32.406,3.8619,687.594,720,-9.25,54.0,1000
1904,720.0,32.426,32.426,3.8619,687.574,720,-9.27,54.0,1000
1905,720.0,32.446,32.446,3.8619,687.554,720,-9.3,54.0,1000
1906,720.0,32.466,32.466,3.8619,687.534,720,-9.32,54.0,1000
1907,720.0,32.486,32.486,3.8619,687.514,720,-9.34,54.0,1000
1908,720.0,32.506,32.506,3.8619,687.494,720,-9.37,54.0,1000
1909,720.0,32.526,32.526,3.8619,687.474,720,-9.39,54.0,1000
1910,720.0,32.546,32.546,3.8619,687.454,720,-9.41,54.0,1000
1911,720.0,32.566,32.566,3.8619,687.434,720,-9.44,54.0,1000
1912,720.0,32.586,32.586,3.8619,687.414,720,-9.46,54.0,1000
1913,720.0,32.606,32.606,3.8619,687.394,720,-9.48,54.0,1000
1914,720.0,32.626,32.626,3.8619,687.374,720,-9.51,54.0,1000
1915,720.0,32.646,32.646,3.8619,687.354,720,-9.53,54.0,1000
1916,720.0,32.666,32.666,3.8619,687.334,720,-9.55,54.0,1000
1917,720.0,32.686,32.686,3.8619,687.314,720,-9.58,54.0,1000
1918,720.0,32.706,32.706,3.8619,687.294,720,-9.6,54.0,1000
1919,720.0,32.726,32.726,3.8619,687.274,720,-9.62,54.0,1000
1920,720.0,32.746,32.746,3.8619,687.254,720,-9.64,54.0,1000
1921,720.0,32.766,32.766,3.8619,687.234,720,-9.67,54.0,1000
1922,720.0,32.786,32.786,3.8619,687.214,720,-9.69,54.0,1000
1923,720.0,32.806,32.806,3.8619,687.194,720,-9.71,54.0,1000
1924,720.0,32.826,32.826,3.8619,687.174,720,-9.74,54.0,1000
1925,720.0,32.846,32.846,3.8619,687.154,720,-9.76,54.0,1000
1926,720.0,32.866,32.866,3.8619,687.134,720,-9.78,54.0,1000
1927,720.0,32.886,32.886,3.8619,687.114,720,-9.8,54.0,1000
1928,720.0,32.906,32.906,3.8619,687.094,720,-9.83,54.0,1000
1929,720.0,32.926,32.926,3.8619,687.074,720,-9.85,54.0,1000
1930,720.0,32.946,32.946,3.8619,687.054,720,-9.87,54.0,1000
1931,720.0,32.966,32.966,3.8619,687.034,720,-9.9,54.0,1000
1932,720.0,32.986,32.986,3.8619,687.014,720,-9.92,54.0,1000
1933,720.0,33.006,33.006,3.8619,686.994,720,-9.94,54.0,1000
1934,720.0,33.026,33.026,3.8619,686.974,720,-9.96,54.0,1000
1935,720.0,33.046,33.046,3.8619,686.954,720,-9.99,54.0,1000
1936,720.0,33.066,33.066,3.8619,686.934,720,-10.01,54.0,1000
1937,720.0,33.086,33.086,3.8619,686.914,720,-10.03,54.0,1000
1938,720.0,33.106,33.106,3.8619,686.894,720,-10.05,54.0,1000
1939,720.0,33.126,33.126,3.8619,686.874,720,-10.07,54.0,1000
1940,720.0,33.146,33.146,3.8619,686.854,720,-10.1,54.0,1000
1941,720.0,33.166,33.166,3.8619,686.834,720,-10.12,54.0,1000
1942,720.0,33.186,33.186,3.8619,686.814,720,-10.14,54.0,1000
1943,720.0,33.206,33.206,3.8619,686.794,720,-10.16,54.0,1000
1944,720.0,33.226,33.226,3.8619,686.774,720,-10.19,54.0,1000
1945,720.0,33.246,33.246,3.8619,686.754,720,-10.21,54.0,1000
1946,720.0,33.266,33.266,3.8619,686.734,720,-10.23,54.0,1000
1947,720.0,33.286,33.286,3.8619,686.714,720,-10.25,54.0,1000
1948,720.0,33.306,33.306,3.8619,686.694,720,-10.27,54.0,1000
1949,720.0,33.326,33.326,3.8619,686.674,720,-10.29,54.0,1000
1950,720.0,33.346,33.346,3.8619,686.654,720,-10.32,54.0,1000
1951,720.0,33.366,33.366,3.8619,686.634,720,-10.34,54.0,1000
1952,720.0,33.386,33.386,3.8619,686.614,720,-10.36,54.0,1000
1953,720.0,33.406,33.406,3.8619,686.594,720,-10.38,54.0,1000
1954,720.0,33.426,33.426,3.8619,686.574,720,-10.4,54.0,1000
1955,720.0,33.446,33.446,3.8619,686.554,720,-10.42,54.0,1000
1956,720.0,33.466,33.466,3.8619,686.534,720,-10.45,54.0,1000
1957,720.0,33.486,33.486,3.8619,686.514,720,-10.47,54.0,1000
1958,720.0,33.506,33.506,3.8619,686.494,720,-10.49,54.0,1000
1959,720.0,33.526,33.526,3.8619,686.474,720,-10.51,54.0,1000
1960,720.0,33.546,33.546,3.8619,686.454,720,-10.53,54.0,1000
1961,720.0,33.566,33.566,3.8619,686.434,720,-10.55,54.0,1000
1962,720.0,33.586,33.586,3.8619,686.414,720,-10.57,54.0,1000
1963,720.0,33.606,33.606,3.8619,686.394,720,-10.6,54.0,1000
1964,720.0,33.626,33.626,3.8619,686.374,720,-10.62,54.0,1000
1965,720.0,33.646,33.646,3.8619,686.354,720,-10.64,54.0,1000
1966,720.0,33.666,33.666,3.8619,686.334,720,-10.66,54.0,1000
1967,720.0,33.686,33.686,3.8619,686.314,720,-10.68,54.0,1000
1968,720.0,33.706,33.706,3.8619,686.294,720,-10.7,54.0,1000
1969,720.0,33.726,33.726,3.8619,686.274,720,-10.72,54.0,1000
1970,720.0,33.746,33.746,3.8619,686.254,720,-10.74,54.0,1000
1971,720.0,33.766,33.766,3.8619,686.234,720,-10.76,54.0,1000
1972,720.0,33.786,33.786,3.8619,686.214,720,-10.79,54.0,1000
1973,720.0,33.806,33.806,3.8619,686.194,720,-10.81,54.0,1000
1974,720.0,33.826,33.826,3.8619,686.174,720,-10.83,54.0,1000
1975,720.0,33.846,33.846,3.8619,686.154,720,-10.85,54.0,1000
1976,720.0,33.866,33.866,3.8619,686.134,720,-10.87,54.0,1000
1977,720.0,33.886,33.886,3.8619,686.114,720,-10.89,54.0,1000
1978,720.0,33.906,33.906,3.8619,686.094,720,-10.91,54.0,1000
1979,720.0,33.926,33.926,3.8619,686.074,720,-10.93,54.0,1000
1980,720.0,33.946,33.946,3.8619,686.054,720,-10.95,54.0,1000
1981,720.0,33.966,33.966,3.8619,686.034,720,-10.97,54.0,1000
1982,720.0,33.986,33.986,3.8619,686.014,720,-10.99,54.0,1000
1983,720.0,34.006,34.006,3.8619,685.994,720,-11.01,54.0,1000
1984,720.0,34.026,34.026,3.8619,685.974,720,-11.03,54.0,1000
1985,720.0,34.046,34.046,3.8619,685.954,720,-11.05,54.0,1000
1986,720.0,34.066,34.066,3.8619,685.934,720,-11.07,54.0,1000
1987,720.0,34.086,34.086,3.8619,685.914,720,-11.09,54.0,1000
1988,720.0,34.106,34.106,3.8619,685.894,720,-11.11,54.0,1000
1989,720.0,34.126,34.126,3.8619,685.874,720,-11.13,54.0,1000
1990,720.0,34.146,34.146,3.8619,685.854,720,-11.15,54.0,1000
1991,720.0,34.166,34.166,3.8619,685.834,720,-11.17,54.0,1000
1992,720.0,34.186,34.186,3.8619,685.814,720,-11.19,54.0,1000
1993,720.0,34.206,34.206,3.8619,685.794,720,-11.21,54.0,1000
1994,720.0,34.226,34.226,3.8619,685.774,720,-11.23,54.0,1000
1995,720.0,34.246,34.246,3.8619,685.754,720,-11.25,54.0,1000
1996,720.0,34.266,34.266,3.8619,685.734,720,-11.27,54.0,1000
1997,720.0,34.286,34.286,3.8619,685.714,720,-11.29,54.0,1000
1998,720.0,34.306,34.306,3.8619,685.694,720,-11.31,54.0,1000
1999,720.0,34.326,34.326,3.8619,685.674,720,-11.33,54.0,1000
2000,720.0,34.346,34.346,3.8619,685.654,720,-11.35,54.0,1000
2001,720.0,34.366,34.366,3.8619,685.634,720,-11.37,54.0,1000
2002,720.0,34.386,34.386,3.8619,685.614,720,-11.39,54.0,1000
2003,720.0,34.406,34.406,3.8619,685.594,720,-11.41,54.0,1000
2004,720.0,34.426,34.426,3.8619,685.574,720,-11.43,54.0,1000
2005,720.0,34.446,34.446,3.8619,685.554,720,-11.45,54.0,1000
2006,720.0,34.466,34.466,3.8619,685.534,720,-11.47,54.0,1000
2007,720.0,34.486,34.486,3.8619,685.514,720,-11.49,54.0,1000
2008,720.0,34.506,34.506,3.8619,685.494,720,-11.51,54.0,1000
2009,720.0,34.526,34.526,3.8619,685.474,720,-11.53,54.0,1000
2010,720.0,34.546,34.546,3.8619,685.454,720,-11.55,54.0,1000
2011,720.0,34.566,34.566,3.8619,685.434,720,-11.56,54.0,1000
2012,720.0,34.586,34.586,3.8619,685.414,720,-11.58,54.0,1000
2013,720.0,34.606,34.606,3.8619,685.394,720,-11.6,54.0,1000
2014,720.0,34.626,34.626,3.8619,685.374,720,-11.62,54.0,1000
2015,720.0,34.646,34.646,3.8619,685.354,720,-11.64,54.0,1000
2016,720.0,34.666,34.666,3.8619,685.334,720,-11.66,54.0,1000
2017,720.0,34.686,34.686,3.8619,685.314,720,-11.68,54.0,1000
2018,720.0,34.706,34.706,3.8619,685.294,720,-11.7,54.0,1000
2019,720.0,34.726,34.726,3.8619,685.274,720,-11.72,54.0,1000
2020,720.0,34.746,34.746,3.8619,685.254,720,-11.74,54.0,1000
2021,720.0,34.766,34.766,3.8619,685.234,720,-11.75,54.0,1000
2022,720.0,34.786,34.786,3.8619,685.214,720,-11.77,54.0,1000
2023,720.0,34.806,34.806,3.8619,685.194,720,-11.79,54.0,1000
2024,720.0,34.826,34.826,3.8619,685.174,720,-11.81,54.0,1000
2025,720.0,34.846,34.846,3.8619,685.154,720,-11.83,54.0,1000
2026,720.0,34.866,34.866,3.8619,685.134,720,-11.85,54.0,1000
2027,720.0,34.886,34.886,3.8619,685.114,720,-11.86,54.0,1000
2028,720.0,34.906,34.906,3.8619,685.094,720,-11.88,54.0,1000
2029,720.0,34.926,34.926,3.8619,685.074,720,-11.9,54.0,1000
2030,720.0,34.946,34.946,3.8619,685.054,720,-11.92,54.0,1000
2031,720.0,34.966,34.966,3.8619,685.034,720,-11.94,54.0,1000
2032,720.0,34.986,34.986,3.8619,685.014,720,-11.96,54.0,1000
2033,720.0,35.006,35.006,3.8619,684.994,720,-11.97,54.0,1000
2034,720.0,35.026,35.026,3.8619,684.974,720,-11.99,54.0,1000
2035,720.0,35.046,35.046,3.8619,684.954,720,-12.01,54.0,1000
2036,720.0,35.066,35.066,3.8619,684.934,720,-12.03,54.0,1000
2037,720.0,35.086,35.086,3.8619,684.914,720,-12.05,54.0,1000
2038,720.0,35.106,35.106,3.8619,684.894,720,-12.06,54.0,1000
2039,720.0,35.126,35.126,3.8619,684.874,720,-12.08,54.0,1000
2040,720.0,35.146,35.146,3.8619,684.854,720,-12.1,54.0,1000
2041,720.0,35.166,35.166,3.8619,684.834,720,-12.12,54.0,1000
2042,720.0,35.186,35.186,3.8619,684.814,720,-12.13,54.0,1000
2043,720.0,35.206,35.206,3.8619,684.794,720,-12.15,54.0,1000
2044,720.0,35.226,35.226,3.8619,684.774,720,-12.17,54.0,1000
2045,720.0,35.246,35.246,3.8619,684.754,720,-12.19,54.0,1000
2046,720.0,35.266,35.266,3.8619,684.734,720,-12.2,54.0,1000
2047,720.0,35.286,35.286,3.8619,684.714,720,-12.22,54.0,1000
2048,720.0,35.306,35.306,3.8619,684.694,720,-12.24,54.0,1000
2049,720.0,35.326,35.326,3.8619,684.674,720,-12.26,54.0,1000
2050,720.0,35.346,35.346,3.8619,684.654,720,-12.27,54.0,1000
2051,720.0,35.366,35.366,3.8619,684.634,720,-12.29,54.0,1000
2052,720.0,35.386,35.386,3.8619,684.614,720,-12.31,54.0,1000
2053,720.0,35.406,35.406,3.8619,684.594,720,-12.33,54.0,1000
2054,720.0,35.426,35.426,3.8619,684.574,720,-12.34,54.0,1000
2055,720.0,35.446,35.446,3.8619,684.554,720,-12.36,54.0,1000
2056,720.0,35.466,35.466,3.8619,684.534,720,-12.38,54.0,1000
2057,720.0,35.486,35.486,3.8619,684.514,720,-12.39,54.0,1000
2058,720.0,35.506,35.506,3.8619,684.494,720,-12.41,54.0,1000
2059,720.0,35.526,35.526,3.8619,684.474,720,-12.43,54.0,1000
2060,720.0,35.546,35.546,3.8619,684.454,720,-12.44,54.0,1000
2061,720.0,35.566,35.566,3.8619,684.434,720,-12.46,54.0,1000
2062,720.0,35.586,35.586,3.8619,684.414,720,-12.48,54.0,1000
2063,720.0,35.606,35.606,3.8619,684.394,720,-12.49,54.0,1000
2064,720.0,35.626,35.626,3.8619,684.374,720,-12.51,54.0,1000
2065,720.0,35.646,35.646,3.8619,684.354,720,-12.53,54.0,1000
2066,720.0,35.666,35.666,3.8619,684.334,720,-12.54,54.0,1000
2067,720.0,35.686,35.686,3.8619,684.314,720,-12.56,54.0,1000
2068,720.0,35.706,35.706,3.8619,684.294,720,-12.58,54.0,1000
2069,720.0,35.726,35.726,3.8619,684.274,720,-12.59,54.0,1000
2070,720.0,35.746,35.746,3.8619,684.254,720,-12.61,54.0,1000
2071,720.0,35.766,35.766,3.8619,684.234,720,-12.63,54.0,1000
2072,720.0,35.786,35.786,3.8619,684.214,720,-12.64,54.0,1000
2073,720.0,35.806,35.806,3.8619,684.194,720,-12.66,54.0,1000
2074,720.0,35.826,35.826,3.8619,684.174,720,-12.67,54.0,1000
2075,720.0,35.846,35.846,3.8619,684.154,720,-12.69,54.0,1000
2076,720.0,35.866,35.866,3.8619,684.134,720,-12.71,54.0,1000
2077,720.0,35.886,35.886,3.8619,684.114,720,-12.72,54.0,1000
2078,720.0,35.906,35.906,3.8619,684.094,720,-12.74,54.0,1000
2079,720.0,35.926,35.926,3.8619,684.074,720,-12.75,54.0,1000
2080,720.0,35.946,35.946,3.8619,684.054,720,-12.77,54.0,1000
2081,720.0,35.966,35.966,3.8619,684.034,720,-12.78,54.0,1000
2082,720.0,35.986,35.986,3.8619,684.014,720,-12.8,54.0,1000
2083,720.0,36.006,36.006,3.8619,683.994,720,-12.82,54.0,1000
2084,720.0,36.026,36.026,3.8619,683.974,720,-12.83,54.0,1000
2085,720.0,36.046,36.046,3.8619,683.954,720,-12.85,54.0,1000
2086,720.0,36.066,36.066,3.8619,683.934,720,-12.86,54.0,1000
2087,720.0,36.086,36.086,3.8619,683.914,720,-12.88,54.0,1000
2088,720.0,36.106,36.106,3.8619,683.894,720,-12.89,54.0,1000
2089,720.0,36.126,36.126,3.8619,683.874,720,-12.91,54.0,1000
2090,720.0,36.146,36.146,3.8619,683.854,720,-12.92,54.0,1000
2091,720.0,36.166,36.166,3.8619,683.834,720,-12.94,54.0,1000
2092,720.0,36.186,36.186,3.8619,683.814,720,-12.95,54.0,1000
2093,720.0,36.206,36.206,3.8619,683.794,720,-12.97,54.0,1000
2094,720.0,36.226,36.226,3.8619,683.774,720,-12.98,54.0,1000
2095,720.0,36.246,36.246,3.8619,683.754,720,-13.0,54.0,1000
2096,720.0,36.266,36.266,3.8619,683.734,720,-13.01,54.0,1000
2097,720.0,36.286,36.286,3.8619,683.714,720,-13.03,54.0,1000
2098,720.0,36.306,36.306,3.8619,683.694,720,-13.04,54.0,1000
2099,720.0,36.326,36.326,3.8619,683.674,720,-13.06,54.0,1000
2100,720.0,36.346,36.346,3.8619,683.654,720,-13.07,54.0,1000
2101,720.0,36.366,36.366,3.8619,683.634,720,-13.09,54.0,1000
2102,720.0,36.386,36.386,3.8619,683.614,720,-13.1,54.0,1000
2103,720.0,36.406,36.406,3.8619,683.594,720,-13.12,54.0,1000
2104,720.0,36.426,36.426,3.8619,683.574,720,-13.13,54.0,1000
2105,720.0,36.446,36.446,3.8619,683.554,720,-13.15,54.0,1000
2106,720.0,36.466,36.466,3.8619,683.534,720,-13.16,54.0,1000
2107,720.0,36.486,36.486,3.8619,683.514,720,-13.18,54.0,1000
2108,720.0,36.506,36.506,3.8619,683.494,720,-13.19,54.0,1000
2109,720.0,36.526,36.526,3.8619,683.474,720,-13.2,54.0,1000
2110,720.0,36.546,36.546,3.8619,683.454,720,-13.22,54.0,1000
2111,720.0,36.566,36.566,3.8619,683.434,720,-13.23,54.0,1000
2112,720.0,36.586,36.586,3.8619,683.414,720,-13.25,54.0,1000
2113,720.0,36.606,36.606,3.8619,683.394,720,-13.26,54.0,1000
2114,720.0,36.626,36.626,3.8619,683.374,720,-13.27,54.0,1000
2115,720.0,36.646,36.646,3.8619,683.354,720,-13.29,54.0,1000
2116,720.0,36.666,36.666,3.8619,683.334,720,-13.3,54.0,1000
2117,720.0,36.686,36.686,3.8619,683.314,720,-13.32,54.0,1000
2118,720.0,36.706,36.706,3.8619,683.294,720,-13.33,54.0,1000
2119,720.0,36.726,36.726,3.8619,683.274,720,-13.34,54.0,1000
2120,720.0,36.746,36.746,3.8619,683.254,720,-13.36,54.0,1000
2121,720.0,36.766,36.766,3.8619,683.234,720,-13.37,54.0,1000
2122,720.0,36.786,36.786,3.8619,683.214,720,-13.38,54.0,1000
2123,720.0,36.806,36.806,3.8619,683.194,720,-13.4,54.0,1000
2124,720.0,36.826,36.826,3.8619,683.174,720,-13.41,54.0,1000
2125,720.0,36.846,36.846,3.8619,683.154,720,-13.42,54.0,1000
2126,720.0,36.866,36.866,3.8619,683.134,720,-13.44,54.0,1000
2127,720.0,36.886,36.886,3.8619,683.114,720,-13.45,54.0,1000
2128,720.0,36.906,36.906,3.8619,683.094,720,-13.46,54.0,1000
2129,720.0,36.926,36.926,3.8619,683.074,720,-13.48,54.0,1000
2130,720.0,36.946,36.946,3.8619,683.054,720,-13.49,54.0,1000
2131,720.0,36.966,36.966,3.8619,683.034,720,-13.5,54.0,1000
2132,720.0,36.986,36.986,3.8619,683.014,720,-13.52,54.0,1000
2133,720.0,37.006,37.006,3.8619,682.994,720,-13.53,54.0,1000
2134,720.0,37.026,37.026,3.8619,682.974,720,-13.54,54.0,1000
2135,720.0,37.046,37.046,3.8619,682.954,720,-13.56,54.0,1000
2136,720.0,37.066,37.066,3.8619,682.934,720,-13.57,54.0,1000
2137,720.0,37.086,37.086,3.8619,682.914,720,-13.58,54.0,1000
2138,720.0,37.106,37.106,3.8619,682.894,720,-13.59,54.0,1000
2139,720.0,37.126,37.126,3.8619,682.874,720,-13.61,54.0,1000
2140,720.0,37.146,37.146,3.8619,682.854,720,-13.62,54.0,1000
2141,720.0,37.166,37.166,3.8619,682.834,720,-13.63,54.0,1000
2142,720.0,37.186,37.186,3.8619,682.814,720,-13.64,54.0,1000
2143,720.0,37.206,37.206,3.8619,682.794,720,-13.66,54.0,1000
2144,720.0,37.226,37.226,3.8619,682.774,720,-13.67,54.0,1000
2145,720.0,37.246,37.246,3.8619,682.754,720,-13.68,54.0,1000
2146,720.0,37.266,37.266,3.8619,682.734,720,-13.69,54.0,1000
2147,720.0,37.286,37.286,3.8619,682.714,720,-13.71,54.0,1000
2148,720.0,37.306,37.306,3.8619,682.694,720,-13.72,54.0,1000
2149,720.0,37.326,37.326,3.8619,682.674,720,-13.73,54.0,1000
2150,720.0,37.346,37.346,3.8619,682.654,720,-13.74,54.0,1000
2151,720.0,37.366,37.366,3.8619,682.634,720,-13.75,54.0,1000
2152,720.0,37.386,37.386,3.8619,682.614,720,-13.77,54.0,1000
2153,720.0,37.406,37.406,3.8619,682.594,720,-13.78,54.0,1000
2154,720.0,37.426,37.426,3.8619,682.574,720,-13.79,54.0,1000
2155,720.0,37.446,37.446,3.8619,682.554,720,-13.8,54.0,1000
2156,720.0,37.466,37.466,3.8619,682.534,720,-13.81,54.0,1000
2157,720.0,37.486,37.486,3.8619,682.514,720,-13.83,54.0,1000
2158,720.0,37.506,37.506,3.8619,682.494,720,-13.84,54.0,1000
2159,720.0,37.526,37.526,3.8619,682.474,720,-13.85,54.0,1000
2160,720.0,37.546,37.546,3.8619,682.454,720,-13.86,54.0,1000
2161,720.0,37.566,37.566,3.8619,682.434,720,-13.87,54.0,1000
2162,720.0,37.586,37.586,3.8619,682.414,720,-13.88,54.0,1000
2163,720.0,37.606,37.606,3.8619,682.394,720,-13.89,54.0,1000
2164,720.0,37.626,37.626,3.8619,682.374,720,-13.91,54.0,1000
2165,720.0,37.646,37.646,3.8619,682.354,720,-13.92,54.0,1000
2166,720.0,37.666,37.666,3.8619,682.334,720,-13.93,54.0,1000
2167,720.0,37.686,37.686,3.8619,682.314,720,-13.94,54.0,1000
2168,720.0,37.706,37.706,3.8619,682.294,720,-13.95,54.0,1000
2169,720.0,37.726,37.726,3.8619,682.274,720,-13.96,54.0,1000
2170,720.0,37.746,37.746,3.8619,682.254,720,-13.97,54.0,1000
2171,720.0,37.766,37.766,3.8619,682.234,720,-13.98,54.0,1000
2172,720.0,37.786,37.786,3.8619,682.214,720,-13.99,54.0,1000
2173,720.0,37.806,37.806,3.8619,682.194,720,-14.0,54.0,1000
2174,720.0,37.826,37.826,3.8619,682.174,720,-14.02,54.0,1000
2175,720.0,37.846,37.846,3.8619,682.154,720,-14.03,54.0,1000
2176,720.0,37.866,37.866,3.8619,682.134,720,-14.04,54.0,1000
2177,720.0,37.886,37.886,3.8619,682.114,720,-14.05,54.0,1000
2178,720.0,37.906,37.906,3.8619,682.094,720,-14.06,54.0,1000
2179,720.0,37.926,37.926,3.8619,682.074,720,-14.07,54.0,1000
2180,720.0,37.946,37.946,3.8619,682.054,720,-14.08,54.0,1000
2181,720.0,37.966,37.966,3.8619,682.034,720,-14.09,54.0,1000
2182,720.0,37.986,37.986,3.8619,682.014,720,-14.1,54.0,1000
2183,720.0,38.006,38.006,3.8619,681.994,720,-14.11,54.0,1000
2184,720.0,38.026,38.026,3.8619,681.974,720,-14.12,54.0,1000
2185,720.0,38.046,38.046,3.8619,681.954,720,-14.13,54.0,1000
2186,720.0,38.066,38.066,3.8619,681.934,720,-14.14,54.0,1000
2187,720.0,38.086,38.086,3.8619,681.914,720,-14.15,54.0,1000
2188,720.0,38.106,38.106,3.8619,681.894,720,-14.16,54.0,1000
2189,720.0,38.126,38.126,3.8619,681.874,720,-14.17,54.0,1000
2190,720.0,38.146,38.146,3.8619,681.854,720,-14.18,54.0,1000
2191,720.0,38.166,38.166,3.8619,681.834,720,-14.19,54.0,1000
2192,720.0,38.186,38.186,3.8619,681.814,720,-14.2,54.0,1000
2193,720.0,38.206,38.206,3.8619,681.794,720,-14.21,54.0,1000
2194,720.0,38.226,38.226,3.8619,681.774,720,-14.22,54.0,1000
2195,720.0,38.246,38.246,3.8619,681.754,720,-14.23,54.0,1000
2196,720.0,38.266,38.266,3.8619,681.734,720,-14.24,54.0,1000
2197,720.0,38.286,38.286,3.8619,681.714,720,-14.25,54.0,1000
2198,720.0,38.306,38.306,3.8619,681.694,720,-14.26,54.0,1000
2199,720.0,38.326,38.326,3.8619,681.674,720,-14.26,54.0,1000
2200,720.0,38.346,38.346,3.8619,681.654,720,-14.27,54.0,1000
2201,720.0,38.366,38.366,3.8619,681.634,720,-14.28,54.0,1000
2202,720.0,38.386,38.386,3.8619,681.614,720,-14.29,54.0,1000
2203,720.0,38.406,38.406,3.8619,681.594,720,-14.3,54.0,1000
2204,720.0,38.426,38.426,3.8619,681.574,720,-14.31,54.0,1000
2205,720.0,38.446,38.446,3.8619,681.554,720,-14.32,54.0,1000
2206,720.0,38.466,38.466,3.8619,681.534,720,-14.33,54.0,1000
2207,720.0,38.486,38.486,3.8619,681.514,720,-14.34,54.0,1000
2208,720.0,38.506,38.506,3.8619,681.494,720,-14.35,54.0,1000
2209,720.0,38.526,38.526,3.8619,681.474,720,-14.35,54.0,1000
2210,720.0,38.546,38.546,3.8619,681.454,720,-14.36,54.0,1000
2211,720.0,38.566,38.566,3.8619,681.434,720,-14.37,54.0,1000
2212,720.0,38.586,38.586,3.8619,681.414,720,-14.38,54.0,1000
2213,720.0,38.606,38.606,3.8619,681.394,720,-14.39,54.0,1000
2214,720.0,38.626,38.626,3.8619,681.374,720,-14.4,54.0,1000
2215,720.0,38.646,38.646,3.8619,681.354,720,-14.41,54.0,1000
2216,720.0,38.666,38.666,3.8619,681.334,720,-14.41,54.0,1000
2217,720.0,38.686,38.686,3.8619,681.314,720,-14.42,54.0,1000
2218,720.0,38.706,38.706,3.8619,681.294,720,-14.43,54.0,1000
2219,720.0,38.726,38.726,3.8619,681.274,720,-14.44,54.0,1000
2220,720.0,38.746,38.746,3.8619,681.254,720,-14.45,54.0,1000
2221,720.0,38.766,38.766,3.8619,681.234,720,-14.46,54.0,1000
2222,720.0,38.786,38.786,3.8619,681.214,720,-14.46,54.0,1000
2223,720.0,38.806,38.806,3.8619,681.194,720,-14.47,54.0,1000
2224,720.0,38.826,38.826,3.8619,681.174,720,-14.48,54.0,1000
2225,720.0,38.846,38.846,3.8619,681.154,720,-14.49,54.0,1000
2226,720.0,38.866,38.866,3.8619,681.134,720,-14.49,54.0,1000
2227,720.0,38.886,38.886,3.8619,681.114,720,-14.5,54.0,1000
2228,720.0,38.906,38.906,3.8619,681.094,720,-14.51,54.0,1000
2229,720.0,38.926,38.926,3.8619,681.074,720,-14.52,54.0,1000
2230,720.0,38.946,38.946,3.8619,681.054,720,-14.52,54.0,1000
2231,720.0,38.966,38.966,3.8619,681.034,720,-14.53,54.0,1000
2232,720.0,38.986,38.986,3.8619,681.014,720,-14.54,54.0,1000
2233,720.0,39.006,39.006,3.8619,680.994,720,-14.55,54.0,1000
2234,720.0,39.026,39.026,3.8619,680.974,720,-14.55,54.0,1000
2235,720.0,39.046,39.046,3.8619,680.954,720,-14.56,54.0,1000
2236,720.0,39.066,39.066,3.8619,680.934,720,-14.57,54.0,1000
2237,720.0,39.086,39.086,3.8619,680.914,720,-14.58,54.0,1000
2238,720.0,39.106,39.106,3.8619,680.894,720,-14.58,54.0,1000
2239,720.0,39.126,39.126,3.8619,680.874,720,-14.59,54.0,1000
2240,720.0,39.146,39.146,3.8619,680.854,720,-14.6,54.0,1000
2241,720.0,39.166,39.166,3.8619,680.834,720,-14.6,54.0,1000
2242,720.0,39.186,39.186,3.8619,680.814,720,-14.61,54.0,1000
2243,720.0,39.206,39.206,3.8619,680.794,720,-14.62,54.0,1000
2244,720.0,39.226,39.226,3.8619,680.774,720,-14.62,54.0,1000
2245,720.0,39.246,39.246,3.8619,680.754,720,-14.63,54.0,1000
2246,720.0,39.266,39.266,3.8619,680.734,720,-14.64,54.0,1000
2247,720.0,39.286,39.286,3.8619,680.714,720,-14.64,54.0,1000
2248,720.0,39.306,39.306,3.8619,680.694,720,-14.65,54.0,1000
2249,720.0,39.326,39.326,3.8619,680.674,720,-14.66,54.0,1000
2250,720.0,39.346,39.346,3.8619,680.654,720,-14.66,54.0,1000
2251,720.0,39.366,39.366,3.8619,680.634,720,-14.67,54.0,1000
2252,720.0,39.386,39.386,3.8619,680.614,720,-14.68,54.0,1000
2253,720.0,39.406,39.406,3.8619,680.594,720,-14.68,54.0,1000
2254,720.0,39.426,39.426,3.8619,680.574,720,-14.69,54.0,1000
2255,720.0,39.446,39.446,3.8619,680.554,720,-14.69,54.0,1000
2256,720.0,39.466,39.466,3.8619,680.534,720,-14.7,54.0,1000
2257,720.0,39.486,39.486,3.8619,680.514,720,-14.71,54.0,1000
2258,720.0,39.506,39.506,3.8619,680.494,720,-14.71,54.0,1000
2259,720.0,39.526,39.526,3.8619,680.474,720,-14.72,54.0,1000
2260,720.0,39.546,39.546,3.8619,680.454,720,-14.72,54.0,1000
2261,720.0,39.566,39.566,3.8619,680.434,720,-14.73,54.0,1000
2262,720.0,39.586,39.586,3.8619,680.414,720,-14.73,54.0,1000
2263,720.0,39.606,39.606,3.8619,680.394,720,-14.74,54.0,1000
2264,720.0,39.626,39.626,3.8619,680.374,720,-14.75,54.0,1000
2265,720.0,39.646,39.646,3.8619,680.354,720,-14.75,54.0,1000
2266,720.0,39.666,39.666,3.8619,680.334,720,-14.76,54.0,1000
2267,720.0,39.686,39.686,3.8619,680.314,720,-14.76,54.0,1000
2268,720.0,39.706,39.706,3.8619,680.294,720,-14.77,54.0,1000
2269,720.0,39.726,39.726,3.8619,680.274,720,-14.77,54.0,1000
2270,720.0,39.746,39.746,3.8619,680.254,720,-14.78,54.0,1000
2271,720.0,39.766,39.766,3.8619,680.234,720,-14.78,54.0,1000
2272,720.0,39.786,39.786,3.8619,680.214,720,-14.79,54.0,1000
2273,720.0,39.806,39.806,3.8619,680.194,720,-14.79,54.0,1000
2274,720.0,39.826,39.826,3.8619,680.174,720,-14.8,54.0,1000
2275,720.0,39.846,39.846,3.8619,680.154,720,-14.8,54.0,1000
2276,720.0,39.866,39.866,3.8619,680.134,720,-14.81,54.0,1000
2277,720.0,39.886,39.886,3.8619,680.114,720,-14.81,54.0,1000
2278,720.0,39.906,39.906,3.8619,680.094,720,-14.82,54.0,1000
2279,720.0,39.926,39.926,3.8619,680.074,720,-14.82,54.0,1000
2280,720.0,39.946,39.946,3.8619,680.054,720,-14.83,54.0,1000
2281,720.0,39.966,39.966,3.8619,680.034,720,-14.83,54.0,1000
2282,720.0,39.986,39.986,3.8619,680.014,720,-14.84,54.0,1000
2283,720.0,40.006,40.006,3.8619,679.994,720,-14.84,54.0,1000
2284,720.0,40.026,40.026,3.8619,679.974,720,-14.84,54.0,1000
2285,720.0,40.046,40.046,3.8619,679.954,720,-14.85,54.0,1000
2286,720.0,40.066,40.066,3.8619,679.934,720,-14.85,54.0,1000
2287,720.0,40.086,40.086,3.8619,679.914,720,-14.86,54.0,1000
2288,720.0,40.106,40.106,3.8619,679.894,720,-14.86,54.0,1000
2289,720.0,40.126,40.126,3.8619,679.874,720,-14.86,54.0,1000
2290,720.0,40.146,40.146,3.8619,679.854,720,-14.87,54.0,1000
2291,720.0,40.166,40.166,3.8619,679.834,720,-14.87,54.0,1000
2292,720.0,40.186,40.186,3.8619,679.814,720,-14.88,54.0,1000
2293,720.0,40.206,40.206,3.8619,679.794,720,-14.88,54.0,1000
2294,720.0,40.226,40.226,3.8619,679.774,720,-14.88,54.0,1000
2295,720.0,40.246,40.246,3.8619,679.754,720,-14.89,54.0,1000
2296,720.0,40.266,40.266,3.8619,679.734,720,-14.89,54.0,1000
2297,720.0,40.286,40.286,3.8619,679.714,720,-14.9,54.0,1000
2298,720.0,40.306,40.306,3.8619,679.694,720,-14.9,54.0,1000
2299,720.0,40.326,40.326,3.8619,679.674,720,-14.9,54.0,1000
2300,720.0,40.346,40.346,3.8619,679.654,720,-14.91,54.0,1000
2301,720.0,40.366,40.366,3.8619,679.634,720,-14.91,54.0,1000
2302,720.0,40.386,40.386,3.8619,679.614,720,-14.91,54.0,1000
2303,720.0,40.406,40.406,3.8619,679.594,720,-14.92,54.0,1000
2304,720.0,40.426,40.426,3.8619,679.574,720,-14.92,54.0,1000
2305,720.0,40.446,40.446,3.8619,679.554,720,-14.92,54.0,1000
2306,720.0,40.466,40.466,3.8619,679.534,720,-14.92,54.0,1000
2307,720.0,40.486,40.486,3.8619,679.514,720,-14.93,54.0,1000
2308,720.0,40.506,40.506,3.8619,679.494,720,-14.93,54.0,1000
2309,720.0,40.526,40.526,3.8619,679.474,720,-14.93,54.0,1000
2310,720.0,40.546,40.546,3.8619,679.454,720,-14.94,54.0,1000
2311,720.0,40.566,40.566,3.8619,679.434,720,-14.94,54.0,1000
2312,720.0,40.586,40.586,3.8619,679.414,720,-14.94,54.0,1000
2313,720.0,40.606,40.606,3.8619,679.394,720,-14.94,54.0,1000
2314,720.0,40.626,40.626,3.8619,679.374,720,-14.95,54.0,1000
2315,720.0,40.646,40.646,3.8619,679.354,720,-14.95,54.0,1000
2316,720.0,40.666,40.666,3.8619,679.334,720,-14.95,54.0,1000
2317,720.0,40.686,40.686,3.8619,679.314,720,-14.95,54.0,1000
2318,720.0,40.706,40.706,3.8619,679.294,720,-14.96,54.0,1000
2319,720.0,40.726,40.726,3.8619,679.274,720,-14.96,54.0,1000
2320,720.0,40.746,40.746,3.8619,679.254,720,-14.96,54.0,1000
2321,720.0,40.766,40.766,3.8619,679.234,720,-14.96,54.0,1000
2322,720.0,40.786,40.786,3.8619,679.214,720,-14.96,54.0,1000
2323,720.0,40.806,40.806,3.8619,679.194,720,-14.97,54.0,1000
2324,720.0,40.826,40.826,3.8619,679.174,720,-14.97,54.0,1000
2325,720.0,40.846,40.846,3.8619,679.154,720,-14.97,54.0,1000
2326,720.0,40.866,40.866,3.8619,679.134,720,-14.97,54.0,1000
2327,720.0,40.886,40.886,3.8619,679.114,720,-14.97,54.0,1000
2328,720.0,40.906,40.906,3.8619,679.094,720,-14.98,54.0,1000
2329,720.0,40.926,40.926,3.8619,679.074,720,-14.98,54.0,1000
2330,720.0,40.946,40.946,3.8619,679.054,720,-14.98,54.0,1000
2331,720.0,40.966,40.966,3.8619,679.034,720,-14.98,54.0,1000
2332,720.0,40.986,40.986,3.8619,679.014,720,-14.98,54.0,1000
2333,720.0,41.006,41.006,3.8619,678.994,720,-14.98,54.0,1000
2334,720.0,41.026,41.026,3.8619,678.974,720,-14.99,54.0,1000
2335,720.0,41.046,41.046,3.8619,678.954,720,-14.99,54.0,1000
2336,720.0,41.066,41.066,3.8619,678.934,720,-14.99,54.0,1000
2337,720.0,41.086,41.086,3.8619,678.914,720,-14.99,54.0,1000
2338,720.0,41.106,41.106,3.8619,678.894,720,-14.99,54.0,1000
2339,720.0,41.126,41.126,3.8619,678.874,720,-14.99,54.0,1000
2340,720.0,41.146,41.146,3.8619,678.854,720,-14.99,54.0,1000
2341,720.0,41.166,41.166,3.8619,678.834,720,-14.99,54.0,1000
2342,720.0,41.186,41.186,3.8619,678.814,720,-14.99,54.0,1000
2343,720.0,41.206,41.206,3.8619,678.794,720,-14.99,54.0,1000
2344,720.0,41.226,41.226,3.8619,678.774,720,-15.0,54.0,1000
2345,720.0,41.246,41.246,3.8619,678.754,720,-15.0,54.0,1000
2346,720.0,41.266,41.266,3.8619,678.734,720,-15.0,54.0,1000
2347,720.0,41.286,41.286,3.8619,678.714,720,-15.0,54.0,1000
2348,720.0,41.306,41.306,3.8619,678.694,720,-15.0,54.0,1000
2349,720.0,41.326,41.326,3.8619,678.674,720,-15.0,54.0,1000
2350,720.0,41.346,41.346,3.8619,678.654,720,-15.0,54.0,1000
2351,720.0,41.366,41.366,3.8619,678.634,720,-15.0,54.0,1000
2352,720.0,41.386,41.386,3.8619,678.614,720,-15.0,54.0,1000
2353,720.0,41.406,41.406,3.8619,678.594,720,-15.0,54.0,1000
2354,720.0,41.426,41.426,3.8619,678.574,720,-15.0,54.0,1000
2355,720.0,41.446,41.446,3.8619,678.554,720,-15.0,54.0,1000
2356,720.0,41.466,41.466,3.8619,678.534,720,-15.0,54.0,1000
2357,720.0,41.486,41.486,3.8619,678.514,720,-15.0,54.0,1000
2358,720.0,41.506,41.506,3.8619,678.494,720,-15.0,54.0,1000
2359,720.0,41.526,41.526,3.8619,678.474,720,-15.0,54.0,1000
2360,720.0,41.546,41.546,3.8619,678.454,720,-15.0,54.0,1000
2361,720.0,41.566,41.566,3.8619,678.434,720,-15.0,54.0,1000
2362,720.0,41.586,41.586,3.8619,678.414,720,-15.0,54.0,1000
2363,720.0,41.606,41.606,3.8619,678.394,720,-15.0,54.0,1000
2364,720.0,41.626,41.626,3.8619,678.374,720,-15.0,54.0,1000
2365,720.0,41.646,41.646,3.8619,678.354,720,-15.0,54.0,1000
2366,720.0,41.666,41.666,3.8619,678.334,720,-15.0,54.0,1000
2367,720.0,41.686,41.686,3.8619,678.314,720,-15.0,54.0,1000
2368,720.0,41.706,41.706,3.8619,678.294,720,-15.0,54.0,1000
2369,720.0,41.726,41.726,3.8619,678.274,720,-15.0,54.0,1000
2370,720.0,41.746,41.746,3.8619,678.254,720,-14.99,54.0,1000
2371,720.0,41.766,41.766,3.8619,678.234,720,-14.99,54.0,1000
2372,720.0,41.786,41.786,3.8619,678.214,720,-14.99,54.0,1000
2373,720.0,41.806,41.806,3.8619,678.194,720,-14.99,54.0,1000
2374,720.0,41.826,41.826,3.8619,678.174,720,-14.99,54.0,1000
2375,720.0,41.846,41.846,3.8619,678.154,720,-14.99,54.0,1000
2376,720.0,41.866,41.866,3.8619,678.134,720,-14.99,54.0,1000
2377,720.0,41.886,41.886,3.8619,678.114,720,-14.99,54.0,1000
2378,720.0,41.906,41.906,3.8619,678.094,720,-14.99,54.0,1000
2379,720.0,41.926,41.926,3.8619,678.074,720,-14.98,54.0,1000
2380,720.0,41.946,41.946,3.8619,678.054,720,-14.98,54.0,1000
2381,720.0,41.966,41.966,3.8619,678.034,720,-14.98,54.0,1000
2382,720.0,41.986,41.986,3.8619,678.014,720,-14.98,54.0,1000
2383,720.0,42.006,42.006,3.8619,677.994,720,-14.98,54.0,1000
2384,720.0,42.026,42.026,3.8619,677.974,720,-14.98,54.0,1000
2385,720.0,42.046,42.046,3.8619,677.954,720,-14.98,54.0,1000
2386,720.0,42.066,42.066,3.8619,677.934,720,-14.97,54.0,1000
2387,720.0,42.086,42.086,3.8619,677.914,720,-14.97,54.0,1000
2388,720.0,42.106,42.106,3.8619,677.894,720,-14.97,54.0,1000
2389,720.0,42.126,42.126,3.8619,677.874,720,-14.97,54.0,1000
2390,720.0,42.146,42.146,3.8619,677.854,720,-14.97,54.0,1000
2391,720.0,42.166,42.166,3.8619,677.834,720,-14.96,54.0,1000
2392,720.0,42.186,42.186,3.8619,677.814,720,-14.96,54.0,1000
2393,720.0,42.206,42.206,3.8619,677.794,720,-14.96,54.0,1000
2394,720.0,42.226,42.226,3.8619,677.774,720,-14.96,54.0,1000
2395,720.0,42.246,42.246,3.8619,677.754,720,-14.95,54.0,1000
2396,720.0,42.266,42.266,3.8619,677.734,720,-14.95,54.0,1000
2397,720.0,42.286,42.286,3.8619,677.714,720,-14.95,54.0,1000
2398,720.0,42.306,42.306,3.8619,677.694,720,-14.95,54.0,1000
2399,720.0,42.326,42.326,3.8619,677.674,720,-14.95,54.0,1000
2400,720.0,42.346,42.346,3.8619,677.654,720,-14.94,54.0,1000
2401,720.0,42.366,42.366,3.8619,677.634,720,-14.94,54.0,1000
2402,720.0,42.386,42.386,3.8619,677.614,720,-14.94,54.0,1000
2403,720.0,42.406,42.406,3.8619,677.594,720,-14.93,54.0,1000
2404,720.0,42.426,42.426,3.8619,677.574,720,-14.93,54.0,1000
2405,720.0,42.446,42.446,3.8619,677.554,720,-14.93,54.0,1000
2406,720.0,42.466,42.466,3.8619,677.534,720,-14.93,54.0,1000
2407,720.0,42.486,42.486,3.8619,677.514,720,-14.92,54.0,1000
2408,720.0,42.506,42.506,3.8619,677.494,720,-14.92,54.0,1000
2409,720.0,42.526,42.526,3.8619,677.474,720,-14.92,54.0,1000
2410,720.0,42.546,42.546,3.8619,677.454,720,-14.91,54.0,1000
2411,720.0,42.566,42.566,3.8619,677.434,720,-14.91,54.0,1000
2412,720.0,42.586,42.586,3.8619,677.414,720,-14.91,54.0,1000
2413,720.0,42.606,42.606,3.8619,677.394,720,-14.9,54.0,1000
2414,720.0,42.626,42.626,3.8619,677.374,720,-14.9,54.0,1000
2415,720.0,42.646,42.646,3.8619,677.354,720,-14.9,54.0,1000
2416,720.0,42.666,42.666,3.8619,677.334,720,-14.89,54.0,1000
2417,720.0,42.686,42.686,3.8619,677.314,720,-14.89,54.0,1000
2418,720.0,42.706,42.706,3.8619,677.294,720,-14.89,54.0,1000
2419,720.0,42.726,42.726,3.8619,677.274,720,-14.88,54.0,1000
2420,720.0,42.746,42.746,3.8619,677.254,720,-14.88,54.0,1000
2421,720.0,42.766,42.766,3.8619,677.234,720,-14.87,54.0,1000
2422,720.0,42.786,42.786,3.8619,677.214,720,-14.87,54.0,1000
2423,720.0,42.806,42.806,3.8619,677.194,720,-14.87,54.0,1000
2424,720.0,42.826,42.826,3.8619,677.174,720,-14.86,54.0,1000
2425,720.0,42.846,42.846,3.8619,677.154,720,-14.86,54.0,1000
2426,720.0,42.866,42.866,3.8619,677.134,720,-14.85,54.0,1000
2427,720.0,42.886,42.886,3.8619,677.114,720,-14.85,54.0,1000
2428,720.0,42.906,42.906,3.8619,677.094,720,-14.85,54.0,1000
2429,720.0,42.926,42.926,3.8619,677.074,720,-14.84,54.0,1000
2430,720.0,42.946,42.946,3.8619,677.054,720,-14.84,54.0,1000
2431,720.0,42.966,42.966,3.8619,677.034,720,-14.83,54.0,1000
2432,720.0,42.986,42.986,3.8619,677.014,720,-14.83,54.0,1000
2433,720.0,43.006,43.006,3.8619,676.994,720,-14.82,54.0,1000
2434,720.0,43.026,43.026,3.8619,676.974,720,-14.82,54.0,1000
2435,720.0,43.046,43.046,3.8619,676.954,720,-14.81,54.0,1000
2436,720.0,43.066,43.066,3.8619,676.934,720,-14.81,54.0,1000
2437,720.0,43.086,43.086,3.8619,676.914,720,-14.8,54.0,1000
2438,720.0,43.106,43.106,3.8619,676.894,720,-14.8,54.0,1000
2439,720.0,43.126,43.126,3.8619,676.874,720,-14.79,54.0,1000
2440,720.0,43.146,43.146,3.8619,676.854,720,-14.79,54.0,1000
2441,720.0,43.166,43.166,3.8619,676.834,720,-14.78,54.0,1000
2442,720.0,43.186,43.186,3.8619,676.814,720,-14.78,54.0,1000
2443,720.0,43.206,43.206,3.8619,676.794,720,-14.77,54.0,1000
2444,720.0,43.226,43.226,3.8619,676.774,720,-14.77,54.0,1000
2445,720.0,43.246,43.246,3.8619,676.754,720,-14.76,54.0,1000
2446,720.0,43.266,43.266,3.8619,676.734,720,-14.76,54.0,1000
2447,720.0,43.286,43.286,3.8619,676.714,720,-14.75,54.0,1000
2448,720.0,43.306,43.306,3.8619,676.694,720,-14.75,54.0,1000
2449,720.0,43.326,43.326,3.8619,676.674,720,-14.74,54.0,1000
2450,720.0,43.346,43.346,3.8619,676.654,720,-14.74,54.0,1000
2451,720.0,43.366,43.366,3.8619,676.634,720,-14.73,54.0,1000
2452,720.0,43.386,43.386,3.8619,676.614,720,-14.73,54.0,1000
2453,720.0,43.406,43.406,3.8619,676.594,720,-14.72,54.0,1000
2454,720.0,43.426,43.426,3.8619,676.574,720,-14.71,54.0,1000
2455,720.0,43.446,43.446,3.8619,676.554,720,-14.71,54.0,1000
2456,720.0,43.466,43.466,3.8619,676.534,720,-14.7,54.0,1000
2457,720.0,43.486,43.486,3.8619,676.514,720,-14.7,54.0,1000
2458,720.0,43.506,43.506,3.8619,676.494,720,-14.69,54.0,1000
2459,720.0,43.526,43.526,3.8619,676.474,720,-14.68,54.0,1000
2460,720.0,43.546,43.546,3.8619,676.454,720,-14.68,54.0,1000
2461,720.0,43.566,43.566,3.8619,676.434,720,-14.67,54.0,1000
2462,720.0,43.586,43.586,3.8619,676.414,720,-14.67,54.0,1000
2463,720.0,43.606,43.606,3.8619,676.394,720,-14.66,54.0,1000
2464,720.0,43.626,43.626,3.8619,676.374,720,-14.65,54.0,1000
2465,720.0,43.646,43.646,3.8619,676.354,720,-14.65,54.0,1000
2466,720.0,43.666,43.666,3.8619,676.334,720,-14.64,54.0,1000
2467,720.0,43.686,43.686,3.8619,676.314,720,-14.63,54.0,1000
2468,720.0,43.706,43.706,3.8619,676.294,720,-14.63,54.0,1000
2469,720.0,43.726,43.726,3.8619,676.274,720,-14.62,54.0,1000
2470,720.0,43.746,43.746,3.8619,676.254,720,-14.61,54.0,1000
2471,720.0,43.766,43.766,3.8619,676.234,720,-14.61,54.0,1000
2472,720.0,43.786,43.786,3.8619,676.214,720,-14.6,54.0,1000
2473,720.0,43.806,43.806,3.8619,676.194,720,-14.59,54.0,1000
2474,720.0,43.826,43.826,3.8619,676.174,720,-14.59,54.0,1000
2475,720.0,43.846,43.846,3.8619,676.154,720,-14.58,54.0,1000
2476,720.0,43.866,43.866,3.8619,676.134,720,-14.57,54.0,1000
2477,720.0,43.886,43.886,3.8619,676.114,720,-14.56,54.0,1000
2478,720.0,43.906,43.906,3.8619,676.094,720,-14.56,54.0,1000
2479,720.0,43.926,43.926,3.8619,676.074,720,-14.55,54.0,1000
2480,720.0,43.946,43.946,3.8619,676.054,720,-14.54,54.0,1000
2481,720.0,43.966,43.966,3.8619,676.034,720,-14.54,54.0,1000
2482,720.0,43.986,43.986,3.8619,676.014,720,-14.53,54.0,1000
2483,720.0,44.006,44.006,3.8619,675.994,720,-14.52,54.0,1000
2484,720.0,44.026,44.026,3.8619,675.974,720,-14.51,54.0,1000
2485,720.0,44.046,44.046,3.8619,675.954,720,-14.51,54.0,1000
2486,720.0,44.066,44.066,3.8619,675.934,720,-14.5,54.0,1000
2487,720.0,44.086,44.086,3.8619,675.914,720,-14.49,54.0,1000
2488,720.0,44.106,44.106,3.8619,675.894,720,-14.48,54.0,1000
2489,720.0,44.126,44.126,3.8619,675.874,720,-14.47,54.0,1000
2490,720.0,44.146,44.146,3.8619,675.854,720,-14.47,54.0,1000
2491,720.0,44.166,44.166,3.8619,675.834,720,-14.46,54.0,1000
2492,720.0,44.186,44.186,3.8619,675.814,720,-14.45,54.0,1000
2493,720.0,44.206,44.206,3.8619,675.794,720,-14.44,54.0,1000
2494,720.0,44.226,44.226,3.8619,675.774,720,-14.43,54.0,1000
2495,720.0,44.246,44.246,3.8619,675.754,720,-14.43,54.0,1000
2496,720.0,44.266,44.266,3.8619,675.734,720,-14.42,54.0,1000
2497,720.0,44.286,44.286,3.8619,675.714,720,-14.41,54.0,1000
2498,720.0,44.306,44.306,3.8619,675.694,720,-14.4,54.0,1000
2499,720.0,44.326,44.326,3.8619,675.674,720,-14.39,54.0,1000
2500,720.0,44.346,44.346,3.8619,675.654,720,-14.38,54.0,1000
2501,720.0,44.366,44.366,3.8619,675.634,720,-14.38,54.0,1000
2502,720.0,44.386,44.386,3.8619,675.614,720,-14.37,54.0,1000
2503,720.0,44.406,44.406,3.8619,675.594,720,-14.36,54.0,1000
2504,720.0,44.426,44.426,3.8619,675.574,720,-14.35,54.0,1000
2505,720.0,44.446,44.446,3.8619,675.554,720,-14.34,54.0,1000
2506,720.0,44.466,44.466,3.8619,675.534,720,-14.33,54.0,1000
2507,720.0,44.486,44.486,3.8619,675.514,720,-14.32,54.0,1000
2508,720.0,44.506,44.506,3.8619,675.494,720,-14.31,54.0,1000
2509,720.0,44.526,44.526,3.8619,675.474,720,-14.3,54.0,1000
2510,720.0,44.546,44.546,3.8619,675.454,720,-14.3,54.0,1000
2511,720.0,44.566,44.566,3.8619,675.434,720,-14.29,54.0,1000
2512,720.0,44.586,44.586,3.8619,675.414,720,-14.28,54.0,1000
2513,720.0,44.606,44.606,3.8619,675.394,720,-14.27,54.0,1000
2514,720.0,44.626,44.626,3.8619,675.374,720,-14.26,54.0,1000
2515,720.0,44.646,44.646,3.8619,675.354,720,-14.25,54.0,1000
2516,720.0,44.666,44.666,3.8619,675.334,720,-14.24,54.0,1000
2517,720.0,44.686,44.686,3.8619,675.314,720,-14.23,54.0,1000
2518,720.0,44.706,44.706,3.8619,675.294,720,-14.22,54.0,1000
2519,720.0,44.726,44.726,3.8619,675.274,720,-14.21,54.0,1000
2520,720.0,44.746,44.746,3.8619,675.254,720,-14.2,54.0,1000
2521,720.0,44.766,44.766,3.8619,675.234,720,-14.19,54.0,1000
2522,720.0,44.786,44.786,3.8619,675.214,720,-14.18,54.0,1000
2523,720.0,44.806,44.806,3.8619,675.194,720,-14.17,54.0,1000
2524,720.0,44.826,44.826,3.8619,675.174,720,-14.16,54.0,1000
2525,720.0,44.846,44.846,3.8619,675.154,720,-14.15,54.0,1000
2526,720.0,44.866,44.866,3.8619,675.134,720,-14.14,54.0,1000
2527,720.0,44.886,44.886,3.8619,675.114,720,-14.13,54.0,1000
2528,720.0,44.906,44.906,3.8619,675.094,720,-14.12,54.0,1000
2529,720.0,44.926,44.926,3.8619,675.074,720,-14.11,54.0,1000
2530,720.0,44.946,44.946,3.8619,675.054,720,-14.1,54.0,1000
2531,720.0,44.966,44.966,3.8619,675.034,720,-14.09,54.0,1000
2532,720.0,44.986,44.986,3.8619,675.014,720,-14.08,54.0,1000
2533,720.0,45.006,45.006,3.8619,674.994,720,-14.07,54.0,1000
2534,720.0,45.026,45.026,3.8619,674.974,720,-14.06,54.0,1000
2535,720.0,45.046,45.046,3.8619,674.954,720,-14.05,54.0,1000
2536,720.0,45.066,45.066,3.8619,674.934,720,-14.04,54.0,1000
2537,720.0,45.086,45.086,3.8619,674.914,720,-14.03,54.0,1000
2538,720.0,45.106,45.106,3.8619,674.894,720,-14.02,54.0,1000
2539,720.0,45.126,45.126,3.8619,674.874,720,-14.01,54.0,1000
2540,720.0,45.146,45.146,3.8619,674.854,720,-14.0,54.0,1000
2541,720.0,45.166,45.166,3.8619,674.834,720,-13.99,54.0,1000
2542,720.0,45.186,45.186,3.8619,674.814,720,-13.98,54.0,1000
2543,720.0,45.206,45.206,3.8619,674.794,720,-13.97,54.0,1000
2544,720.0,45.226,45.226,3.8619,674.774,720,-13.95,54.0,1000
2545,720.0,45.246,45.246,3.8619,674.754,720,-13.94,54.0,1000
2546,720.0,45.266,45.266,3.8619,674.734,720,-13.93,54.0,1000
2547,720.0,45.286,45.286,3.8619,674.714,720,-13.92,54.0,1000
2548,720.0,45.306,45.306,3.8619,674.694,720,-13.91,54.0,1000
2549,720.0,45.326,45.326,3.8619,674.674,720,-13.9,54.0,1000
2550,720.0,45.346,45.346,3.8619,674.654,720,-13.89,54.0,1000
2551,720.0,45.366,45.366,3.8619,674.634,720,-13.88,54.0,1000
2552,720.0,45.386,45.386,3.8619,674.614,720,-13.86,54.0,1000
2553,720.0,45.406,45.406,3.8619,674.594,720,-13.85,54.0,1000
2554,720.0,45.426,45.426,3.8619,674.574,720,-13.84,54.0,1000
2555,720.0,45.446,45.446,3.8619,674.554,720,-13.83,54.0,1000
2556,720.0,45.466,45.466,3.8619,674.534,720,-13.82,54.0,1000
2557,720.0,45.486,45.486,3.8619,674.514,720,-13.81,54.0,1000
2558,720.0,45.506,45.506,3.8619,674.494,720,-13.79,54.0,1000
2559,720.0,45.526,45.526,3.8619,674.474,720,-13.78,54.0,1000
2560,720.0,45.546,45.546,3.8619,674.454,720,-13.77,54.0,1000
2561,720.0,45.566,45.566,3.8619,674.434,720,-13.76,54.0,1000
2562,720.0,45.586,45.586,3.8619,674.414,720,-13.75,54.0,1000
2563,720.0,45.606,45.606,3.8619,674.394,720,-13.74,54.0,1000
2564,720.0,45.626,45.626,3.8619,674.374,720,-13.72,54.0,1000
2565,720.0,45.646,45.646,3.8619,674.354,720,-13.71,54.0,1000
2566,720.0,45.666,45.666,3.8619,674.334,720,-13.7,54.0,1000
2567,720.0,45.686,45.686,3.8619,674.314,720,-13.69,54.0,1000
2568,720.0,45.706,45.706,3.8619,674.294,720,-13.67,54.0,1000
2569,720.0,45.726,45.726,3.8619,674.274,720,-13.66,54.0,1000
2570,720.0,45.746,45.746,3.8619,674.254,720,-13.65,54.0,1000
2571,720.0,45.766,45.766,3.8619,674.234,720,-13.64,54.0,1000
2572,720.0,45.786,45.786,3.8619,674.214,720,-13.62,54.0,1000
2573,720.0,45.806,45.806,3.8619,674.194,720,-13.61,54.0,1000
2574,720.0,45.826,45.826,3.8619,674.174,720,-13.6,54.0,1000
2575,720.0,45.846,45.846,3.8619,674.154,720,-13.59,54.0,1000
2576,720.0,45.866,45.866,3.8619,674.134,720,-13.57,54.0,1000
2577,720.0,45.886,45.886,3.8619,674.114,720,-13.56,54.0,1000
2578,720.0,45.906,45.906,3.8619,674.094,720,-13.55,54.0,1000
2579,720.0,45.926,45.926,3.8619,674.074,720,-13.54,54.0,1000
2580,720.0,45.946,45.946,3.8619,674.054,720,-13.52,54.0,1000
2581,720.0,45.966,45.966,3.8619,674.034,720,-13.51,54.0,1000
2582,720.0,45.986,45.986,3.8619,674.014,720,-13.5,54.0,1000
2583,720.0,46.006,46.006,3.8619,673.994,720,-13.48,54.0,1000
2584,720.0,46.026,46.026,3.8619,673.974,720,-13.47,54.0,1000
2585,720.0,46.046,46.046,3.8619,673.954,720,-13.46,54.0,1000
2586,720.0,46.066,46.066,3.8619,673.934,720,-13.44,54.0,1000
2587,720.0,46.086,46.086,3.8619,673.914,720,-13.43,54.0,1000
2588,720.0,46.106,46.106,3.8619,673.894,720,-13.42,54.0,1000
2589,720.0,46.126,46.126,3.8619,673.874,720,-13.4,54.0,1000
2590,720.0,46.146,46.146,3.8619,673.854,720,-13.39,54.0,1000
2591,720.0,46.166,46.166,3.8619,673.834,720,-13.38,54.0,1000
2592,720.0,46.186,46.186,3.8619,673.814,720,-13.36,54.0,1000
2593,720.0,46.206,46.206,3.8619,673.794,720,-13.35,54.0,1000
2594,720.0,46.226,46.226,3.8619,673.774,720,-13.34,54.0,1000
2595,720.0,46.246,46.246,3.8619,673.754,720,-13.32,54.0,1000
2596,720.0,46.266,46.266,3.8619,673.734,720,-13.31,54.0,1000
2597,720.0,46.286,46.286,3.8619,673.714,720,-13.29,54.0,1000
2598,720.0,46.306,46.306,3.8619,673.694,720,-13.28,54.0,1000
2599,720.0,46.326,46.326,3.8619,673.674,720,-13.27,54.0,1000
2600,720.0,46.346,46.346,3.8619,673.654,720,-13.25,54.0,1000
2601,720.0,46.366,46.366,3.8619,673.634,720,-13.24,54.0,1000
2602,720.0,46.386,46.386,3.8619,673.614,720,-13.22,54.0,1000
2603,720.0,46.406,46.406,3.8619,673.594,720,-13.21,54.0,1000
2604,720.0,46.426,46.426,3.8619,673.574,720,-13.2,54.0,1000
2605,720.0,46.446,46.446,3.8619,673.554,720,-13.18,54.0,1000
2606,720.0,46.466,46.466,3.8619,673.534,720,-13.17,54.0,1000
2607,720.0,46.486,46.486,3.8619,673.514,720,-13.15,54.0,1000
2608,720.0,46.506,46.506,3.8619,673.494,720,-13.14,54.0,1000
2609,720.0,46.526,46.526,3.8619,673.474,720,-13.12,54.0,1000
2610,720.0,46.546,46.546,3.8619,673.454,720,-13.11,54.0,1000
2611,720.0,46.566,46.566,3.8619,673.434,720,-13.09,54.0,1000
2612,720.0,46.586,46.586,3.8619,673.414,720,-13.08,54.0,1000
2613,720.0,46.606,46.606,3.8619,673.394,720,-13.06,54.0,1000
2614,720.0,46.626,46.626,3.8619,673.374,720,-13.05,54.0,1000
2615,720.0,46.646,46.646,3.8619,673.354,720,-13.04,54.0,1000
2616,720.0,46.666,46.666,3.8619,673.334,720,-13.02,54.0,1000
2617,720.0,46.686,46.686,3.8619,673.314,720,-13.01,54.0,1000
2618,720.0,46.706,46.706,3.8619,673.294,720,-12.99,54.0,1000
2619,720.0,46.726,46.726,3.8619,673.274,720,-12.98,54.0,1000
2620,720.0,46.746,46.746,3.8619,673.254,720,-12.96,54.0,1000
2621,720.0,46.766,46.766,3.8619,673.234,720,-12.95,54.0,1000
2622,720.0,46.786,46.786,3.8619,673.214,720,-12.93,54.0,1000
2623,720.0,46.806,46.806,3.8619,673.194,720,-12.91,54.0,1000
2624,720.0,46.826,46.826,3.8619,673.174,720,-12.9,54.0,1000
2625,720.0,46.846,46.846,3.8619,673.154,720,-12.88,54.0,1000
2626,720.0,46.866,46.866,3.8619,673.134,720,-12.87,54.0,1000
2627,720.0,46.886,46.886,3.8619,673.114,720,-12.85,54.0,1000
2628,720.0,46.906,46.906,3.8619,673.094,720,-12.84,54.0,1000
2629,720.0,46.926,46.926,3.8619,673.074,720,-12.82,54.0,1000
2630,720.0,46.946,46.946,3.8619,673.054,720,-12.81,54.0,1000
2631,720.0,46.966,46.966,3.8619,673.034,720,-12.79,54.0,1000
2632,720.0,46.986,46.986,3.8619,673.014,720,-12.78,54.0,1000
2633,720.0,47.006,47.006,3.8619,672.994,720,-12.76,54.0,1000
2634,720.0,47.026,47.026,3.8619,672.974,720,-12.74,54.0,1000
2635,720.0,47.046,47.046,3.8619,672.954,720,-12.73,54.0,1000
2636,720.0,47.066,47.066,3.8619,672.934,720,-12.71,54.0,1000
2637,720.0,47.086,47.086,3.8619,672.914,720,-12.7,54.0,1000
2638,720.0,47.106,47.106,3.8619,672.894,720,-12.68,54.0,1000
2639,720.0,47.126,47.126,3.8619,672.874,720,-12.66,54.0,1000
2640,720.0,47.146,47.146,3.8619,672.854,720,-12.65,54.0,1000
2641,720.0,47.166,47.166,3.8619,672.834,720,-12.63,54.0,1000
2642,720.0,47.186,47.186,3.8619,672.814,720,-12.62,54.0,1000
2643,720.0,47.206,47.206,3.8619,672.794,720,-12.6,54.0,1000
2644,720.0,47.226,47.226,3.8619,672.774,720,-12.58,54.0,1000
2645,720.0,47.246,47.246,3.8619,672.754,720,-12.57,54.0,1000
2646,720.0,47.266,47.266,3.8619,672.734,720,-12.55,54.0,1000
2647,720.0,47.286,47.286,3.8619,672.714,720,-12.53,54.0,1000
2648,720.0,47.306,47.306,3.8619,672.694,720,-12.52,54.0,1000
2649,720.0,47.326,47.326,3.8619,672.674,720,-12.5,54.0,1000
2650,720.0,47.346,47.346,3.8619,672.654,720,-12.48,54.0,1000
2651,720.0,47.366,47.366,3.8619,672.634,720,-12.47,54.0,1000
2652,720.0,47.386,47.386,3.8619,672.614,720,-12.45,54.0,1000
2653,720.0,47.406,47.406,3.8619,672.594,720,-12.43,54.0,1000
2654,720.0,47.426,47.426,3.8619,672.574,720,-12.42,54.0,1000
2655,720.0,47.446,47.446,3.8619,672.554,720,-12.4,54.0,1000
2656,720.0,47.466,47.466,3.8619,672.534,720,-12.38,54.0,1000
2657,720.0,47.486,47.486,3.8619,672.514,720,-12.37,54.0,1000
2658,720.0,47.506,47.506,3.8619,672.494,720,-12.35,54.0,1000
2659,720.0,47.526,47.526,3.8619,672.474,720,-12.33,54.0,1000
2660,720.0,47.546,47.546,3.8619,672.454,720,-12.32,54.0,1000
2661,720.0,47.566,47.566,3.8619,672.434,720,-12.3,54.0,1000
2662,720.0,47.586,47.586,3.8619,672.414,720,-12.28,54.0,1000
2663,720.0,47.606,47.606,3.8619,672.394,720,-12.26,54.0,1000
2664,720.0,47.626,47.626,3.8619,672.374,720,-12.25,54.0,1000
2665,720.0,47.646,47.646,3.8619,672.354,720,-12.23,54.0,1000
2666,720.0,47.666,47.666,3.8619,672.334,720,-12.21,54.0,1000
2667,720.0,47.686,47.686,3.8619,672.314,720,-12.19,54.0,1000
2668,720.0,47.706,47.706,3.8619,672.294,720,-12.18,54.0,1000
2669,720.0,47.726,47.726,3.8619,672.274,720,-12.16,54.0,1000
2670,720.0,47.746,47.746,3.8619,672.254,720,-12.14,54.0,1000
2671,720.0,47.766,47.766,3.8619,672.234,720,-12.12,54.0,1000
2672,720.0,47.786,47.786,3.8619,672.214,720,-12.11,54.0,1000
2673,720.0,47.806,47.806,3.8619,672.194,720,-12.09,54.0,1000
2674,720.0,47.826,47.826,3.8619,672.174,720,-12.07,54.0,1000
2675,720.0,47.846,47.846,3.8619,672.154,720,-12.05,54.0,1000
2676,720.0,47.866,47.866,3.8619,672.134,720,-12.03,54.0,1000
2677,720.0,47.886,47.886,3.8619,672.114,720,-12.02,54.0,1000
2678,720.0,47.906,47.906,3.8619,672.094,720,-12.0,54.0,1000
2679,720.0,47.926,47.926,3.8619,672.074,720,-11.98,54.0,1000
2680,720.0,47.946,47.946,3.8619,672.054,720,-11.96,54.0,1000
2681,720.0,47.966,47.966,3.8619,672.034,720,-11.94,54.0,1000
2682,720.0,47.986,47.986,3.8619,672.014,720,-11.93,54.0,1000
2683,720.0,48.006,48.006,3.8619,671.994,720,-11.91,54.0,1000
2684,720.0,48.026,48.026,3.8619,671.974,720,-11.89,54.0,1000
2685,720.0,48.046,48.046,3.8619,671.954,720,-11.87,54.0,1000
2686,720.0,48.066,48.066,3.8619,671.934,720,-11.85,54.0,1000
2687,720.0,48.086,48.086,3.8619,671.914,720,-11.84,54.0,1000
2688,720.0,48.106,48.106,3.8619,671.894,720,-11.82,54.0,1000
2689,720.0,48.126,48.126,3.8619,671.874,720,-11.8,54.0,1000
2690,720.0,48.146,48.146,3.8619,671.854,720,-11.78,54.0,1000
2691,720.0,48.166,48.166,3.8619,671.834,720,-11.76,54.0,1000
2692,720.0,48.186,48.186,3.8619,671.814,720,-11.74,54.0,1000
2693,720.0,48.206,48.206,3.8619,671.794,720,-11.72,54.0,1000
2694,720.0,48.226,48.226,3.8619,671.774,720,-11.7,54.0,1000
2695,720.0,48.246,48.246,3.8619,671.754,720,-11.69,54.0,1000
2696,720.0,48.266,48.266,3.8619,671.734,720,-11.67,54.0,1000
2697,720.0,48.286,48.286,3.8619,671.714,720,-11.65,54.0,1000
2698,720.0,48.306,48.306,3.8619,671.694,720,-11.63,54.0,1000
2699,720.0,48.326,48.326,3.8619,671.674,720,-11.61,54.0,1000
2700,720.0,48.346,48.346,3.8619,671.654,720,-11.59,54.0,1000
2701,720.0,48.366,48.366,3.8619,671.634,720,-11.57,54.0,1000
2702,720.0,48.386,48.386,3.8619,671.614,720,-11.55,54.0,1000
2703,720.0,48.406,48.406,3.8619,671.594,720,-11.53,54.0,1000
2704,720.0,48.426,48.426,3.8619,671.574,720,-11.51,54.0,1000
2705,720.0,48.446,48.446,3.8619,671.554,720,-11.5,54.0,1000
2706,720.0,48.466,48.466,3.8619,671.534,720,-11.48,54.0,1000
2707,720.0,48.486,48.486,3.8619,671.514,720,-11.46,54.0,1000
2708,720.0,48.506,48.506,3.8619,671.494,720,-11.44,54.0,1000
2709,720.0,48.526,48.526,3.8619,671.474,720,-11.42,54.0,1000
2710,720.0,48.546,48.546,3.8619,671.454,720,-11.4,54.0,1000
2711,720.0,48.566,48.566,3.8619,671.434,720,-11.38,54.0,1000
2712,720.0,48.586,48.586,3.8619,671.414,720,-11.36,54.0,1000
2713,720.0,48.606,48.606,3.8619,671.394,720,-11.34,54.0,1000
2714,720.0,48.626,48.626,3.8619,671.374,720,-11.32,54.0,1000
2715,720.0,48.646,48.646,3.8619,671.354,720,-11.3,54.0,1000
2716,720.0,48.666,48.666,3.8619,671.334,720,-11.28,54.0,1000
2717,720.0,48.686,48.686,3.8619,671.314,720,-11.26,54.0,1000
2718,720.0,48.706,48.706,3.8619,671.294,720,-11.24,54.0,1000
2719,720.0,48.726,48.726,3.8619,671.274,720,-11.22,54.0,1000
2720,720.0,48.746,48.746,3.8619,671.254,720,-11.2,54.0,1000
2721,720.0,48.766,48.766,3.8619,671.234,720,-11.18,54.0,1000
2722,720.0,48.786,48.786,3.8619,671.214,720,-11.16,54.0,1000
2723,720.0,48.806,48.806,3.8619,671.194,720,-11.14,54.0,1000
2724,720.0,48.826,48.826,3.8619,671.174,720,-11.12,54.0,1000
2725,720.0,48.846,48.846,3.8619,671.154,720,-11.1,54.0,1000
2726,720.0,48.866,48.866,3.8619,671.134,720,-11.08,54.0,1000
2727,720.0,48.886,48.886,3.8619,671.114,720,-11.06,54.0,1000
2728,720.0,48.906,48.906,3.8619,671.094,720,-11.04,54.0,1000
2729,720.0,48.926,48.926,3.8619,671.074,720,-11.02,54.0,1000
2730,720.0,48.946,48.946,3.8619,671.054,720,-11.0,54.0,1000
2731,720.0,48.966,48.966,3.8619,671.034,720,-10.98,54.0,1000
2732,720.0,48.986,48.986,3.8619,671.014,720,-10.96,54.0,1000
2733,720.0,49.006,49.006,3.8619,670.994,720,-10.94,54.0,1000
2734,720.0,49.026,49.026,3.8619,670.974,720,-10.92,54.0,1000
2735,720.0,49.046,49.046,3.8619,670.954,720,-10.9,54.0,1000
2736,720.0,49.066,49.066,3.8619,670.934,720,-10.88,54.0,1000
2737,720.0,49.086,49.086,3.8619,670.914,720,-10.86,54.0,1000
2738,720.0,49.106,49.106,3.8619,670.894,720,-10.84,54.0,1000
2739,720.0,49.126,49.126,3.8619,670.874,720,-10.81,54.0,1000
2740,720.0,49.146,49.146,3.8619,670.854,720,-10.79,54.0,1000
2741,720.0,49.166,49.166,3.8619,670.834,720,-10.77,54.0,1000
2742,720.0,49.186,49.186,3.8619,670.814,720,-10.75,54.0,1000
2743,720.0,49.206,49.206,3.8619,670.794,720,-10.73,54.0,1000
2744,720.0,49.226,49.226,3.8619,670.774,720,-10.71,54.0,1000
2745,720.0,49.246,49.246,3.8619,670.754,720,-10.69,54.0,1000
2746,720.0,49.266,49.266,3.8619,670.734,720,-10.67,54.0,1000
2747,720.0,49.286,49.286,3.8619,670.714,720,-10.65,54.0,1000
2748,720.0,49.306,49.306,3.8619,670.694,720,-10.63,54.0,1000
2749,720.0,49.326,49.326,3.8619,670.674,720,-10.6,54.0,1000
2750,720.0,49.346,49.346,3.8619,670.654,720,-10.58,54.0,1000
2751,720.0,49.366,49.366,3.8619,670.634,720,-10.56,54.0,1000
2752,720.0,49.386,49.386,3.8619,670.614,720,-10.54,54.0,1000
2753,720.0,49.406,49.406,3.8619,670.594,720,-10.52,54.0,1000
2754,720.0,49.426,49.426,3.8619,670.574,720,-10.5,54.0,1000
2755,720.0,49.446,49.446,3.8619,670.554,720,-10.48,54.0,1000
2756,720.0,49.466,49.466,3.8619,670.534,720,-10.45,54.0,1000
2757,720.0,49.486,49.486,3.8619,670.514,720,-10.43,54.0,1000
2758,720.0,49.506,49.506,3.8619,670.494,720,-10.41,54.0,1000
2759,720.0,49.526,49.526,3.8619,670.474,720,-10.39,54.0,1000
2760,720.0,49.546,49.546,3.8619,670.454,720,-10.37,54.0,1000
2761,720.0,49.566,49.566,3.8619,670.434,720,-10.35,54.0,1000
2762,720.0,49.586,49.586,3.8619,670.414,720,-10.32,54.0,1000
2763,720.0,49.606,49.606,3.8619,670.394,720,-10.3,54.0,1000
2764,720.0,49.626,49.626,3.8619,670.374,720,-10.28,54.0,1000
2765,720.0,49.646,49.646,3.8619,670.354,720,-10.26,54.0,1000
2766,720.0,49.666,49.666,3.8619,670.334,720,-10.24,54.0,1000
2767,720.0,49.686,49.686,3.8619,670.314,720,-10.22,54.0,1000
2768,720.0,49.706,49.706,3.8619,670.294,720,-10.19,54.0,1000
2769,720.0,49.726,49.726,3.8619,670.274,720,-10.17,54.0,1000
2770,720.0,49.746,49.746,3.8619,670.254,720,-10.15,54.0,1000
2771,720.0,49.766,49.766,3.8619,670.234,720,-10.13,54.0,1000
2772,720.0,49.786,49.786,3.8619,670.214,720,-10.11,54.0,1000
2773,720.0,49.806,49.806,3.8619,670.194,720,-10.08,54.0,1000
2774,720.0,49.826,49.826,3.8619,670.174,720,-10.06,54.0,1000
2775,720.0,49.846,49.846,3.8619,670.154,720,-10.04,54.0,1000
2776,720.0,49.866,49.866,3.8619,670.134,720,-10.02,54.0,1000
2777,720.0,49.886,49.886,3.8619,670.114,720,-9.99,54.0,1000
2778,720.0,49.906,49.906,3.8619,670.094,720,-9.97,54.0,1000
2779,720.0,49.926,49.926,3.8619,670.074,720,-9.95,54.0,1000
2780,720.0,49.946,49.946,3.8619,670.054,720,-9.93,54.0,1000
2781,720.0,49.966,49.966,3.8619,670.034,720,-9.9,54.0,1000
2782,720.0,49.986,49.986,3.8619,670.014,720,-9.88,54.0,1000
2783,720.0,50.006,50.006,3.8619,669.994,720,-9.86,54.0,1000
2784,720.0,50.026,50.026,3.8619,669.974,720,-9.84,54.0,1000
2785,720.0,50.046,50.046,3.8619,669.954,720,-9.81,54.0,1000
2786,720.0,50.066,50.066,3.8619,669.934,720,-9.79,54.0,1000
2787,720.0,50.086,50.086,3.8619,669.914,720,-9.77,54.0,1000
2788,720.0,50.106,50.106,3.8619,669.894,720,-9.75,54.0,1000
2789,720.0,50.126,50.126,3.8619,669.874,720,-9.72,54.0,1000
2790,720.0,50.146,50.146,3.8619,669.854,720,-9.7,54.0,1000
2791,720.0,50.166,50.166,3.8619,669.834,720,-9.68,54.0,1000
2792,720.0,50.186,50.186,3.8619,669.814,720,-9.65,54.0,1000
2793,720.0,50.206,50.206,3.8619,669.794,720,-9.63,54.0,1000
2794,720.0,50.226,50.226,3.8619,669.774,720,-9.61,54.0,1000
2795,720.0,50.246,50.246,3.8619,669.754,720,-9.58,54.0,1000
2796,720.0,50.266,50.266,3.8619,669.734,720,-9.56,54.0,1000
2797,720.0,50.286,50.286,3.8619,669.714,720,-9.54,54.0,1000
2798,720.0,50.306,50.306,3.8619,669.694,720,-9.52,54.0,1000
2799,720.0,50.326,50.326,3.8619,669.674,720,-9.49,54.0,1000
2800,720.0,50.346,50.346,3.8619,669.654,720,-9.47,54.0,1000
2801,720.0,50.366,50.366,3.8619,669.634,720,-9.45,54.0,1000
2802,720.0,50.386,50.386,3.8619,669.614,720,-9.42,54.0,1000
2803,720.0,50.406,50.406,3.8619,669.594,720,-9.4,54.0,1000
2804,720.0,50.426,50.426,3.8619,669.574,720,-9.38,54.0,1000
2805,720.0,50.446,50.446,3.8619,669.554,720,-9.35,54.0,1000
2806,720.0,50.466,50.466,3.8619,669.534,720,-9.33,54.0,1000
2807,720.0,50.486,50.486,3.8619,669.514,720,-9.31,54.0,1000
2808,720.0,50.506,50.506,3.8619,669.494,720,-9.28,54.0,1000
2809,720.0,50.526,50.526,3.8619,669.474,720,-9.26,54.0,1000
2810,720.0,50.546,50.546,3.8619,669.454,720,-9.23,54.0,1000
2811,720.0,50.566,50.566,3.8619,669.434,720,-9.21,54.0,1000
2812,720.0,50.586,50.586,3.8619,669.414,720,-9.19,54.0,1000
2813,720.0,50.606,50.606,3.8619,669.394,720,-9.16,54.0,1000
2814,720.0,50.626,50.626,3.8619,669.374,720,-9.14,54.0,1000
2815,720.0,50.646,50.646,3.8619,669.354,720,-9.12,54.0,1000
2816,720.0,50.666,50.666,3.8619,669.334,720,-9.09,54.0,1000
2817,720.0,50.686,50.686,3.8619,669.314,720,-9.07,54.0,1000
2818,720.0,50.706,50.706,3.8619,669.294,720,-9.04,54.0,1000
2819,720.0,50.726,50.726,3.8619,669.274,720,-9.02,54.0,1000
2820,720.0,50.746,50.746,3.8619,669.254,720,-9.0,54.0,1000
2821,720.0,50.766,50.766,3.8619,669.234,720,-8.97,54.0,1000
2822,720.0,50.786,50.786,3.8619,669.214,720,-8.95,54.0,1000
2823,720.0,50.806,50.806,3.8619,669.194,720,-8.92,54.0,1000
2824,720.0,50.826,50.826,3.8619,669.174,720,-8.9,54.0,1000
2825,720.0,50.846,50.846,3.8619,669.154,720,-8.88,54.0,1000
2826,720.0,50.866,50.866,3.8619,669.134,720,-8.85,54.0,1000
2827,720.0,50.886,50.886,3.8619,669.114,720,-8.83,54.0,1000
2828,720.0,50.906,50.906,3.8619,669.094,720,-8.8,54.0,1000
2829,720.0,50.926,50.926,3.8619,669.074,720,-8.78,54.0,1000
2830,720.0,50.946,50.946,3.8619,669.054,720,-8.75,54.0,1000
2831,720.0,50.966,50.966,3.8619,669.034,720,-8.73,54.0,1000
2832,720.0,50.986,50.986,3.8619,669.014,720,-8.71,54.0,1000
2833,720.0,51.006,51.006,3.8619,668.994,720,-8.68,54.0,1000
2834,720.0,51.026,51.026,3.8619,668.974,720,-8.66,54.0,1000
2835,720.0,51.046,51.046,3.8619,668.954,720,-8.63,54.0,1000
2836,720.0,51.066,51.066,3.8619,668.934,720,-8.61,54.0,1000
2837,720.0,51.086,51.086,3.8619,668.914,720,-8.58,54.0,1000
2838,720.0,51.106,51.106,3.8619,668.894,720,-8.56,54.0,1000
2839,720.0,51.126,51.126,3.8619,668.874,720,-8.53,54.0,1000
2840,720.0,51.146,51.146,3.8619,668.854,720,-8.51,54.0,1000
2841,720.0,51.166,51.166,3.8619,668.834,720,-8.48,54.0,1000
2842,720.0,51.186,51.186,3.8619,668.814,720,-8.46,54.0,1000
2843,720.0,51.206,51.206,3.8619,668.794,720,-8.43,54.0,1000
2844,720.0,51.226,51.226,3.8619,668.774,720,-8.41,54.0,1000
2845,720.0,51.246,51.246,3.8619,668.754,720,-8.39,54.0,1000
2846,720.0,51.266,51.266,3.8619,668.734,720,-8.36,54.0,1000
2847,720.0,51.286,51.286,3.8619,668.714,720,-8.34,54.0,1000
2848,720.0,51.306,51.306,3.8619,668.694,720,-8.31,54.0,1000
2849,720.0,51.326,51.326,3.8619,668.674,720,-8.29,54.0,1000
2850,720.0,51.346,51.346,3.8619,668.654,720,-8.26,54.0,1000
2851,720.0,51.366,51.366,3.8619,668.634,720,-8.24,54.0,1000
2852,720.0,51.386,51.386,3.8619,668.614,720,-8.21,54.0,1000
2853,720.0,51.406,51.406,3.8619,668.594,720,-8.19,54.0,1000
2854,720.0,51.426,51.426,3.8619,668.574,720,-8.16,54.0,1000
2855,720.0,51.446,51.446,3.8619,668.554,720,-8.13,54.0,1000
2856,720.0,51.466,51.466,3.8619,668.534,720,-8.11,54.0,1000
2857,720.0,51.486,51.486,3.8619,668.514,720,-8.08,54.0,1000
2858,720.0,51.506,51.506,3.8619,668.494,720,-8.06,54.0,1000
2859,720.0,51.526,51.526,3.8619,668.474,720,-8.03,54.0,1000
2860,720.0,51.546,51.546,3.8619,668.454,720,-8.01,54.0,1000
2861,720.0,51.566,51.566,3.8619,668.434,720,-7.98,54.0,1000
2862,720.0,51.586,51.586,3.8619,668.414,720,-7.96,54.0,1000
2863,720.0,51.606,51.606,3.8619,668.394,720,-7.93,54.0,1000
2864,720.0,51.626,51.626,3.8619,668.374,720,-7.91,54.0,1000
2865,720.0,51.646,51.646,3.8619,668.354,720,-7.88,54.0,1000
2866,720.0,51.666,51.666,3.8619,668.334,720,-7.86,54.0,1000
2867,720.0,51.686,51.686,3.8619,668.314,720,-7.83,54.0,1000
2868,720.0,51.706,51.706,3.8619,668.294,720,-7.8,54.0,1000
2869,720.0,51.726,51.726,3.8619,668.274,720,-7.78,54.0,1000
2870,720.0,51.746,51.746,3.8619,668.254,720,-7.75,54.0,1000
2871,720.0,51.766,51.766,3.8619,668.234,720,-7.73,54.0,1000
2872,720.0,51.786,51.786,3.8619,668.214,720,-7.7,54.0,1000
2873,720.0,51.806,51.806,3.8619,668.194,720,-7.68,54.0,1000
2874,720.0,51.826,51.826,3.8619,668.174,720,-7.65,54.0,1000
2875,720.0,51.846,51.846,3.8619,668.154,720,-7.62,54.0,1000
2876,720.0,51.866,51.866,3.8619,668.134,720,-7.6,54.0,1000
2877,720.0,51.886,51.886,3.8619,668.114,720,-7.57,54.0,1000
2878,720.0,51.906,51.906,3.8619,668.094,720,-7.55,54.0,1000
2879,720.0,51.926,51.926,3.8619,668.074,720,-7.52,54.0,1000
2880,720.0,51.946,51.946,3.8619,668.054,720,-7.49,54.0,1000
2881,720.0,51.966,51.966,3.8619,668.034,720,-7.47,54.0,1000
2882,720.0,51.986,51.986,3.8619,668.014,720,-7.44,54.0,1000
2883,720.0,52.006,52.006,3.8619,667.994,720,-7.42,54.0,1000
2884,720.0,52.026,52.026,3.8619,667.974,720,-7.39,54.0,1000
2885,720.0,52.046,52.046,3.8619,667.954,720,-7.36,54.0,1000
2886,720.0,52.066,52.066,3.8619,667.934,720,-7.34,54.0,1000
2887,720.0,52.086,52.086,3.8619,667.914,720,-7.31,54.0,1000
2888,720.0,52.106,52.106,3.8619,667.894,720,-7.29,54.0,1000
2889,720.0,52.126,52.126,3.8619,667.874,720,-7.26,54.0,1000
2890,720.0,52.146,52.146,3.8619,667.854,720,-7.23,54.0,1000
2891,720.0,52.166,52.166,3.8619,667.834,720,-7.21,54.0,1000
2892,720.0,52.186,52.186,3.8619,667.814,720,-7.18,54.0,1000
2893,720.0,52.206,52.206,3.8619,667.794,720,-7.15,54.0,1000
2894,720.0,52.226,52.226,3.8619,667.774,720,-7.13,54.0,1000
2895,720.0,52.246,52.246,3.8619,667.754,720,-7.1,54.0,1000
2896,720.0,52.266,52.266,3.8619,667.734,720,-7.08,54.0,1000
2897,720.0,52.286,52.286,3.8619,667.714,720,-7.05,54.0,1000
2898,720.0,52.306,52.306,3.8619,667.694,720,-7.02,54.0,1000
2899,720.0,52.326,52.326,3.8619,667.674,720,-7.0,54.0,1000
2900,720.0,52.346,52.346,3.8619,667.654,720,-6.97,54.0,1000
2901,720.0,52.366,52.366,3.8619,667.634,720,-6.94,54.0,1000
2902,720.0,52.386,52.386,3.8619,667.614,720,-6.92,54.0,1000
2903,720.0,52.406,52.406,3.8619,667.594,720,-6.89,54.0,1000
2904,720.0,52.426,52.426,3.8619,667.574,720,-6.86,54.0,1000
2905,720.0,52.446,52.446,3.8619,667.554,720,-6.84,54.0,1000
2906,720.0,52.466,52.466,3.8619,667.534,720,-6.81,54.0,1000
2907,720.0,52.486,52.486,3.8619,667.514,720,-6.78,54.0,1000
2908,720.0,52.506,52.506,3.8619,667.494,720,-6.76,54.0,1000
2909,720.0,52.526,52.526,3.8619,667.474,720,-6.73,54.0,1000
2910,720.0,52.546,52.546,3.8619,667.454,720,-6.7,54.0,1000
2911,720.0,52.566,52.566,3.8619,667.434,720,-6.68,54.0,1000
2912,720.0,52.586,52.586,3.8619,667.414,720,-6.65,54.0,1000
2913,720.0,52.606,52.606,3.8619,667.394,720,-6.62,54.0,1000
2914,720.0,52.626,52.626,3.8619,667.374,720,-6.59,54.0,1000
2915,720.0,52.646,52.646,3.8619,667.354,720,-6.57,54.0,1000
2916,720.0,52.666,52.666,3.8619,667.334,720,-6.54,54.0,1000
2917,720.0,52.686,52.686,3.8619,667.314,720,-6.51,54.0,1000
2918,720.0,52.706,52.706,3.8619,667.294,720,-6.49,54.0,1000
2919,720.0,52.726,52.726,3.8619,667.274,720,-6.46,54.0,1000
2920,720.0,52.746,52.746,3.8619,667.254,720,-6.43,54.0,1000
2921,720.0,52.766,52.766,3.8619,667.234,720,-6.41,54.0,1000
2922,720.0,52.786,52.786,3.8619,667.214,720,-6.38,54.0,1000
2923,720.0,52.806,52.806,3.8619,667.194,720,-6.35,54.0,1000
2924,720.0,52.826,52.826,3.8619,667.174,720,-6.32,54.0,1000
2925,720.0,52.846,52.846,3.8619,667.154,720,-6.3,54.0,1000
2926,720.0,52.866,52.866,3.8619,667.134,720,-6.27,54.0,1000
2927,720.0,52.886,52.886,3.8619,667.114,720,-6.24,54.0,1000
2928,720.0,52.906,52.906,3.8619,667.094,720,-6.21,54.0,1000
2929,720.0,52.926,52.926,3.8619,667.074,720,-6.19,54.0,1000
2930,720.0,52.946,52.946,3.8619,667.054,720,-6.16,54.0,1000
2931,720.0,52.966,52.966,3.8619,667.034,720,-6.13,54.0,1000
2932,720.0,52.986,52.986,3.8619,667.014,720,-6.11,54.0,1000
2933,720.0,53.006,53.006,3.8619,666.994,720,-6.08,54.0,1000
2934,720.0,53.026,53.026,3.8619,666.974,720,-6.05,54.0,1000
2935,720.0,53.046,53.046,3.8619,666.954,720,-6.02,54.0,1000
2936,720.0,53.066,53.066,3.8619,666.934,720,-6.0,54.0,1000
2937,720.0,53.086,53.086,3.8619,666.914,720,-5.97,54.0,1000
2938,720.0,53.106,53.106,3.8619,666.894,720,-5.94,54.0,1000
2939,720.0,53.126,53.126,3.8619,666.874,720,-5.91,54.0,1000
2940,720.0,53.146,53.146,3.8619,666.854,720,-5.89,54.0,1000
2941,720.0,53.166,53.166,3.8619,666.834,720,-5.86,54.0,1000
2942,720.0,53.186,53.186,3.8619,666.814,720,-5.83,54.0,1000
2943,720.0,53.206,53.206,3.8619,666.794,720,-5.8,54.0,1000
2944,720.0,53.226,53.226,3.8619,666.774,720,-5.77,54.0,1000
2945,720.0,53.246,53.246,3.8619,666.754,720,-5.75,54.0,1000
2946,720.0,53.266,53.266,3.8619,666.734,720,-5.72,54.0,1000
2947,720.0,53.286,53.286,3.8619,666.714,720,-5.69,54.0,1000
2948,720.0,53.306,53.306,3.8619,666.694,720,-5.66,54.0,1000
2949,720.0,53.326,53.326,3.8619,666.674,720,-5.64,54.0,1000
2950,720.0,53.346,53.346,3.8619,666.654,720,-5.61,54.0,1000
2951,720.0,53.366,53.366,3.8619,666.634,720,-5.58,54.0,1000
2952,720.0,53.386,53.386,3.8619,666.614,720,-5.55,54.0,1000
2953,720.0,53.406,53.406,3.8619,666.594,720,-5.52,54.0,1000
2954,720.0,53.426,53.426,3.8619,666.574,720,-5.5,54.0,1000
2955,720.0,53.446,53.446,3.8619,666.554,720,-5.47,54.0,1000
2956,720.0,53.466,53.466,3.8619,666.534,720,-5.44,54.0,1000
2957,720.0,53.486,53.486,3.8619,666.514,720,-5.41,54.0,1000
2958,720.0,53.506,53.506,3.8619,666.494,720,-5.38,54.0,1000
2959,720.0,53.526,53.526,3.8619,666.474,720,-5.36,54.0,1000
2960,720.0,53.546,53.546,3.8619,666.454,720,-5.33,54.0,1000
2961,720.0,53.566,53.566,3.8619,666.434,720,-5.3,54.0,1000
2962,720.0,53.586,53.586,3.8619,666.414,720,-5.27,54.0,1000
2963,720.0,53.606,53.606,3.8619,666.394,720,-5.24,54.0,1000
2964,720.0,53.626,53.626,3.8619,666.374,720,-5.22,54.0,1000
2965,720.0,53.646,53.646,3.8619,666.354,720,-5.19,54.0,1000
2966,720.0,53.666,53.666,3.8619,666.334,720,-5.16,54.0,1000
2967,720.0,53.686,53.686,3.8619,666.314,720,-5.13,54.0,1000
2968,720.0,53.706,53.706,3.8619,666.294,720,-5.1,54.0,1000
2969,720.0,53.726,53.726,3.8619,666.274,720,-5.08,54.0,1000
2970,720.0,53.746,53.746,3.8619,666.254,720,-5.05,54.0,1000
2971,720.0,53.766,53.766,3.8619,666.234,720,-5.02,54.0,1000
2972,720.0,53.786,53.786,3.8619,666.214,720,-4.99,54.0,1000
2973,720.0,53.806,53.806,3.8619,666.194,720,-4.96,54.0,1000
2974,720.0,53.826,53.826,3.8619,666.174,720,-4.93,54.0,1000
2975,720.0,53.846,53.846,3.8619,666.154,720,-4.91,54.0,1000
2976,720.0,53.866,53.866,3.8619,666.134,720,-4.88,54.0,1000
2977,720.0,53.886,53.886,3.8619,666.114,720,-4.85,54.0,1000
2978,720.0,53.906,53.906,3.8619,666.094,720,-4.82,54.0,1000
2979,720.0,53.926,53.926,3.8619,666.074,720,-4.79,54.0,1000
2980,720.0,53.946,53.946,3.8619,666.054,720,-4.76,54.0,1000
2981,720.0,53.966,53.966,3.8619,666.034,720,-4.74,54.0,1000
2982,720.0,53.986,53.986,3.8619,666.014,720,-4.71,54.0,1000
2983,720.0,54.006,54.006,3.8619,665.994,720,-4.68,54.0,1000
2984,720.0,54.026,54.026,3.8619,665.974,720,-4.65,54.0,1000
2985,720.0,54.046,54.046,3.8619,665.954,720,-4.62,54.0,1000
2986,720.0,54.066,54.066,3.8619,665.934,720,-4.59,54.0,1000
2987,720.0,54.086,54.086,3.8619,665.914,720,-4.56,54.0,1000
2988,720.0,54.106,54.106,3.8619,665.894,720,-4.54,54.0,1000
2989,720.0,54.126,54.126,3.8619,665.874,720,-4.51,54.0,1000
2990,720.0,54.146,54.146,3.8619,665.854,720,-4.48,54.0,1000
2991,720.0,54.166,54.166,3.8619,665.834,720,-4.45,54.0,1000
2992,720.0,54.186,54.186,3.8619,665.814,720,-4.42,54.0,1000
2993,720.0,54.206,54.206,3.8619,665.794,720,-4.39,54.0,1000
2994,720.0,54.226,54.226,3.8619,665.774,720,-4.36,54.0,1000
2995,720.0,54.246,54.246,3.8619,665.754,720,-4.34,54.0,1000
2996,720.0,54.266,54.266,3.8619,665.734,720,-4.31,54.0,1000
2997,720.0,54.286,54.286,3.8619,665.714,720,-4.28,54.0,1000
2998,720.0,54.306,54.306,3.8619,665.694,720,-4.25,54.0,1000
2999,720.0,54.326,54.326,3.8619,665.674,720,-4.22,54.0,1000
3000,720.0,54.346,54.346,3.8619,665.654,720,-4.19,54.0,1000
3001,720.0,54.366,54.366,3.8619,665.634,720,-4.16,54.0,1000
3002,720.0,54.386,54.386,3.8619,665.614,720,-4.13,54.0,1000
3003,720.0,54.406,54.406,3.8619,665.594,720,-4.1,54.0,1000
3004,720.0,54.426,54.426,3.8619,665.574,720,-4.08,54.0,1000
3005,720.0,54.446,54.446,3.8619,665.554,720,-4.05,54.0,1000
3006,720.0,54.466,54.466,3.8619,665.534,720,-4.02,54.0,1000
3007,720.0,54.486,54.486,3.8619,665.514,720,-3.99,54.0,1000
3008,720.0,54.506,54.506,3.8619,665.494,720,-3.96,54.0,1000
3009,720.0,54.526,54.526,3.8619,665.474,720,-3.93,54.0,1000
3010,720.0,54.546,54.546,3.8619,665.454,720,-3.9,54.0,1000
3011,720.0,54.566,54.566,3.8619,665.434,720,-3.87,54.0,1000
3012,720.0,54.586,54.586,3.8619,665.414,720,-3.84,54.0,1000
3013,720.0,54.606,54.606,3.8619,665.394,720,-3.82,54.0,1000
3014,720.0,54.626,54.626,3.8619,665.374,720,-3.79,54.0,1000
3015,720.0,54.646,54.646,3.8619,665.354,720,-3.76,54.0,1000
3016,720.0,54.666,54.666,3.8619,665.334,720,-3.73,54.0,1000
3017,720.0,54.686,54.686,3.8619,665.314,720,-3.7,54.0,1000
3018,720.0,54.706,54.706,3.8619,665.294,720,-3.67,54.0,1000
3019,720.0,54.726,54.726,3.8619,665.274,720,-3.64,54.0,1000
3020,720.0,54.746,54.746,3.8619,665.254,720,-3.61,54.0,1000
3021,720.0,54.766,54.766,3.8619,665.234,720,-3.58,54.0,1000
3022,720.0,54.786,54.786,3.8619,665.214,720,-3.55,54.0,1000
3023,720.0,54.806,54.806,3.8619,665.194,720,-3.52,54.0,1000
3024,720.0,54.826,54.826,3.8619,665.174,720,-3.5,54.0,1000
3025,720.0,54.846,54.846,3.8619,665.154,720,-3.47,54.0,1000
3026,720.0,54.866,54.866,3.8619,665.134,720,-3.44,54.0,1000
3027,720.0,54.886,54.886,3.8619,665.114,720,-3.41,54.0,1000
3028,720.0,54.906,54.906,3.8619,665.094,720,-3.38,54.0,1000
3029,720.0,54.926,54.926,3.8619,665.074,720,-3.35,54.0,1000
3030,720.0,54.946,54.946,3.8619,665.054,720,-3.32,54.0,1000
3031,720.0,54.966,54.966,3.8619,665.034,720,-3.29,54.0,1000
3032,720.0,54.986,54.986,3.8619,665.014,720,-3.26,54.0,1000
3033,720.0,55.006,55.006,3.8619,664.994,720,-3.23,54.0,1000
3034,720.0,55.026,55.026,3.8619,664.974,720,-3.2,54.0,1000
3035,720.0,55.046,55.046,3.8619,664.954,720,-3.17,54.0,1000
3036,720.0,55.066,55.066,3.8619,664.934,720,-3.14,54.0,1000
3037,720.0,55.086,55.086,3.8619,664.914,720,-3.11,54.0,1000
3038,720.0,55.106,55.106,3.8619,664.894,720,-3.09,54.0,1000
3039,720.0,55.126,55.126,3.8619,664.874,720,-3.06,54.0,1000
3040,720.0,55.146,55.146,3.8619,664.854,720,-3.03,54.0,1000
3041,720.0,55.166,55.166,3.8619,664.834,720,-3.0,54.0,1000
3042,720.0,55.186,55.186,3.8619,664.814,720,-2.97,54.0,1000
3043,720.0,55.206,55.206,3.8619,664.794,720,-2.94,54.0,1000
3044,720.0,55.226,55.226,3.8619,664.774,720,-2.91,54.0,1000
3045,720.0,55.246,55.246,3.8619,664.754,720,-2.88,54.0,1000
3046,720.0,55.266,55.266,3.8619,664.734,720,-2.85,54.0,1000
3047,720.0,55.286,55.286,3.8619,664.714,720,-2.82,54.0,1000
3048,720.0,55.306,55.306,3.8619,664.694,720,-2.79,54.0,1000
3049,720.0,55.326,55.326,3.8619,664.674,720,-2.76,54.0,1000
3050,720.0,55.346,55.346,3.8619,664.654,720,-2.73,54.0,1000
3051,720.0,55.366,55.366,3.8619,664.634,720,-2.7,54.0,1000
3052,720.0,55.386,55.386,3.8619,664.614,720,-2.67,54.0,1000
3053,720.0,55.406,55.406,3.8619,664.594,720,-2.64,54.0,1000
3054,720.0,55.426,55.426,3.8619,664.574,720,-2.61,54.0,1000
3055,720.0,55.446,55.446,3.8619,664.554,720,-2.58,54.0,1000
3056,720.0,55.466,55.466,3.8619,664.534,720,-2.56,54.0,1000
3057,720.0,55.486,55.486,3.8619,664.514,720,-2.53,54.0,1000
3058,720.0,55.506,55.506,3.8619,664.494,720,-2.5,54.0,1000
3059,720.0,55.526,55.526,3.8619,664.474,720,-2.47,54.0,1000
3060,720.0,55.546,55.546,3.8619,664.454,720,-2.44,54.0,1000
3061,720.0,55.566,55.566,3.8619,664.434,720,-2.41,54.0,1000
3062,720.0,55.586,55.586,3.8619,664.414,720,-2.38,54.0,1000
3063,720.0,55.606,55.606,3.8619,664.394,720,-2.35,54.0,1000
3064,720.0,55.626,55.626,3.8619,664.374,720,-2.32,54.0,1000
3065,720.0,55.646,55.646,3.8619,664.354,720,-2.29,54.0,1000
3066,720.0,55.666,55.666,3.8619,664.334,720,-2.26,54.0,1000
3067,720.0,55.686,55.686,3.8619,664.314,720,-2.23,54.0,1000
3068,720.0,55.706,55.706,3.8619,664.294,720,-2.2,54.0,1000
3069,720.0,55.726,55.726,3.8619,664.274,720,-2.17,54.0,1000
3070,720.0,55.746,55.746,3.8619,664.254,720,-2.14,54.0,1000
3071,720.0,55.766,55.766,3.8619,664.234,720,-2.11,54.0,1000
3072,720.0,55.786,55.786,3.8619,664.214,720,-2.08,54.0,1000
3073,720.0,55.806,55.806,3.8619,664.194,720,-2.05,54.0,1000
3074,720.0,55.826,55.826,3.8619,664.174,720,-2.02,54.0,1000
3075,720.0,55.846,55.846,3.8619,664.154,720,-1.99,54.0,1000
3076,720.0,55.866,55.866,3.8619,664.134,720,-1.96,54.0,1000
3077,720.0,55.886,55.886,3.8619,664.114,720,-1.93,54.0,1000
3078,720.0,55.906,55.906,3.8619,664.094,720,-1.9,54.0,1000
3079,720.0,55.926,55.926,3.8619,664.074,720,-1.87,54.0,1000
3080,720.0,55.946,55.946,3.8619,664.054,720,-1.84,54.0,1000
3081,720.0,55.966,55.966,3.8619,664.034,720,-1.81,54.0,1000
3082,720.0,55.986,55.986,3.8619,664.014,720,-1.78,54.0,1000
3083,720.0,56.006,56.006,3.8619,663.994,720,-1.75,54.0,1000
3084,720.0,56.026,56.026,3.8619,663.974,720,-1.72,54.0,1000
3085,720.0,56.046,56.046,3.8619,663.954,720,-1.69,54.0,1000
3086,720.0,56.066,56.066,3.8619,663.934,720,-1.66,54.0,1000
3087,720.0,56.086,56.086,3.8619,663.914,720,-1.63,54.0,1000
3088,720.0,56.106,56.106,3.8619,663.894,720,-1.6,54.0,1000
3089,720.0,56.126,56.126,3.8619,663.874,720,-1.57,54.0,1000
3090,720.0,56.146,56.146,3.8619,663.854,720,-1.55,54.0,1000
3091,720.0,56.166,56.166,3.8619,663.834,720,-1.52,54.0,1000
3092,720.0,56.186,56.186,3.8619,663.814,720,-1.49,54.0,1000
3093,720.0,56.206,56.206,3.8619,663.794,720,-1.46,54.0,1000
3094,720.0,56.226,56.226,3.8619,663.774,720,-1.43,54.0,1000
3095,720.0,56.246,56.246,3.8619,663.754,720,-1.4,54.0,1000
3096,720.0,56.266,56.266,3.8619,663.734,720,-1.37,54.0,1000
3097,720.0,56.286,56.286,3.8619,663.714,720,-1.34,54.0,1000
3098,720.0,56.306,56.306,3.8619,663.694,720,-1.31,54.0,1000
3099,720.0,56.326,56.326,3.8619,663.674,720,-1.28,54.0,1000
3100,720.0,56.346,56.346,3.8619,663.654,720,-1.25,54.0,1000
3101,720.0,56.366,56.366,3.8619,663.634,720,-1.22,54.0,1000
3102,720.0,56.386,56.386,3.8619,663.614,720,-1.19,54.0,1000
3103,720.0,56.406,56.406,3.8619,663.594,720,-1.16,54.0,1000
3104,720.0,56.426,56.426,3.8619,663.574,720,-1.13,54.0,1000
3105,720.0,56.446,56.446,3.8619,663.554,720,-1.1,54.0,1000
3106,720.0,56.466,56.466,3.8619,663.534,720,-1.07,54.0,1000
3107,720.0,56.486,56.486,3.8619,663.514,720,-1.04,54.0,1000
3108,720.0,56.506,56.506,3.8619,663.494,720,-1.01,54.0,1000
3109,720.0,56.526,56.526,3.8619,663.474,720,-0.98,54.0,1000
3110,720.0,56.546,56.546,3.8619,663.454,720,-0.95,54.0,1000
3111,720.0,56.566,56.566,3.8619,663.434,720,-0.92,54.0,1000
3112,720.0,56.586,56.586,3.8619,663.414,720,-0.89,54.0,1000
3113,720.0,56.606,56.606,3.8619,663.394,720,-0.86,54.0,1000
3114,720.0,56.626,56.626,3.8619,663.374,720,-0.83,54.0,1000
3115,720.0,56.646,56.646,3.8619,663.354,720,-0.8,54.0,1000
3116,720.0,56.666,56.666,3.8619,663.334,720,-0.77,54.0,1000
3117,720.0,56.686,56.686,3.8619,663.314,720,-0.74,54.0,1000
3118,720.0,56.706,56.706,3.8619,663.294,720,-0.71,54.0,1000
3119,720.0,56.726,56.726,3.8619,663.274,720,-0.68,54.0,1000
3120,720.0,56.746,56.746,3.8619,663.254,720,-0.65,54.0,1000
