timestamp_ms,target_pos,sensor_pos,real_arm_pos,belt_stretch,error,velocity_cmd,torque_load,torque_total_req,hz
0,0.0,0.0,0.0,0.0,0.0,270,0.0,0.0,1000
1,0.003,-0.04,-0.04,0.0398,0.043,270,0.03,0.56,1000
2,0.012,-0.046,-0.046,0.047,0.058,270,0.06,0.66,1000
3,0.027,-0.052,-0.052,0.0542,0.079,270,0.09,0.76,1000
4,0.048,-0.058,-0.058,0.0613,0.106,270,0.12,0.86,1000
5,0.075,-0.064,-0.064,0.0685,0.139,270,0.15,0.96,1000
6,0.108,-0.069,-0.069,0.0756,0.177,270,0.18,1.06,1000
7,0.147,-0.074,-0.074,0.0828,0.221,270,0.21,1.16,1000
8,0.192,-0.079,-0.079,0.09,0.271,270,0.24,1.26,1000
9,0.243,-0.084,-0.084,0.0971,0.327,270,0.27,1.36,1000
10,0.3,-0.088,-0.088,0.1043,0.388,270,0.3,1.46,1000
11,0.363,-0.092,-0.092,0.1114,0.455,270,0.33,1.56,1000
12,0.432,-0.095,-0.095,0.1186,0.527,270,0.36,1.66,1000
13,0.507,-0.098,-0.098,0.1258,0.605,270,0.39,1.76,1000
14,0.588,-0.101,-0.101,0.1329,0.689,270,0.42,1.86,1000
15,0.675,-0.104,-0.104,0.1401,0.779,270,0.45,1.96,1000
16,0.768,-0.106,-0.106,0.1472,0.874,270,0.48,2.06,1000
17,0.867,-0.109,-0.109,0.1544,0.976,270,0.51,2.16,1000
18,0.972,-0.11,-0.11,0.1616,1.082,270,0.54,2.26,1000
19,1.083,-0.112,-0.112,0.1687,1.195,270,0.57,2.36,1000
20,1.2,-0.113,-0.113,0.1759,1.313,270,0.6,2.46,1000
21,1.323,-0.114,-0.114,0.1831,1.437,270,0.63,2.56,1000
22,1.452,-0.114,-0.114,0.1902,1.566,270,0.66,2.66,1000
23,1.587,-0.115,-0.115,0.1974,1.702,270,0.69,2.76,1000
24,1.728,-0.115,-0.115,0.2045,1.843,270,0.72,2.86,1000
25,1.875,-0.114,-0.114,0.2117,1.989,270,0.75,2.96,1000
26,2.028,-0.114,-0.114,0.2188,2.142,270,0.78,3.06,1000
27,2.187,-0.113,-0.113,0.226,2.3,270,0.81,3.16,1000
28,2.352,-0.111,-0.111,0.2332,2.463,270,0.84,3.26,1000
29,2.523,-0.11,-0.11,0.2403,2.633,270,0.87,3.36,1000
30,2.7,-0.108,-0.108,0.2475,2.808,270,0.9,3.46,1000
31,2.883,-0.106,-0.106,0.2546,2.989,270,0.93,3.56,1000
32,3.072,-0.103,-0.103,0.2618,3.175,270,0.96,3.66,1000
33,3.267,-0.101,-0.101,0.269,3.368,270,0.99,3.76,1000
34,3.468,-0.098,-0.098,0.2761,3.566,270,1.02,3.86,1000
35,3.675,-0.094,-0.094,0.2833,3.769,270,1.05,3.96,1000
36,3.888,-0.091,-0.091,0.2904,3.979,270,1.08,4.06,1000
37,4.107,-0.087,-0.087,0.2976,4.194,270,1.11,4.15,1000
38,4.332,-0.082,-0.082,0.3047,4.414,270,1.14,4.25,1000
39,4.563,-0.078,-0.078,0.3119,4.641,270,1.17,4.35,1000
40,4.8,-0.073,-0.073,0.319,4.873,270,1.2,4.45,1000
41,5.043,-0.068,-0.068,0.3262,5.111,270,1.23,4.55,1000
42,5.292,-0.062,-0.062,0.3333,5.354,270,1.26,4.65,1000
43,5.547,-0.057,-0.057,0.3405,5.604,270,1.29,4.75,1000
44,5.808,-0.051,-0.051,0.3477,5.859,270,1.32,4.85,1000
45,6.075,-0.044,-0.044,0.3548,6.119,270,1.35,4.95,1000
46,6.345,-0.038,-0.038,0.362,6.383,270,1.38,5.05,1000
47,6.615,-0.031,-0.031,0.3691,6.646,270,1.41,5.15,1000
48,6.885,-0.023,-0.023,0.3763,6.908,270,1.44,5.25,1000
49,7.155,-0.016,-0.016,0.3834,7.171,270,1.47,5.35,1000
50,7.425,-0.008,-0.008,0.3906,7.433,270,1.5,5.45,1000
51,7.695,0.0,0.0,0.3977,7.695,270,1.53,5.55,1000
52,7.965,0.009,0.009,0.4049,7.956,270,1.56,5.65,1000
53,8.235,0.017,0.017,0.412,8.218,270,1.59,5.75,1000
54,8.505,0.026,0.026,0.4192,8.479,270,1.62,5.85,1000
55,8.775,0.036,0.036,0.4263,8.739,270,1.65,5.95,1000
56,9.045,0.045,0.045,0.4335,9.0,270,1.68,6.05,1000
57,9.315,0.055,0.055,0.4406,9.26,270,1.71,6.15,1000
58,9.585,0.066,0.066,0.4477,9.519,270,1.74,6.25,1000
59,9.855,0.076,0.076,0.4549,9.779,270,1.77,6.35,1000
60,10.125,0.087,0.087,0.462,10.038,270,1.8,6.45,1000
61,10.395,0.098,0.098,0.4692,10.297,270,1.83,6.55,1000
62,10.665,0.11,0.11,0.4763,10.555,270,1.86,6.65,1000
63,10.935,0.121,0.121,0.4835,10.814,270,1.89,6.75,1000
64,11.205,0.133,0.133,0.4906,11.072,270,1.91,6.85,1000
65,11.475,0.146,0.146,0.4978,11.329,270,1.94,6.95,1000
66,11.745,0.158,0.158,0.5049,11.587,270,1.97,7.05,1000
67,12.015,0.171,0.171,0.512,11.844,270,2.0,7.15,1000
68,12.285,0.185,0.185,0.5192,12.1,270,2.03,7.25,1000
69,12.555,0.198,0.198,0.5263,12.357,270,2.06,7.35,1000
70,12.825,0.212,0.212,0.5335,12.613,270,2.09,7.45,1000
71,13.095,0.226,0.226,0.5406,12.869,270,2.12,7.55,1000
72,13.365,0.241,0.241,0.5477,13.124,270,2.15,7.65,1000
73,13.635,0.255,0.255,0.5549,13.38,270,2.18,7.75,1000
74,13.905,0.27,0.27,0.562,13.635,270,2.21,7.85,1000
75,14.175,0.286,0.286,0.5691,13.889,270,2.24,7.95,1000
76,14.445,0.302,0.302,0.5763,14.143,270,2.27,8.05,1000
77,14.715,0.317,0.317,0.5834,14.398,270,2.3,8.15,1000
78,14.985,0.334,0.334,0.5905,14.651,270,2.33,8.25,1000
79,15.255,0.35,0.35,0.5977,14.905,270,2.36,8.35,1000
80,15.525,0.367,0.367,0.6048,15.158,270,2.39,8.44,1000
81,15.795,0.384,0.384,0.6119,15.411,270,2.42,8.54,1000
82,16.065,0.402,0.402,0.6191,15.663,270,2.45,8.64,1000
83,16.335,0.42,0.42,0.6262,15.915,270,2.48,8.74,1000
84,16.605,0.438,0.438,0.6333,16.167,270,2.51,8.84,1000
85,16.875,0.456,0.456,0.6405,16.419,270,2.54,8.94,1000
86,17.145,0.475,0.475,0.6476,16.67,270,2.57,9.04,1000
87,17.415,0.494,0.494,0.6547,16.921,270,2.6,9.14,1000
88,17.685,0.513,0.513,0.6618,17.172,270,2.63,9.24,1000
89,17.955,0.533,0.533,0.669,17.422,270,2.66,9.34,1000
90,18.225,0.552,0.552,0.6761,17.673,270,2.69,9.44,1000
91,18.495,0.573,0.573,0.6832,17.922,270,2.71,9.54,1000
92,18.765,0.593,0.593,0.6903,18.172,270,2.74,9.64,1000
93,19.035,0.614,0.614,0.6974,18.421,270,2.77,9.74,1000
94,19.305,0.635,0.635,0.7046,18.67,270,2.8,9.84,1000
95,19.575,0.656,0.656,0.7117,18.919,270,2.83,9.94,1000
96,19.845,0.678,0.678,0.7188,19.167,270,2.86,10.04,1000
97,20.115,0.7,0.7,0.7259,19.415,270,2.89,10.14,1000
98,20.385,0.722,0.722,0.733,19.663,270,2.92,10.24,1000
99,20.655,0.745,0.745,0.7402,19.91,270,2.95,10.33,1000
100,20.925,0.768,0.768,0.7473,20.157,270,2.98,10.43,1000
101,21.195,0.791,0.791,0.7544,20.404,270,3.01,10.53,1000
102,21.465,0.814,0.814,0.7615,20.651,270,3.04,10.63,1000
103,21.735,0.838,0.838,0.7686,20.897,270,3.07,10.73,1000
104,22.005,0.862,0.862,0.7757,21.143,270,3.1,10.83,1000
105,22.275,0.887,0.887,0.7828,21.388,270,3.13,10.93,1000
106,22.545,0.911,0.911,0.7899,21.634,270,3.16,11.03,1000
107,22.815,0.936,0.936,0.7971,21.879,270,3.19,11.13,1000
108,23.085,0.962,0.962,0.8042,22.123,270,3.21,11.23,1000
109,23.355,0.987,0.987,0.8113,22.368,270,3.24,11.33,1000
110,23.625,1.013,1.013,0.8184,22.612,270,3.27,11.43,1000
111,23.895,1.039,1.039,0.8255,22.856,270,3.3,11.53,1000
112,24.165,1.066,1.066,0.8326,23.099,270,3.33,11.62,1000
113,24.435,1.093,1.093,0.8397,23.342,270,3.36,11.72,1000
114,24.705,1.12,1.12,0.8468,23.585,270,3.39,11.82,1000
115,24.975,1.147,1.147,0.8539,23.828,270,3.42,11.92,1000
116,25.245,1.175,1.175,0.861,24.07,270,3.45,12.02,1000
117,25.515,1.203,1.203,0.8681,24.312,270,3.48,12.12,1000
118,25.785,1.231,1.231,0.8752,24.554,270,3.51,12.22,1000
119,26.055,1.26,1.26,0.8823,24.795,270,3.54,12.32,1000
120,26.325,1.289,1.289,0.8894,25.036,270,3.57,12.42,1000
121,26.595,1.318,1.318,0.8965,25.277,270,3.59,12.52,1000
122,26.865,1.347,1.347,0.9035,25.518,270,3.62,12.62,1000
123,27.135,1.377,1.377,0.9106,25.758,270,3.65,12.71,1000
124,27.405,1.407,1.407,0.9177,25.998,270,3.68,12.81,1000
125,27.675,1.438,1.438,0.9248,26.237,270,3.71,12.91,1000
126,27.945,1.468,1.468,0.9319,26.477,270,3.74,13.01,1000
127,28.215,1.499,1.499,0.939,26.716,270,3.77,13.11,1000
128,28.485,1.531,1.531,0.9461,26.954,270,3.8,13.21,1000
129,28.755,1.562,1.562,0.9532,27.193,270,3.83,13.31,1000
130,29.025,1.594,1.594,0.9602,27.431,270,3.86,13.41,1000
131,29.295,1.626,1.626,0.9673,27.669,270,3.89,13.51,1000
132,29.565,1.659,1.659,0.9744,27.906,270,3.91,13.61,1000
133,29.835,1.692,1.692,0.9815,28.143,270,3.94,13.7,1000
134,30.105,1.725,1.725,0.9886,28.38,270,3.97,13.8,1000
135,30.375,1.758,1.758,0.9956,28.617,270,4.0,13.9,1000
136,30.645,1.792,1.792,1.0027,28.853,270,4.03,14.0,1000
137,30.915,1.826,1.826,1.0098,29.089,270,4.06,14.1,1000
138,31.185,1.86,1.86,1.0168,29.325,270,4.09,14.2,1000
139,31.455,1.895,1.895,1.0239,29.56,270,4.12,14.3,1000
140,31.725,1.93,1.93,1.031,29.795,270,4.15,14.4,1000
141,31.995,1.965,1.965,1.0381,30.03,270,4.17,14.49,1000
142,32.265,2.001,2.001,1.0451,30.264,270,4.2,14.59,1000
143,32.535,2.037,2.037,1.0522,30.498,270,4.23,14.69,1000
144,32.805,2.073,2.073,1.0593,30.732,270,4.26,14.79,1000
145,33.075,2.109,2.109,1.0663,30.966,270,4.29,14.89,1000
146,33.345,2.146,2.146,1.0734,31.199,270,4.32,14.99,1000
147,33.615,2.183,2.183,1.0804,31.432,270,4.35,15.09,1000
148,33.885,2.22,2.22,1.0875,31.665,270,4.38,15.18,1000
149,34.155,2.258,2.258,1.0946,31.897,270,4.4,15.28,1000
150,34.425,2.296,2.296,1.1016,32.129,270,4.43,15.38,1000
151,34.695,2.334,2.334,1.1087,32.361,270,4.46,15.48,1000
152,34.965,2.373,2.373,1.1157,32.592,270,4.49,15.58,1000
153,35.235,2.412,2.412,1.1228,32.823,270,4.52,15.68,1000
154,35.505,2.451,2.451,1.1298,33.054,270,4.55,15.78,1000
155,35.775,2.49,2.49,1.1369,33.285,270,4.58,15.87,1000
156,36.045,2.53,2.53,1.1439,33.515,270,4.6,15.97,1000
157,36.315,2.57,2.57,1.151,33.745,270,4.63,16.07,1000
158,36.585,2.61,2.61,1.158,33.975,270,4.66,16.17,1000
159,36.855,2.651,2.651,1.1651,34.204,270,4.69,16.27,1000
160,37.125,2.692,2.692,1.1721,34.433,270,4.72,16.37,1000
161,37.395,2.733,2.733,1.1791,34.662,270,4.75,16.46,1000
162,37.665,2.775,2.775,1.1862,34.89,270,4.78,16.56,1000
163,37.935,2.817,2.817,1.1932,35.118,270,4.8,16.66,1000
164,38.205,2.859,2.859,1.2002,35.346,270,4.83,16.76,1000
165,38.475,2.901,2.901,1.2073,35.574,270,4.86,16.86,1000
166,38.745,2.944,2.944,1.2143,35.801,270,4.89,16.95,1000
167,39.015,2.987,2.987,1.2213,36.028,270,4.92,17.05,1000
168,39.285,3.03,3.03,1.2284,36.255,270,4.95,17.15,1000
169,39.555,3.074,3.074,1.2354,36.481,270,4.97,17.25,1000
170,39.825,3.118,3.118,1.2424,36.707,270,5.0,17.35,1000
171,40.095,3.162,3.162,1.2494,36.933,270,5.03,17.45,1000
172,40.365,3.207,3.207,1.2565,37.158,270,5.06,17.54,1000
173,40.635,3.252,3.252,1.2635,37.383,270,5.09,17.64,1000
174,40.905,3.297,3.297,1.2705,37.608,270,5.12,17.74,1000
175,41.175,3.342,3.342,1.2775,37.833,270,5.14,17.84,1000
176,41.445,3.388,3.388,1.2845,38.057,270,5.17,17.94,1000
177,41.715,3.434,3.434,1.2916,38.281,270,5.2,18.03,1000
178,41.985,3.481,3.481,1.2986,38.504,270,5.23,18.13,1000
179,42.255,3.527,3.527,1.3056,38.728,270,5.26,18.23,1000
180,42.525,3.574,3.574,1.3126,38.951,270,5.28,18.33,1000
181,42.795,3.622,3.622,1.3196,39.173,270,5.31,18.43,1000
182,43.065,3.669,3.669,1.3266,39.396,270,5.34,18.52,1000
183,43.335,3.717,3.717,1.3336,39.618,270,5.37,18.62,1000
184,43.605,3.765,3.765,1.3406,39.84,270,5.4,18.72,1000
185,43.875,3.814,3.814,1.3476,40.061,270,5.42,18.82,1000
186,44.145,3.863,3.863,1.3546,40.282,270,5.45,18.91,1000
187,44.415,3.912,3.912,1.3616,40.503,270,5.48,19.01,1000
188,44.685,3.961,3.961,1.3686,40.724,270,5.51,19.11,1000
189,44.955,4.011,4.011,1.3756,40.944,270,5.54,19.21,1000
190,45.225,4.061,4.061,1.3826,41.164,270,5.56,19.3,1000
191,45.495,4.111,4.111,1.3896,41.384,270,5.59,19.4,1000
192,45.765,4.162,4.162,1.3966,41.603,270,5.62,19.5,1000
193,46.035,4.213,4.213,1.4036,41.822,270,5.65,19.6,1000
194,46.305,4.264,4.264,1.4106,42.041,270,5.68,19.7,1000
195,46.575,4.315,4.315,1.4175,42.26,270,5.7,19.79,1000
196,46.845,4.367,4.367,1.4245,42.478,270,5.73,19.89,1000
197,47.115,4.419,4.419,1.4315,42.696,270,5.76,19.99,1000
198,47.385,4.472,4.472,1.4385,42.913,270,5.79,20.08,1000
199,47.655,4.525,4.525,1.4455,43.13,270,5.81,20.18,1000
200,47.925,4.578,4.578,1.4524,43.347,270,5.84,20.28,1000
201,48.195,4.631,4.631,1.4594,43.564,270,5.87,20.38,1000
202,48.465,4.685,4.685,1.4664,43.78,270,5.9,20.47,1000
203,48.735,4.738,4.738,1.4733,43.997,270,5.92,20.57,1000
204,49.005,4.793,4.793,1.4803,44.212,270,5.95,20.67,1000
205,49.275,4.847,4.847,1.4873,44.428,270,5.98,20.77,1000
206,49.545,4.902,4.902,1.4942,44.643,270,6.01,20.86,1000
207,49.815,4.957,4.957,1.5012,44.858,270,6.03,20.96,1000
208,50.085,5.013,5.013,1.5082,45.072,270,6.06,21.06,1000
209,50.355,5.068,5.068,1.5151,45.287,270,6.09,21.15,1000
210,50.625,5.124,5.124,1.5221,45.501,270,6.12,21.25,1000
211,50.895,5.181,5.181,1.529,45.714,270,6.14,21.35,1000
212,51.165,5.237,5.237,1.536,45.928,270,6.17,21.45,1000
213,51.435,5.294,5.294,1.5429,46.141,270,6.2,21.54,1000
214,51.705,5.352,5.352,1.5499,46.353,270,6.23,21.64,1000
215,51.975,5.409,5.409,1.5568,46.566,270,6.25,21.74,1000
216,52.245,5.467,5.467,1.5638,46.778,270,6.28,21.83,1000
217,52.515,5.525,5.525,1.5707,46.99,270,6.31,21.93,1000
218,52.785,5.584,5.584,1.5776,47.201,270,6.33,22.03,1000
219,53.055,5.642,5.642,1.5846,47.413,270,6.36,22.12,1000
220,53.325,5.701,5.701,1.5915,47.624,270,6.39,22.22,1000
221,53.595,5.761,5.761,1.5984,47.834,270,6.42,22.32,1000
222,53.865,5.821,5.821,1.6054,48.044,270,6.44,22.42,1000
223,54.135,5.88,5.88,1.6123,48.255,270,6.47,22.51,1000
224,54.405,5.941,5.941,1.6192,48.464,270,6.5,22.61,1000
225,54.675,6.001,6.001,1.6262,48.674,270,6.52,22.71,1000
226,54.945,6.062,6.062,1.6331,48.883,270,6.55,22.8,1000
227,55.215,6.123,6.123,1.64,49.092,270,6.58,22.9,1000
228,55.485,6.185,6.185,1.6469,49.3,270,6.61,23.0,1000
229,55.755,6.247,6.247,1.6538,49.508,270,6.63,23.09,1000
230,56.025,6.309,6.309,1.6608,49.716,270,6.66,23.19,1000
231,56.295,6.371,6.371,1.6677,49.924,270,6.69,23.29,1000
232,56.565,6.434,6.434,1.6746,50.131,270,6.71,23.38,1000
233,56.835,6.497,6.497,1.6815,50.338,270,6.74,23.48,1000
234,57.105,6.56,6.56,1.6884,50.545,270,6.77,23.57,1000
235,57.375,6.624,6.624,1.6953,50.751,270,6.79,23.67,1000
236,57.645,6.688,6.688,1.7022,50.957,270,6.82,23.77,1000
237,57.915,6.752,6.752,1.7091,51.163,270,6.85,23.86,1000
238,58.185,6.816,6.816,1.716,51.369,270,6.87,23.96,1000
239,58.455,6.881,6.881,1.7229,51.574,270,6.9,24.06,1000
240,58.725,6.946,6.946,1.7298,51.779,270,6.93,24.15,1000
241,58.995,7.012,7.012,1.7367,51.983,270,6.95,24.25,1000
242,59.265,7.077,7.077,1.7436,52.188,270,6.98,24.34,1000
243,59.535,7.143,7.143,1.7505,52.392,270,7.01,24.44,1000
244,59.805,7.21,7.21,1.7573,52.595,270,7.03,24.54,1000
245,60.075,7.276,7.276,1.7642,52.799,270,7.06,24.63,1000
246,60.345,7.343,7.343,1.7711,53.002,270,7.09,24.73,1000
247,60.615,7.41,7.41,1.778,53.205,270,7.11,24.83,1000
248,60.885,7.478,7.478,1.7849,53.407,270,7.14,24.92,1000
249,61.155,7.546,7.546,1.7917,53.609,270,7.17,25.02,1000
250,61.425,7.614,7.614,1.7986,53.811,270,7.19,25.11,1000
251,61.695,7.682,7.682,1.8055,54.013,270,7.22,25.21,1000
252,61.965,7.751,7.751,1.8123,54.214,270,7.24,25.3,1000
253,62.235,7.82,7.82,1.8192,54.415,270,7.27,25.4,1000
254,62.505,7.889,7.889,1.8261,54.616,270,7.3,25.5,1000
255,62.775,7.959,7.959,1.8329,54.816,270,7.32,25.59,1000
256,63.045,8.029,8.029,1.8398,55.016,270,7.35,25.69,1000
257,63.315,8.099,8.099,1.8466,55.216,270,7.37,25.78,1000
258,63.585,8.17,8.17,1.8535,55.415,270,7.4,25.88,1000
259,63.855,8.241,8.241,1.8603,55.614,270,7.43,25.98,1000
260,64.125,8.312,8.312,1.8672,55.813,270,7.45,26.07,1000
261,64.395,8.383,8.383,1.874,56.012,270,7.48,26.17,1000
262,64.665,8.455,8.455,1.8809,56.21,270,7.51,26.26,1000
263,64.935,8.527,8.527,1.8877,56.408,270,7.53,26.36,1000
264,65.205,8.599,8.599,1.8945,56.606,270,7.56,26.45,1000
265,65.475,8.672,8.672,1.9014,56.803,270,7.58,26.55,1000
266,65.745,8.745,8.745,1.9082,57.0,270,7.61,26.64,1000
267,66.015,8.818,8.818,1.915,57.197,270,7.63,26.74,1000
268,66.285,8.892,8.892,1.9219,57.393,270,7.66,26.83,1000
269,66.555,8.966,8.966,1.9287,57.589,270,7.69,26.93,1000
270,66.825,9.04,9.04,1.9355,57.785,270,7.71,27.03,1000
271,67.095,9.114,9.114,1.9423,57.981,270,7.74,27.12,1000
272,67.365,9.189,9.189,1.9492,58.176,270,7.76,27.22,1000
273,67.635,9.264,9.264,1.956,58.371,270,7.79,27.31,1000
274,67.905,9.34,9.34,1.9628,58.565,270,7.81,27.41,1000
275,68.175,9.415,9.415,1.9696,58.76,270,7.84,27.5,1000
276,68.445,9.491,9.491,1.9764,58.954,270,7.87,27.6,1000
277,68.715,9.568,9.568,1.9832,59.147,270,7.89,27.69,1000
278,68.985,9.644,9.644,1.99,59.341,270,7.92,27.79,1000
279,69.255,9.721,9.721,1.9968,59.534,270,7.94,27.88,1000
280,69.525,9.798,9.798,2.0036,59.727,270,7.97,27.98,1000
281,69.795,9.876,9.876,2.0104,59.919,270,7.99,28.07,1000
282,70.065,9.954,9.954,2.0172,60.111,270,8.02,28.17,1000
283,70.335,10.032,10.032,2.024,60.303,270,8.04,28.26,1000
284,70.605,10.11,10.11,2.0308,60.495,270,8.07,28.36,1000
285,70.875,10.189,10.189,2.0376,60.686,270,8.09,28.45,1000
286,71.145,10.268,10.268,2.0444,60.877,270,8.12,28.54,1000
287,71.415,10.347,10.347,2.0511,61.068,270,8.14,28.64,1000
288,71.685,10.427,10.427,2.0579,61.258,270,8.17,28.73,1000
289,71.955,10.507,10.507,2.0647,61.448,270,8.2,28.83,1000
290,72.225,10.587,10.587,2.0715,61.638,270,8.22,28.92,1000
291,72.495,10.668,10.668,2.0782,61.827,270,8.25,29.02,1000
292,72.765,10.748,10.748,2.085,62.017,270,8.27,29.11,1000
293,73.035,10.83,10.83,2.0918,62.205,270,8.3,29.21,1000
294,73.305,10.911,10.911,2.0985,62.394,270,8.32,29.3,1000
295,73.575,10.993,10.993,2.1053,62.582,270,8.35,29.4,1000
296,73.845,11.075,11.075,2.112,62.77,270,8.37,29.49,1000
297,74.115,11.157,11.157,2.1188,62.958,270,8.4,29.58,1000
298,74.385,11.24,11.24,2.1256,63.145,270,8.42,29.68,1000
299,74.655,11.323,11.323,2.1323,63.332,270,8.44,29.77,1000
300,74.925,11.406,11.406,2.1391,63.519,270,8.47,29.87,1000
301,75.195,11.49,11.49,2.1458,63.705,270,8.49,29.96,1000
302,75.465,11.573,11.573,2.1525,63.892,270,8.52,30.06,1000
303,75.735,11.658,11.658,2.1593,64.077,270,8.54,30.15,1000
304,76.005,11.742,11.742,2.166,64.263,270,8.57,30.24,1000
305,76.275,11.827,11.827,2.1727,64.448,270,8.59,30.34,1000
306,76.545,11.912,11.912,2.1795,64.633,270,8.62,30.43,1000
307,76.815,11.997,11.997,2.1862,64.818,270,8.64,30.53,1000
308,77.085,12.083,12.083,2.1929,65.002,270,8.67,30.62,1000
309,77.355,12.169,12.169,2.1996,65.186,270,8.69,30.71,1000
310,77.625,12.255,12.255,2.2064,65.37,270,8.72,30.81,1000
311,77.895,12.342,12.342,2.2131,65.553,270,8.74,30.9,1000
312,78.165,12.429,12.429,2.2198,65.736,270,8.76,30.99,1000
313,78.435,12.516,12.516,2.2265,65.919,270,8.79,31.09,1000
314,78.705,12.603,12.603,2.2332,66.102,270,8.81,31.18,1000
315,78.975,12.691,12.691,2.2399,66.284,270,8.84,31.28,1000
316,79.245,12.779,12.779,2.2466,66.466,270,8.86,31.37,1000
317,79.515,12.868,12.868,2.2533,66.647,270,8.89,31.46,1000
318,79.785,12.956,12.956,2.26,66.829,270,8.91,31.56,1000
319,80.055,13.045,13.045,2.2667,67.01,270,8.93,31.65,1000
320,80.325,13.135,13.135,2.2734,67.19,270,8.96,31.74,1000
321,80.595,13.224,13.224,2.2801,67.371,270,8.98,31.84,1000
322,80.865,13.314,13.314,2.2868,67.551,270,9.01,31.93,1000
323,81.135,13.404,13.404,2.2935,67.731,270,9.03,32.02,1000
324,81.405,13.495,13.495,2.3001,67.91,270,9.05,32.12,1000
325,81.675,13.586,13.586,2.3068,68.089,270,9.08,32.21,1000
326,81.945,13.677,13.677,2.3135,68.268,270,9.1,32.3,1000
327,82.215,13.768,13.768,2.3202,68.447,270,9.13,32.4,1000
328,82.485,13.86,13.86,2.3268,68.625,270,9.15,32.49,1000
329,82.755,13.952,13.952,2.3335,68.803,270,9.17,32.58,1000
330,83.025,14.044,14.044,2.3402,68.981,270,9.2,32.67,1000
331,83.295,14.137,14.137,2.3468,69.158,270,9.22,32.77,1000
332,83.565,14.23,14.23,2.3535,69.335,270,9.24,32.86,1000
333,83.835,14.323,14.323,2.3601,69.512,270,9.27,32.95,1000
334,84.105,14.417,14.417,2.3668,69.688,270,9.29,33.05,1000
335,84.375,14.511,14.511,2.3734,69.864,270,9.31,33.14,1000
336,84.645,14.605,14.605,2.3801,70.04,270,9.34,33.23,1000
337,84.915,14.699,14.699,2.3867,70.216,270,9.36,33.32,1000
338,85.185,14.794,14.794,2.3933,70.391,270,9.39,33.42,1000
339,85.455,14.889,14.889,2.4,70.566,270,9.41,33.51,1000
340,85.725,14.984,14.984,2.4066,70.741,270,9.43,33.6,1000
341,85.995,15.08,15.08,2.4132,70.915,270,9.46,33.7,1000
342,86.265,15.176,15.176,2.4199,71.089,270,9.48,33.79,1000
343,86.535,15.272,15.272,2.4265,71.263,270,9.5,33.88,1000
344,86.805,15.369,15.369,2.4331,71.436,270,9.52,33.97,1000
345,87.075,15.466,15.466,2.4397,71.609,270,9.55,34.07,1000
346,87.345,15.563,15.563,2.4463,71.782,270,9.57,34.16,1000
347,87.615,15.66,15.66,2.453,71.955,270,9.59,34.25,1000
348,87.885,15.758,15.758,2.4596,72.127,270,9.62,34.34,1000
349,88.155,15.856,15.856,2.4662,72.299,270,9.64,34.43,1000
350,88.425,15.955,15.955,2.4728,72.47,270,9.66,34.53,1000
351,88.695,16.053,16.053,2.4794,72.642,270,9.69,34.62,1000
352,88.965,16.152,16.152,2.486,72.813,270,9.71,34.71,1000
353,89.235,16.252,16.252,2.4926,72.983,270,9.73,34.8,1000
354,89.505,16.351,16.351,2.4991,73.154,270,9.75,34.89,1000
355,89.775,16.451,16.451,2.5057,73.324,270,9.78,34.99,1000
356,90.045,16.551,16.551,2.5123,73.494,270,9.8,35.08,1000
357,90.315,16.652,16.652,2.5189,73.663,270,9.82,35.17,1000
358,90.585,16.753,16.753,2.5255,73.832,270,9.85,35.26,1000
359,90.855,16.854,16.854,2.532,74.001,270,9.87,35.35,1000
360,91.125,16.955,16.955,2.5386,74.17,270,9.89,35.45,1000
361,91.395,17.057,17.057,2.5452,74.338,270,9.91,35.54,1000
362,91.665,17.159,17.159,2.5518,74.506,270,9.94,35.63,1000
363,91.935,17.261,17.261,2.5583,74.674,270,9.96,35.72,1000
364,92.205,17.364,17.364,2.5649,74.841,270,9.98,35.81,1000
365,92.475,17.467,17.467,2.5714,75.008,270,10.0,35.9,1000
366,92.745,17.57,17.57,2.578,75.175,270,10.03,36.0,1000
367,93.015,17.674,17.674,2.5845,75.341,270,10.05,36.09,1000
368,93.285,17.778,17.778,2.5911,75.507,270,10.07,36.18,1000
369,93.555,17.882,17.882,2.5976,75.673,270,10.09,36.27,1000
370,93.825,17.986,17.986,2.6042,75.839,270,10.11,36.36,1000
371,94.095,18.091,18.091,2.6107,76.004,270,10.14,36.45,1000
372,94.365,18.196,18.196,2.6172,76.169,270,10.16,36.54,1000
373,94.635,18.302,18.302,2.6238,76.333,270,10.18,36.63,1000
374,94.905,18.407,18.407,2.6303,76.498,270,10.2,36.73,1000
375,95.175,18.513,18.513,2.6368,76.662,270,10.22,36.82,1000
376,95.445,18.619,18.619,2.6433,76.826,270,10.25,36.91,1000
377,95.715,18.726,18.726,2.6498,76.989,270,10.27,37.0,1000
378,95.985,18.833,18.833,2.6564,77.152,270,10.29,37.09,1000
379,96.255,18.94,18.94,2.6629,77.315,270,10.31,37.18,1000
380,96.525,19.048,19.048,2.6694,77.477,270,10.33,37.27,1000
381,96.795,19.155,19.155,2.6759,77.64,270,10.36,37.36,1000
382,97.065,19.264,19.264,2.6824,77.801,270,10.38,37.45,1000
383,97.335,19.372,19.372,2.6889,77.963,270,10.4,37.54,1000
384,97.605,19.481,19.481,2.6954,78.124,270,10.42,37.63,1000
385,97.875,19.59,19.59,2.7019,78.285,270,10.44,37.73,1000
386,98.145,19.699,19.699,2.7083,78.446,270,10.46,37.82,1000
387,98.415,19.809,19.809,2.7148,78.606,270,10.49,37.91,1000
388,98.685,19.918,19.918,2.7213,78.767,270,10.51,38.0,1000
389,98.955,20.029,20.029,2.7278,78.926,270,10.53,38.09,1000
390,99.225,20.139,20.139,2.7343,79.086,270,10.55,38.18,1000
391,99.495,20.25,20.25,2.7407,79.245,270,10.57,38.27,1000
392,99.765,20.361,20.361,2.7472,79.404,270,10.59,38.36,1000
393,100.035,20.473,20.473,2.7537,79.562,270,10.61,38.45,1000
394,100.305,20.584,20.584,2.7601,79.721,270,10.63,38.54,1000
395,100.575,20.696,20.696,2.7666,79.879,270,10.66,38.63,1000
396,100.845,20.809,20.809,2.773,80.036,270,10.68,38.72,1000
397,101.115,20.921,20.921,2.7795,80.194,270,10.7,38.81,1000
398,101.385,21.034,21.034,2.7859,80.351,270,10.72,38.9,1000
399,101.655,21.148,21.148,2.7924,80.507,270,10.74,38.99,1000
400,101.925,21.261,21.261,2.7988,80.664,270,10.76,39.08,1000
401,102.195,21.375,21.375,2.8052,80.82,270,10.78,39.17,1000
402,102.465,21.489,21.489,2.8117,80.976,270,10.8,39.26,1000
403,102.735,21.604,21.604,2.8181,81.131,270,10.82,39.35,1000
404,103.005,21.718,21.718,2.8245,81.287,270,10.84,39.44,1000
405,103.275,21.834,21.834,2.831,81.441,270,10.86,39.53,1000
406,103.545,21.949,21.949,2.8374,81.596,270,10.88,39.62,1000
407,103.815,22.065,22.065,2.8438,81.75,270,10.91,39.71,1000
408,104.085,22.181,22.181,2.8502,81.904,270,10.93,39.8,1000
409,104.355,22.297,22.297,2.8566,82.058,270,10.95,39.89,1000
410,104.625,22.413,22.413,2.863,82.212,270,10.97,39.98,1000
411,104.895,22.53,22.53,2.8694,82.365,270,10.99,40.06,1000
412,105.165,22.648,22.648,2.8758,82.517,270,11.01,40.15,1000
413,105.435,22.765,22.765,2.8822,82.67,270,11.03,40.24,1000
414,105.705,22.883,22.883,2.8886,82.822,270,11.05,40.33,1000
415,105.975,23.001,23.001,2.895,82.974,270,11.07,40.42,1000
416,106.245,23.119,23.119,2.9014,83.126,270,11.09,40.51,1000
417,106.515,23.238,23.238,2.9077,83.277,270,11.11,40.6,1000
418,106.785,23.357,23.357,2.9141,83.428,270,11.13,40.69,1000
419,107.055,23.477,23.477,2.9205,83.578,270,11.15,40.78,1000
420,107.325,23.596,23.596,2.9269,83.729,270,11.17,40.87,1000
421,107.595,23.716,23.716,2.9332,83.879,270,11.19,40.96,1000
422,107.865,23.836,23.836,2.9396,84.029,270,11.21,41.04,1000
423,108.135,23.957,23.957,2.946,84.178,270,11.23,41.13,1000
424,108.405,24.078,24.078,2.9523,84.327,270,11.25,41.22,1000
425,108.675,24.199,24.199,2.9587,84.476,270,11.27,41.31,1000
426,108.945,24.32,24.32,2.965,84.625,270,11.29,41.4,1000
427,109.215,24.442,24.442,2.9714,84.773,270,11.31,41.49,1000
428,109.485,24.564,24.564,2.9777,84.921,270,11.33,41.58,1000
429,109.755,24.686,24.686,2.984,85.069,270,11.35,41.67,1000
430,110.025,24.809,24.809,2.9904,85.216,270,11.37,41.75,1000
431,110.295,24.932,24.932,2.9967,85.363,270,11.39,41.84,1000
432,110.565,25.055,25.055,3.003,85.51,270,11.41,41.93,1000
433,110.835,25.179,25.179,3.0094,85.656,270,11.43,42.02,1000
434,111.105,25.303,25.303,3.0157,85.802,270,11.45,42.11,1000
435,111.375,25.427,25.427,3.022,85.948,270,11.46,42.19,1000
436,111.645,25.552,25.552,3.0283,86.093,270,11.48,42.28,1000
437,111.915,25.676,25.676,3.0346,86.239,270,11.5,42.37,1000
438,112.185,25.801,25.801,3.0409,86.384,270,11.52,42.46,1000
439,112.455,25.927,25.927,3.0472,86.528,270,11.54,42.55,1000
440,112.725,26.052,26.052,3.0535,86.673,270,11.56,42.64,1000
441,112.995,26.178,26.178,3.0598,86.817,270,11.58,42.72,1000
442,113.265,26.305,26.305,3.0661,86.96,270,11.6,42.81,1000
443,113.535,26.431,26.431,3.0724,87.104,270,11.62,42.9,1000
444,113.805,26.558,26.558,3.0787,87.247,270,11.64,42.99,1000
445,114.075,26.686,26.686,3.0849,87.389,270,11.66,43.07,1000
446,114.345,26.813,26.813,3.0912,87.532,270,11.67,43.16,1000
447,114.615,26.941,26.941,3.0975,87.674,270,11.69,43.25,1000
448,114.885,27.069,27.069,3.1038,87.816,270,11.71,43.34,1000
449,115.155,27.197,27.197,3.11,87.958,270,11.73,43.42,1000
450,115.425,27.326,27.326,3.1163,88.099,270,11.75,43.51,1000
451,115.695,27.455,27.455,3.1225,88.24,270,11.77,43.6,1000
452,115.965,27.585,27.585,3.1288,88.38,270,11.79,43.69,1000
453,116.235,27.714,27.714,3.135,88.521,270,11.81,43.77,1000
454,116.505,27.844,27.844,3.1413,88.661,270,11.82,43.86,1000
455,116.775,27.974,27.974,3.1475,88.801,270,11.84,43.95,1000
456,117.045,28.105,28.105,3.1538,88.94,270,11.86,44.03,1000
457,117.315,28.236,28.236,3.16,89.079,270,11.88,44.12,1000
458,117.585,28.367,28.367,3.1662,89.218,270,11.9,44.21,1000
459,117.855,28.499,28.499,3.1725,89.356,270,11.92,44.3,1000
460,118.125,28.63,28.63,3.1787,89.495,270,11.93,44.38,1000
461,118.395,28.762,28.762,3.1849,89.633,270,11.95,44.47,1000
462,118.665,28.895,28.895,3.1911,89.77,270,11.97,44.56,1000
463,118.935,29.027,29.027,3.1973,89.908,270,11.99,44.64,1000
464,119.205,29.16,29.16,3.2035,90.045,270,12.01,44.73,1000
465,119.475,29.294,29.294,3.2097,90.181,270,12.02,44.82,1000
466,119.745,29.427,29.427,3.2159,90.318,270,12.04,44.9,1000
467,120.015,29.561,29.561,3.2221,90.454,270,12.06,44.99,1000
468,120.285,29.695,29.695,3.2283,90.59,270,12.08,45.08,1000
469,120.555,29.83,29.83,3.2345,90.725,270,12.1,45.16,1000
470,120.825,29.965,29.965,3.2407,90.86,270,12.11,45.25,1000
471,121.095,30.1,30.1,3.2469,90.995,270,12.13,45.34,1000
472,121.365,30.235,30.235,3.2531,91.13,270,12.15,45.42,1000
473,121.635,30.371,30.371,3.2592,91.264,270,12.17,45.51,1000
474,121.905,30.507,30.507,3.2654,91.398,270,12.18,45.59,1000
475,122.175,30.643,30.643,3.2716,91.532,270,12.2,45.68,1000
476,122.445,30.78,30.78,3.2777,91.665,270,12.22,45.77,1000
477,122.715,30.917,30.917,3.2839,91.798,270,12.24,45.85,1000
478,122.985,31.054,31.054,3.29,91.931,270,12.25,45.94,1000
479,123.255,31.192,31.192,3.2962,92.063,270,12.27,46.02,1000
480,123.525,31.33,31.33,3.3023,92.195,270,12.29,46.11,1000
481,123.795,31.468,31.468,3.3085,92.327,270,12.31,46.2,1000
482,124.065,31.606,31.606,3.3146,92.459,270,12.32,46.28,1000
483,124.335,31.745,31.745,3.3207,92.59,270,12.34,46.37,1000
484,124.605,31.884,31.884,3.3269,92.721,270,12.36,46.45,1000
485,124.875,32.023,32.023,3.333,92.852,270,12.37,46.54,1000
486,125.145,32.163,32.163,3.3391,92.982,270,12.39,46.62,1000
487,125.415,32.303,32.303,3.3452,93.112,270,12.41,46.71,1000
488,125.685,32.443,32.443,3.3514,93.242,270,12.42,46.79,1000
489,125.955,32.584,32.584,3.3575,93.371,270,12.44,46.88,1000
490,126.225,32.725,32.725,3.3636,93.5,270,12.46,46.96,1000
491,126.495,32.866,32.866,3.3697,93.629,270,12.47,47.05,1000
492,126.765,33.008,33.008,3.3758,93.757,270,12.49,47.13,1000
493,127.035,33.149,33.149,3.3819,93.886,270,12.51,47.22,1000
494,127.305,33.292,33.292,3.388,94.013,270,12.52,47.3,1000
495,127.575,33.434,33.434,3.394,94.141,270,12.54,47.39,1000
496,127.845,33.577,33.577,3.4001,94.268,270,12.56,47.47,1000
497,128.115,33.72,33.72,3.4062,94.395,270,12.57,47.56,1000
498,128.385,33.863,33.863,3.4123,94.522,270,12.59,47.64,1000
499,128.655,34.007,34.007,3.4184,94.648,270,12.61,47.73,1000
500,128.925,34.151,34.151,3.4244,94.774,270,12.62,47.81,1000
501,129.195,34.295,34.295,3.4305,94.9,270,12.64,47.9,1000
502,129.465,34.439,34.439,3.4365,95.026,270,12.65,47.98,1000
503,129.735,34.584,34.584,3.4426,95.151,270,12.67,48.07,1000
504,130.005,34.729,34.729,3.4486,95.276,270,12.69,48.15,1000
505,130.275,34.875,34.875,3.4547,95.4,270,12.7,48.24,1000
506,130.545,35.021,35.021,3.4607,95.524,270,12.72,48.32,1000
507,130.815,35.167,35.167,3.4668,95.648,270,12.73,48.41,1000
508,131.085,35.313,35.313,3.4728,95.772,270,12.75,48.49,1000
509,131.355,35.46,35.46,3.4788,95.895,270,12.77,48.57,1000
510,131.625,35.607,35.607,3.4849,96.018,270,12.78,48.66,1000
511,131.895,35.754,35.754,3.4909,96.141,270,12.8,48.74,1000
512,132.165,35.901,35.901,3.4969,96.264,270,12.81,48.83,1000
513,132.435,36.049,36.049,3.5029,96.386,270,12.83,48.91,1000
514,132.705,36.198,36.198,3.5089,96.507,270,12.84,48.99,1000
515,132.975,36.346,36.346,3.5149,96.629,270,12.86,49.08,1000
516,133.245,36.495,36.495,3.5209,96.75,270,12.87,49.16,1000
517,133.515,36.644,36.644,3.5269,96.871,270,12.89,49.25,1000
518,133.785,36.793,36.793,3.5329,96.992,270,12.91,49.33,1000
519,134.055,36.943,36.943,3.5389,97.112,270,12.92,49.41,1000
520,134.325,37.093,37.093,3.5449,97.232,270,12.94,49.5,1000
521,134.595,37.243,37.243,3.5509,97.352,270,12.95,49.58,1000
522,134.865,37.394,37.394,3.5569,97.471,270,12.97,49.66,1000
523,135.135,37.545,37.545,3.5628,97.59,270,12.98,49.75,1000
524,135.405,37.696,37.696,3.5688,97.709,270,13.0,49.83,1000
525,135.675,37.848,37.848,3.5748,97.827,270,13.01,49.91,1000
526,135.945,38.0,38.0,3.5807,97.945,270,13.03,50.0,1000
527,136.215,38.152,38.152,3.5867,98.063,270,13.04,50.08,1000
528,136.485,38.304,38.304,3.5926,98.181,270,13.06,50.16,1000
529,136.755,38.457,38.457,3.5986,98.298,270,13.07,50.25,1000
530,137.025,38.61,38.61,3.6045,98.415,270,13.09,50.33,1000
531,137.295,38.763,38.763,3.6105,98.532,270,13.1,50.41,1000
532,137.565,38.917,38.917,3.6164,98.648,270,13.11,50.49,1000
533,137.835,39.071,39.071,3.6223,98.764,270,13.13,50.58,1000
534,138.105,39.225,39.225,3.6283,98.88,270,13.14,50.66,1000
535,138.375,39.38,39.38,3.6342,98.995,270,13.16,50.74,1000
536,138.645,39.535,39.535,3.6401,99.11,270,13.17,50.83,1000
537,138.915,39.69,39.69,3.646,99.225,270,13.19,50.91,1000
538,139.185,39.845,39.845,3.6519,99.34,270,13.2,50.99,1000
539,139.455,40.001,40.001,3.6578,99.454,270,13.22,51.07,1000
540,139.725,40.157,40.157,3.6637,99.568,270,13.23,51.16,1000
541,139.995,40.314,40.314,3.6696,99.681,270,13.24,51.24,1000
542,140.265,40.47,40.47,3.6755,99.795,270,13.26,51.32,1000
543,140.535,40.627,40.627,3.6814,99.908,270,13.27,51.4,1000
544,140.805,40.785,40.785,3.6873,100.02,270,13.29,51.48,1000
545,141.075,40.942,40.942,3.6932,100.133,270,13.3,51.57,1000
546,141.345,41.1,41.1,3.6991,100.245,270,13.31,51.65,1000
547,141.615,41.258,41.258,3.7049,100.357,270,13.33,51.73,1000
548,141.885,41.417,41.417,3.7108,100.468,270,13.34,51.81,1000
549,142.155,41.576,41.576,3.7167,100.579,270,13.35,51.89,1000
550,142.425,41.735,41.735,3.7225,100.69,270,13.37,51.98,1000
551,142.695,41.894,41.894,3.7284,100.801,270,13.38,52.06,1000
552,142.965,42.054,42.054,3.7342,100.911,270,13.4,52.14,1000
553,143.235,42.214,42.214,3.7401,101.021,270,13.41,52.22,1000
554,143.505,42.375,42.375,3.7459,101.13,270,13.42,52.3,1000
555,143.775,42.535,42.535,3.7518,101.24,270,13.44,52.38,1000
556,144.045,42.696,42.696,3.7576,101.349,270,13.45,52.47,1000
557,144.315,42.857,42.857,3.7634,101.458,270,13.46,52.55,1000
558,144.585,43.019,43.019,3.7692,101.566,270,13.48,52.63,1000
559,144.855,43.181,43.181,3.7751,101.674,270,13.49,52.71,1000
560,145.125,43.343,43.343,3.7809,101.782,270,13.5,52.79,1000
561,145.395,43.506,43.506,3.7867,101.889,270,13.51,52.87,1000
562,145.665,43.668,43.668,3.7925,101.997,270,13.53,52.95,1000
563,145.935,43.831,43.831,3.7983,102.104,270,13.54,53.03,1000
564,146.205,43.995,43.995,3.8041,102.21,270,13.55,53.12,1000
565,146.475,44.159,44.159,3.8099,102.316,270,13.57,53.2,1000
566,146.745,44.323,44.323,3.8157,102.422,270,13.58,53.28,1000
567,147.015,44.487,44.487,3.8215,102.528,270,13.59,53.36,1000
568,147.285,44.652,44.652,3.8273,102.633,270,13.6,53.44,1000
569,147.555,44.816,44.816,3.833,102.739,270,13.62,53.52,1000
570,147.825,44.982,44.982,3.8388,102.843,270,13.63,53.6,1000
571,148.095,45.147,45.147,3.8446,102.948,270,13.64,53.68,1000
572,148.365,45.313,45.313,3.8503,103.052,270,13.65,53.76,1000
573,148.635,45.479,45.479,3.8561,103.156,270,13.67,53.84,1000
574,148.905,45.646,45.646,3.8619,103.259,270,13.68,53.92,1000
575,149.175,45.646,45.646,3.8619,103.529,270,13.69,54.0,1000
576,149.445,45.626,45.626,3.8619,103.819,270,13.7,54.0,1000
577,149.715,45.606,45.606,3.8619,104.109,270,13.72,54.0,1000
578,149.985,45.586,45.586,3.8619,104.399,270,13.73,54.0,1000
579,150.255,45.566,45.566,3.8619,104.689,270,13.74,54.0,1000
580,150.525,45.546,45.546,3.8619,104.979,270,13.75,54.0,1000
581,150.795,45.526,45.526,3.8619,105.269,270,13.76,54.0,1000
582,151.065,45.506,45.506,3.8619,105.559,270,13.78,54.0,1000
583,151.335,45.486,45.486,3.8619,105.849,270,13.79,54.0,1000
584,151.605,45.466,45.466,3.8619,106.139,270,13.8,54.0,1000
585,151.875,45.446,45.446,3.8619,106.429,270,13.81,54.0,1000
586,152.145,45.426,45.426,3.8619,106.719,270,13.82,54.0,1000
587,152.415,45.406,45.406,3.8619,107.009,270,13.83,54.0,1000
588,152.685,45.386,45.386,3.8619,107.299,270,13.85,54.0,1000
589,152.955,45.366,45.366,3.8619,107.589,270,13.86,54.0,1000
590,153.225,45.346,45.346,3.8619,107.879,270,13.87,54.0,1000
591,153.495,45.326,45.326,3.8619,108.169,270,13.88,54.0,1000
592,153.765,45.306,45.306,3.8619,108.459,270,13.89,54.0,1000
593,154.035,45.286,45.286,3.8619,108.749,270,13.9,54.0,1000
594,154.305,45.266,45.266,3.8619,109.039,270,13.91,54.0,1000
595,154.575,45.246,45.246,3.8619,109.329,270,13.93,54.0,1000
596,154.845,45.226,45.226,3.8619,109.619,270,13.94,54.0,1000
597,155.115,45.206,45.206,3.8619,109.909,270,13.95,54.0,1000
598,155.385,45.186,45.186,3.8619,110.199,270,13.96,54.0,1000
599,155.655,45.166,45.166,3.8619,110.489,270,13.97,54.0,1000
600,155.925,45.146,45.146,3.8619,110.779,270,13.98,54.0,1000
601,156.195,45.126,45.126,3.8619,111.069,270,13.99,54.0,1000
602,156.465,45.106,45.106,3.8619,111.359,270,14.0,54.0,1000
603,156.735,45.086,45.086,3.8619,111.649,270,14.01,54.0,1000
604,157.005,45.066,45.066,3.8619,111.939,270,14.02,54.0,1000
605,157.275,45.046,45.046,3.8619,112.229,270,14.03,54.0,1000
606,157.545,45.026,45.026,3.8619,112.519,270,14.04,54.0,1000
607,157.815,45.006,45.006,3.8619,112.809,270,14.06,54.0,1000
608,158.085,44.986,44.986,3.8619,113.099,270,14.07,54.0,1000
609,158.355,44.966,44.966,3.8619,113.389,270,14.08,54.0,1000
610,158.625,44.946,44.946,3.8619,113.679,270,14.09,54.0,1000
611,158.895,44.926,44.926,3.8619,113.969,270,14.1,54.0,1000
612,159.165,44.906,44.906,3.8619,114.259,270,14.11,54.0,1000
613,159.435,44.886,44.886,3.8619,114.549,270,14.12,54.0,1000
614,159.705,44.866,44.866,3.8619,114.839,270,14.13,54.0,1000
615,159.975,44.846,44.846,3.8619,115.129,270,14.14,54.0,1000
616,160.245,44.826,44.826,3.8619,115.419,270,14.15,54.0,1000
617,160.515,44.806,44.806,3.8619,115.709,270,14.16,54.0,1000
618,160.785,44.786,44.786,3.8619,115.999,270,14.17,54.0,1000
619,161.055,44.766,44.766,3.8619,116.289,270,14.18,54.0,1000
620,161.325,44.746,44.746,3.8619,116.579,270,14.19,54.0,1000
621,161.595,44.726,44.726,3.8619,116.869,270,14.2,54.0,1000
622,161.865,44.706,44.706,3.8619,117.159,270,14.21,54.0,1000
623,162.135,44.686,44.686,3.8619,117.449,270,14.22,54.0,1000
624,162.405,44.666,44.666,3.8619,117.739,270,14.23,54.0,1000
625,162.675,44.646,44.646,3.8619,118.029,270,14.23,54.0,1000
626,162.945,44.626,44.626,3.8619,118.319,270,14.24,54.0,1000
627,163.215,44.606,44.606,3.8619,118.609,270,14.25,54.0,1000
628,163.485,44.586,44.586,3.8619,118.899,270,14.26,54.0,1000
629,163.755,44.566,44.566,3.8619,119.189,270,14.27,54.0,1000
630,164.025,44.546,44.546,3.8619,119.479,270,14.28,54.0,1000
631,164.295,44.526,44.526,3.8619,119.769,270,14.29,54.0,1000
632,164.565,44.506,44.506,3.8619,120.059,270,14.3,54.0,1000
633,164.835,44.486,44.486,3.8619,120.349,270,14.31,54.0,1000
634,165.105,44.466,44.466,3.8619,120.639,270,14.32,54.0,1000
635,165.375,44.446,44.446,3.8619,120.929,270,14.33,54.0,1000
636,165.645,44.426,44.426,3.8619,121.219,270,14.34,54.0,1000
637,165.915,44.406,44.406,3.8619,121.509,270,14.34,54.0,1000
638,166.185,44.386,44.386,3.8619,121.799,270,14.35,54.0,1000
639,166.455,44.366,44.366,3.8619,122.089,270,14.36,54.0,1000
640,166.725,44.346,44.346,3.8619,122.379,270,14.37,54.0,1000
641,166.995,44.326,44.326,3.8619,122.669,270,14.38,54.0,1000
642,167.265,44.306,44.306,3.8619,122.959,270,14.39,54.0,1000
643,167.535,44.286,44.286,3.8619,123.249,270,14.4,54.0,1000
644,167.805,44.266,44.266,3.8619,123.539,270,14.4,54.0,1000
645,168.075,44.246,44.246,3.8619,123.829,270,14.41,54.0,1000
646,168.345,44.226,44.226,3.8619,124.119,270,14.42,54.0,1000
647,168.615,44.206,44.206,3.8619,124.409,270,14.43,54.0,1000
648,168.885,44.186,44.186,3.8619,124.699,270,14.44,54.0,1000
649,169.155,44.166,44.166,3.8619,124.989,270,14.45,54.0,1000
650,169.425,44.146,44.146,3.8619,125.279,270,14.45,54.0,1000
651,169.695,44.126,44.126,3.8619,125.569,270,14.46,54.0,1000
652,169.965,44.106,44.106,3.8619,125.859,270,14.47,54.0,1000
653,170.235,44.086,44.086,3.8619,126.149,270,14.48,54.0,1000
654,170.505,44.066,44.066,3.8619,126.439,270,14.49,54.0,1000
655,170.775,44.046,44.046,3.8619,126.729,270,14.49,54.0,1000
656,171.045,44.026,44.026,3.8619,127.019,270,14.5,54.0,1000
657,171.315,44.006,44.006,3.8619,127.309,270,14.51,54.0,1000
658,171.585,43.986,43.986,3.8619,127.599,270,14.52,54.0,1000
659,171.855,43.966,43.966,3.8619,127.889,270,14.52,54.0,1000
660,172.125,43.946,43.946,3.8619,128.179,270,14.53,54.0,1000
661,172.395,43.926,43.926,3.8619,128.469,270,14.54,54.0,1000
662,172.665,43.906,43.906,3.8619,128.759,270,14.55,54.0,1000
663,172.935,43.886,43.886,3.8619,129.049,270,14.55,54.0,1000
664,173.205,43.866,43.866,3.8619,129.339,270,14.56,54.0,1000
665,173.475,43.846,43.846,3.8619,129.629,270,14.57,54.0,1000
666,173.745,43.826,43.826,3.8619,129.919,270,14.57,54.0,1000
667,174.015,43.806,43.806,3.8619,130.209,270,14.58,54.0,1000
668,174.285,43.786,43.786,3.8619,130.499,270,14.59,54.0,1000
669,174.555,43.766,43.766,3.8619,130.789,270,14.6,54.0,1000
670,174.825,43.746,43.746,3.8619,131.079,270,14.6,54.0,1000
671,175.095,43.726,43.726,3.8619,131.369,270,14.61,54.0,1000
672,175.365,43.706,43.706,3.8619,131.659,270,14.62,54.0,1000
673,175.635,43.686,43.686,3.8619,131.949,270,14.62,54.0,1000
674,175.905,43.666,43.666,3.8619,132.239,270,14.63,54.0,1000
675,176.175,43.646,43.646,3.8619,132.529,270,14.64,54.0,1000
676,176.445,43.626,43.626,3.8619,132.819,270,14.64,54.0,1000
677,176.715,43.606,43.606,3.8619,133.109,270,14.65,54.0,1000
678,176.985,43.586,43.586,3.8619,133.399,270,14.66,54.0,1000
679,177.255,43.566,43.566,3.8619,133.689,270,14.66,54.0,1000
680,177.525,43.546,43.546,3.8619,133.979,270,14.67,54.0,1000
681,177.795,43.526,43.526,3.8619,134.269,270,14.67,54.0,1000
682,178.065,43.506,43.506,3.8619,134.559,270,14.68,54.0,1000
683,178.335,43.486,43.486,3.8619,134.849,270,14.69,54.0,1000
684,178.605,43.466,43.466,3.8619,135.139,270,14.69,54.0,1000
685,178.875,43.446,43.446,3.8619,135.429,270,14.7,54.0,1000
686,179.145,43.426,43.426,3.8619,135.719,270,14.7,54.0,1000
687,179.415,43.406,43.406,3.8619,136.009,270,14.71,54.0,1000
688,179.685,43.386,43.386,3.8619,136.299,270,14.72,54.0,1000
689,179.955,43.366,43.366,3.8619,136.589,270,14.72,54.0,1000
690,180.225,43.346,43.346,3.8619,136.879,270,14.73,54.0,1000
691,180.495,43.326,43.326,3.8619,137.169,270,14.73,54.0,1000
692,180.765,43.306,43.306,3.8619,137.459,270,14.74,54.0,1000
693,181.035,43.286,43.286,3.8619,137.749,270,14.74,54.0,1000
694,181.305,43.266,43.266,3.8619,138.039,270,14.75,54.0,1000
695,181.575,43.246,43.246,3.8619,138.329,270,14.76,54.0,1000
696,181.845,43.226,43.226,3.8619,138.619,270,14.76,54.0,1000
697,182.115,43.206,43.206,3.8619,138.909,270,14.77,54.0,1000
698,182.385,43.186,43.186,3.8619,139.199,270,14.77,54.0,1000
699,182.655,43.166,43.166,3.8619,139.489,270,14.78,54.0,1000
700,182.925,43.146,43.146,3.8619,139.779,270,14.78,54.0,1000
701,183.195,43.126,43.126,3.8619,140.069,270,14.79,54.0,1000
702,183.465,43.106,43.106,3.8619,140.359,270,14.79,54.0,1000
703,183.735,43.086,43.086,3.8619,140.649,270,14.8,54.0,1000
704,184.005,43.066,43.066,3.8619,140.939,270,14.8,54.0,1000
705,184.275,43.046,43.046,3.8619,141.229,270,14.81,54.0,1000
706,184.545,43.026,43.026,3.8619,141.519,270,14.81,54.0,1000
707,184.815,43.006,43.006,3.8619,141.809,270,14.82,54.0,1000
708,185.085,42.986,42.986,3.8619,142.099,270,14.82,54.0,1000
709,185.355,42.966,42.966,3.8619,142.389,270,14.83,54.0,1000
710,185.625,42.946,42.946,3.8619,142.679,270,14.83,54.0,1000
711,185.895,42.926,42.926,3.8619,142.969,270,14.83,54.0,1000
712,186.165,42.906,42.906,3.8619,143.259,270,14.84,54.0,1000
713,186.435,42.886,42.886,3.8619,143.549,270,14.84,54.0,1000
714,186.705,42.866,42.866,3.8619,143.839,270,14.85,54.0,1000
715,186.975,42.846,42.846,3.8619,144.129,270,14.85,54.0,1000
716,187.245,42.826,42.826,3.8619,144.419,270,14.86,54.0,1000
717,187.515,42.806,42.806,3.8619,144.709,270,14.86,54.0,1000
718,187.785,42.786,42.786,3.8619,144.999,270,14.86,54.0,1000
719,188.055,42.766,42.766,3.8619,145.289,270,14.87,54.0,1000
720,188.325,42.746,42.746,3.8619,145.579,270,14.87,54.0,1000
721,188.595,42.726,42.726,3.8619,145.869,270,14.88,54.0,1000
722,188.865,42.706,42.706,3.8619,146.159,270,14.88,54.0,1000
723,189.135,42.686,42.686,3.8619,146.449,270,14.88,54.0,1000
724,189.405,42.666,42.666,3.8619,146.739,270,14.89,54.0,1000
725,189.675,42.646,42.646,3.8619,147.029,270,14.89,54.0,1000
726,189.945,42.626,42.626,3.8619,147.319,270,14.89,54.0,1000
727,190.215,42.606,42.606,3.8619,147.609,270,14.9,54.0,1000
728,190.485,42.586,42.586,3.8619,147.899,270,14.9,54.0,1000
729,190.755,42.566,42.566,3.8619,148.189,270,14.9,54.0,1000
730,191.025,42.546,42.546,3.8619,148.479,270,14.91,54.0,1000
731,191.295,42.526,42.526,3.8619,148.769,270,14.91,54.0,1000
732,191.565,42.506,42.506,3.8619,149.059,270,14.91,54.0,1000
733,191.835,42.486,42.486,3.8619,149.349,270,14.92,54.0,1000
734,192.105,42.466,42.466,3.8619,149.639,270,14.92,54.0,1000
735,192.375,42.446,42.446,3.8619,149.929,270,14.92,54.0,1000
736,192.645,42.426,42.426,3.8619,150.219,270,14.93,54.0,1000
737,192.915,42.406,42.406,3.8619,150.509,270,14.93,54.0,1000
738,193.185,42.386,42.386,3.8619,150.799,270,14.93,54.0,1000
739,193.455,42.366,42.366,3.8619,151.089,270,14.94,54.0,1000
740,193.725,42.346,42.346,3.8619,151.379,270,14.94,54.0,1000
741,193.995,42.326,42.326,3.8619,151.669,270,14.94,54.0,1000
742,194.265,42.306,42.306,3.8619,151.959,270,14.94,54.0,1000
743,194.535,42.286,42.286,3.8619,152.249,270,14.95,54.0,1000
744,194.805,42.266,42.266,3.8619,152.539,270,14.95,54.0,1000
745,195.075,42.246,42.246,3.8619,152.829,270,14.95,54.0,1000
746,195.345,42.226,42.226,3.8619,153.119,270,14.95,54.0,1000
747,195.615,42.206,42.206,3.8619,153.409,270,14.96,54.0,1000
748,195.885,42.186,42.186,3.8619,153.699,270,14.96,54.0,1000
749,196.155,42.166,42.166,3.8619,153.989,270,14.96,54.0,1000
750,196.425,42.146,42.146,3.8619,154.279,270,14.96,54.0,1000
751,196.695,42.126,42.126,3.8619,154.569,270,14.96,54.0,1000
752,196.965,42.106,42.106,3.8619,154.859,270,14.97,54.0,1000
753,197.235,42.086,42.086,3.8619,155.149,270,14.97,54.0,1000
754,197.505,42.066,42.066,3.8619,155.439,270,14.97,54.0,1000
755,197.775,42.046,42.046,3.8619,155.729,270,14.97,54.0,1000
756,198.045,42.026,42.026,3.8619,156.019,270,14.97,54.0,1000
757,198.315,42.006,42.006,3.8619,156.309,270,14.98,54.0,1000
758,198.585,41.986,41.986,3.8619,156.599,270,14.98,54.0,1000
759,198.855,41.966,41.966,3.8619,156.889,270,14.98,54.0,1000
760,199.125,41.946,41.946,3.8619,157.179,270,14.98,54.0,1000
761,199.395,41.926,41.926,3.8619,157.469,270,14.98,54.0,1000
762,199.665,41.906,41.906,3.8619,157.759,270,14.98,54.0,1000
763,199.935,41.886,41.886,3.8619,158.049,270,14.98,54.0,1000
764,200.205,41.866,41.866,3.8619,158.339,270,14.99,54.0,1000
765,200.475,41.846,41.846,3.8619,158.629,270,14.99,54.0,1000
766,200.745,41.826,41.826,3.8619,158.919,270,14.99,54.0,1000
767,201.015,41.806,41.806,3.8619,159.209,270,14.99,54.0,1000
768,201.285,41.786,41.786,3.8619,159.499,270,14.99,54.0,1000
769,201.555,41.766,41.766,3.8619,159.789,270,14.99,54.0,1000
770,201.825,41.746,41.746,3.8619,160.079,270,14.99,54.0,1000
771,202.095,41.726,41.726,3.8619,160.369,270,14.99,54.0,1000
772,202.365,41.706,41.706,3.8619,160.659,270,14.99,54.0,1000
773,202.635,41.686,41.686,3.8619,160.949,270,15.0,54.0,1000
774,202.905,41.666,41.666,3.8619,161.239,270,15.0,54.0,1000
775,203.175,41.646,41.646,3.8619,161.529,270,15.0,54.0,1000
776,203.445,41.626,41.626,3.8619,161.819,270,15.0,54.0,1000
777,203.715,41.606,41.606,3.8619,162.109,270,15.0,54.0,1000
778,203.985,41.586,41.586,3.8619,162.399,270,15.0,54.0,1000
779,204.255,41.566,41.566,3.8619,162.689,270,15.0,54.0,1000
780,204.525,41.546,41.546,3.8619,162.979,270,15.0,54.0,1000
781,204.795,41.526,41.526,3.8619,163.269,270,15.0,54.0,1000
782,205.065,41.506,41.506,3.8619,163.559,270,15.0,54.0,1000
783,205.335,41.486,41.486,3.8619,163.849,270,15.0,54.0,1000
784,205.605,41.466,41.466,3.8619,164.139,270,15.0,54.0,1000
785,205.875,41.446,41.446,3.8619,164.429,270,15.0,54.0,1000
786,206.145,41.426,41.426,3.8619,164.719,270,15.0,54.0,1000
787,206.415,41.406,41.406,3.8619,165.009,270,15.0,54.0,1000
788,206.685,41.386,41.386,3.8619,165.299,270,15.0,54.0,1000
789,206.955,41.366,41.366,3.8619,165.589,270,15.0,54.0,1000
790,207.225,41.346,41.346,3.8619,165.879,270,15.0,54.0,1000
791,207.495,41.326,41.326,3.8619,166.169,270,15.0,54.0,1000
792,207.765,41.306,41.306,3.8619,166.459,270,15.0,54.0,1000
793,208.035,41.286,41.286,3.8619,166.749,270,15.0,54.0,1000
794,208.305,41.266,41.266,3.8619,167.039,270,15.0,54.0,1000
795,208.575,41.246,41.246,3.8619,167.329,270,15.0,54.0,1000
796,208.845,41.226,41.226,3.8619,167.619,270,15.0,54.0,1000
797,209.115,41.206,41.206,3.8619,167.909,270,15.0,54.0,1000
798,209.385,41.186,41.186,3.8619,168.199,270,15.0,54.0,1000
799,209.655,41.166,41.166,3.8619,168.489,270,14.99,54.0,1000
800,209.925,41.146,41.146,3.8619,168.779,270,14.99,54.0,1000
801,210.195,41.126,41.126,3.8619,169.069,270,14.99,54.0,1000
802,210.465,41.106,41.106,3.8619,169.359,270,14.99,54.0,1000
803,210.735,41.086,41.086,3.8619,169.649,270,14.99,54.0,1000
804,211.005,41.066,41.066,3.8619,169.939,270,14.99,54.0,1000
805,211.275,41.046,41.046,3.8619,170.229,270,14.99,54.0,1000
806,211.545,41.026,41.026,3.8619,170.519,270,14.99,54.0,1000
807,211.815,41.006,41.006,3.8619,170.809,270,14.99,54.0,1000
808,212.085,40.986,40.986,3.8619,171.099,270,14.98,54.0,1000
809,212.355,40.966,40.966,3.8619,171.389,270,14.98,54.0,1000
810,212.625,40.946,40.946,3.8619,171.679,270,14.98,54.0,1000
811,212.895,40.926,40.926,3.8619,171.969,270,14.98,54.0,1000
812,213.165,40.906,40.906,3.8619,172.259,270,14.98,54.0,1000
813,213.435,40.886,40.886,3.8619,172.549,270,14.98,54.0,1000
814,213.705,40.866,40.866,3.8619,172.839,270,14.98,54.0,1000
815,213.975,40.846,40.846,3.8619,173.129,270,14.97,54.0,1000
816,214.245,40.826,40.826,3.8619,173.419,270,14.97,54.0,1000
817,214.515,40.806,40.806,3.8619,173.709,270,14.97,54.0,1000
818,214.785,40.786,40.786,3.8619,173.999,270,14.97,54.0,1000
819,215.055,40.766,40.766,3.8619,174.289,270,14.97,54.0,1000
820,215.325,40.746,40.746,3.8619,174.579,270,14.96,54.0,1000
821,215.595,40.726,40.726,3.8619,174.869,270,14.96,54.0,1000
822,215.865,40.706,40.706,3.8619,175.159,270,14.96,54.0,1000
823,216.135,40.686,40.686,3.8619,175.449,270,14.96,54.0,1000
824,216.405,40.666,40.666,3.8619,175.739,270,14.96,54.0,1000
825,216.675,40.646,40.646,3.8619,176.029,270,14.95,54.0,1000
826,216.945,40.626,40.626,3.8619,176.319,270,14.95,54.0,1000
827,217.215,40.606,40.606,3.8619,176.609,270,14.95,54.0,1000
828,217.485,40.586,40.586,3.8619,176.899,270,14.95,54.0,1000
829,217.755,40.566,40.566,3.8619,177.189,270,14.94,54.0,1000
830,218.025,40.546,40.546,3.8619,177.479,270,14.94,54.0,1000
831,218.295,40.526,40.526,3.8619,177.769,270,14.94,54.0,1000
832,218.565,40.506,40.506,3.8619,178.059,270,14.93,54.0,1000
833,218.835,40.486,40.486,3.8619,178.349,270,14.93,54.0,1000
834,219.105,40.466,40.466,3.8619,178.639,270,14.93,54.0,1000
835,219.375,40.446,40.446,3.8619,178.929,270,14.93,54.0,1000
836,219.645,40.426,40.426,3.8619,179.219,270,14.92,54.0,1000
837,219.915,40.406,40.406,3.8619,179.509,270,14.92,54.0,1000
838,220.185,40.386,40.386,3.8619,179.799,270,14.92,54.0,1000
839,220.455,40.366,40.366,3.8619,180.089,270,14.91,54.0,1000
840,220.725,40.346,40.346,3.8619,180.379,270,14.91,54.0,1000
841,220.995,40.326,40.326,3.8619,180.669,270,14.91,54.0,1000
842,221.265,40.306,40.306,3.8619,180.959,270,14.9,54.0,1000
843,221.535,40.286,40.286,3.8619,181.249,270,14.9,54.0,1000
844,221.805,40.266,40.266,3.8619,181.539,270,14.9,54.0,1000
845,222.075,40.246,40.246,3.8619,181.829,270,14.89,54.0,1000
846,222.345,40.226,40.226,3.8619,182.119,270,14.89,54.0,1000
847,222.615,40.206,40.206,3.8619,182.409,270,14.89,54.0,1000
848,222.885,40.186,40.186,3.8619,182.699,270,14.88,54.0,1000
849,223.155,40.166,40.166,3.8619,182.989,270,14.88,54.0,1000
850,223.425,40.146,40.146,3.8619,183.279,270,14.87,54.0,1000
851,223.695,40.126,40.126,3.8619,183.569,270,14.87,54.0,1000
852,223.965,40.106,40.106,3.8619,183.859,270,14.87,54.0,1000
853,224.235,40.086,40.086,3.8619,184.149,270,14.86,54.0,1000
854,224.505,40.066,40.066,3.8619,184.439,270,14.86,54.0,1000
855,224.775,40.046,40.046,3.8619,184.729,270,14.85,54.0,1000
856,225.045,40.026,40.026,3.8619,185.019,270,14.85,54.0,1000
857,225.315,40.006,40.006,3.8619,185.309,270,14.85,54.0,1000
858,225.585,39.986,39.986,3.8619,185.599,270,14.84,54.0,1000
859,225.855,39.966,39.966,3.8619,185.889,270,14.84,54.0,1000
860,226.125,39.946,39.946,3.8619,186.179,270,14.83,54.0,1000
861,226.395,39.926,39.926,3.8619,186.469,270,14.83,54.0,1000
862,226.665,39.906,39.906,3.8619,186.759,270,14.82,54.0,1000
863,226.935,39.886,39.886,3.8619,187.049,270,14.82,54.0,1000
864,227.205,39.866,39.866,3.8619,187.339,270,14.82,54.0,1000
865,227.475,39.846,39.846,3.8619,187.629,270,14.81,54.0,1000
866,227.745,39.826,39.826,3.8619,187.919,270,14.81,54.0,1000
867,228.015,39.806,39.806,3.8619,188.209,270,14.8,54.0,1000
868,228.285,39.786,39.786,3.8619,188.499,270,14.8,54.0,1000
869,228.555,39.766,39.766,3.8619,188.789,270,14.79,54.0,1000
870,228.825,39.746,39.746,3.8619,189.079,270,14.79,54.0,1000
871,229.095,39.726,39.726,3.8619,189.369,270,14.78,54.0,1000
872,229.365,39.706,39.706,3.8619,189.659,270,14.78,54.0,1000
873,229.635,39.686,39.686,3.8619,189.949,270,14.77,54.0,1000
874,229.905,39.666,39.666,3.8619,190.239,270,14.77,54.0,1000
875,230.175,39.646,39.646,3.8619,190.529,270,14.76,54.0,1000
876,230.445,39.626,39.626,3.8619,190.819,270,14.75,54.0,1000
877,230.715,39.606,39.606,3.8619,191.109,270,14.75,54.0,1000
878,230.985,39.586,39.586,3.8619,191.399,270,14.74,54.0,1000
879,231.255,39.566,39.566,3.8619,191.689,270,14.74,54.0,1000
880,231.525,39.546,39.546,3.8619,191.979,270,14.73,54.0,1000
881,231.795,39.526,39.526,3.8619,192.269,270,14.73,54.0,1000
882,232.065,39.506,39.506,3.8619,192.559,270,14.72,54.0,1000
883,232.335,39.486,39.486,3.8619,192.849,270,14.72,54.0,1000
884,232.605,39.466,39.466,3.8619,193.139,270,14.71,54.0,1000
885,232.875,39.446,39.446,3.8619,193.429,270,14.7,54.0,1000
886,233.145,39.426,39.426,3.8619,193.719,270,14.7,54.0,1000
887,233.415,39.406,39.406,3.8619,194.009,270,14.69,54.0,1000
888,233.685,39.386,39.386,3.8619,194.299,270,14.69,54.0,1000
889,233.955,39.366,39.366,3.8619,194.589,270,14.68,54.0,1000
890,234.225,39.346,39.346,3.8619,194.879,270,14.67,54.0,1000
891,234.495,39.326,39.326,3.8619,195.169,270,14.67,54.0,1000
892,234.765,39.306,39.306,3.8619,195.459,270,14.66,54.0,1000
893,235.035,39.286,39.286,3.8619,195.749,270,14.65,54.0,1000
894,235.305,39.266,39.266,3.8619,196.039,270,14.65,54.0,1000
895,235.575,39.246,39.246,3.8619,196.329,270,14.64,54.0,1000
896,235.845,39.226,39.226,3.8619,196.619,270,14.63,54.0,1000
897,236.115,39.206,39.206,3.8619,196.909,270,14.63,54.0,1000
898,236.385,39.186,39.186,3.8619,197.199,270,14.62,54.0,1000
899,236.655,39.166,39.166,3.8619,197.489,270,14.61,54.0,1000
900,236.925,39.146,39.146,3.8619,197.779,270,14.61,54.0,1000
901,237.195,39.126,39.126,3.8619,198.069,270,14.6,54.0,1000
902,237.465,39.106,39.106,3.8619,198.359,270,14.59,54.0,1000
903,237.735,39.086,39.086,3.8619,198.649,270,14.59,54.0,1000
904,238.005,39.066,39.066,3.8619,198.939,270,14.58,54.0,1000
905,238.275,39.046,39.046,3.8619,199.229,270,14.57,54.0,1000
906,238.545,39.026,39.026,3.8619,199.519,270,14.57,54.0,1000
907,238.815,39.006,39.006,3.8619,199.809,270,14.56,54.0,1000
908,239.085,38.986,38.986,3.8619,200.099,270,14.55,54.0,1000
909,239.355,38.966,38.966,3.8619,200.389,270,14.54,54.0,1000
910,239.625,38.946,38.946,3.8619,200.679,270,14.54,54.0,1000
911,239.895,38.926,38.926,3.8619,200.969,270,14.53,54.0,1000
912,240.165,38.906,38.906,3.8619,201.259,270,14.52,54.0,1000
913,240.435,38.886,38.886,3.8619,201.549,270,14.51,54.0,1000
914,240.705,38.866,38.866,3.8619,201.839,270,14.51,54.0,1000
915,240.975,38.846,38.846,3.8619,202.129,270,14.5,54.0,1000
916,241.245,38.826,38.826,3.8619,202.419,270,14.49,54.0,1000
917,241.515,38.806,38.806,3.8619,202.709,270,14.48,54.0,1000
918,241.785,38.786,38.786,3.8619,202.999,270,14.48,54.0,1000
919,242.055,38.766,38.766,3.8619,203.289,270,14.47,54.0,1000
920,242.325,38.746,38.746,3.8619,203.579,270,14.46,54.0,1000
921,242.595,38.726,38.726,3.8619,203.869,270,14.45,54.0,1000
922,242.865,38.706,38.706,3.8619,204.159,270,14.44,54.0,1000
923,243.135,38.686,38.686,3.8619,204.449,270,14.44,54.0,1000
924,243.405,38.666,38.666,3.8619,204.739,270,14.43,54.0,1000
925,243.675,38.646,38.646,3.8619,205.029,270,14.42,54.0,1000
926,243.945,38.626,38.626,3.8619,205.319,270,14.41,54.0,1000
927,244.215,38.606,38.606,3.8619,205.609,270,14.4,54.0,1000
928,244.485,38.586,38.586,3.8619,205.899,270,14.39,54.0,1000
929,244.755,38.566,38.566,3.8619,206.189,270,14.39,54.0,1000
930,245.025,38.546,38.546,3.8619,206.479,270,14.38,54.0,1000
931,245.295,38.526,38.526,3.8619,206.769,270,14.37,54.0,1000
932,245.565,38.506,38.506,3.8619,207.059,270,14.36,54.0,1000
933,245.835,38.486,38.486,3.8619,207.349,270,14.35,54.0,1000
934,246.105,38.466,38.466,3.8619,207.639,270,14.34,54.0,1000
935,246.375,38.446,38.446,3.8619,207.929,270,14.33,54.0,1000
936,246.645,38.426,38.426,3.8619,208.219,270,14.32,54.0,1000
937,246.915,38.406,38.406,3.8619,208.509,270,14.32,54.0,1000
938,247.185,38.386,38.386,3.8619,208.799,270,14.31,54.0,1000
939,247.455,38.366,38.366,3.8619,209.089,270,14.3,54.0,1000
940,247.725,38.346,38.346,3.8619,209.379,270,14.29,54.0,1000
941,247.995,38.326,38.326,3.8619,209.669,270,14.28,54.0,1000
942,248.265,38.306,38.306,3.8619,209.959,270,14.27,54.0,1000
943,248.535,38.286,38.286,3.8619,210.249,270,14.26,54.0,1000
944,248.805,38.266,38.266,3.8619,210.539,270,14.25,54.0,1000
945,249.075,38.246,38.246,3.8619,210.829,270,14.24,54.0,1000
946,249.345,38.226,38.226,3.8619,211.119,270,14.23,54.0,1000
947,249.615,38.206,38.206,3.8619,211.409,270,14.22,54.0,1000
948,249.885,38.186,38.186,3.8619,211.699,270,14.21,54.0,1000
949,250.155,38.166,38.166,3.8619,211.989,270,14.2,54.0,1000
950,250.425,38.146,38.146,3.8619,212.279,270,14.19,54.0,1000
951,250.695,38.126,38.126,3.8619,212.569,270,14.18,54.0,1000
952,250.965,38.106,38.106,3.8619,212.859,270,14.17,54.0,1000
953,251.235,38.086,38.086,3.8619,213.149,270,14.17,54.0,1000
954,251.505,38.066,38.066,3.8619,213.439,270,14.16,54.0,1000
955,251.775,38.046,38.046,3.8619,213.729,270,14.15,54.0,1000
956,252.045,38.026,38.026,3.8619,214.019,270,14.14,54.0,1000
957,252.315,38.006,38.006,3.8619,214.309,270,14.13,54.0,1000
958,252.585,37.986,37.986,3.8619,214.599,270,14.12,54.0,1000
959,252.855,37.966,37.966,3.8619,214.889,270,14.1,54.0,1000
960,253.125,37.946,37.946,3.8619,215.179,270,14.09,54.0,1000
961,253.395,37.926,37.926,3.8619,215.469,270,14.08,54.0,1000
962,253.665,37.906,37.906,3.8619,215.759,270,14.07,54.0,1000
963,253.935,37.886,37.886,3.8619,216.049,270,14.06,54.0,1000
964,254.205,37.866,37.866,3.8619,216.339,270,14.05,54.0,1000
965,254.475,37.846,37.846,3.8619,216.629,270,14.04,54.0,1000
966,254.745,37.826,37.826,3.8619,216.919,270,14.03,54.0,1000
967,255.015,37.806,37.806,3.8619,217.209,270,14.02,54.0,1000
968,255.285,37.786,37.786,3.8619,217.499,270,14.01,54.0,1000
969,255.555,37.766,37.766,3.8619,217.789,270,14.0,54.0,1000
970,255.825,37.746,37.746,3.8619,218.079,270,13.99,54.0,1000
971,256.095,37.726,37.726,3.8619,218.369,270,13.98,54.0,1000
972,256.365,37.706,37.706,3.8619,218.659,270,13.97,54.0,1000
973,256.635,37.686,37.686,3.8619,218.949,270,13.96,54.0,1000
974,256.905,37.666,37.666,3.8619,219.239,270,13.95,54.0,1000
975,257.175,37.646,37.646,3.8619,219.529,270,13.93,54.0,1000
976,257.445,37.626,37.626,3.8619,219.819,270,13.92,54.0,1000
977,257.715,37.606,37.606,3.8619,220.109,270,13.91,54.0,1000
978,257.985,37.586,37.586,3.8619,220.399,270,13.9,54.0,1000
979,258.255,37.566,37.566,3.8619,220.689,270,13.89,54.0,1000
980,258.525,37.546,37.546,3.8619,220.979,270,13.88,54.0,1000
981,258.795,37.526,37.526,3.8619,221.269,270,13.87,54.0,1000
982,259.065,37.506,37.506,3.8619,221.559,270,13.86,54.0,1000
983,259.335,37.486,37.486,3.8619,221.849,270,13.84,54.0,1000
984,259.605,37.466,37.466,3.8619,222.139,270,13.83,54.0,1000
985,259.875,37.446,37.446,3.8619,222.429,270,13.82,54.0,1000
986,260.145,37.426,37.426,3.8619,222.719,270,13.81,54.0,1000
987,260.415,37.406,37.406,3.8619,223.009,270,13.8,54.0,1000
988,260.685,37.386,37.386,3.8619,223.299,270,13.79,54.0,1000
989,260.955,37.366,37.366,3.8619,223.589,270,13.77,54.0,1000
990,261.225,37.346,37.346,3.8619,223.879,270,13.76,54.0,1000
991,261.495,37.326,37.326,3.8619,224.169,270,13.75,54.0,1000
992,261.765,37.306,37.306,3.8619,224.459,270,13.74,54.0,1000
993,262.035,37.286,37.286,3.8619,224.749,270,13.73,54.0,1000
994,262.305,37.266,37.266,3.8619,225.039,270,13.71,54.0,1000
995,262.575,37.246,37.246,3.8619,225.329,270,13.7,54.0,1000
996,262.845,37.226,37.226,3.8619,225.619,270,13.69,54.0,1000
997,263.115,37.206,37.206,3.8619,225.909,270,13.68,54.0,1000
998,263.385,37.186,37.186,3.8619,226.199,270,13.66,54.0,1000
999,263.655,37.166,37.166,3.8619,226.489,270,13.65,54.0,1000
1000,263.925,37.146,37.146,3.8619,226.779,270,13.64,54.0,1000
1001,264.195,37.126,37.126,3.8619,227.069,270,13.63,54.0,1000
1002,264.465,37.106,37.106,3.8619,227.359,270,13.61,54.0,1000
1003,264.735,37.086,37.086,3.8619,227.649,270,13.6,54.0,1000
1004,265.005,37.066,37.066,3.8619,227.939,270,13.59,54.0,1000
1005,265.275,37.046,37.046,3.8619,228.229,270,13.58,54.0,1000
1006,265.545,37.026,37.026,3.8619,228.519,270,13.56,54.0,1000
1007,265.815,37.006,37.006,3.8619,228.809,270,13.55,54.0,1000
1008,266.085,36.986,36.986,3.8619,229.099,270,13.54,54.0,1000
1009,266.355,36.966,36.966,3.8619,229.389,270,13.52,54.0,1000
1010,266.625,36.946,36.946,3.8619,229.679,270,13.51,54.0,1000
1011,266.895,36.926,36.926,3.8619,229.969,270,13.5,54.0,1000
1012,267.165,36.906,36.906,3.8619,230.259,270,13.49,54.0,1000
1013,267.435,36.886,36.886,3.8619,230.549,270,13.47,54.0,1000
1014,267.705,36.866,36.866,3.8619,230.839,270,13.46,54.0,1000
1015,267.975,36.846,36.846,3.8619,231.129,270,13.45,54.0,1000
1016,268.245,36.826,36.826,3.8619,231.419,270,13.43,54.0,1000
1017,268.515,36.806,36.806,3.8619,231.709,270,13.42,54.0,1000
1018,268.785,36.786,36.786,3.8619,231.999,270,13.41,54.0,1000
1019,269.055,36.766,36.766,3.8619,232.289,270,13.39,54.0,1000
1020,269.325,36.746,36.746,3.8619,232.579,270,13.38,54.0,1000
1021,269.595,36.726,36.726,3.8619,232.869,270,13.37,54.0,1000
1022,269.865,36.706,36.706,3.8619,233.159,270,13.35,54.0,1000
1023,270.135,36.686,36.686,3.8619,233.449,270,13.34,54.0,1000
1024,270.405,36.666,36.666,3.8619,233.739,270,13.32,54.0,1000
1025,270.675,36.646,36.646,3.8619,234.029,270,13.31,54.0,1000
1026,270.945,36.626,36.626,3.8619,234.319,270,13.3,54.0,1000
1027,271.215,36.606,36.606,3.8619,234.609,270,13.28,54.0,1000
1028,271.485,36.586,36.586,3.8619,234.899,270,13.27,54.0,1000
1029,271.755,36.566,36.566,3.8619,235.189,270,13.25,54.0,1000
1030,272.025,36.546,36.546,3.8619,235.479,270,13.24,54.0,1000
1031,272.295,36.526,36.526,3.8619,235.769,270,13.23,54.0,1000
1032,272.565,36.506,36.506,3.8619,236.059,270,13.21,54.0,1000
1033,272.835,36.486,36.486,3.8619,236.349,270,13.2,54.0,1000
1034,273.105,36.466,36.466,3.8619,236.639,270,13.18,54.0,1000
1035,273.375,36.446,36.446,3.8619,236.929,270,13.17,54.0,1000
1036,273.645,36.426,36.426,3.8619,237.219,270,13.16,54.0,1000
1037,273.915,36.406,36.406,3.8619,237.509,270,13.14,54.0,1000
1038,274.185,36.386,36.386,3.8619,237.799,270,13.13,54.0,1000
1039,274.455,36.366,36.366,3.8619,238.089,270,13.11,54.0,1000
1040,274.725,36.346,36.346,3.8619,238.379,270,13.1,54.0,1000
1041,274.995,36.326,36.326,3.8619,238.669,270,13.08,54.0,1000
1042,275.265,36.306,36.306,3.8619,238.959,270,13.07,54.0,1000
1043,275.535,36.286,36.286,3.8619,239.249,270,13.05,54.0,1000
1044,275.805,36.266,36.266,3.8619,239.539,270,13.04,54.0,1000
1045,276.075,36.246,36.246,3.8619,239.829,270,13.02,54.0,1000
1046,276.345,36.226,36.226,3.8619,240.119,270,13.01,54.0,1000
1047,276.615,36.206,36.206,3.8619,240.409,270,12.99,54.0,1000
1048,276.885,36.186,36.186,3.8619,240.699,270,12.98,54.0,1000
1049,277.155,36.166,36.166,3.8619,240.989,270,12.96,54.0,1000
1050,277.425,36.146,36.146,3.8619,241.279,270,12.95,54.0,1000
1051,277.695,36.126,36.126,3.8619,241.569,270,12.93,54.0,1000
1052,277.965,36.106,36.106,3.8619,241.859,270,12.92,54.0,1000
1053,278.235,36.086,36.086,3.8619,242.149,270,12.9,54.0,1000
1054,278.505,36.066,36.066,3.8619,242.439,270,12.89,54.0,1000
1055,278.775,36.046,36.046,3.8619,242.729,270,12.87,54.0,1000
1056,279.045,36.026,36.026,3.8619,243.019,270,12.86,54.0,1000
1057,279.315,36.006,36.006,3.8619,243.309,270,12.84,54.0,1000
1058,279.585,35.986,35.986,3.8619,243.599,270,12.83,54.0,1000
1059,279.855,35.966,35.966,3.8619,243.889,270,12.81,54.0,1000
1060,280.125,35.946,35.946,3.8619,244.179,270,12.79,54.0,1000
1061,280.395,35.926,35.926,3.8619,244.469,270,12.78,54.0,1000
1062,280.665,35.906,35.906,3.8619,244.759,270,12.76,54.0,1000
1063,280.935,35.886,35.886,3.8619,245.049,270,12.75,54.0,1000
1064,281.205,35.866,35.866,3.8619,245.339,270,12.73,54.0,1000
1065,281.475,35.846,35.846,3.8619,245.629,270,12.72,54.0,1000
1066,281.745,35.826,35.826,3.8619,245.919,270,12.7,54.0,1000
1067,282.015,35.806,35.806,3.8619,246.209,270,12.68,54.0,1000
1068,282.285,35.786,35.786,3.8619,246.499,270,12.67,54.0,1000
1069,282.555,35.766,35.766,3.8619,246.789,270,12.65,54.0,1000
1070,282.825,35.746,35.746,3.8619,247.079,270,12.63,54.0,1000
1071,283.095,35.726,35.726,3.8619,247.369,270,12.62,54.0,1000
1072,283.365,35.706,35.706,3.8619,247.659,270,12.6,54.0,1000
1073,283.635,35.686,35.686,3.8619,247.949,270,12.59,54.0,1000
1074,283.905,35.666,35.666,3.8619,248.239,270,12.57,54.0,1000
1075,284.175,35.646,35.646,3.8619,248.529,270,12.55,54.0,1000
1076,284.445,35.626,35.626,3.8619,248.819,270,12.54,54.0,1000
1077,284.715,35.606,35.606,3.8619,249.109,270,12.52,54.0,1000
1078,284.985,35.586,35.586,3.8619,249.399,270,12.5,54.0,1000
1079,285.255,35.566,35.566,3.8619,249.689,270,12.49,54.0,1000
1080,285.525,35.546,35.546,3.8619,249.979,270,12.47,54.0,1000
1081,285.795,35.526,35.526,3.8619,250.269,270,12.45,54.0,1000
1082,286.065,35.506,35.506,3.8619,250.559,270,12.44,54.0,1000
1083,286.335,35.486,35.486,3.8619,250.849,270,12.42,54.0,1000
1084,286.605,35.466,35.466,3.8619,251.139,270,12.4,54.0,1000
1085,286.875,35.446,35.446,3.8619,251.429,270,12.39,54.0,1000
1086,287.145,35.426,35.426,3.8619,251.719,270,12.37,54.0,1000
1087,287.415,35.406,35.406,3.8619,252.009,270,12.35,54.0,1000
1088,287.685,35.386,35.386,3.8619,252.299,270,12.34,54.0,1000
1089,287.955,35.366,35.366,3.8619,252.589,270,12.32,54.0,1000
1090,288.225,35.346,35.346,3.8619,252.879,270,12.3,54.0,1000
1091,288.495,35.326,35.326,3.8619,253.169,270,12.28,54.0,1000
1092,288.765,35.306,35.306,3.8619,253.459,270,12.27,54.0,1000
1093,289.035,35.286,35.286,3.8619,253.749,270,12.25,54.0,1000
1094,289.305,35.266,35.266,3.8619,254.039,270,12.23,54.0,1000
1095,289.575,35.246,35.246,3.8619,254.329,270,12.22,54.0,1000
1096,289.845,35.226,35.226,3.8619,254.619,270,12.2,54.0,1000
1097,290.115,35.206,35.206,3.8619,254.909,270,12.18,54.0,1000
1098,290.385,35.186,35.186,3.8619,255.199,270,12.16,54.0,1000
1099,290.655,35.166,35.166,3.8619,255.489,270,12.15,54.0,1000
1100,290.925,35.146,35.146,3.8619,255.779,270,12.13,54.0,1000
1101,291.195,35.126,35.126,3.8619,256.069,270,12.11,54.0,1000
1102,291.465,35.106,35.106,3.8619,256.359,270,12.09,54.0,1000
1103,291.735,35.086,35.086,3.8619,256.649,270,12.07,54.0,1000
1104,292.005,35.066,35.066,3.8619,256.939,270,12.06,54.0,1000
1105,292.275,35.046,35.046,3.8619,257.229,270,12.04,54.0,1000
1106,292.545,35.026,35.026,3.8619,257.519,270,12.02,54.0,1000
1107,292.815,35.006,35.006,3.8619,257.809,270,12.0,54.0,1000
1108,293.085,34.986,34.986,3.8619,258.099,270,11.98,54.0,1000
1109,293.355,34.966,34.966,3.8619,258.389,270,11.97,54.0,1000
1110,293.625,34.946,34.946,3.8619,258.679,270,11.95,54.0,1000
1111,293.895,34.926,34.926,3.8619,258.969,270,11.93,54.0,1000
1112,294.165,34.906,34.906,3.8619,259.259,270,11.91,54.0,1000
1113,294.435,34.886,34.886,3.8619,259.549,270,11.89,54.0,1000
1114,294.705,34.866,34.866,3.8619,259.839,270,11.88,54.0,1000
1115,294.975,34.846,34.846,3.8619,260.129,270,11.86,54.0,1000
1116,295.245,34.826,34.826,3.8619,260.419,270,11.84,54.0,1000
1117,295.515,34.806,34.806,3.8619,260.709,270,11.82,54.0,1000
1118,295.785,34.786,34.786,3.8619,260.999,270,11.8,54.0,1000
1119,296.055,34.766,34.766,3.8619,261.289,270,11.78,54.0,1000
1120,296.325,34.746,34.746,3.8619,261.579,270,11.76,54.0,1000
1121,296.595,34.726,34.726,3.8619,261.869,270,11.75,54.0,1000
1122,296.865,34.706,34.706,3.8619,262.159,270,11.73,54.0,1000
1123,297.135,34.686,34.686,3.8619,262.449,270,11.71,54.0,1000
1124,297.405,34.666,34.666,3.8619,262.739,270,11.69,54.0,1000
1125,297.675,34.646,34.646,3.8619,263.029,270,11.67,54.0,1000
1126,297.945,34.626,34.626,3.8619,263.319,270,11.65,54.0,1000
1127,298.215,34.606,34.606,3.8619,263.609,270,11.63,54.0,1000
1128,298.485,34.586,34.586,3.8619,263.899,270,11.61,54.0,1000
1129,298.755,34.566,34.566,3.8619,264.189,270,11.6,54.0,1000
1130,299.025,34.546,34.546,3.8619,264.479,270,11.58,54.0,1000
1131,299.295,34.526,34.526,3.8619,264.769,270,11.56,54.0,1000
1132,299.565,34.506,34.506,3.8619,265.059,270,11.54,54.0,1000
1133,299.835,34.486,34.486,3.8619,265.349,270,11.52,54.0,1000
1134,300.105,34.466,34.466,3.8619,265.639,270,11.5,54.0,1000
1135,300.375,34.446,34.446,3.8619,265.929,270,11.48,54.0,1000
1136,300.645,34.426,34.426,3.8619,266.219,270,11.46,54.0,1000
1137,300.915,34.406,34.406,3.8619,266.509,270,11.44,54.0,1000
1138,301.185,34.386,34.386,3.8619,266.799,270,11.42,54.0,1000
1139,301.455,34.366,34.366,3.8619,267.089,270,11.4,54.0,1000
1140,301.725,34.346,34.346,3.8619,267.379,270,11.38,54.0,1000
1141,301.995,34.326,34.326,3.8619,267.669,270,11.36,54.0,1000
1142,302.265,34.306,34.306,3.8619,267.959,270,11.34,54.0,1000
1143,302.535,34.286,34.286,3.8619,268.249,270,11.32,54.0,1000
1144,302.805,34.266,34.266,3.8619,268.539,270,11.3,54.0,1000
1145,303.075,34.246,34.246,3.8619,268.829,270,11.28,54.0,1000
1146,303.345,34.226,34.226,3.8619,269.119,270,11.27,54.0,1000
1147,303.615,34.206,34.206,3.8619,269.409,270,11.25,54.0,1000
1148,303.885,34.186,34.186,3.8619,269.699,270,11.23,54.0,1000
1149,304.155,34.166,34.166,3.8619,269.989,270,11.21,54.0,1000
1150,304.425,34.146,34.146,3.8619,270.279,270,11.19,54.0,1000
1151,304.695,34.126,34.126,3.8619,270.569,270,11.17,54.0,1000
1152,304.965,34.106,34.106,3.8619,270.859,270,11.15,54.0,1000
1153,305.235,34.086,34.086,3.8619,271.149,270,11.13,54.0,1000
1154,305.505,34.066,34.066,3.8619,271.439,270,11.11,54.0,1000
1155,305.775,34.046,34.046,3.8619,271.729,270,11.09,54.0,1000
1156,306.045,34.026,34.026,3.8619,272.019,270,11.06,54.0,1000
1157,306.315,34.006,34.006,3.8619,272.309,270,11.04,54.0,1000
1158,306.585,33.986,33.986,3.8619,272.599,270,11.02,54.0,1000
1159,306.855,33.966,33.966,3.8619,272.889,270,11.0,54.0,1000
1160,307.125,33.946,33.946,3.8619,273.179,270,10.98,54.0,1000
1161,307.395,33.926,33.926,3.8619,273.469,270,10.96,54.0,1000
1162,307.665,33.906,33.906,3.8619,273.759,270,10.94,54.0,1000
1163,307.935,33.886,33.886,3.8619,274.049,270,10.92,54.0,1000
1164,308.205,33.866,33.866,3.8619,274.339,270,10.9,54.0,1000
1165,308.475,33.846,33.846,3.8619,274.629,270,10.88,54.0,1000
1166,308.745,33.826,33.826,3.8619,274.919,270,10.86,54.0,1000
1167,309.015,33.806,33.806,3.8619,275.209,270,10.84,54.0,1000
1168,309.285,33.786,33.786,3.8619,275.499,270,10.82,54.0,1000
1169,309.555,33.766,33.766,3.8619,275.789,270,10.8,54.0,1000
1170,309.825,33.746,33.746,3.8619,276.079,270,10.78,54.0,1000
1171,310.095,33.726,33.726,3.8619,276.369,270,10.76,54.0,1000
1172,310.365,33.706,33.706,3.8619,276.659,270,10.74,54.0,1000
1173,310.635,33.686,33.686,3.8619,276.949,270,10.71,54.0,1000
1174,310.905,33.666,33.666,3.8619,277.239,270,10.69,54.0,1000
1175,311.175,33.646,33.646,3.8619,277.529,270,10.67,54.0,1000
1176,311.445,33.626,33.626,3.8619,277.819,270,10.65,54.0,1000
1177,311.715,33.606,33.606,3.8619,278.109,270,10.63,54.0,1000
1178,311.985,33.586,33.586,3.8619,278.399,270,10.61,54.0,1000
1179,312.255,33.566,33.566,3.8619,278.689,270,10.59,54.0,1000
1180,312.525,33.546,33.546,3.8619,278.979,270,10.57,54.0,1000
1181,312.795,33.526,33.526,3.8619,279.269,270,10.54,54.0,1000
1182,313.065,33.506,33.506,3.8619,279.559,270,10.52,54.0,1000
1183,313.335,33.486,33.486,3.8619,279.849,270,10.5,54.0,1000
1184,313.605,33.466,33.466,3.8619,280.139,270,10.48,54.0,1000
1185,313.875,33.446,33.446,3.8619,280.429,270,10.46,54.0,1000
1186,314.145,33.426,33.426,3.8619,280.719,270,10.44,54.0,1000
1187,314.415,33.406,33.406,3.8619,281.009,270,10.42,54.0,1000
1188,314.685,33.386,33.386,3.8619,281.299,270,10.39,54.0,1000
1189,314.955,33.366,33.366,3.8619,281.589,270,10.37,54.0,1000
1190,315.225,33.346,33.346,3.8619,281.879,270,10.35,54.0,1000
1191,315.495,33.326,33.326,3.8619,282.169,270,10.33,54.0,1000
1192,315.765,33.306,33.306,3.8619,282.459,270,10.31,54.0,1000
1193,316.035,33.286,33.286,3.8619,282.749,270,10.29,54.0,1000
1194,316.305,33.266,33.266,3.8619,283.039,270,10.26,54.0,1000
1195,316.575,33.246,33.246,3.8619,283.329,270,10.24,54.0,1000
1196,316.845,33.226,33.226,3.8619,283.619,270,10.22,54.0,1000
1197,317.115,33.206,33.206,3.8619,283.909,270,10.2,54.0,1000
1198,317.385,33.186,33.186,3.8619,284.199,270,10.18,54.0,1000
1199,317.655,33.166,33.166,3.8619,284.489,270,10.15,54.0,1000
1200,317.925,33.146,33.146,3.8619,284.779,270,10.13,54.0,1000
1201,318.195,33.126,33.126,3.8619,285.069,270,10.11,54.0,1000
1202,318.465,33.106,33.106,3.8619,285.359,270,10.09,54.0,1000
1203,318.735,33.086,33.086,3.8619,285.649,270,10.07,54.0,1000
1204,319.005,33.066,33.066,3.8619,285.939,270,10.04,54.0,1000
1205,319.275,33.046,33.046,3.8619,286.229,270,10.02,54.0,1000
1206,319.545,33.026,33.026,3.8619,286.519,270,10.0,54.0,1000
1207,319.815,33.006,33.006,3.8619,286.809,270,9.98,54.0,1000
1208,320.085,32.986,32.986,3.8619,287.099,270,9.95,54.0,1000
1209,320.355,32.966,32.966,3.8619,287.389,270,9.93,54.0,1000
1210,320.625,32.946,32.946,3.8619,287.679,270,9.91,54.0,1000
1211,320.895,32.926,32.926,3.8619,287.969,270,9.89,54.0,1000
1212,321.165,32.906,32.906,3.8619,288.259,270,9.86,54.0,1000
1213,321.435,32.886,32.886,3.8619,288.549,270,9.84,54.0,1000
1214,321.705,32.866,32.866,3.8619,288.839,270,9.82,54.0,1000
1215,321.975,32.846,32.846,3.8619,289.129,270,9.8,54.0,1000
1216,322.245,32.826,32.826,3.8619,289.419,270,9.77,54.0,1000
1217,322.515,32.806,32.806,3.8619,289.709,270,9.75,54.0,1000
1218,322.785,32.786,32.786,3.8619,289.999,270,9.73,54.0,1000
1219,323.055,32.766,32.766,3.8619,290.289,270,9.7,54.0,1000
1220,323.325,32.746,32.746,3.8619,290.579,270,9.68,54.0,1000
1221,323.595,32.726,32.726,3.8619,290.869,270,9.66,54.0,1000
1222,323.865,32.706,32.706,3.8619,291.159,270,9.64,54.0,1000
1223,324.135,32.686,32.686,3.8619,291.449,270,9.61,54.0,1000
1224,324.405,32.666,32.666,3.8619,291.739,270,9.59,54.0,1000
1225,324.675,32.646,32.646,3.8619,292.029,270,9.57,54.0,1000
1226,324.945,32.626,32.626,3.8619,292.319,270,9.54,54.0,1000
1227,325.215,32.606,32.606,3.8619,292.609,270,9.52,54.0,1000
1228,325.485,32.586,32.586,3.8619,292.899,270,9.5,54.0,1000
1229,325.755,32.566,32.566,3.8619,293.189,270,9.47,54.0,1000
1230,326.025,32.546,32.546,3.8619,293.479,270,9.45,54.0,1000
1231,326.295,32.526,32.526,3.8619,293.769,270,9.43,54.0,1000
1232,326.565,32.506,32.506,3.8619,294.059,270,9.4,54.0,1000
1233,326.835,32.486,32.486,3.8619,294.349,270,9.38,54.0,1000
1234,327.105,32.466,32.466,3.8619,294.639,270,9.36,54.0,1000
1235,327.375,32.446,32.446,3.8619,294.929,270,9.33,54.0,1000
1236,327.645,32.426,32.426,3.8619,295.219,270,9.31,54.0,1000
1237,327.915,32.406,32.406,3.8619,295.509,270,9.29,54.0,1000
1238,328.185,32.386,32.386,3.8619,295.799,270,9.26,54.0,1000
1239,328.455,32.366,32.366,3.8619,296.089,270,9.24,54.0,1000
1240,328.725,32.346,32.346,3.8619,296.379,270,9.22,54.0,1000
1241,328.995,32.326,32.326,3.8619,296.669,270,9.19,54.0,1000
1242,329.265,32.306,32.306,3.8619,296.959,270,9.17,54.0,1000
1243,329.535,32.286,32.286,3.8619,297.249,270,9.14,54.0,1000
1244,329.805,32.266,32.266,3.8619,297.539,270,9.12,54.0,1000
1245,330.075,32.246,32.246,3.8619,297.829,270,9.1,54.0,1000
1246,330.345,32.226,32.226,3.8619,298.119,270,9.07,54.0,1000
1247,330.615,32.206,32.206,3.8619,298.409,270,9.05,54.0,1000
1248,330.885,32.186,32.186,3.8619,298.699,270,9.03,54.0,1000
1249,331.155,32.166,32.166,3.8619,298.989,270,9.0,54.0,1000
1250,331.425,32.146,32.146,3.8619,299.279,270,8.98,54.0,1000
1251,331.695,32.126,32.126,3.8619,299.569,270,8.95,54.0,1000
1252,331.965,32.106,32.106,3.8619,299.859,270,8.93,54.0,1000
1253,332.235,32.086,32.086,3.8619,300.149,270,8.9,54.0,1000
1254,332.505,32.066,32.066,3.8619,300.439,270,8.88,54.0,1000
1255,332.775,32.046,32.046,3.8619,300.729,270,8.86,54.0,1000
1256,333.045,32.026,32.026,3.8619,301.019,270,8.83,54.0,1000
1257,333.315,32.006,32.006,3.8619,301.309,270,8.81,54.0,1000
1258,333.585,31.986,31.986,3.8619,301.599,270,8.78,54.0,1000
1259,333.855,31.966,31.966,3.8619,301.889,270,8.76,54.0,1000
1260,334.125,31.946,31.946,3.8619,302.179,270,8.73,54.0,1000
1261,334.395,31.926,31.926,3.8619,302.469,270,8.71,54.0,1000
1262,334.665,31.906,31.906,3.8619,302.759,270,8.69,54.0,1000
1263,334.935,31.886,31.886,3.8619,303.049,270,8.66,54.0,1000
1264,335.205,31.866,31.866,3.8619,303.339,270,8.64,54.0,1000
1265,335.475,31.846,31.846,3.8619,303.629,270,8.61,54.0,1000
1266,335.745,31.826,31.826,3.8619,303.919,270,8.59,54.0,1000
1267,336.015,31.806,31.806,3.8619,304.209,270,8.56,54.0,1000
1268,336.285,31.786,31.786,3.8619,304.499,270,8.54,54.0,1000
1269,336.555,31.766,31.766,3.8619,304.789,270,8.51,54.0,1000
1270,336.825,31.746,31.746,3.8619,305.079,270,8.49,54.0,1000
1271,337.095,31.726,31.726,3.8619,305.369,270,8.46,54.0,1000
1272,337.365,31.706,31.706,3.8619,305.659,270,8.44,54.0,1000
1273,337.635,31.686,31.686,3.8619,305.949,270,8.41,54.0,1000
1274,337.905,31.666,31.666,3.8619,306.239,270,8.39,54.0,1000
1275,338.175,31.646,31.646,3.8619,306.529,270,8.37,54.0,1000
1276,338.445,31.626,31.626,3.8619,306.819,270,8.34,54.0,1000
1277,338.715,31.606,31.606,3.8619,307.109,270,8.32,54.0,1000
1278,338.985,31.586,31.586,3.8619,307.399,270,8.29,54.0,1000
1279,339.255,31.566,31.566,3.8619,307.689,270,8.27,54.0,1000
1280,339.525,31.546,31.546,3.8619,307.979,270,8.24,54.0,1000
1281,339.795,31.526,31.526,3.8619,308.269,270,8.22,54.0,1000
1282,340.065,31.506,31.506,3.8619,308.559,270,8.19,54.0,1000
1283,340.335,31.486,31.486,3.8619,308.849,270,8.16,54.0,1000
1284,340.605,31.466,31.466,3.8619,309.139,270,8.14,54.0,1000
1285,340.875,31.446,31.446,3.8619,309.429,270,8.11,54.0,1000
1286,341.145,31.426,31.426,3.8619,309.719,270,8.09,54.0,1000
1287,341.415,31.406,31.406,3.8619,310.009,270,8.06,54.0,1000
1288,341.685,31.386,31.386,3.8619,310.299,270,8.04,54.0,1000
1289,341.955,31.366,31.366,3.8619,310.589,270,8.01,54.0,1000
1290,342.225,31.346,31.346,3.8619,310.879,270,7.99,54.0,1000
1291,342.495,31.326,31.326,3.8619,311.169,270,7.96,54.0,1000
1292,342.765,31.306,31.306,3.8619,311.459,270,7.94,54.0,1000
1293,343.035,31.286,31.286,3.8619,311.749,270,7.91,54.0,1000
1294,343.305,31.266,31.266,3.8619,312.039,270,7.89,54.0,1000
1295,343.575,31.246,31.246,3.8619,312.329,270,7.86,54.0,1000
1296,343.845,31.226,31.226,3.8619,312.619,270,7.84,54.0,1000
1297,344.115,31.206,31.206,3.8619,312.909,270,7.81,54.0,1000
1298,344.385,31.186,31.186,3.8619,313.199,270,7.78,54.0,1000
1299,344.655,31.166,31.166,3.8619,313.489,270,7.76,54.0,1000
1300,344.925,31.146,31.146,3.8619,313.779,270,7.73,54.0,1000
1301,345.195,31.126,31.126,3.8619,314.069,270,7.71,54.0,1000
1302,345.465,31.106,31.106,3.8619,314.359,270,7.68,54.0,1000
1303,345.735,31.086,31.086,3.8619,314.649,270,7.66,54.0,1000
1304,346.005,31.066,31.066,3.8619,314.939,270,7.63,54.0,1000
1305,346.275,31.046,31.046,3.8619,315.229,270,7.6,54.0,1000
1306,346.545,31.026,31.026,3.8619,315.519,270,7.58,54.0,1000
1307,346.815,31.006,31.006,3.8619,315.809,270,7.55,54.0,1000
1308,347.085,30.986,30.986,3.8619,316.099,270,7.53,54.0,1000
1309,347.355,30.966,30.966,3.8619,316.389,270,7.5,54.0,1000
1310,347.625,30.946,30.946,3.8619,316.679,270,7.47,54.0,1000
1311,347.895,30.926,30.926,3.8619,316.969,270,7.45,54.0,1000
1312,348.165,30.906,30.906,3.8619,317.259,270,7.42,54.0,1000
1313,348.435,30.886,30.886,3.8619,317.549,270,7.4,54.0,1000
1314,348.705,30.866,30.866,3.8619,317.839,270,7.37,54.0,1000
1315,348.975,30.846,30.846,3.8619,318.129,270,7.34,54.0,1000
1316,349.245,30.826,30.826,3.8619,318.419,270,7.32,54.0,1000
1317,349.515,30.806,30.806,3.8619,318.709,270,7.29,54.0,1000
1318,349.785,30.786,30.786,3.8619,318.999,270,7.26,54.0,1000
1319,350.055,30.766,30.766,3.8619,319.289,270,7.24,54.0,1000
1320,350.325,30.746,30.746,3.8619,319.579,270,7.21,54.0,1000
1321,350.595,30.726,30.726,3.8619,319.869,270,7.19,54.0,1000
1322,350.865,30.706,30.706,3.8619,320.159,270,7.16,54.0,1000
1323,351.135,30.686,30.686,3.8619,320.449,270,7.13,54.0,1000
1324,351.405,30.666,30.666,3.8619,320.739,270,7.11,54.0,1000
1325,351.675,30.646,30.646,3.8619,321.029,270,7.08,54.0,1000
1326,351.945,30.626,30.626,3.8619,321.319,270,7.05,54.0,1000
1327,352.215,30.606,30.606,3.8619,321.609,270,7.03,54.0,1000
1328,352.485,30.586,30.586,3.8619,321.899,270,7.0,54.0,1000
1329,352.755,30.566,30.566,3.8619,322.189,270,6.97,54.0,1000
1330,353.025,30.546,30.546,3.8619,322.479,270,6.95,54.0,1000
1331,353.295,30.526,30.526,3.8619,322.769,270,6.92,54.0,1000
1332,353.565,30.506,30.506,3.8619,323.059,270,6.89,54.0,1000
1333,353.835,30.486,30.486,3.8619,323.349,270,6.87,54.0,1000
1334,354.105,30.466,30.466,3.8619,323.639,270,6.84,54.0,1000
1335,354.375,30.446,30.446,3.8619,323.929,270,6.81,54.0,1000
1336,354.645,30.426,30.426,3.8619,324.219,270,6.79,54.0,1000
1337,354.915,30.406,30.406,3.8619,324.509,270,6.76,54.0,1000
1338,355.185,30.386,30.386,3.8619,324.799,270,6.73,54.0,1000
1339,355.455,30.366,30.366,3.8619,325.089,270,6.71,54.0,1000
1340,355.725,30.346,30.346,3.8619,325.379,270,6.68,54.0,1000
1341,355.995,30.326,30.326,3.8619,325.669,270,6.65,54.0,1000
1342,356.265,30.306,30.306,3.8619,325.959,270,6.63,54.0,1000
1343,356.535,30.286,30.286,3.8619,326.249,270,6.6,54.0,1000
1344,356.805,30.266,30.266,3.8619,326.539,270,6.57,54.0,1000
1345,357.075,30.246,30.246,3.8619,326.829,270,6.55,54.0,1000
1346,357.345,30.226,30.226,3.8619,327.119,270,6.52,54.0,1000
1347,357.615,30.206,30.206,3.8619,327.409,270,6.49,54.0,1000
1348,357.885,30.186,30.186,3.8619,327.699,270,6.46,54.0,1000
1349,358.155,30.166,30.166,3.8619,327.989,270,6.44,54.0,1000
1350,358.425,30.146,30.146,3.8619,328.279,270,6.41,54.0,1000
1351,358.695,30.126,30.126,3.8619,328.569,270,6.38,54.0,1000
1352,358.965,30.106,30.106,3.8619,328.859,270,6.36,54.0,1000
1353,359.235,30.086,30.086,3.8619,329.149,270,6.33,54.0,1000
1354,359.505,30.066,30.066,3.8619,329.439,270,6.3,54.0,1000
1355,359.775,30.046,30.046,3.8619,329.729,270,6.27,54.0,1000
1356,360.045,30.026,30.026,3.8619,330.019,270,6.25,54.0,1000
1357,360.315,30.006,30.006,3.8619,330.309,270,6.22,54.0,1000
1358,360.585,29.986,29.986,3.8619,330.599,270,6.19,54.0,1000
1359,360.855,29.966,29.966,3.8619,330.889,270,6.17,54.0,1000
1360,361.125,29.946,29.946,3.8619,331.179,270,6.14,54.0,1000
1361,361.395,29.926,29.926,3.8619,331.469,270,6.11,54.0,1000
1362,361.665,29.906,29.906,3.8619,331.759,270,6.08,54.0,1000
1363,361.935,29.886,29.886,3.8619,332.049,270,6.06,54.0,1000
1364,362.205,29.866,29.866,3.8619,332.339,270,6.03,54.0,1000
1365,362.475,29.846,29.846,3.8619,332.629,270,6.0,54.0,1000
1366,362.745,29.826,29.826,3.8619,332.919,270,5.97,54.0,1000
1367,363.015,29.806,29.806,3.8619,333.209,270,5.95,54.0,1000
1368,363.285,29.786,29.786,3.8619,333.499,270,5.92,54.0,1000
1369,363.555,29.766,29.766,3.8619,333.789,270,5.89,54.0,1000
1370,363.825,29.746,29.746,3.8619,334.079,270,5.86,54.0,1000
1371,364.095,29.726,29.726,3.8619,334.369,270,5.84,54.0,1000
1372,364.365,29.706,29.706,3.8619,334.659,270,5.81,54.0,1000
1373,364.635,29.686,29.686,3.8619,334.949,270,5.78,54.0,1000
1374,364.905,29.666,29.666,3.8619,335.239,270,5.75,54.0,1000
1375,365.175,29.646,29.646,3.8619,335.529,270,5.72,54.0,1000
1376,365.445,29.626,29.626,3.8619,335.819,270,5.7,54.0,1000
1377,365.715,29.606,29.606,3.8619,336.109,270,5.67,54.0,1000
1378,365.985,29.586,29.586,3.8619,336.399,270,5.64,54.0,1000
1379,366.255,29.566,29.566,3.8619,336.689,270,5.61,54.0,1000
1380,366.525,29.546,29.546,3.8619,336.979,270,5.59,54.0,1000
1381,366.795,29.526,29.526,3.8619,337.269,270,5.56,54.0,1000
1382,367.065,29.506,29.506,3.8619,337.559,270,5.53,54.0,1000
1383,367.335,29.486,29.486,3.8619,337.849,270,5.5,54.0,1000
1384,367.605,29.466,29.466,3.8619,338.139,270,5.47,54.0,1000
1385,367.875,29.446,29.446,3.8619,338.429,270,5.45,54.0,1000
1386,368.145,29.426,29.426,3.8619,338.719,270,5.42,54.0,1000
1387,368.415,29.406,29.406,3.8619,339.009,270,5.39,54.0,1000
1388,368.685,29.386,29.386,3.8619,339.299,270,5.36,54.0,1000
1389,368.955,29.366,29.366,3.8619,339.589,270,5.33,54.0,1000
1390,369.225,29.346,29.346,3.8619,339.879,270,5.31,54.0,1000
1391,369.495,29.326,29.326,3.8619,340.169,270,5.28,54.0,1000
1392,369.765,29.306,29.306,3.8619,340.459,270,5.25,54.0,1000
1393,370.035,29.286,29.286,3.8619,340.749,270,5.22,54.0,1000
1394,370.305,29.266,29.266,3.8619,341.039,270,5.19,54.0,1000
1395,370.575,29.246,29.246,3.8619,341.329,270,5.17,54.0,1000
1396,370.845,29.226,29.226,3.8619,341.619,270,5.14,54.0,1000
1397,371.115,29.206,29.206,3.8619,341.909,270,5.11,54.0,1000
1398,371.385,29.186,29.186,3.8619,342.199,270,5.08,54.0,1000
1399,371.655,29.166,29.166,3.8619,342.489,270,5.05,54.0,1000
1400,371.925,29.146,29.146,3.8619,342.779,270,5.02,54.0,1000
1401,372.195,29.126,29.126,3.8619,343.069,270,5.0,54.0,1000
1402,372.465,29.106,29.106,3.8619,343.359,270,4.97,54.0,1000
1403,372.735,29.086,29.086,3.8619,343.649,270,4.94,54.0,1000
1404,373.005,29.066,29.066,3.8619,343.939,270,4.91,54.0,1000
1405,373.275,29.046,29.046,3.8619,344.229,270,4.88,54.0,1000
1406,373.545,29.026,29.026,3.8619,344.519,270,4.85,54.0,1000
1407,373.815,29.006,29.006,3.8619,344.809,270,4.83,54.0,1000
1408,374.085,28.986,28.986,3.8619,345.099,270,4.8,54.0,1000
1409,374.355,28.966,28.966,3.8619,345.389,270,4.77,54.0,1000
1410,374.625,28.946,28.946,3.8619,345.679,270,4.74,54.0,1000
1411,374.895,28.926,28.926,3.8619,345.969,270,4.71,54.0,1000
1412,375.165,28.906,28.906,3.8619,346.259,270,4.68,54.0,1000
1413,375.435,28.886,28.886,3.8619,346.549,270,4.66,54.0,1000
1414,375.705,28.866,28.866,3.8619,346.839,270,4.63,54.0,1000
1415,375.975,28.846,28.846,3.8619,347.129,270,4.6,54.0,1000
1416,376.245,28.826,28.826,3.8619,347.419,270,4.57,54.0,1000
1417,376.515,28.806,28.806,3.8619,347.709,270,4.54,54.0,1000
1418,376.785,28.786,28.786,3.8619,347.999,270,4.51,54.0,1000
1419,377.055,28.766,28.766,3.8619,348.289,270,4.48,54.0,1000
1420,377.325,28.746,28.746,3.8619,348.579,270,4.46,54.0,1000
1421,377.595,28.726,28.726,3.8619,348.869,270,4.43,54.0,1000
1422,377.865,28.706,28.706,3.8619,349.159,270,4.4,54.0,1000
1423,378.135,28.686,28.686,3.8619,349.449,270,4.37,54.0,1000
1424,378.405,28.666,28.666,3.8619,349.739,270,4.34,54.0,1000
1425,378.675,28.646,28.646,3.8619,350.029,270,4.31,54.0,1000
1426,378.945,28.626,28.626,3.8619,350.319,270,4.28,54.0,1000
1427,379.215,28.606,28.606,3.8619,350.609,270,4.25,54.0,1000
1428,379.485,28.586,28.586,3.8619,350.899,270,4.23,54.0,1000
1429,379.755,28.566,28.566,3.8619,351.189,270,4.2,54.0,1000
1430,380.025,28.546,28.546,3.8619,351.479,270,4.17,54.0,1000
1431,380.295,28.526,28.526,3.8619,351.769,270,4.14,54.0,1000
1432,380.565,28.506,28.506,3.8619,352.059,270,4.11,54.0,1000
1433,380.835,28.486,28.486,3.8619,352.349,270,4.08,54.0,1000
1434,381.105,28.466,28.466,3.8619,352.639,270,4.05,54.0,1000
1435,381.375,28.446,28.446,3.8619,352.929,270,4.02,54.0,1000
1436,381.645,28.426,28.426,3.8619,353.219,270,4.0,54.0,1000
1437,381.915,28.406,28.406,3.8619,353.509,270,3.97,54.0,1000
1438,382.185,28.386,28.386,3.8619,353.799,270,3.94,54.0,1000
1439,382.455,28.366,28.366,3.8619,354.089,270,3.91,54.0,1000
1440,382.725,28.346,28.346,3.8619,354.379,270,3.88,54.0,1000
1441,382.995,28.326,28.326,3.8619,354.669,270,3.85,54.0,1000
1442,383.265,28.306,28.306,3.8619,354.959,270,3.82,54.0,1000
1443,383.535,28.286,28.286,3.8619,355.249,270,3.79,54.0,1000
1444,383.805,28.266,28.266,3.8619,355.539,270,3.76,54.0,1000
1445,384.075,28.246,28.246,3.8619,355.829,270,3.73,54.0,1000
1446,384.345,28.226,28.226,3.8619,356.119,270,3.71,54.0,1000
1447,384.615,28.206,28.206,3.8619,356.409,270,3.68,54.0,1000
1448,384.885,28.186,28.186,3.8619,356.699,270,3.65,54.0,1000
1449,385.155,28.166,28.166,3.8619,356.989,270,3.62,54.0,1000
1450,385.425,28.146,28.146,3.8619,357.279,270,3.59,54.0,1000
1451,385.695,28.126,28.126,3.8619,357.569,270,3.56,54.0,1000
1452,385.965,28.106,28.106,3.8619,357.859,270,3.53,54.0,1000
1453,386.235,28.086,28.086,3.8619,358.149,270,3.5,54.0,1000
1454,386.505,28.066,28.066,3.8619,358.439,270,3.47,54.0,1000
1455,386.775,28.046,28.046,3.8619,358.729,270,3.44,54.0,1000
1456,387.045,28.026,28.026,3.8619,359.019,270,3.41,54.0,1000
1457,387.315,28.006,28.006,3.8619,359.309,270,3.38,54.0,1000
1458,387.585,27.986,27.986,3.8619,359.599,270,3.36,54.0,1000
1459,387.855,27.966,27.966,3.8619,359.889,270,3.33,54.0,1000
1460,388.125,27.946,27.946,3.8619,360.179,270,3.3,54.0,1000
1461,388.395,27.926,27.926,3.8619,360.469,270,3.27,54.0,1000
1462,388.665,27.906,27.906,3.8619,360.759,270,3.24,54.0,1000
1463,388.935,27.886,27.886,3.8619,361.049,270,3.21,54.0,1000
1464,389.205,27.866,27.866,3.8619,361.339,270,3.18,54.0,1000
1465,389.475,27.846,27.846,3.8619,361.629,270,3.15,54.0,1000
1466,389.745,27.826,27.826,3.8619,361.919,270,3.12,54.0,1000
1467,390.015,27.806,27.806,3.8619,362.209,270,3.09,54.0,1000
1468,390.285,27.786,27.786,3.8619,362.499,270,3.06,54.0,1000
1469,390.555,27.766,27.766,3.8619,362.789,270,3.03,54.0,1000
1470,390.825,27.746,27.746,3.8619,363.079,270,3.0,54.0,1000
1471,391.095,27.726,27.726,3.8619,363.369,270,2.97,54.0,1000
1472,391.365,27.706,27.706,3.8619,363.659,270,2.94,54.0,1000
1473,391.635,27.686,27.686,3.8619,363.949,270,2.92,54.0,1000
1474,391.905,27.666,27.666,3.8619,364.239,270,2.89,54.0,1000
1475,392.175,27.646,27.646,3.8619,364.529,270,2.86,54.0,1000
1476,392.445,27.626,27.626,3.8619,364.819,270,2.83,54.0,1000
1477,392.715,27.606,27.606,3.8619,365.109,270,2.8,54.0,1000
1478,392.985,27.586,27.586,3.8619,365.399,270,2.77,54.0,1000
1479,393.255,27.566,27.566,3.8619,365.689,270,2.74,54.0,1000
1480,393.525,27.546,27.546,3.8619,365.979,270,2.71,54.0,1000
1481,393.795,27.526,27.526,3.8619,366.269,270,2.68,54.0,1000
1482,394.065,27.506,27.506,3.8619,366.559,270,2.65,54.0,1000
1483,394.335,27.486,27.486,3.8619,366.849,270,2.62,54.0,1000
1484,394.605,27.466,27.466,3.8619,367.139,270,2.59,54.0,1000
1485,394.875,27.446,27.446,3.8619,367.429,270,2.56,54.0,1000
1486,395.145,27.426,27.426,3.8619,367.719,270,2.53,54.0,1000
1487,395.415,27.406,27.406,3.8619,368.009,270,2.5,54.0,1000
1488,395.685,27.386,27.386,3.8619,368.299,270,2.47,54.0,1000
1489,395.955,27.366,27.366,3.8619,368.589,270,2.44,54.0,1000
1490,396.225,27.346,27.346,3.8619,368.879,270,2.41,54.0,1000
1491,396.495,27.326,27.326,3.8619,369.169,270,2.38,54.0,1000
1492,396.765,27.306,27.306,3.8619,369.459,270,2.35,54.0,1000
1493,397.035,27.286,27.286,3.8619,369.749,270,2.32,54.0,1000
1494,397.305,27.266,27.266,3.8619,370.039,270,2.29,54.0,1000
1495,397.575,27.246,27.246,3.8619,370.329,270,2.27,54.0,1000
1496,397.845,27.226,27.226,3.8619,370.619,270,2.24,54.0,1000
1497,398.115,27.206,27.206,3.8619,370.909,270,2.21,54.0,1000
1498,398.385,27.186,27.186,3.8619,371.199,270,2.18,54.0,1000
1499,398.655,27.166,27.166,3.8619,371.489,270,2.15,54.0,1000
1500,398.925,27.146,27.146,3.8619,371.779,270,2.12,54.0,1000
1501,399.195,27.126,27.126,3.8619,372.069,270,2.09,54.0,1000
1502,399.465,27.106,27.106,3.8619,372.359,270,2.06,54.0,1000
1503,399.735,27.086,27.086,3.8619,372.649,270,2.03,54.0,1000
1504,400.005,27.066,27.066,3.8619,372.939,270,2.0,54.0,1000
1505,400.275,27.046,27.046,3.8619,373.229,270,1.97,54.0,1000
1506,400.545,27.026,27.026,3.8619,373.519,270,1.94,54.0,1000
1507,400.815,27.006,27.006,3.8619,373.809,270,1.91,54.0,1000
1508,401.085,26.986,26.986,3.8619,374.099,270,1.88,54.0,1000
1509,401.355,26.966,26.966,3.8619,374.389,270,1.85,54.0,1000
1510,401.625,26.946,26.946,3.8619,374.679,270,1.82,54.0,1000
1511,401.895,26.926,26.926,3.8619,374.969,270,1.79,54.0,1000
1512,402.165,26.906,26.906,3.8619,375.259,270,1.76,54.0,1000
1513,402.435,26.886,26.886,3.8619,375.549,270,1.73,54.0,1000
1514,402.705,26.866,26.866,3.8619,375.839,270,1.7,54.0,1000
1515,402.975,26.846,26.846,3.8619,376.129,270,1.67,54.0,1000
1516,403.245,26.826,26.826,3.8619,376.419,270,1.64,54.0,1000
1517,403.515,26.806,26.806,3.8619,376.709,270,1.61,54.0,1000
1518,403.785,26.786,26.786,3.8619,376.999,270,1.58,54.0,1000
1519,404.055,26.766,26.766,3.8619,377.289,270,1.55,54.0,1000
1520,404.325,26.746,26.746,3.8619,377.579,270,1.52,54.0,1000
1521,404.595,26.726,26.726,3.8619,377.869,270,1.49,54.0,1000
1522,404.865,26.706,26.706,3.8619,378.159,270,1.46,54.0,1000
1523,405.135,26.686,26.686,3.8619,378.449,270,1.43,54.0,1000
1524,405.405,26.666,26.666,3.8619,378.739,270,1.4,54.0,1000
1525,405.675,26.646,26.646,3.8619,379.029,270,1.37,54.0,1000
1526,405.945,26.626,26.626,3.8619,379.319,270,1.34,54.0,1000
1527,406.215,26.606,26.606,3.8619,379.609,270,1.31,54.0,1000
1528,406.485,26.586,26.586,3.8619,379.899,270,1.28,54.0,1000
1529,406.755,26.566,26.566,3.8619,380.189,270,1.25,54.0,1000
1530,407.025,26.546,26.546,3.8619,380.479,270,1.22,54.0,1000
1531,407.295,26.526,26.526,3.8619,380.769,270,1.19,54.0,1000
1532,407.565,26.506,26.506,3.8619,381.059,270,1.16,54.0,1000
1533,407.835,26.486,26.486,3.8619,381.349,270,1.13,54.0,1000
1534,408.105,26.466,26.466,3.8619,381.639,270,1.1,54.0,1000
1535,408.375,26.446,26.446,3.8619,381.929,270,1.07,54.0,1000
1536,408.645,26.426,26.426,3.8619,382.219,270,1.04,54.0,1000
1537,408.915,26.406,26.406,3.8619,382.509,270,1.01,54.0,1000
1538,409.185,26.386,26.386,3.8619,382.799,270,0.98,54.0,1000
1539,409.455,26.366,26.366,3.8619,383.089,270,0.95,54.0,1000
1540,409.725,26.346,26.346,3.8619,383.379,270,0.92,54.0,1000
1541,409.995,26.326,26.326,3.8619,383.669,270,0.89,54.0,1000
1542,410.265,26.306,26.306,3.8619,383.959,270,0.86,54.0,1000
1543,410.535,26.286,26.286,3.8619,384.249,270,0.83,54.0,1000
1544,410.805,26.266,26.266,3.8619,384.539,270,0.8,54.0,1000
1545,411.075,26.246,26.246,3.8619,384.829,270,0.77,54.0,1000
1546,411.345,26.226,26.226,3.8619,385.119,270,0.74,54.0,1000
1547,411.615,26.206,26.206,3.8619,385.409,270,0.71,54.0,1000
1548,411.885,26.186,26.186,3.8619,385.699,270,0.68,54.0,1000
1549,412.155,26.166,26.166,3.8619,385.989,270,0.65,54.0,1000
1550,412.425,26.146,26.146,3.8619,386.279,270,0.62,54.0,1000
1551,412.695,26.126,26.126,3.8619,386.569,270,0.59,54.0,1000
1552,412.965,26.106,26.106,3.8619,386.859,270,0.56,54.0,1000
1553,413.235,26.086,26.086,3.8619,387.149,270,0.53,54.0,1000
1554,413.505,26.066,26.066,3.8619,387.439,270,0.5,54.0,1000
1555,413.775,26.046,26.046,3.8619,387.729,270,0.47,54.0,1000
1556,414.045,26.026,26.026,3.8619,388.019,270,0.44,54.0,1000
1557,414.315,26.006,26.006,3.8619,388.309,270,0.41,54.0,1000
1558,414.585,25.986,25.986,3.8619,388.599,270,0.38,54.0,1000
1559,414.855,25.966,25.966,3.8619,388.889,270,0.35,54.0,1000
1560,415.125,25.946,25.946,3.8619,389.179,270,0.32,54.0,1000
1561,415.395,25.926,25.926,3.8619,389.469,270,0.29,54.0,1000
1562,415.665,25.906,25.906,3.8619,389.759,270,0.26,54.0,1000
1563,415.935,25.886,25.886,3.8619,390.049,270,0.23,54.0,1000
1564,416.205,25.866,25.866,3.8619,390.339,270,0.2,54.0,1000
1565,416.475,25.846,25.846,3.8619,390.629,270,0.17,54.0,1000
1566,416.745,25.826,25.826,3.8619,390.919,270,0.14,54.0,1000
1567,417.015,25.806,25.806,3.8619,391.209,270,0.11,54.0,1000
1568,417.285,25.786,25.786,3.8619,391.499,270,0.08,54.0,1000
1569,417.555,25.766,25.766,3.8619,391.789,270,0.05,54.0,1000
1570,417.825,25.746,25.746,3.8619,392.079,270,0.02,54.0,1000
1571,418.095,25.766,25.766,3.8619,392.329,270,-0.01,54.0,1000
1572,418.365,25.786,25.786,3.8619,392.579,270,-0.04,54.0,1000
1573,418.635,25.806,25.806,3.8619,392.829,270,-0.07,54.0,1000
1574,418.905,25.826,25.826,3.8619,393.079,270,-0.1,54.0,1000
1575,419.175,25.846,25.846,3.8619,393.329,270,-0.13,54.0,1000
1576,419.445,25.866,25.866,3.8619,393.579,270,-0.16,54.0,1000
1577,419.715,25.886,25.886,3.8619,393.829,270,-0.19,54.0,1000
1578,419.985,25.906,25.906,3.8619,394.079,270,-0.22,54.0,1000
1579,420.255,25.926,25.926,3.8619,394.329,270,-0.25,54.0,1000
1580,420.525,25.946,25.946,3.8619,394.579,270,-0.28,54.0,1000
1581,420.795,25.966,25.966,3.8619,394.829,270,-0.31,54.0,1000
1582,421.065,25.986,25.986,3.8619,395.079,270,-0.34,54.0,1000
1583,421.335,26.006,26.006,3.8619,395.329,270,-0.37,54.0,1000
1584,421.605,26.026,26.026,3.8619,395.579,270,-0.4,54.0,1000
1585,421.875,26.046,26.046,3.8619,395.829,270,-0.43,54.0,1000
1586,422.145,26.066,26.066,3.8619,396.079,270,-0.46,54.0,1000
1587,422.415,26.086,26.086,3.8619,396.329,270,-0.49,54.0,1000
1588,422.685,26.106,26.106,3.8619,396.579,270,-0.52,54.0,1000
1589,422.955,26.126,26.126,3.8619,396.829,270,-0.55,54.0,1000
1590,423.225,26.146,26.146,3.8619,397.079,270,-0.58,54.0,1000
1591,423.495,26.166,26.166,3.8619,397.329,270,-0.61,54.0,1000
1592,423.765,26.186,26.186,3.8619,397.579,270,-0.64,54.0,1000
1593,424.035,26.206,26.206,3.8619,397.829,270,-0.67,54.0,1000
1594,424.305,26.226,26.226,3.8619,398.079,270,-0.7,54.0,1000
1595,424.575,26.246,26.246,3.8619,398.329,270,-0.73,54.0,1000
1596,424.845,26.266,26.266,3.8619,398.579,270,-0.76,54.0,1000
1597,425.115,26.286,26.286,3.8619,398.829,270,-0.79,54.0,1000
1598,425.385,26.306,26.306,3.8619,399.079,270,-0.82,54.0,1000
1599,425.655,26.326,26.326,3.8619,399.329,270,-0.85,54.0,1000
1600,425.925,26.346,26.346,3.8619,399.579,270,-0.88,54.0,1000
1601,426.195,26.366,26.366,3.8619,399.829,270,-0.91,54.0,1000
1602,426.465,26.386,26.386,3.8619,400.079,270,-0.94,54.0,1000
1603,426.735,26.406,26.406,3.8619,400.329,270,-0.97,54.0,1000
1604,427.005,26.426,26.426,3.8619,400.579,270,-1.0,54.0,1000
1605,427.275,26.446,26.446,3.8619,400.829,270,-1.03,54.0,1000
1606,427.545,26.466,26.466,3.8619,401.079,270,-1.06,54.0,1000
1607,427.815,26.486,26.486,3.8619,401.329,270,-1.09,54.0,1000
1608,428.085,26.506,26.506,3.8619,401.579,270,-1.12,54.0,1000
1609,428.355,26.526,26.526,3.8619,401.829,270,-1.14,54.0,1000
1610,428.625,26.546,26.546,3.8619,402.079,270,-1.17,54.0,1000
1611,428.895,26.566,26.566,3.8619,402.329,270,-1.2,54.0,1000
1612,429.165,26.586,26.586,3.8619,402.579,270,-1.23,54.0,1000
1613,429.435,26.606,26.606,3.8619,402.829,270,-1.26,54.0,1000
1614,429.705,26.626,26.626,3.8619,403.079,270,-1.29,54.0,1000
1615,429.975,26.646,26.646,3.8619,403.329,270,-1.32,54.0,1000
1616,430.245,26.666,26.666,3.8619,403.579,270,-1.35,54.0,1000
1617,430.515,26.686,26.686,3.8619,403.829,270,-1.38,54.0,1000
1618,430.785,26.706,26.706,3.8619,404.079,270,-1.41,54.0,1000
1619,431.055,26.726,26.726,3.8619,404.329,270,-1.44,54.0,1000
1620,431.325,26.746,26.746,3.8619,404.579,270,-1.47,54.0,1000
1621,431.595,26.766,26.766,3.8619,404.829,270,-1.5,54.0,1000
1622,431.865,26.786,26.786,3.8619,405.079,270,-1.53,54.0,1000
1623,432.135,26.806,26.806,3.8619,405.329,270,-1.56,54.0,1000
1624,432.405,26.826,26.826,3.8619,405.579,270,-1.59,54.0,1000
1625,432.675,26.846,26.846,3.8619,405.829,270,-1.62,54.0,1000
1626,432.945,26.866,26.866,3.8619,406.079,270,-1.65,54.0,1000
1627,433.215,26.886,26.886,3.8619,406.329,270,-1.68,54.0,1000
1628,433.485,26.906,26.906,3.8619,406.579,270,-1.71,54.0,1000
1629,433.755,26.926,26.926,3.8619,406.829,270,-1.74,54.0,1000
1630,434.025,26.946,26.946,3.8619,407.079,270,-1.77,54.0,1000
1631,434.295,26.966,26.966,3.8619,407.329,270,-1.8,54.0,1000
1632,434.565,26.986,26.986,3.8619,407.579,270,-1.83,54.0,1000
1633,434.835,27.006,27.006,3.8619,407.829,270,-1.86,54.0,1000
1634,435.105,27.026,27.026,3.8619,408.079,270,-1.89,54.0,1000
1635,435.375,27.046,27.046,3.8619,408.329,270,-1.92,54.0,1000
1636,435.645,27.066,27.066,3.8619,408.579,270,-1.95,54.0,1000
1637,435.915,27.086,27.086,3.8619,408.829,270,-1.98,54.0,1000
1638,436.185,27.106,27.106,3.8619,409.079,270,-2.01,54.0,1000
1639,436.455,27.126,27.126,3.8619,409.329,270,-2.04,54.0,1000
1640,436.725,27.146,27.146,3.8619,409.579,270,-2.07,54.0,1000
1641,436.995,27.166,27.166,3.8619,409.829,270,-2.1,54.0,1000
1642,437.265,27.186,27.186,3.8619,410.079,270,-2.13,54.0,1000
1643,437.535,27.206,27.206,3.8619,410.329,270,-2.16,54.0,1000
1644,437.805,27.226,27.226,3.8619,410.579,270,-2.19,54.0,1000
1645,438.075,27.246,27.246,3.8619,410.829,270,-2.22,54.0,1000
1646,438.345,27.266,27.266,3.8619,411.079,270,-2.25,54.0,1000
1647,438.615,27.286,27.286,3.8619,411.329,270,-2.28,54.0,1000
1648,438.885,27.306,27.306,3.8619,411.579,270,-2.31,54.0,1000
1649,439.155,27.326,27.326,3.8619,411.829,270,-2.34,54.0,1000
1650,439.425,27.346,27.346,3.8619,412.079,270,-2.37,54.0,1000
1651,439.695,27.366,27.366,3.8619,412.329,270,-2.4,54.0,1000
1652,439.965,27.386,27.386,3.8619,412.579,270,-2.43,54.0,1000
1653,440.235,27.406,27.406,3.8619,412.829,270,-2.46,54.0,1000
1654,440.505,27.426,27.426,3.8619,413.079,270,-2.48,54.0,1000
1655,440.775,27.446,27.446,3.8619,413.329,270,-2.51,54.0,1000
1656,441.045,27.466,27.466,3.8619,413.579,270,-2.54,54.0,1000
1657,441.315,27.486,27.486,3.8619,413.829,270,-2.57,54.0,1000
1658,441.585,27.506,27.506,3.8619,414.079,270,-2.6,54.0,1000
1659,441.855,27.526,27.526,3.8619,414.329,270,-2.63,54.0,1000
1660,442.125,27.546,27.546,3.8619,414.579,270,-2.66,54.0,1000
1661,442.395,27.566,27.566,3.8619,414.829,270,-2.69,54.0,1000
1662,442.665,27.586,27.586,3.8619,415.079,270,-2.72,54.0,1000
1663,442.935,27.606,27.606,3.8619,415.329,270,-2.75,54.0,1000
1664,443.205,27.626,27.626,3.8619,415.579,270,-2.78,54.0,1000
1665,443.475,27.646,27.646,3.8619,415.829,270,-2.81,54.0,1000
1666,443.745,27.666,27.666,3.8619,416.079,270,-2.84,54.0,1000
1667,444.015,27.686,27.686,3.8619,416.329,270,-2.87,54.0,1000
1668,444.285,27.706,27.706,3.8619,416.579,270,-2.9,54.0,1000
1669,444.555,27.726,27.726,3.8619,416.829,270,-2.93,54.0,1000
1670,444.825,27.746,27.746,3.8619,417.079,270,-2.96,54.0,1000
1671,445.095,27.766,27.766,3.8619,417.329,270,-2.99,54.0,1000
1672,445.365,27.786,27.786,3.8619,417.579,270,-3.02,54.0,1000
1673,445.635,27.806,27.806,3.8619,417.829,270,-3.04,54.0,1000
1674,445.905,27.826,27.826,3.8619,418.079,270,-3.07,54.0,1000
1675,446.175,27.846,27.846,3.8619,418.329,270,-3.1,54.0,1000
1676,446.445,27.866,27.866,3.8619,418.579,270,-3.13,54.0,1000
1677,446.715,27.886,27.886,3.8619,418.829,270,-3.16,54.0,1000
1678,446.985,27.906,27.906,3.8619,419.079,270,-3.19,54.0,1000
1679,447.255,27.926,27.926,3.8619,419.329,270,-3.22,54.0,1000
1680,447.525,27.946,27.946,3.8619,419.579,270,-3.25,54.0,1000
1681,447.795,27.966,27.966,3.8619,419.829,270,-3.28,54.0,1000
1682,448.065,27.986,27.986,3.8619,420.079,270,-3.31,54.0,1000
1683,448.335,28.006,28.006,3.8619,420.329,270,-3.34,54.0,1000
1684,448.605,28.026,28.026,3.8619,420.579,270,-3.37,54.0,1000
1685,448.875,28.046,28.046,3.8619,420.829,270,-3.4,54.0,1000
1686,449.145,28.066,28.066,3.8619,421.079,270,-3.43,54.0,1000
1687,449.415,28.086,28.086,3.8619,421.329,270,-3.45,54.0,1000
1688,449.685,28.106,28.106,3.8619,421.579,270,-3.48,54.0,1000
1689,449.955,28.126,28.126,3.8619,421.829,270,-3.51,54.0,1000
1690,450.225,28.146,28.146,3.8619,422.079,270,-3.54,54.0,1000
1691,450.495,28.166,28.166,3.8619,422.329,270,-3.57,54.0,1000
1692,450.765,28.186,28.186,3.8619,422.579,270,-3.6,54.0,1000
1693,451.035,28.206,28.206,3.8619,422.829,270,-3.63,54.0,1000
1694,451.305,28.226,28.226,3.8619,423.079,270,-3.66,54.0,1000
1695,451.575,28.246,28.246,3.8619,423.329,270,-3.69,54.0,1000
1696,451.845,28.266,28.266,3.8619,423.579,270,-3.72,54.0,1000
1697,452.115,28.286,28.286,3.8619,423.829,270,-3.75,54.0,1000
1698,452.385,28.306,28.306,3.8619,424.079,270,-3.78,54.0,1000
1699,452.655,28.326,28.326,3.8619,424.329,270,-3.8,54.0,1000
1700,452.925,28.346,28.346,3.8619,424.579,270,-3.83,54.0,1000
1701,453.195,28.366,28.366,3.8619,424.829,270,-3.86,54.0,1000
1702,453.465,28.386,28.386,3.8619,425.079,270,-3.89,54.0,1000
1703,453.735,28.406,28.406,3.8619,425.329,270,-3.92,54.0,1000
1704,454.005,28.426,28.426,3.8619,425.579,270,-3.95,54.0,1000
1705,454.275,28.446,28.446,3.8619,425.829,270,-3.98,54.0,1000
1706,454.545,28.466,28.466,3.8619,426.079,270,-4.01,54.0,1000
1707,454.815,28.486,28.486,3.8619,426.329,270,-4.04,54.0,1000
1708,455.085,28.506,28.506,3.8619,426.579,270,-4.06,54.0,1000
1709,455.355,28.526,28.526,3.8619,426.829,270,-4.09,54.0,1000
1710,455.625,28.546,28.546,3.8619,427.079,270,-4.12,54.0,1000
1711,455.895,28.566,28.566,3.8619,427.329,270,-4.15,54.0,1000
1712,456.165,28.586,28.586,3.8619,427.579,270,-4.18,54.0,1000
1713,456.435,28.606,28.606,3.8619,427.829,270,-4.21,54.0,1000
1714,456.705,28.626,28.626,3.8619,428.079,270,-4.24,54.0,1000
1715,456.975,28.646,28.646,3.8619,428.329,270,-4.27,54.0,1000
1716,457.245,28.666,28.666,3.8619,428.579,270,-4.3,54.0,1000
1717,457.515,28.686,28.686,3.8619,428.829,270,-4.32,54.0,1000
1718,457.785,28.706,28.706,3.8619,429.079,270,-4.35,54.0,1000
1719,458.055,28.726,28.726,3.8619,429.329,270,-4.38,54.0,1000
1720,458.325,28.746,28.746,3.8619,429.579,270,-4.41,54.0,1000
1721,458.595,28.766,28.766,3.8619,429.829,270,-4.44,54.0,1000
1722,458.865,28.786,28.786,3.8619,430.079,270,-4.47,54.0,1000
1723,459.135,28.806,28.806,3.8619,430.329,270,-4.5,54.0,1000
1724,459.405,28.826,28.826,3.8619,430.579,270,-4.52,54.0,1000
1725,459.675,28.846,28.846,3.8619,430.829,270,-4.55,54.0,1000
1726,459.945,28.866,28.866,3.8619,431.079,270,-4.58,54.0,1000
1727,460.215,28.886,28.886,3.8619,431.329,270,-4.61,54.0,1000
1728,460.485,28.906,28.906,3.8619,431.579,270,-4.64,54.0,1000
1729,460.755,28.926,28.926,3.8619,431.829,270,-4.67,54.0,1000
1730,461.025,28.946,28.946,3.8619,432.079,270,-4.7,54.0,1000
1731,461.295,28.966,28.966,3.8619,432.329,270,-4.72,54.0,1000
1732,461.565,28.986,28.986,3.8619,432.579,270,-4.75,54.0,1000
1733,461.835,29.006,29.006,3.8619,432.829,270,-4.78,54.0,1000
1734,462.105,29.026,29.026,3.8619,433.079,270,-4.81,54.0,1000
1735,462.375,29.046,29.046,3.8619,433.329,270,-4.84,54.0,1000
1736,462.645,29.066,29.066,3.8619,433.579,270,-4.87,54.0,1000
1737,462.915,29.086,29.086,3.8619,433.829,270,-4.89,54.0,1000
1738,463.185,29.106,29.106,3.8619,434.079,270,-4.92,54.0,1000
1739,463.455,29.126,29.126,3.8619,434.329,270,-4.95,54.0,1000
1740,463.725,29.146,29.146,3.8619,434.579,270,-4.98,54.0,1000
1741,463.995,29.166,29.166,3.8619,434.829,270,-5.01,54.0,1000
1742,464.265,29.186,29.186,3.8619,435.079,270,-5.04,54.0,1000
1743,464.535,29.206,29.206,3.8619,435.329,270,-5.06,54.0,1000
1744,464.805,29.226,29.226,3.8619,435.579,270,-5.09,54.0,1000
1745,465.075,29.246,29.246,3.8619,435.829,270,-5.12,54.0,1000
1746,465.345,29.266,29.266,3.8619,436.079,270,-5.15,54.0,1000
1747,465.615,29.286,29.286,3.8619,436.329,270,-5.18,54.0,1000
1748,465.885,29.306,29.306,3.8619,436.579,270,-5.21,54.0,1000
1749,466.155,29.326,29.326,3.8619,436.829,270,-5.23,54.0,1000
1750,466.425,29.346,29.346,3.8619,437.079,270,-5.26,54.0,1000
1751,466.695,29.366,29.366,3.8619,437.329,270,-5.29,54.0,1000
1752,466.965,29.386,29.386,3.8619,437.579,270,-5.32,54.0,1000
1753,467.235,29.406,29.406,3.8619,437.829,270,-5.35,54.0,1000
1754,467.505,29.426,29.426,3.8619,438.079,270,-5.37,54.0,1000
1755,467.775,29.446,29.446,3.8619,438.329,270,-5.4,54.0,1000
1756,468.045,29.466,29.466,3.8619,438.579,270,-5.43,54.0,1000
1757,468.315,29.486,29.486,3.8619,438.829,270,-5.46,54.0,1000
1758,468.585,29.506,29.506,3.8619,439.079,270,-5.49,54.0,1000
1759,468.855,29.526,29.526,3.8619,439.329,270,-5.51,54.0,1000
1760,469.125,29.546,29.546,3.8619,439.579,270,-5.54,54.0,1000
1761,469.395,29.566,29.566,3.8619,439.829,270,-5.57,54.0,1000
1762,469.665,29.586,29.586,3.8619,440.079,270,-5.6,54.0,1000
1763,469.935,29.606,29.606,3.8619,440.329,270,-5.63,54.0,1000
1764,470.205,29.626,29.626,3.8619,440.579,270,-5.65,54.0,1000
1765,470.475,29.646,29.646,3.8619,440.829,270,-5.68,54.0,1000
1766,470.745,29.666,29.666,3.8619,441.079,270,-5.71,54.0,1000
1767,471.015,29.686,29.686,3.8619,441.329,270,-5.74,54.0,1000
1768,471.285,29.706,29.706,3.8619,441.579,270,-5.76,54.0,1000
1769,471.555,29.726,29.726,3.8619,441.829,270,-5.79,54.0,1000
1770,471.825,29.746,29.746,3.8619,442.079,270,-5.82,54.0,1000
1771,472.095,29.766,29.766,3.8619,442.329,270,-5.85,54.0,1000
1772,472.365,29.786,29.786,3.8619,442.579,270,-5.87,54.0,1000
1773,472.635,29.806,29.806,3.8619,442.829,270,-5.9,54.0,1000
1774,472.905,29.826,29.826,3.8619,443.079,270,-5.93,54.0,1000
1775,473.175,29.846,29.846,3.8619,443.329,270,-5.96,54.0,1000
1776,473.445,29.866,29.866,3.8619,443.579,270,-5.98,54.0,1000
1777,473.715,29.886,29.886,3.8619,443.829,270,-6.01,54.0,1000
1778,473.985,29.906,29.906,3.8619,444.079,270,-6.04,54.0,1000
1779,474.255,29.926,29.926,3.8619,444.329,270,-6.07,54.0,1000
1780,474.525,29.946,29.946,3.8619,444.579,270,-6.09,54.0,1000
1781,474.795,29.966,29.966,3.8619,444.829,270,-6.12,54.0,1000
1782,475.065,29.986,29.986,3.8619,445.079,270,-6.15,54.0,1000
1783,475.335,30.006,30.006,3.8619,445.329,270,-6.18,54.0,1000
1784,475.605,30.026,30.026,3.8619,445.579,270,-6.2,54.0,1000
1785,475.875,30.046,30.046,3.8619,445.829,270,-6.23,54.0,1000
1786,476.145,30.066,30.066,3.8619,446.079,270,-6.26,54.0,1000
1787,476.415,30.086,30.086,3.8619,446.329,270,-6.29,54.0,1000
1788,476.685,30.106,30.106,3.8619,446.579,270,-6.31,54.0,1000
1789,476.955,30.126,30.126,3.8619,446.829,270,-6.34,54.0,1000
1790,477.225,30.146,30.146,3.8619,447.079,270,-6.37,54.0,1000
1791,477.495,30.166,30.166,3.8619,447.329,270,-6.39,54.0,1000
1792,477.765,30.186,30.186,3.8619,447.579,270,-6.42,54.0,1000
1793,478.035,30.206,30.206,3.8619,447.829,270,-6.45,54.0,1000
1794,478.305,30.226,30.226,3.8619,448.079,270,-6.48,54.0,1000
1795,478.575,30.246,30.246,3.8619,448.329,270,-6.5,54.0,1000
1796,478.845,30.266,30.266,3.8619,448.579,270,-6.53,54.0,1000
1797,479.115,30.286,30.286,3.8619,448.829,270,-6.56,54.0,1000
1798,479.385,30.306,30.306,3.8619,449.079,270,-6.58,54.0,1000
1799,479.655,30.326,30.326,3.8619,449.329,270,-6.61,54.0,1000
1800,479.925,30.346,30.346,3.8619,449.579,270,-6.64,54.0,1000
1801,480.195,30.366,30.366,3.8619,449.829,270,-6.66,54.0,1000
1802,480.465,30.386,30.386,3.8619,450.079,270,-6.69,54.0,1000
1803,480.735,30.406,30.406,3.8619,450.329,270,-6.72,54.0,1000
1804,481.005,30.426,30.426,3.8619,450.579,270,-6.75,54.0,1000
1805,481.275,30.446,30.446,3.8619,450.829,270,-6.77,54.0,1000
1806,481.545,30.466,30.466,3.8619,451.079,270,-6.8,54.0,1000
1807,481.815,30.486,30.486,3.8619,451.329,270,-6.83,54.0,1000
1808,482.085,30.506,30.506,3.8619,451.579,270,-6.85,54.0,1000
1809,482.355,30.526,30.526,3.8619,451.829,270,-6.88,54.0,1000
1810,482.625,30.546,30.546,3.8619,452.079,270,-6.91,54.0,1000
1811,482.895,30.566,30.566,3.8619,452.329,270,-6.93,54.0,1000
1812,483.165,30.586,30.586,3.8619,452.579,270,-6.96,54.0,1000
1813,483.435,30.606,30.606,3.8619,452.829,270,-6.99,54.0,1000
1814,483.705,30.626,30.626,3.8619,453.079,270,-7.01,54.0,1000
1815,483.975,30.646,30.646,3.8619,453.329,270,-7.04,54.0,1000
1816,484.245,30.666,30.666,3.8619,453.579,270,-7.06,54.0,1000
1817,484.515,30.686,30.686,3.8619,453.829,270,-7.09,54.0,1000
1818,484.785,30.706,30.706,3.8619,454.079,270,-7.12,54.0,1000
1819,485.055,30.726,30.726,3.8619,454.329,270,-7.14,54.0,1000
1820,485.325,30.746,30.746,3.8619,454.579,270,-7.17,54.0,1000
1821,485.595,30.766,30.766,3.8619,454.829,270,-7.2,54.0,1000
1822,485.865,30.786,30.786,3.8619,455.079,270,-7.22,54.0,1000
1823,486.135,30.806,30.806,3.8619,455.329,270,-7.25,54.0,1000
1824,486.405,30.826,30.826,3.8619,455.579,270,-7.28,54.0,1000
1825,486.675,30.846,30.846,3.8619,455.829,270,-7.3,54.0,1000
1826,486.945,30.866,30.866,3.8619,456.079,270,-7.33,54.0,1000
1827,487.215,30.886,30.886,3.8619,456.329,270,-7.35,54.0,1000
1828,487.485,30.906,30.906,3.8619,456.579,270,-7.38,54.0,1000
1829,487.755,30.926,30.926,3.8619,456.829,270,-7.41,54.0,1000
1830,488.025,30.946,30.946,3.8619,457.079,270,-7.43,54.0,1000
1831,488.295,30.966,30.966,3.8619,457.329,270,-7.46,54.0,1000
1832,488.565,30.986,30.986,3.8619,457.579,270,-7.48,54.0,1000
1833,488.835,31.006,31.006,3.8619,457.829,270,-7.51,54.0,1000
1834,489.105,31.026,31.026,3.8619,458.079,270,-7.54,54.0,1000
1835,489.375,31.046,31.046,3.8619,458.329,270,-7.56,54.0,1000
1836,489.645,31.066,31.066,3.8619,458.579,270,-7.59,54.0,1000
1837,489.915,31.086,31.086,3.8619,458.829,270,-7.61,54.0,1000
1838,490.185,31.106,31.106,3.8619,459.079,270,-7.64,54.0,1000
1839,490.455,31.126,31.126,3.8619,459.329,270,-7.67,54.0,1000
1840,490.725,31.146,31.146,3.8619,459.579,270,-7.69,54.0,1000
1841,490.995,31.166,31.166,3.8619,459.829,270,-7.72,54.0,1000
1842,491.265,31.186,31.186,3.8619,460.079,270,-7.74,54.0,1000
1843,491.535,31.206,31.206,3.8619,460.329,270,-7.77,54.0,1000
1844,491.805,31.226,31.226,3.8619,460.579,270,-7.79,54.0,1000
1845,492.075,31.246,31.246,3.8619,460.829,270,-7.82,54.0,1000
1846,492.345,31.266,31.266,3.8619,461.079,270,-7.85,54.0,1000
1847,492.615,31.286,31.286,3.8619,461.329,270,-7.87,54.0,1000
1848,492.885,31.306,31.306,3.8619,461.579,270,-7.9,54.0,1000
1849,493.155,31.326,31.326,3.8619,461.829,270,-7.92,54.0,1000
1850,493.425,31.346,31.346,3.8619,462.079,270,-7.95,54.0,1000
1851,493.695,31.366,31.366,3.8619,462.329,270,-7.97,54.0,1000
1852,493.965,31.386,31.386,3.8619,462.579,270,-8.0,54.0,1000
1853,494.235,31.406,31.406,3.8619,462.829,270,-8.02,54.0,1000
1854,494.505,31.426,31.426,3.8619,463.079,270,-8.05,54.0,1000
1855,494.775,31.446,31.446,3.8619,463.329,270,-8.07,54.0,1000
1856,495.045,31.466,31.466,3.8619,463.579,270,-8.1,54.0,1000
1857,495.315,31.486,31.486,3.8619,463.829,270,-8.12,54.0,1000
1858,495.585,31.506,31.506,3.8619,464.079,270,-8.15,54.0,1000
1859,495.855,31.526,31.526,3.8619,464.329,270,-8.18,54.0,1000
1860,496.125,31.546,31.546,3.8619,464.579,270,-8.2,54.0,1000
1861,496.395,31.566,31.566,3.8619,464.829,270,-8.23,54.0,1000
1862,496.665,31.586,31.586,3.8619,465.079,270,-8.25,54.0,1000
1863,496.935,31.606,31.606,3.8619,465.329,270,-8.28,54.0,1000
1864,497.205,31.626,31.626,3.8619,465.579,270,-8.3,54.0,1000
1865,497.475,31.646,31.646,3.8619,465.829,270,-8.33,54.0,1000
1866,497.745,31.666,31.666,3.8619,466.079,270,-8.35,54.0,1000
1867,498.015,31.686,31.686,3.8619,466.329,270,-8.38,54.0,1000
1868,498.285,31.706,31.706,3.8619,466.579,270,-8.4,54.0,1000
1869,498.555,31.726,31.726,3.8619,466.829,270,-8.43,54.0,1000
1870,498.825,31.746,31.746,3.8619,467.079,270,-8.45,54.0,1000
1871,499.095,31.766,31.766,3.8619,467.329,270,-8.47,54.0,1000
1872,499.365,31.786,31.786,3.8619,467.579,270,-8.5,54.0,1000
1873,499.635,31.806,31.806,3.8619,467.829,270,-8.52,54.0,1000
1874,499.905,31.826,31.826,3.8619,468.079,270,-8.55,54.0,1000
1875,500.175,31.846,31.846,3.8619,468.329,270,-8.57,54.0,1000
1876,500.445,31.866,31.866,3.8619,468.579,270,-8.6,54.0,1000
1877,500.715,31.886,31.886,3.8619,468.829,270,-8.62,54.0,1000
1878,500.985,31.906,31.906,3.8619,469.079,270,-8.65,54.0,1000
1879,501.255,31.926,31.926,3.8619,469.329,270,-8.67,54.0,1000
1880,501.525,31.946,31.946,3.8619,469.579,270,-8.7,54.0,1000
1881,501.795,31.966,31.966,3.8619,469.829,270,-8.72,54.0,1000
1882,502.065,31.986,31.986,3.8619,470.079,270,-8.74,54.0,1000
1883,502.335,32.006,32.006,3.8619,470.329,270,-8.77,54.0,1000
1884,502.605,32.026,32.026,3.8619,470.579,270,-8.79,54.0,1000
1885,502.875,32.046,32.046,3.8619,470.829,270,-8.82,54.0,1000
1886,503.145,32.066,32.066,3.8619,471.079,270,-8.84,54.0,1000
1887,503.415,32.086,32.086,3.8619,471.329,270,-8.87,54.0,1000
1888,503.685,32.106,32.106,3.8619,471.579,270,-8.89,54.0,1000
1889,503.955,32.126,32.126,3.8619,471.829,270,-8.91,54.0,1000
1890,504.225,32.146,32.146,3.8619,472.079,270,-8.94,54.0,1000
1891,504.495,32.166,32.166,3.8619,472.329,270,-8.96,54.0,1000
1892,504.765,32.186,32.186,3.8619,472.579,270,-8.99,54.0,1000
1893,505.035,32.206,32.206,3.8619,472.829,270,-9.01,54.0,1000
1894,505.305,32.226,32.226,3.8619,473.079,270,-9.03,54.0,1000
1895,505.575,32.246,32.246,3.8619,473.329,270,-9.06,54.0,1000
1896,505.845,32.266,32.266,3.8619,473.579,270,-9.08,54.0,1000
1897,506.115,32.286,32.286,3.8619,473.829,270,-9.11,54.0,1000
1898,506.385,32.306,32.306,3.8619,474.079,270,-9.13,54.0,1000
1899,506.655,32.326,32.326,3.8619,474.329,270,-9.15,54.0,1000
1900,506.925,32.346,32.346,3.8619,474.579,270,-9.18,54.0,1000
1901,507.195,32.366,32.366,3.8619,474.829,270,-9.2,54.0,1000
1902,507.465,32.386,32.386,3.8619,475.079,270,-9.23,54.0,1000
1903,507.735,32.406,32.406,3.8619,475.329,270,-9.25,54.0,1000
1904,508.005,32.426,32.426,3.8619,475.579,270,-9.27,54.0,1000
1905,508.275,32.446,32.446,3.8619,475.829,270,-9.3,54.0,1000
1906,508.545,32.466,32.466,3.8619,476.079,270,-9.32,54.0,1000
1907,508.815,32.486,32.486,3.8619,476.329,270,-9.34,54.0,1000
1908,509.085,32.506,32.506,3.8619,476.579,270,-9.37,54.0,1000
1909,509.355,32.526,32.526,3.8619,476.829,270,-9.39,54.0,1000
1910,509.625,32.546,32.546,3.8619,477.079,270,-9.41,54.0,1000
1911,509.895,32.566,32.566,3.8619,477.329,270,-9.44,54.0,1000
1912,510.165,32.586,32.586,3.8619,477.579,270,-9.46,54.0,1000
1913,510.435,32.606,32.606,3.8619,477.829,270,-9.48,54.0,1000
1914,510.705,32.626,32.626,3.8619,478.079,270,-9.51,54.0,1000
1915,510.975,32.646,32.646,3.8619,478.329,270,-9.53,54.0,1000
1916,511.245,32.666,32.666,3.8619,478.579,270,-9.55,54.0,1000
1917,511.515,32.686,32.686,3.8619,478.829,270,-9.58,54.0,1000
1918,511.785,32.706,32.706,3.8619,479.079,270,-9.6,54.0,1000
1919,512.055,32.726,32.726,3.8619,479.329,270,-9.62,54.0,1000
1920,512.325,32.746,32.746,3.8619,479.579,270,-9.64,54.0,1000
1921,512.595,32.766,32.766,3.8619,479.829,270,-9.67,54.0,1000
1922,512.865,32.786,32.786,3.8619,480.079,270,-9.69,54.0,1000
1923,513.135,32.806,32.806,3.8619,480.329,270,-9.71,54.0,1000
1924,513.405,32.826,32.826,3.8619,480.579,270,-9.74,54.0,1000
1925,513.675,32.846,32.846,3.8619,480.829,270,-9.76,54.0,1000
1926,513.945,32.866,32.866,3.8619,481.079,270,-9.78,54.0,1000
1927,514.215,32.886,32.886,3.8619,481.329,270,-9.8,54.0,1000
1928,514.485,32.906,32.906,3.8619,481.579,270,-9.83,54.0,1000
1929,514.755,32.926,32.926,3.8619,481.829,270,-9.85,54.0,1000
1930,515.025,32.946,32.946,3.8619,482.079,270,-9.87,54.0,1000
1931,515.295,32.966,32.966,3.8619,482.329,270,-9.9,54.0,1000
1932,515.565,32.986,32.986,3.8619,482.579,270,-9.92,54.0,1000
1933,515.835,33.006,33.006,3.8619,482.829,270,-9.94,54.0,1000
1934,516.105,33.026,33.026,3.8619,483.079,270,-9.96,54.0,1000
1935,516.375,33.046,33.046,3.8619,483.329,270,-9.99,54.0,1000
1936,516.645,33.066,33.066,3.8619,483.579,270,-10.01,54.0,1000
1937,516.915,33.086,33.086,3.8619,483.829,270,-10.03,54.0,1000
1938,517.185,33.106,33.106,3.8619,484.079,270,-10.05,54.0,1000
1939,517.455,33.126,33.126,3.8619,484.329,270,-10.07,54.0,1000
1940,517.725,33.146,33.146,3.8619,484.579,270,-10.1,54.0,1000
1941,517.995,33.166,33.166,3.8619,484.829,270,-10.12,54.0,1000
1942,518.265,33.186,33.186,3.8619,485.079,270,-10.14,54.0,1000
1943,518.535,33.206,33.206,3.8619,485.329,270,-10.16,54.0,1000
1944,518.805,33.226,33.226,3.8619,485.579,270,-10.19,54.0,1000
1945,519.075,33.246,33.246,3.8619,485.829,270,-10.21,54.0,1000
1946,519.345,33.266,33.266,3.8619,486.079,270,-10.23,54.0,1000
1947,519.615,33.286,33.286,3.8619,486.329,270,-10.25,54.0,1000
1948,519.885,33.306,33.306,3.8619,486.579,270,-10.27,54.0,1000
1949,520.155,33.326,33.326,3.8619,486.829,270,-10.29,54.0,1000
1950,520.425,33.346,33.346,3.8619,487.079,270,-10.32,54.0,1000
1951,520.695,33.366,33.366,3.8619,487.329,270,-10.34,54.0,1000
1952,520.965,33.386,33.386,3.8619,487.579,270,-10.36,54.0,1000
1953,521.235,33.406,33.406,3.8619,487.829,270,-10.38,54.0,1000
1954,521.505,33.426,33.426,3.8619,488.079,270,-10.4,54.0,1000
1955,521.775,33.446,33.446,3.8619,488.329,270,-10.42,54.0,1000
1956,522.045,33.466,33.466,3.8619,488.579,270,-10.45,54.0,1000
1957,522.315,33.486,33.486,3.8619,488.829,270,-10.47,54.0,1000
1958,522.585,33.506,33.506,3.8619,489.079,270,-10.49,54.0,1000
1959,522.855,33.526,33.526,3.8619,489.329,270,-10.51,54.0,1000
1960,523.125,33.546,33.546,3.8619,489.579,270,-10.53,54.0,1000
1961,523.395,33.566,33.566,3.8619,489.829,270,-10.55,54.0,1000
1962,523.665,33.586,33.586,3.8619,490.079,270,-10.57,54.0,1000
1963,523.935,33.606,33.606,3.8619,490.329,270,-10.6,54.0,1000
1964,524.205,33.626,33.626,3.8619,490.579,270,-10.62,54.0,1000
1965,524.475,33.646,33.646,3.8619,490.829,270,-10.64,54.0,1000
1966,524.745,33.666,33.666,3.8619,491.079,270,-10.66,54.0,1000
1967,525.015,33.686,33.686,3.8619,491.329,270,-10.68,54.0,1000
1968,525.285,33.706,33.706,3.8619,491.579,270,-10.7,54.0,1000
1969,525.555,33.726,33.726,3.8619,491.829,270,-10.72,54.0,1000
1970,525.825,33.746,33.746,3.8619,492.079,270,-10.74,54.0,1000
1971,526.095,33.766,33.766,3.8619,492.329,270,-10.76,54.0,1000
1972,526.365,33.786,33.786,3.8619,492.579,270,-10.79,54.0,1000
1973,526.635,33.806,33.806,3.8619,492.829,270,-10.81,54.0,1000
1974,526.905,33.826,33.826,3.8619,493.079,270,-10.83,54.0,1000
1975,527.175,33.846,33.846,3.8619,493.329,270,-10.85,54.0,1000
1976,527.445,33.866,33.866,3.8619,493.579,270,-10.87,54.0,1000
1977,527.715,33.886,33.886,3.8619,493.829,270,-10.89,54.0,1000
1978,527.985,33.906,33.906,3.8619,494.079,270,-10.91,54.0,1000
1979,528.255,33.926,33.926,3.8619,494.329,270,-10.93,54.0,1000
1980,528.525,33.946,33.946,3.8619,494.579,270,-10.95,54.0,1000
1981,528.795,33.966,33.966,3.8619,494.829,270,-10.97,54.0,1000
1982,529.065,33.986,33.986,3.8619,495.079,270,-10.99,54.0,1000
1983,529.335,34.006,34.006,3.8619,495.329,270,-11.01,54.0,1000
1984,529.605,34.026,34.026,3.8619,495.579,270,-11.03,54.0,1000
1985,529.875,34.046,34.046,3.8619,495.829,270,-11.05,54.0,1000
1986,530.145,34.066,34.066,3.8619,496.079,270,-11.07,54.0,1000
1987,530.415,34.086,34.086,3.8619,496.329,270,-11.09,54.0,1000
1988,530.685,34.106,34.106,3.8619,496.579,270,-11.11,54.0,1000
1989,530.955,34.126,34.126,3.8619,496.829,270,-11.13,54.0,1000
1990,531.225,34.146,34.146,3.8619,497.079,270,-11.15,54.0,1000
1991,531.495,34.166,34.166,3.8619,497.329,270,-11.17,54.0,1000
1992,531.765,34.186,34.186,3.8619,497.579,270,-11.19,54.0,1000
1993,532.035,34.206,34.206,3.8619,497.829,270,-11.21,54.0,1000
1994,532.305,34.226,34.226,3.8619,498.079,270,-11.23,54.0,1000
1995,532.575,34.246,34.246,3.8619,498.329,270,-11.25,54.0,1000
1996,532.845,34.266,34.266,3.8619,498.579,270,-11.27,54.0,1000
1997,533.115,34.286,34.286,3.8619,498.829,270,-11.29,54.0,1000
1998,533.385,34.306,34.306,3.8619,499.079,270,-11.31,54.0,1000
1999,533.655,34.326,34.326,3.8619,499.329,270,-11.33,54.0,1000
2000,533.925,34.346,34.346,3.8619,499.579,270,-11.35,54.0,1000
2001,534.195,34.366,34.366,3.8619,499.829,270,-11.37,54.0,1000
2002,534.465,34.386,34.386,3.8619,500.079,270,-11.39,54.0,1000
2003,534.735,34.406,34.406,3.8619,500.329,270,-11.41,54.0,1000
2004,535.005,34.426,34.426,3.8619,500.579,270,-11.43,54.0,1000
2005,535.275,34.446,34.446,3.8619,500.829,270,-11.45,54.0,1000
2006,535.545,34.466,34.466,3.8619,501.079,270,-11.47,54.0,1000
2007,535.815,34.486,34.486,3.8619,501.329,270,-11.49,54.0,1000
2008,536.085,34.506,34.506,3.8619,501.579,270,-11.51,54.0,1000
2009,536.355,34.526,34.526,3.8619,501.829,270,-11.53,54.0,1000
2010,536.625,34.546,34.546,3.8619,502.079,270,-11.55,54.0,1000
2011,536.895,34.566,34.566,3.8619,502.329,270,-11.56,54.0,1000
2012,537.165,34.586,34.586,3.8619,502.579,270,-11.58,54.0,1000
2013,537.435,34.606,34.606,3.8619,502.829,270,-11.6,54.0,1000
2014,537.705,34.626,34.626,3.8619,503.079,270,-11.62,54.0,1000
2015,537.975,34.646,34.646,3.8619,503.329,270,-11.64,54.0,1000
2016,538.245,34.666,34.666,3.8619,503.579,270,-11.66,54.0,1000
2017,538.515,34.686,34.686,3.8619,503.829,270,-11.68,54.0,1000
2018,538.785,34.706,34.706,3.8619,504.079,270,-11.7,54.0,1000
2019,539.055,34.726,34.726,3.8619,504.329,270,-11.72,54.0,1000
2020,539.325,34.746,34.746,3.8619,504.579,270,-11.74,54.0,1000
2021,539.595,34.766,34.766,3.8619,504.829,270,-11.75,54.0,1000
2022,539.865,34.786,34.786,3.8619,505.079,270,-11.77,54.0,1000
2023,540.135,34.806,34.806,3.8619,505.329,270,-11.79,54.0,1000
2024,540.405,34.826,34.826,3.8619,505.579,270,-11.81,54.0,1000
2025,540.675,34.846,34.846,3.8619,505.829,270,-11.83,54.0,1000
2026,540.945,34.866,34.866,3.8619,506.079,270,-11.85,54.0,1000
2027,541.215,34.886,34.886,3.8619,506.329,270,-11.86,54.0,1000
2028,541.485,34.906,34.906,3.8619,506.579,270,-11.88,54.0,1000
2029,541.755,34.926,34.926,3.8619,506.829,270,-11.9,54.0,1000
2030,542.025,34.946,34.946,3.8619,507.079,270,-11.92,54.0,1000
2031,542.295,34.966,34.966,3.8619,507.329,270,-11.94,54.0,1000
2032,542.565,34.986,34.986,3.8619,507.579,270,-11.96,54.0,1000
2033,542.835,35.006,35.006,3.8619,507.829,270,-11.97,54.0,1000
2034,543.105,35.026,35.026,3.8619,508.079,270,-11.99,54.0,1000
2035,543.375,35.046,35.046,3.8619,508.329,270,-12.01,54.0,1000
2036,543.645,35.066,35.066,3.8619,508.579,270,-12.03,54.0,1000
2037,543.915,35.086,35.086,3.8619,508.829,270,-12.05,54.0,1000
2038,544.185,35.106,35.106,3.8619,509.079,270,-12.06,54.0,1000
2039,544.455,35.126,35.126,3.8619,509.329,270,-12.08,54.0,1000
2040,544.725,35.146,35.146,3.8619,509.579,270,-12.1,54.0,1000
2041,544.995,35.166,35.166,3.8619,509.829,270,-12.12,54.0,1000
2042,545.265,35.186,35.186,3.8619,510.079,270,-12.13,54.0,1000
2043,545.535,35.206,35.206,3.8619,510.329,270,-12.15,54.0,1000
2044,545.805,35.226,35.226,3.8619,510.579,270,-12.17,54.0,1000
2045,546.075,35.246,35.246,3.8619,510.829,270,-12.19,54.0,1000
2046,546.345,35.266,35.266,3.8619,511.079,270,-12.2,54.0,1000
2047,546.615,35.286,35.286,3.8619,511.329,270,-12.22,54.0,1000
2048,546.885,35.306,35.306,3.8619,511.579,270,-12.24,54.0,1000
2049,547.155,35.326,35.326,3.8619,511.829,270,-12.26,54.0,1000
2050,547.425,35.346,35.346,3.8619,512.079,270,-12.27,54.0,1000
2051,547.695,35.366,35.366,3.8619,512.329,270,-12.29,54.0,1000
2052,547.965,35.386,35.386,3.8619,512.579,270,-12.31,54.0,1000
2053,548.235,35.406,35.406,3.8619,512.829,270,-12.33,54.0,1000
2054,548.505,35.426,35.426,3.8619,513.079,270,-12.34,54.0,1000
2055,548.775,35.446,35.446,3.8619,513.329,270,-12.36,54.0,1000
2056,549.045,35.466,35.466,3.8619,513.579,270,-12.38,54.0,1000
2057,549.315,35.486,35.486,3.8619,513.829,270,-12.39,54.0,1000
2058,549.585,35.506,35.506,3.8619,514.079,270,-12.41,54.0,1000
2059,549.855,35.526,35.526,3.8619,514.329,270,-12.43,54.0,1000
2060,550.125,35.546,35.546,3.8619,514.579,270,-12.44,54.0,1000
2061,550.395,35.566,35.566,3.8619,514.829,270,-12.46,54.0,1000
2062,550.665,35.586,35.586,3.8619,515.079,270,-12.48,54.0,1000
2063,550.935,35.606,35.606,3.8619,515.329,270,-12.49,54.0,1000
2064,551.205,35.626,35.626,3.8619,515.579,270,-12.51,54.0,1000
2065,551.475,35.646,35.646,3.8619,515.829,270,-12.53,54.0,1000
2066,551.745,35.666,35.666,3.8619,516.079,270,-12.54,54.0,1000
2067,552.015,35.686,35.686,3.8619,516.329,270,-12.56,54.0,1000
2068,552.285,35.706,35.706,3.8619,516.579,270,-12.58,54.0,1000
2069,552.555,35.726,35.726,3.8619,516.829,270,-12.59,54.0,1000
2070,552.825,35.746,35.746,3.8619,517.079,270,-12.61,54.0,1000
2071,553.095,35.766,35.766,3.8619,517.329,270,-12.63,54.0,1000
2072,553.365,35.786,35.786,3.8619,517.579,270,-12.64,54.0,1000
2073,553.635,35.806,35.806,3.8619,517.829,270,-12.66,54.0,1000
2074,553.905,35.826,35.826,3.8619,518.079,270,-12.67,54.0,1000
2075,554.175,35.846,35.846,3.8619,518.329,270,-12.69,54.0,1000
2076,554.445,35.866,35.866,3.8619,518.579,270,-12.71,54.0,1000
2077,554.715,35.886,35.886,3.8619,518.829,270,-12.72,54.0,1000
2078,554.985,35.906,35.906,3.8619,519.079,270,-12.74,54.0,1000
2079,555.255,35.926,35.926,3.8619,519.329,270,-12.75,54.0,1000
2080,555.525,35.946,35.946,3.8619,519.579,270,-12.77,54.0,1000
2081,555.795,35.966,35.966,3.8619,519.829,270,-12.78,54.0,1000
2082,556.065,35.986,35.986,3.8619,520.079,270,-12.8,54.0,1000
2083,556.335,36.006,36.006,3.8619,520.329,270,-12.82,54.0,1000
2084,556.605,36.026,36.026,3.8619,520.579,270,-12.83,54.0,1000
2085,556.875,36.046,36.046,3.8619,520.829,270,-12.85,54.0,1000
2086,557.145,36.066,36.066,3.8619,521.079,270,-12.86,54.0,1000
2087,557.415,36.086,36.086,3.8619,521.329,270,-12.88,54.0,1000
2088,557.685,36.106,36.106,3.8619,521.579,270,-12.89,54.0,1000
2089,557.955,36.126,36.126,3.8619,521.829,270,-12.91,54.0,1000
2090,558.225,36.146,36.146,3.8619,522.079,270,-12.92,54.0,1000
2091,558.495,36.166,36.166,3.8619,522.329,270,-12.94,54.0,1000
2092,558.765,36.186,36.186,3.8619,522.579,270,-12.95,54.0,1000
2093,559.035,36.206,36.206,3.8619,522.829,270,-12.97,54.0,1000
2094,559.305,36.226,36.226,3.8619,523.079,270,-12.98,54.0,1000
2095,559.575,36.246,36.246,3.8619,523.329,270,-13.0,54.0,1000
2096,559.845,36.266,36.266,3.8619,523.579,270,-13.01,54.0,1000
2097,560.115,36.286,36.286,3.8619,523.829,270,-13.03,54.0,1000
2098,560.385,36.306,36.306,3.8619,524.079,270,-13.04,54.0,1000
2099,560.655,36.326,36.326,3.8619,524.329,270,-13.06,54.0,1000
2100,560.925,36.346,36.346,3.8619,524.579,270,-13.07,54.0,1000
2101,561.195,36.366,36.366,3.8619,524.829,270,-13.09,54.0,1000
2102,561.465,36.386,36.386,3.8619,525.079,270,-13.1,54.0,1000
2103,561.735,36.406,36.406,3.8619,525.329,270,-13.12,54.0,1000
2104,562.005,36.426,36.426,3.8619,525.579,270,-13.13,54.0,1000
2105,562.275,36.446,36.446,3.8619,525.829,270,-13.15,54.0,1000
2106,562.545,36.466,36.466,3.8619,526.079,270,-13.16,54.0,1000
2107,562.815,36.486,36.486,3.8619,526.329,270,-13.18,54.0,1000
2108,563.085,36.506,36.506,3.8619,526.579,270,-13.19,54.0,1000
2109,563.355,36.526,36.526,3.8619,526.829,270,-13.2,54.0,1000
2110,563.625,36.546,36.546,3.8619,527.079,270,-13.22,54.0,1000
2111,563.895,36.566,36.566,3.8619,527.329,270,-13.23,54.0,1000
2112,564.165,36.586,36.586,3.8619,527.579,270,-13.25,54.0,1000
2113,564.435,36.606,36.606,3.8619,527.829,270,-13.26,54.0,1000
2114,564.705,36.626,36.626,3.8619,528.079,270,-13.27,54.0,1000
2115,564.975,36.646,36.646,3.8619,528.329,270,-13.29,54.0,1000
2116,565.245,36.666,36.666,3.8619,528.579,270,-13.3,54.0,1000
2117,565.515,36.686,36.686,3.8619,528.829,270,-13.32,54.0,1000
2118,565.785,36.706,36.706,3.8619,529.079,270,-13.33,54.0,1000
2119,566.055,36.726,36.726,3.8619,529.329,270,-13.34,54.0,1000
2120,566.325,36.746,36.746,3.8619,529.579,270,-13.36,54.0,1000
2121,566.595,36.766,36.766,3.8619,529.829,270,-13.37,54.0,1000
2122,566.865,36.786,36.786,3.8619,530.079,270,-13.38,54.0,1000
2123,567.135,36.806,36.806,3.8619,530.329,270,-13.4,54.0,1000
2124,567.405,36.826,36.826,3.8619,530.579,270,-13.41,54.0,1000
2125,567.675,36.846,36.846,3.8619,530.829,270,-13.42,54.0,1000
2126,567.945,36.866,36.866,3.8619,531.079,270,-13.44,54.0,1000
2127,568.215,36.886,36.886,3.8619,531.329,270,-13.45,54.0,1000
2128,568.485,36.906,36.906,3.8619,531.579,270,-13.46,54.0,1000
2129,568.755,36.926,36.926,3.8619,531.829,270,-13.48,54.0,1000
2130,569.025,36.946,36.946,3.8619,532.079,270,-13.49,54.0,1000
2131,569.295,36.966,36.966,3.8619,532.329,270,-13.5,54.0,1000
2132,569.565,36.986,36.986,3.8619,532.579,270,-13.52,54.0,1000
2133,569.835,37.006,37.006,3.8619,532.829,270,-13.53,54.0,1000
2134,570.105,37.026,37.026,3.8619,533.079,270,-13.54,54.0,1000
2135,570.375,37.046,37.046,3.8619,533.329,270,-13.56,54.0,1000
2136,570.645,37.066,37.066,3.8619,533.579,270,-13.57,54.0,1000
2137,570.915,37.086,37.086,3.8619,533.829,270,-13.58,54.0,1000
2138,571.185,37.106,37.106,3.8619,534.079,270,-13.59,54.0,1000
2139,571.455,37.126,37.126,3.8619,534.329,270,-13.61,54.0,1000
2140,571.725,37.146,37.146,3.8619,534.579,270,-13.62,54.0,1000
2141,571.995,37.166,37.166,3.8619,534.829,270,-13.63,54.0,1000
2142,572.265,37.186,37.186,3.8619,535.079,270,-13.64,54.0,1000
2143,572.535,37.206,37.206,3.8619,535.329,270,-13.66,54.0,1000
2144,572.805,37.226,37.226,3.8619,535.579,270,-13.67,54.0,1000
2145,573.075,37.246,37.246,3.8619,535.829,270,-13.68,54.0,1000
2146,573.345,37.266,37.266,3.8619,536.079,270,-13.69,54.0,1000
2147,573.615,37.286,37.286,3.8619,536.329,270,-13.71,54.0,1000
2148,573.885,37.306,37.306,3.8619,536.579,270,-13.72,54.0,1000
2149,574.155,37.326,37.326,3.8619,536.829,270,-13.73,54.0,1000
2150,574.425,37.346,37.346,3.8619,537.079,270,-13.74,54.0,1000
2151,574.695,37.366,37.366,3.8619,537.329,270,-13.75,54.0,1000
2152,574.965,37.386,37.386,3.8619,537.579,270,-13.77,54.0,1000
2153,575.235,37.406,37.406,3.8619,537.829,270,-13.78,54.0,1000
2154,575.505,37.426,37.426,3.8619,538.079,270,-13.79,54.0,1000
2155,575.775,37.446,37.446,3.8619,538.329,270,-13.8,54.0,1000
2156,576.045,37.466,37.466,3.8619,538.579,270,-13.81,54.0,1000
2157,576.315,37.486,37.486,3.8619,538.829,270,-13.83,54.0,1000
2158,576.585,37.506,37.506,3.8619,539.079,270,-13.84,54.0,1000
2159,576.855,37.526,37.526,3.8619,539.329,270,-13.85,54.0,1000
2160,577.125,37.546,37.546,3.8619,539.579,270,-13.86,54.0,1000
2161,577.395,37.566,37.566,3.8619,539.829,270,-13.87,54.0,1000
2162,577.665,37.586,37.586,3.8619,540.079,270,-13.88,54.0,1000
2163,577.935,37.606,37.606,3.8619,540.329,270,-13.89,54.0,1000
2164,578.205,37.626,37.626,3.8619,540.579,270,-13.91,54.0,1000
2165,578.475,37.646,37.646,3.8619,540.829,270,-13.92,54.0,1000
2166,578.745,37.666,37.666,3.8619,541.079,270,-13.93,54.0,1000
2167,579.015,37.686,37.686,3.8619,541.329,270,-13.94,54.0,1000
2168,579.285,37.706,37.706,3.8619,541.579,270,-13.95,54.0,1000
2169,579.555,37.726,37.726,3.8619,541.829,270,-13.96,54.0,1000
2170,579.825,37.746,37.746,3.8619,542.079,270,-13.97,54.0,1000
2171,580.095,37.766,37.766,3.8619,542.329,270,-13.98,54.0,1000
2172,580.365,37.786,37.786,3.8619,542.579,270,-13.99,54.0,1000
2173,580.635,37.806,37.806,3.8619,542.829,270,-14.0,54.0,1000
2174,580.905,37.826,37.826,3.8619,543.079,270,-14.02,54.0,1000
2175,581.175,37.846,37.846,3.8619,543.329,270,-14.03,54.0,1000
2176,581.445,37.866,37.866,3.8619,543.579,270,-14.04,54.0,1000
2177,581.715,37.886,37.886,3.8619,543.829,270,-14.05,54.0,1000
2178,581.985,37.906,37.906,3.8619,544.079,270,-14.06,54.0,1000
2179,582.255,37.926,37.926,3.8619,544.329,270,-14.07,54.0,1000
2180,582.525,37.946,37.946,3.8619,544.579,270,-14.08,54.0,1000
2181,582.795,37.966,37.966,3.8619,544.829,270,-14.09,54.0,1000
2182,583.065,37.986,37.986,3.8619,545.079,270,-14.1,54.0,1000
2183,583.335,38.006,38.006,3.8619,545.329,270,-14.11,54.0,1000
2184,583.605,38.026,38.026,3.8619,545.579,270,-14.12,54.0,1000
2185,583.875,38.046,38.046,3.8619,545.829,270,-14.13,54.0,1000
2186,584.145,38.066,38.066,3.8619,546.079,270,-14.14,54.0,1000
2187,584.415,38.086,38.086,3.8619,546.329,270,-14.15,54.0,1000
2188,584.685,38.106,38.106,3.8619,546.579,270,-14.16,54.0,1000
2189,584.955,38.126,38.126,3.8619,546.829,270,-14.17,54.0,1000
2190,585.225,38.146,38.146,3.8619,547.079,270,-14.18,54.0,1000
2191,585.495,38.166,38.166,3.8619,547.329,270,-14.19,54.0,1000
2192,585.765,38.186,38.186,3.8619,547.579,270,-14.2,54.0,1000
2193,586.035,38.206,38.206,3.8619,547.829,270,-14.21,54.0,1000
2194,586.305,38.226,38.226,3.8619,548.079,270,-14.22,54.0,1000
2195,586.575,38.246,38.246,3.8619,548.329,270,-14.23,54.0,1000
2196,586.845,38.266,38.266,3.8619,548.579,270,-14.24,54.0,1000
2197,587.115,38.286,38.286,3.8619,548.829,270,-14.25,54.0,1000
2198,587.385,38.306,38.306,3.8619,549.079,270,-14.26,54.0,1000
2199,587.655,38.326,38.326,3.8619,549.329,270,-14.26,54.0,1000
2200,587.925,38.346,38.346,3.8619,549.579,270,-14.27,54.0,1000
2201,588.195,38.366,38.366,3.8619,549.829,270,-14.28,54.0,1000
2202,588.465,38.386,38.386,3.8619,550.079,270,-14.29,54.0,1000
2203,588.735,38.406,38.406,3.8619,550.329,270,-14.3,54.0,1000
2204,589.005,38.426,38.426,3.8619,550.579,270,-14.31,54.0,1000
2205,589.275,38.446,38.446,3.8619,550.829,270,-14.32,54.0,1000
2206,589.545,38.466,38.466,3.8619,551.079,270,-14.33,54.0,1000
2207,589.815,38.486,38.486,3.8619,551.329,270,-14.34,54.0,1000
2208,590.085,38.506,38.506,3.8619,551.579,270,-14.35,54.0,1000
2209,590.355,38.526,38.526,3.8619,551.829,270,-14.35,54.0,1000
2210,590.625,38.546,38.546,3.8619,552.079,270,-14.36,54.0,1000
2211,590.895,38.566,38.566,3.8619,552.329,270,-14.37,54.0,1000
2212,591.165,38.586,38.586,3.8619,552.579,270,-14.38,54.0,1000
2213,591.435,38.606,38.606,3.8619,552.829,270,-14.39,54.0,1000
2214,591.705,38.626,38.626,3.8619,553.079,270,-14.4,54.0,1000
2215,591.975,38.646,38.646,3.8619,553.329,270,-14.41,54.0,1000
2216,592.245,38.666,38.666,3.8619,553.579,270,-14.41,54.0,1000
2217,592.515,38.686,38.686,3.8619,553.829,270,-14.42,54.0,1000
2218,592.785,38.706,38.706,3.8619,554.079,270,-14.43,54.0,1000
2219,593.055,38.726,38.726,3.8619,554.329,270,-14.44,54.0,1000
2220,593.325,38.746,38.746,3.8619,554.579,270,-14.45,54.0,1000
2221,593.595,38.766,38.766,3.8619,554.829,270,-14.46,54.0,1000
2222,593.865,38.786,38.786,3.8619,555.079,270,-14.46,54.0,1000
2223,594.135,38.806,38.806,3.8619,555.329,270,-14.47,54.0,1000
2224,594.405,38.826,38.826,3.8619,555.579,270,-14.48,54.0,1000
2225,594.675,38.846,38.846,3.8619,555.829,270,-14.49,54.0,1000
2226,594.945,38.866,38.866,3.8619,556.079,270,-14.49,54.0,1000
2227,595.215,38.886,38.886,3.8619,556.329,270,-14.5,54.0,1000
2228,595.485,38.906,38.906,3.8619,556.579,270,-14.51,54.0,1000
2229,595.755,38.926,38.926,3.8619,556.829,270,-14.52,54.0,1000
2230,596.025,38.946,38.946,3.8619,557.079,270,-14.52,54.0,1000
2231,596.295,38.966,38.966,3.8619,557.329,270,-14.53,54.0,1000
2232,596.565,38.986,38.986,3.8619,557.579,270,-14.54,54.0,1000
2233,596.835,39.006,39.006,3.8619,557.829,270,-14.55,54.0,1000
2234,597.105,39.026,39.026,3.8619,558.079,270,-14.55,54.0,1000
2235,597.375,39.046,39.046,3.8619,558.329,270,-14.56,54.0,1000
2236,597.645,39.066,39.066,3.8619,558.579,270,-14.57,54.0,1000
2237,597.915,39.086,39.086,3.8619,558.829,270,-14.58,54.0,1000
2238,598.185,39.106,39.106,3.8619,559.079,270,-14.58,54.0,1000
2239,598.455,39.126,39.126,3.8619,559.329,270,-14.59,54.0,1000
2240,598.725,39.146,39.146,3.8619,559.579,270,-14.6,54.0,1000
2241,598.995,39.166,39.166,3.8619,559.829,270,-14.6,54.0,1000
2242,599.265,39.186,39.186,3.8619,560.079,270,-14.61,54.0,1000
2243,599.535,39.206,39.206,3.8619,560.329,270,-14.62,54.0,1000
2244,599.805,39.226,39.226,3.8619,560.579,270,-14.62,54.0,1000
2245,600.075,39.246,39.246,3.8619,560.829,270,-14.63,54.0,1000
2246,600.345,39.266,39.266,3.8619,561.079,270,-14.64,54.0,1000
2247,600.615,39.286,39.286,3.8619,561.329,270,-14.64,54.0,1000
2248,600.885,39.306,39.306,3.8619,561.579,270,-14.65,54.0,1000
2249,601.155,39.326,39.326,3.8619,561.829,270,-14.66,54.0,1000
2250,601.425,39.346,39.346,3.8619,562.079,270,-14.66,54.0,1000
2251,601.695,39.366,39.366,3.8619,562.329,270,-14.67,54.0,1000
2252,601.965,39.386,39.386,3.8619,562.579,270,-14.68,54.0,1000
2253,602.235,39.406,39.406,3.8619,562.829,270,-14.68,54.0,1000
2254,602.505,39.426,39.426,3.8619,563.079,270,-14.69,54.0,1000
2255,602.775,39.446,39.446,3.8619,563.329,270,-14.69,54.0,1000
2256,603.045,39.466,39.466,3.8619,563.579,270,-14.7,54.0,1000
2257,603.315,39.486,39.486,3.8619,563.829,270,-14.71,54.0,1000
2258,603.585,39.506,39.506,3.8619,564.079,270,-14.71,54.0,1000
2259,603.855,39.526,39.526,3.8619,564.329,270,-14.72,54.0,1000
2260,604.125,39.546,39.546,3.8619,564.579,270,-14.72,54.0,1000
2261,604.395,39.566,39.566,3.8619,564.829,270,-14.73,54.0,1000
2262,604.665,39.586,39.586,3.8619,565.079,270,-14.73,54.0,1000
2263,604.935,39.606,39.606,3.8619,565.329,270,-14.74,54.0,1000
2264,605.205,39.626,39.626,3.8619,565.579,270,-14.75,54.0,1000
2265,605.475,39.646,39.646,3.8619,565.829,270,-14.75,54.0,1000
2266,605.745,39.666,39.666,3.8619,566.079,270,-14.76,54.0,1000
2267,606.015,39.686,39.686,3.8619,566.329,270,-14.76,54.0,1000
2268,606.285,39.706,39.706,3.8619,566.579,270,-14.77,54.0,1000
2269,606.555,39.726,39.726,3.8619,566.829,270,-14.77,54.0,1000
2270,606.825,39.746,39.746,3.8619,567.079,270,-14.78,54.0,1000
2271,607.095,39.766,39.766,3.8619,567.329,270,-14.78,54.0,1000
2272,607.365,39.786,39.786,3.8619,567.579,270,-14.79,54.0,1000
2273,607.635,39.806,39.806,3.8619,567.829,270,-14.79,54.0,1000
2274,607.905,39.826,39.826,3.8619,568.079,270,-14.8,54.0,1000
2275,608.175,39.846,39.846,3.8619,568.329,270,-14.8,54.0,1000
2276,608.445,39.866,39.866,3.8619,568.579,270,-14.81,54.0,1000
2277,608.715,39.886,39.886,3.8619,568.829,270,-14.81,54.0,1000
2278,608.985,39.906,39.906,3.8619,569.079,270,-14.82,54.0,1000
2279,609.255,39.926,39.926,3.8619,569.329,270,-14.82,54.0,1000
2280,609.525,39.946,39.946,3.8619,569.579,270,-14.83,54.0,1000
2281,609.795,39.966,39.966,3.8619,569.829,270,-14.83,54.0,1000
2282,610.065,39.986,39.986,3.8619,570.079,270,-14.84,54.0,1000
2283,610.335,40.006,40.006,3.8619,570.329,270,-14.84,54.0,1000
2284,610.605,40.026,40.026,3.8619,570.579,270,-14.84,54.0,1000
2285,610.875,40.046,40.046,3.8619,570.829,270,-14.85,54.0,1000
2286,611.145,40.066,40.066,3.8619,571.079,270,-14.85,54.0,1000
2287,611.415,40.086,40.086,3.8619,571.329,270,-14.86,54.0,1000
2288,611.685,40.106,40.106,3.8619,571.579,270,-14.86,54.0,1000
2289,611.955,40.126,40.126,3.8619,571.829,270,-14.86,54.0,1000
2290,612.225,40.146,40.146,3.8619,572.079,270,-14.87,54.0,1000
2291,612.495,40.166,40.166,3.8619,572.329,270,-14.87,54.0,1000
2292,612.765,40.186,40.186,3.8619,572.579,270,-14.88,54.0,1000
2293,613.035,40.206,40.206,3.8619,572.829,270,-14.88,54.0,1000
2294,613.305,40.226,40.226,3.8619,573.079,270,-14.88,54.0,1000
2295,613.575,40.246,40.246,3.8619,573.329,270,-14.89,54.0,1000
2296,613.845,40.266,40.266,3.8619,573.579,270,-14.89,54.0,1000
2297,614.115,40.286,40.286,3.8619,573.829,270,-14.9,54.0,1000
2298,614.385,40.306,40.306,3.8619,574.079,270,-14.9,54.0,1000
2299,614.655,40.326,40.326,3.8619,574.329,270,-14.9,54.0,1000
2300,614.925,40.346,40.346,3.8619,574.579,270,-14.91,54.0,1000
2301,615.195,40.366,40.366,3.8619,574.829,270,-14.91,54.0,1000
2302,615.465,40.386,40.386,3.8619,575.079,270,-14.91,54.0,1000
2303,615.735,40.406,40.406,3.8619,575.329,270,-14.92,54.0,1000
2304,616.005,40.426,40.426,3.8619,575.579,270,-14.92,54.0,1000
2305,616.275,40.446,40.446,3.8619,575.829,270,-14.92,54.0,1000
2306,616.545,40.466,40.466,3.8619,576.079,270,-14.92,54.0,1000
2307,616.815,40.486,40.486,3.8619,576.329,270,-14.93,54.0,1000
2308,617.085,40.506,40.506,3.8619,576.579,270,-14.93,54.0,1000
2309,617.355,40.526,40.526,3.8619,576.829,270,-14.93,54.0,1000
2310,617.625,40.546,40.546,3.8619,577.079,270,-14.94,54.0,1000
2311,617.895,40.566,40.566,3.8619,577.329,270,-14.94,54.0,1000
2312,618.165,40.586,40.586,3.8619,577.579,270,-14.94,54.0,1000
2313,618.435,40.606,40.606,3.8619,577.829,270,-14.94,54.0,1000
2314,618.705,40.626,40.626,3.8619,578.079,270,-14.95,54.0,1000
2315,618.975,40.646,40.646,3.8619,578.329,270,-14.95,54.0,1000
2316,619.245,40.666,40.666,3.8619,578.579,270,-14.95,54.0,1000
2317,619.515,40.686,40.686,3.8619,578.829,270,-14.95,54.0,1000
2318,619.785,40.706,40.706,3.8619,579.079,270,-14.96,54.0,1000
2319,620.055,40.726,40.726,3.8619,579.329,270,-14.96,54.0,1000
2320,620.325,40.746,40.746,3.8619,579.579,270,-14.96,54.0,1000
2321,620.595,40.766,40.766,3.8619,579.829,270,-14.96,54.0,1000
2322,620.865,40.786,40.786,3.8619,580.079,270,-14.96,54.0,1000
2323,621.135,40.806,40.806,3.8619,580.329,270,-14.97,54.0,1000
2324,621.405,40.826,40.826,3.8619,580.579,270,-14.97,54.0,1000
2325,621.675,40.846,40.846,3.8619,580.829,270,-14.97,54.0,1000
2326,621.945,40.866,40.866,3.8619,581.079,270,-14.97,54.0,1000
2327,622.215,40.886,40.886,3.8619,581.329,270,-14.97,54.0,1000
2328,622.485,40.906,40.906,3.8619,581.579,270,-14.98,54.0,1000
2329,622.755,40.926,40.926,3.8619,581.829,270,-14.98,54.0,1000
2330,623.025,40.946,40.946,3.8619,582.079,270,-14.98,54.0,1000
2331,623.295,40.966,40.966,3.8619,582.329,270,-14.98,54.0,1000
2332,623.565,40.986,40.986,3.8619,582.579,270,-14.98,54.0,1000
2333,623.835,41.006,41.006,3.8619,582.829,270,-14.98,54.0,1000
2334,624.105,41.026,41.026,3.8619,583.079,270,-14.99,54.0,1000
2335,624.375,41.046,41.046,3.8619,583.329,270,-14.99,54.0,1000
2336,624.645,41.066,41.066,3.8619,583.579,270,-14.99,54.0,1000
2337,624.915,41.086,41.086,3.8619,583.829,270,-14.99,54.0,1000
2338,625.185,41.106,41.106,3.8619,584.079,270,-14.99,54.0,1000
2339,625.455,41.126,41.126,3.8619,584.329,270,-14.99,54.0,1000
2340,625.725,41.146,41.146,3.8619,584.579,270,-14.99,54.0,1000
2341,625.995,41.166,41.166,3.8619,584.829,270,-14.99,54.0,1000
2342,626.265,41.186,41.186,3.8619,585.079,270,-14.99,54.0,1000
2343,626.535,41.206,41.206,3.8619,585.329,270,-14.99,54.0,1000
2344,626.805,41.226,41.226,3.8619,585.579,270,-15.0,54.0,1000
2345,627.075,41.246,41.246,3.8619,585.829,270,-15.0,54.0,1000
2346,627.345,41.266,41.266,3.8619,586.079,270,-15.0,54.0,1000
2347,627.615,41.286,41.286,3.8619,586.329,270,-15.0,54.0,1000
2348,627.885,41.306,41.306,3.8619,586.579,270,-15.0,54.0,1000
2349,628.155,41.326,41.326,3.8619,586.829,270,-15.0,54.0,1000
2350,628.425,41.346,41.346,3.8619,587.079,270,-15.0,54.0,1000
2351,628.695,41.366,41.366,3.8619,587.329,270,-15.0,54.0,1000
2352,628.965,41.386,41.386,3.8619,587.579,270,-15.0,54.0,1000
2353,629.235,41.406,41.406,3.8619,587.829,270,-15.0,54.0,1000
2354,629.505,41.426,41.426,3.8619,588.079,270,-15.0,54.0,1000
2355,629.775,41.446,41.446,3.8619,588.329,270,-15.0,54.0,1000
2356,630.045,41.466,41.466,3.8619,588.579,270,-15.0,54.0,1000
2357,630.315,41.486,41.486,3.8619,588.829,270,-15.0,54.0,1000
2358,630.585,41.506,41.506,3.8619,589.079,270,-15.0,54.0,1000
2359,630.855,41.526,41.526,3.8619,589.329,270,-15.0,54.0,1000
2360,631.125,41.546,41.546,3.8619,589.579,270,-15.0,54.0,1000
2361,631.395,41.566,41.566,3.8619,589.829,270,-15.0,54.0,1000
2362,631.665,41.586,41.586,3.8619,590.079,270,-15.0,54.0,1000
2363,631.935,41.606,41.606,3.8619,590.329,270,-15.0,54.0,1000
2364,632.205,41.626,41.626,3.8619,590.579,270,-15.0,54.0,1000
2365,632.475,41.646,41.646,3.8619,590.829,270,-15.0,54.0,1000
2366,632.745,41.666,41.666,3.8619,591.079,270,-15.0,54.0,1000
2367,633.015,41.686,41.686,3.8619,591.329,270,-15.0,54.0,1000
2368,633.285,41.706,41.706,3.8619,591.579,270,-15.0,54.0,1000
2369,633.555,41.726,41.726,3.8619,591.829,270,-15.0,54.0,1000
2370,633.825,41.746,41.746,3.8619,592.079,270,-14.99,54.0,1000
2371,634.095,41.766,41.766,3.8619,592.329,270,-14.99,54.0,1000
2372,634.365,41.786,41.786,3.8619,592.579,270,-14.99,54.0,1000
2373,634.635,41.806,41.806,3.8619,592.829,270,-14.99,54.0,1000
2374,634.905,41.826,41.826,3.8619,593.079,270,-14.99,54.0,1000
2375,635.175,41.846,41.846,3.8619,593.329,270,-14.99,54.0,1000
2376,635.445,41.866,41.866,3.8619,593.579,270,-14.99,54.0,1000
2377,635.715,41.886,41.886,3.8619,593.829,270,-14.99,54.0,1000
2378,635.985,41.906,41.906,3.8619,594.079,270,-14.99,54.0,1000
2379,636.255,41.926,41.926,3.8619,594.329,270,-14.98,54.0,1000
2380,636.525,41.946,41.946,3.8619,594.579,270,-14.98,54.0,1000
2381,636.795,41.966,41.966,3.8619,594.829,270,-14.98,54.0,1000
2382,637.065,41.986,41.986,3.8619,595.079,270,-14.98,54.0,1000
2383,637.335,42.006,42.006,3.8619,595.329,270,-14.98,54.0,1000
2384,637.605,42.026,42.026,3.8619,595.579,270,-14.98,54.0,1000
2385,637.875,42.046,42.046,3.8619,595.829,270,-14.98,54.0,1000
2386,638.145,42.066,42.066,3.8619,596.079,270,-14.97,54.0,1000
2387,638.415,42.086,42.086,3.8619,596.329,270,-14.97,54.0,1000
2388,638.685,42.106,42.106,3.8619,596.579,270,-14.97,54.0,1000
2389,638.955,42.126,42.126,3.8619,596.829,270,-14.97,54.0,1000
2390,639.225,42.146,42.146,3.8619,597.079,270,-14.97,54.0,1000
2391,639.495,42.166,42.166,3.8619,597.329,270,-14.96,54.0,1000
2392,639.765,42.186,42.186,3.8619,597.579,270,-14.96,54.0,1000
2393,640.035,42.206,42.206,3.8619,597.829,270,-14.96,54.0,1000
2394,640.305,42.226,42.226,3.8619,598.079,270,-14.96,54.0,1000
2395,640.575,42.246,42.246,3.8619,598.329,270,-14.95,54.0,1000
2396,640.845,42.266,42.266,3.8619,598.579,270,-14.95,54.0,1000
2397,641.115,42.286,42.286,3.8619,598.829,270,-14.95,54.0,1000
2398,641.385,42.306,42.306,3.8619,599.079,270,-14.95,54.0,1000
2399,641.655,42.326,42.326,3.8619,599.329,270,-14.95,54.0,1000
2400,641.925,42.346,42.346,3.8619,599.579,270,-14.94,54.0,1000
2401,642.195,42.366,42.366,3.8619,599.829,270,-14.94,54.0,1000
2402,642.465,42.386,42.386,3.8619,600.079,270,-14.94,54.0,1000
2403,642.735,42.406,42.406,3.8619,600.329,270,-14.93,54.0,1000
2404,643.005,42.426,42.426,3.8619,600.579,270,-14.93,54.0,1000
2405,643.275,42.446,42.446,3.8619,600.829,270,-14.93,54.0,1000
2406,643.545,42.466,42.466,3.8619,601.079,270,-14.93,54.0,1000
2407,643.815,42.486,42.486,3.8619,601.329,270,-14.92,54.0,1000
2408,644.085,42.506,42.506,3.8619,601.579,270,-14.92,54.0,1000
2409,644.355,42.526,42.526,3.8619,601.829,270,-14.92,54.0,1000
2410,644.625,42.546,42.546,3.8619,602.079,270,-14.91,54.0,1000
2411,644.895,42.566,42.566,3.8619,602.329,270,-14.91,54.0,1000
2412,645.165,42.586,42.586,3.8619,602.579,270,-14.91,54.0,1000
2413,645.435,42.606,42.606,3.8619,602.829,270,-14.9,54.0,1000
2414,645.705,42.626,42.626,3.8619,603.079,270,-14.9,54.0,1000
2415,645.975,42.646,42.646,3.8619,603.329,270,-14.9,54.0,1000
2416,646.245,42.666,42.666,3.8619,603.579,270,-14.89,54.0,1000
2417,646.515,42.686,42.686,3.8619,603.829,270,-14.89,54.0,1000
2418,646.785,42.706,42.706,3.8619,604.079,270,-14.89,54.0,1000
2419,647.055,42.726,42.726,3.8619,604.329,270,-14.88,54.0,1000
2420,647.325,42.746,42.746,3.8619,604.579,270,-14.88,54.0,1000
2421,647.595,42.766,42.766,3.8619,604.829,270,-14.87,54.0,1000
2422,647.865,42.786,42.786,3.8619,605.079,270,-14.87,54.0,1000
2423,648.135,42.806,42.806,3.8619,605.329,270,-14.87,54.0,1000
2424,648.405,42.826,42.826,3.8619,605.579,270,-14.86,54.0,1000
2425,648.675,42.846,42.846,3.8619,605.829,270,-14.86,54.0,1000
2426,648.945,42.866,42.866,3.8619,606.079,270,-14.85,54.0,1000
2427,649.215,42.886,42.886,3.8619,606.329,270,-14.85,54.0,1000
2428,649.485,42.906,42.906,3.8619,606.579,270,-14.85,54.0,1000
2429,649.755,42.926,42.926,3.8619,606.829,270,-14.84,54.0,1000
2430,650.025,42.946,42.946,3.8619,607.079,270,-14.84,54.0,1000
2431,650.295,42.966,42.966,3.8619,607.329,270,-14.83,54.0,1000
2432,650.565,42.986,42.986,3.8619,607.579,270,-14.83,54.0,1000
2433,650.835,43.006,43.006,3.8619,607.829,270,-14.82,54.0,1000
2434,651.105,43.026,43.026,3.8619,608.079,270,-14.82,54.0,1000
2435,651.375,43.046,43.046,3.8619,608.329,270,-14.81,54.0,1000
2436,651.645,43.066,43.066,3.8619,608.579,270,-14.81,54.0,1000
2437,651.915,43.086,43.086,3.8619,608.829,270,-14.8,54.0,1000
2438,652.185,43.106,43.106,3.8619,609.079,270,-14.8,54.0,1000
2439,652.455,43.126,43.126,3.8619,609.329,270,-14.79,54.0,1000
2440,652.725,43.146,43.146,3.8619,609.579,270,-14.79,54.0,1000
2441,652.995,43.166,43.166,3.8619,609.829,270,-14.78,54.0,1000
2442,653.265,43.186,43.186,3.8619,610.079,270,-14.78,54.0,1000
2443,653.535,43.206,43.206,3.8619,610.329,270,-14.77,54.0,1000
2444,653.805,43.226,43.226,3.8619,610.579,270,-14.77,54.0,1000
2445,654.075,43.246,43.246,3.8619,610.829,270,-14.76,54.0,1000
2446,654.345,43.266,43.266,3.8619,611.079,270,-14.76,54.0,1000
2447,654.615,43.286,43.286,3.8619,611.329,270,-14.75,54.0,1000
2448,654.885,43.306,43.306,3.8619,611.579,270,-14.75,54.0,1000
2449,655.155,43.326,43.326,3.8619,611.829,270,-14.74,54.0,1000
2450,655.425,43.346,43.346,3.8619,612.079,270,-14.74,54.0,1000
2451,655.695,43.366,43.366,3.8619,612.329,270,-14.73,54.0,1000
2452,655.965,43.386,43.386,3.8619,612.579,270,-14.73,54.0,1000
2453,656.235,43.406,43.406,3.8619,612.829,270,-14.72,54.0,1000
2454,656.505,43.426,43.426,3.8619,613.079,270,-14.71,54.0,1000
2455,656.775,43.446,43.446,3.8619,613.329,270,-14.71,54.0,1000
2456,657.045,43.466,43.466,3.8619,613.579,270,-14.7,54.0,1000
2457,657.315,43.486,43.486,3.8619,613.829,270,-14.7,54.0,1000
2458,657.585,43.506,43.506,3.8619,614.079,270,-14.69,54.0,1000
2459,657.855,43.526,43.526,3.8619,614.329,270,-14.68,54.0,1000
2460,658.125,43.546,43.546,3.8619,614.579,270,-14.68,54.0,1000
2461,658.395,43.566,43.566,3.8619,614.829,270,-14.67,54.0,1000
2462,658.665,43.586,43.586,3.8619,615.079,270,-14.67,54.0,1000
2463,658.935,43.606,43.606,3.8619,615.329,270,-14.66,54.0,1000
2464,659.205,43.626,43.626,3.8619,615.579,270,-14.65,54.0,1000
2465,659.475,43.646,43.646,3.8619,615.829,270,-14.65,54.0,1000
2466,659.745,43.666,43.666,3.8619,616.079,270,-14.64,54.0,1000
2467,660.015,43.686,43.686,3.8619,616.329,270,-14.63,54.0,1000
2468,660.285,43.706,43.706,3.8619,616.579,270,-14.63,54.0,1000
2469,660.555,43.726,43.726,3.8619,616.829,270,-14.62,54.0,1000
2470,660.825,43.746,43.746,3.8619,617.079,270,-14.61,54.0,1000
2471,661.095,43.766,43.766,3.8619,617.329,270,-14.61,54.0,1000
2472,661.365,43.786,43.786,3.8619,617.579,270,-14.6,54.0,1000
2473,661.635,43.806,43.806,3.8619,617.829,270,-14.59,54.0,1000
2474,661.905,43.826,43.826,3.8619,618.079,270,-14.59,54.0,1000
2475,662.175,43.846,43.846,3.8619,618.329,270,-14.58,54.0,1000
2476,662.445,43.866,43.866,3.8619,618.579,270,-14.57,54.0,1000
2477,662.715,43.886,43.886,3.8619,618.829,270,-14.56,54.0,1000
2478,662.985,43.906,43.906,3.8619,619.079,270,-14.56,54.0,1000
2479,663.255,43.926,43.926,3.8619,619.329,270,-14.55,54.0,1000
2480,663.525,43.946,43.946,3.8619,619.579,270,-14.54,54.0,1000
2481,663.795,43.966,43.966,3.8619,619.829,270,-14.54,54.0,1000
2482,664.065,43.986,43.986,3.8619,620.079,270,-14.53,54.0,1000
2483,664.335,44.006,44.006,3.8619,620.329,270,-14.52,54.0,1000
2484,664.605,44.026,44.026,3.8619,620.579,270,-14.51,54.0,1000
2485,664.875,44.046,44.046,3.8619,620.829,270,-14.51,54.0,1000
2486,665.145,44.066,44.066,3.8619,621.079,270,-14.5,54.0,1000
2487,665.415,44.086,44.086,3.8619,621.329,270,-14.49,54.0,1000
2488,665.685,44.106,44.106,3.8619,621.579,270,-14.48,54.0,1000
2489,665.955,44.126,44.126,3.8619,621.829,270,-14.47,54.0,1000
2490,666.225,44.146,44.146,3.8619,622.079,270,-14.47,54.0,1000
2491,666.495,44.166,44.166,3.8619,622.329,270,-14.46,54.0,1000
2492,666.765,44.186,44.186,3.8619,622.579,270,-14.45,54.0,1000
2493,667.035,44.206,44.206,3.8619,622.829,270,-14.44,54.0,1000
2494,667.305,44.226,44.226,3.8619,623.079,270,-14.43,54.0,1000
2495,667.575,44.246,44.246,3.8619,623.329,270,-14.43,54.0,1000
2496,667.845,44.266,44.266,3.8619,623.579,270,-14.42,54.0,1000
2497,668.115,44.286,44.286,3.8619,623.829,270,-14.41,54.0,1000
2498,668.385,44.306,44.306,3.8619,624.079,270,-14.4,54.0,1000
2499,668.655,44.326,44.326,3.8619,624.329,270,-14.39,54.0,1000
2500,668.925,44.346,44.346,3.8619,624.579,270,-14.38,54.0,1000
2501,669.195,44.366,44.366,3.8619,624.829,270,-14.38,54.0,1000
2502,669.465,44.386,44.386,3.8619,625.079,270,-14.37,54.0,1000
2503,669.735,44.406,44.406,3.8619,625.329,270,-14.36,54.0,1000
2504,670.005,44.426,44.426,3.8619,625.579,270,-14.35,54.0,1000
2505,670.275,44.446,44.446,3.8619,625.829,270,-14.34,54.0,1000
2506,670.545,44.466,44.466,3.8619,626.079,270,-14.33,54.0,1000
2507,670.815,44.486,44.486,3.8619,626.329,270,-14.32,54.0,1000
2508,671.085,44.506,44.506,3.8619,626.579,270,-14.31,54.0,1000
2509,671.355,44.526,44.526,3.8619,626.829,270,-14.3,54.0,1000
2510,671.625,44.546,44.546,3.8619,627.079,270,-14.3,54.0,1000
2511,671.895,44.566,44.566,3.8619,627.329,270,-14.29,54.0,1000
2512,672.165,44.586,44.586,3.8619,627.579,270,-14.28,54.0,1000
2513,672.435,44.606,44.606,3.8619,627.829,270,-14.27,54.0,1000
2514,672.705,44.626,44.626,3.8619,628.079,270,-14.26,54.0,1000
2515,672.975,44.646,44.646,3.8619,628.329,270,-14.25,54.0,1000
2516,673.245,44.666,44.666,3.8619,628.579,270,-14.24,54.0,1000
2517,673.515,44.686,44.686,3.8619,628.829,270,-14.23,54.0,1000
2518,673.785,44.706,44.706,3.8619,629.079,270,-14.22,54.0,1000
2519,674.055,44.726,44.726,3.8619,629.329,270,-14.21,54.0,1000
2520,674.325,44.746,44.746,3.8619,629.579,270,-14.2,54.0,1000
2521,674.595,44.766,44.766,3.8619,629.829,270,-14.19,54.0,1000
2522,674.865,44.786,44.786,3.8619,630.079,270,-14.18,54.0,1000
2523,675.135,44.806,44.806,3.8619,630.329,270,-14.17,54.0,1000
2524,675.405,44.826,44.826,3.8619,630.579,270,-14.16,54.0,1000
2525,675.675,44.846,44.846,3.8619,630.829,270,-14.15,54.0,1000
2526,675.945,44.866,44.866,3.8619,631.079,270,-14.14,54.0,1000
2527,676.215,44.886,44.886,3.8619,631.329,270,-14.13,54.0,1000
2528,676.485,44.906,44.906,3.8619,631.579,270,-14.12,54.0,1000
2529,676.755,44.926,44.926,3.8619,631.829,270,-14.11,54.0,1000
2530,677.025,44.946,44.946,3.8619,632.079,270,-14.1,54.0,1000
2531,677.295,44.966,44.966,3.8619,632.329,270,-14.09,54.0,1000
2532,677.565,44.986,44.986,3.8619,632.579,270,-14.08,54.0,1000
2533,677.835,45.006,45.006,3.8619,632.829,270,-14.07,54.0,1000
2534,678.105,45.026,45.026,3.8619,633.079,270,-14.06,54.0,1000
2535,678.375,45.046,45.046,3.8619,633.329,270,-14.05,54.0,1000
2536,678.645,45.066,45.066,3.8619,633.579,270,-14.04,54.0,1000
2537,678.915,45.086,45.086,3.8619,633.829,270,-14.03,54.0,1000
2538,679.185,45.106,45.106,3.8619,634.079,270,-14.02,54.0,1000
2539,679.455,45.126,45.126,3.8619,634.329,270,-14.01,54.0,1000
2540,679.725,45.146,45.146,3.8619,634.579,270,-14.0,54.0,1000
2541,679.995,45.166,45.166,3.8619,634.829,270,-13.99,54.0,1000
2542,680.265,45.186,45.186,3.8619,635.079,270,-13.98,54.0,1000
2543,680.535,45.206,45.206,3.8619,635.329,270,-13.97,54.0,1000
2544,680.805,45.226,45.226,3.8619,635.579,270,-13.95,54.0,1000
2545,681.075,45.246,45.246,3.8619,635.829,270,-13.94,54.0,1000
2546,681.345,45.266,45.266,3.8619,636.079,270,-13.93,54.0,1000
2547,681.615,45.286,45.286,3.8619,636.329,270,-13.92,54.0,1000
2548,681.885,45.306,45.306,3.8619,636.579,270,-13.91,54.0,1000
2549,682.155,45.326,45.326,3.8619,636.829,270,-13.9,54.0,1000
2550,682.425,45.346,45.346,3.8619,637.079,270,-13.89,54.0,1000
2551,682.695,45.366,45.366,3.8619,637.329,270,-13.88,54.0,1000
2552,682.965,45.386,45.386,3.8619,637.579,270,-13.86,54.0,1000
2553,683.235,45.406,45.406,3.8619,637.829,270,-13.85,54.0,1000
2554,683.505,45.426,45.426,3.8619,638.079,270,-13.84,54.0,1000
2555,683.775,45.446,45.446,3.8619,638.329,270,-13.83,54.0,1000
2556,684.045,45.466,45.466,3.8619,638.579,270,-13.82,54.0,1000
2557,684.315,45.486,45.486,3.8619,638.829,270,-13.81,54.0,1000
2558,684.585,45.506,45.506,3.8619,639.079,270,-13.79,54.0,1000
2559,684.855,45.526,45.526,3.8619,639.329,270,-13.78,54.0,1000
2560,685.125,45.546,45.546,3.8619,639.579,270,-13.77,54.0,1000
2561,685.395,45.566,45.566,3.8619,639.829,270,-13.76,54.0,1000
2562,685.665,45.586,45.586,3.8619,640.079,270,-13.75,54.0,1000
2563,685.935,45.606,45.606,3.8619,640.329,270,-13.74,54.0,1000
2564,686.205,45.626,45.626,3.8619,640.579,270,-13.72,54.0,1000
2565,686.475,45.646,45.646,3.8619,640.829,270,-13.71,54.0,1000
2566,686.745,45.666,45.666,3.8619,641.079,270,-13.7,54.0,1000
2567,687.015,45.686,45.686,3.8619,641.329,270,-13.69,54.0,1000
2568,687.285,45.706,45.706,3.8619,641.579,270,-13.67,54.0,1000
2569,687.555,45.726,45.726,3.8619,641.829,270,-13.66,54.0,1000
2570,687.825,45.746,45.746,3.8619,642.079,270,-13.65,54.0,1000
2571,688.095,45.766,45.766,3.8619,642.329,270,-13.64,54.0,1000
2572,688.365,45.786,45.786,3.8619,642.579,270,-13.62,54.0,1000
2573,688.635,45.806,45.806,3.8619,642.829,270,-13.61,54.0,1000
2574,688.905,45.826,45.826,3.8619,643.079,270,-13.6,54.0,1000
2575,689.175,45.846,45.846,3.8619,643.329,270,-13.59,54.0,1000
2576,689.445,45.866,45.866,3.8619,643.579,270,-13.57,54.0,1000
2577,689.715,45.886,45.886,3.8619,643.829,270,-13.56,54.0,1000
2578,689.985,45.906,45.906,3.8619,644.079,270,-13.55,54.0,1000
2579,690.255,45.926,45.926,3.8619,644.329,270,-13.54,54.0,1000
2580,690.525,45.946,45.946,3.8619,644.579,270,-13.52,54.0,1000
2581,690.795,45.966,45.966,3.8619,644.829,270,-13.51,54.0,1000
2582,691.065,45.986,45.986,3.8619,645.079,270,-13.5,54.0,1000
2583,691.335,46.006,46.006,3.8619,645.329,270,-13.48,54.0,1000
2584,691.605,46.026,46.026,3.8619,645.579,270,-13.47,54.0,1000
2585,691.875,46.046,46.046,3.8619,645.829,270,-13.46,54.0,1000
2586,692.145,46.066,46.066,3.8619,646.079,270,-13.44,54.0,1000
2587,692.415,46.086,46.086,3.8619,646.329,270,-13.43,54.0,1000
2588,692.685,46.106,46.106,3.8619,646.579,270,-13.42,54.0,1000
2589,692.955,46.126,46.126,3.8619,646.829,270,-13.4,54.0,1000
2590,693.225,46.146,46.146,3.8619,647.079,270,-13.39,54.0,1000
2591,693.495,46.166,46.166,3.8619,647.329,270,-13.38,54.0,1000
2592,693.765,46.186,46.186,3.8619,647.579,270,-13.36,54.0,1000
2593,694.035,46.206,46.206,3.8619,647.829,270,-13.35,54.0,1000
2594,694.305,46.226,46.226,3.8619,648.079,270,-13.34,54.0,1000
2595,694.575,46.246,46.246,3.8619,648.329,270,-13.32,54.0,1000
2596,694.845,46.266,46.266,3.8619,648.579,270,-13.31,54.0,1000
2597,695.115,46.286,46.286,3.8619,648.829,270,-13.29,54.0,1000
2598,695.385,46.306,46.306,3.8619,649.079,270,-13.28,54.0,1000
2599,695.655,46.326,46.326,3.8619,649.329,270,-13.27,54.0,1000
2600,695.925,46.346,46.346,3.8619,649.579,270,-13.25,54.0,1000
2601,696.195,46.366,46.366,3.8619,649.829,270,-13.24,54.0,1000
2602,696.465,46.386,46.386,3.8619,650.079,270,-13.22,54.0,1000
2603,696.735,46.406,46.406,3.8619,650.329,270,-13.21,54.0,1000
2604,697.005,46.426,46.426,3.8619,650.579,270,-13.2,54.0,1000
2605,697.275,46.446,46.446,3.8619,650.829,270,-13.18,54.0,1000
2606,697.545,46.466,46.466,3.8619,651.079,270,-13.17,54.0,1000
2607,697.815,46.486,46.486,3.8619,651.329,270,-13.15,54.0,1000
2608,698.085,46.506,46.506,3.8619,651.579,270,-13.14,54.0,1000
2609,698.355,46.526,46.526,3.8619,651.829,270,-13.12,54.0,1000
2610,698.625,46.546,46.546,3.8619,652.079,270,-13.11,54.0,1000
2611,698.895,46.566,46.566,3.8619,652.329,270,-13.09,54.0,1000
2612,699.165,46.586,46.586,3.8619,652.579,270,-13.08,54.0,1000
2613,699.435,46.606,46.606,3.8619,652.829,270,-13.06,54.0,1000
2614,699.705,46.626,46.626,3.8619,653.079,270,-13.05,54.0,1000
2615,699.975,46.646,46.646,3.8619,653.329,270,-13.04,54.0,1000
2616,700.245,46.666,46.666,3.8619,653.579,270,-13.02,54.0,1000
2617,700.515,46.686,46.686,3.8619,653.829,270,-13.01,54.0,1000
2618,700.785,46.706,46.706,3.8619,654.079,270,-12.99,54.0,1000
2619,701.055,46.726,46.726,3.8619,654.329,270,-12.98,54.0,1000
2620,701.325,46.746,46.746,3.8619,654.579,270,-12.96,54.0,1000
2621,701.595,46.766,46.766,3.8619,654.829,270,-12.95,54.0,1000
2622,701.865,46.786,46.786,3.8619,655.079,270,-12.93,54.0,1000
2623,702.135,46.806,46.806,3.8619,655.329,270,-12.91,54.0,1000
2624,702.405,46.826,46.826,3.8619,655.579,270,-12.9,54.0,1000
2625,702.675,46.846,46.846,3.8619,655.829,270,-12.88,54.0,1000
2626,702.945,46.866,46.866,3.8619,656.079,270,-12.87,54.0,1000
2627,703.215,46.886,46.886,3.8619,656.329,270,-12.85,54.0,1000
2628,703.485,46.906,46.906,3.8619,656.579,270,-12.84,54.0,1000
2629,703.755,46.926,46.926,3.8619,656.829,270,-12.82,54.0,1000
2630,704.025,46.946,46.946,3.8619,657.079,270,-12.81,54.0,1000
2631,704.295,46.966,46.966,3.8619,657.329,270,-12.79,54.0,1000
2632,704.565,46.986,46.986,3.8619,657.579,270,-12.78,54.0,1000
2633,704.835,47.006,47.006,3.8619,657.829,270,-12.76,54.0,1000
2634,705.105,47.026,47.026,3.8619,658.079,270,-12.74,54.0,1000
2635,705.375,47.046,47.046,3.8619,658.329,270,-12.73,54.0,1000
2636,705.645,47.066,47.066,3.8619,658.579,270,-12.71,54.0,1000
2637,705.915,47.086,47.086,3.8619,658.829,270,-12.7,54.0,1000
2638,706.185,47.106,47.106,3.8619,659.079,270,-12.68,54.0,1000
2639,706.455,47.126,47.126,3.8619,659.329,270,-12.66,54.0,1000
2640,706.725,47.146,47.146,3.8619,659.579,270,-12.65,54.0,1000
2641,706.995,47.166,47.166,3.8619,659.829,270,-12.63,54.0,1000
2642,707.265,47.186,47.186,3.8619,660.079,270,-12.62,54.0,1000
2643,707.535,47.206,47.206,3.8619,660.329,270,-12.6,54.0,1000
2644,707.805,47.226,47.226,3.8619,660.579,270,-12.58,54.0,1000
2645,708.075,47.246,47.246,3.8619,660.829,270,-12.57,54.0,1000
2646,708.345,47.266,47.266,3.8619,661.079,270,-12.55,54.0,1000
2647,708.615,47.286,47.286,3.8619,661.329,270,-12.53,54.0,1000
2648,708.885,47.306,47.306,3.8619,661.579,270,-12.52,54.0,1000
2649,709.155,47.326,47.326,3.8619,661.829,270,-12.5,54.0,1000
2650,709.425,47.346,47.346,3.8619,662.079,270,-12.48,54.0,1000
2651,709.695,47.366,47.366,3.8619,662.329,270,-12.47,54.0,1000
2652,709.965,47.386,47.386,3.8619,662.579,270,-12.45,54.0,1000
2653,710.235,47.406,47.406,3.8619,662.829,270,-12.43,54.0,1000
2654,710.505,47.426,47.426,3.8619,663.079,270,-12.42,54.0,1000
2655,710.775,47.446,47.446,3.8619,663.329,270,-12.4,54.0,1000
2656,711.045,47.466,47.466,3.8619,663.579,270,-12.38,54.0,1000
2657,711.315,47.486,47.486,3.8619,663.829,270,-12.37,54.0,1000
2658,711.585,47.506,47.506,3.8619,664.079,270,-12.35,54.0,1000
2659,711.855,47.526,47.526,3.8619,664.329,270,-12.33,54.0,1000
2660,712.125,47.546,47.546,3.8619,664.579,270,-12.32,54.0,1000
2661,712.395,47.566,47.566,3.8619,664.829,270,-12.3,54.0,1000
2662,712.665,47.586,47.586,3.8619,665.079,270,-12.28,54.0,1000
2663,712.935,47.606,47.606,3.8619,665.329,270,-12.26,54.0,1000
2664,713.205,47.626,47.626,3.8619,665.579,270,-12.25,54.0,1000
2665,713.475,47.646,47.646,3.8619,665.829,270,-12.23,54.0,1000
2666,713.745,47.666,47.666,3.8619,666.079,270,-12.21,54.0,1000
2667,714.015,47.686,47.686,3.8619,666.329,270,-12.19,54.0,1000
2668,714.28,47.706,47.706,3.8619,666.574,270,-12.18,54.0,1000
2669,714.539,47.726,47.726,3.8619,666.813,270,-12.16,54.0,1000
2670,714.792,47.746,47.746,3.8619,667.046,270,-12.14,54.0,1000
2671,715.039,47.766,47.766,3.8619,667.273,270,-12.12,54.0,1000
2672,715.28,47.786,47.786,3.8619,667.494,270,-12.11,54.0,1000
2673,715.515,47.806,47.806,3.8619,667.709,270,-12.09,54.0,1000
2674,715.744,47.826,47.826,3.8619,667.918,270,-12.07,54.0,1000
2675,715.967,47.846,47.846,3.8619,668.121,270,-12.05,54.0,1000
2676,716.184,47.866,47.866,3.8619,668.318,270,-12.03,54.0,1000
2677,716.395,47.886,47.886,3.8619,668.509,270,-12.02,54.0,1000
2678,716.6,47.906,47.906,3.8619,668.694,270,-12.0,54.0,1000
2679,716.799,47.926,47.926,3.8619,668.873,270,-11.98,54.0,1000
2680,716.992,47.946,47.946,3.8619,669.046,270,-11.96,54.0,1000
2681,717.179,47.966,47.966,3.8619,669.213,270,-11.94,54.0,1000
2682,717.36,47.986,47.986,3.8619,669.374,270,-11.93,54.0,1000
2683,717.535,48.006,48.006,3.8619,669.529,270,-11.91,54.0,1000
2684,717.704,48.026,48.026,3.8619,669.678,270,-11.89,54.0,1000
2685,717.867,48.046,48.046,3.8619,669.821,270,-11.87,54.0,1000
2686,718.024,48.066,48.066,3.8619,669.958,270,-11.85,54.0,1000
2687,718.175,48.086,48.086,3.8619,670.089,270,-11.84,54.0,1000
2688,718.32,48.106,48.106,3.8619,670.214,270,-11.82,54.0,1000
2689,718.459,48.126,48.126,3.8619,670.333,270,-11.8,54.0,1000
2690,718.592,48.146,48.146,3.8619,670.446,270,-11.78,54.0,1000
2691,718.719,48.166,48.166,3.8619,670.553,270,-11.76,54.0,1000
2692,718.84,48.186,48.186,3.8619,670.654,270,-11.74,54.0,1000
2693,718.955,48.206,48.206,3.8619,670.749,270,-11.72,54.0,1000
2694,719.064,48.226,48.226,3.8619,670.838,270,-11.7,54.0,1000
2695,719.167,48.246,48.246,3.8619,670.921,270,-11.69,54.0,1000
2696,719.264,48.266,48.266,3.8619,670.998,270,-11.67,54.0,1000
2697,719.355,48.286,48.286,3.8619,671.069,270,-11.65,54.0,1000
2698,719.44,48.306,48.306,3.8619,671.134,270,-11.63,54.0,1000
2699,719.519,48.326,48.326,3.8619,671.193,270,-11.61,54.0,1000
2700,719.592,48.346,48.346,3.8619,671.246,270,-11.59,54.0,1000
2701,719.659,48.366,48.366,3.8619,671.293,270,-11.57,54.0,1000
2702,719.72,48.386,48.386,3.8619,671.334,270,-11.55,54.0,1000
2703,719.775,48.406,48.406,3.8619,671.369,270,-11.53,54.0,1000
2704,719.824,48.426,48.426,3.8619,671.398,270,-11.51,54.0,1000
2705,719.867,48.446,48.446,3.8619,671.421,270,-11.5,54.0,1000
2706,719.904,48.466,48.466,3.8619,671.438,270,-11.48,54.0,1000
2707,719.935,48.486,48.486,3.8619,671.449,270,-11.46,54.0,1000
2708,719.96,48.506,48.506,3.8619,671.454,270,-11.44,54.0,1000
2709,719.979,48.526,48.526,3.8619,671.453,270,-11.42,54.0,1000
2710,719.992,48.546,48.546,3.8619,671.446,270,-11.4,54.0,1000
2711,719.999,48.566,48.566,3.8619,671.433,270,-11.38,54.0,1000
2712,720.0,48.586,48.586,3.8619,671.414,270,-11.36,54.0,1000
2713,720.0,48.606,48.606,3.8619,671.394,270,-11.34,54.0,1000
2714,720.0,48.626,48.626,3.8619,671.374,270,-11.32,54.0,1000
2715,720.0,48.646,48.646,3.8619,671.354,270,-11.3,54.0,1000
2716,720.0,48.666,48.666,3.8619,671.334,270,-11.28,54.0,1000
2717,720.0,48.686,48.686,3.8619,671.314,270,-11.26,54.0,1000
2718,720.0,48.706,48.706,3.8619,671.294,270,-11.24,54.0,1000
2719,720.0,48.726,48.726,3.8619,671.274,270,-11.22,54.0,1000
2720,720.0,48.746,48.746,3.8619,671.254,270,-11.2,54.0,1000
2721,720.0,48.766,48.766,3.8619,671.234,270,-11.18,54.0,1000
2722,720.0,48.786,48.786,3.8619,671.214,270,-11.16,54.0,1000
2723,720.0,48.806,48.806,3.8619,671.194,270,-11.14,54.0,1000
2724,720.0,48.826,48.826,3.8619,671.174,270,-11.12,54.0,1000
2725,720.0,48.846,48.846,3.8619,671.154,270,-11.1,54.0,1000
2726,720.0,48.866,48.866,3.8619,671.134,270,-11.08,54.0,1000
2727,720.0,48.886,48.886,3.8619,671.114,270,-11.06,54.0,1000
2728,720.0,48.906,48.906,3.8619,671.094,270,-11.04,54.0,1000
2729,720.0,48.926,48.926,3.8619,671.074,270,-11.02,54.0,1000
2730,720.0,48.946,48.946,3.8619,671.054,270,-11.0,54.0,1000
2731,720.0,48.966,48.966,3.8619,671.034,270,-10.98,54.0,1000
2732,720.0,48.986,48.986,3.8619,671.014,270,-10.96,54.0,1000
2733,720.0,49.006,49.006,3.8619,670.994,270,-10.94,54.0,1000
2734,720.0,49.026,49.026,3.8619,670.974,270,-10.92,54.0,1000
2735,720.0,49.046,49.046,3.8619,670.954,270,-10.9,54.0,1000
2736,720.0,49.066,49.066,3.8619,670.934,270,-10.88,54.0,1000
2737,720.0,49.086,49.086,3.8619,670.914,270,-10.86,54.0,1000
2738,720.0,49.106,49.106,3.8619,670.894,270,-10.84,54.0,1000
2739,720.0,49.126,49.126,3.8619,670.874,270,-10.81,54.0,1000
2740,720.0,49.146,49.146,3.8619,670.854,270,-10.79,54.0,1000
2741,720.0,49.166,49.166,3.8619,670.834,270,-10.77,54.0,1000
2742,720.0,49.186,49.186,3.8619,670.814,270,-10.75,54.0,1000
2743,720.0,49.206,49.206,3.8619,670.794,270,-10.73,54.0,1000
2744,720.0,49.226,49.226,3.8619,670.774,270,-10.71,54.0,1000
2745,720.0,49.246,49.246,3.8619,670.754,270,-10.69,54.0,1000
2746,720.0,49.266,49.266,3.8619,670.734,270,-10.67,54.0,1000
2747,720.0,49.286,49.286,3.8619,670.714,270,-10.65,54.0,1000
2748,720.0,49.306,49.306,3.8619,670.694,270,-10.63,54.0,1000
2749,720.0,49.326,49.326,3.8619,670.674,270,-10.6,54.0,1000
2750,720.0,49.346,49.346,3.8619,670.654,270,-10.58,54.0,1000
2751,720.0,49.366,49.366,3.8619,670.634,270,-10.56,54.0,1000
2752,720.0,49.386,49.386,3.8619,670.614,270,-10.54,54.0,1000
2753,720.0,49.406,49.406,3.8619,670.594,270,-10.52,54.0,1000
2754,720.0,49.426,49.426,3.8619,670.574,270,-10.5,54.0,1000
2755,720.0,49.446,49.446,3.8619,670.554,270,-10.48,54.0,1000
2756,720.0,49.466,49.466,3.8619,670.534,270,-10.45,54.0,1000
2757,720.0,49.486,49.486,3.8619,670.514,270,-10.43,54.0,1000
2758,720.0,49.506,49.506,3.8619,670.494,270,-10.41,54.0,1000
2759,720.0,49.526,49.526,3.8619,670.474,270,-10.39,54.0,1000
2760,720.0,49.546,49.546,3.8619,670.454,270,-10.37,54.0,1000
2761,720.0,49.566,49.566,3.8619,670.434,270,-10.35,54.0,1000
2762,720.0,49.586,49.586,3.8619,670.414,270,-10.32,54.0,1000
2763,720.0,49.606,49.606,3.8619,670.394,270,-10.3,54.0,1000
2764,720.0,49.626,49.626,3.8619,670.374,270,-10.28,54.0,1000
2765,720.0,49.646,49.646,3.8619,670.354,270,-10.26,54.0,1000
2766,720.0,49.666,49.666,3.8619,670.334,270,-10.24,54.0,1000
2767,720.0,49.686,49.686,3.8619,670.314,270,-10.22,54.0,1000
2768,720.0,49.706,49.706,3.8619,670.294,270,-10.19,54.0,1000
2769,720.0,49.726,49.726,3.8619,670.274,270,-10.17,54.0,1000
2770,720.0,49.746,49.746,3.8619,670.254,270,-10.15,54.0,1000
2771,720.0,49.766,49.766,3.8619,670.234,270,-10.13,54.0,1000
2772,720.0,49.786,49.786,3.8619,670.214,270,-10.11,54.0,1000
2773,720.0,49.806,49.806,3.8619,670.194,270,-10.08,54.0,1000
2774,720.0,49.826,49.826,3.8619,670.174,270,-10.06,54.0,1000
2775,720.0,49.846,49.846,3.8619,670.154,270,-10.04,54.0,1000
2776,720.0,49.866,49.866,3.8619,670.134,270,-10.02,54.0,1000
2777,720.0,49.886,49.886,3.8619,670.114,270,-9.99,54.0,1000
2778,720.0,49.906,49.906,3.8619,670.094,270,-9.97,54.0,1000
2779,720.0,49.926,49.926,3.8619,670.074,270,-9.95,54.0,1000
2780,720.0,49.946,49.946,3.8619,670.054,270,-9.93,54.0,1000
2781,720.0,49.966,49.966,3.8619,670.034,270,-9.9,54.0,1000
2782,720.0,49.986,49.986,3.8619,670.014,270,-9.88,54.0,1000
2783,720.0,50.006,50.006,3.8619,669.994,270,-9.86,54.0,1000
2784,720.0,50.026,50.026,3.8619,669.974,270,-9.84,54.0,1000
2785,720.0,50.046,50.046,3.8619,669.954,270,-9.81,54.0,1000
2786,720.0,50.066,50.066,3.8619,669.934,270,-9.79,54.0,1000
2787,720.0,50.086,50.086,3.8619,669.914,270,-9.77,54.0,1000
2788,720.0,50.106,50.106,3.8619,669.894,270,-9.75,54.0,1000
2789,720.0,50.126,50.126,3.8619,669.874,270,-9.72,54.0,1000
2790,720.0,50.146,50.146,3.8619,669.854,270,-9.7,54.0,1000
2791,720.0,50.166,50.166,3.8619,669.834,270,-9.68,54.0,1000
2792,720.0,50.186,50.186,3.8619,669.814,270,-9.65,54.0,1000
2793,720.0,50.206,50.206,3.8619,669.794,270,-9.63,54.0,1000
2794,720.0,50.226,50.226,3.8619,669.774,270,-9.61,54.0,1000
2795,720.0,50.246,50.246,3.8619,669.754,270,-9.58,54.0,1000
2796,720.0,50.266,50.266,3.8619,669.734,270,-9.56,54.0,1000
2797,720.0,50.286,50.286,3.8619,669.714,270,-9.54,54.0,1000
2798,720.0,50.306,50.306,3.8619,669.694,270,-9.52,54.0,1000
2799,720.0,50.326,50.326,3.8619,669.674,270,-9.49,54.0,1000
2800,720.0,50.346,50.346,3.8619,669.654,270,-9.47,54.0,1000
2801,720.0,50.366,50.366,3.8619,669.634,270,-9.45,54.0,1000
2802,720.0,50.386,50.386,3.8619,669.614,270,-9.42,54.0,1000
2803,720.0,50.406,50.406,3.8619,669.594,270,-9.4,54.0,1000
2804,720.0,50.426,50.426,3.8619,669.574,270,-9.38,54.0,1000
2805,720.0,50.446,50.446,3.8619,669.554,270,-9.35,54.0,1000
2806,720.0,50.466,50.466,3.8619,669.534,270,-9.33,54.0,1000
2807,720.0,50.486,50.486,3.8619,669.514,270,-9.31,54.0,1000
2808,720.0,50.506,50.506,3.8619,669.494,270,-9.28,54.0,1000
2809,720.0,50.526,50.526,3.8619,669.474,270,-9.26,54.0,1000
2810,720.0,50.546,50.546,3.8619,669.454,270,-9.23,54.0,1000
2811,720.0,50.566,50.566,3.8619,669.434,270,-9.21,54.0,1000
2812,720.0,50.586,50.586,3.8619,669.414,270,-9.19,54.0,1000
2813,720.0,50.606,50.606,3.8619,669.394,270,-9.16,54.0,1000
2814,720.0,50.626,50.626,3.8619,669.374,270,-9.14,54.0,1000
2815,720.0,50.646,50.646,3.8619,669.354,270,-9.12,54.0,1000
2816,720.0,50.666,50.666,3.8619,669.334,270,-9.09,54.0,1000
2817,720.0,50.686,50.686,3.8619,669.314,270,-9.07,54.0,1000
2818,720.0,50.706,50.706,3.8619,669.294,270,-9.04,54.0,1000
2819,720.0,50.726,50.726,3.8619,669.274,270,-9.02,54.0,1000
2820,720.0,50.746,50.746,3.8619,669.254,270,-9.0,54.0,1000
2821,720.0,50.766,50.766,3.8619,669.234,270,-8.97,54.0,1000
2822,720.0,50.786,50.786,3.8619,669.214,270,-8.95,54.0,1000
2823,720.0,50.806,50.806,3.8619,669.194,270,-8.92,54.0,1000
2824,720.0,50.826,50.826,3.8619,669.174,270,-8.9,54.0,1000
2825,720.0,50.846,50.846,3.8619,669.154,270,-8.88,54.0,1000
2826,720.0,50.866,50.866,3.8619,669.134,270,-8.85,54.0,1000
2827,720.0,50.886,50.886,3.8619,669.114,270,-8.83,54.0,1000
2828,720.0,50.906,50.906,3.8619,669.094,270,-8.8,54.0,1000
2829,720.0,50.926,50.926,3.8619,669.074,270,-8.78,54.0,1000
2830,720.0,50.946,50.946,3.8619,669.054,270,-8.75,54.0,1000
2831,720.0,50.966,50.966,3.8619,669.034,270,-8.73,54.0,1000
2832,720.0,50.986,50.986,3.8619,669.014,270,-8.71,54.0,1000
2833,720.0,51.006,51.006,3.8619,668.994,270,-8.68,54.0,1000
2834,720.0,51.026,51.026,3.8619,668.974,270,-8.66,54.0,1000
2835,720.0,51.046,51.046,3.8619,668.954,270,-8.63,54.0,1000
2836,720.0,51.066,51.066,3.8619,668.934,270,-8.61,54.0,1000
2837,720.0,51.086,51.086,3.8619,668.914,270,-8.58,54.0,1000
2838,720.0,51.106,51.106,3.8619,668.894,270,-8.56,54.0,1000
2839,720.0,51.126,51.126,3.8619,668.874,270,-8.53,54.0,1000
2840,720.0,51.146,51.146,3.8619,668.854,270,-8.51,54.0,1000
2841,720.0,51.166,51.166,3.8619,668.834,270,-8.48,54.0,1000
2842,720.0,51.186,51.186,3.8619,668.814,270,-8.46,54.0,1000
2843,720.0,51.206,51.206,3.8619,668.794,270,-8.43,54.0,1000
2844,720.0,51.226,51.226,3.8619,668.774,270,-8.41,54.0,1000
2845,720.0,51.246,51.246,3.8619,668.754,270,-8.39,54.0,1000
2846,720.0,51.266,51.266,3.8619,668.734,270,-8.36,54.0,1000
2847,720.0,51.286,51.286,3.8619,668.714,270,-8.34,54.0,1000
2848,720.0,51.306,51.306,3.8619,668.694,270,-8.31,54.0,1000
2849,720.0,51.326,51.326,3.8619,668.674,270,-8.29,54.0,1000
2850,720.0,51.346,51.346,3.8619,668.654,270,-8.26,54.0,1000
2851,720.0,51.366,51.366,3.8619,668.634,270,-8.24,54.0,1000
2852,720.0,51.386,51.386,3.8619,668.614,270,-8.21,54.0,1000
2853,720.0,51.406,51.406,3.8619,668.594,270,-8.19,54.0,1000
2854,720.0,51.426,51.426,3.8619,668.574,270,-8.16,54.0,1000
2855,720.0,51.446,51.446,3.8619,668.554,270,-8.13,54.0,1000
2856,720.0,51.466,51.466,3.8619,668.534,270,-8.11,54.0,1000
2857,720.0,51.486,51.486,3.8619,668.514,270,-8.08,54.0,1000
2858,720.0,51.506,51.506,3.8619,668.494,270,-8.06,54.0,1000
2859,720.0,51.526,51.526,3.8619,668.474,270,-8.03,54.0,1000
2860,720.0,51.546,51.546,3.8619,668.454,270,-8.01,54.0,1000
2861,720.0,51.566,51.566,3.8619,668.434,270,-7.98,54.0,1000
2862,720.0,51.586,51.586,3.8619,668.414,270,-7.96,54.0,1000
2863,720.0,51.606,51.606,3.8619,668.394,270,-7.93,54.0,1000
2864,720.0,51.626,51.626,3.8619,668.374,270,-7.91,54.0,1000
2865,720.0,51.646,51.646,3.8619,668.354,270,-7.88,54.0,1000
2866,720.0,51.666,51.666,3.8619,668.334,270,-7.86,54.0,1000
2867,720.0,51.686,51.686,3.8619,668.314,270,-7.83,54.0,1000
2868,720.0,51.706,51.706,3.8619,668.294,270,-7.8,54.0,1000
2869,720.0,51.726,51.726,3.8619,668.274,270,-7.78,54.0,1000
2870,720.0,51.746,51.746,3.8619,668.254,270,-7.75,54.0,1000
2871,720.0,51.766,51.766,3.8619,668.234,270,-7.73,54.0,1000
2872,720.0,51.786,51.786,3.8619,668.214,270,-7.7,54.0,1000
2873,720.0,51.806,51.806,3.8619,668.194,270,-7.68,54.0,1000
2874,720.0,51.826,51.826,3.8619,668.174,270,-7.65,54.0,1000
2875,720.0,51.846,51.846,3.8619,668.154,270,-7.62,54.0,1000
2876,720.0,51.866,51.866,3.8619,668.134,270,-7.6,54.0,1000
2877,720.0,51.886,51.886,3.8619,668.114,270,-7.57,54.0,1000
2878,720.0,51.906,51.906,3.8619,668.094,270,-7.55,54.0,1000
2879,720.0,51.926,51.926,3.8619,668.074,270,-7.52,54.0,1000
2880,720.0,51.946,51.946,3.8619,668.054,270,-7.49,54.0,1000
2881,720.0,51.966,51.966,3.8619,668.034,270,-7.47,54.0,1000
2882,720.0,51.986,51.986,3.8619,668.014,270,-7.44,54.0,1000
2883,720.0,52.006,52.006,3.8619,667.994,270,-7.42,54.0,1000
2884,720.0,52.026,52.026,3.8619,667.974,270,-7.39,54.0,1000
2885,720.0,52.046,52.046,3.8619,667.954,270,-7.36,54.0,1000
2886,720.0,52.066,52.066,3.8619,667.934,270,-7.34,54.0,1000
2887,720.0,52.086,52.086,3.8619,667.914,270,-7.31,54.0,1000
2888,720.0,52.106,52.106,3.8619,667.894,270,-7.29,54.0,1000
2889,720.0,52.126,52.126,3.8619,667.874,270,-7.26,54.0,1000
2890,720.0,52.146,52.146,3.8619,667.854,270,-7.23,54.0,1000
2891,720.0,52.166,52.166,3.8619,667.834,270,-7.21,54.0,1000
2892,720.0,52.186,52.186,3.8619,667.814,270,-7.18,54.0,1000
2893,720.0,52.206,52.206,3.8619,667.794,270,-7.15,54.0,1000
2894,720.0,52.226,52.226,3.8619,667.774,270,-7.13,54.0,1000
2895,720.0,52.246,52.246,3.8619,667.754,270,-7.1,54.0,1000
2896,720.0,52.266,52.266,3.8619,667.734,270,-7.08,54.0,1000
2897,720.0,52.286,52.286,3.8619,667.714,270,-7.05,54.0,1000
2898,720.0,52.306,52.306,3.8619,667.694,270,-7.02,54.0,1000
2899,720.0,52.326,52.326,3.8619,667.674,270,-7.0,54.0,1000
2900,720.0,52.346,52.346,3.8619,667.654,270,-6.97,54.0,1000
2901,720.0,52.366,52.366,3.8619,667.634,270,-6.94,54.0,1000
2902,720.0,52.386,52.386,3.8619,667.614,270,-6.92,54.0,1000
2903,720.0,52.406,52.406,3.8619,667.594,270,-6.89,54.0,1000
2904,720.0,52.426,52.426,3.8619,667.574,270,-6.86,54.0,1000
2905,720.0,52.446,52.446,3.8619,667.554,270,-6.84,54.0,1000
2906,720.0,52.466,52.466,3.8619,667.534,270,-6.81,54.0,1000
2907,720.0,52.486,52.486,3.8619,667.514,270,-6.78,54.0,1000
2908,720.0,52.506,52.506,3.8619,667.494,270,-6.76,54.0,1000
2909,720.0,52.526,52.526,3.8619,667.474,270,-6.73,54.0,1000
2910,720.0,52.546,52.546,3.8619,667.454,270,-6.7,54.0,1000
2911,720.0,52.566,52.566,3.8619,667.434,270,-6.68,54.0,1000
2912,720.0,52.586,52.586,3.8619,667.414,270,-6.65,54.0,1000
2913,720.0,52.606,52.606,3.8619,667.394,270,-6.62,54.0,1000
2914,720.0,52.626,52.626,3.8619,667.374,270,-6.59,54.0,1000
2915,720.0,52.646,52.646,3.8619,667.354,270,-6.57,54.0,1000
2916,720.0,52.666,52.666,3.8619,667.334,270,-6.54,54.0,1000
2917,720.0,52.686,52.686,3.8619,667.314,270,-6.51,54.0,1000
2918,720.0,52.706,52.706,3.8619,667.294,270,-6.49,54.0,1000
2919,720.0,52.726,52.726,3.8619,667.274,270,-6.46,54.0,1000
2920,720.0,52.746,52.746,3.8619,667.254,270,-6.43,54.0,1000
2921,720.0,52.766,52.766,3.8619,667.234,270,-6.41,54.0,1000
2922,720.0,52.786,52.786,3.8619,667.214,270,-6.38,54.0,1000
2923,720.0,52.806,52.806,3.8619,667.194,270,-6.35,54.0,1000
2924,720.0,52.826,52.826,3.8619,667.174,270,-6.32,54.0,1000
2925,720.0,52.846,52.846,3.8619,667.154,270,-6.3,54.0,1000
2926,720.0,52.866,52.866,3.8619,667.134,270,-6.27,54.0,1000
2927,720.0,52.886,52.886,3.8619,667.114,270,-6.24,54.0,1000
2928,720.0,52.906,52.906,3.8619,667.094,270,-6.21,54.0,1000
2929,720.0,52.926,52.926,3.8619,667.074,270,-6.19,54.0,1000
2930,720.0,52.946,52.946,3.8619,667.054,270,-6.16,54.0,1000
2931,720.0,52.966,52.966,3.8619,667.034,270,-6.13,54.0,1000
2932,720.0,52.986,52.986,3.8619,667.014,270,-6.11,54.0,1000
2933,720.0,53.006,53.006,3.8619,666.994,270,-6.08,54.0,1000
2934,720.0,53.026,53.026,3.8619,666.974,270,-6.05,54.0,1000
2935,720.0,53.046,53.046,3.8619,666.954,270,-6.02,54.0,1000
2936,720.0,53.066,53.066,3.8619,666.934,270,-6.0,54.0,1000
2937,720.0,53.086,53.086,3.8619,666.914,270,-5.97,54.0,1000
2938,720.0,53.106,53.106,3.8619,666.894,270,-5.94,54.0,1000
2939,720.0,53.126,53.126,3.8619,666.874,270,-5.91,54.0,1000
2940,720.0,53.146,53.146,3.8619,666.854,270,-5.89,54.0,1000
2941,720.0,53.166,53.166,3.8619,666.834,270,-5.86,54.0,1000
2942,720.0,53.186,53.186,3.8619,666.814,270,-5.83,54.0,1000
2943,720.0,53.206,53.206,3.8619,666.794,270,-5.8,54.0,1000
2944,720.0,53.226,53.226,3.8619,666.774,270,-5.77,54.0,1000
2945,720.0,53.246,53.246,3.8619,666.754,270,-5.75,54.0,1000
2946,720.0,53.266,53.266,3.8619,666.734,270,-5.72,54.0,1000
2947,720.0,53.286,53.286,3.8619,666.714,270,-5.69,54.0,1000
2948,720.0,53.306,53.306,3.8619,666.694,270,-5.66,54.0,1000
2949,720.0,53.326,53.326,3.8619,666.674,270,-5.64,54.0,1000
2950,720.0,53.346,53.346,3.8619,666.654,270,-5.61,54.0,1000
2951,720.0,53.366,53.366,3.8619,666.634,270,-5.58,54.0,1000
2952,720.0,53.386,53.386,3.8619,666.614,270,-5.55,54.0,1000
2953,720.0,53.406,53.406,3.8619,666.594,270,-5.52,54.0,1000
2954,720.0,53.426,53.426,3.8619,666.574,270,-5.5,54.0,1000
2955,720.0,53.446,53.446,3.8619,666.554,270,-5.47,54.0,1000
2956,720.0,53.466,53.466,3.8619,666.534,270,-5.44,54.0,1000
2957,720.0,53.486,53.486,3.8619,666.514,270,-5.41,54.0,1000
2958,720.0,53.506,53.506,3.8619,666.494,270,-5.38,54.0,1000
2959,720.0,53.526,53.526,3.8619,666.474,270,-5.36,54.0,1000
2960,720.0,53.546,53.546,3.8619,666.454,270,-5.33,54.0,1000
2961,720.0,53.566,53.566,3.8619,666.434,270,-5.3,54.0,1000
2962,720.0,53.586,53.586,3.8619,666.414,270,-5.27,54.0,1000
2963,720.0,53.606,53.606,3.8619,666.394,270,-5.24,54.0,1000
2964,720.0,53.626,53.626,3.8619,666.374,270,-5.22,54.0,1000
2965,720.0,53.646,53.646,3.8619,666.354,270,-5.19,54.0,1000
2966,720.0,53.666,53.666,3.8619,666.334,270,-5.16,54.0,1000
2967,720.0,53.686,53.686,3.8619,666.314,270,-5.13,54.0,1000
2968,720.0,53.706,53.706,3.8619,666.294,270,-5.1,54.0,1000
2969,720.0,53.726,53.726,3.8619,666.274,270,-5.08,54.0,1000
2970,720.0,53.746,53.746,3.8619,666.254,270,-5.05,54.0,1000
2971,720.0,53.766,53.766,3.8619,666.234,270,-5.02,54.0,1000
2972,720.0,53.786,53.786,3.8619,666.214,270,-4.99,54.0,1000
2973,720.0,53.806,53.806,3.8619,666.194,270,-4.96,54.0,1000
2974,720.0,53.826,53.826,3.8619,666.174,270,-4.93,54.0,1000
2975,720.0,53.846,53.846,3.8619,666.154,270,-4.91,54.0,1000
2976,720.0,53.866,53.866,3.8619,666.134,270,-4.88,54.0,1000
2977,720.0,53.886,53.886,3.8619,666.114,270,-4.85,54.0,1000
2978,720.0,53.906,53.906,3.8619,666.094,270,-4.82,54.0,1000
2979,720.0,53.926,53.926,3.8619,666.074,270,-4.79,54.0,1000
2980,720.0,53.946,53.946,3.8619,666.054,270,-4.76,54.0,1000
2981,720.0,53.966,53.966,3.8619,666.034,270,-4.74,54.0,1000
2982,720.0,53.986,53.986,3.8619,666.014,270,-4.71,54.0,1000
2983,720.0,54.006,54.006,3.8619,665.994,270,-4.68,54.0,1000
2984,720.0,54.026,54.026,3.8619,665.974,270,-4.65,54.0,1000
2985,720.0,54.046,54.046,3.8619,665.954,270,-4.62,54.0,1000
2986,720.0,54.066,54.066,3.8619,665.934,270,-4.59,54.0,1000
2987,720.0,54.086,54.086,3.8619,665.914,270,-4.56,54.0,1000
2988,720.0,54.106,54.106,3.8619,665.894,270,-4.54,54.0,1000
2989,720.0,54.126,54.126,3.8619,665.874,270,-4.51,54.0,1000
2990,720.0,54.146,54.146,3.8619,665.854,270,-4.48,54.0,1000
2991,720.0,54.166,54.166,3.8619,665.834,270,-4.45,54.0,1000
2992,720.0,54.186,54.186,3.8619,665.814,270,-4.42,54.0,1000
2993,720.0,54.206,54.206,3.8619,665.794,270,-4.39,54.0,1000
2994,720.0,54.226,54.226,3.8619,665.774,270,-4.36,54.0,1000
2995,720.0,54.246,54.246,3.8619,665.754,270,-4.34,54.0,1000
2996,720.0,54.266,54.266,3.8619,665.734,270,-4.31,54.0,1000
2997,720.0,54.286,54.286,3.8619,665.714,270,-4.28,54.0,1000
2998,720.0,54.306,54.306,3.8619,665.694,270,-4.25,54.0,1000
2999,720.0,54.326,54.326,3.8619,665.674,270,-4.22,54.0,1000
3000,720.0,54.346,54.346,3.8619,665.654,270,-4.19,54.0,1000
3001,720.0,54.366,54.366,3.8619,665.634,270,-4.16,54.0,1000
3002,720.0,54.386,54.386,3.8619,665.614,270,-4.13,54.0,1000
3003,720.0,54.406,54.406,3.8619,665.594,270,-4.1,54.0,1000
3004,720.0,54.426,54.426,3.8619,665.574,270,-4.08,54.0,1000
3005,720.0,54.446,54.446,3.8619,665.554,270,-4.05,54.0,1000
3006,720.0,54.466,54.466,3.8619,665.534,270,-4.02,54.0,1000
3007,720.0,54.486,54.486,3.8619,665.514,270,-3.99,54.0,1000
3008,720.0,54.506,54.506,3.8619,665.494,270,-3.96,54.0,1000
3009,720.0,54.526,54.526,3.8619,665.474,270,-3.93,54.0,1000
3010,720.0,54.546,54.546,3.8619,665.454,270,-3.9,54.0,1000
3011,720.0,54.566,54.566,3.8619,665.434,270,-3.87,54.0,1000
3012,720.0,54.586,54.586,3.8619,665.414,270,-3.84,54.0,1000
3013,720.0,54.606,54.606,3.8619,665.394,270,-3.82,54.0,1000
3014,720.0,54.626,54.626,3.8619,665.374,270,-3.79,54.0,1000
3015,720.0,54.646,54.646,3.8619,665.354,270,-3.76,54.0,1000
3016,720.0,54.666,54.666,3.8619,665.334,270,-3.73,54.0,1000
3017,720.0,54.686,54.686,3.8619,665.314,270,-3.7,54.0,1000
3018,720.0,54.706,54.706,3.8619,665.294,270,-3.67,54.0,1000
3019,720.0,54.726,54.726,3.8619,665.274,270,-3.64,54.0,1000
3020,720.0,54.746,54.746,3.8619,665.254,270,-3.61,54.0,1000
3021,720.0,54.766,54.766,3.8619,665.234,270,-3.58,54.0,1000
3022,720.0,54.786,54.786,3.8619,665.214,270,-3.55,54.0,1000
3023,720.0,54.806,54.806,3.8619,665.194,270,-3.52,54.0,1000
3024,720.0,54.826,54.826,3.8619,665.174,270,-3.5,54.0,1000
3025,720.0,54.846,54.846,3.8619,665.154,270,-3.47,54.0,1000
3026,720.0,54.866,54.866,3.8619,665.134,270,-3.44,54.0,1000
3027,720.0,54.886,54.886,3.8619,665.114,270,-3.41,54.0,1000
3028,720.0,54.906,54.906,3.8619,665.094,270,-3.38,54.0,1000
3029,720.0,54.926,54.926,3.8619,665.074,270,-3.35,54.0,1000
3030,720.0,54.946,54.946,3.8619,665.054,270,-3.32,54.0,1000
3031,720.0,54.966,54.966,3.8619,665.034,270,-3.29,54.0,1000
3032,720.0,54.986,54.986,3.8619,665.014,270,-3.26,54.0,1000
3033,720.0,55.006,55.006,3.8619,664.994,270,-3.23,54.0,1000
3034,720.0,55.026,55.026,3.8619,664.974,270,-3.2,54.0,1000
3035,720.0,55.046,55.046,3.8619,664.954,270,-3.17,54.0,1000
3036,720.0,55.066,55.066,3.8619,664.934,270,-3.14,54.0,1000
3037,720.0,55.086,55.086,3.8619,664.914,270,-3.11,54.0,1000
3038,720.0,55.106,55.106,3.8619,664.894,270,-3.09,54.0,1000
3039,720.0,55.126,55.126,3.8619,664.874,270,-3.06,54.0,1000
3040,720.0,55.146,55.146,3.8619,664.854,270,-3.03,54.0,1000
3041,720.0,55.166,55.166,3.8619,664.834,270,-3.0,54.0,1000
3042,720.0,55.186,55.186,3.8619,664.814,270,-2.97,54.0,1000
3043,720.0,55.206,55.206,3.8619,664.794,270,-2.94,54.0,1000
3044,720.0,55.226,55.226,3.8619,664.774,270,-2.91,54.0,1000
3045,720.0,55.246,55.246,3.8619,664.754,270,-2.88,54.0,1000
3046,720.0,55.266,55.266,3.8619,664.734,270,-2.85,54.0,1000
3047,720.0,55.286,55.286,3.8619,664.714,270,-2.82,54.0,1000
3048,720.0,55.306,55.306,3.8619,664.694,270,-2.79,54.0,1000
3049,720.0,55.326,55.326,3.8619,664.674,270,-2.76,54.0,1000
3050,720.0,55.346,55.346,3.8619,664.654,270,-2.73,54.0,1000
3051,720.0,55.366,55.366,3.8619,664.634,270,-2.7,54.0,1000
3052,720.0,55.386,55.386,3.8619,664.614,270,-2.67,54.0,1000
3053,720.0,55.406,55.406,3.8619,664.594,270,-2.64,54.0,1000
3054,720.0,55.426,55.426,3.8619,664.574,270,-2.61,54.0,1000
3055,720.0,55.446,55.446,3.8619,664.554,270,-2.58,54.0,1000
3056,720.0,55.466,55.466,3.8619,664.534,270,-2.56,54.0,1000
3057,720.0,55.486,55.486,3.8619,664.514,270,-2.53,54.0,1000
3058,720.0,55.506,55.506,3.8619,664.494,270,-2.5,54.0,1000
3059,720.0,55.526,55.526,3.8619,664.474,270,-2.47,54.0,1000
3060,720.0,55.546,55.546,3.8619,664.454,270,-2.44,54.0,1000
3061,720.0,55.566,55.566,3.8619,664.434,270,-2.41,54.0,1000
3062,720.0,55.586,55.586,3.8619,664.414,270,-2.38,54.0,1000
3063,720.0,55.606,55.606,3.8619,664.394,270,-2.35,54.0,1000
3064,720.0,55.626,55.626,3.8619,664.374,270,-2.32,54.0,1000
3065,720.0,55.646,55.646,3.8619,664.354,270,-2.29,54.0,1000
3066,720.0,55.666,55.666,3.8619,664.334,270,-2.26,54.0,1000
3067,720.0,55.686,55.686,3.8619,664.314,270,-2.23,54.0,1000
3068,720.0,55.706,55.706,3.8619,664.294,270,-2.2,54.0,1000
3069,720.0,55.726,55.726,3.8619,664.274,270,-2.17,54.0,1000
3070,720.0,55.746,55.746,3.8619,664.254,270,-2.14,54.0,1000
3071,720.0,55.766,55.766,3.8619,664.234,270,-2.11,54.0,1000
3072,720.0,55.786,55.786,3.8619,664.214,270,-2.08,54.0,1000
3073,720.0,55.806,55.806,3.8619,664.194,270,-2.05,54.0,1000
3074,720.0,55.826,55.826,3.8619,664.174,270,-2.02,54.0,1000
3075,720.0,55.846,55.846,3.8619,664.154,270,-1.99,54.0,1000
3076,720.0,55.866,55.866,3.8619,664.134,270,-1.96,54.0,1000
3077,720.0,55.886,55.886,3.8619,664.114,270,-1.93,54.0,1000
3078,720.0,55.906,55.906,3.8619,664.094,270,-1.9,54.0,1000
3079,720.0,55.926,55.926,3.8619,664.074,270,-1.87,54.0,1000
3080,720.0,55.946,55.946,3.8619,664.054,270,-1.84,54.0,1000
3081,720.0,55.966,55.966,3.8619,664.034,270,-1.81,54.0,1000
3082,720.0,55.986,55.986,3.8619,664.014,270,-1.78,54.0,1000
3083,720.0,56.006,56.006,3.8619,663.994,270,-1.75,54.0,1000
3084,720.0,56.026,56.026,3.8619,663.974,270,-1.72,54.0,1000
3085,720.0,56.046,56.046,3.8619,663.954,270,-1.69,54.0,1000
3086,720.0,56.066,56.066,3.8619,663.934,270,-1.66,54.0,1000
3087,720.0,56.086,56.086,3.8619,663.914,270,-1.63,54.0,1000
3088,720.0,56.106,56.106,3.8619,663.894,270,-1.6,54.0,1000
3089,720.0,56.126,56.126,3.8619,663.874,270,-1.57,54.0,1000
3090,720.0,56.146,56.146,3.8619,663.854,270,-1.55,54.0,1000
3091,720.0,56.166,56.166,3.8619,663.834,270,-1.52,54.0,1000
3092,720.0,56.186,56.186,3.8619,663.814,270,-1.49,54.0,1000
3093,720.0,56.206,56.206,3.8619,663.794,270,-1.46,54.0,1000
3094,720.0,56.226,56.226,3.8619,663.774,270,-1.43,54.0,1000
3095,720.0,56.246,56.246,3.8619,663.754,270,-1.4,54.0,1000
3096,720.0,56.266,56.266,3.8619,663.734,270,-1.37,54.0,1000
3097,720.0,56.286,56.286,3.8619,663.714,270,-1.34,54.0,1000
3098,720.0,56.306,56.306,3.8619,663.694,270,-1.31,54.0,1000
3099,720.0,56.326,56.326,3.8619,663.674,270,-1.28,54.0,1000
3100,720.0,56.346,56.346,3.8619,663.654,270,-1.25,54.0,1000
3101,720.0,56.366,56.366,3.8619,663.634,270,-1.22,54.0,1000
3102,720.0,56.386,56.386,3.8619,663.614,270,-1.19,54.0,1000
3103,720.0,56.406,56.406,3.8619,663.594,270,-1.16,54.0,1000
3104,720.0,56.426,56.426,3.8619,663.574,270,-1.13,54.0,1000
3105,720.0,56.446,56.446,3.8619,663.554,270,-1.1,54.0,1000
3106,720.0,56.466,56.466,3.8619,663.534,270,-1.07,54.0,1000
3107,720.0,56.486,56.486,3.8619,663.514,270,-1.04,54.0,1000
3108,720.0,56.506,56.506,3.8619,663.494,270,-1.01,54.0,1000
3109,720.0,56.526,56.526,3.8619,663.474,270,-0.98,54.0,1000
3110,720.0,56.546,56.546,3.8619,663.454,270,-0.95,54.0,1000
3111,720.0,56.566,56.566,3.8619,663.434,270,-0.92,54.0,1000
3112,720.0,56.586,56.586,3.8619,663.414,270,-0.89,54.0,1000
3113,720.0,56.606,56.606,3.8619,663.394,270,-0.86,54.0,1000
3114,720.0,56.626,56.626,3.8619,663.374,270,-0.83,54.0,1000
3115,720.0,56.646,56.646,3.8619,663.354,270,-0.8,54.0,1000
3116,720.0,56.666,56.666,3.8619,663.334,270,-0.77,54.0,1000
3117,720.0,56.686,56.686,3.8619,663.314,270,-0.74,54.0,1000
3118,720.0,56.706,56.706,3.8619,663.294,270,-0.71,54.0,1000
3119,720.0,56.726,56.726,3.8619,663.274,270,-0.68,54.0,1000
3120,720.0,56.746,56.746,3.8619,663.254,270,-0.65,54.0,1000
3121,720.0,56.766,56.766,3.8619,663.234,270,-0.62,54.0,1000
3122,720.0,56.786,56.786,3.8619,663.214,270,-0.59,54.0,1000
3123,720.0,56.806,56.806,3.8619,663.194,270,-0.56,54.0,1000
3124,720.0,56.826,56.826,3.8619,663.174,270,-0.53,54.0,1000
3125,720.0,56.846,56.846,3.8619,663.154,270,-0.5,54.0,1000
3126,720.0,56.866,56.866,3.8619,663.134,270,-0.47,54.0,1000
3127,720.0,56.886,56.886,3.8619,663.114,270,-0.44,54.0,1000
3128,720.0,56.906,56.906,3.8619,663.094,270,-0.41,54.0,1000
3129,720.0,56.926,56.926,3.8619,663.074,270,-0.38,54.0,1000
3130,720.0,56.946,56.946,3.8619,663.054,270,-0.35,54.0,1000
3131,720.0,56.966,56.966,3.8619,663.034,270,-0.32,54.0,1000
3132,720.0,56.986,56.986,3.8619,663.014,270,-0.29,54.0,1000
3133,720.0,57.006,57.006,3.8619,662.994,270,-0.26,54.0,1000
3134,720.0,57.026,57.026,3.8619,662.974,270,-0.23,54.0,1000
3135,720.0,57.046,57.046,3.8619,662.954,270,-0.2,54.0,1000
3136,720.0,57.066,57.066,3.8619,662.934,270,-0.17,54.0,1000
3137,720.0,57.086,57.086,3.8619,662.914,270,-0.14,54.0,1000
3138,720.0,57.106,57.106,3.8619,662.894,270,-0.11,54.0,1000
3139,720.0,57.126,57.126,3.8619,662.874,270,-0.08,54.0,1000
3140,720.0,57.146,57.146,3.8619,662.854,270,-0.05,54.0,1000
3141,720.0,57.166,57.166,3.8619,662.834,270,-0.02,54.0,1000
3142,720.0,57.146,57.146,3.8619,662.854,270,0.01,54.0,1000
3143,720.0,57.126,57.126,3.8619,662.874,270,0.04,54.0,1000
3144,720.0,57.106,57.106,3.8619,662.894,270,0.07,54.0,1000
3145,720.0,57.086,57.086,3.8619,662.914,270,0.1,54.0,1000
3146,720.0,57.066,57.066,3.8619,662.934,270,0.13,54.0,1000
3147,720.0,57.046,57.046,3.8619,662.954,270,0.16,54.0,1000
3148,720.0,57.026,57.026,3.8619,662.974,270,0.19,54.0,1000
3149,720.0,57.006,57.006,3.8619,662.994,270,0.22,54.0,1000
3150,720.0,56.986,56.986,3.8619,663.014,270,0.25,54.0,1000
3151,720.0,56.966,56.966,3.8619,663.034,270,0.28,54.0,1000
3152,720.0,56.946,56.946,3.8619,663.054,270,0.31,54.0,1000
3153,720.0,56.926,56.926,3.8619,663.074,270,0.34,54.0,1000
3154,720.0,56.906,56.906,3.8619,663.094,270,0.37,54.0,1000
3155,720.0,56.886,56.886,3.8619,663.114,270,0.4,54.0,1000
3156,720.0,56.866,56.866,3.8619,663.134,270,0.43,54.0,1000
3157,720.0,56.846,56.846,3.8619,663.154,270,0.46,54.0,1000
3158,720.0,56.826,56.826,3.8619,663.174,270,0.49,54.0,1000
3159,720.0,56.806,56.806,3.8619,663.194,270,0.52,54.0,1000
3160,720.0,56.786,56.786,3.8619,663.214,270,0.55,54.0,1000
3161,720.0,56.766,56.766,3.8619,663.234,270,0.58,54.0,1000
3162,720.0,56.746,56.746,3.8619,663.254,270,0.61,54.0,1000
3163,720.0,56.726,56.726,3.8619,663.274,270,0.64,54.0,1000
3164,720.0,56.706,56.706,3.8619,663.294,270,0.67,54.0,1000
3165,720.0,56.686,56.686,3.8619,663.314,270,0.7,54.0,1000
3166,720.0,56.666,56.666,3.8619,663.334,270,0.73,54.0,1000
3167,720.0,56.646,56.646,3.8619,663.354,270,0.76,54.0,1000
3168,720.0,56.626,56.626,3.8619,663.374,270,0.79,54.0,1000
3169,720.0,56.606,56.606,3.8619,663.394,270,0.82,54.0,1000
3170,720.0,56.586,56.586,3.8619,663.414,270,0.85,54.0,1000
3171,720.0,56.566,56.566,3.8619,663.434,270,0.88,54.0,1000
3172,720.0,56.546,56.546,3.8619,663.454,270,0.91,54.0,1000
3173,720.0,56.526,56.526,3.8619,663.474,270,0.94,54.0,1000
3174,720.0,56.506,56.506,3.8619,663.494,270,0.97,54.0,1000
3175,720.0,56.486,56.486,3.8619,663.514,270,1.0,54.0,1000
3176,720.0,56.466,56.466,3.8619,663.534,270,1.03,54.0,1000
3177,720.0,56.446,56.446,3.8619,663.554,270,1.06,54.0,1000
3178,720.0,56.426,56.426,3.8619,663.574,270,1.09,54.0,1000
3179,720.0,56.406,56.406,3.8619,663.594,270,1.12,54.0,1000
3180,720.0,56.386,56.386,3.8619,663.614,270,1.15,54.0,1000
3181,720.0,56.366,56.366,3.8619,663.634,270,1.18,54.0,1000
3182,720.0,56.346,56.346,3.8619,663.654,270,1.21,54.0,1000
3183,720.0,56.326,56.326,3.8619,663.674,270,1.24,54.0,1000
3184,720.0,56.306,56.306,3.8619,663.694,270,1.27,54.0,1000
3185,720.0,56.286,56.286,3.8619,663.714,270,1.3,54.0,1000
3186,720.0,56.266,56.266,3.8619,663.734,270,1.33,54.0,1000
3187,720.0,56.246,56.246,3.8619,663.754,270,1.36,54.0,1000
3188,720.0,56.226,56.226,3.8619,663.774,270,1.39,54.0,1000
3189,720.0,56.206,56.206,3.8619,663.794,270,1.42,54.0,1000
3190,720.0,56.186,56.186,3.8619,663.814,270,1.45,54.0,1000
3191,720.0,56.166,56.166,3.8619,663.834,270,1.48,54.0,1000
3192,720.0,56.146,56.146,3.8619,663.854,270,1.51,54.0,1000
3193,720.0,56.126,56.126,3.8619,663.874,270,1.54,54.0,1000
3194,720.0,56.106,56.106,3.8619,663.894,270,1.57,54.0,1000
3195,720.0,56.086,56.086,3.8619,663.914,270,1.6,54.0,1000
3196,720.0,56.066,56.066,3.8619,663.934,270,1.63,54.0,1000
3197,720.0,56.046,56.046,3.8619,663.954,270,1.66,54.0,1000
3198,720.0,56.026,56.026,3.8619,663.974,270,1.69,54.0,1000
3199,720.0,56.006,56.006,3.8619,663.994,270,1.72,54.0,1000
3200,720.0,55.986,55.986,3.8619,664.014,270,1.75,54.0,1000
3201,720.0,55.966,55.966,3.8619,664.034,270,1.78,54.0,1000
3202,720.0,55.946,55.946,3.8619,664.054,270,1.81,54.0,1000
3203,720.0,55.926,55.926,3.8619,664.074,270,1.84,54.0,1000
3204,720.0,55.906,55.906,3.8619,664.094,270,1.87,54.0,1000
3205,720.0,55.886,55.886,3.8619,664.114,270,1.9,54.0,1000
3206,720.0,55.866,55.866,3.8619,664.134,270,1.93,54.0,1000
3207,720.0,55.846,55.846,3.8619,664.154,270,1.96,54.0,1000
3208,720.0,55.826,55.826,3.8619,664.174,270,1.99,54.0,1000
3209,720.0,55.806,55.806,3.8619,664.194,270,2.02,54.0,1000
3210,720.0,55.786,55.786,3.8619,664.214,270,2.05,54.0,1000
3211,720.0,55.766,55.766,3.8619,664.234,270,2.08,54.0,1000
3212,720.0,55.746,55.746,3.8619,664.254,270,2.11,54.0,1000
3213,720.0,55.726,55.726,3.8619,664.274,270,2.13,54.0,1000
3214,720.0,55.706,55.706,3.8619,664.294,270,2.16,54.0,1000
3215,720.0,55.686,55.686,3.8619,664.314,270,2.19,54.0,1000
3216,720.0,55.666,55.666,3.8619,664.334,270,2.22,54.0,1000
3217,720.0,55.646,55.646,3.8619,664.354,270,2.25,54.0,1000
3218,720.0,55.626,55.626,3.8619,664.374,270,2.28,54.0,1000
3219,720.0,55.606,55.606,3.8619,664.394,270,2.31,54.0,1000
3220,720.0,55.586,55.586,3.8619,664.414,270,2.34,54.0,1000
3221,720.0,55.566,55.566,3.8619,664.434,270,2.37,54.0,1000
3222,720.0,55.546,55.546,3.8619,664.454,270,2.4,54.0,1000
3223,720.0,55.526,55.526,3.8619,664.474,270,2.43,54.0,1000
3224,720.0,55.506,55.506,3.8619,664.494,270,2.46,54.0,1000
3225,720.0,55.486,55.486,3.8619,664.514,270,2.49,54.0,1000
3226,720.0,55.466,55.466,3.8619,664.534,270,2.52,54.0,1000
3227,720.0,55.446,55.446,3.8619,664.554,270,2.55,54.0,1000
3228,720.0,55.426,55.426,3.8619,664.574,270,2.58,54.0,1000
3229,720.0,55.406,55.406,3.8619,664.594,270,2.61,54.0,1000
3230,720.0,55.386,55.386,3.8619,664.614,270,2.64,54.0,1000
3231,720.0,55.366,55.366,3.8619,664.634,270,2.67,54.0,1000
3232,720.0,55.346,55.346,3.8619,664.654,270,2.7,54.0,1000
3233,720.0,55.326,55.326,3.8619,664.674,270,2.73,54.0,1000
3234,720.0,55.306,55.306,3.8619,664.694,270,2.76,54.0,1000
3235,720.0,55.286,55.286,3.8619,664.714,270,2.79,54.0,1000
3236,720.0,55.266,55.266,3.8619,664.734,270,2.82,54.0,1000
3237,720.0,55.246,55.246,3.8619,664.754,270,2.84,54.0,1000
3238,720.0,55.226,55.226,3.8619,664.774,270,2.87,54.0,1000
3239,720.0,55.206,55.206,3.8619,664.794,270,2.9,54.0,1000
3240,720.0,55.186,55.186,3.8619,664.814,270,2.93,54.0,1000
3241,720.0,55.166,55.166,3.8619,664.834,270,2.96,54.0,1000
3242,720.0,55.146,55.146,3.8619,664.854,270,2.99,54.0,1000
3243,720.0,55.126,55.126,3.8619,664.874,270,3.02,54.0,1000
3244,720.0,55.106,55.106,3.8619,664.894,270,3.05,54.0,1000
3245,720.0,55.086,55.086,3.8619,664.914,270,3.08,54.0,1000
3246,720.0,55.066,55.066,3.8619,664.934,270,3.11,54.0,1000
3247,720.0,55.046,55.046,3.8619,664.954,270,3.14,54.0,1000
3248,720.0,55.026,55.026,3.8619,664.974,270,3.17,54.0,1000
3249,720.0,55.006,55.006,3.8619,664.994,270,3.2,54.0,1000
3250,720.0,54.986,54.986,3.8619,665.014,270,3.23,54.0,1000
3251,720.0,54.966,54.966,3.8619,665.034,270,3.26,54.0,1000
3252,720.0,54.946,54.946,3.8619,665.054,270,3.29,54.0,1000
3253,720.0,54.926,54.926,3.8619,665.074,270,3.31,54.0,1000
3254,720.0,54.906,54.906,3.8619,665.094,270,3.34,54.0,1000
3255,720.0,54.886,54.886,3.8619,665.114,270,3.37,54.0,1000
3256,720.0,54.866,54.866,3.8619,665.134,270,3.4,54.0,1000
3257,720.0,54.846,54.846,3.8619,665.154,270,3.43,54.0,1000
3258,720.0,54.826,54.826,3.8619,665.174,270,3.46,54.0,1000
3259,720.0,54.806,54.806,3.8619,665.194,270,3.49,54.0,1000
3260,720.0,54.786,54.786,3.8619,665.214,270,3.52,54.0,1000
3261,720.0,54.766,54.766,3.8619,665.234,270,3.55,54.0,1000
3262,720.0,54.746,54.746,3.8619,665.254,270,3.58,54.0,1000
3263,720.0,54.726,54.726,3.8619,665.274,270,3.61,54.0,1000
3264,720.0,54.706,54.706,3.8619,665.294,270,3.64,54.0,1000
3265,720.0,54.686,54.686,3.8619,665.314,270,3.66,54.0,1000
3266,720.0,54.666,54.666,3.8619,665.334,270,3.69,54.0,1000
3267,720.0,54.646,54.646,3.8619,665.354,270,3.72,54.0,1000
3268,720.0,54.626,54.626,3.8619,665.374,270,3.75,54.0,1000
3269,720.0,54.606,54.606,3.8619,665.394,270,3.78,54.0,1000
3270,720.0,54.586,54.586,3.8619,665.414,270,3.81,54.0,1000
3271,720.0,54.566,54.566,3.8619,665.434,270,3.84,54.0,1000
3272,720.0,54.546,54.546,3.8619,665.454,270,3.87,54.0,1000
3273,720.0,54.526,54.526,3.8619,665.474,270,3.9,54.0,1000
3274,720.0,54.506,54.506,3.8619,665.494,270,3.93,54.0,1000
3275,720.0,54.486,54.486,3.8619,665.514,270,3.95,54.0,1000
3276,720.0,54.466,54.466,3.8619,665.534,270,3.98,54.0,1000
3277,720.0,54.446,54.446,3.8619,665.554,270,4.01,54.0,1000
3278,720.0,54.426,54.426,3.8619,665.574,270,4.04,54.0,1000
3279,720.0,54.406,54.406,3.8619,665.594,270,4.07,54.0,1000
3280,720.0,54.386,54.386,3.8619,665.614,270,4.1,54.0,1000
3281,720.0,54.366,54.366,3.8619,665.634,270,4.13,54.0,1000
3282,720.0,54.346,54.346,3.8619,665.654,270,4.16,54.0,1000
3283,720.0,54.326,54.326,3.8619,665.674,270,4.19,54.0,1000
3284,720.0,54.306,54.306,3.8619,665.694,270,4.21,54.0,1000
3285,720.0,54.286,54.286,3.8619,665.714,270,4.24,54.0,1000
3286,720.0,54.266,54.266,3.8619,665.734,270,4.27,54.0,1000
3287,720.0,54.246,54.246,3.8619,665.754,270,4.3,54.0,1000
3288,720.0,54.226,54.226,3.8619,665.774,270,4.33,54.0,1000
3289,720.0,54.206,54.206,3.8619,665.794,270,4.36,54.0,1000
3290,720.0,54.186,54.186,3.8619,665.814,270,4.39,54.0,1000
3291,720.0,54.166,54.166,3.8619,665.834,270,4.42,54.0,1000
3292,720.0,54.146,54.146,3.8619,665.854,270,4.44,54.0,1000
3293,720.0,54.126,54.126,3.8619,665.874,270,4.47,54.0,1000
3294,720.0,54.106,54.106,3.8619,665.894,270,4.5,54.0,1000
3295,720.0,54.086,54.086,3.8619,665.914,270,4.53,54.0,1000
3296,720.0,54.066,54.066,3.8619,665.934,270,4.56,54.0,1000
3297,720.0,54.046,54.046,3.8619,665.954,270,4.59,54.0,1000
3298,720.0,54.026,54.026,3.8619,665.974,270,4.62,54.0,1000
3299,720.0,54.006,54.006,3.8619,665.994,270,4.64,54.0,1000
3300,720.0,53.986,53.986,3.8619,666.014,270,4.67,54.0,1000
3301,720.0,53.966,53.966,3.8619,666.034,270,4.7,54.0,1000
3302,720.0,53.946,53.946,3.8619,666.054,270,4.73,54.0,1000
3303,720.0,53.926,53.926,3.8619,666.074,270,4.76,54.0,1000
3304,720.0,53.906,53.906,3.8619,666.094,270,4.79,54.0,1000
3305,720.0,53.886,53.886,3.8619,666.114,270,4.82,54.0,1000
3306,720.0,53.866,53.866,3.8619,666.134,270,4.84,54.0,1000
3307,720.0,53.846,53.846,3.8619,666.154,270,4.87,54.0,1000
3308,720.0,53.826,53.826,3.8619,666.174,270,4.9,54.0,1000
3309,720.0,53.806,53.806,3.8619,666.194,270,4.93,54.0,1000
3310,720.0,53.786,53.786,3.8619,666.214,270,4.96,54.0,1000
3311,720.0,53.766,53.766,3.8619,666.234,270,4.99,54.0,1000
3312,720.0,53.746,53.746,3.8619,666.254,270,5.01,54.0,1000
3313,720.0,53.726,53.726,3.8619,666.274,270,5.04,54.0,1000
3314,720.0,53.706,53.706,3.8619,666.294,270,5.07,54.0,1000
3315,720.0,53.686,53.686,3.8619,666.314,270,5.1,54.0,1000
3316,720.0,53.666,53.666,3.8619,666.334,270,5.13,54.0,1000
3317,720.0,53.646,53.646,3.8619,666.354,270,5.15,54.0,1000
3318,720.0,53.626,53.626,3.8619,666.374,270,5.18,54.0,1000
3319,720.0,53.606,53.606,3.8619,666.394,270,5.21,54.0,1000
3320,720.0,53.586,53.586,3.8619,666.414,270,5.24,54.0,1000
3321,720.0,53.566,53.566,3.8619,666.434,270,5.27,54.0,1000
3322,720.0,53.546,53.546,3.8619,666.454,270,5.3,54.0,1000
3323,720.0,53.526,53.526,3.8619,666.474,270,5.32,54.0,1000
3324,720.0,53.506,53.506,3.8619,666.494,270,5.35,54.0,1000
3325,720.0,53.486,53.486,3.8619,666.514,270,5.38,54.0,1000
3326,720.0,53.466,53.466,3.8619,666.534,270,5.41,54.0,1000
3327,720.0,53.446,53.446,3.8619,666.554,270,5.44,54.0,1000
3328,720.0,53.426,53.426,3.8619,666.574,270,5.46,54.0,1000
3329,720.0,53.406,53.406,3.8619,666.594,270,5.49,54.0,1000
3330,720.0,53.386,53.386,3.8619,666.614,270,5.52,54.0,1000
3331,720.0,53.366,53.366,3.8619,666.634,270,5.55,54.0,1000
3332,720.0,53.346,53.346,3.8619,666.654,270,5.58,54.0,1000
3333,720.0,53.326,53.326,3.8619,666.674,270,5.6,54.0,1000
3334,720.0,53.306,53.306,3.8619,666.694,270,5.63,54.0,1000
3335,720.0,53.286,53.286,3.8619,666.714,270,5.66,54.0,1000
3336,720.0,53.266,53.266,3.8619,666.734,270,5.69,54.0,1000
3337,720.0,53.246,53.246,3.8619,666.754,270,5.71,54.0,1000
3338,720.0,53.226,53.226,3.8619,666.774,270,5.74,54.0,1000
3339,720.0,53.206,53.206,3.8619,666.794,270,5.77,54.0,1000
3340,720.0,53.186,53.186,3.8619,666.814,270,5.8,54.0,1000
3341,720.0,53.166,53.166,3.8619,666.834,270,5.82,54.0,1000
3342,720.0,53.146,53.146,3.8619,666.854,270,5.85,54.0,1000
3343,720.0,53.126,53.126,3.8619,666.874,270,5.88,54.0,1000
3344,720.0,53.106,53.106,3.8619,666.894,270,5.91,54.0,1000
3345,720.0,53.086,53.086,3.8619,666.914,270,5.94,54.0,1000
3346,720.0,53.066,53.066,3.8619,666.934,270,5.96,54.0,1000
3347,720.0,53.046,53.046,3.8619,666.954,270,5.99,54.0,1000
3348,720.0,53.026,53.026,3.8619,666.974,270,6.02,54.0,1000
3349,720.0,53.006,53.006,3.8619,666.994,270,6.05,54.0,1000
3350,720.0,52.986,52.986,3.8619,667.014,270,6.07,54.0,1000
3351,720.0,52.966,52.966,3.8619,667.034,270,6.1,54.0,1000
3352,720.0,52.946,52.946,3.8619,667.054,270,6.13,54.0,1000
3353,720.0,52.926,52.926,3.8619,667.074,270,6.15,54.0,1000
3354,720.0,52.906,52.906,3.8619,667.094,270,6.18,54.0,1000
3355,720.0,52.886,52.886,3.8619,667.114,270,6.21,54.0,1000
3356,720.0,52.866,52.866,3.8619,667.134,270,6.24,54.0,1000
3357,720.0,52.846,52.846,3.8619,667.154,270,6.26,54.0,1000
3358,720.0,52.826,52.826,3.8619,667.174,270,6.29,54.0,1000
3359,720.0,52.806,52.806,3.8619,667.194,270,6.32,54.0,1000
3360,720.0,52.786,52.786,3.8619,667.214,270,6.35,54.0,1000
3361,720.0,52.766,52.766,3.8619,667.234,270,6.37,54.0,1000
3362,720.0,52.746,52.746,3.8619,667.254,270,6.4,54.0,1000
3363,720.0,52.726,52.726,3.8619,667.274,270,6.43,54.0,1000
3364,720.0,52.706,52.706,3.8619,667.294,270,6.45,54.0,1000
3365,720.0,52.686,52.686,3.8619,667.314,270,6.48,54.0,1000
3366,720.0,52.666,52.666,3.8619,667.334,270,6.51,54.0,1000
3367,720.0,52.646,52.646,3.8619,667.354,270,6.54,54.0,1000
3368,720.0,52.626,52.626,3.8619,667.374,270,6.56,54.0,1000
3369,720.0,52.606,52.606,3.8619,667.394,270,6.59,54.0,1000
3370,720.0,52.586,52.586,3.8619,667.414,270,6.62,54.0,1000
3371,720.0,52.566,52.566,3.8619,667.434,270,6.64,54.0,1000
3372,720.0,52.546,52.546,3.8619,667.454,270,6.67,54.0,1000
3373,720.0,52.526,52.526,3.8619,667.474,270,6.7,54.0,1000
3374,720.0,52.506,52.506,3.8619,667.494,270,6.72,54.0,1000
3375,720.0,52.486,52.486,3.8619,667.514,270,6.75,54.0,1000
3376,720.0,52.466,52.466,3.8619,667.534,270,6.78,54.0,1000
3377,720.0,52.446,52.446,3.8619,667.554,270,6.8,54.0,1000
3378,720.0,52.426,52.426,3.8619,667.574,270,6.83,54.0,1000
3379,720.0,52.406,52.406,3.8619,667.594,270,6.86,54.0,1000
3380,720.0,52.386,52.386,3.8619,667.614,270,6.88,54.0,1000
3381,720.0,52.366,52.366,3.8619,667.634,270,6.91,54.0,1000
3382,720.0,52.346,52.346,3.8619,667.654,270,6.94,54.0,1000
3383,720.0,52.326,52.326,3.8619,667.674,270,6.96,54.0,1000
3384,720.0,52.306,52.306,3.8619,667.694,270,6.99,54.0,1000
3385,720.0,52.286,52.286,3.8619,667.714,270,7.02,54.0,1000
3386,720.0,52.266,52.266,3.8619,667.734,270,7.04,54.0,1000
3387,720.0,52.246,52.246,3.8619,667.754,270,7.07,54.0,1000
3388,720.0,52.226,52.226,3.8619,667.774,270,7.1,54.0,1000
3389,720.0,52.206,52.206,3.8619,667.794,270,7.12,54.0,1000
3390,720.0,52.186,52.186,3.8619,667.814,270,7.15,54.0,1000
3391,720.0,52.166,52.166,3.8619,667.834,270,7.18,54.0,1000
3392,720.0,52.146,52.146,3.8619,667.854,270,7.2,54.0,1000
3393,720.0,52.126,52.126,3.8619,667.874,270,7.23,54.0,1000
3394,720.0,52.106,52.106,3.8619,667.894,270,7.25,54.0,1000
3395,720.0,52.086,52.086,3.8619,667.914,270,7.28,54.0,1000
3396,720.0,52.066,52.066,3.8619,667.934,270,7.31,54.0,1000
3397,720.0,52.046,52.046,3.8619,667.954,270,7.33,54.0,1000
3398,720.0,52.026,52.026,3.8619,667.974,270,7.36,54.0,1000
3399,720.0,52.006,52.006,3.8619,667.994,270,7.39,54.0,1000
3400,720.0,51.986,51.986,3.8619,668.014,270,7.41,54.0,1000
3401,720.0,51.966,51.966,3.8619,668.034,270,7.44,54.0,1000
3402,720.0,51.946,51.946,3.8619,668.054,270,7.46,54.0,1000
3403,720.0,51.926,51.926,3.8619,668.074,270,7.49,54.0,1000
3404,720.0,51.906,51.906,3.8619,668.094,270,7.52,54.0,1000
3405,720.0,51.886,51.886,3.8619,668.114,270,7.54,54.0,1000
3406,720.0,51.866,51.866,3.8619,668.134,270,7.57,54.0,1000
3407,720.0,51.846,51.846,3.8619,668.154,270,7.59,54.0,1000
3408,720.0,51.826,51.826,3.8619,668.174,270,7.62,54.0,1000
3409,720.0,51.806,51.806,3.8619,668.194,270,7.65,54.0,1000
3410,720.0,51.786,51.786,3.8619,668.214,270,7.67,54.0,1000
3411,720.0,51.766,51.766,3.8619,668.234,270,7.7,54.0,1000
3412,720.0,51.746,51.746,3.8619,668.254,270,7.72,54.0,1000
3413,720.0,51.726,51.726,3.8619,668.274,270,7.75,54.0,1000
3414,720.0,51.706,51.706,3.8619,668.294,270,7.77,54.0,1000
3415,720.0,51.686,51.686,3.8619,668.314,270,7.8,54.0,1000
3416,720.0,51.666,51.666,3.8619,668.334,270,7.83,54.0,1000
3417,720.0,51.646,51.646,3.8619,668.354,270,7.85,54.0,1000
3418,720.0,51.626,51.626,3.8619,668.374,270,7.88,54.0,1000
3419,720.0,51.606,51.606,3.8619,668.394,270,7.9,54.0,1000
3420,720.0,51.586,51.586,3.8619,668.414,270,7.93,54.0,1000
3421,720.0,51.566,51.566,3.8619,668.434,270,7.95,54.0,1000
3422,720.0,51.546,51.546,3.8619,668.454,270,7.98,54.0,1000
3423,720.0,51.526,51.526,3.8619,668.474,270,8.0,54.0,1000
3424,720.0,51.506,51.506,3.8619,668.494,270,8.03,54.0,1000
3425,720.0,51.486,51.486,3.8619,668.514,270,8.05,54.0,1000
3426,720.0,51.466,51.466,3.8619,668.534,270,8.08,54.0,1000
3427,720.0,51.446,51.446,3.8619,668.554,270,8.1,54.0,1000
3428,720.0,51.426,51.426,3.8619,668.574,270,8.13,54.0,1000
3429,720.0,51.406,51.406,3.8619,668.594,270,8.16,54.0,1000
3430,720.0,51.386,51.386,3.8619,668.614,270,8.18,54.0,1000
3431,720.0,51.366,51.366,3.8619,668.634,270,8.21,54.0,1000
3432,720.0,51.346,51.346,3.8619,668.654,270,8.23,54.0,1000
3433,720.0,51.326,51.326,3.8619,668.674,270,8.26,54.0,1000
3434,720.0,51.306,51.306,3.8619,668.694,270,8.28,54.0,1000
3435,720.0,51.286,51.286,3.8619,668.714,270,8.31,54.0,1000
3436,720.0,51.266,51.266,3.8619,668.734,270,8.33,54.0,1000
3437,720.0,51.246,51.246,3.8619,668.754,270,8.36,54.0,1000
3438,720.0,51.226,51.226,3.8619,668.774,270,8.38,54.0,1000
3439,720.0,51.206,51.206,3.8619,668.794,270,8.41,54.0,1000
3440,720.0,51.186,51.186,3.8619,668.814,270,8.43,54.0,1000
3441,720.0,51.166,51.166,3.8619,668.834,270,8.45,54.0,1000
3442,720.0,51.146,51.146,3.8619,668.854,270,8.48,54.0,1000
3443,720.0,51.126,51.126,3.8619,668.874,270,8.5,54.0,1000
3444,720.0,51.106,51.106,3.8619,668.894,270,8.53,54.0,1000
3445,720.0,51.086,51.086,3.8619,668.914,270,8.55,54.0,1000
3446,720.0,51.066,51.066,3.8619,668.934,270,8.58,54.0,1000
3447,720.0,51.046,51.046,3.8619,668.954,270,8.6,54.0,1000
3448,720.0,51.026,51.026,3.8619,668.974,270,8.63,54.0,1000
3449,720.0,51.006,51.006,3.8619,668.994,270,8.65,54.0,1000
3450,720.0,50.986,50.986,3.8619,669.014,270,8.68,54.0,1000
3451,720.0,50.966,50.966,3.8619,669.034,270,8.7,54.0,1000
3452,720.0,50.946,50.946,3.8619,669.054,270,8.73,54.0,1000
3453,720.0,50.926,50.926,3.8619,669.074,270,8.75,54.0,1000
3454,720.0,50.906,50.906,3.8619,669.094,270,8.77,54.0,1000
3455,720.0,50.886,50.886,3.8619,669.114,270,8.8,54.0,1000
3456,720.0,50.866,50.866,3.8619,669.134,270,8.82,54.0,1000
3457,720.0,50.846,50.846,3.8619,669.154,270,8.85,54.0,1000
3458,720.0,50.826,50.826,3.8619,669.174,270,8.87,54.0,1000
3459,720.0,50.806,50.806,3.8619,669.194,270,8.9,54.0,1000
3460,720.0,50.786,50.786,3.8619,669.214,270,8.92,54.0,1000
3461,720.0,50.766,50.766,3.8619,669.234,270,8.94,54.0,1000
3462,720.0,50.746,50.746,3.8619,669.254,270,8.97,54.0,1000
3463,720.0,50.726,50.726,3.8619,669.274,270,8.99,54.0,1000
3464,720.0,50.706,50.706,3.8619,669.294,270,9.02,54.0,1000
3465,720.0,50.686,50.686,3.8619,669.314,270,9.04,54.0,1000
3466,720.0,50.666,50.666,3.8619,669.334,270,9.06,54.0,1000
3467,720.0,50.646,50.646,3.8619,669.354,270,9.09,54.0,1000
3468,720.0,50.626,50.626,3.8619,669.374,270,9.11,54.0,1000
3469,720.0,50.606,50.606,3.8619,669.394,270,9.14,54.0,1000
3470,720.0,50.586,50.586,3.8619,669.414,270,9.16,54.0,1000
3471,720.0,50.566,50.566,3.8619,669.434,270,9.18,54.0,1000
3472,720.0,50.546,50.546,3.8619,669.454,270,9.21,54.0,1000
3473,720.0,50.526,50.526,3.8619,669.474,270,9.23,54.0,1000
3474,720.0,50.506,50.506,3.8619,669.494,270,9.25,54.0,1000
3475,720.0,50.486,50.486,3.8619,669.514,270,9.28,54.0,1000
3476,720.0,50.466,50.466,3.8619,669.534,270,9.3,54.0,1000
3477,720.0,50.446,50.446,3.8619,669.554,270,9.32,54.0,1000
3478,720.0,50.426,50.426,3.8619,669.574,270,9.35,54.0,1000
3479,720.0,50.406,50.406,3.8619,669.594,270,9.37,54.0,1000
3480,720.0,50.386,50.386,3.8619,669.614,270,9.39,54.0,1000
3481,720.0,50.366,50.366,3.8619,669.634,270,9.42,54.0,1000
3482,720.0,50.346,50.346,3.8619,669.654,270,9.44,54.0,1000
3483,720.0,50.326,50.326,3.8619,669.674,270,9.46,54.0,1000
3484,720.0,50.306,50.306,3.8619,669.694,270,9.49,54.0,1000
3485,720.0,50.286,50.286,3.8619,669.714,270,9.51,54.0,1000
3486,720.0,50.266,50.266,3.8619,669.734,270,9.53,54.0,1000
3487,720.0,50.246,50.246,3.8619,669.754,270,9.56,54.0,1000
3488,720.0,50.226,50.226,3.8619,669.774,270,9.58,54.0,1000
3489,720.0,50.206,50.206,3.8619,669.794,270,9.6,54.0,1000
3490,720.0,50.186,50.186,3.8619,669.814,270,9.63,54.0,1000
3491,720.0,50.166,50.166,3.8619,669.834,270,9.65,54.0,1000
3492,720.0,50.146,50.146,3.8619,669.854,270,9.67,54.0,1000
3493,720.0,50.126,50.126,3.8619,669.874,270,9.7,54.0,1000
3494,720.0,50.106,50.106,3.8619,669.894,270,9.72,54.0,1000
3495,720.0,50.086,50.086,3.8619,669.914,270,9.74,54.0,1000
3496,720.0,50.066,50.066,3.8619,669.934,270,9.76,54.0,1000
3497,720.0,50.046,50.046,3.8619,669.954,270,9.79,54.0,1000
3498,720.0,50.026,50.026,3.8619,669.974,270,9.81,54.0,1000
3499,720.0,50.006,50.006,3.8619,669.994,270,9.83,54.0,1000
3500,720.0,49.986,49.986,3.8619,670.014,270,9.85,54.0,1000
3501,720.0,49.966,49.966,3.8619,670.034,270,9.88,54.0,1000
3502,720.0,49.946,49.946,3.8619,670.054,270,9.9,54.0,1000
3503,720.0,49.926,49.926,3.8619,670.074,270,9.92,54.0,1000
3504,720.0,49.906,49.906,3.8619,670.094,270,9.94,54.0,1000
3505,720.0,49.886,49.886,3.8619,670.114,270,9.97,54.0,1000
3506,720.0,49.866,49.866,3.8619,670.134,270,9.99,54.0,1000
3507,720.0,49.846,49.846,3.8619,670.154,270,10.01,54.0,1000
3508,720.0,49.826,49.826,3.8619,670.174,270,10.03,54.0,1000
3509,720.0,49.806,49.806,3.8619,670.194,270,10.06,54.0,1000
3510,720.0,49.786,49.786,3.8619,670.214,270,10.08,54.0,1000
3511,720.0,49.766,49.766,3.8619,670.234,270,10.1,54.0,1000
3512,720.0,49.746,49.746,3.8619,670.254,270,10.12,54.0,1000
3513,720.0,49.726,49.726,3.8619,670.274,270,10.15,54.0,1000
3514,720.0,49.706,49.706,3.8619,670.294,270,10.17,54.0,1000
3515,720.0,49.686,49.686,3.8619,670.314,270,10.19,54.0,1000
3516,720.0,49.666,49.666,3.8619,670.334,270,10.21,54.0,1000
3517,720.0,49.646,49.646,3.8619,670.354,270,10.23,54.0,1000
3518,720.0,49.626,49.626,3.8619,670.374,270,10.26,54.0,1000
3519,720.0,49.606,49.606,3.8619,670.394,270,10.28,54.0,1000
3520,720.0,49.586,49.586,3.8619,670.414,270,10.3,54.0,1000
3521,720.0,49.566,49.566,3.8619,670.434,270,10.32,54.0,1000
3522,720.0,49.546,49.546,3.8619,670.454,270,10.34,54.0,1000
3523,720.0,49.526,49.526,3.8619,670.474,270,10.36,54.0,1000
3524,720.0,49.506,49.506,3.8619,670.494,270,10.39,54.0,1000
3525,720.0,49.486,49.486,3.8619,670.514,270,10.41,54.0,1000
3526,720.0,49.466,49.466,3.8619,670.534,270,10.43,54.0,1000
3527,720.0,49.446,49.446,3.8619,670.554,270,10.45,54.0,1000
3528,720.0,49.426,49.426,3.8619,670.574,270,10.47,54.0,1000
3529,720.0,49.406,49.406,3.8619,670.594,270,10.49,54.0,1000
3530,720.0,49.386,49.386,3.8619,670.614,270,10.52,54.0,1000
3531,720.0,49.366,49.366,3.8619,670.634,270,10.54,54.0,1000
3532,720.0,49.346,49.346,3.8619,670.654,270,10.56,54.0,1000
3533,720.0,49.326,49.326,3.8619,670.674,270,10.58,54.0,1000
3534,720.0,49.306,49.306,3.8619,670.694,270,10.6,54.0,1000
3535,720.0,49.286,49.286,3.8619,670.714,270,10.62,54.0,1000
3536,720.0,49.266,49.266,3.8619,670.734,270,10.64,54.0,1000
3537,720.0,49.246,49.246,3.8619,670.754,270,10.66,54.0,1000
3538,720.0,49.226,49.226,3.8619,670.774,270,10.68,54.0,1000
3539,720.0,49.206,49.206,3.8619,670.794,270,10.71,54.0,1000
3540,720.0,49.186,49.186,3.8619,670.814,270,10.73,54.0,1000
3541,720.0,49.166,49.166,3.8619,670.834,270,10.75,54.0,1000
3542,720.0,49.146,49.146,3.8619,670.854,270,10.77,54.0,1000
3543,720.0,49.126,49.126,3.8619,670.874,270,10.79,54.0,1000
3544,720.0,49.106,49.106,3.8619,670.894,270,10.81,54.0,1000
3545,720.0,49.086,49.086,3.8619,670.914,270,10.83,54.0,1000
3546,720.0,49.066,49.066,3.8619,670.934,270,10.85,54.0,1000
3547,720.0,49.046,49.046,3.8619,670.954,270,10.87,54.0,1000
3548,720.0,49.026,49.026,3.8619,670.974,270,10.89,54.0,1000
3549,720.0,49.006,49.006,3.8619,670.994,270,10.91,54.0,1000
3550,720.0,48.986,48.986,3.8619,671.014,270,10.93,54.0,1000
3551,720.0,48.966,48.966,3.8619,671.034,270,10.96,54.0,1000
3552,720.0,48.946,48.946,3.8619,671.054,270,10.98,54.0,1000
3553,720.0,48.926,48.926,3.8619,671.074,270,11.0,54.0,1000
3554,720.0,48.906,48.906,3.8619,671.094,270,11.02,54.0,1000
3555,720.0,48.886,48.886,3.8619,671.114,270,11.04,54.0,1000
3556,720.0,48.866,48.866,3.8619,671.134,270,11.06,54.0,1000
3557,720.0,48.846,48.846,3.8619,671.154,270,11.08,54.0,1000
3558,720.0,48.826,48.826,3.8619,671.174,270,11.1,54.0,1000
3559,720.0,48.806,48.806,3.8619,671.194,270,11.12,54.0,1000
3560,720.0,48.786,48.786,3.8619,671.214,270,11.14,54.0,1000
3561,720.0,48.766,48.766,3.8619,671.234,270,11.16,54.0,1000
3562,720.0,48.746,48.746,3.8619,671.254,270,11.18,54.0,1000
3563,720.0,48.726,48.726,3.8619,671.274,270,11.2,54.0,1000
3564,720.0,48.706,48.706,3.8619,671.294,270,11.22,54.0,1000
3565,720.0,48.686,48.686,3.8619,671.314,270,11.24,54.0,1000
3566,720.0,48.666,48.666,3.8619,671.334,270,11.26,54.0,1000
3567,720.0,48.646,48.646,3.8619,671.354,270,11.28,54.0,1000
3568,720.0,48.626,48.626,3.8619,671.374,270,11.3,54.0,1000
3569,720.0,48.606,48.606,3.8619,671.394,270,11.32,54.0,1000
3570,720.0,48.586,48.586,3.8619,671.414,270,11.34,54.0,1000
3571,720.0,48.566,48.566,3.8619,671.434,270,11.36,54.0,1000
3572,720.0,48.546,48.546,3.8619,671.454,270,11.38,54.0,1000
3573,720.0,48.526,48.526,3.8619,671.474,270,11.4,54.0,1000
3574,720.0,48.506,48.506,3.8619,671.494,270,11.41,54.0,1000
3575,720.0,48.486,48.486,3.8619,671.514,270,11.43,54.0,1000
3576,720.0,48.466,48.466,3.8619,671.534,270,11.45,54.0,1000
3577,720.0,48.446,48.446,3.8619,671.554,270,11.47,54.0,1000
3578,720.0,48.426,48.426,3.8619,671.574,270,11.49,54.0,1000
3579,720.0,48.406,48.406,3.8619,671.594,270,11.51,54.0,1000
3580,720.0,48.386,48.386,3.8619,671.614,270,11.53,54.0,1000
3581,720.0,48.366,48.366,3.8619,671.634,270,11.55,54.0,1000
3582,720.0,48.346,48.346,3.8619,671.654,270,11.57,54.0,1000
3583,720.0,48.326,48.326,3.8619,671.674,270,11.59,54.0,1000
3584,720.0,48.306,48.306,3.8619,671.694,270,11.61,54.0,1000
3585,720.0,48.286,48.286,3.8619,671.714,270,11.63,54.0,1000
3586,720.0,48.266,48.266,3.8619,671.734,270,11.64,54.0,1000
3587,720.0,48.246,48.246,3.8619,671.754,270,11.66,54.0,1000
3588,720.0,48.226,48.226,3.8619,671.774,270,11.68,54.0,1000
3589,720.0,48.206,48.206,3.8619,671.794,270,11.7,54.0,1000
3590,720.0,48.186,48.186,3.8619,671.814,270,11.72,54.0,1000
3591,720.0,48.166,48.166,3.8619,671.834,270,11.74,54.0,1000
3592,720.0,48.146,48.146,3.8619,671.854,270,11.76,54.0,1000
3593,720.0,48.126,48.126,3.8619,671.874,270,11.78,54.0,1000
3594,720.0,48.106,48.106,3.8619,671.894,270,11.79,54.0,1000
3595,720.0,48.086,48.086,3.8619,671.914,270,11.81,54.0,1000
3596,720.0,48.066,48.066,3.8619,671.934,270,11.83,54.0,1000
3597,720.0,48.046,48.046,3.8619,671.954,270,11.85,54.0,1000
3598,720.0,48.026,48.026,3.8619,671.974,270,11.87,54.0,1000
3599,720.0,48.006,48.006,3.8619,671.994,270,11.89,54.0,1000
3600,720.0,47.986,47.986,3.8619,672.014,270,11.91,54.0,1000
3601,720.0,47.966,47.966,3.8619,672.034,270,11.92,54.0,1000
3602,720.0,47.946,47.946,3.8619,672.054,270,11.94,54.0,1000
3603,720.0,47.926,47.926,3.8619,672.074,270,11.96,54.0,1000
3604,720.0,47.906,47.906,3.8619,672.094,270,11.98,54.0,1000
3605,720.0,47.886,47.886,3.8619,672.114,270,12.0,54.0,1000
3606,720.0,47.866,47.866,3.8619,672.134,270,12.01,54.0,1000
3607,720.0,47.846,47.846,3.8619,672.154,270,12.03,54.0,1000
3608,720.0,47.826,47.826,3.8619,672.174,270,12.05,54.0,1000
3609,720.0,47.806,47.806,3.8619,672.194,270,12.07,54.0,1000
3610,720.0,47.786,47.786,3.8619,672.214,270,12.09,54.0,1000
3611,720.0,47.766,47.766,3.8619,672.234,270,12.1,54.0,1000
3612,720.0,47.746,47.746,3.8619,672.254,270,12.12,54.0,1000
3613,720.0,47.726,47.726,3.8619,672.274,270,12.14,54.0,1000
3614,720.0,47.706,47.706,3.8619,672.294,270,12.16,54.0,1000
3615,720.0,47.686,47.686,3.8619,672.314,270,12.17,54.0,1000
3616,720.0,47.666,47.666,3.8619,672.334,270,12.19,54.0,1000
3617,720.0,47.646,47.646,3.8619,672.354,270,12.21,54.0,1000
3618,720.0,47.626,47.626,3.8619,672.374,270,12.23,54.0,1000
3619,720.0,47.606,47.606,3.8619,672.394,270,12.24,54.0,1000
3620,720.0,47.586,47.586,3.8619,672.414,270,12.26,54.0,1000
3621,720.0,47.566,47.566,3.8619,672.434,270,12.28,54.0,1000
3622,720.0,47.546,47.546,3.8619,672.454,270,12.29,54.0,1000
3623,720.0,47.526,47.526,3.8619,672.474,270,12.31,54.0,1000
3624,720.0,47.506,47.506,3.8619,672.494,270,12.33,54.0,1000
3625,720.0,47.486,47.486,3.8619,672.514,270,12.35,54.0,1000
3626,720.0,47.466,47.466,3.8619,672.534,270,12.36,54.0,1000
3627,720.0,47.446,47.446,3.8619,672.554,270,12.38,54.0,1000
3628,720.0,47.426,47.426,3.8619,672.574,270,12.4,54.0,1000
3629,720.0,47.406,47.406,3.8619,672.594,270,12.41,54.0,1000
3630,720.0,47.386,47.386,3.8619,672.614,270,12.43,54.0,1000
3631,720.0,47.366,47.366,3.8619,672.634,270,12.45,54.0,1000
3632,720.0,47.346,47.346,3.8619,672.654,270,12.46,54.0,1000
3633,720.0,47.326,47.326,3.8619,672.674,270,12.48,54.0,1000
3634,720.0,47.306,47.306,3.8619,672.694,270,12.5,54.0,1000
3635,720.0,47.286,47.286,3.8619,672.714,270,12.51,54.0,1000
3636,720.0,47.266,47.266,3.8619,672.734,270,12.53,54.0,1000
3637,720.0,47.246,47.246,3.8619,672.754,270,12.55,54.0,1000
3638,720.0,47.226,47.226,3.8619,672.774,270,12.56,54.0,1000
3639,720.0,47.206,47.206,3.8619,672.794,270,12.58,54.0,1000
3640,720.0,47.186,47.186,3.8619,672.814,270,12.6,54.0,1000
3641,720.0,47.166,47.166,3.8619,672.834,270,12.61,54.0,1000
3642,720.0,47.146,47.146,3.8619,672.854,270,12.63,54.0,1000
3643,720.0,47.126,47.126,3.8619,672.874,270,12.64,54.0,1000
3644,720.0,47.106,47.106,3.8619,672.894,270,12.66,54.0,1000
3645,720.0,47.086,47.086,3.8619,672.914,270,12.68,54.0,1000
3646,720.0,47.066,47.066,3.8619,672.934,270,12.69,54.0,1000
3647,720.0,47.046,47.046,3.8619,672.954,270,12.71,54.0,1000
3648,720.0,47.026,47.026,3.8619,672.974,270,12.72,54.0,1000
3649,720.0,47.006,47.006,3.8619,672.994,270,12.74,54.0,1000
3650,720.0,46.986,46.986,3.8619,673.014,270,12.76,54.0,1000
3651,720.0,46.966,46.966,3.8619,673.034,270,12.77,54.0,1000
3652,720.0,46.946,46.946,3.8619,673.054,270,12.79,54.0,1000
3653,720.0,46.926,46.926,3.8619,673.074,270,12.8,54.0,1000
3654,720.0,46.906,46.906,3.8619,673.094,270,12.82,54.0,1000
3655,720.0,46.886,46.886,3.8619,673.114,270,12.83,54.0,1000
3656,720.0,46.866,46.866,3.8619,673.134,270,12.85,54.0,1000
3657,720.0,46.846,46.846,3.8619,673.154,270,12.87,54.0,1000
3658,720.0,46.826,46.826,3.8619,673.174,270,12.88,54.0,1000
3659,720.0,46.806,46.806,3.8619,673.194,270,12.9,54.0,1000
3660,720.0,46.786,46.786,3.8619,673.214,270,12.91,54.0,1000
3661,720.0,46.766,46.766,3.8619,673.234,270,12.93,54.0,1000
3662,720.0,46.746,46.746,3.8619,673.254,270,12.94,54.0,1000
3663,720.0,46.726,46.726,3.8619,673.274,270,12.96,54.0,1000
3664,720.0,46.706,46.706,3.8619,673.294,270,12.97,54.0,1000
3665,720.0,46.686,46.686,3.8619,673.314,270,12.99,54.0,1000
3666,720.0,46.666,46.666,3.8619,673.334,270,13.0,54.0,1000
3667,720.0,46.646,46.646,3.8619,673.354,270,13.02,54.0,1000
3668,720.0,46.626,46.626,3.8619,673.374,270,13.03,54.0,1000
3669,720.0,46.606,46.606,3.8619,673.394,270,13.05,54.0,1000
3670,720.0,46.586,46.586,3.8619,673.414,270,13.06,54.0,1000
3671,720.0,46.566,46.566,3.8619,673.434,270,13.08,54.0,1000
3672,720.0,46.546,46.546,3.8619,673.454,270,13.09,54.0,1000
3673,720.0,46.526,46.526,3.8619,673.474,270,13.11,54.0,1000
3674,720.0,46.506,46.506,3.8619,673.494,270,13.12,54.0,1000
3675,720.0,46.486,46.486,3.8619,673.514,270,13.14,54.0,1000
3676,720.0,46.466,46.466,3.8619,673.534,270,13.15,54.0,1000
3677,720.0,46.446,46.446,3.8619,673.554,270,13.16,54.0,1000
3678,720.0,46.426,46.426,3.8619,673.574,270,13.18,54.0,1000
3679,720.0,46.406,46.406,3.8619,673.594,270,13.19,54.0,1000
3680,720.0,46.386,46.386,3.8619,673.614,270,13.21,54.0,1000
3681,720.0,46.366,46.366,3.8619,673.634,270,13.22,54.0,1000
3682,720.0,46.346,46.346,3.8619,673.654,270,13.24,54.0,1000
3683,720.0,46.326,46.326,3.8619,673.674,270,13.25,54.0,1000
3684,720.0,46.306,46.306,3.8619,673.694,270,13.26,54.0,1000
3685,720.0,46.286,46.286,3.8619,673.714,270,13.28,54.0,1000
3686,720.0,46.266,46.266,3.8619,673.734,270,13.29,54.0,1000
3687,720.0,46.246,46.246,3.8619,673.754,270,13.31,54.0,1000
3688,720.0,46.226,46.226,3.8619,673.774,270,13.32,54.0,1000
3689,720.0,46.206,46.206,3.8619,673.794,270,13.33,54.0,1000
3690,720.0,46.186,46.186,3.8619,673.814,270,13.35,54.0,1000
3691,720.0,46.166,46.166,3.8619,673.834,270,13.36,54.0,1000
3692,720.0,46.146,46.146,3.8619,673.854,270,13.37,54.0,1000
3693,720.0,46.126,46.126,3.8619,673.874,270,13.39,54.0,1000
3694,720.0,46.106,46.106,3.8619,673.894,270,13.4,54.0,1000
3695,720.0,46.086,46.086,3.8619,673.914,270,13.41,54.0,1000
3696,720.0,46.066,46.066,3.8619,673.934,270,13.43,54.0,1000
3697,720.0,46.046,46.046,3.8619,673.954,270,13.44,54.0,1000
3698,720.0,46.026,46.026,3.8619,673.974,270,13.45,54.0,1000
3699,720.0,46.006,46.006,3.8619,673.994,270,13.47,54.0,1000
3700,720.0,45.986,45.986,3.8619,674.014,270,13.48,54.0,1000
3701,720.0,45.966,45.966,3.8619,674.034,270,13.49,54.0,1000
3702,720.0,45.946,45.946,3.8619,674.054,270,13.51,54.0,1000
3703,720.0,45.926,45.926,3.8619,674.074,270,13.52,54.0,1000
3704,720.0,45.906,45.906,3.8619,674.094,270,13.53,54.0,1000
3705,720.0,45.886,45.886,3.8619,674.114,270,13.55,54.0,1000
3706,720.0,45.866,45.866,3.8619,674.134,270,13.56,54.0,1000
3707,720.0,45.846,45.846,3.8619,674.154,270,13.57,54.0,1000
3708,720.0,45.826,45.826,3.8619,674.174,270,13.58,54.0,1000
3709,720.0,45.806,45.806,3.8619,674.194,270,13.6,54.0,1000
3710,720.0,45.786,45.786,3.8619,674.214,270,13.61,54.0,1000
3711,720.0,45.766,45.766,3.8619,674.234,270,13.62,54.0,1000
3712,720.0,45.746,45.746,3.8619,674.254,270,13.63,54.0,1000
3713,720.0,45.726,45.726,3.8619,674.274,270,13.65,54.0,1000
3714,720.0,45.706,45.706,3.8619,674.294,270,13.66,54.0,1000
3715,720.0,45.686,45.686,3.8619,674.314,270,13.67,54.0,1000
3716,720.0,45.666,45.666,3.8619,674.334,270,13.68,54.0,1000
3717,720.0,45.646,45.646,3.8619,674.354,270,13.7,54.0,1000
3718,720.0,45.626,45.626,3.8619,674.374,270,13.71,54.0,1000
3719,720.0,45.606,45.606,3.8619,674.394,270,13.72,54.0,1000
3720,720.0,45.586,45.586,3.8619,674.414,270,13.73,54.0,1000
3721,720.0,45.566,45.566,3.8619,674.434,270,13.74,54.0,1000
3722,720.0,45.546,45.546,3.8619,674.454,270,13.76,54.0,1000
3723,720.0,45.526,45.526,3.8619,674.474,270,13.77,54.0,1000
3724,720.0,45.506,45.506,3.8619,674.494,270,13.78,54.0,1000
3725,720.0,45.486,45.486,3.8619,674.514,270,13.79,54.0,1000
3726,720.0,45.466,45.466,3.8619,674.534,270,13.8,54.0,1000
3727,720.0,45.446,45.446,3.8619,674.554,270,13.82,54.0,1000
3728,720.0,45.426,45.426,3.8619,674.574,270,13.83,54.0,1000
3729,720.0,45.406,45.406,3.8619,674.594,270,13.84,54.0,1000
3730,720.0,45.386,45.386,3.8619,674.614,270,13.85,54.0,1000
3731,720.0,45.366,45.366,3.8619,674.634,270,13.86,54.0,1000
3732,720.0,45.346,45.346,3.8619,674.654,270,13.87,54.0,1000
3733,720.0,45.326,45.326,3.8619,674.674,270,13.89,54.0,1000
3734,720.0,45.306,45.306,3.8619,674.694,270,13.9,54.0,1000
3735,720.0,45.286,45.286,3.8619,674.714,270,13.91,54.0,1000
3736,720.0,45.266,45.266,3.8619,674.734,270,13.92,54.0,1000
3737,720.0,45.246,45.246,3.8619,674.754,270,13.93,54.0,1000
3738,720.0,45.226,45.226,3.8619,674.774,270,13.94,54.0,1000
3739,720.0,45.206,45.206,3.8619,674.794,270,13.95,54.0,1000
3740,720.0,45.186,45.186,3.8619,674.814,270,13.96,54.0,1000
3741,720.0,45.166,45.166,3.8619,674.834,270,13.97,54.0,1000
3742,720.0,45.146,45.146,3.8619,674.854,270,13.99,54.0,1000
3743,720.0,45.126,45.126,3.8619,674.874,270,14.0,54.0,1000
3744,720.0,45.106,45.106,3.8619,674.894,270,14.01,54.0,1000
3745,720.0,45.086,45.086,3.8619,674.914,270,14.02,54.0,1000
3746,720.0,45.066,45.066,3.8619,674.934,270,14.03,54.0,1000
3747,720.0,45.046,45.046,3.8619,674.954,270,14.04,54.0,1000
3748,720.0,45.026,45.026,3.8619,674.974,270,14.05,54.0,1000
3749,720.0,45.006,45.006,3.8619,674.994,270,14.06,54.0,1000
3750,720.0,44.986,44.986,3.8619,675.014,270,14.07,54.0,1000
3751,720.0,44.966,44.966,3.8619,675.034,270,14.08,54.0,1000
3752,720.0,44.946,44.946,3.8619,675.054,270,14.09,54.0,1000
3753,720.0,44.926,44.926,3.8619,675.074,270,14.1,54.0,1000
3754,720.0,44.906,44.906,3.8619,675.094,270,14.11,54.0,1000
3755,720.0,44.886,44.886,3.8619,675.114,270,14.12,54.0,1000
3756,720.0,44.866,44.866,3.8619,675.134,270,14.13,54.0,1000
3757,720.0,44.846,44.846,3.8619,675.154,270,14.14,54.0,1000
3758,720.0,44.826,44.826,3.8619,675.174,270,14.15,54.0,1000
3759,720.0,44.806,44.806,3.8619,675.194,270,14.16,54.0,1000
3760,720.0,44.786,44.786,3.8619,675.214,270,14.17,54.0,1000
3761,720.0,44.766,44.766,3.8619,675.234,270,14.18,54.0,1000
3762,720.0,44.746,44.746,3.8619,675.254,270,14.19,54.0,1000
3763,720.0,44.726,44.726,3.8619,675.274,270,14.2,54.0,1000
3764,720.0,44.706,44.706,3.8619,675.294,270,14.21,54.0,1000
3765,720.0,44.686,44.686,3.8619,675.314,270,14.22,54.0,1000
3766,720.0,44.666,44.666,3.8619,675.334,270,14.23,54.0,1000
3767,720.0,44.646,44.646,3.8619,675.354,270,14.24,54.0,1000
3768,720.0,44.626,44.626,3.8619,675.374,270,14.25,54.0,1000
3769,720.0,44.606,44.606,3.8619,675.394,270,14.26,54.0,1000
3770,720.0,44.586,44.586,3.8619,675.414,270,14.27,54.0,1000
3771,720.0,44.566,44.566,3.8619,675.434,270,14.28,54.0,1000
3772,720.0,44.546,44.546,3.8619,675.454,270,14.29,54.0,1000
3773,720.0,44.526,44.526,3.8619,675.474,270,14.29,54.0,1000
3774,720.0,44.506,44.506,3.8619,675.494,270,14.3,54.0,1000
3775,720.0,44.486,44.486,3.8619,675.514,270,14.31,54.0,1000
3776,720.0,44.466,44.466,3.8619,675.534,270,14.32,54.0,1000
3777,720.0,44.446,44.446,3.8619,675.554,270,14.33,54.0,1000
3778,720.0,44.426,44.426,3.8619,675.574,270,14.34,54.0,1000
3779,720.0,44.406,44.406,3.8619,675.594,270,14.35,54.0,1000
3780,720.0,44.386,44.386,3.8619,675.614,270,14.36,54.0,1000
3781,720.0,44.366,44.366,3.8619,675.634,270,14.37,54.0,1000
3782,720.0,44.346,44.346,3.8619,675.654,270,14.37,54.0,1000
3783,720.0,44.326,44.326,3.8619,675.674,270,14.38,54.0,1000
3784,720.0,44.306,44.306,3.8619,675.694,270,14.39,54.0,1000
3785,720.0,44.286,44.286,3.8619,675.714,270,14.4,54.0,1000
3786,720.0,44.266,44.266,3.8619,675.734,270,14.41,54.0,1000
3787,720.0,44.246,44.246,3.8619,675.754,270,14.42,54.0,1000
3788,720.0,44.226,44.226,3.8619,675.774,270,14.42,54.0,1000
3789,720.0,44.206,44.206,3.8619,675.794,270,14.43,54.0,1000
3790,720.0,44.186,44.186,3.8619,675.814,270,14.44,54.0,1000
3791,720.0,44.166,44.166,3.8619,675.834,270,14.45,54.0,1000
3792,720.0,44.146,44.146,3.8619,675.854,270,14.46,54.0,1000
3793,720.0,44.126,44.126,3.8619,675.874,270,14.46,54.0,1000
3794,720.0,44.106,44.106,3.8619,675.894,270,14.47,54.0,1000
3795,720.0,44.086,44.086,3.8619,675.914,270,14.48,54.0,1000
3796,720.0,44.066,44.066,3.8619,675.934,270,14.49,54.0,1000
3797,720.0,44.046,44.046,3.8619,675.954,270,14.5,54.0,1000
3798,720.0,44.026,44.026,3.8619,675.974,270,14.5,54.0,1000
3799,720.0,44.006,44.006,3.8619,675.994,270,14.51,54.0,1000
3800,720.0,43.986,43.986,3.8619,676.014,270,14.52,54.0,1000
3801,720.0,43.966,43.966,3.8619,676.034,270,14.53,54.0,1000
3802,720.0,43.946,43.946,3.8619,676.054,270,14.53,54.0,1000
3803,720.0,43.926,43.926,3.8619,676.074,270,14.54,54.0,1000
3804,720.0,43.906,43.906,3.8619,676.094,270,14.55,54.0,1000
3805,720.0,43.886,43.886,3.8619,676.114,270,14.56,54.0,1000
3806,720.0,43.866,43.866,3.8619,676.134,270,14.56,54.0,1000
3807,720.0,43.846,43.846,3.8619,676.154,270,14.57,54.0,1000
3808,720.0,43.826,43.826,3.8619,676.174,270,14.58,54.0,1000
3809,720.0,43.806,43.806,3.8619,676.194,270,14.58,54.0,1000
3810,720.0,43.786,43.786,3.8619,676.214,270,14.59,54.0,1000
3811,720.0,43.766,43.766,3.8619,676.234,270,14.6,54.0,1000
3812,720.0,43.746,43.746,3.8619,676.254,270,14.61,54.0,1000
3813,720.0,43.726,43.726,3.8619,676.274,270,14.61,54.0,1000
3814,720.0,43.706,43.706,3.8619,676.294,270,14.62,54.0,1000
3815,720.0,43.686,43.686,3.8619,676.314,270,14.63,54.0,1000
3816,720.0,43.666,43.666,3.8619,676.334,270,14.63,54.0,1000
3817,720.0,43.646,43.646,3.8619,676.354,270,14.64,54.0,1000
3818,720.0,43.626,43.626,3.8619,676.374,270,14.65,54.0,1000
3819,720.0,43.606,43.606,3.8619,676.394,270,14.65,54.0,1000
3820,720.0,43.586,43.586,3.8619,676.414,270,14.66,54.0,1000
3821,720.0,43.566,43.566,3.8619,676.434,270,14.66,54.0,1000
3822,720.0,43.546,43.546,3.8619,676.454,270,14.67,54.0,1000
3823,720.0,43.526,43.526,3.8619,676.474,270,14.68,54.0,1000
3824,720.0,43.506,43.506,3.8619,676.494,270,14.68,54.0,1000
3825,720.0,43.486,43.486,3.8619,676.514,270,14.69,54.0,1000
3826,720.0,43.466,43.466,3.8619,676.534,270,14.7,54.0,1000
3827,720.0,43.446,43.446,3.8619,676.554,270,14.7,54.0,1000
3828,720.0,43.426,43.426,3.8619,676.574,270,14.71,54.0,1000
3829,720.0,43.406,43.406,3.8619,676.594,270,14.71,54.0,1000
3830,720.0,43.386,43.386,3.8619,676.614,270,14.72,54.0,1000
3831,720.0,43.366,43.366,3.8619,676.634,270,14.72,54.0,1000
3832,720.0,43.346,43.346,3.8619,676.654,270,14.73,54.0,1000
3833,720.0,43.326,43.326,3.8619,676.674,270,14.74,54.0,1000
3834,720.0,43.306,43.306,3.8619,676.694,270,14.74,54.0,1000
3835,720.0,43.286,43.286,3.8619,676.714,270,14.75,54.0,1000
3836,720.0,43.266,43.266,3.8619,676.734,270,14.75,54.0,1000
3837,720.0,43.246,43.246,3.8619,676.754,270,14.76,54.0,1000
3838,720.0,43.226,43.226,3.8619,676.774,270,14.76,54.0,1000
3839,720.0,43.206,43.206,3.8619,676.794,270,14.77,54.0,1000
3840,720.0,43.186,43.186,3.8619,676.814,270,14.77,54.0,1000
3841,720.0,43.166,43.166,3.8619,676.834,270,14.78,54.0,1000
3842,720.0,43.146,43.146,3.8619,676.854,270,14.78,54.0,1000
3843,720.0,43.126,43.126,3.8619,676.874,270,14.79,54.0,1000
3844,720.0,43.106,43.106,3.8619,676.894,270,14.79,54.0,1000
3845,720.0,43.086,43.086,3.8619,676.914,270,14.8,54.0,1000
3846,720.0,43.066,43.066,3.8619,676.934,270,14.8,54.0,1000
3847,720.0,43.046,43.046,3.8619,676.954,270,14.81,54.0,1000
3848,720.0,43.026,43.026,3.8619,676.974,270,14.81,54.0,1000
3849,720.0,43.006,43.006,3.8619,676.994,270,14.82,54.0,1000
3850,720.0,42.986,42.986,3.8619,677.014,270,14.82,54.0,1000
3851,720.0,42.966,42.966,3.8619,677.034,270,14.83,54.0,1000
3852,720.0,42.946,42.946,3.8619,677.054,270,14.83,54.0,1000
3853,720.0,42.926,42.926,3.8619,677.074,270,14.84,54.0,1000
3854,720.0,42.906,42.906,3.8619,677.094,270,14.84,54.0,1000
3855,720.0,42.886,42.886,3.8619,677.114,270,14.84,54.0,1000
3856,720.0,42.866,42.866,3.8619,677.134,270,14.85,54.0,1000
3857,720.0,42.846,42.846,3.8619,677.154,270,14.85,54.0,1000
3858,720.0,42.826,42.826,3.8619,677.174,270,14.86,54.0,1000
3859,720.0,42.806,42.806,3.8619,677.194,270,14.86,54.0,1000
3860,720.0,42.786,42.786,3.8619,677.214,270,14.87,54.0,1000
3861,720.0,42.766,42.766,3.8619,677.234,270,14.87,54.0,1000
3862,720.0,42.746,42.746,3.8619,677.254,270,14.87,54.0,1000
3863,720.0,42.726,42.726,3.8619,677.274,270,14.88,54.0,1000
3864,720.0,42.706,42.706,3.8619,677.294,270,14.88,54.0,1000
3865,720.0,42.686,42.686,3.8619,677.314,270,14.88,54.0,1000
3866,720.0,42.666,42.666,3.8619,677.334,270,14.89,54.0,1000
3867,720.0,42.646,42.646,3.8619,677.354,270,14.89,54.0,1000
3868,720.0,42.626,42.626,3.8619,677.374,270,14.9,54.0,1000
3869,720.0,42.606,42.606,3.8619,677.394,270,14.9,54.0,1000
3870,720.0,42.586,42.586,3.8619,677.414,270,14.9,54.0,1000
3871,720.0,42.566,42.566,3.8619,677.434,270,14.91,54.0,1000
3872,720.0,42.546,42.546,3.8619,677.454,270,14.91,54.0,1000
3873,720.0,42.526,42.526,3.8619,677.474,270,14.91,54.0,1000
3874,720.0,42.506,42.506,3.8619,677.494,270,14.92,54.0,1000
3875,720.0,42.486,42.486,3.8619,677.514,270,14.92,54.0,1000
3876,720.0,42.466,42.466,3.8619,677.534,270,14.92,54.0,1000
3877,720.0,42.446,42.446,3.8619,677.554,270,14.93,54.0,1000
3878,720.0,42.426,42.426,3.8619,677.574,270,14.93,54.0,1000
3879,720.0,42.406,42.406,3.8619,677.594,270,14.93,54.0,1000
3880,720.0,42.386,42.386,3.8619,677.614,270,14.93,54.0,1000
3881,720.0,42.366,42.366,3.8619,677.634,270,14.94,54.0,1000
3882,720.0,42.346,42.346,3.8619,677.654,270,14.94,54.0,1000
3883,720.0,42.326,42.326,3.8619,677.674,270,14.94,54.0,1000
3884,720.0,42.306,42.306,3.8619,677.694,270,14.94,54.0,1000
3885,720.0,42.286,42.286,3.8619,677.714,270,14.95,54.0,1000
3886,720.0,42.266,42.266,3.8619,677.734,270,14.95,54.0,1000
3887,720.0,42.246,42.246,3.8619,677.754,270,14.95,54.0,1000
3888,720.0,42.226,42.226,3.8619,677.774,270,14.95,54.0,1000
3889,720.0,42.206,42.206,3.8619,677.794,270,14.96,54.0,1000
3890,720.0,42.186,42.186,3.8619,677.814,270,14.96,54.0,1000
3891,720.0,42.166,42.166,3.8619,677.834,270,14.96,54.0,1000
3892,720.0,42.146,42.146,3.8619,677.854,270,14.96,54.0,1000
3893,720.0,42.126,42.126,3.8619,677.874,270,14.97,54.0,1000
3894,720.0,42.106,42.106,3.8619,677.894,270,14.97,54.0,1000
3895,720.0,42.086,42.086,3.8619,677.914,270,14.97,54.0,1000
3896,720.0,42.066,42.066,3.8619,677.934,270,14.97,54.0,1000
3897,720.0,42.046,42.046,3.8619,677.954,270,14.97,54.0,1000
3898,720.0,42.026,42.026,3.8619,677.974,270,14.97,54.0,1000
3899,720.0,42.006,42.006,3.8619,677.994,270,14.98,54.0,1000
3900,720.0,41.986,41.986,3.8619,678.014,270,14.98,54.0,1000
3901,720.0,41.966,41.966,3.8619,678.034,270,14.98,54.0,1000
3902,720.0,41.946,41.946,3.8619,678.054,270,14.98,54.0,1000
3903,720.0,41.926,41.926,3.8619,678.074,270,14.98,54.0,1000
3904,720.0,41.906,41.906,3.8619,678.094,270,14.98,54.0,1000
3905,720.0,41.886,41.886,3.8619,678.114,270,14.99,54.0,1000
3906,720.0,41.866,41.866,3.8619,678.134,270,14.99,54.0,1000
3907,720.0,41.846,41.846,3.8619,678.154,270,14.99,54.0,1000
3908,720.0,41.826,41.826,3.8619,678.174,270,14.99,54.0,1000
3909,720.0,41.806,41.806,3.8619,678.194,270,14.99,54.0,1000
3910,720.0,41.786,41.786,3.8619,678.214,270,14.99,54.0,1000
3911,720.0,41.766,41.766,3.8619,678.234,270,14.99,54.0,1000
3912,720.0,41.746,41.746,3.8619,678.254,270,14.99,54.0,1000
3913,720.0,41.726,41.726,3.8619,678.274,270,14.99,54.0,1000
3914,720.0,41.706,41.706,3.8619,678.294,270,14.99,54.0,1000
3915,720.0,41.686,41.686,3.8619,678.314,270,15.0,54.0,1000
3916,720.0,41.666,41.666,3.8619,678.334,270,15.0,54.0,1000
3917,720.0,41.646,41.646,3.8619,678.354,270,15.0,54.0,1000
3918,720.0,41.626,41.626,3.8619,678.374,270,15.0,54.0,1000
3919,720.0,41.606,41.606,3.8619,678.394,270,15.0,54.0,1000
3920,720.0,41.586,41.586,3.8619,678.414,270,15.0,54.0,1000
3921,720.0,41.566,41.566,3.8619,678.434,270,15.0,54.0,1000
3922,720.0,41.546,41.546,3.8619,678.454,270,15.0,54.0,1000
3923,720.0,41.526,41.526,3.8619,678.474,270,15.0,54.0,1000
3924,720.0,41.506,41.506,3.8619,678.494,270,15.0,54.0,1000
3925,720.0,41.486,41.486,3.8619,678.514,270,15.0,54.0,1000
3926,720.0,41.466,41.466,3.8619,678.534,270,15.0,54.0,1000
3927,720.0,41.446,41.446,3.8619,678.554,270,15.0,54.0,1000
3928,720.0,41.426,41.426,3.8619,678.574,270,15.0,54.0,1000
3929,720.0,41.406,41.406,3.8619,678.594,270,15.0,54.0,1000
3930,720.0,41.386,41.386,3.8619,678.614,270,15.0,54.0,1000
3931,720.0,41.366,41.366,3.8619,678.634,270,15.0,54.0,1000
3932,720.0,41.346,41.346,3.8619,678.654,270,15.0,54.0,1000
3933,720.0,41.326,41.326,3.8619,678.674,270,15.0,54.0,1000
3934,720.0,41.306,41.306,3.8619,678.694,270,15.0,54.0,1000
3935,720.0,41.286,41.286,3.8619,678.714,270,15.0,54.0,1000
3936,720.0,41.266,41.266,3.8619,678.734,270,15.0,54.0,1000
3937,720.0,41.246,41.246,3.8619,678.754,270,15.0,54.0,1000
3938,720.0,41.226,41.226,3.8619,678.774,270,15.0,54.0,1000
3939,720.0,41.206,41.206,3.8619,678.794,270,15.0,54.0,1000
3940,720.0,41.186,41.186,3.8619,678.814,270,14.99,54.0,1000
3941,720.0,41.166,41.166,3.8619,678.834,270,14.99,54.0,1000
3942,720.0,41.146,41.146,3.8619,678.854,270,14.99,54.0,1000
3943,720.0,41.126,41.126,3.8619,678.874,270,14.99,54.0,1000
3944,720.0,41.106,41.106,3.8619,678.894,270,14.99,54.0,1000
3945,720.0,41.086,41.086,3.8619,678.914,270,14.99,54.0,1000
3946,720.0,41.066,41.066,3.8619,678.934,270,14.99,54.0,1000
3947,720.0,41.046,41.046,3.8619,678.954,270,14.99,54.0,1000
3948,720.0,41.026,41.026,3.8619,678.974,270,14.99,54.0,1000
3949,720.0,41.006,41.006,3.8619,678.994,270,14.99,54.0,1000
3950,720.0,40.986,40.986,3.8619,679.014,270,14.98,54.0,1000
3951,720.0,40.966,40.966,3.8619,679.034,270,14.98,54.0,1000
3952,720.0,40.946,40.946,3.8619,679.054,270,14.98,54.0,1000
3953,720.0,40.926,40.926,3.8619,679.074,270,14.98,54.0,1000
3954,720.0,40.906,40.906,3.8619,679.094,270,14.98,54.0,1000
3955,720.0,40.886,40.886,3.8619,679.114,270,14.98,54.0,1000
3956,720.0,40.866,40.866,3.8619,679.134,270,14.97,54.0,1000
3957,720.0,40.846,40.846,3.8619,679.154,270,14.97,54.0,1000
3958,720.0,40.826,40.826,3.8619,679.174,270,14.97,54.0,1000
3959,720.0,40.806,40.806,3.8619,679.194,270,14.97,54.0,1000
3960,720.0,40.786,40.786,3.8619,679.214,270,14.97,54.0,1000
3961,720.0,40.766,40.766,3.8619,679.234,270,14.97,54.0,1000
3962,720.0,40.746,40.746,3.8619,679.254,270,14.96,54.0,1000
3963,720.0,40.726,40.726,3.8619,679.274,270,14.96,54.0,1000
3964,720.0,40.706,40.706,3.8619,679.294,270,14.96,54.0,1000
3965,720.0,40.686,40.686,3.8619,679.314,270,14.96,54.0,1000
3966,720.0,40.666,40.666,3.8619,679.334,270,14.95,54.0,1000
3967,720.0,40.646,40.646,3.8619,679.354,270,14.95,54.0,1000
3968,720.0,40.626,40.626,3.8619,679.374,270,14.95,54.0,1000
3969,720.0,40.606,40.606,3.8619,679.394,270,14.95,54.0,1000
3970,720.0,40.586,40.586,3.8619,679.414,270,14.94,54.0,1000
3971,720.0,40.566,40.566,3.8619,679.434,270,14.94,54.0,1000
3972,720.0,40.546,40.546,3.8619,679.454,270,14.94,54.0,1000
3973,720.0,40.526,40.526,3.8619,679.474,270,14.94,54.0,1000
3974,720.0,40.506,40.506,3.8619,679.494,270,14.93,54.0,1000
3975,720.0,40.486,40.486,3.8619,679.514,270,14.93,54.0,1000
3976,720.0,40.466,40.466,3.8619,679.534,270,14.93,54.0,1000
3977,720.0,40.446,40.446,3.8619,679.554,270,14.93,54.0,1000
3978,720.0,40.426,40.426,3.8619,679.574,270,14.92,54.0,1000
3979,720.0,40.406,40.406,3.8619,679.594,270,14.92,54.0,1000
3980,720.0,40.386,40.386,3.8619,679.614,270,14.92,54.0,1000
3981,720.0,40.366,40.366,3.8619,679.634,270,14.91,54.0,1000
3982,720.0,40.346,40.346,3.8619,679.654,270,14.91,54.0,1000
3983,720.0,40.326,40.326,3.8619,679.674,270,14.91,54.0,1000
3984,720.0,40.306,40.306,3.8619,679.694,270,14.9,54.0,1000
3985,720.0,40.286,40.286,3.8619,679.714,270,14.9,54.0,1000
3986,720.0,40.266,40.266,3.8619,679.734,270,14.9,54.0,1000
3987,720.0,40.246,40.246,3.8619,679.754,270,14.89,54.0,1000
3988,720.0,40.226,40.226,3.8619,679.774,270,14.89,54.0,1000
3989,720.0,40.206,40.206,3.8619,679.794,270,14.88,54.0,1000
3990,720.0,40.186,40.186,3.8619,679.814,270,14.88,54.0,1000
3991,720.0,40.166,40.166,3.8619,679.834,270,14.88,54.0,1000
3992,720.0,40.146,40.146,3.8619,679.854,270,14.87,54.0,1000
3993,720.0,40.126,40.126,3.8619,679.874,270,14.87,54.0,1000
3994,720.0,40.106,40.106,3.8619,679.894,270,14.87,54.0,1000
3995,720.0,40.086,40.086,3.8619,679.914,270,14.86,54.0,1000
3996,720.0,40.066,40.066,3.8619,679.934,270,14.86,54.0,1000
3997,720.0,40.046,40.046,3.8619,679.954,270,14.85,54.0,1000
3998,720.0,40.026,40.026,3.8619,679.974,270,14.85,54.0,1000
3999,720.0,40.006,40.006,3.8619,679.994,270,14.84,54.0,1000
4000,720.0,39.986,39.986,3.8619,680.014,270,14.84,54.0,1000
4001,720.0,39.966,39.966,3.8619,680.034,270,14.84,54.0,1000
4002,720.0,39.946,39.946,3.8619,680.054,270,14.83,54.0,1000
4003,720.0,39.926,39.926,3.8619,680.074,270,14.83,54.0,1000
4004,720.0,39.906,39.906,3.8619,680.094,270,14.82,54.0,1000
4005,720.0,39.886,39.886,3.8619,680.114,270,14.82,54.0,1000
4006,720.0,39.866,39.866,3.8619,680.134,270,14.81,54.0,1000
4006,720.0,39.846,39.846,3.8619,680.154,270,14.81,54.0,1000
4008,720.0,39.826,39.826,3.8619,680.174,270,14.8,54.0,1000
4009,720.0,39.806,39.806,3.8619,680.194,270,14.8,54.0,1000
4010,720.0,39.786,39.786,3.8619,680.214,270,14.79,54.0,1000
4011,720.0,39.766,39.766,3.8619,680.234,270,14.79,54.0,1000
4012,720.0,39.746,39.746,3.8619,680.254,270,14.78,54.0,1000
4013,720.0,39.726,39.726,3.8619,680.274,270,14.78,54.0,1000
4014,720.0,39.706,39.706,3.8619,680.294,270,14.77,54.0,1000
4015,720.0,39.686,39.686,3.8619,680.314,270,14.77,54.0,1000
4016,720.0,39.666,39.666,3.8619,680.334,270,14.76,54.0,1000
4017,720.0,39.646,39.646,3.8619,680.354,270,14.76,54.0,1000
4018,720.0,39.626,39.626,3.8619,680.374,270,14.75,54.0,1000
4019,720.0,39.606,39.606,3.8619,680.394,270,14.75,54.0,1000
4020,720.0,39.586,39.586,3.8619,680.414,270,14.74,54.0,1000
4021,720.0,39.566,39.566,3.8619,680.434,270,14.74,54.0,1000
4022,720.0,39.546,39.546,3.8619,680.454,270,14.73,54.0,1000
4022,720.0,39.526,39.526,3.8619,680.474,270,14.72,54.0,1000
4024,720.0,39.506,39.506,3.8619,680.494,270,14.72,54.0,1000
4025,720.0,39.486,39.486,3.8619,680.514,270,14.71,54.0,1000
4026,720.0,39.466,39.466,3.8619,680.534,270,14.71,54.0,1000
4027,720.0,39.446,39.446,3.8619,680.554,270,14.7,54.0,1000
4028,720.0,39.426,39.426,3.8619,680.574,270,14.69,54.0,1000
4029,720.0,39.406,39.406,3.8619,680.594,270,14.69,54.0,1000
4030,720.0,39.386,39.386,3.8619,680.614,270,14.68,54.0,1000
4031,720.0,39.366,39.366,3.8619,680.634,270,14.68,54.0,1000
4032,720.0,39.346,39.346,3.8619,680.654,270,14.67,54.0,1000
4033,720.0,39.326,39.326,3.8619,680.674,270,14.66,54.0,1000
4034,720.0,39.306,39.306,3.8619,680.694,270,14.66,54.0,1000
4035,720.0,39.286,39.286,3.8619,680.714,270,14.65,54.0,1000
4036,720.0,39.266,39.266,3.8619,680.734,270,14.64,54.0,1000
4037,720.0,39.246,39.246,3.8619,680.754,270,14.64,54.0,1000
4038,720.0,39.226,39.226,3.8619,680.774,270,14.63,54.0,1000
4038,720.0,39.206,39.206,3.8619,680.794,270,14.63,54.0,1000
4040,720.0,39.186,39.186,3.8619,680.814,270,14.62,54.0,1000
4041,720.0,39.166,39.166,3.8619,680.834,270,14.61,54.0,1000
4042,720.0,39.146,39.146,3.8619,680.854,270,14.6,54.0,1000
4043,720.0,39.126,39.126,3.8619,680.874,270,14.6,54.0,1000
4044,720.0,39.106,39.106,3.8619,680.894,270,14.59,54.0,1000
4045,720.0,39.086,39.086,3.8619,680.914,270,14.58,54.0,1000
4046,720.0,39.066,39.066,3.8619,680.934,270,14.58,54.0,1000
4047,720.0,39.046,39.046,3.8619,680.954,270,14.57,54.0,1000
4048,720.0,39.026,39.026,3.8619,680.974,270,14.56,54.0,1000
4049,720.0,39.006,39.006,3.8619,680.994,270,14.56,54.0,1000
4050,720.0,38.986,38.986,3.8619,681.014,270,14.55,54.0,1000
4051,720.0,38.966,38.966,3.8619,681.034,270,14.54,54.0,1000
4052,720.0,38.946,38.946,3.8619,681.054,270,14.53,54.0,1000
4053,720.0,38.926,38.926,3.8619,681.074,270,14.53,54.0,1000
4054,720.0,38.906,38.906,3.8619,681.094,270,14.52,54.0,1000
4054,720.0,38.886,38.886,3.8619,681.114,270,14.51,54.0,1000
4056,720.0,38.866,38.866,3.8619,681.134,270,14.5,54.0,1000
4057,720.0,38.846,38.846,3.8619,681.154,270,14.5,54.0,1000
4058,720.0,38.826,38.826,3.8619,681.174,270,14.49,54.0,1000
4059,720.0,38.806,38.806,3.8619,681.194,270,14.48,54.0,1000
4060,720.0,38.786,38.786,3.8619,681.214,270,14.47,54.0,1000
4061,720.0,38.766,38.766,3.8619,681.234,270,14.46,54.0,1000
4062,720.0,38.746,38.746,3.8619,681.254,270,14.46,54.0,1000
4063,720.0,38.726,38.726,3.8619,681.274,270,14.45,54.0,1000
4064,720.0,38.706,38.706,3.8619,681.294,270,14.44,54.0,1000
4065,720.0,38.686,38.686,3.8619,681.314,270,14.43,54.0,1000
4066,720.0,38.666,38.666,3.8619,681.334,270,14.42,54.0,1000
4067,720.0,38.646,38.646,3.8619,681.354,270,14.42,54.0,1000
4068,720.0,38.626,38.626,3.8619,681.374,270,14.41,54.0,1000
4069,720.0,38.606,38.606,3.8619,681.394,270,14.4,54.0,1000
4070,720.0,38.586,38.586,3.8619,681.414,270,14.39,54.0,1000
4070,720.0,38.566,38.566,3.8619,681.434,270,14.38,54.0,1000
4072,720.0,38.546,38.546,3.8619,681.454,270,14.37,54.0,1000
4073,720.0,38.526,38.526,3.8619,681.474,270,14.36,54.0,1000
4074,720.0,38.506,38.506,3.8619,681.494,270,14.36,54.0,1000
4075,720.0,38.486,38.486,3.8619,681.514,270,14.35,54.0,1000
4076,720.0,38.466,38.466,3.8619,681.534,270,14.34,54.0,1000
4077,720.0,38.446,38.446,3.8619,681.554,270,14.33,54.0,1000
4078,720.0,38.426,38.426,3.8619,681.574,270,14.32,54.0,1000
4079,720.0,38.406,38.406,3.8619,681.594,270,14.31,54.0,1000
4080,720.0,38.386,38.386,3.8619,681.614,270,14.3,54.0,1000
4081,720.0,38.366,38.366,3.8619,681.634,270,14.29,54.0,1000
4082,720.0,38.346,38.346,3.8619,681.654,270,14.28,54.0,1000
4083,720.0,38.326,38.326,3.8619,681.674,270,14.28,54.0,1000
4084,720.0,38.306,38.306,3.8619,681.694,270,14.27,54.0,1000
4085,720.0,38.286,38.286,3.8619,681.714,270,14.26,54.0,1000
4086,720.0,38.266,38.266,3.8619,681.734,270,14.25,54.0,1000
4086,720.0,38.246,38.246,3.8619,681.754,270,14.24,54.0,1000
4088,720.0,38.226,38.226,3.8619,681.774,270,14.23,54.0,1000
4089,720.0,38.206,38.206,3.8619,681.794,270,14.22,54.0,1000
4090,720.0,38.186,38.186,3.8619,681.814,270,14.21,54.0,1000
4091,720.0,38.166,38.166,3.8619,681.834,270,14.2,54.0,1000
4092,720.0,38.146,38.146,3.8619,681.854,270,14.19,54.0,1000
4093,720.0,38.126,38.126,3.8619,681.874,270,14.18,54.0,1000
4094,720.0,38.106,38.106,3.8619,681.894,270,14.17,54.0,1000
4095,720.0,38.086,38.086,3.8619,681.914,270,14.16,54.0,1000
4096,720.0,38.066,38.066,3.8619,681.934,270,14.15,54.0,1000
4097,720.0,38.046,38.046,3.8619,681.954,270,14.14,54.0,1000
4098,720.0,38.026,38.026,3.8619,681.974,270,14.13,54.0,1000
4099,720.0,38.006,38.006,3.8619,681.994,270,14.12,54.0,1000
4100,720.0,37.986,37.986,3.8619,682.014,270,14.11,54.0,1000
4101,720.0,37.966,37.966,3.8619,682.034,270,14.1,54.0,1000
4102,720.0,37.946,37.946,3.8619,682.054,270,14.09,54.0,1000
4103,720.0,37.926,37.926,3.8619,682.074,270,14.08,54.0,1000
4104,720.0,37.906,37.906,3.8619,682.094,270,14.07,54.0,1000
4105,720.0,37.886,37.886,3.8619,682.114,270,14.06,54.0,1000
4106,720.0,37.866,37.866,3.8619,682.134,270,14.05,54.0,1000
4107,720.0,37.846,37.846,3.8619,682.154,270,14.04,54.0,1000
4108,720.0,37.826,37.826,3.8619,682.174,270,14.03,54.0,1000
4109,720.0,37.806,37.806,3.8619,682.194,270,14.02,54.0,1000
4110,720.0,37.786,37.786,3.8619,682.214,270,14.01,54.0,1000
4111,720.0,37.766,37.766,3.8619,682.234,270,14.0,54.0,1000
4112,720.0,37.746,37.746,3.8619,682.254,270,13.98,54.0,1000
4113,720.0,37.726,37.726,3.8619,682.274,270,13.97,54.0,1000
4114,720.0,37.706,37.706,3.8619,682.294,270,13.96,54.0,1000
4115,720.0,37.686,37.686,3.8619,682.314,270,13.95,54.0,1000
4116,720.0,37.666,37.666,3.8619,682.334,270,13.94,54.0,1000
4117,720.0,37.646,37.646,3.8619,682.354,270,13.93,54.0,1000
4118,720.0,37.626,37.626,3.8619,682.374,270,13.92,54.0,1000
4119,720.0,37.606,37.606,3.8619,682.394,270,13.91,54.0,1000
4120,720.0,37.586,37.586,3.8619,682.414,270,13.9,54.0,1000
4121,720.0,37.566,37.566,3.8619,682.434,270,13.88,54.0,1000
4122,720.0,37.546,37.546,3.8619,682.454,270,13.87,54.0,1000
4123,720.0,37.526,37.526,3.8619,682.474,270,13.86,54.0,1000
4124,720.0,37.506,37.506,3.8619,682.494,270,13.85,54.0,1000
4125,720.0,37.486,37.486,3.8619,682.514,270,13.84,54.0,1000
4126,720.0,37.466,37.466,3.8619,682.534,270,13.83,54.0,1000
4127,720.0,37.446,37.446,3.8619,682.554,270,13.82,54.0,1000
4128,720.0,37.426,37.426,3.8619,682.574,270,13.8,54.0,1000
4129,720.0,37.406,37.406,3.8619,682.594,270,13.79,54.0,1000
4130,720.0,37.386,37.386,3.8619,682.614,270,13.78,54.0,1000
4131,720.0,37.366,37.366,3.8619,682.634,270,13.77,54.0,1000
4132,720.0,37.346,37.346,3.8619,682.654,270,13.76,54.0,1000
4133,720.0,37.326,37.326,3.8619,682.674,270,13.74,54.0,1000
4134,720.0,37.306,37.306,3.8619,682.694,270,13.73,54.0,1000
4135,720.0,37.286,37.286,3.8619,682.714,270,13.72,54.0,1000
4136,720.0,37.266,37.266,3.8619,682.734,270,13.71,54.0,1000
4137,720.0,37.246,37.246,3.8619,682.754,270,13.7,54.0,1000
4138,720.0,37.226,37.226,3.8619,682.774,270,13.68,54.0,1000
4139,720.0,37.206,37.206,3.8619,682.794,270,13.67,54.0,1000
4140,720.0,37.186,37.186,3.8619,682.814,270,13.66,54.0,1000
4141,720.0,37.166,37.166,3.8619,682.834,270,13.65,54.0,1000
4142,720.0,37.146,37.146,3.8619,682.854,270,13.63,54.0,1000
4143,720.0,37.126,37.126,3.8619,682.874,270,13.62,54.0,1000
4144,720.0,37.106,37.106,3.8619,682.894,270,13.61,54.0,1000
4145,720.0,37.086,37.086,3.8619,682.914,270,13.6,54.0,1000
4146,720.0,37.066,37.066,3.8619,682.934,270,13.58,54.0,1000
4147,720.0,37.046,37.046,3.8619,682.954,270,13.57,54.0,1000
4148,720.0,37.026,37.026,3.8619,682.974,270,13.56,54.0,1000
4149,720.0,37.006,37.006,3.8619,682.994,270,13.55,54.0,1000
4150,720.0,36.986,36.986,3.8619,683.014,270,13.53,54.0,1000
4151,720.0,36.966,36.966,3.8619,683.034,270,13.52,54.0,1000
4152,720.0,36.946,36.946,3.8619,683.054,270,13.51,54.0,1000
4153,720.0,36.926,36.926,3.8619,683.074,270,13.49,54.0,1000
4154,720.0,36.906,36.906,3.8619,683.094,270,13.48,54.0,1000
4155,720.0,36.886,36.886,3.8619,683.114,270,13.47,54.0,1000
4156,720.0,36.866,36.866,3.8619,683.134,270,13.45,54.0,1000
4157,720.0,36.846,36.846,3.8619,683.154,270,13.44,54.0,1000
4158,720.0,36.826,36.826,3.8619,683.174,270,13.43,54.0,1000
4159,720.0,36.806,36.806,3.8619,683.194,270,13.41,54.0,1000
4160,720.0,36.786,36.786,3.8619,683.214,270,13.4,54.0,1000
4161,720.0,36.766,36.766,3.8619,683.234,270,13.39,54.0,1000
4162,720.0,36.746,36.746,3.8619,683.254,270,13.37,54.0,1000
4163,720.0,36.726,36.726,3.8619,683.274,270,13.36,54.0,1000
4164,720.0,36.706,36.706,3.8619,683.294,270,13.35,54.0,1000
4165,720.0,36.686,36.686,3.8619,683.314,270,13.33,54.0,1000
4166,720.0,36.666,36.666,3.8619,683.334,270,13.32,54.0,1000
4167,720.0,36.646,36.646,3.8619,683.354,270,13.3,54.0,1000
4168,720.0,36.626,36.626,3.8619,683.374,270,13.29,54.0,1000
4169,720.0,36.606,36.606,3.8619,683.394,270,13.28,54.0,1000
4170,720.0,36.586,36.586,3.8619,683.414,270,13.26,54.0,1000
4171,720.0,36.566,36.566,3.8619,683.434,270,13.25,54.0,1000
4172,720.0,36.546,36.546,3.8619,683.454,270,13.23,54.0,1000
4173,720.0,36.526,36.526,3.8619,683.474,270,13.22,54.0,1000
4174,720.0,36.506,36.506,3.8619,683.494,270,13.21,54.0,1000
4175,720.0,36.486,36.486,3.8619,683.514,270,13.19,54.0,1000
4176,720.0,36.466,36.466,3.8619,683.534,270,13.18,54.0,1000
4177,720.0,36.446,36.446,3.8619,683.554,270,13.16,54.0,1000
4178,720.0,36.426,36.426,3.8619,683.574,270,13.15,54.0,1000
4179,720.0,36.406,36.406,3.8619,683.594,270,13.13,54.0,1000
4180,720.0,36.386,36.386,3.8619,683.614,270,13.12,54.0,1000
4181,720.0,36.366,36.366,3.8619,683.634,270,13.11,54.0,1000
4182,720.0,36.346,36.346,3.8619,683.654,270,13.09,54.0,1000
4183,720.0,36.326,36.326,3.8619,683.674,270,13.08,54.0,1000
4184,720.0,36.306,36.306,3.8619,683.694,270,13.06,54.0,1000
4185,720.0,36.286,36.286,3.8619,683.714,270,13.05,54.0,1000
4186,720.0,36.266,36.266,3.8619,683.734,270,13.03,54.0,1000
4187,720.0,36.246,36.246,3.8619,683.754,270,13.02,54.0,1000
4188,720.0,36.226,36.226,3.8619,683.774,270,13.0,54.0,1000
4189,720.0,36.206,36.206,3.8619,683.794,270,12.99,54.0,1000
4190,720.0,36.186,36.186,3.8619,683.814,270,12.97,54.0,1000
4191,720.0,36.166,36.166,3.8619,683.834,270,12.96,54.0,1000
4192,720.0,36.146,36.146,3.8619,683.854,270,12.94,54.0,1000
4193,720.0,36.126,36.126,3.8619,683.874,270,12.93,54.0,1000
4194,720.0,36.106,36.106,3.8619,683.894,270,12.91,54.0,1000
4195,720.0,36.086,36.086,3.8619,683.914,270,12.9,54.0,1000
4196,720.0,36.066,36.066,3.8619,683.934,270,12.88,54.0,1000
4197,720.0,36.046,36.046,3.8619,683.954,270,12.87,54.0,1000
4198,720.0,36.026,36.026,3.8619,683.974,270,12.85,54.0,1000
4199,720.0,36.006,36.006,3.8619,683.994,270,12.83,54.0,1000
4200,720.0,35.986,35.986,3.8619,684.014,270,12.82,54.0,1000
4201,720.0,35.966,35.966,3.8619,684.034,270,12.8,54.0,1000
4202,720.0,35.946,35.946,3.8619,684.054,270,12.79,54.0,1000
4203,720.0,35.926,35.926,3.8619,684.074,270,12.77,54.0,1000
4204,720.0,35.906,35.906,3.8619,684.094,270,12.76,54.0,1000
4205,720.0,35.886,35.886,3.8619,684.114,270,12.74,54.0,1000
4206,720.0,35.866,35.866,3.8619,684.134,270,12.72,54.0,1000
4207,720.0,35.846,35.846,3.8619,684.154,270,12.71,54.0,1000
4208,720.0,35.826,35.826,3.8619,684.174,270,12.69,54.0,1000
4209,720.0,35.806,35.806,3.8619,684.194,270,12.68,54.0,1000
4210,720.0,35.786,35.786,3.8619,684.214,270,12.66,54.0,1000
4211,720.0,35.766,35.766,3.8619,684.234,270,12.64,54.0,1000
4212,720.0,35.746,35.746,3.8619,684.254,270,12.63,54.0,1000
4213,720.0,35.726,35.726,3.8619,684.274,270,12.61,54.0,1000
4214,720.0,35.706,35.706,3.8619,684.294,270,12.6,54.0,1000
4215,720.0,35.686,35.686,3.8619,684.314,270,12.58,54.0,1000
4216,720.0,35.666,35.666,3.8619,684.334,270,12.56,54.0,1000
4217,720.0,35.646,35.646,3.8619,684.354,270,12.55,54.0,1000
4218,720.0,35.626,35.626,3.8619,684.374,270,12.53,54.0,1000
4219,720.0,35.606,35.606,3.8619,684.394,270,12.51,54.0,1000
4220,720.0,35.586,35.586,3.8619,684.414,270,12.5,54.0,1000
4221,720.0,35.566,35.566,3.8619,684.434,270,12.48,54.0,1000
4222,720.0,35.546,35.546,3.8619,684.454,270,12.46,54.0,1000
4223,720.0,35.526,35.526,3.8619,684.474,270,12.45,54.0,1000
4224,720.0,35.506,35.506,3.8619,684.494,270,12.43,54.0,1000
4225,720.0,35.486,35.486,3.8619,684.514,270,12.41,54.0,1000
4226,720.0,35.466,35.466,3.8619,684.534,270,12.4,54.0,1000
4227,720.0,35.446,35.446,3.8619,684.554,270,12.38,54.0,1000
4228,720.0,35.426,35.426,3.8619,684.574,270,12.36,54.0,1000
4229,720.0,35.406,35.406,3.8619,684.594,270,12.35,54.0,1000
4230,720.0,35.386,35.386,3.8619,684.614,270,12.33,54.0,1000
4231,720.0,35.366,35.366,3.8619,684.634,270,12.31,54.0,1000
4232,720.0,35.346,35.346,3.8619,684.654,270,12.29,54.0,1000
4233,720.0,35.326,35.326,3.8619,684.674,270,12.28,54.0,1000
4234,720.0,35.306,35.306,3.8619,684.694,270,12.26,54.0,1000
4235,720.0,35.286,35.286,3.8619,684.714,270,12.24,54.0,1000
4236,720.0,35.266,35.266,3.8619,684.734,270,12.23,54.0,1000
4237,720.0,35.246,35.246,3.8619,684.754,270,12.21,54.0,1000
4238,720.0,35.226,35.226,3.8619,684.774,270,12.19,54.0,1000
4239,720.0,35.206,35.206,3.8619,684.794,270,12.17,54.0,1000
4240,720.0,35.186,35.186,3.8619,684.814,270,12.16,54.0,1000
4241,720.0,35.166,35.166,3.8619,684.834,270,12.14,54.0,1000
4242,720.0,35.146,35.146,3.8619,684.854,270,12.12,54.0,1000
4243,720.0,35.126,35.126,3.8619,684.874,270,12.1,54.0,1000
4244,720.0,35.106,35.106,3.8619,684.894,270,12.08,54.0,1000
4245,720.0,35.086,35.086,3.8619,684.914,270,12.07,54.0,1000
4246,720.0,35.066,35.066,3.8619,684.934,270,12.05,54.0,1000
4247,720.0,35.046,35.046,3.8619,684.954,270,12.03,54.0,1000
4248,720.0,35.026,35.026,3.8619,684.974,270,12.01,54.0,1000
4249,720.0,35.006,35.006,3.8619,684.994,270,12.0,54.0,1000
4250,720.0,34.986,34.986,3.8619,685.014,270,11.98,54.0,1000
4251,720.0,34.966,34.966,3.8619,685.034,270,11.96,54.0,1000
4252,720.0,34.946,34.946,3.8619,685.054,270,11.94,54.0,1000
4253,720.0,34.926,34.926,3.8619,685.074,270,11.92,54.0,1000
4254,720.0,34.906,34.906,3.8619,685.094,270,11.9,54.0,1000
4255,720.0,34.886,34.886,3.8619,685.114,270,11.89,54.0,1000
4256,720.0,34.866,34.866,3.8619,685.134,270,11.87,54.0,1000
4257,720.0,34.846,34.846,3.8619,685.154,270,11.85,54.0,1000
4258,720.0,34.826,34.826,3.8619,685.174,270,11.83,54.0,1000
4259,720.0,34.806,34.806,3.8619,685.194,270,11.81,54.0,1000
4260,720.0,34.786,34.786,3.8619,685.214,270,11.79,54.0,1000
4261,720.0,34.766,34.766,3.8619,685.234,270,11.78,54.0,1000
4262,720.0,34.746,34.746,3.8619,685.254,270,11.76,54.0,1000
4263,720.0,34.726,34.726,3.8619,685.274,270,11.74,54.0,1000
4264,720.0,34.706,34.706,3.8619,685.294,270,11.72,54.0,1000
4265,720.0,34.686,34.686,3.8619,685.314,270,11.7,54.0,1000
4266,720.0,34.666,34.666,3.8619,685.334,270,11.68,54.0,1000
4267,720.0,34.646,34.646,3.8619,685.354,270,11.66,54.0,1000
4268,720.0,34.626,34.626,3.8619,685.374,270,11.64,54.0,1000
4269,720.0,34.606,34.606,3.8619,685.394,270,11.63,54.0,1000
4270,720.0,34.586,34.586,3.8619,685.414,270,11.61,54.0,1000
4271,720.0,34.566,34.566,3.8619,685.434,270,11.59,54.0,1000
4272,720.0,34.546,34.546,3.8619,685.454,270,11.57,54.0,1000
4273,720.0,34.526,34.526,3.8619,685.474,270,11.55,54.0,1000
4274,720.0,34.506,34.506,3.8619,685.494,270,11.53,54.0,1000
4275,720.0,34.486,34.486,3.8619,685.514,270,11.51,54.0,1000
4276,720.0,34.466,34.466,3.8619,685.534,270,11.49,54.0,1000
4277,720.0,34.446,34.446,3.8619,685.554,270,11.47,54.0,1000
4278,720.0,34.426,34.426,3.8619,685.574,270,11.45,54.0,1000
4279,720.0,34.406,34.406,3.8619,685.594,270,11.43,54.0,1000
4280,720.0,34.386,34.386,3.8619,685.614,270,11.41,54.0,1000
4281,720.0,34.366,34.366,3.8619,685.634,270,11.39,54.0,1000
4282,720.0,34.346,34.346,3.8619,685.654,270,11.38,54.0,1000
4283,720.0,34.326,34.326,3.8619,685.674,270,11.36,54.0,1000
4284,720.0,34.306,34.306,3.8619,685.694,270,11.34,54.0,1000
4285,720.0,34.286,34.286,3.8619,685.714,270,11.32,54.0,1000
4286,720.0,34.266,34.266,3.8619,685.734,270,11.3,54.0,1000
4287,720.0,34.246,34.246,3.8619,685.754,270,11.28,54.0,1000
4288,720.0,34.226,34.226,3.8619,685.774,270,11.26,54.0,1000
4289,720.0,34.206,34.206,3.8619,685.794,270,11.24,54.0,1000
4290,720.0,34.186,34.186,3.8619,685.814,270,11.22,54.0,1000
4291,720.0,34.166,34.166,3.8619,685.834,270,11.2,54.0,1000
4292,720.0,34.146,34.146,3.8619,685.854,270,11.18,54.0,1000
4293,720.0,34.126,34.126,3.8619,685.874,270,11.16,54.0,1000
4294,720.0,34.106,34.106,3.8619,685.894,270,11.14,54.0,1000
4295,720.0,34.086,34.086,3.8619,685.914,270,11.12,54.0,1000
4296,720.0,34.066,34.066,3.8619,685.934,270,11.1,54.0,1000
4297,720.0,34.046,34.046,3.8619,685.954,270,11.08,54.0,1000
4298,720.0,34.026,34.026,3.8619,685.974,270,11.06,54.0,1000
4299,720.0,34.006,34.006,3.8619,685.994,270,11.04,54.0,1000
4300,720.0,33.986,33.986,3.8619,686.014,270,11.02,54.0,1000
4301,720.0,33.966,33.966,3.8619,686.034,270,11.0,54.0,1000
4302,720.0,33.946,33.946,3.8619,686.054,270,10.98,54.0,1000
4303,720.0,33.926,33.926,3.8619,686.074,270,10.95,54.0,1000
4304,720.0,33.906,33.906,3.8619,686.094,270,10.93,54.0,1000
4305,720.0,33.886,33.886,3.8619,686.114,270,10.91,54.0,1000
4306,720.0,33.866,33.866,3.8619,686.134,270,10.89,54.0,1000
4307,720.0,33.846,33.846,3.8619,686.154,270,10.87,54.0,1000
4308,720.0,33.826,33.826,3.8619,686.174,270,10.85,54.0,1000
4309,720.0,33.806,33.806,3.8619,686.194,270,10.83,54.0,1000
4310,720.0,33.786,33.786,3.8619,686.214,270,10.81,54.0,1000
4311,720.0,33.766,33.766,3.8619,686.234,270,10.79,54.0,1000
4312,720.0,33.746,33.746,3.8619,686.254,270,10.77,54.0,1000
4313,720.0,33.726,33.726,3.8619,686.274,270,10.75,54.0,1000
4314,720.0,33.706,33.706,3.8619,686.294,270,10.73,54.0,1000
4315,720.0,33.686,33.686,3.8619,686.314,270,10.71,54.0,1000
4316,720.0,33.666,33.666,3.8619,686.334,270,10.68,54.0,1000
4317,720.0,33.646,33.646,3.8619,686.354,270,10.66,54.0,1000
4318,720.0,33.626,33.626,3.8619,686.374,270,10.64,54.0,1000
4319,720.0,33.606,33.606,3.8619,686.394,270,10.62,54.0,1000
4320,720.0,33.586,33.586,3.8619,686.414,270,10.6,54.0,1000
4321,720.0,33.566,33.566,3.8619,686.434,270,10.58,54.0,1000
4322,720.0,33.546,33.546,3.8619,686.454,270,10.56,54.0,1000
4323,720.0,33.526,33.526,3.8619,686.474,270,10.54,54.0,1000
4324,720.0,33.506,33.506,3.8619,686.494,270,10.51,54.0,1000
4325,720.0,33.486,33.486,3.8619,686.514,270,10.49,54.0,1000
4326,720.0,33.466,33.466,3.8619,686.534,270,10.47,54.0,1000
4327,720.0,33.446,33.446,3.8619,686.554,270,10.45,54.0,1000
4328,720.0,33.426,33.426,3.8619,686.574,270,10.43,54.0,1000
4329,720.0,33.406,33.406,3.8619,686.594,270,10.41,54.0,1000
4330,720.0,33.386,33.386,3.8619,686.614,270,10.39,54.0,1000
4331,720.0,33.366,33.366,3.8619,686.634,270,10.36,54.0,1000
4332,720.0,33.346,33.346,3.8619,686.654,270,10.34,54.0,1000
4333,720.0,33.326,33.326,3.8619,686.674,270,10.32,54.0,1000
4334,720.0,33.306,33.306,3.8619,686.694,270,10.3,54.0,1000
4335,720.0,33.286,33.286,3.8619,686.714,270,10.28,54.0,1000
4336,720.0,33.266,33.266,3.8619,686.734,270,10.26,54.0,1000
4337,720.0,33.246,33.246,3.8619,686.754,270,10.23,54.0,1000
4338,720.0,33.226,33.226,3.8619,686.774,270,10.21,54.0,1000
4339,720.0,33.206,33.206,3.8619,686.794,270,10.19,54.0,1000
4340,720.0,33.186,33.186,3.8619,686.814,270,10.17,54.0,1000
4341,720.0,33.166,33.166,3.8619,686.834,270,10.15,54.0,1000
4342,720.0,33.146,33.146,3.8619,686.854,270,10.12,54.0,1000
4343,720.0,33.126,33.126,3.8619,686.874,270,10.1,54.0,1000
4344,720.0,33.106,33.106,3.8619,686.894,270,10.08,54.0,1000
4345,720.0,33.086,33.086,3.8619,686.914,270,10.06,54.0,1000
4346,720.0,33.066,33.066,3.8619,686.934,270,10.03,54.0,1000
4347,720.0,33.046,33.046,3.8619,686.954,270,10.01,54.0,1000
4348,720.0,33.026,33.026,3.8619,686.974,270,9.99,54.0,1000
4349,720.0,33.006,33.006,3.8619,686.994,270,9.97,54.0,1000
4350,720.0,32.986,32.986,3.8619,687.014,270,9.94,54.0,1000
4351,720.0,32.966,32.966,3.8619,687.034,270,9.92,54.0,1000
4352,720.0,32.946,32.946,3.8619,687.054,270,9.9,54.0,1000
4353,720.0,32.926,32.926,3.8619,687.074,270,9.88,54.0,1000
4354,720.0,32.906,32.906,3.8619,687.094,270,9.85,54.0,1000
4355,720.0,32.886,32.886,3.8619,687.114,270,9.83,54.0,1000
4356,720.0,32.866,32.866,3.8619,687.134,270,9.81,54.0,1000
4357,720.0,32.846,32.846,3.8619,687.154,270,9.79,54.0,1000
4358,720.0,32.826,32.826,3.8619,687.174,270,9.76,54.0,1000
4359,720.0,32.806,32.806,3.8619,687.194,270,9.74,54.0,1000
4360,720.0,32.786,32.786,3.8619,687.214,270,9.72,54.0,1000
4361,720.0,32.766,32.766,3.8619,687.234,270,9.7,54.0,1000
4362,720.0,32.746,32.746,3.8619,687.254,270,9.67,54.0,1000
4363,720.0,32.726,32.726,3.8619,687.274,270,9.65,54.0,1000
4364,720.0,32.706,32.706,3.8619,687.294,270,9.63,54.0,1000
4365,720.0,32.686,32.686,3.8619,687.314,270,9.6,54.0,1000
4366,720.0,32.666,32.666,3.8619,687.334,270,9.58,54.0,1000
4367,720.0,32.646,32.646,3.8619,687.354,270,9.56,54.0,1000
4368,720.0,32.626,32.626,3.8619,687.374,270,9.53,54.0,1000
4369,720.0,32.606,32.606,3.8619,687.394,270,9.51,54.0,1000
4370,720.0,32.586,32.586,3.8619,687.414,270,9.49,54.0,1000
4371,720.0,32.566,32.566,3.8619,687.434,270,9.46,54.0,1000
4372,720.0,32.546,32.546,3.8619,687.454,270,9.44,54.0,1000
4373,720.0,32.526,32.526,3.8619,687.474,270,9.42,54.0,1000
4374,720.0,32.506,32.506,3.8619,687.494,270,9.39,54.0,1000
4375,720.0,32.486,32.486,3.8619,687.514,270,9.37,54.0,1000
4376,720.0,32.466,32.466,3.8619,687.534,270,9.35,54.0,1000
4377,720.0,32.446,32.446,3.8619,687.554,270,9.32,54.0,1000
4378,720.0,32.426,32.426,3.8619,687.574,270,9.3,54.0,1000
4379,720.0,32.406,32.406,3.8619,687.594,270,9.28,54.0,1000
4380,720.0,32.386,32.386,3.8619,687.614,270,9.25,54.0,1000
4381,720.0,32.366,32.366,3.8619,687.634,270,9.23,54.0,1000
4382,720.0,32.346,32.346,3.8619,687.654,270,9.21,54.0,1000
4383,720.0,32.326,32.326,3.8619,687.674,270,9.18,54.0,1000
4384,720.0,32.306,32.306,3.8619,687.694,270,9.16,54.0,1000
4385,720.0,32.286,32.286,3.8619,687.714,270,9.13,54.0,1000
4386,720.0,32.266,32.266,3.8619,687.734,270,9.11,54.0,1000
4387,720.0,32.246,32.246,3.8619,687.754,270,9.09,54.0,1000
4388,720.0,32.226,32.226,3.8619,687.774,270,9.06,54.0,1000
4389,720.0,32.206,32.206,3.8619,687.794,270,9.04,54.0,1000
4390,720.0,32.186,32.186,3.8619,687.814,270,9.02,54.0,1000
4391,720.0,32.166,32.166,3.8619,687.834,270,8.99,54.0,1000
4392,720.0,32.146,32.146,3.8619,687.854,270,8.97,54.0,1000
4393,720.0,32.126,32.126,3.8619,687.874,270,8.94,54.0,1000
4394,720.0,32.106,32.106,3.8619,687.894,270,8.92,54.0,1000
4395,720.0,32.086,32.086,3.8619,687.914,270,8.89,54.0,1000
4396,720.0,32.066,32.066,3.8619,687.934,270,8.87,54.0,1000
4397,720.0,32.046,32.046,3.8619,687.954,270,8.85,54.0,1000
4398,720.0,32.026,32.026,3.8619,687.974,270,8.82,54.0,1000
4399,720.0,32.006,32.006,3.8619,687.994,270,8.8,54.0,1000
4400,720.0,31.986,31.986,3.8619,688.014,270,8.77,54.0,1000
4401,720.0,31.966,31.966,3.8619,688.034,270,8.75,54.0,1000
4402,720.0,31.946,31.946,3.8619,688.054,270,8.73,54.0,1000
4403,720.0,31.926,31.926,3.8619,688.074,270,8.7,54.0,1000
4404,720.0,31.906,31.906,3.8619,688.094,270,8.68,54.0,1000
4405,720.0,31.886,31.886,3.8619,688.114,270,8.65,54.0,1000
4406,720.0,31.866,31.866,3.8619,688.134,270,8.63,54.0,1000
4407,720.0,31.846,31.846,3.8619,688.154,270,8.6,54.0,1000
4408,720.0,31.826,31.826,3.8619,688.174,270,8.58,54.0,1000
4409,720.0,31.806,31.806,3.8619,688.194,270,8.55,54.0,1000
4410,720.0,31.786,31.786,3.8619,688.214,270,8.53,54.0,1000
4411,720.0,31.766,31.766,3.8619,688.234,270,8.5,54.0,1000
4412,720.0,31.746,31.746,3.8619,688.254,270,8.48,54.0,1000
4413,720.0,31.726,31.726,3.8619,688.274,270,8.45,54.0,1000
4414,720.0,31.706,31.706,3.8619,688.294,270,8.43,54.0,1000
4415,720.0,31.686,31.686,3.8619,688.314,270,8.4,54.0,1000
4416,720.0,31.666,31.666,3.8619,688.334,270,8.38,54.0,1000
4417,720.0,31.646,31.646,3.8619,688.354,270,8.36,54.0,1000
4418,720.0,31.626,31.626,3.8619,688.374,270,8.33,54.0,1000
4419,720.0,31.606,31.606,3.8619,688.394,270,8.31,54.0,1000
4420,720.0,31.586,31.586,3.8619,688.414,270,8.28,54.0,1000
4421,720.0,31.566,31.566,3.8619,688.434,270,8.26,54.0,1000
4422,720.0,31.546,31.546,3.8619,688.454,270,8.23,54.0,1000
4423,720.0,31.526,31.526,3.8619,688.474,270,8.21,54.0,1000
4424,720.0,31.506,31.506,3.8619,688.494,270,8.18,54.0,1000
4425,720.0,31.486,31.486,3.8619,688.514,270,8.15,54.0,1000
4426,720.0,31.466,31.466,3.8619,688.534,270,8.13,54.0,1000
4427,720.0,31.446,31.446,3.8619,688.554,270,8.1,54.0,1000
4428,720.0,31.426,31.426,3.8619,688.574,270,8.08,54.0,1000
4429,720.0,31.406,31.406,3.8619,688.594,270,8.05,54.0,1000
4430,720.0,31.386,31.386,3.8619,688.614,270,8.03,54.0,1000
4431,720.0,31.366,31.366,3.8619,688.634,270,8.0,54.0,1000
4432,720.0,31.346,31.346,3.8619,688.654,270,7.98,54.0,1000
4433,720.0,31.326,31.326,3.8619,688.674,270,7.95,54.0,1000
4434,720.0,31.306,31.306,3.8619,688.694,270,7.93,54.0,1000
4435,720.0,31.286,31.286,3.8619,688.714,270,7.9,54.0,1000
4436,720.0,31.266,31.266,3.8619,688.734,270,7.88,54.0,1000
4437,720.0,31.246,31.246,3.8619,688.754,270,7.85,54.0,1000
4438,720.0,31.226,31.226,3.8619,688.774,270,7.82,54.0,1000
4439,720.0,31.206,31.206,3.8619,688.794,270,7.8,54.0,1000
4440,720.0,31.186,31.186,3.8619,688.814,270,7.77,54.0,1000
4441,720.0,31.166,31.166,3.8619,688.834,270,7.75,54.0,1000
4442,720.0,31.146,31.146,3.8619,688.854,270,7.72,54.0,1000
4443,720.0,31.126,31.126,3.8619,688.874,270,7.7,54.0,1000
4444,720.0,31.106,31.106,3.8619,688.894,270,7.67,54.0,1000
4445,720.0,31.086,31.086,3.8619,688.914,270,7.64,54.0,1000
4446,720.0,31.066,31.066,3.8619,688.934,270,7.62,54.0,1000
4447,720.0,31.046,31.046,3.8619,688.954,270,7.59,54.0,1000
4448,720.0,31.026,31.026,3.8619,688.974,270,7.57,54.0,1000
4449,720.0,31.006,31.006,3.8619,688.994,270,7.54,54.0,1000
4450,720.0,30.986,30.986,3.8619,689.014,270,7.52,54.0,1000
4451,720.0,30.966,30.966,3.8619,689.034,270,7.49,54.0,1000
4452,720.0,30.946,30.946,3.8619,689.054,270,7.46,54.0,1000
4453,720.0,30.926,30.926,3.8619,689.074,270,7.44,54.0,1000
4454,720.0,30.906,30.906,3.8619,689.094,270,7.41,54.0,1000
4455,720.0,30.886,30.886,3.8619,689.114,270,7.39,54.0,1000
4456,720.0,30.866,30.866,3.8619,689.134,270,7.36,54.0,1000
4457,720.0,30.846,30.846,3.8619,689.154,270,7.33,54.0,1000
4458,720.0,30.826,30.826,3.8619,689.174,270,7.31,54.0,1000
4459,720.0,30.806,30.806,3.8619,689.194,270,7.28,54.0,1000
4460,720.0,30.786,30.786,3.8619,689.214,270,7.25,54.0,1000
4461,720.0,30.766,30.766,3.8619,689.234,270,7.23,54.0,1000
4462,720.0,30.746,30.746,3.8619,689.254,270,7.2,54.0,1000
4463,720.0,30.726,30.726,3.8619,689.274,270,7.18,54.0,1000
4464,720.0,30.706,30.706,3.8619,689.294,270,7.15,54.0,1000
4465,720.0,30.686,30.686,3.8619,689.314,270,7.12,54.0,1000
4466,720.0,30.666,30.666,3.8619,689.334,270,7.1,54.0,1000
4467,720.0,30.646,30.646,3.8619,689.354,270,7.07,54.0,1000
4468,720.0,30.626,30.626,3.8619,689.374,270,7.04,54.0,1000
4469,720.0,30.606,30.606,3.8619,689.394,270,7.02,54.0,1000
4470,720.0,30.586,30.586,3.8619,689.414,270,6.99,54.0,1000
4471,720.0,30.566,30.566,3.8619,689.434,270,6.96,54.0,1000
4472,720.0,30.546,30.546,3.8619,689.454,270,6.94,54.0,1000
4473,720.0,30.526,30.526,3.8619,689.474,270,6.91,54.0,1000
4474,720.0,30.506,30.506,3.8619,689.494,270,6.88,54.0,1000
4475,720.0,30.486,30.486,3.8619,689.514,270,6.86,54.0,1000
4476,720.0,30.466,30.466,3.8619,689.534,270,6.83,54.0,1000
4477,720.0,30.446,30.446,3.8619,689.554,270,6.8,54.0,1000
4478,720.0,30.426,30.426,3.8619,689.574,270,6.78,54.0,1000
4479,720.0,30.406,30.406,3.8619,689.594,270,6.75,54.0,1000
4480,720.0,30.386,30.386,3.8619,689.614,270,6.72,54.0,1000
4481,720.0,30.366,30.366,3.8619,689.634,270,6.7,54.0,1000
4482,720.0,30.346,30.346,3.8619,689.654,270,6.67,54.0,1000
4483,720.0,30.326,30.326,3.8619,689.674,270,6.64,54.0,1000
4484,720.0,30.306,30.306,3.8619,689.694,270,6.62,54.0,1000
4485,720.0,30.286,30.286,3.8619,689.714,270,6.59,54.0,1000
4486,720.0,30.266,30.266,3.8619,689.734,270,6.56,54.0,1000
4487,720.0,30.246,30.246,3.8619,689.754,270,6.53,54.0,1000
4488,720.0,30.226,30.226,3.8619,689.774,270,6.51,54.0,1000
4489,720.0,30.206,30.206,3.8619,689.794,270,6.48,54.0,1000
4490,720.0,30.186,30.186,3.8619,689.814,270,6.45,54.0,1000
4491,720.0,30.166,30.166,3.8619,689.834,270,6.43,54.0,1000
4492,720.0,30.146,30.146,3.8619,689.854,270,6.4,54.0,1000
4493,720.0,30.126,30.126,3.8619,689.874,270,6.37,54.0,1000
4494,720.0,30.106,30.106,3.8619,689.894,270,6.35,54.0,1000
4495,720.0,30.086,30.086,3.8619,689.914,270,6.32,54.0,1000
4496,720.0,30.066,30.066,3.8619,689.934,270,6.29,54.0,1000
4497,720.0,30.046,30.046,3.8619,689.954,270,6.26,54.0,1000
4498,720.0,30.026,30.026,3.8619,689.974,270,6.24,54.0,1000
4499,720.0,30.006,30.006,3.8619,689.994,270,6.21,54.0,1000
4500,720.0,29.986,29.986,3.8619,690.014,270,6.18,54.0,1000
4501,720.0,29.966,29.966,3.8619,690.034,270,6.15,54.0,1000
4502,720.0,29.946,29.946,3.8619,690.054,270,6.13,54.0,1000
4503,720.0,29.926,29.926,3.8619,690.074,270,6.1,54.0,1000
4504,720.0,29.906,29.906,3.8619,690.094,270,6.07,54.0,1000
4505,720.0,29.886,29.886,3.8619,690.114,270,6.04,54.0,1000
4506,720.0,29.866,29.866,3.8619,690.134,270,6.02,54.0,1000
4507,720.0,29.846,29.846,3.8619,690.154,270,5.99,54.0,1000
4508,720.0,29.826,29.826,3.8619,690.174,270,5.96,54.0,1000
4509,720.0,29.806,29.806,3.8619,690.194,270,5.93,54.0,1000
4510,720.0,29.786,29.786,3.8619,690.214,270,5.91,54.0,1000
4511,720.0,29.766,29.766,3.8619,690.234,270,5.88,54.0,1000
4512,720.0,29.746,29.746,3.8619,690.254,270,5.85,54.0,1000
4513,720.0,29.726,29.726,3.8619,690.274,270,5.82,54.0,1000
4514,720.0,29.706,29.706,3.8619,690.294,270,5.8,54.0,1000
4515,720.0,29.686,29.686,3.8619,690.314,270,5.77,54.0,1000
4516,720.0,29.666,29.666,3.8619,690.334,270,5.74,54.0,1000
4517,720.0,29.646,29.646,3.8619,690.354,270,5.71,54.0,1000
4518,720.0,29.626,29.626,3.8619,690.374,270,5.69,54.0,1000
4519,720.0,29.606,29.606,3.8619,690.394,270,5.66,54.0,1000
4520,720.0,29.586,29.586,3.8619,690.414,270,5.63,54.0,1000
4521,720.0,29.566,29.566,3.8619,690.434,270,5.6,54.0,1000
4522,720.0,29.546,29.546,3.8619,690.454,270,5.57,54.0,1000
4523,720.0,29.526,29.526,3.8619,690.474,270,5.55,54.0,1000
4524,720.0,29.506,29.506,3.8619,690.494,270,5.52,54.0,1000
4525,720.0,29.486,29.486,3.8619,690.514,270,5.49,54.0,1000
4526,720.0,29.466,29.466,3.8619,690.534,270,5.46,54.0,1000
4527,720.0,29.446,29.446,3.8619,690.554,270,5.44,54.0,1000
4528,720.0,29.426,29.426,3.8619,690.574,270,5.41,54.0,1000
4529,720.0,29.406,29.406,3.8619,690.594,270,5.38,54.0,1000
4530,720.0,29.386,29.386,3.8619,690.614,270,5.35,54.0,1000
4531,720.0,29.366,29.366,3.8619,690.634,270,5.32,54.0,1000
4532,720.0,29.346,29.346,3.8619,690.654,270,5.3,54.0,1000
4533,720.0,29.326,29.326,3.8619,690.674,270,5.27,54.0,1000
4534,720.0,29.306,29.306,3.8619,690.694,270,5.24,54.0,1000
4535,720.0,29.286,29.286,3.8619,690.714,270,5.21,54.0,1000
4536,720.0,29.266,29.266,3.8619,690.734,270,5.18,54.0,1000
4537,720.0,29.246,29.246,3.8619,690.754,270,5.15,54.0,1000
4538,720.0,29.226,29.226,3.8619,690.774,270,5.13,54.0,1000
4539,720.0,29.206,29.206,3.8619,690.794,270,5.1,54.0,1000
4540,720.0,29.186,29.186,3.8619,690.814,270,5.07,54.0,1000
4541,720.0,29.166,29.166,3.8619,690.834,270,5.04,54.0,1000
4542,720.0,29.146,29.146,3.8619,690.854,270,5.01,54.0,1000
4543,720.0,29.126,29.126,3.8619,690.874,270,4.99,54.0,1000
4544,720.0,29.106,29.106,3.8619,690.894,270,4.96,54.0,1000
4545,720.0,29.086,29.086,3.8619,690.914,270,4.93,54.0,1000
4546,720.0,29.066,29.066,3.8619,690.934,270,4.9,54.0,1000
4547,720.0,29.046,29.046,3.8619,690.954,270,4.87,54.0,1000
4548,720.0,29.026,29.026,3.8619,690.974,270,4.84,54.0,1000
4549,720.0,29.006,29.006,3.8619,690.994,270,4.81,54.0,1000
4550,720.0,28.986,28.986,3.8619,691.014,270,4.79,54.0,1000
4551,720.0,28.966,28.966,3.8619,691.034,270,4.76,54.0,1000
4552,720.0,28.946,28.946,3.8619,691.054,270,4.73,54.0,1000
4553,720.0,28.926,28.926,3.8619,691.074,270,4.7,54.0,1000
4554,720.0,28.906,28.906,3.8619,691.094,270,4.67,54.0,1000
4555,720.0,28.886,28.886,3.8619,691.114,270,4.64,54.0,1000
4556,720.0,28.866,28.866,3.8619,691.134,270,4.62,54.0,1000
4557,720.0,28.846,28.846,3.8619,691.154,270,4.59,54.0,1000
4558,720.0,28.826,28.826,3.8619,691.174,270,4.56,54.0,1000
4559,720.0,28.806,28.806,3.8619,691.194,270,4.53,54.0,1000
4560,720.0,28.786,28.786,3.8619,691.214,270,4.5,54.0,1000
4561,720.0,28.766,28.766,3.8619,691.234,270,4.47,54.0,1000
4562,720.0,28.746,28.746,3.8619,691.254,270,4.44,54.0,1000
4563,720.0,28.726,28.726,3.8619,691.274,270,4.42,54.0,1000
4564,720.0,28.706,28.706,3.8619,691.294,270,4.39,54.0,1000
4565,720.0,28.686,28.686,3.8619,691.314,270,4.36,54.0,1000
4566,720.0,28.666,28.666,3.8619,691.334,270,4.33,54.0,1000
4567,720.0,28.646,28.646,3.8619,691.354,270,4.3,54.0,1000
4568,720.0,28.626,28.626,3.8619,691.374,270,4.27,54.0,1000
4569,720.0,28.606,28.606,3.8619,691.394,270,4.24,54.0,1000
4570,720.0,28.586,28.586,3.8619,691.414,270,4.21,54.0,1000
4571,720.0,28.566,28.566,3.8619,691.434,270,4.19,54.0,1000
4572,720.0,28.546,28.546,3.8619,691.454,270,4.16,54.0,1000
4573,720.0,28.526,28.526,3.8619,691.474,270,4.13,54.0,1000
4574,720.0,28.506,28.506,3.8619,691.494,270,4.1,54.0,1000
4575,720.0,28.486,28.486,3.8619,691.514,270,4.07,54.0,1000
4576,720.0,28.466,28.466,3.8619,691.534,270,4.04,54.0,1000
4577,720.0,28.446,28.446,3.8619,691.554,270,4.01,54.0,1000
4578,720.0,28.426,28.426,3.8619,691.574,270,3.98,54.0,1000
4579,720.0,28.406,28.406,3.8619,691.594,270,3.95,54.0,1000
4580,720.0,28.386,28.386,3.8619,691.614,270,3.93,54.0,1000
4581,720.0,28.366,28.366,3.8619,691.634,270,3.9,54.0,1000
4582,720.0,28.346,28.346,3.8619,691.654,270,3.87,54.0,1000
4583,720.0,28.326,28.326,3.8619,691.674,270,3.84,54.0,1000
4584,720.0,28.306,28.306,3.8619,691.694,270,3.81,54.0,1000
4585,720.0,28.286,28.286,3.8619,691.714,270,3.78,54.0,1000
4586,720.0,28.266,28.266,3.8619,691.734,270,3.75,54.0,1000
4587,720.0,28.246,28.246,3.8619,691.754,270,3.72,54.0,1000
4588,720.0,28.226,28.226,3.8619,691.774,270,3.69,54.0,1000
4589,720.0,28.206,28.206,3.8619,691.794,270,3.66,54.0,1000
4590,720.0,28.186,28.186,3.8619,691.814,270,3.64,54.0,1000
4591,720.0,28.166,28.166,3.8619,691.834,270,3.61,54.0,1000
4592,720.0,28.146,28.146,3.8619,691.854,270,3.58,54.0,1000
4593,720.0,28.126,28.126,3.8619,691.874,270,3.55,54.0,1000
4594,720.0,28.106,28.106,3.8619,691.894,270,3.52,54.0,1000
4595,720.0,28.086,28.086,3.8619,691.914,270,3.49,54.0,1000
4596,720.0,28.066,28.066,3.8619,691.934,270,3.46,54.0,1000
4597,720.0,28.046,28.046,3.8619,691.954,270,3.43,54.0,1000
4598,720.0,28.026,28.026,3.8619,691.974,270,3.4,54.0,1000
4599,720.0,28.006,28.006,3.8619,691.994,270,3.37,54.0,1000
4600,720.0,27.986,27.986,3.8619,692.014,270,3.34,54.0,1000
4601,720.0,27.966,27.966,3.8619,692.034,270,3.31,54.0,1000
4602,720.0,27.946,27.946,3.8619,692.054,270,3.28,54.0,1000
4603,720.0,27.926,27.926,3.8619,692.074,270,3.26,54.0,1000
4604,720.0,27.906,27.906,3.8619,692.094,270,3.23,54.0,1000
4605,720.0,27.886,27.886,3.8619,692.114,270,3.2,54.0,1000
4606,720.0,27.866,27.866,3.8619,692.134,270,3.17,54.0,1000
4607,720.0,27.846,27.846,3.8619,692.154,270,3.14,54.0,1000
4608,720.0,27.826,27.826,3.8619,692.174,270,3.11,54.0,1000
4609,720.0,27.806,27.806,3.8619,692.194,270,3.08,54.0,1000
4610,720.0,27.786,27.786,3.8619,692.214,270,3.05,54.0,1000
4611,720.0,27.766,27.766,3.8619,692.234,270,3.02,54.0,1000
4612,720.0,27.746,27.746,3.8619,692.254,270,2.99,54.0,1000
4613,720.0,27.726,27.726,3.8619,692.274,270,2.96,54.0,1000
4614,720.0,27.706,27.706,3.8619,692.294,270,2.93,54.0,1000
4615,720.0,27.686,27.686,3.8619,692.314,270,2.9,54.0,1000
4616,720.0,27.666,27.666,3.8619,692.334,270,2.87,54.0,1000
4617,720.0,27.646,27.646,3.8619,692.354,270,2.84,54.0,1000
4618,720.0,27.626,27.626,3.8619,692.374,270,2.81,54.0,1000
4619,720.0,27.606,27.606,3.8619,692.394,270,2.79,54.0,1000
4620,720.0,27.586,27.586,3.8619,692.414,270,2.76,54.0,1000
4621,720.0,27.566,27.566,3.8619,692.434,270,2.73,54.0,1000
4622,720.0,27.546,27.546,3.8619,692.454,270,2.7,54.0,1000
4623,720.0,27.526,27.526,3.8619,692.474,270,2.67,54.0,1000
4624,720.0,27.506,27.506,3.8619,692.494,270,2.64,54.0,1000
4625,720.0,27.486,27.486,3.8619,692.514,270,2.61,54.0,1000
4626,720.0,27.466,27.466,3.8619,692.534,270,2.58,54.0,1000
4627,720.0,27.446,27.446,3.8619,692.554,270,2.55,54.0,1000
4628,720.0,27.426,27.426,3.8619,692.574,270,2.52,54.0,1000
4629,720.0,27.406,27.406,3.8619,692.594,270,2.49,54.0,1000
4630,720.0,27.386,27.386,3.8619,692.614,270,2.46,54.0,1000
4631,720.0,27.366,27.366,3.8619,692.634,270,2.43,54.0,1000
4632,720.0,27.346,27.346,3.8619,692.654,270,2.4,54.0,1000
4633,720.0,27.326,27.326,3.8619,692.674,270,2.37,54.0,1000
4634,720.0,27.306,27.306,3.8619,692.694,270,2.34,54.0,1000
4635,720.0,27.286,27.286,3.8619,692.714,270,2.31,54.0,1000
4636,720.0,27.266,27.266,3.8619,692.734,270,2.28,54.0,1000
4637,720.0,27.246,27.246,3.8619,692.754,270,2.25,54.0,1000
4638,720.0,27.226,27.226,3.8619,692.774,270,2.22,54.0,1000
4639,720.0,27.206,27.206,3.8619,692.794,270,2.19,54.0,1000
4640,720.0,27.186,27.186,3.8619,692.814,270,2.16,54.0,1000
4641,720.0,27.166,27.166,3.8619,692.834,270,2.13,54.0,1000
4642,720.0,27.146,27.146,3.8619,692.854,270,2.1,54.0,1000
4643,720.0,27.126,27.126,3.8619,692.874,270,2.07,54.0,1000
4644,720.0,27.106,27.106,3.8619,692.894,270,2.05,54.0,1000
4645,720.0,27.086,27.086,3.8619,692.914,270,2.02,54.0,1000
4646,720.0,27.066,27.066,3.8619,692.934,270,1.99,54.0,1000
4647,720.0,27.046,27.046,3.8619,692.954,270,1.96,54.0,1000
4648,720.0,27.026,27.026,3.8619,692.974,270,1.93,54.0,1000
4649,720.0,27.006,27.006,3.8619,692.994,270,1.9,54.0,1000
4650,720.0,26.986,26.986,3.8619,693.014,270,1.87,54.0,1000
4651,720.0,26.966,26.966,3.8619,693.034,270,1.84,54.0,1000
4652,720.0,26.946,26.946,3.8619,693.054,270,1.81,54.0,1000
4653,720.0,26.926,26.926,3.8619,693.074,270,1.78,54.0,1000
4654,720.0,26.906,26.906,3.8619,693.094,270,1.75,54.0,1000
4655,720.0,26.886,26.886,3.8619,693.114,270,1.72,54.0,1000
4656,720.0,26.866,26.866,3.8619,693.134,270,1.69,54.0,1000
4657,720.0,26.846,26.846,3.8619,693.154,270,1.66,54.0,1000
4658,720.0,26.826,26.826,3.8619,693.174,270,1.63,54.0,1000
4659,720.0,26.806,26.806,3.8619,693.194,270,1.6,54.0,1000
4660,720.0,26.786,26.786,3.8619,693.214,270,1.57,54.0,1000
4661,720.0,26.766,26.766,3.8619,693.234,270,1.54,54.0,1000
4662,720.0,26.746,26.746,3.8619,693.254,270,1.51,54.0,1000
4663,720.0,26.726,26.726,3.8619,693.274,270,1.48,54.0,1000
4664,720.0,26.706,26.706,3.8619,693.294,270,1.45,54.0,1000
4665,720.0,26.686,26.686,3.8619,693.314,270,1.42,54.0,1000
4666,720.0,26.666,26.666,3.8619,693.334,270,1.39,54.0,1000
4667,720.0,26.646,26.646,3.8619,693.354,270,1.36,54.0,1000
4668,720.0,26.626,26.626,3.8619,693.374,270,1.33,54.0,1000
4669,720.0,26.606,26.606,3.8619,693.394,270,1.3,54.0,1000
4670,720.0,26.586,26.586,3.8619,693.414,270,1.27,54.0,1000
4671,720.0,26.566,26.566,3.8619,693.434,270,1.24,54.0,1000
4672,720.0,26.546,26.546,3.8619,693.454,270,1.21,54.0,1000
4673,720.0,26.526,26.526,3.8619,693.474,270,1.18,54.0,1000
4674,720.0,26.506,26.506,3.8619,693.494,270,1.15,54.0,1000
4675,720.0,26.486,26.486,3.8619,693.514,270,1.12,54.0,1000
4676,720.0,26.466,26.466,3.8619,693.534,270,1.09,54.0,1000
4677,720.0,26.446,26.446,3.8619,693.554,270,1.06,54.0,1000
4678,720.0,26.426,26.426,3.8619,693.574,270,1.03,54.0,1000
4679,720.0,26.406,26.406,3.8619,693.594,270,1.0,54.0,1000
4680,720.0,26.386,26.386,3.8619,693.614,270,0.97,54.0,1000
4681,720.0,26.366,26.366,3.8619,693.634,270,0.94,54.0,1000
4682,720.0,26.346,26.346,3.8619,693.654,270,0.91,54.0,1000
4683,720.0,26.326,26.326,3.8619,693.674,270,0.88,54.0,1000
4684,720.0,26.306,26.306,3.8619,693.694,270,0.85,54.0,1000
4685,720.0,26.286,26.286,3.8619,693.714,270,0.82,54.0,1000
4686,720.0,26.266,26.266,3.8619,693.734,270,0.79,54.0,1000
4687,720.0,26.246,26.246,3.8619,693.754,270,0.76,54.0,1000
4688,720.0,26.226,26.226,3.8619,693.774,270,0.73,54.0,1000
4689,720.0,26.206,26.206,3.8619,693.794,270,0.7,54.0,1000
4690,720.0,26.186,26.186,3.8619,693.814,270,0.67,54.0,1000
4691,720.0,26.166,26.166,3.8619,693.834,270,0.64,54.0,1000
4692,720.0,26.146,26.146,3.8619,693.854,270,0.61,54.0,1000
4693,720.0,26.126,26.126,3.8619,693.874,270,0.58,54.0,1000
4694,720.0,26.106,26.106,3.8619,693.894,270,0.55,54.0,1000
4695,720.0,26.086,26.086,3.8619,693.914,270,0.52,54.0,1000
4696,720.0,26.066,26.066,3.8619,693.934,270,0.49,54.0,1000
4697,720.0,26.046,26.046,3.8619,693.954,270,0.46,54.0,1000
4698,720.0,26.026,26.026,3.8619,693.974,270,0.43,54.0,1000
4699,720.0,26.006,26.006,3.8619,693.994,270,0.4,54.0,1000
4700,720.0,25.986,25.986,3.8619,694.014,270,0.37,54.0,1000
4701,720.0,25.966,25.966,3.8619,694.034,270,0.34,54.0,1000
4702,720.0,25.946,25.946,3.8619,694.054,270,0.31,54.0,1000
4703,720.0,25.926,25.926,3.8619,694.074,270,0.28,54.0,1000
4704,720.0,25.906,25.906,3.8619,694.094,270,0.25,54.0,1000
4705,720.0,25.886,25.886,3.8619,694.114,270,0.22,54.0,1000
4706,720.0,25.866,25.866,3.8619,694.134,270,0.19,54.0,1000
4707,720.0,25.846,25.846,3.8619,694.154,270,0.16,54.0,1000
4708,720.0,25.826,25.826,3.8619,694.174,270,0.13,54.0,1000
4709,720.0,25.806,25.806,3.8619,694.194,270,0.1,54.0,1000
4710,720.0,25.786,25.786,3.8619,694.214,270,0.07,54.0,1000
4711,720.0,25.766,25.766,3.8619,694.234,270,0.04,54.0,1000
4712,720.0,25.746,25.746,3.8619,694.254,270,0.01,54.0,1000
