timestamp_ms,target_pos,sensor_pos,real_arm_pos,belt_stretch,error,velocity_cmd,torque_load,torque_total_req,hz
0,0.0,0.0,0.0,0.0,0.0,360,0.0,0.0,1000
1,0.003,-0.04,-0.04,0.0398,0.043,360,0.03,0.56,1000
2,0.012,-0.046,-0.046,0.047,0.058,360,0.06,0.66,1000
3,0.027,-0.052,-0.052,0.0542,0.079,360,0.09,0.76,1000
4,0.048,-0.058,-0.058,0.0613,0.106,360,0.12,0.86,1000
5,0.075,-0.064,-0.064,0.0685,0.139,360,0.15,0.96,1000
6,0.108,-0.069,-0.069,0.0756,0.177,360,0.18,1.06,1000
7,0.147,-0.074,-0.074,0.0828,0.221,360,0.21,1.16,1000
8,0.192,-0.079,-0.079,0.09,0.271,360,0.24,1.26,1000
9,0.243,-0.084,-0.084,0.0971,0.327,360,0.27,1.36,1000
10,0.3,-0.088,-0.088,0.1043,0.388,360,0.3,1.46,1000
11,0.363,-0.092,-0.092,0.1114,0.455,360,0.33,1.56,1000
12,0.432,-0.095,-0.095,0.1186,0.527,360,0.36,1.66,1000
13,0.507,-0.098,-0.098,0.1258,0.605,360,0.39,1.76,1000
14,0.588,-0.101,-0.101,0.1329,0.689,360,0.42,1.86,1000
15,0.675,-0.104,-0.104,0.1401,0.779,360,0.45,1.96,1000
16,0.768,-0.106,-0.106,0.1472,0.874,360,0.48,2.06,1000
17,0.867,-0.109,-0.109,0.1544,0.976,360,0.51,2.16,1000
18,0.972,-0.11,-0.11,0.1616,1.082,360,0.54,2.26,1000
19,1.083,-0.112,-0.112,0.1687,1.195,360,0.57,2.36,1000
20,1.2,-0.113,-0.113,0.1759,1.313,360,0.6,2.46,1000
21,1.323,-0.114,-0.114,0.1831,1.437,360,0.63,2.56,1000
22,1.452,-0.114,-0.114,0.1902,1.566,360,0.66,2.66,1000
23,1.587,-0.115,-0.115,0.1974,1.702,360,0.69,2.76,1000
24,1.728,-0.115,-0.115,0.2045,1.843,360,0.72,2.86,1000
25,1.875,-0.114,-0.114,0.2117,1.989,360,0.75,2.96,1000
26,2.028,-0.114,-0.114,0.2188,2.142,360,0.78,3.06,1000
27,2.187,-0.113,-0.113,0.226,2.3,360,0.81,3.16,1000
28,2.352,-0.111,-0.111,0.2332,2.463,360,0.84,3.26,1000
29,2.523,-0.11,-0.11,0.2403,2.633,360,0.87,3.36,1000
30,2.7,-0.108,-0.108,0.2475,2.808,360,0.9,3.46,1000
31,2.883,-0.106,-0.106,0.2546,2.989,360,0.93,3.56,1000
32,3.072,-0.103,-0.103,0.2618,3.175,360,0.96,3.66,1000
33,3.267,-0.101,-0.101,0.269,3.368,360,0.99,3.76,1000
34,3.468,-0.098,-0.098,0.2761,3.566,360,1.02,3.86,1000
35,3.675,-0.094,-0.094,0.2833,3.769,360,1.05,3.96,1000
36,3.888,-0.091,-0.091,0.2904,3.979,360,1.08,4.06,1000
37,4.107,-0.087,-0.087,0.2976,4.194,360,1.11,4.15,1000
38,4.332,-0.082,-0.082,0.3047,4.414,360,1.14,4.25,1000
39,4.563,-0.078,-0.078,0.3119,4.641,360,1.17,4.35,1000
40,4.8,-0.073,-0.073,0.319,4.873,360,1.2,4.45,1000
41,5.043,-0.068,-0.068,0.3262,5.111,360,1.23,4.55,1000
42,5.292,-0.062,-0.062,0.3333,5.354,360,1.26,4.65,1000
43,5.547,-0.057,-0.057,0.3405,5.604,360,1.29,4.75,1000
44,5.808,-0.051,-0.051,0.3477,5.859,360,1.32,4.85,1000
45,6.075,-0.044,-0.044,0.3548,6.119,360,1.35,4.95,1000
46,6.348,-0.038,-0.038,0.362,6.386,360,1.38,5.05,1000
47,6.627,-0.031,-0.031,0.3691,6.658,360,1.41,5.15,1000
48,6.912,-0.023,-0.023,0.3763,6.935,360,1.44,5.25,1000
49,7.203,-0.016,-0.016,0.3834,7.219,360,1.47,5.35,1000
50,7.5,-0.008,-0.008,0.3906,7.508,360,1.5,5.45,1000
51,7.803,0.0,0.0,0.3977,7.803,360,1.53,5.55,1000
52,8.112,0.009,0.009,0.4049,8.103,360,1.56,5.65,1000
53,8.427,0.017,0.017,0.412,8.41,360,1.59,5.75,1000
54,8.748,0.026,0.026,0.4192,8.722,360,1.62,5.85,1000
55,9.075,0.036,0.036,0.4263,9.039,360,1.65,5.95,1000
56,9.408,0.045,0.045,0.4335,9.363,360,1.68,6.05,1000
57,9.747,0.055,0.055,0.4406,9.692,360,1.71,6.15,1000
58,10.092,0.066,0.066,0.4477,10.026,360,1.74,6.25,1000
59,10.443,0.076,0.076,0.4549,10.367,360,1.77,6.35,1000
60,10.8,0.087,0.087,0.462,10.713,360,1.8,6.45,1000
61,11.16,0.098,0.098,0.4692,11.062,360,1.83,6.55,1000
62,11.52,0.11,0.11,0.4763,11.41,360,1.86,6.65,1000
63,11.88,0.121,0.121,0.4835,11.759,360,1.89,6.75,1000
64,12.24,0.133,0.133,0.4906,12.107,360,1.91,6.85,1000
65,12.6,0.146,0.146,0.4978,12.454,360,1.94,6.95,1000
66,12.96,0.158,0.158,0.5049,12.802,360,1.97,7.05,1000
67,13.32,0.171,0.171,0.512,13.149,360,2.0,7.15,1000
68,13.68,0.185,0.185,0.5192,13.495,360,2.03,7.25,1000
69,14.04,0.198,0.198,0.5263,13.842,360,2.06,7.35,1000
70,14.4,0.212,0.212,0.5335,14.188,360,2.09,7.45,1000
71,14.76,0.226,0.226,0.5406,14.534,360,2.12,7.55,1000
72,15.12,0.241,0.241,0.5477,14.879,360,2.15,7.65,1000
73,15.48,0.255,0.255,0.5549,15.225,360,2.18,7.75,1000
74,15.84,0.27,0.27,0.562,15.57,360,2.21,7.85,1000
75,16.2,0.286,0.286,0.5691,15.914,360,2.24,7.95,1000
76,16.56,0.302,0.302,0.5763,16.258,360,2.27,8.05,1000
77,16.92,0.317,0.317,0.5834,16.603,360,2.3,8.15,1000
78,17.28,0.334,0.334,0.5905,16.946,360,2.33,8.25,1000
79,17.64,0.35,0.35,0.5977,17.29,360,2.36,8.35,1000
80,18.0,0.367,0.367,0.6048,17.633,360,2.39,8.44,1000
81,18.36,0.384,0.384,0.6119,17.976,360,2.42,8.54,1000
82,18.72,0.402,0.402,0.6191,18.318,360,2.45,8.64,1000
83,19.08,0.42,0.42,0.6262,18.66,360,2.48,8.74,1000
84,19.44,0.438,0.438,0.6333,19.002,360,2.51,8.84,1000
85,19.8,0.456,0.456,0.6405,19.344,360,2.54,8.94,1000
86,20.16,0.475,0.475,0.6476,19.685,360,2.57,9.04,1000
87,20.52,0.494,0.494,0.6547,20.026,360,2.6,9.14,1000
88,20.88,0.513,0.513,0.6618,20.367,360,2.63,9.24,1000
89,21.24,0.533,0.533,0.669,20.707,360,2.66,9.34,1000
90,21.6,0.552,0.552,0.6761,21.048,360,2.69,9.44,1000
91,21.96,0.573,0.573,0.6832,21.387,360,2.71,9.54,1000
92,22.32,0.593,0.593,0.6903,21.727,360,2.74,9.64,1000
93,22.68,0.614,0.614,0.6974,22.066,360,2.77,9.74,1000
94,23.04,0.635,0.635,0.7046,22.405,360,2.8,9.84,1000
95,23.4,0.656,0.656,0.7117,22.744,360,2.83,9.94,1000
96,23.76,0.678,0.678,0.7188,23.082,360,2.86,10.04,1000
97,24.12,0.7,0.7,0.7259,23.42,360,2.89,10.14,1000
98,24.48,0.722,0.722,0.733,23.758,360,2.92,10.24,1000
99,24.84,0.745,0.745,0.7402,24.095,360,2.95,10.33,1000
100,25.2,0.768,0.768,0.7473,24.432,360,2.98,10.43,1000
101,25.56,0.791,0.791,0.7544,24.769,360,3.01,10.53,1000
102,25.92,0.814,0.814,0.7615,25.106,360,3.04,10.63,1000
103,26.28,0.838,0.838,0.7686,25.442,360,3.07,10.73,1000
104,26.64,0.862,0.862,0.7757,25.778,360,3.1,10.83,1000
105,27.0,0.887,0.887,0.7828,26.113,360,3.13,10.93,1000
106,27.36,0.911,0.911,0.7899,26.449,360,3.16,11.03,1000
107,27.72,0.936,0.936,0.7971,26.784,360,3.19,11.13,1000
108,28.08,0.962,0.962,0.8042,27.118,360,3.21,11.23,1000
109,28.44,0.987,0.987,0.8113,27.453,360,3.24,11.33,1000
110,28.8,1.013,1.013,0.8184,27.787,360,3.27,11.43,1000
111,29.16,1.039,1.039,0.8255,28.121,360,3.3,11.53,1000
112,29.52,1.066,1.066,0.8326,28.454,360,3.33,11.62,1000
113,29.88,1.093,1.093,0.8397,28.787,360,3.36,11.72,1000
114,30.24,1.12,1.12,0.8468,29.12,360,3.39,11.82,1000
115,30.6,1.147,1.147,0.8539,29.453,360,3.42,11.92,1000
116,30.96,1.175,1.175,0.861,29.785,360,3.45,12.02,1000
117,31.32,1.203,1.203,0.8681,30.117,360,3.48,12.12,1000
118,31.68,1.231,1.231,0.8752,30.449,360,3.51,12.22,1000
119,32.04,1.26,1.26,0.8823,30.78,360,3.54,12.32,1000
120,32.4,1.289,1.289,0.8894,31.111,360,3.57,12.42,1000
121,32.76,1.318,1.318,0.8965,31.442,360,3.59,12.52,1000
122,33.12,1.347,1.347,0.9035,31.773,360,3.62,12.62,1000
123,33.48,1.377,1.377,0.9106,32.103,360,3.65,12.71,1000
124,33.84,1.407,1.407,0.9177,32.433,360,3.68,12.81,1000
125,34.2,1.438,1.438,0.9248,32.762,360,3.71,12.91,1000
126,34.56,1.468,1.468,0.9319,33.092,360,3.74,13.01,1000
127,34.92,1.499,1.499,0.939,33.421,360,3.77,13.11,1000
128,35.28,1.531,1.531,0.9461,33.749,360,3.8,13.21,1000
129,35.64,1.562,1.562,0.9532,34.078,360,3.83,13.31,1000
130,36.0,1.594,1.594,0.9602,34.406,360,3.86,13.41,1000
131,36.36,1.626,1.626,0.9673,34.734,360,3.89,13.51,1000
132,36.72,1.659,1.659,0.9744,35.061,360,3.91,13.61,1000
133,37.08,1.692,1.692,0.9815,35.388,360,3.94,13.7,1000
134,37.44,1.725,1.725,0.9886,35.715,360,3.97,13.8,1000
135,37.8,1.758,1.758,0.9956,36.042,360,4.0,13.9,1000
136,38.16,1.792,1.792,1.0027,36.368,360,4.03,14.0,1000
137,38.52,1.826,1.826,1.0098,36.694,360,4.06,14.1,1000
138,38.88,1.86,1.86,1.0168,37.02,360,4.09,14.2,1000
139,39.24,1.895,1.895,1.0239,37.345,360,4.12,14.3,1000
140,39.6,1.93,1.93,1.031,37.67,360,4.15,14.4,1000
141,39.96,1.965,1.965,1.0381,37.995,360,4.17,14.49,1000
142,40.32,2.001,2.001,1.0451,38.319,360,4.2,14.59,1000
143,40.68,2.037,2.037,1.0522,38.643,360,4.23,14.69,1000
144,41.04,2.073,2.073,1.0593,38.967,360,4.26,14.79,1000
145,41.4,2.109,2.109,1.0663,39.291,360,4.29,14.89,1000
146,41.76,2.146,2.146,1.0734,39.614,360,4.32,14.99,1000
147,42.12,2.183,2.183,1.0804,39.937,360,4.35,15.09,1000
148,42.48,2.22,2.22,1.0875,40.26,360,4.38,15.18,1000
149,42.84,2.258,2.258,1.0946,40.582,360,4.4,15.28,1000
150,43.2,2.296,2.296,1.1016,40.904,360,4.43,15.38,1000
151,43.56,2.334,2.334,1.1087,41.226,360,4.46,15.48,1000
152,43.92,2.373,2.373,1.1157,41.547,360,4.49,15.58,1000
153,44.28,2.412,2.412,1.1228,41.868,360,4.52,15.68,1000
154,44.64,2.451,2.451,1.1298,42.189,360,4.55,15.78,1000
155,45.0,2.49,2.49,1.1369,42.51,360,4.58,15.87,1000
156,45.36,2.53,2.53,1.1439,42.83,360,4.6,15.97,1000
157,45.72,2.57,2.57,1.151,43.15,360,4.63,16.07,1000
158,46.08,2.61,2.61,1.158,43.47,360,4.66,16.17,1000
159,46.44,2.651,2.651,1.1651,43.789,360,4.69,16.27,1000
160,46.8,2.692,2.692,1.1721,44.108,360,4.72,16.37,1000
161,47.16,2.733,2.733,1.1791,44.427,360,4.75,16.46,1000
162,47.52,2.775,2.775,1.1862,44.745,360,4.78,16.56,1000
163,47.88,2.817,2.817,1.1932,45.063,360,4.8,16.66,1000
164,48.24,2.859,2.859,1.2002,45.381,360,4.83,16.76,1000
165,48.6,2.901,2.901,1.2073,45.699,360,4.86,16.86,1000
166,48.96,2.944,2.944,1.2143,46.016,360,4.89,16.95,1000
167,49.32,2.987,2.987,1.2213,46.333,360,4.92,17.05,1000
168,49.68,3.03,3.03,1.2284,46.65,360,4.95,17.15,1000
169,50.04,3.074,3.074,1.2354,46.966,360,4.97,17.25,1000
170,50.4,3.118,3.118,1.2424,47.282,360,5.0,17.35,1000
171,50.76,3.162,3.162,1.2494,47.598,360,5.03,17.45,1000
172,51.12,3.207,3.207,1.2565,47.913,360,5.06,17.54,1000
173,51.48,3.252,3.252,1.2635,48.228,360,5.09,17.64,1000
174,51.84,3.297,3.297,1.2705,48.543,360,5.12,17.74,1000
175,52.2,3.342,3.342,1.2775,48.858,360,5.14,17.84,1000
176,52.56,3.388,3.388,1.2845,49.172,360,5.17,17.94,1000
177,52.92,3.434,3.434,1.2916,49.486,360,5.2,18.03,1000
178,53.28,3.481,3.481,1.2986,49.799,360,5.23,18.13,1000
179,53.64,3.527,3.527,1.3056,50.113,360,5.26,18.23,1000
180,54.0,3.574,3.574,1.3126,50.426,360,5.28,18.33,1000
181,54.36,3.622,3.622,1.3196,50.738,360,5.31,18.43,1000
182,54.72,3.669,3.669,1.3266,51.051,360,5.34,18.52,1000
183,55.08,3.717,3.717,1.3336,51.363,360,5.37,18.62,1000
184,55.44,3.765,3.765,1.3406,51.675,360,5.4,18.72,1000
185,55.8,3.814,3.814,1.3476,51.986,360,5.42,18.82,1000
186,56.16,3.863,3.863,1.3546,52.297,360,5.45,18.91,1000
187,56.52,3.912,3.912,1.3616,52.608,360,5.48,19.01,1000
188,56.88,3.961,3.961,1.3686,52.919,360,5.51,19.11,1000
189,57.24,4.011,4.011,1.3756,53.229,360,5.54,19.21,1000
190,57.6,4.061,4.061,1.3826,53.539,360,5.56,19.3,1000
191,57.96,4.111,4.111,1.3896,53.849,360,5.59,19.4,1000
192,58.32,4.162,4.162,1.3966,54.158,360,5.62,19.5,1000
193,58.68,4.213,4.213,1.4036,54.467,360,5.65,19.6,1000
194,59.04,4.264,4.264,1.4106,54.776,360,5.68,19.7,1000
195,59.4,4.315,4.315,1.4175,55.085,360,5.7,19.79,1000
196,59.76,4.367,4.367,1.4245,55.393,360,5.73,19.89,1000
197,60.12,4.419,4.419,1.4315,55.701,360,5.76,19.99,1000
198,60.48,4.472,4.472,1.4385,56.008,360,5.79,20.08,1000
199,60.84,4.525,4.525,1.4455,56.315,360,5.81,20.18,1000
200,61.2,4.578,4.578,1.4524,56.622,360,5.84,20.28,1000
201,61.56,4.631,4.631,1.4594,56.929,360,5.87,20.38,1000
202,61.92,4.685,4.685,1.4664,57.235,360,5.9,20.47,1000
203,62.28,4.738,4.738,1.4733,57.542,360,5.92,20.57,1000
204,62.64,4.793,4.793,1.4803,57.847,360,5.95,20.67,1000
205,63.0,4.847,4.847,1.4873,58.153,360,5.98,20.77,1000
206,63.36,4.902,4.902,1.4942,58.458,360,6.01,20.86,1000
207,63.72,4.957,4.957,1.5012,58.763,360,6.03,20.96,1000
208,64.08,5.013,5.013,1.5082,59.067,360,6.06,21.06,1000
209,64.44,5.068,5.068,1.5151,59.372,360,6.09,21.15,1000
210,64.8,5.124,5.124,1.5221,59.676,360,6.12,21.25,1000
211,65.16,5.181,5.181,1.529,59.979,360,6.14,21.35,1000
212,65.52,5.237,5.237,1.536,60.283,360,6.17,21.45,1000
213,65.88,5.294,5.294,1.5429,60.586,360,6.2,21.54,1000
214,66.24,5.352,5.352,1.5499,60.888,360,6.23,21.64,1000
215,66.6,5.409,5.409,1.5568,61.191,360,6.25,21.74,1000
216,66.96,5.467,5.467,1.5638,61.493,360,6.28,21.83,1000
217,67.32,5.525,5.525,1.5707,61.795,360,6.31,21.93,1000
218,67.68,5.584,5.584,1.5776,62.096,360,6.33,22.03,1000
219,68.04,5.642,5.642,1.5846,62.398,360,6.36,22.12,1000
220,68.4,5.701,5.701,1.5915,62.699,360,6.39,22.22,1000
221,68.76,5.761,5.761,1.5984,62.999,360,6.42,22.32,1000
222,69.12,5.821,5.821,1.6054,63.299,360,6.44,22.42,1000
223,69.48,5.88,5.88,1.6123,63.6,360,6.47,22.51,1000
224,69.84,5.941,5.941,1.6192,63.899,360,6.5,22.61,1000
225,70.2,6.001,6.001,1.6262,64.199,360,6.52,22.71,1000
226,70.56,6.062,6.062,1.6331,64.498,360,6.55,22.8,1000
227,70.92,6.123,6.123,1.64,64.797,360,6.58,22.9,1000
228,71.28,6.185,6.185,1.6469,65.095,360,6.61,23.0,1000
229,71.64,6.247,6.247,1.6538,65.393,360,6.63,23.09,1000
230,72.0,6.309,6.309,1.6608,65.691,360,6.66,23.19,1000
231,72.36,6.371,6.371,1.6677,65.989,360,6.69,23.29,1000
232,72.72,6.434,6.434,1.6746,66.286,360,6.71,23.38,1000
233,73.08,6.497,6.497,1.6815,66.583,360,6.74,23.48,1000
234,73.44,6.56,6.56,1.6884,66.88,360,6.77,23.57,1000
235,73.8,6.624,6.624,1.6953,67.176,360,6.79,23.67,1000
236,74.16,6.688,6.688,1.7022,67.472,360,6.82,23.77,1000
237,74.52,6.752,6.752,1.7091,67.768,360,6.85,23.86,1000
238,74.88,6.816,6.816,1.716,68.064,360,6.87,23.96,1000
239,75.24,6.881,6.881,1.7229,68.359,360,6.9,24.06,1000
240,75.6,6.946,6.946,1.7298,68.654,360,6.93,24.15,1000
241,75.96,7.012,7.012,1.7367,68.948,360,6.95,24.25,1000
242,76.32,7.077,7.077,1.7436,69.243,360,6.98,24.34,1000
243,76.68,7.143,7.143,1.7505,69.537,360,7.01,24.44,1000
244,77.04,7.21,7.21,1.7573,69.83,360,7.03,24.54,1000
245,77.4,7.276,7.276,1.7642,70.124,360,7.06,24.63,1000
246,77.76,7.343,7.343,1.7711,70.417,360,7.09,24.73,1000
247,78.12,7.41,7.41,1.778,70.71,360,7.11,24.83,1000
248,78.48,7.478,7.478,1.7849,71.002,360,7.14,24.92,1000
249,78.84,7.546,7.546,1.7917,71.294,360,7.17,25.02,1000
250,79.2,7.614,7.614,1.7986,71.586,360,7.19,25.11,1000
251,79.56,7.682,7.682,1.8055,71.878,360,7.22,25.21,1000
252,79.92,7.751,7.751,1.8123,72.169,360,7.24,25.3,1000
253,80.28,7.82,7.82,1.8192,72.46,360,7.27,25.4,1000
254,80.64,7.889,7.889,1.8261,72.751,360,7.3,25.5,1000
255,81.0,7.959,7.959,1.8329,73.041,360,7.32,25.59,1000
256,81.36,8.029,8.029,1.8398,73.331,360,7.35,25.69,1000
257,81.72,8.099,8.099,1.8466,73.621,360,7.37,25.78,1000
258,82.08,8.17,8.17,1.8535,73.91,360,7.4,25.88,1000
259,82.44,8.241,8.241,1.8603,74.199,360,7.43,25.98,1000
260,82.8,8.312,8.312,1.8672,74.488,360,7.45,26.07,1000
261,83.16,8.383,8.383,1.874,74.777,360,7.48,26.17,1000
262,83.52,8.455,8.455,1.8809,75.065,360,7.51,26.26,1000
263,83.88,8.527,8.527,1.8877,75.353,360,7.53,26.36,1000
264,84.24,8.599,8.599,1.8945,75.641,360,7.56,26.45,1000
265,84.6,8.672,8.672,1.9014,75.928,360,7.58,26.55,1000
266,84.96,8.745,8.745,1.9082,76.215,360,7.61,26.64,1000
267,85.32,8.818,8.818,1.915,76.502,360,7.63,26.74,1000
268,85.68,8.892,8.892,1.9219,76.788,360,7.66,26.83,1000
269,86.04,8.966,8.966,1.9287,77.074,360,7.69,26.93,1000
270,86.4,9.04,9.04,1.9355,77.36,360,7.71,27.03,1000
271,86.76,9.114,9.114,1.9423,77.646,360,7.74,27.12,1000
272,87.12,9.189,9.189,1.9492,77.931,360,7.76,27.22,1000
273,87.48,9.264,9.264,1.956,78.216,360,7.79,27.31,1000
274,87.84,9.34,9.34,1.9628,78.5,360,7.81,27.41,1000
275,88.2,9.415,9.415,1.9696,78.785,360,7.84,27.5,1000
276,88.56,9.491,9.491,1.9764,79.069,360,7.87,27.6,1000
277,88.92,9.568,9.568,1.9832,79.352,360,7.89,27.69,1000
278,89.28,9.644,9.644,1.99,79.636,360,7.92,27.79,1000
279,89.64,9.721,9.721,1.9968,79.919,360,7.94,27.88,1000
280,90.0,9.798,9.798,2.0036,80.202,360,7.97,27.98,1000
281,90.36,9.876,9.876,2.0104,80.484,360,7.99,28.07,1000
282,90.72,9.954,9.954,2.0172,80.766,360,8.02,28.17,1000
283,91.08,10.032,10.032,2.024,81.048,360,8.04,28.26,1000
284,91.44,10.11,10.11,2.0308,81.33,360,8.07,28.36,1000
285,91.8,10.189,10.189,2.0376,81.611,360,8.09,28.45,1000
286,92.16,10.268,10.268,2.0444,81.892,360,8.12,28.54,1000
287,92.52,10.347,10.347,2.0511,82.173,360,8.14,28.64,1000
288,92.88,10.427,10.427,2.0579,82.453,360,8.17,28.73,1000
289,93.24,10.507,10.507,2.0647,82.733,360,8.2,28.83,1000
290,93.6,10.587,10.587,2.0715,83.013,360,8.22,28.92,1000
291,93.96,10.668,10.668,2.0782,83.292,360,8.25,29.02,1000
292,94.32,10.748,10.748,2.085,83.572,360,8.27,29.11,1000
293,94.68,10.83,10.83,2.0918,83.85,360,8.3,29.21,1000
294,95.04,10.911,10.911,2.0985,84.129,360,8.32,29.3,1000
295,95.4,10.993,10.993,2.1053,84.407,360,8.35,29.4,1000
296,95.76,11.075,11.075,2.112,84.685,360,8.37,29.49,1000
297,96.12,11.157,11.157,2.1188,84.963,360,8.4,29.58,1000
298,96.48,11.24,11.24,2.1256,85.24,360,8.42,29.68,1000
299,96.84,11.323,11.323,2.1323,85.517,360,8.44,29.77,1000
300,97.2,11.406,11.406,2.1391,85.794,360,8.47,29.87,1000
301,97.56,11.49,11.49,2.1458,86.07,360,8.49,29.96,1000
302,97.92,11.573,11.573,2.1525,86.347,360,8.52,30.06,1000
303,98.28,11.658,11.658,2.1593,86.622,360,8.54,30.15,1000
304,98.64,11.742,11.742,2.166,86.898,360,8.57,30.24,1000
305,99.0,11.827,11.827,2.1727,87.173,360,8.59,30.34,1000
306,99.36,11.912,11.912,2.1795,87.448,360,8.62,30.43,1000
307,99.72,11.997,11.997,2.1862,87.723,360,8.64,30.53,1000
308,100.08,12.083,12.083,2.1929,87.997,360,8.67,30.62,1000
309,100.44,12.169,12.169,2.1996,88.271,360,8.69,30.71,1000
310,100.8,12.255,12.255,2.2064,88.545,360,8.72,30.81,1000
311,101.16,12.342,12.342,2.2131,88.818,360,8.74,30.9,1000
312,101.52,12.429,12.429,2.2198,89.091,360,8.76,30.99,1000
313,101.88,12.516,12.516,2.2265,89.364,360,8.79,31.09,1000
314,102.24,12.603,12.603,2.2332,89.637,360,8.81,31.18,1000
315,102.6,12.691,12.691,2.2399,89.909,360,8.84,31.28,1000
316,102.96,12.779,12.779,2.2466,90.181,360,8.86,31.37,1000
317,103.32,12.868,12.868,2.2533,90.452,360,8.89,31.46,1000
318,103.68,12.956,12.956,2.26,90.724,360,8.91,31.56,1000
319,104.04,13.045,13.045,2.2667,90.995,360,8.93,31.65,1000
320,104.4,13.135,13.135,2.2734,91.265,360,8.96,31.74,1000
321,104.76,13.224,13.224,2.2801,91.536,360,8.98,31.84,1000
322,105.12,13.314,13.314,2.2868,91.806,360,9.01,31.93,1000
323,105.48,13.404,13.404,2.2935,92.076,360,9.03,32.02,1000
324,105.84,13.495,13.495,2.3001,92.345,360,9.05,32.12,1000
325,106.2,13.586,13.586,2.3068,92.614,360,9.08,32.21,1000
326,106.56,13.677,13.677,2.3135,92.883,360,9.1,32.3,1000
327,106.92,13.768,13.768,2.3202,93.152,360,9.13,32.4,1000
328,107.28,13.86,13.86,2.3268,93.42,360,9.15,32.49,1000
329,107.64,13.952,13.952,2.3335,93.688,360,9.17,32.58,1000
330,108.0,14.044,14.044,2.3402,93.956,360,9.2,32.67,1000
331,108.36,14.137,14.137,2.3468,94.223,360,9.22,32.77,1000
332,108.72,14.23,14.23,2.3535,94.49,360,9.24,32.86,1000
333,109.08,14.323,14.323,2.3601,94.757,360,9.27,32.95,1000
334,109.44,14.417,14.417,2.3668,95.023,360,9.29,33.05,1000
335,109.8,14.511,14.511,2.3734,95.289,360,9.31,33.14,1000
336,110.16,14.605,14.605,2.3801,95.555,360,9.34,33.23,1000
337,110.52,14.699,14.699,2.3867,95.821,360,9.36,33.32,1000
338,110.88,14.794,14.794,2.3933,96.086,360,9.39,33.42,1000
339,111.24,14.889,14.889,2.4,96.351,360,9.41,33.51,1000
340,111.6,14.984,14.984,2.4066,96.616,360,9.43,33.6,1000
341,111.96,15.08,15.08,2.4132,96.88,360,9.46,33.7,1000
342,112.32,15.176,15.176,2.4199,97.144,360,9.48,33.79,1000
343,112.68,15.272,15.272,2.4265,97.408,360,9.5,33.88,1000
344,113.04,15.369,15.369,2.4331,97.671,360,9.52,33.97,1000
345,113.4,15.466,15.466,2.4397,97.934,360,9.55,34.07,1000
346,113.76,15.563,15.563,2.4463,98.197,360,9.57,34.16,1000
347,114.12,15.66,15.66,2.453,98.46,360,9.59,34.25,1000
348,114.48,15.758,15.758,2.4596,98.722,360,9.62,34.34,1000
349,114.84,15.856,15.856,2.4662,98.984,360,9.64,34.43,1000
350,115.2,15.955,15.955,2.4728,99.245,360,9.66,34.53,1000
351,115.56,16.053,16.053,2.4794,99.507,360,9.69,34.62,1000
352,115.92,16.152,16.152,2.486,99.768,360,9.71,34.71,1000
353,116.28,16.252,16.252,2.4926,100.028,360,9.73,34.8,1000
354,116.64,16.351,16.351,2.4991,100.289,360,9.75,34.89,1000
355,117.0,16.451,16.451,2.5057,100.549,360,9.78,34.99,1000
356,117.36,16.551,16.551,2.5123,100.809,360,9.8,35.08,1000
357,117.72,16.652,16.652,2.5189,101.068,360,9.82,35.17,1000
358,118.08,16.753,16.753,2.5255,101.327,360,9.85,35.26,1000
359,118.44,16.854,16.854,2.532,101.586,360,9.87,35.35,1000
360,118.8,16.955,16.955,2.5386,101.845,360,9.89,35.45,1000
361,119.16,17.057,17.057,2.5452,102.103,360,9.91,35.54,1000
362,119.52,17.159,17.159,2.5518,102.361,360,9.94,35.63,1000
363,119.88,17.261,17.261,2.5583,102.619,360,9.96,35.72,1000
364,120.24,17.364,17.364,2.5649,102.876,360,9.98,35.81,1000
365,120.6,17.467,17.467,2.5714,103.133,360,10.0,35.9,1000
366,120.96,17.57,17.57,2.578,103.39,360,10.03,36.0,1000
367,121.32,17.674,17.674,2.5845,103.646,360,10.05,36.09,1000
368,121.68,17.778,17.778,2.5911,103.902,360,10.07,36.18,1000
369,122.04,17.882,17.882,2.5976,104.158,360,10.09,36.27,1000
370,122.4,17.986,17.986,2.6042,104.414,360,10.11,36.36,1000
371,122.76,18.091,18.091,2.6107,104.669,360,10.14,36.45,1000
372,123.12,18.196,18.196,2.6172,104.924,360,10.16,36.54,1000
373,123.48,18.302,18.302,2.6238,105.178,360,10.18,36.63,1000
374,123.84,18.407,18.407,2.6303,105.433,360,10.2,36.73,1000
375,124.2,18.513,18.513,2.6368,105.687,360,10.22,36.82,1000
376,124.56,18.619,18.619,2.6433,105.941,360,10.25,36.91,1000
377,124.92,18.726,18.726,2.6498,106.194,360,10.27,37.0,1000
378,125.28,18.833,18.833,2.6564,106.447,360,10.29,37.09,1000
379,125.64,18.94,18.94,2.6629,106.7,360,10.31,37.18,1000
380,126.0,19.048,19.048,2.6694,106.952,360,10.33,37.27,1000
381,126.36,19.155,19.155,2.6759,107.205,360,10.36,37.36,1000
382,126.72,19.264,19.264,2.6824,107.456,360,10.38,37.45,1000
383,127.08,19.372,19.372,2.6889,107.708,360,10.4,37.54,1000
384,127.44,19.481,19.481,2.6954,107.959,360,10.42,37.63,1000
385,127.8,19.59,19.59,2.7019,108.21,360,10.44,37.73,1000
386,128.16,19.699,19.699,2.7083,108.461,360,10.46,37.82,1000
387,128.52,19.809,19.809,2.7148,108.711,360,10.49,37.91,1000
388,128.88,19.918,19.918,2.7213,108.962,360,10.51,38.0,1000
389,129.24,20.029,20.029,2.7278,109.211,360,10.53,38.09,1000
390,129.6,20.139,20.139,2.7343,109.461,360,10.55,38.18,1000
391,129.96,20.25,20.25,2.7407,109.71,360,10.57,38.27,1000
392,130.32,20.361,20.361,2.7472,109.959,360,10.59,38.36,1000
393,130.68,20.473,20.473,2.7537,110.207,360,10.61,38.45,1000
394,131.04,20.584,20.584,2.7601,110.456,360,10.63,38.54,1000
395,131.4,20.696,20.696,2.7666,110.704,360,10.66,38.63,1000
396,131.76,20.809,20.809,2.773,110.951,360,10.68,38.72,1000
397,132.12,20.921,20.921,2.7795,111.199,360,10.7,38.81,1000
398,132.48,21.034,21.034,2.7859,111.446,360,10.72,38.9,1000
399,132.84,21.148,21.148,2.7924,111.692,360,10.74,38.99,1000
400,133.2,21.261,21.261,2.7988,111.939,360,10.76,39.08,1000
401,133.56,21.375,21.375,2.8052,112.185,360,10.78,39.17,1000
402,133.92,21.489,21.489,2.8117,112.431,360,10.8,39.26,1000
403,134.28,21.604,21.604,2.8181,112.676,360,10.82,39.35,1000
404,134.64,21.718,21.718,2.8245,112.922,360,10.84,39.44,1000
405,135.0,21.834,21.834,2.831,113.166,360,10.86,39.53,1000
406,135.36,21.949,21.949,2.8374,113.411,360,10.88,39.62,1000
407,135.72,22.065,22.065,2.8438,113.655,360,10.91,39.71,1000
408,136.08,22.181,22.181,2.8502,113.899,360,10.93,39.8,1000
409,136.44,22.297,22.297,2.8566,114.143,360,10.95,39.89,1000
410,136.8,22.413,22.413,2.863,114.387,360,10.97,39.98,1000
411,137.16,22.53,22.53,2.8694,114.63,360,10.99,40.06,1000
412,137.52,22.648,22.648,2.8758,114.872,360,11.01,40.15,1000
413,137.88,22.765,22.765,2.8822,115.115,360,11.03,40.24,1000
414,138.24,22.883,22.883,2.8886,115.357,360,11.05,40.33,1000
415,138.6,23.001,23.001,2.895,115.599,360,11.07,40.42,1000
416,138.96,23.119,23.119,2.9014,115.841,360,11.09,40.51,1000
417,139.32,23.238,23.238,2.9077,116.082,360,11.11,40.6,1000
418,139.68,23.357,23.357,2.9141,116.323,360,11.13,40.69,1000
419,140.04,23.477,23.477,2.9205,116.563,360,11.15,40.78,1000
420,140.4,23.596,23.596,2.9269,116.804,360,11.17,40.87,1000
421,140.76,23.716,23.716,2.9332,117.044,360,11.19,40.96,1000
422,141.12,23.836,23.836,2.9396,117.284,360,11.21,41.04,1000
423,141.48,23.957,23.957,2.946,117.523,360,11.23,41.13,1000
424,141.84,24.078,24.078,2.9523,117.762,360,11.25,41.22,1000
425,142.2,24.199,24.199,2.9587,118.001,360,11.27,41.31,1000
426,142.56,24.32,24.32,2.965,118.24,360,11.29,41.4,1000
427,142.92,24.442,24.442,2.9714,118.478,360,11.31,41.49,1000
428,143.28,24.564,24.564,2.9777,118.716,360,11.33,41.58,1000
429,143.64,24.686,24.686,2.984,118.954,360,11.35,41.67,1000
430,144.0,24.809,24.809,2.9904,119.191,360,11.37,41.75,1000
431,144.36,24.932,24.932,2.9967,119.428,360,11.39,41.84,1000
432,144.72,25.055,25.055,3.003,119.665,360,11.41,41.93,1000
433,145.08,25.179,25.179,3.0094,119.901,360,11.43,42.02,1000
434,145.44,25.303,25.303,3.0157,120.137,360,11.45,42.11,1000
435,145.8,25.427,25.427,3.022,120.373,360,11.46,42.19,1000
436,146.16,25.552,25.552,3.0283,120.608,360,11.48,42.28,1000
437,146.52,25.676,25.676,3.0346,120.844,360,11.5,42.37,1000
438,146.88,25.801,25.801,3.0409,121.079,360,11.52,42.46,1000
439,147.24,25.927,25.927,3.0472,121.313,360,11.54,42.55,1000
440,147.6,26.052,26.052,3.0535,121.548,360,11.56,42.64,1000
441,147.96,26.178,26.178,3.0598,121.782,360,11.58,42.72,1000
442,148.32,26.305,26.305,3.0661,122.015,360,11.6,42.81,1000
443,148.68,26.431,26.431,3.0724,122.249,360,11.62,42.9,1000
444,149.04,26.558,26.558,3.0787,122.482,360,11.64,42.99,1000
445,149.4,26.686,26.686,3.0849,122.714,360,11.66,43.07,1000
446,149.76,26.813,26.813,3.0912,122.947,360,11.67,43.16,1000
447,150.12,26.941,26.941,3.0975,123.179,360,11.69,43.25,1000
448,150.48,27.069,27.069,3.1038,123.411,360,11.71,43.34,1000
449,150.84,27.197,27.197,3.11,123.643,360,11.73,43.42,1000
450,151.2,27.326,27.326,3.1163,123.874,360,11.75,43.51,1000
451,151.56,27.455,27.455,3.1225,124.105,360,11.77,43.6,1000
452,151.92,27.585,27.585,3.1288,124.335,360,11.79,43.69,1000
453,152.28,27.714,27.714,3.135,124.566,360,11.81,43.77,1000
454,152.64,27.844,27.844,3.1413,124.796,360,11.82,43.86,1000
455,153.0,27.974,27.974,3.1475,125.026,360,11.84,43.95,1000
456,153.36,28.105,28.105,3.1538,125.255,360,11.86,44.03,1000
457,153.72,28.236,28.236,3.16,125.484,360,11.88,44.12,1000
458,154.08,28.367,28.367,3.1662,125.713,360,11.9,44.21,1000
459,154.44,28.499,28.499,3.1725,125.941,360,11.92,44.3,1000
460,154.8,28.63,28.63,3.1787,126.17,360,11.93,44.38,1000
461,155.16,28.762,28.762,3.1849,126.398,360,11.95,44.47,1000
462,155.52,28.895,28.895,3.1911,126.625,360,11.97,44.56,1000
463,155.88,29.027,29.027,3.1973,126.853,360,11.99,44.64,1000
464,156.24,29.16,29.16,3.2035,127.08,360,12.01,44.73,1000
465,156.6,29.294,29.294,3.2097,127.306,360,12.02,44.82,1000
466,156.96,29.427,29.427,3.2159,127.533,360,12.04,44.9,1000
467,157.32,29.561,29.561,3.2221,127.759,360,12.06,44.99,1000
468,157.68,29.695,29.695,3.2283,127.985,360,12.08,45.08,1000
469,158.04,29.83,29.83,3.2345,128.21,360,12.1,45.16,1000
470,158.4,29.965,29.965,3.2407,128.435,360,12.11,45.25,1000
471,158.76,30.1,30.1,3.2469,128.66,360,12.13,45.34,1000
472,159.12,30.235,30.235,3.2531,128.885,360,12.15,45.42,1000
473,159.48,30.371,30.371,3.2592,129.109,360,12.17,45.51,1000
474,159.84,30.507,30.507,3.2654,129.333,360,12.18,45.59,1000
475,160.2,30.643,30.643,3.2716,129.557,360,12.2,45.68,1000
476,160.56,30.78,30.78,3.2777,129.78,360,12.22,45.77,1000
477,160.92,30.917,30.917,3.2839,130.003,360,12.24,45.85,1000
478,161.28,31.054,31.054,3.29,130.226,360,12.25,45.94,1000
479,161.64,31.192,31.192,3.2962,130.448,360,12.27,46.02,1000
480,162.0,31.33,31.33,3.3023,130.67,360,12.29,46.11,1000
481,162.36,31.468,31.468,3.3085,130.892,360,12.31,46.2,1000
482,162.72,31.606,31.606,3.3146,131.114,360,12.32,46.28,1000
483,163.08,31.745,31.745,3.3207,131.335,360,12.34,46.37,1000
484,163.44,31.884,31.884,3.3269,131.556,360,12.36,46.45,1000
485,163.8,32.023,32.023,3.333,131.777,360,12.37,46.54,1000
486,164.16,32.163,32.163,3.3391,131.997,360,12.39,46.62,1000
487,164.52,32.303,32.303,3.3452,132.217,360,12.41,46.71,1000
488,164.88,32.443,32.443,3.3514,132.437,360,12.42,46.79,1000
489,165.24,32.584,32.584,3.3575,132.656,360,12.44,46.88,1000
490,165.6,32.725,32.725,3.3636,132.875,360,12.46,46.96,1000
491,165.96,32.866,32.866,3.3697,133.094,360,12.47,47.05,1000
492,166.32,33.008,33.008,3.3758,133.312,360,12.49,47.13,1000
493,166.68,33.149,33.149,3.3819,133.531,360,12.51,47.22,1000
494,167.04,33.292,33.292,3.388,133.748,360,12.52,47.3,1000
495,167.4,33.434,33.434,3.394,133.966,360,12.54,47.39,1000
496,167.76,33.577,33.577,3.4001,134.183,360,12.56,47.47,1000
497,168.12,33.72,33.72,3.4062,134.4,360,12.57,47.56,1000
498,168.48,33.863,33.863,3.4123,134.617,360,12.59,47.64,1000
499,168.84,34.007,34.007,3.4184,134.833,360,12.61,47.73,1000
500,169.2,34.151,34.151,3.4244,135.049,360,12.62,47.81,1000
501,169.56,34.295,34.295,3.4305,135.265,360,12.64,47.9,1000
502,169.92,34.439,34.439,3.4365,135.481,360,12.65,47.98,1000
503,170.28,34.584,34.584,3.4426,135.696,360,12.67,48.07,1000
504,170.64,34.729,34.729,3.4486,135.911,360,12.69,48.15,1000
505,171.0,34.875,34.875,3.4547,136.125,360,12.7,48.24,1000
506,171.36,35.021,35.021,3.4607,136.339,360,12.72,48.32,1000
507,171.72,35.167,35.167,3.4668,136.553,360,12.73,48.41,1000
508,172.08,35.313,35.313,3.4728,136.767,360,12.75,48.49,1000
509,172.44,35.46,35.46,3.4788,136.98,360,12.77,48.57,1000
510,172.8,35.607,35.607,3.4849,137.193,360,12.78,48.66,1000
511,173.16,35.754,35.754,3.4909,137.406,360,12.8,48.74,1000
512,173.52,35.901,35.901,3.4969,137.619,360,12.81,48.83,1000
513,173.88,36.049,36.049,3.5029,137.831,360,12.83,48.91,1000
514,174.24,36.198,36.198,3.5089,138.042,360,12.84,48.99,1000
515,174.6,36.346,36.346,3.5149,138.254,360,12.86,49.08,1000
516,174.96,36.495,36.495,3.5209,138.465,360,12.87,49.16,1000
517,175.32,36.644,36.644,3.5269,138.676,360,12.89,49.25,1000
518,175.68,36.793,36.793,3.5329,138.887,360,12.91,49.33,1000
519,176.04,36.943,36.943,3.5389,139.097,360,12.92,49.41,1000
520,176.4,37.093,37.093,3.5449,139.307,360,12.94,49.5,1000
521,176.76,37.243,37.243,3.5509,139.517,360,12.95,49.58,1000
522,177.12,37.394,37.394,3.5569,139.726,360,12.97,49.66,1000
523,177.48,37.545,37.545,3.5628,139.935,360,12.98,49.75,1000
524,177.84,37.696,37.696,3.5688,140.144,360,13.0,49.83,1000
525,178.2,37.848,37.848,3.5748,140.352,360,13.01,49.91,1000
526,178.56,38.0,38.0,3.5807,140.56,360,13.03,50.0,1000
527,178.92,38.152,38.152,3.5867,140.768,360,13.04,50.08,1000
528,179.28,38.304,38.304,3.5926,140.976,360,13.06,50.16,1000
529,179.64,38.457,38.457,3.5986,141.183,360,13.07,50.25,1000
530,180.0,38.61,38.61,3.6045,141.39,360,13.09,50.33,1000
531,180.36,38.763,38.763,3.6105,141.597,360,13.1,50.41,1000
532,180.72,38.917,38.917,3.6164,141.803,360,13.11,50.49,1000
533,181.08,39.071,39.071,3.6223,142.009,360,13.13,50.58,1000
534,181.44,39.225,39.225,3.6283,142.215,360,13.14,50.66,1000
535,181.8,39.38,39.38,3.6342,142.42,360,13.16,50.74,1000
536,182.16,39.535,39.535,3.6401,142.625,360,13.17,50.83,1000
537,182.52,39.69,39.69,3.646,142.83,360,13.19,50.91,1000
538,182.88,39.845,39.845,3.6519,143.035,360,13.2,50.99,1000
539,183.24,40.001,40.001,3.6578,143.239,360,13.22,51.07,1000
540,183.6,40.157,40.157,3.6637,143.443,360,13.23,51.16,1000
541,183.96,40.314,40.314,3.6696,143.646,360,13.24,51.24,1000
542,184.32,40.47,40.47,3.6755,143.85,360,13.26,51.32,1000
543,184.68,40.627,40.627,3.6814,144.053,360,13.27,51.4,1000
544,185.04,40.785,40.785,3.6873,144.255,360,13.29,51.48,1000
545,185.4,40.942,40.942,3.6932,144.458,360,13.3,51.57,1000
546,185.76,41.1,41.1,3.6991,144.66,360,13.31,51.65,1000
547,186.12,41.258,41.258,3.7049,144.862,360,13.33,51.73,1000
548,186.48,41.417,41.417,3.7108,145.063,360,13.34,51.81,1000
549,186.84,41.576,41.576,3.7167,145.264,360,13.35,51.89,1000
550,187.2,41.735,41.735,3.7225,145.465,360,13.37,51.98,1000
551,187.56,41.894,41.894,3.7284,145.666,360,13.38,52.06,1000
552,187.92,42.054,42.054,3.7342,145.866,360,13.4,52.14,1000
553,188.28,42.214,42.214,3.7401,146.066,360,13.41,52.22,1000
554,188.64,42.375,42.375,3.7459,146.265,360,13.42,52.3,1000
555,189.0,42.535,42.535,3.7518,146.465,360,13.44,52.38,1000
556,189.36,42.696,42.696,3.7576,146.664,360,13.45,52.47,1000
557,189.72,42.857,42.857,3.7634,146.863,360,13.46,52.55,1000
558,190.08,43.019,43.019,3.7692,147.061,360,13.48,52.63,1000
559,190.44,43.181,43.181,3.7751,147.259,360,13.49,52.71,1000
560,190.8,43.343,43.343,3.7809,147.457,360,13.5,52.79,1000
561,191.16,43.506,43.506,3.7867,147.654,360,13.51,52.87,1000
562,191.52,43.668,43.668,3.7925,147.852,360,13.53,52.95,1000
563,191.88,43.831,43.831,3.7983,148.049,360,13.54,53.03,1000
564,192.24,43.995,43.995,3.8041,148.245,360,13.55,53.12,1000
565,192.6,44.159,44.159,3.8099,148.441,360,13.57,53.2,1000
566,192.96,44.323,44.323,3.8157,148.637,360,13.58,53.28,1000
567,193.32,44.487,44.487,3.8215,148.833,360,13.59,53.36,1000
568,193.68,44.652,44.652,3.8273,149.028,360,13.6,53.44,1000
569,194.04,44.816,44.816,3.833,149.224,360,13.62,53.52,1000
570,194.4,44.982,44.982,3.8388,149.418,360,13.63,53.6,1000
571,194.76,45.147,45.147,3.8446,149.613,360,13.64,53.68,1000
572,195.12,45.313,45.313,3.8503,149.807,360,13.65,53.76,1000
573,195.48,45.479,45.479,3.8561,150.001,360,13.67,53.84,1000
574,195.84,45.646,45.646,3.8619,150.194,360,13.68,53.92,1000
575,196.2,45.646,45.646,3.8619,150.554,360,13.69,54.0,1000
576,196.56,45.626,45.626,3.8619,150.934,360,13.7,54.0,1000
577,196.92,45.606,45.606,3.8619,151.314,360,13.72,54.0,1000
578,197.28,45.586,45.586,3.8619,151.694,360,13.73,54.0,1000
579,197.64,45.566,45.566,3.8619,152.074,360,13.74,54.0,1000
580,198.0,45.546,45.546,3.8619,152.454,360,13.75,54.0,1000
581,198.36,45.526,45.526,3.8619,152.834,360,13.76,54.0,1000
582,198.72,45.506,45.506,3.8619,153.214,360,13.78,54.0,1000
583,199.08,45.486,45.486,3.8619,153.594,360,13.79,54.0,1000
584,199.44,45.466,45.466,3.8619,153.974,360,13.8,54.0,1000
585,199.8,45.446,45.446,3.8619,154.354,360,13.81,54.0,1000
586,200.16,45.426,45.426,3.8619,154.734,360,13.82,54.0,1000
587,200.52,45.406,45.406,3.8619,155.114,360,13.83,54.0,1000
588,200.88,45.386,45.386,3.8619,155.494,360,13.85,54.0,1000
589,201.24,45.366,45.366,3.8619,155.874,360,13.86,54.0,1000
590,201.6,45.346,45.346,3.8619,156.254,360,13.87,54.0,1000
591,201.96,45.326,45.326,3.8619,156.634,360,13.88,54.0,1000
592,202.32,45.306,45.306,3.8619,157.014,360,13.89,54.0,1000
593,202.68,45.286,45.286,3.8619,157.394,360,13.9,54.0,1000
594,203.04,45.266,45.266,3.8619,157.774,360,13.91,54.0,1000
595,203.4,45.246,45.246,3.8619,158.154,360,13.93,54.0,1000
596,203.76,45.226,45.226,3.8619,158.534,360,13.94,54.0,1000
597,204.12,45.206,45.206,3.8619,158.914,360,13.95,54.0,1000
598,204.48,45.186,45.186,3.8619,159.294,360,13.96,54.0,1000
599,204.84,45.166,45.166,3.8619,159.674,360,13.97,54.0,1000
600,205.2,45.146,45.146,3.8619,160.054,360,13.98,54.0,1000
601,205.56,45.126,45.126,3.8619,160.434,360,13.99,54.0,1000
602,205.92,45.106,45.106,3.8619,160.814,360,14.0,54.0,1000
603,206.28,45.086,45.086,3.8619,161.194,360,14.01,54.0,1000
604,206.64,45.066,45.066,3.8619,161.574,360,14.02,54.0,1000
605,207.0,45.046,45.046,3.8619,161.954,360,14.03,54.0,1000
606,207.36,45.026,45.026,3.8619,162.334,360,14.04,54.0,1000
607,207.72,45.006,45.006,3.8619,162.714,360,14.06,54.0,1000
608,208.08,44.986,44.986,3.8619,163.094,360,14.07,54.0,1000
609,208.44,44.966,44.966,3.8619,163.474,360,14.08,54.0,1000
610,208.8,44.946,44.946,3.8619,163.854,360,14.09,54.0,1000
611,209.16,44.926,44.926,3.8619,164.234,360,14.1,54.0,1000
612,209.52,44.906,44.906,3.8619,164.614,360,14.11,54.0,1000
613,209.88,44.886,44.886,3.8619,164.994,360,14.12,54.0,1000
614,210.24,44.866,44.866,3.8619,165.374,360,14.13,54.0,1000
615,210.6,44.846,44.846,3.8619,165.754,360,14.14,54.0,1000
616,210.96,44.826,44.826,3.8619,166.134,360,14.15,54.0,1000
617,211.32,44.806,44.806,3.8619,166.514,360,14.16,54.0,1000
618,211.68,44.786,44.786,3.8619,166.894,360,14.17,54.0,1000
619,212.04,44.766,44.766,3.8619,167.274,360,14.18,54.0,1000
620,212.4,44.746,44.746,3.8619,167.654,360,14.19,54.0,1000
621,212.76,44.726,44.726,3.8619,168.034,360,14.2,54.0,1000
622,213.12,44.706,44.706,3.8619,168.414,360,14.21,54.0,1000
623,213.48,44.686,44.686,3.8619,168.794,360,14.22,54.0,1000
624,213.84,44.666,44.666,3.8619,169.174,360,14.23,54.0,1000
625,214.2,44.646,44.646,3.8619,169.554,360,14.23,54.0,1000
626,214.56,44.626,44.626,3.8619,169.934,360,14.24,54.0,1000
627,214.92,44.606,44.606,3.8619,170.314,360,14.25,54.0,1000
628,215.28,44.586,44.586,3.8619,170.694,360,14.26,54.0,1000
629,215.64,44.566,44.566,3.8619,171.074,360,14.27,54.0,1000
630,216.0,44.546,44.546,3.8619,171.454,360,14.28,54.0,1000
631,216.36,44.526,44.526,3.8619,171.834,360,14.29,54.0,1000
632,216.72,44.506,44.506,3.8619,172.214,360,14.3,54.0,1000
633,217.08,44.486,44.486,3.8619,172.594,360,14.31,54.0,1000
634,217.44,44.466,44.466,3.8619,172.974,360,14.32,54.0,1000
635,217.8,44.446,44.446,3.8619,173.354,360,14.33,54.0,1000
636,218.16,44.426,44.426,3.8619,173.734,360,14.34,54.0,1000
637,218.52,44.406,44.406,3.8619,174.114,360,14.34,54.0,1000
638,218.88,44.386,44.386,3.8619,174.494,360,14.35,54.0,1000
639,219.24,44.366,44.366,3.8619,174.874,360,14.36,54.0,1000
640,219.6,44.346,44.346,3.8619,175.254,360,14.37,54.0,1000
641,219.96,44.326,44.326,3.8619,175.634,360,14.38,54.0,1000
642,220.32,44.306,44.306,3.8619,176.014,360,14.39,54.0,1000
643,220.68,44.286,44.286,3.8619,176.394,360,14.4,54.0,1000
644,221.04,44.266,44.266,3.8619,176.774,360,14.4,54.0,1000
645,221.4,44.246,44.246,3.8619,177.154,360,14.41,54.0,1000
646,221.76,44.226,44.226,3.8619,177.534,360,14.42,54.0,1000
647,222.12,44.206,44.206,3.8619,177.914,360,14.43,54.0,1000
648,222.48,44.186,44.186,3.8619,178.294,360,14.44,54.0,1000
649,222.84,44.166,44.166,3.8619,178.674,360,14.45,54.0,1000
650,223.2,44.146,44.146,3.8619,179.054,360,14.45,54.0,1000
651,223.56,44.126,44.126,3.8619,179.434,360,14.46,54.0,1000
652,223.92,44.106,44.106,3.8619,179.814,360,14.47,54.0,1000
653,224.28,44.086,44.086,3.8619,180.194,360,14.48,54.0,1000
654,224.64,44.066,44.066,3.8619,180.574,360,14.49,54.0,1000
655,225.0,44.046,44.046,3.8619,180.954,360,14.49,54.0,1000
656,225.36,44.026,44.026,3.8619,181.334,360,14.5,54.0,1000
657,225.72,44.006,44.006,3.8619,181.714,360,14.51,54.0,1000
658,226.08,43.986,43.986,3.8619,182.094,360,14.52,54.0,1000
659,226.44,43.966,43.966,3.8619,182.474,360,14.52,54.0,1000
660,226.8,43.946,43.946,3.8619,182.854,360,14.53,54.0,1000
661,227.16,43.926,43.926,3.8619,183.234,360,14.54,54.0,1000
662,227.52,43.906,43.906,3.8619,183.614,360,14.55,54.0,1000
663,227.88,43.886,43.886,3.8619,183.994,360,14.55,54.0,1000
664,228.24,43.866,43.866,3.8619,184.374,360,14.56,54.0,1000
665,228.6,43.846,43.846,3.8619,184.754,360,14.57,54.0,1000
666,228.96,43.826,43.826,3.8619,185.134,360,14.57,54.0,1000
667,229.32,43.806,43.806,3.8619,185.514,360,14.58,54.0,1000
668,229.68,43.786,43.786,3.8619,185.894,360,14.59,54.0,1000
669,230.04,43.766,43.766,3.8619,186.274,360,14.6,54.0,1000
670,230.4,43.746,43.746,3.8619,186.654,360,14.6,54.0,1000
671,230.76,43.726,43.726,3.8619,187.034,360,14.61,54.0,1000
672,231.12,43.706,43.706,3.8619,187.414,360,14.62,54.0,1000
673,231.48,43.686,43.686,3.8619,187.794,360,14.62,54.0,1000
674,231.84,43.666,43.666,3.8619,188.174,360,14.63,54.0,1000
675,232.2,43.646,43.646,3.8619,188.554,360,14.64,54.0,1000
676,232.56,43.626,43.626,3.8619,188.934,360,14.64,54.0,1000
677,232.92,43.606,43.606,3.8619,189.314,360,14.65,54.0,1000
678,233.28,43.586,43.586,3.8619,189.694,360,14.66,54.0,1000
679,233.64,43.566,43.566,3.8619,190.074,360,14.66,54.0,1000
680,234.0,43.546,43.546,3.8619,190.454,360,14.67,54.0,1000
681,234.36,43.526,43.526,3.8619,190.834,360,14.67,54.0,1000
682,234.72,43.506,43.506,3.8619,191.214,360,14.68,54.0,1000
683,235.08,43.486,43.486,3.8619,191.594,360,14.69,54.0,1000
684,235.44,43.466,43.466,3.8619,191.974,360,14.69,54.0,1000
685,235.8,43.446,43.446,3.8619,192.354,360,14.7,54.0,1000
686,236.16,43.426,43.426,3.8619,192.734,360,14.7,54.0,1000
687,236.52,43.406,43.406,3.8619,193.114,360,14.71,54.0,1000
688,236.88,43.386,43.386,3.8619,193.494,360,14.72,54.0,1000
689,237.24,43.366,43.366,3.8619,193.874,360,14.72,54.0,1000
690,237.6,43.346,43.346,3.8619,194.254,360,14.73,54.0,1000
691,237.96,43.326,43.326,3.8619,194.634,360,14.73,54.0,1000
692,238.32,43.306,43.306,3.8619,195.014,360,14.74,54.0,1000
693,238.68,43.286,43.286,3.8619,195.394,360,14.74,54.0,1000
694,239.04,43.266,43.266,3.8619,195.774,360,14.75,54.0,1000
695,239.4,43.246,43.246,3.8619,196.154,360,14.76,54.0,1000
696,239.76,43.226,43.226,3.8619,196.534,360,14.76,54.0,1000
697,240.12,43.206,43.206,3.8619,196.914,360,14.77,54.0,1000
698,240.48,43.186,43.186,3.8619,197.294,360,14.77,54.0,1000
699,240.84,43.166,43.166,3.8619,197.674,360,14.78,54.0,1000
700,241.2,43.146,43.146,3.8619,198.054,360,14.78,54.0,1000
701,241.56,43.126,43.126,3.8619,198.434,360,14.79,54.0,1000
702,241.92,43.106,43.106,3.8619,198.814,360,14.79,54.0,1000
703,242.28,43.086,43.086,3.8619,199.194,360,14.8,54.0,1000
704,242.64,43.066,43.066,3.8619,199.574,360,14.8,54.0,1000
705,243.0,43.046,43.046,3.8619,199.954,360,14.81,54.0,1000
706,243.36,43.026,43.026,3.8619,200.334,360,14.81,54.0,1000
707,243.72,43.006,43.006,3.8619,200.714,360,14.82,54.0,1000
708,244.08,42.986,42.986,3.8619,201.094,360,14.82,54.0,1000
709,244.44,42.966,42.966,3.8619,201.474,360,14.83,54.0,1000
710,244.8,42.946,42.946,3.8619,201.854,360,14.83,54.0,1000
711,245.16,42.926,42.926,3.8619,202.234,360,14.83,54.0,1000
712,245.52,42.906,42.906,3.8619,202.614,360,14.84,54.0,1000
713,245.88,42.886,42.886,3.8619,202.994,360,14.84,54.0,1000
714,246.24,42.866,42.866,3.8619,203.374,360,14.85,54.0,1000
715,246.6,42.846,42.846,3.8619,203.754,360,14.85,54.0,1000
716,246.96,42.826,42.826,3.8619,204.134,360,14.86,54.0,1000
717,247.32,42.806,42.806,3.8619,204.514,360,14.86,54.0,1000
718,247.68,42.786,42.786,3.8619,204.894,360,14.86,54.0,1000
719,248.04,42.766,42.766,3.8619,205.274,360,14.87,54.0,1000
720,248.4,42.746,42.746,3.8619,205.654,360,14.87,54.0,1000
721,248.76,42.726,42.726,3.8619,206.034,360,14.88,54.0,1000
722,249.12,42.706,42.706,3.8619,206.414,360,14.88,54.0,1000
723,249.48,42.686,42.686,3.8619,206.794,360,14.88,54.0,1000
724,249.84,42.666,42.666,3.8619,207.174,360,14.89,54.0,1000
725,250.2,42.646,42.646,3.8619,207.554,360,14.89,54.0,1000
726,250.56,42.626,42.626,3.8619,207.934,360,14.89,54.0,1000
727,250.92,42.606,42.606,3.8619,208.314,360,14.9,54.0,1000
728,251.28,42.586,42.586,3.8619,208.694,360,14.9,54.0,1000
729,251.64,42.566,42.566,3.8619,209.074,360,14.9,54.0,1000
730,252.0,42.546,42.546,3.8619,209.454,360,14.91,54.0,1000
731,252.36,42.526,42.526,3.8619,209.834,360,14.91,54.0,1000
732,252.72,42.506,42.506,3.8619,210.214,360,14.91,54.0,1000
733,253.08,42.486,42.486,3.8619,210.594,360,14.92,54.0,1000
734,253.44,42.466,42.466,3.8619,210.974,360,14.92,54.0,1000
735,253.8,42.446,42.446,3.8619,211.354,360,14.92,54.0,1000
736,254.16,42.426,42.426,3.8619,211.734,360,14.93,54.0,1000
737,254.52,42.406,42.406,3.8619,212.114,360,14.93,54.0,1000
738,254.88,42.386,42.386,3.8619,212.494,360,14.93,54.0,1000
739,255.24,42.366,42.366,3.8619,212.874,360,14.94,54.0,1000
740,255.6,42.346,42.346,3.8619,213.254,360,14.94,54.0,1000
741,255.96,42.326,42.326,3.8619,213.634,360,14.94,54.0,1000
742,256.32,42.306,42.306,3.8619,214.014,360,14.94,54.0,1000
743,256.68,42.286,42.286,3.8619,214.394,360,14.95,54.0,1000
744,257.04,42.266,42.266,3.8619,214.774,360,14.95,54.0,1000
745,257.4,42.246,42.246,3.8619,215.154,360,14.95,54.0,1000
746,257.76,42.226,42.226,3.8619,215.534,360,14.95,54.0,1000
747,258.12,42.206,42.206,3.8619,215.914,360,14.96,54.0,1000
748,258.48,42.186,42.186,3.8619,216.294,360,14.96,54.0,1000
749,258.84,42.166,42.166,3.8619,216.674,360,14.96,54.0,1000
750,259.2,42.146,42.146,3.8619,217.054,360,14.96,54.0,1000
751,259.56,42.126,42.126,3.8619,217.434,360,14.96,54.0,1000
752,259.92,42.106,42.106,3.8619,217.814,360,14.97,54.0,1000
753,260.28,42.086,42.086,3.8619,218.194,360,14.97,54.0,1000
754,260.64,42.066,42.066,3.8619,218.574,360,14.97,54.0,1000
755,261.0,42.046,42.046,3.8619,218.954,360,14.97,54.0,1000
756,261.36,42.026,42.026,3.8619,219.334,360,14.97,54.0,1000
757,261.72,42.006,42.006,3.8619,219.714,360,14.98,54.0,1000
758,262.08,41.986,41.986,3.8619,220.094,360,14.98,54.0,1000
759,262.44,41.966,41.966,3.8619,220.474,360,14.98,54.0,1000
760,262.8,41.946,41.946,3.8619,220.854,360,14.98,54.0,1000
761,263.16,41.926,41.926,3.8619,221.234,360,14.98,54.0,1000
762,263.52,41.906,41.906,3.8619,221.614,360,14.98,54.0,1000
763,263.88,41.886,41.886,3.8619,221.994,360,14.98,54.0,1000
764,264.24,41.866,41.866,3.8619,222.374,360,14.99,54.0,1000
765,264.6,41.846,41.846,3.8619,222.754,360,14.99,54.0,1000
766,264.96,41.826,41.826,3.8619,223.134,360,14.99,54.0,1000
767,265.32,41.806,41.806,3.8619,223.514,360,14.99,54.0,1000
768,265.68,41.786,41.786,3.8619,223.894,360,14.99,54.0,1000
769,266.04,41.766,41.766,3.8619,224.274,360,14.99,54.0,1000
770,266.4,41.746,41.746,3.8619,224.654,360,14.99,54.0,1000
771,266.76,41.726,41.726,3.8619,225.034,360,14.99,54.0,1000
772,267.12,41.706,41.706,3.8619,225.414,360,14.99,54.0,1000
773,267.48,41.686,41.686,3.8619,225.794,360,15.0,54.0,1000
774,267.84,41.666,41.666,3.8619,226.174,360,15.0,54.0,1000
775,268.2,41.646,41.646,3.8619,226.554,360,15.0,54.0,1000
776,268.56,41.626,41.626,3.8619,226.934,360,15.0,54.0,1000
777,268.92,41.606,41.606,3.8619,227.314,360,15.0,54.0,1000
778,269.28,41.586,41.586,3.8619,227.694,360,15.0,54.0,1000
779,269.64,41.566,41.566,3.8619,228.074,360,15.0,54.0,1000
780,270.0,41.546,41.546,3.8619,228.454,360,15.0,54.0,1000
781,270.36,41.526,41.526,3.8619,228.834,360,15.0,54.0,1000
782,270.72,41.506,41.506,3.8619,229.214,360,15.0,54.0,1000
783,271.08,41.486,41.486,3.8619,229.594,360,15.0,54.0,1000
784,271.44,41.466,41.466,3.8619,229.974,360,15.0,54.0,1000
785,271.8,41.446,41.446,3.8619,230.354,360,15.0,54.0,1000
786,272.16,41.426,41.426,3.8619,230.734,360,15.0,54.0,1000
787,272.52,41.406,41.406,3.8619,231.114,360,15.0,54.0,1000
788,272.88,41.386,41.386,3.8619,231.494,360,15.0,54.0,1000
789,273.24,41.366,41.366,3.8619,231.874,360,15.0,54.0,1000
790,273.6,41.346,41.346,3.8619,232.254,360,15.0,54.0,1000
791,273.96,41.326,41.326,3.8619,232.634,360,15.0,54.0,1000
792,274.32,41.306,41.306,3.8619,233.014,360,15.0,54.0,1000
793,274.68,41.286,41.286,3.8619,233.394,360,15.0,54.0,1000
794,275.04,41.266,41.266,3.8619,233.774,360,15.0,54.0,1000
795,275.4,41.246,41.246,3.8619,234.154,360,15.0,54.0,1000
796,275.76,41.226,41.226,3.8619,234.534,360,15.0,54.0,1000
797,276.12,41.206,41.206,3.8619,234.914,360,15.0,54.0,1000
798,276.48,41.186,41.186,3.8619,235.294,360,15.0,54.0,1000
799,276.84,41.166,41.166,3.8619,235.674,360,14.99,54.0,1000
800,277.2,41.146,41.146,3.8619,236.054,360,14.99,54.0,1000
801,277.56,41.126,41.126,3.8619,236.434,360,14.99,54.0,1000
802,277.92,41.106,41.106,3.8619,236.814,360,14.99,54.0,1000
803,278.28,41.086,41.086,3.8619,237.194,360,14.99,54.0,1000
804,278.64,41.066,41.066,3.8619,237.574,360,14.99,54.0,1000
805,279.0,41.046,41.046,3.8619,237.954,360,14.99,54.0,1000
806,279.36,41.026,41.026,3.8619,238.334,360,14.99,54.0,1000
807,279.72,41.006,41.006,3.8619,238.714,360,14.99,54.0,1000
808,280.08,40.986,40.986,3.8619,239.094,360,14.98,54.0,1000
809,280.44,40.966,40.966,3.8619,239.474,360,14.98,54.0,1000
810,280.8,40.946,40.946,3.8619,239.854,360,14.98,54.0,1000
811,281.16,40.926,40.926,3.8619,240.234,360,14.98,54.0,1000
812,281.52,40.906,40.906,3.8619,240.614,360,14.98,54.0,1000
813,281.88,40.886,40.886,3.8619,240.994,360,14.98,54.0,1000
814,282.24,40.866,40.866,3.8619,241.374,360,14.98,54.0,1000
815,282.6,40.846,40.846,3.8619,241.754,360,14.97,54.0,1000
816,282.96,40.826,40.826,3.8619,242.134,360,14.97,54.0,1000
817,283.32,40.806,40.806,3.8619,242.514,360,14.97,54.0,1000
818,283.68,40.786,40.786,3.8619,242.894,360,14.97,54.0,1000
819,284.04,40.766,40.766,3.8619,243.274,360,14.97,54.0,1000
820,284.4,40.746,40.746,3.8619,243.654,360,14.96,54.0,1000
821,284.76,40.726,40.726,3.8619,244.034,360,14.96,54.0,1000
822,285.12,40.706,40.706,3.8619,244.414,360,14.96,54.0,1000
823,285.48,40.686,40.686,3.8619,244.794,360,14.96,54.0,1000
824,285.84,40.666,40.666,3.8619,245.174,360,14.96,54.0,1000
825,286.2,40.646,40.646,3.8619,245.554,360,14.95,54.0,1000
826,286.56,40.626,40.626,3.8619,245.934,360,14.95,54.0,1000
827,286.92,40.606,40.606,3.8619,246.314,360,14.95,54.0,1000
828,287.28,40.586,40.586,3.8619,246.694,360,14.95,54.0,1000
829,287.64,40.566,40.566,3.8619,247.074,360,14.94,54.0,1000
830,288.0,40.546,40.546,3.8619,247.454,360,14.94,54.0,1000
831,288.36,40.526,40.526,3.8619,247.834,360,14.94,54.0,1000
832,288.72,40.506,40.506,3.8619,248.214,360,14.93,54.0,1000
833,289.08,40.486,40.486,3.8619,248.594,360,14.93,54.0,1000
834,289.44,40.466,40.466,3.8619,248.974,360,14.93,54.0,1000
835,289.8,40.446,40.446,3.8619,249.354,360,14.93,54.0,1000
836,290.16,40.426,40.426,3.8619,249.734,360,14.92,54.0,1000
837,290.52,40.406,40.406,3.8619,250.114,360,14.92,54.0,1000
838,290.88,40.386,40.386,3.8619,250.494,360,14.92,54.0,1000
839,291.24,40.366,40.366,3.8619,250.874,360,14.91,54.0,1000
840,291.6,40.346,40.346,3.8619,251.254,360,14.91,54.0,1000
841,291.96,40.326,40.326,3.8619,251.634,360,14.91,54.0,1000
842,292.32,40.306,40.306,3.8619,252.014,360,14.9,54.0,1000
843,292.68,40.286,40.286,3.8619,252.394,360,14.9,54.0,1000
844,293.04,40.266,40.266,3.8619,252.774,360,14.9,54.0,1000
845,293.4,40.246,40.246,3.8619,253.154,360,14.89,54.0,1000
846,293.76,40.226,40.226,3.8619,253.534,360,14.89,54.0,1000
847,294.12,40.206,40.206,3.8619,253.914,360,14.89,54.0,1000
848,294.48,40.186,40.186,3.8619,254.294,360,14.88,54.0,1000
849,294.84,40.166,40.166,3.8619,254.674,360,14.88,54.0,1000
850,295.2,40.146,40.146,3.8619,255.054,360,14.87,54.0,1000
851,295.56,40.126,40.126,3.8619,255.434,360,14.87,54.0,1000
852,295.92,40.106,40.106,3.8619,255.814,360,14.87,54.0,1000
853,296.28,40.086,40.086,3.8619,256.194,360,14.86,54.0,1000
854,296.64,40.066,40.066,3.8619,256.574,360,14.86,54.0,1000
855,297.0,40.046,40.046,3.8619,256.954,360,14.85,54.0,1000
856,297.36,40.026,40.026,3.8619,257.334,360,14.85,54.0,1000
857,297.72,40.006,40.006,3.8619,257.714,360,14.85,54.0,1000
858,298.08,39.986,39.986,3.8619,258.094,360,14.84,54.0,1000
859,298.44,39.966,39.966,3.8619,258.474,360,14.84,54.0,1000
860,298.8,39.946,39.946,3.8619,258.854,360,14.83,54.0,1000
861,299.16,39.926,39.926,3.8619,259.234,360,14.83,54.0,1000
862,299.52,39.906,39.906,3.8619,259.614,360,14.82,54.0,1000
863,299.88,39.886,39.886,3.8619,259.994,360,14.82,54.0,1000
864,300.24,39.866,39.866,3.8619,260.374,360,14.82,54.0,1000
865,300.6,39.846,39.846,3.8619,260.754,360,14.81,54.0,1000
866,300.96,39.826,39.826,3.8619,261.134,360,14.81,54.0,1000
867,301.32,39.806,39.806,3.8619,261.514,360,14.8,54.0,1000
868,301.68,39.786,39.786,3.8619,261.894,360,14.8,54.0,1000
869,302.04,39.766,39.766,3.8619,262.274,360,14.79,54.0,1000
870,302.4,39.746,39.746,3.8619,262.654,360,14.79,54.0,1000
871,302.76,39.726,39.726,3.8619,263.034,360,14.78,54.0,1000
872,303.12,39.706,39.706,3.8619,263.414,360,14.78,54.0,1000
873,303.48,39.686,39.686,3.8619,263.794,360,14.77,54.0,1000
874,303.84,39.666,39.666,3.8619,264.174,360,14.77,54.0,1000
875,304.2,39.646,39.646,3.8619,264.554,360,14.76,54.0,1000
876,304.56,39.626,39.626,3.8619,264.934,360,14.75,54.0,1000
877,304.92,39.606,39.606,3.8619,265.314,360,14.75,54.0,1000
878,305.28,39.586,39.586,3.8619,265.694,360,14.74,54.0,1000
879,305.64,39.566,39.566,3.8619,266.074,360,14.74,54.0,1000
880,306.0,39.546,39.546,3.8619,266.454,360,14.73,54.0,1000
881,306.36,39.526,39.526,3.8619,266.834,360,14.73,54.0,1000
882,306.72,39.506,39.506,3.8619,267.214,360,14.72,54.0,1000
883,307.08,39.486,39.486,3.8619,267.594,360,14.72,54.0,1000
884,307.44,39.466,39.466,3.8619,267.974,360,14.71,54.0,1000
885,307.8,39.446,39.446,3.8619,268.354,360,14.7,54.0,1000
886,308.16,39.426,39.426,3.8619,268.734,360,14.7,54.0,1000
887,308.52,39.406,39.406,3.8619,269.114,360,14.69,54.0,1000
888,308.88,39.386,39.386,3.8619,269.494,360,14.69,54.0,1000
889,309.24,39.366,39.366,3.8619,269.874,360,14.68,54.0,1000
890,309.6,39.346,39.346,3.8619,270.254,360,14.67,54.0,1000
891,309.96,39.326,39.326,3.8619,270.634,360,14.67,54.0,1000
892,310.32,39.306,39.306,3.8619,271.014,360,14.66,54.0,1000
893,310.68,39.286,39.286,3.8619,271.394,360,14.65,54.0,1000
894,311.04,39.266,39.266,3.8619,271.774,360,14.65,54.0,1000
895,311.4,39.246,39.246,3.8619,272.154,360,14.64,54.0,1000
896,311.76,39.226,39.226,3.8619,272.534,360,14.63,54.0,1000
897,312.12,39.206,39.206,3.8619,272.914,360,14.63,54.0,1000
898,312.48,39.186,39.186,3.8619,273.294,360,14.62,54.0,1000
899,312.84,39.166,39.166,3.8619,273.674,360,14.61,54.0,1000
900,313.2,39.146,39.146,3.8619,274.054,360,14.61,54.0,1000
901,313.56,39.126,39.126,3.8619,274.434,360,14.6,54.0,1000
902,313.92,39.106,39.106,3.8619,274.814,360,14.59,54.0,1000
903,314.28,39.086,39.086,3.8619,275.194,360,14.59,54.0,1000
904,314.64,39.066,39.066,3.8619,275.574,360,14.58,54.0,1000
905,315.0,39.046,39.046,3.8619,275.954,360,14.57,54.0,1000
906,315.36,39.026,39.026,3.8619,276.334,360,14.57,54.0,1000
907,315.72,39.006,39.006,3.8619,276.714,360,14.56,54.0,1000
908,316.08,38.986,38.986,3.8619,277.094,360,14.55,54.0,1000
909,316.44,38.966,38.966,3.8619,277.474,360,14.54,54.0,1000
910,316.8,38.946,38.946,3.8619,277.854,360,14.54,54.0,1000
911,317.16,38.926,38.926,3.8619,278.234,360,14.53,54.0,1000
912,317.52,38.906,38.906,3.8619,278.614,360,14.52,54.0,1000
913,317.88,38.886,38.886,3.8619,278.994,360,14.51,54.0,1000
914,318.24,38.866,38.866,3.8619,279.374,360,14.51,54.0,1000
915,318.6,38.846,38.846,3.8619,279.754,360,14.5,54.0,1000
916,318.96,38.826,38.826,3.8619,280.134,360,14.49,54.0,1000
917,319.32,38.806,38.806,3.8619,280.514,360,14.48,54.0,1000
918,319.68,38.786,38.786,3.8619,280.894,360,14.48,54.0,1000
919,320.04,38.766,38.766,3.8619,281.274,360,14.47,54.0,1000
920,320.4,38.746,38.746,3.8619,281.654,360,14.46,54.0,1000
921,320.76,38.726,38.726,3.8619,282.034,360,14.45,54.0,1000
922,321.12,38.706,38.706,3.8619,282.414,360,14.44,54.0,1000
923,321.48,38.686,38.686,3.8619,282.794,360,14.44,54.0,1000
924,321.84,38.666,38.666,3.8619,283.174,360,14.43,54.0,1000
925,322.2,38.646,38.646,3.8619,283.554,360,14.42,54.0,1000
926,322.56,38.626,38.626,3.8619,283.934,360,14.41,54.0,1000
927,322.92,38.606,38.606,3.8619,284.314,360,14.4,54.0,1000
928,323.28,38.586,38.586,3.8619,284.694,360,14.39,54.0,1000
929,323.64,38.566,38.566,3.8619,285.074,360,14.39,54.0,1000
930,324.0,38.546,38.546,3.8619,285.454,360,14.38,54.0,1000
931,324.36,38.526,38.526,3.8619,285.834,360,14.37,54.0,1000
932,324.72,38.506,38.506,3.8619,286.214,360,14.36,54.0,1000
933,325.08,38.486,38.486,3.8619,286.594,360,14.35,54.0,1000
934,325.44,38.466,38.466,3.8619,286.974,360,14.34,54.0,1000
935,325.8,38.446,38.446,3.8619,287.354,360,14.33,54.0,1000
936,326.16,38.426,38.426,3.8619,287.734,360,14.32,54.0,1000
937,326.52,38.406,38.406,3.8619,288.114,360,14.32,54.0,1000
938,326.88,38.386,38.386,3.8619,288.494,360,14.31,54.0,1000
939,327.24,38.366,38.366,3.8619,288.874,360,14.3,54.0,1000
940,327.6,38.346,38.346,3.8619,289.254,360,14.29,54.0,1000
941,327.96,38.326,38.326,3.8619,289.634,360,14.28,54.0,1000
942,328.32,38.306,38.306,3.8619,290.014,360,14.27,54.0,1000
943,328.68,38.286,38.286,3.8619,290.394,360,14.26,54.0,1000
944,329.04,38.266,38.266,3.8619,290.774,360,14.25,54.0,1000
945,329.4,38.246,38.246,3.8619,291.154,360,14.24,54.0,1000
946,329.76,38.226,38.226,3.8619,291.534,360,14.23,54.0,1000
947,330.12,38.206,38.206,3.8619,291.914,360,14.22,54.0,1000
948,330.48,38.186,38.186,3.8619,292.294,360,14.21,54.0,1000
949,330.84,38.166,38.166,3.8619,292.674,360,14.2,54.0,1000
950,331.2,38.146,38.146,3.8619,293.054,360,14.19,54.0,1000
951,331.56,38.126,38.126,3.8619,293.434,360,14.18,54.0,1000
952,331.92,38.106,38.106,3.8619,293.814,360,14.17,54.0,1000
953,332.28,38.086,38.086,3.8619,294.194,360,14.17,54.0,1000
954,332.64,38.066,38.066,3.8619,294.574,360,14.16,54.0,1000
955,333.0,38.046,38.046,3.8619,294.954,360,14.15,54.0,1000
956,333.36,38.026,38.026,3.8619,295.334,360,14.14,54.0,1000
957,333.72,38.006,38.006,3.8619,295.714,360,14.13,54.0,1000
958,334.08,37.986,37.986,3.8619,296.094,360,14.12,54.0,1000
959,334.44,37.966,37.966,3.8619,296.474,360,14.1,54.0,1000
960,334.8,37.946,37.946,3.8619,296.854,360,14.09,54.0,1000
961,335.16,37.926,37.926,3.8619,297.234,360,14.08,54.0,1000
962,335.52,37.906,37.906,3.8619,297.614,360,14.07,54.0,1000
963,335.88,37.886,37.886,3.8619,297.994,360,14.06,54.0,1000
964,336.24,37.866,37.866,3.8619,298.374,360,14.05,54.0,1000
965,336.6,37.846,37.846,3.8619,298.754,360,14.04,54.0,1000
966,336.96,37.826,37.826,3.8619,299.134,360,14.03,54.0,1000
967,337.32,37.806,37.806,3.8619,299.514,360,14.02,54.0,1000
968,337.68,37.786,37.786,3.8619,299.894,360,14.01,54.0,1000
969,338.04,37.766,37.766,3.8619,300.274,360,14.0,54.0,1000
970,338.4,37.746,37.746,3.8619,300.654,360,13.99,54.0,1000
971,338.76,37.726,37.726,3.8619,301.034,360,13.98,54.0,1000
972,339.12,37.706,37.706,3.8619,301.414,360,13.97,54.0,1000
973,339.48,37.686,37.686,3.8619,301.794,360,13.96,54.0,1000
974,339.84,37.666,37.666,3.8619,302.174,360,13.95,54.0,1000
975,340.2,37.646,37.646,3.8619,302.554,360,13.93,54.0,1000
976,340.56,37.626,37.626,3.8619,302.934,360,13.92,54.0,1000
977,340.92,37.606,37.606,3.8619,303.314,360,13.91,54.0,1000
978,341.28,37.586,37.586,3.8619,303.694,360,13.9,54.0,1000
979,341.64,37.566,37.566,3.8619,304.074,360,13.89,54.0,1000
980,342.0,37.546,37.546,3.8619,304.454,360,13.88,54.0,1000
981,342.36,37.526,37.526,3.8619,304.834,360,13.87,54.0,1000
982,342.72,37.506,37.506,3.8619,305.214,360,13.86,54.0,1000
983,343.08,37.486,37.486,3.8619,305.594,360,13.84,54.0,1000
984,343.44,37.466,37.466,3.8619,305.974,360,13.83,54.0,1000
985,343.8,37.446,37.446,3.8619,306.354,360,13.82,54.0,1000
986,344.16,37.426,37.426,3.8619,306.734,360,13.81,54.0,1000
987,344.52,37.406,37.406,3.8619,307.114,360,13.8,54.0,1000
988,344.88,37.386,37.386,3.8619,307.494,360,13.79,54.0,1000
989,345.24,37.366,37.366,3.8619,307.874,360,13.77,54.0,1000
990,345.6,37.346,37.346,3.8619,308.254,360,13.76,54.0,1000
991,345.96,37.326,37.326,3.8619,308.634,360,13.75,54.0,1000
992,346.32,37.306,37.306,3.8619,309.014,360,13.74,54.0,1000
993,346.68,37.286,37.286,3.8619,309.394,360,13.73,54.0,1000
994,347.04,37.266,37.266,3.8619,309.774,360,13.71,54.0,1000
995,347.4,37.246,37.246,3.8619,310.154,360,13.7,54.0,1000
996,347.76,37.226,37.226,3.8619,310.534,360,13.69,54.0,1000
997,348.12,37.206,37.206,3.8619,310.914,360,13.68,54.0,1000
998,348.48,37.186,37.186,3.8619,311.294,360,13.66,54.0,1000
999,348.84,37.166,37.166,3.8619,311.674,360,13.65,54.0,1000
1000,349.2,37.146,37.146,3.8619,312.054,360,13.64,54.0,1000
1001,349.56,37.126,37.126,3.8619,312.434,360,13.63,54.0,1000
1002,349.92,37.106,37.106,3.8619,312.814,360,13.61,54.0,1000
1003,350.28,37.086,37.086,3.8619,313.194,360,13.6,54.0,1000
1004,350.64,37.066,37.066,3.8619,313.574,360,13.59,54.0,1000
1005,351.0,37.046,37.046,3.8619,313.954,360,13.58,54.0,1000
1006,351.36,37.026,37.026,3.8619,314.334,360,13.56,54.0,1000
1007,351.72,37.006,37.006,3.8619,314.714,360,13.55,54.0,1000
1008,352.08,36.986,36.986,3.8619,315.094,360,13.54,54.0,1000
1009,352.44,36.966,36.966,3.8619,315.474,360,13.52,54.0,1000
1010,352.8,36.946,36.946,3.8619,315.854,360,13.51,54.0,1000
1011,353.16,36.926,36.926,3.8619,316.234,360,13.5,54.0,1000
1012,353.52,36.906,36.906,3.8619,316.614,360,13.49,54.0,1000
1013,353.88,36.886,36.886,3.8619,316.994,360,13.47,54.0,1000
1014,354.24,36.866,36.866,3.8619,317.374,360,13.46,54.0,1000
1015,354.6,36.846,36.846,3.8619,317.754,360,13.45,54.0,1000
1016,354.96,36.826,36.826,3.8619,318.134,360,13.43,54.0,1000
1017,355.32,36.806,36.806,3.8619,318.514,360,13.42,54.0,1000
1018,355.68,36.786,36.786,3.8619,318.894,360,13.41,54.0,1000
1019,356.04,36.766,36.766,3.8619,319.274,360,13.39,54.0,1000
1020,356.4,36.746,36.746,3.8619,319.654,360,13.38,54.0,1000
1021,356.76,36.726,36.726,3.8619,320.034,360,13.37,54.0,1000
1022,357.12,36.706,36.706,3.8619,320.414,360,13.35,54.0,1000
1023,357.48,36.686,36.686,3.8619,320.794,360,13.34,54.0,1000
1024,357.84,36.666,36.666,3.8619,321.174,360,13.32,54.0,1000
1025,358.2,36.646,36.646,3.8619,321.554,360,13.31,54.0,1000
1026,358.56,36.626,36.626,3.8619,321.934,360,13.3,54.0,1000
1027,358.92,36.606,36.606,3.8619,322.314,360,13.28,54.0,1000
1028,359.28,36.586,36.586,3.8619,322.694,360,13.27,54.0,1000
1029,359.64,36.566,36.566,3.8619,323.074,360,13.25,54.0,1000
1030,360.0,36.546,36.546,3.8619,323.454,360,13.24,54.0,1000
1031,360.36,36.526,36.526,3.8619,323.834,360,13.23,54.0,1000
1032,360.72,36.506,36.506,3.8619,324.214,360,13.21,54.0,1000
1033,361.08,36.486,36.486,3.8619,324.594,360,13.2,54.0,1000
1034,361.44,36.466,36.466,3.8619,324.974,360,13.18,54.0,1000
1035,361.8,36.446,36.446,3.8619,325.354,360,13.17,54.0,1000
1036,362.16,36.426,36.426,3.8619,325.734,360,13.16,54.0,1000
1037,362.52,36.406,36.406,3.8619,326.114,360,13.14,54.0,1000
1038,362.88,36.386,36.386,3.8619,326.494,360,13.13,54.0,1000
1039,363.24,36.366,36.366,3.8619,326.874,360,13.11,54.0,1000
1040,363.6,36.346,36.346,3.8619,327.254,360,13.1,54.0,1000
1041,363.96,36.326,36.326,3.8619,327.634,360,13.08,54.0,1000
1042,364.32,36.306,36.306,3.8619,328.014,360,13.07,54.0,1000
1043,364.68,36.286,36.286,3.8619,328.394,360,13.05,54.0,1000
1044,365.04,36.266,36.266,3.8619,328.774,360,13.04,54.0,1000
1045,365.4,36.246,36.246,3.8619,329.154,360,13.02,54.0,1000
1046,365.76,36.226,36.226,3.8619,329.534,360,13.01,54.0,1000
1047,366.12,36.206,36.206,3.8619,329.914,360,12.99,54.0,1000
1048,366.48,36.186,36.186,3.8619,330.294,360,12.98,54.0,1000
1049,366.84,36.166,36.166,3.8619,330.674,360,12.96,54.0,1000
1050,367.2,36.146,36.146,3.8619,331.054,360,12.95,54.0,1000
1051,367.56,36.126,36.126,3.8619,331.434,360,12.93,54.0,1000
1052,367.92,36.106,36.106,3.8619,331.814,360,12.92,54.0,1000
1053,368.28,36.086,36.086,3.8619,332.194,360,12.9,54.0,1000
1054,368.64,36.066,36.066,3.8619,332.574,360,12.89,54.0,1000
1055,369.0,36.046,36.046,3.8619,332.954,360,12.87,54.0,1000
1056,369.36,36.026,36.026,3.8619,333.334,360,12.86,54.0,1000
1057,369.72,36.006,36.006,3.8619,333.714,360,12.84,54.0,1000
1058,370.08,35.986,35.986,3.8619,334.094,360,12.83,54.0,1000
1059,370.44,35.966,35.966,3.8619,334.474,360,12.81,54.0,1000
1060,370.8,35.946,35.946,3.8619,334.854,360,12.79,54.0,1000
1061,371.16,35.926,35.926,3.8619,335.234,360,12.78,54.0,1000
1062,371.52,35.906,35.906,3.8619,335.614,360,12.76,54.0,1000
1063,371.88,35.886,35.886,3.8619,335.994,360,12.75,54.0,1000
1064,372.24,35.866,35.866,3.8619,336.374,360,12.73,54.0,1000
1065,372.6,35.846,35.846,3.8619,336.754,360,12.72,54.0,1000
1066,372.96,35.826,35.826,3.8619,337.134,360,12.7,54.0,1000
1067,373.32,35.806,35.806,3.8619,337.514,360,12.68,54.0,1000
1068,373.68,35.786,35.786,3.8619,337.894,360,12.67,54.0,1000
1069,374.04,35.766,35.766,3.8619,338.274,360,12.65,54.0,1000
1070,374.4,35.746,35.746,3.8619,338.654,360,12.63,54.0,1000
1071,374.76,35.726,35.726,3.8619,339.034,360,12.62,54.0,1000
1072,375.12,35.706,35.706,3.8619,339.414,360,12.6,54.0,1000
1073,375.48,35.686,35.686,3.8619,339.794,360,12.59,54.0,1000
1074,375.84,35.666,35.666,3.8619,340.174,360,12.57,54.0,1000
1075,376.2,35.646,35.646,3.8619,340.554,360,12.55,54.0,1000
1076,376.56,35.626,35.626,3.8619,340.934,360,12.54,54.0,1000
1077,376.92,35.606,35.606,3.8619,341.314,360,12.52,54.0,1000
1078,377.28,35.586,35.586,3.8619,341.694,360,12.5,54.0,1000
1079,377.64,35.566,35.566,3.8619,342.074,360,12.49,54.0,1000
1080,378.0,35.546,35.546,3.8619,342.454,360,12.47,54.0,1000
1081,378.36,35.526,35.526,3.8619,342.834,360,12.45,54.0,1000
1082,378.72,35.506,35.506,3.8619,343.214,360,12.44,54.0,1000
1083,379.08,35.486,35.486,3.8619,343.594,360,12.42,54.0,1000
1084,379.44,35.466,35.466,3.8619,343.974,360,12.4,54.0,1000
1085,379.8,35.446,35.446,3.8619,344.354,360,12.39,54.0,1000
1086,380.16,35.426,35.426,3.8619,344.734,360,12.37,54.0,1000
1087,380.52,35.406,35.406,3.8619,345.114,360,12.35,54.0,1000
1088,380.88,35.386,35.386,3.8619,345.494,360,12.34,54.0,1000
1089,381.24,35.366,35.366,3.8619,345.874,360,12.32,54.0,1000
1090,381.6,35.346,35.346,3.8619,346.254,360,12.3,54.0,1000
1091,381.96,35.326,35.326,3.8619,346.634,360,12.28,54.0,1000
1092,382.32,35.306,35.306,3.8619,347.014,360,12.27,54.0,1000
1093,382.68,35.286,35.286,3.8619,347.394,360,12.25,54.0,1000
1094,383.04,35.266,35.266,3.8619,347.774,360,12.23,54.0,1000
1095,383.4,35.246,35.246,3.8619,348.154,360,12.22,54.0,1000
1096,383.76,35.226,35.226,3.8619,348.534,360,12.2,54.0,1000
1097,384.12,35.206,35.206,3.8619,348.914,360,12.18,54.0,1000
1098,384.48,35.186,35.186,3.8619,349.294,360,12.16,54.0,1000
1099,384.84,35.166,35.166,3.8619,349.674,360,12.15,54.0,1000
1100,385.2,35.146,35.146,3.8619,350.054,360,12.13,54.0,1000
1101,385.56,35.126,35.126,3.8619,350.434,360,12.11,54.0,1000
1102,385.92,35.106,35.106,3.8619,350.814,360,12.09,54.0,1000
1103,386.28,35.086,35.086,3.8619,351.194,360,12.07,54.0,1000
1104,386.64,35.066,35.066,3.8619,351.574,360,12.06,54.0,1000
1105,387.0,35.046,35.046,3.8619,351.954,360,12.04,54.0,1000
1106,387.36,35.026,35.026,3.8619,352.334,360,12.02,54.0,1000
1107,387.72,35.006,35.006,3.8619,352.714,360,12.0,54.0,1000
1108,388.08,34.986,34.986,3.8619,353.094,360,11.98,54.0,1000
1109,388.44,34.966,34.966,3.8619,353.474,360,11.97,54.0,1000
1110,388.8,34.946,34.946,3.8619,353.854,360,11.95,54.0,1000
1111,389.16,34.926,34.926,3.8619,354.234,360,11.93,54.0,1000
1112,389.52,34.906,34.906,3.8619,354.614,360,11.91,54.0,1000
1113,389.88,34.886,34.886,3.8619,354.994,360,11.89,54.0,1000
1114,390.24,34.866,34.866,3.8619,355.374,360,11.88,54.0,1000
1115,390.6,34.846,34.846,3.8619,355.754,360,11.86,54.0,1000
1116,390.96,34.826,34.826,3.8619,356.134,360,11.84,54.0,1000
1117,391.32,34.806,34.806,3.8619,356.514,360,11.82,54.0,1000
1118,391.68,34.786,34.786,3.8619,356.894,360,11.8,54.0,1000
1119,392.04,34.766,34.766,3.8619,357.274,360,11.78,54.0,1000
1120,392.4,34.746,34.746,3.8619,357.654,360,11.76,54.0,1000
1121,392.76,34.726,34.726,3.8619,358.034,360,11.75,54.0,1000
1122,393.12,34.706,34.706,3.8619,358.414,360,11.73,54.0,1000
1123,393.48,34.686,34.686,3.8619,358.794,360,11.71,54.0,1000
1124,393.84,34.666,34.666,3.8619,359.174,360,11.69,54.0,1000
1125,394.2,34.646,34.646,3.8619,359.554,360,11.67,54.0,1000
1126,394.56,34.626,34.626,3.8619,359.934,360,11.65,54.0,1000
1127,394.92,34.606,34.606,3.8619,360.314,360,11.63,54.0,1000
1128,395.28,34.586,34.586,3.8619,360.694,360,11.61,54.0,1000
1129,395.64,34.566,34.566,3.8619,361.074,360,11.6,54.0,1000
1130,396.0,34.546,34.546,3.8619,361.454,360,11.58,54.0,1000
1131,396.36,34.526,34.526,3.8619,361.834,360,11.56,54.0,1000
1132,396.72,34.506,34.506,3.8619,362.214,360,11.54,54.0,1000
1133,397.08,34.486,34.486,3.8619,362.594,360,11.52,54.0,1000
1134,397.44,34.466,34.466,3.8619,362.974,360,11.5,54.0,1000
1135,397.8,34.446,34.446,3.8619,363.354,360,11.48,54.0,1000
1136,398.16,34.426,34.426,3.8619,363.734,360,11.46,54.0,1000
1137,398.52,34.406,34.406,3.8619,364.114,360,11.44,54.0,1000
1138,398.88,34.386,34.386,3.8619,364.494,360,11.42,54.0,1000
1139,399.24,34.366,34.366,3.8619,364.874,360,11.4,54.0,1000
1140,399.6,34.346,34.346,3.8619,365.254,360,11.38,54.0,1000
1141,399.96,34.326,34.326,3.8619,365.634,360,11.36,54.0,1000
1142,400.32,34.306,34.306,3.8619,366.014,360,11.34,54.0,1000
1143,400.68,34.286,34.286,3.8619,366.394,360,11.32,54.0,1000
1144,401.04,34.266,34.266,3.8619,366.774,360,11.3,54.0,1000
1145,401.4,34.246,34.246,3.8619,367.154,360,11.28,54.0,1000
1146,401.76,34.226,34.226,3.8619,367.534,360,11.27,54.0,1000
1147,402.12,34.206,34.206,3.8619,367.914,360,11.25,54.0,1000
1148,402.48,34.186,34.186,3.8619,368.294,360,11.23,54.0,1000
1149,402.84,34.166,34.166,3.8619,368.674,360,11.21,54.0,1000
1150,403.2,34.146,34.146,3.8619,369.054,360,11.19,54.0,1000
1151,403.56,34.126,34.126,3.8619,369.434,360,11.17,54.0,1000
1152,403.92,34.106,34.106,3.8619,369.814,360,11.15,54.0,1000
1153,404.28,34.086,34.086,3.8619,370.194,360,11.13,54.0,1000
1154,404.64,34.066,34.066,3.8619,370.574,360,11.11,54.0,1000
1155,405.0,34.046,34.046,3.8619,370.954,360,11.09,54.0,1000
1156,405.36,34.026,34.026,3.8619,371.334,360,11.06,54.0,1000
1157,405.72,34.006,34.006,3.8619,371.714,360,11.04,54.0,1000
1158,406.08,33.986,33.986,3.8619,372.094,360,11.02,54.0,1000
1159,406.44,33.966,33.966,3.8619,372.474,360,11.0,54.0,1000
1160,406.8,33.946,33.946,3.8619,372.854,360,10.98,54.0,1000
1161,407.16,33.926,33.926,3.8619,373.234,360,10.96,54.0,1000
1162,407.52,33.906,33.906,3.8619,373.614,360,10.94,54.0,1000
1163,407.88,33.886,33.886,3.8619,373.994,360,10.92,54.0,1000
1164,408.24,33.866,33.866,3.8619,374.374,360,10.9,54.0,1000
1165,408.6,33.846,33.846,3.8619,374.754,360,10.88,54.0,1000
1166,408.96,33.826,33.826,3.8619,375.134,360,10.86,54.0,1000
1167,409.32,33.806,33.806,3.8619,375.514,360,10.84,54.0,1000
1168,409.68,33.786,33.786,3.8619,375.894,360,10.82,54.0,1000
1169,410.04,33.766,33.766,3.8619,376.274,360,10.8,54.0,1000
1170,410.4,33.746,33.746,3.8619,376.654,360,10.78,54.0,1000
1171,410.76,33.726,33.726,3.8619,377.034,360,10.76,54.0,1000
1172,411.12,33.706,33.706,3.8619,377.414,360,10.74,54.0,1000
1173,411.48,33.686,33.686,3.8619,377.794,360,10.71,54.0,1000
1174,411.84,33.666,33.666,3.8619,378.174,360,10.69,54.0,1000
1175,412.2,33.646,33.646,3.8619,378.554,360,10.67,54.0,1000
1176,412.56,33.626,33.626,3.8619,378.934,360,10.65,54.0,1000
1177,412.92,33.606,33.606,3.8619,379.314,360,10.63,54.0,1000
1178,413.28,33.586,33.586,3.8619,379.694,360,10.61,54.0,1000
1179,413.64,33.566,33.566,3.8619,380.074,360,10.59,54.0,1000
1180,414.0,33.546,33.546,3.8619,380.454,360,10.57,54.0,1000
1181,414.36,33.526,33.526,3.8619,380.834,360,10.54,54.0,1000
1182,414.72,33.506,33.506,3.8619,381.214,360,10.52,54.0,1000
1183,415.08,33.486,33.486,3.8619,381.594,360,10.5,54.0,1000
1184,415.44,33.466,33.466,3.8619,381.974,360,10.48,54.0,1000
1185,415.8,33.446,33.446,3.8619,382.354,360,10.46,54.0,1000
1186,416.16,33.426,33.426,3.8619,382.734,360,10.44,54.0,1000
1187,416.52,33.406,33.406,3.8619,383.114,360,10.42,54.0,1000
1188,416.88,33.386,33.386,3.8619,383.494,360,10.39,54.0,1000
1189,417.24,33.366,33.366,3.8619,383.874,360,10.37,54.0,1000
1190,417.6,33.346,33.346,3.8619,384.254,360,10.35,54.0,1000
1191,417.96,33.326,33.326,3.8619,384.634,360,10.33,54.0,1000
1192,418.32,33.306,33.306,3.8619,385.014,360,10.31,54.0,1000
1193,418.68,33.286,33.286,3.8619,385.394,360,10.29,54.0,1000
1194,419.04,33.266,33.266,3.8619,385.774,360,10.26,54.0,1000
1195,419.4,33.246,33.246,3.8619,386.154,360,10.24,54.0,1000
1196,419.76,33.226,33.226,3.8619,386.534,360,10.22,54.0,1000
1197,420.12,33.206,33.206,3.8619,386.914,360,10.2,54.0,1000
1198,420.48,33.186,33.186,3.8619,387.294,360,10.18,54.0,1000
1199,420.84,33.166,33.166,3.8619,387.674,360,10.15,54.0,1000
1200,421.2,33.146,33.146,3.8619,388.054,360,10.13,54.0,1000
1201,421.56,33.126,33.126,3.8619,388.434,360,10.11,54.0,1000
1202,421.92,33.106,33.106,3.8619,388.814,360,10.09,54.0,1000
1203,422.28,33.086,33.086,3.8619,389.194,360,10.07,54.0,1000
1204,422.64,33.066,33.066,3.8619,389.574,360,10.04,54.0,1000
1205,423.0,33.046,33.046,3.8619,389.954,360,10.02,54.0,1000
1206,423.36,33.026,33.026,3.8619,390.334,360,10.0,54.0,1000
1207,423.72,33.006,33.006,3.8619,390.714,360,9.98,54.0,1000
1208,424.08,32.986,32.986,3.8619,391.094,360,9.95,54.0,1000
1209,424.44,32.966,32.966,3.8619,391.474,360,9.93,54.0,1000
1210,424.8,32.946,32.946,3.8619,391.854,360,9.91,54.0,1000
1211,425.16,32.926,32.926,3.8619,392.234,360,9.89,54.0,1000
1212,425.52,32.906,32.906,3.8619,392.614,360,9.86,54.0,1000
1213,425.88,32.886,32.886,3.8619,392.994,360,9.84,54.0,1000
1214,426.24,32.866,32.866,3.8619,393.374,360,9.82,54.0,1000
1215,426.6,32.846,32.846,3.8619,393.754,360,9.8,54.0,1000
1216,426.96,32.826,32.826,3.8619,394.134,360,9.77,54.0,1000
1217,427.32,32.806,32.806,3.8619,394.514,360,9.75,54.0,1000
1218,427.68,32.786,32.786,3.8619,394.894,360,9.73,54.0,1000
1219,428.04,32.766,32.766,3.8619,395.274,360,9.7,54.0,1000
1220,428.4,32.746,32.746,3.8619,395.654,360,9.68,54.0,1000
1221,428.76,32.726,32.726,3.8619,396.034,360,9.66,54.0,1000
1222,429.12,32.706,32.706,3.8619,396.414,360,9.64,54.0,1000
1223,429.48,32.686,32.686,3.8619,396.794,360,9.61,54.0,1000
1224,429.84,32.666,32.666,3.8619,397.174,360,9.59,54.0,1000
1225,430.2,32.646,32.646,3.8619,397.554,360,9.57,54.0,1000
1226,430.56,32.626,32.626,3.8619,397.934,360,9.54,54.0,1000
1227,430.92,32.606,32.606,3.8619,398.314,360,9.52,54.0,1000
1228,431.28,32.586,32.586,3.8619,398.694,360,9.5,54.0,1000
1229,431.64,32.566,32.566,3.8619,399.074,360,9.47,54.0,1000
1230,432.0,32.546,32.546,3.8619,399.454,360,9.45,54.0,1000
1231,432.36,32.526,32.526,3.8619,399.834,360,9.43,54.0,1000
1232,432.72,32.506,32.506,3.8619,400.214,360,9.4,54.0,1000
1233,433.08,32.486,32.486,3.8619,400.594,360,9.38,54.0,1000
1234,433.44,32.466,32.466,3.8619,400.974,360,9.36,54.0,1000
1235,433.8,32.446,32.446,3.8619,401.354,360,9.33,54.0,1000
1236,434.16,32.426,32.426,3.8619,401.734,360,9.31,54.0,1000
1237,434.52,32.406,32.406,3.8619,402.114,360,9.29,54.0,1000
1238,434.88,32.386,32.386,3.8619,402.494,360,9.26,54.0,1000
1239,435.24,32.366,32.366,3.8619,402.874,360,9.24,54.0,1000
1240,435.6,32.346,32.346,3.8619,403.254,360,9.22,54.0,1000
1241,435.96,32.326,32.326,3.8619,403.634,360,9.19,54.0,1000
1242,436.32,32.306,32.306,3.8619,404.014,360,9.17,54.0,1000
1243,436.68,32.286,32.286,3.8619,404.394,360,9.14,54.0,1000
1244,437.04,32.266,32.266,3.8619,404.774,360,9.12,54.0,1000
1245,437.4,32.246,32.246,3.8619,405.154,360,9.1,54.0,1000
1246,437.76,32.226,32.226,3.8619,405.534,360,9.07,54.0,1000
1247,438.12,32.206,32.206,3.8619,405.914,360,9.05,54.0,1000
1248,438.48,32.186,32.186,3.8619,406.294,360,9.03,54.0,1000
1249,438.84,32.166,32.166,3.8619,406.674,360,9.0,54.0,1000
1250,439.2,32.146,32.146,3.8619,407.054,360,8.98,54.0,1000
1251,439.56,32.126,32.126,3.8619,407.434,360,8.95,54.0,1000
1252,439.92,32.106,32.106,3.8619,407.814,360,8.93,54.0,1000
1253,440.28,32.086,32.086,3.8619,408.194,360,8.9,54.0,1000
1254,440.64,32.066,32.066,3.8619,408.574,360,8.88,54.0,1000
1255,441.0,32.046,32.046,3.8619,408.954,360,8.86,54.0,1000
1256,441.36,32.026,32.026,3.8619,409.334,360,8.83,54.0,1000
1257,441.72,32.006,32.006,3.8619,409.714,360,8.81,54.0,1000
1258,442.08,31.986,31.986,3.8619,410.094,360,8.78,54.0,1000
1259,442.44,31.966,31.966,3.8619,410.474,360,8.76,54.0,1000
1260,442.8,31.946,31.946,3.8619,410.854,360,8.73,54.0,1000
1261,443.16,31.926,31.926,3.8619,411.234,360,8.71,54.0,1000
1262,443.52,31.906,31.906,3.8619,411.614,360,8.69,54.0,1000
1263,443.88,31.886,31.886,3.8619,411.994,360,8.66,54.0,1000
1264,444.24,31.866,31.866,3.8619,412.374,360,8.64,54.0,1000
1265,444.6,31.846,31.846,3.8619,412.754,360,8.61,54.0,1000
1266,444.96,31.826,31.826,3.8619,413.134,360,8.59,54.0,1000
1267,445.32,31.806,31.806,3.8619,413.514,360,8.56,54.0,1000
1268,445.68,31.786,31.786,3.8619,413.894,360,8.54,54.0,1000
1269,446.04,31.766,31.766,3.8619,414.274,360,8.51,54.0,1000
1270,446.4,31.746,31.746,3.8619,414.654,360,8.49,54.0,1000
1271,446.76,31.726,31.726,3.8619,415.034,360,8.46,54.0,1000
1272,447.12,31.706,31.706,3.8619,415.414,360,8.44,54.0,1000
1273,447.48,31.686,31.686,3.8619,415.794,360,8.41,54.0,1000
1274,447.84,31.666,31.666,3.8619,416.174,360,8.39,54.0,1000
1275,448.2,31.646,31.646,3.8619,416.554,360,8.37,54.0,1000
1276,448.56,31.626,31.626,3.8619,416.934,360,8.34,54.0,1000
1277,448.92,31.606,31.606,3.8619,417.314,360,8.32,54.0,1000
1278,449.28,31.586,31.586,3.8619,417.694,360,8.29,54.0,1000
1279,449.64,31.566,31.566,3.8619,418.074,360,8.27,54.0,1000
1280,450.0,31.546,31.546,3.8619,418.454,360,8.24,54.0,1000
1281,450.36,31.526,31.526,3.8619,418.834,360,8.22,54.0,1000
1282,450.72,31.506,31.506,3.8619,419.214,360,8.19,54.0,1000
1283,451.08,31.486,31.486,3.8619,419.594,360,8.16,54.0,1000
1284,451.44,31.466,31.466,3.8619,419.974,360,8.14,54.0,1000
1285,451.8,31.446,31.446,3.8619,420.354,360,8.11,54.0,1000
1286,452.16,31.426,31.426,3.8619,420.734,360,8.09,54.0,1000
1287,452.52,31.406,31.406,3.8619,421.114,360,8.06,54.0,1000
1288,452.88,31.386,31.386,3.8619,421.494,360,8.04,54.0,1000
1289,453.24,31.366,31.366,3.8619,421.874,360,8.01,54.0,1000
1290,453.6,31.346,31.346,3.8619,422.254,360,7.99,54.0,1000
1291,453.96,31.326,31.326,3.8619,422.634,360,7.96,54.0,1000
1292,454.32,31.306,31.306,3.8619,423.014,360,7.94,54.0,1000
1293,454.68,31.286,31.286,3.8619,423.394,360,7.91,54.0,1000
1294,455.04,31.266,31.266,3.8619,423.774,360,7.89,54.0,1000
1295,455.4,31.246,31.246,3.8619,424.154,360,7.86,54.0,1000
1296,455.76,31.226,31.226,3.8619,424.534,360,7.84,54.0,1000
1297,456.12,31.206,31.206,3.8619,424.914,360,7.81,54.0,1000
1298,456.48,31.186,31.186,3.8619,425.294,360,7.78,54.0,1000
1299,456.84,31.166,31.166,3.8619,425.674,360,7.76,54.0,1000
1300,457.2,31.146,31.146,3.8619,426.054,360,7.73,54.0,1000
1301,457.56,31.126,31.126,3.8619,426.434,360,7.71,54.0,1000
1302,457.92,31.106,31.106,3.8619,426.814,360,7.68,54.0,1000
1303,458.28,31.086,31.086,3.8619,427.194,360,7.66,54.0,1000
1304,458.64,31.066,31.066,3.8619,427.574,360,7.63,54.0,1000
1305,459.0,31.046,31.046,3.8619,427.954,360,7.6,54.0,1000
1306,459.36,31.026,31.026,3.8619,428.334,360,7.58,54.0,1000
1307,459.72,31.006,31.006,3.8619,428.714,360,7.55,54.0,1000
1308,460.08,30.986,30.986,3.8619,429.094,360,7.53,54.0,1000
1309,460.44,30.966,30.966,3.8619,429.474,360,7.5,54.0,1000
1310,460.8,30.946,30.946,3.8619,429.854,360,7.47,54.0,1000
1311,461.16,30.926,30.926,3.8619,430.234,360,7.45,54.0,1000
1312,461.52,30.906,30.906,3.8619,430.614,360,7.42,54.0,1000
1313,461.88,30.886,30.886,3.8619,430.994,360,7.4,54.0,1000
1314,462.24,30.866,30.866,3.8619,431.374,360,7.37,54.0,1000
1315,462.6,30.846,30.846,3.8619,431.754,360,7.34,54.0,1000
1316,462.96,30.826,30.826,3.8619,432.134,360,7.32,54.0,1000
1317,463.32,30.806,30.806,3.8619,432.514,360,7.29,54.0,1000
1318,463.68,30.786,30.786,3.8619,432.894,360,7.26,54.0,1000
1319,464.04,30.766,30.766,3.8619,433.274,360,7.24,54.0,1000
1320,464.4,30.746,30.746,3.8619,433.654,360,7.21,54.0,1000
1321,464.76,30.726,30.726,3.8619,434.034,360,7.19,54.0,1000
1322,465.12,30.706,30.706,3.8619,434.414,360,7.16,54.0,1000
1323,465.48,30.686,30.686,3.8619,434.794,360,7.13,54.0,1000
1324,465.84,30.666,30.666,3.8619,435.174,360,7.11,54.0,1000
1325,466.2,30.646,30.646,3.8619,435.554,360,7.08,54.0,1000
1326,466.56,30.626,30.626,3.8619,435.934,360,7.05,54.0,1000
1327,466.92,30.606,30.606,3.8619,436.314,360,7.03,54.0,1000
1328,467.28,30.586,30.586,3.8619,436.694,360,7.0,54.0,1000
1329,467.64,30.566,30.566,3.8619,437.074,360,6.97,54.0,1000
1330,468.0,30.546,30.546,3.8619,437.454,360,6.95,54.0,1000
1331,468.36,30.526,30.526,3.8619,437.834,360,6.92,54.0,1000
1332,468.72,30.506,30.506,3.8619,438.214,360,6.89,54.0,1000
1333,469.08,30.486,30.486,3.8619,438.594,360,6.87,54.0,1000
1334,469.44,30.466,30.466,3.8619,438.974,360,6.84,54.0,1000
1335,469.8,30.446,30.446,3.8619,439.354,360,6.81,54.0,1000
1336,470.16,30.426,30.426,3.8619,439.734,360,6.79,54.0,1000
1337,470.52,30.406,30.406,3.8619,440.114,360,6.76,54.0,1000
1338,470.88,30.386,30.386,3.8619,440.494,360,6.73,54.0,1000
1339,471.24,30.366,30.366,3.8619,440.874,360,6.71,54.0,1000
1340,471.6,30.346,30.346,3.8619,441.254,360,6.68,54.0,1000
1341,471.96,30.326,30.326,3.8619,441.634,360,6.65,54.0,1000
1342,472.32,30.306,30.306,3.8619,442.014,360,6.63,54.0,1000
1343,472.68,30.286,30.286,3.8619,442.394,360,6.6,54.0,1000
1344,473.04,30.266,30.266,3.8619,442.774,360,6.57,54.0,1000
1345,473.4,30.246,30.246,3.8619,443.154,360,6.55,54.0,1000
1346,473.76,30.226,30.226,3.8619,443.534,360,6.52,54.0,1000
1347,474.12,30.206,30.206,3.8619,443.914,360,6.49,54.0,1000
1348,474.48,30.186,30.186,3.8619,444.294,360,6.46,54.0,1000
1349,474.84,30.166,30.166,3.8619,444.674,360,6.44,54.0,1000
1350,475.2,30.146,30.146,3.8619,445.054,360,6.41,54.0,1000
1351,475.56,30.126,30.126,3.8619,445.434,360,6.38,54.0,1000
1352,475.92,30.106,30.106,3.8619,445.814,360,6.36,54.0,1000
1353,476.28,30.086,30.086,3.8619,446.194,360,6.33,54.0,1000
1354,476.64,30.066,30.066,3.8619,446.574,360,6.3,54.0,1000
1355,477.0,30.046,30.046,3.8619,446.954,360,6.27,54.0,1000
1356,477.36,30.026,30.026,3.8619,447.334,360,6.25,54.0,1000
1357,477.72,30.006,30.006,3.8619,447.714,360,6.22,54.0,1000
1358,478.08,29.986,29.986,3.8619,448.094,360,6.19,54.0,1000
1359,478.44,29.966,29.966,3.8619,448.474,360,6.17,54.0,1000
1360,478.8,29.946,29.946,3.8619,448.854,360,6.14,54.0,1000
1361,479.16,29.926,29.926,3.8619,449.234,360,6.11,54.0,1000
1362,479.52,29.906,29.906,3.8619,449.614,360,6.08,54.0,1000
1363,479.88,29.886,29.886,3.8619,449.994,360,6.06,54.0,1000
1364,480.24,29.866,29.866,3.8619,450.374,360,6.03,54.0,1000
1365,480.6,29.846,29.846,3.8619,450.754,360,6.0,54.0,1000
1366,480.96,29.826,29.826,3.8619,451.134,360,5.97,54.0,1000
1367,481.32,29.806,29.806,3.8619,451.514,360,5.95,54.0,1000
1368,481.68,29.786,29.786,3.8619,451.894,360,5.92,54.0,1000
1369,482.04,29.766,29.766,3.8619,452.274,360,5.89,54.0,1000
1370,482.4,29.746,29.746,3.8619,452.654,360,5.86,54.0,1000
1371,482.76,29.726,29.726,3.8619,453.034,360,5.84,54.0,1000
1372,483.12,29.706,29.706,3.8619,453.414,360,5.81,54.0,1000
1373,483.48,29.686,29.686,3.8619,453.794,360,5.78,54.0,1000
1374,483.84,29.666,29.666,3.8619,454.174,360,5.75,54.0,1000
1375,484.2,29.646,29.646,3.8619,454.554,360,5.72,54.0,1000
1376,484.56,29.626,29.626,3.8619,454.934,360,5.7,54.0,1000
1377,484.92,29.606,29.606,3.8619,455.314,360,5.67,54.0,1000
1378,485.28,29.586,29.586,3.8619,455.694,360,5.64,54.0,1000
1379,485.64,29.566,29.566,3.8619,456.074,360,5.61,54.0,1000
1380,486.0,29.546,29.546,3.8619,456.454,360,5.59,54.0,1000
1381,486.36,29.526,29.526,3.8619,456.834,360,5.56,54.0,1000
1382,486.72,29.506,29.506,3.8619,457.214,360,5.53,54.0,1000
1383,487.08,29.486,29.486,3.8619,457.594,360,5.5,54.0,1000
1384,487.44,29.466,29.466,3.8619,457.974,360,5.47,54.0,1000
1385,487.8,29.446,29.446,3.8619,458.354,360,5.45,54.0,1000
1386,488.16,29.426,29.426,3.8619,458.734,360,5.42,54.0,1000
1387,488.52,29.406,29.406,3.8619,459.114,360,5.39,54.0,1000
1388,488.88,29.386,29.386,3.8619,459.494,360,5.36,54.0,1000
1389,489.24,29.366,29.366,3.8619,459.874,360,5.33,54.0,1000
1390,489.6,29.346,29.346,3.8619,460.254,360,5.31,54.0,1000
1391,489.96,29.326,29.326,3.8619,460.634,360,5.28,54.0,1000
1392,490.32,29.306,29.306,3.8619,461.014,360,5.25,54.0,1000
1393,490.68,29.286,29.286,3.8619,461.394,360,5.22,54.0,1000
1394,491.04,29.266,29.266,3.8619,461.774,360,5.19,54.0,1000
1395,491.4,29.246,29.246,3.8619,462.154,360,5.17,54.0,1000
1396,491.76,29.226,29.226,3.8619,462.534,360,5.14,54.0,1000
1397,492.12,29.206,29.206,3.8619,462.914,360,5.11,54.0,1000
1398,492.48,29.186,29.186,3.8619,463.294,360,5.08,54.0,1000
1399,492.84,29.166,29.166,3.8619,463.674,360,5.05,54.0,1000
1400,493.2,29.146,29.146,3.8619,464.054,360,5.02,54.0,1000
1401,493.56,29.126,29.126,3.8619,464.434,360,5.0,54.0,1000
1402,493.92,29.106,29.106,3.8619,464.814,360,4.97,54.0,1000
1403,494.28,29.086,29.086,3.8619,465.194,360,4.94,54.0,1000
1404,494.64,29.066,29.066,3.8619,465.574,360,4.91,54.0,1000
1405,495.0,29.046,29.046,3.8619,465.954,360,4.88,54.0,1000
1406,495.36,29.026,29.026,3.8619,466.334,360,4.85,54.0,1000
1407,495.72,29.006,29.006,3.8619,466.714,360,4.83,54.0,1000
1408,496.08,28.986,28.986,3.8619,467.094,360,4.8,54.0,1000
1409,496.44,28.966,28.966,3.8619,467.474,360,4.77,54.0,1000
1410,496.8,28.946,28.946,3.8619,467.854,360,4.74,54.0,1000
1411,497.16,28.926,28.926,3.8619,468.234,360,4.71,54.0,1000
1412,497.52,28.906,28.906,3.8619,468.614,360,4.68,54.0,1000
1413,497.88,28.886,28.886,3.8619,468.994,360,4.66,54.0,1000
1414,498.24,28.866,28.866,3.8619,469.374,360,4.63,54.0,1000
1415,498.6,28.846,28.846,3.8619,469.754,360,4.6,54.0,1000
1416,498.96,28.826,28.826,3.8619,470.134,360,4.57,54.0,1000
1417,499.32,28.806,28.806,3.8619,470.514,360,4.54,54.0,1000
1418,499.68,28.786,28.786,3.8619,470.894,360,4.51,54.0,1000
1419,500.04,28.766,28.766,3.8619,471.274,360,4.48,54.0,1000
1420,500.4,28.746,28.746,3.8619,471.654,360,4.46,54.0,1000
1421,500.76,28.726,28.726,3.8619,472.034,360,4.43,54.0,1000
1422,501.12,28.706,28.706,3.8619,472.414,360,4.4,54.0,1000
1423,501.48,28.686,28.686,3.8619,472.794,360,4.37,54.0,1000
1424,501.84,28.666,28.666,3.8619,473.174,360,4.34,54.0,1000
1425,502.2,28.646,28.646,3.8619,473.554,360,4.31,54.0,1000
1426,502.56,28.626,28.626,3.8619,473.934,360,4.28,54.0,1000
1427,502.92,28.606,28.606,3.8619,474.314,360,4.25,54.0,1000
1428,503.28,28.586,28.586,3.8619,474.694,360,4.23,54.0,1000
1429,503.64,28.566,28.566,3.8619,475.074,360,4.2,54.0,1000
1430,504.0,28.546,28.546,3.8619,475.454,360,4.17,54.0,1000
1431,504.36,28.526,28.526,3.8619,475.834,360,4.14,54.0,1000
1432,504.72,28.506,28.506,3.8619,476.214,360,4.11,54.0,1000
1433,505.08,28.486,28.486,3.8619,476.594,360,4.08,54.0,1000
1434,505.44,28.466,28.466,3.8619,476.974,360,4.05,54.0,1000
1435,505.8,28.446,28.446,3.8619,477.354,360,4.02,54.0,1000
1436,506.16,28.426,28.426,3.8619,477.734,360,4.0,54.0,1000
1437,506.52,28.406,28.406,3.8619,478.114,360,3.97,54.0,1000
1438,506.88,28.386,28.386,3.8619,478.494,360,3.94,54.0,1000
1439,507.24,28.366,28.366,3.8619,478.874,360,3.91,54.0,1000
1440,507.6,28.346,28.346,3.8619,479.254,360,3.88,54.0,1000
1441,507.96,28.326,28.326,3.8619,479.634,360,3.85,54.0,1000
1442,508.32,28.306,28.306,3.8619,480.014,360,3.82,54.0,1000
1443,508.68,28.286,28.286,3.8619,480.394,360,3.79,54.0,1000
1444,509.04,28.266,28.266,3.8619,480.774,360,3.76,54.0,1000
1445,509.4,28.246,28.246,3.8619,481.154,360,3.73,54.0,1000
1446,509.76,28.226,28.226,3.8619,481.534,360,3.71,54.0,1000
1447,510.12,28.206,28.206,3.8619,481.914,360,3.68,54.0,1000
1448,510.48,28.186,28.186,3.8619,482.294,360,3.65,54.0,1000
1449,510.84,28.166,28.166,3.8619,482.674,360,3.62,54.0,1000
1450,511.2,28.146,28.146,3.8619,483.054,360,3.59,54.0,1000
1451,511.56,28.126,28.126,3.8619,483.434,360,3.56,54.0,1000
1452,511.92,28.106,28.106,3.8619,483.814,360,3.53,54.0,1000
1453,512.28,28.086,28.086,3.8619,484.194,360,3.5,54.0,1000
1454,512.64,28.066,28.066,3.8619,484.574,360,3.47,54.0,1000
1455,513.0,28.046,28.046,3.8619,484.954,360,3.44,54.0,1000
1456,513.36,28.026,28.026,3.8619,485.334,360,3.41,54.0,1000
1457,513.72,28.006,28.006,3.8619,485.714,360,3.38,54.0,1000
1458,514.08,27.986,27.986,3.8619,486.094,360,3.36,54.0,1000
1459,514.44,27.966,27.966,3.8619,486.474,360,3.33,54.0,1000
1460,514.8,27.946,27.946,3.8619,486.854,360,3.3,54.0,1000
1461,515.16,27.926,27.926,3.8619,487.234,360,3.27,54.0,1000
1462,515.52,27.906,27.906,3.8619,487.614,360,3.24,54.0,1000
1463,515.88,27.886,27.886,3.8619,487.994,360,3.21,54.0,1000
1464,516.24,27.866,27.866,3.8619,488.374,360,3.18,54.0,1000
1465,516.6,27.846,27.846,3.8619,488.754,360,3.15,54.0,1000
1466,516.96,27.826,27.826,3.8619,489.134,360,3.12,54.0,1000
1467,517.32,27.806,27.806,3.8619,489.514,360,3.09,54.0,1000
1468,517.68,27.786,27.786,3.8619,489.894,360,3.06,54.0,1000
1469,518.04,27.766,27.766,3.8619,490.274,360,3.03,54.0,1000
1470,518.4,27.746,27.746,3.8619,490.654,360,3.0,54.0,1000
1471,518.76,27.726,27.726,3.8619,491.034,360,2.97,54.0,1000
1472,519.12,27.706,27.706,3.8619,491.414,360,2.94,54.0,1000
1473,519.48,27.686,27.686,3.8619,491.794,360,2.92,54.0,1000
1474,519.84,27.666,27.666,3.8619,492.174,360,2.89,54.0,1000
1475,520.2,27.646,27.646,3.8619,492.554,360,2.86,54.0,1000
1476,520.56,27.626,27.626,3.8619,492.934,360,2.83,54.0,1000
1477,520.92,27.606,27.606,3.8619,493.314,360,2.8,54.0,1000
1478,521.28,27.586,27.586,3.8619,493.694,360,2.77,54.0,1000
1479,521.64,27.566,27.566,3.8619,494.074,360,2.74,54.0,1000
1480,522.0,27.546,27.546,3.8619,494.454,360,2.71,54.0,1000
1481,522.36,27.526,27.526,3.8619,494.834,360,2.68,54.0,1000
1482,522.72,27.506,27.506,3.8619,495.214,360,2.65,54.0,1000
1483,523.08,27.486,27.486,3.8619,495.594,360,2.62,54.0,1000
1484,523.44,27.466,27.466,3.8619,495.974,360,2.59,54.0,1000
1485,523.8,27.446,27.446,3.8619,496.354,360,2.56,54.0,1000
1486,524.16,27.426,27.426,3.8619,496.734,360,2.53,54.0,1000
1487,524.52,27.406,27.406,3.8619,497.114,360,2.5,54.0,1000
1488,524.88,27.386,27.386,3.8619,497.494,360,2.47,54.0,1000
1489,525.24,27.366,27.366,3.8619,497.874,360,2.44,54.0,1000
1490,525.6,27.346,27.346,3.8619,498.254,360,2.41,54.0,1000
1491,525.96,27.326,27.326,3.8619,498.634,360,2.38,54.0,1000
1492,526.32,27.306,27.306,3.8619,499.014,360,2.35,54.0,1000
1493,526.68,27.286,27.286,3.8619,499.394,360,2.32,54.0,1000
1494,527.04,27.266,27.266,3.8619,499.774,360,2.29,54.0,1000
1495,527.4,27.246,27.246,3.8619,500.154,360,2.27,54.0,1000
1496,527.76,27.226,27.226,3.8619,500.534,360,2.24,54.0,1000
1497,528.12,27.206,27.206,3.8619,500.914,360,2.21,54.0,1000
1498,528.48,27.186,27.186,3.8619,501.294,360,2.18,54.0,1000
1499,528.84,27.166,27.166,3.8619,501.674,360,2.15,54.0,1000
1500,529.2,27.146,27.146,3.8619,502.054,360,2.12,54.0,1000
1501,529.56,27.126,27.126,3.8619,502.434,360,2.09,54.0,1000
1502,529.92,27.106,27.106,3.8619,502.814,360,2.06,54.0,1000
1503,530.28,27.086,27.086,3.8619,503.194,360,2.03,54.0,1000
1504,530.64,27.066,27.066,3.8619,503.574,360,2.0,54.0,1000
1505,531.0,27.046,27.046,3.8619,503.954,360,1.97,54.0,1000
1506,531.36,27.026,27.026,3.8619,504.334,360,1.94,54.0,1000
1507,531.72,27.006,27.006,3.8619,504.714,360,1.91,54.0,1000
1508,532.08,26.986,26.986,3.8619,505.094,360,1.88,54.0,1000
1509,532.44,26.966,26.966,3.8619,505.474,360,1.85,54.0,1000
1510,532.8,26.946,26.946,3.8619,505.854,360,1.82,54.0,1000
1511,533.16,26.926,26.926,3.8619,506.234,360,1.79,54.0,1000
1512,533.52,26.906,26.906,3.8619,506.614,360,1.76,54.0,1000
1513,533.88,26.886,26.886,3.8619,506.994,360,1.73,54.0,1000
1514,534.24,26.866,26.866,3.8619,507.374,360,1.7,54.0,1000
1515,534.6,26.846,26.846,3.8619,507.754,360,1.67,54.0,1000
1516,534.96,26.826,26.826,3.8619,508.134,360,1.64,54.0,1000
1517,535.32,26.806,26.806,3.8619,508.514,360,1.61,54.0,1000
1518,535.68,26.786,26.786,3.8619,508.894,360,1.58,54.0,1000
1519,536.04,26.766,26.766,3.8619,509.274,360,1.55,54.0,1000
1520,536.4,26.746,26.746,3.8619,509.654,360,1.52,54.0,1000
1521,536.76,26.726,26.726,3.8619,510.034,360,1.49,54.0,1000
1522,537.12,26.706,26.706,3.8619,510.414,360,1.46,54.0,1000
1523,537.48,26.686,26.686,3.8619,510.794,360,1.43,54.0,1000
1524,537.84,26.666,26.666,3.8619,511.174,360,1.4,54.0,1000
1525,538.2,26.646,26.646,3.8619,511.554,360,1.37,54.0,1000
1526,538.56,26.626,26.626,3.8619,511.934,360,1.34,54.0,1000
1527,538.92,26.606,26.606,3.8619,512.314,360,1.31,54.0,1000
1528,539.28,26.586,26.586,3.8619,512.694,360,1.28,54.0,1000
1529,539.64,26.566,26.566,3.8619,513.074,360,1.25,54.0,1000
1530,540.0,26.546,26.546,3.8619,513.454,360,1.22,54.0,1000
1531,540.36,26.526,26.526,3.8619,513.834,360,1.19,54.0,1000
1532,540.72,26.506,26.506,3.8619,514.214,360,1.16,54.0,1000
1533,541.08,26.486,26.486,3.8619,514.594,360,1.13,54.0,1000
1534,541.44,26.466,26.466,3.8619,514.974,360,1.1,54.0,1000
1535,541.8,26.446,26.446,3.8619,515.354,360,1.07,54.0,1000
1536,542.16,26.426,26.426,3.8619,515.734,360,1.04,54.0,1000
1537,542.52,26.406,26.406,3.8619,516.114,360,1.01,54.0,1000
1538,542.88,26.386,26.386,3.8619,516.494,360,0.98,54.0,1000
1539,543.24,26.366,26.366,3.8619,516.874,360,0.95,54.0,1000
1540,543.6,26.346,26.346,3.8619,517.254,360,0.92,54.0,1000
1541,543.96,26.326,26.326,3.8619,517.634,360,0.89,54.0,1000
1542,544.32,26.306,26.306,3.8619,518.014,360,0.86,54.0,1000
1543,544.68,26.286,26.286,3.8619,518.394,360,0.83,54.0,1000
1544,545.04,26.266,26.266,3.8619,518.774,360,0.8,54.0,1000
1545,545.4,26.246,26.246,3.8619,519.154,360,0.77,54.0,1000
1546,545.76,26.226,26.226,3.8619,519.534,360,0.74,54.0,1000
1547,546.12,26.206,26.206,3.8619,519.914,360,0.71,54.0,1000
1548,546.48,26.186,26.186,3.8619,520.294,360,0.68,54.0,1000
1549,546.84,26.166,26.166,3.8619,520.674,360,0.65,54.0,1000
1550,547.2,26.146,26.146,3.8619,521.054,360,0.62,54.0,1000
1551,547.56,26.126,26.126,3.8619,521.434,360,0.59,54.0,1000
1552,547.92,26.106,26.106,3.8619,521.814,360,0.56,54.0,1000
1553,548.28,26.086,26.086,3.8619,522.194,360,0.53,54.0,1000
1554,548.64,26.066,26.066,3.8619,522.574,360,0.5,54.0,1000
1555,549.0,26.046,26.046,3.8619,522.954,360,0.47,54.0,1000
1556,549.36,26.026,26.026,3.8619,523.334,360,0.44,54.0,1000
1557,549.72,26.006,26.006,3.8619,523.714,360,0.41,54.0,1000
1558,550.08,25.986,25.986,3.8619,524.094,360,0.38,54.0,1000
1559,550.44,25.966,25.966,3.8619,524.474,360,0.35,54.0,1000
1560,550.8,25.946,25.946,3.8619,524.854,360,0.32,54.0,1000
1561,551.16,25.926,25.926,3.8619,525.234,360,0.29,54.0,1000
1562,551.52,25.906,25.906,3.8619,525.614,360,0.26,54.0,1000
1563,551.88,25.886,25.886,3.8619,525.994,360,0.23,54.0,1000
1564,552.24,25.866,25.866,3.8619,526.374,360,0.2,54.0,1000
1565,552.6,25.846,25.846,3.8619,526.754,360,0.17,54.0,1000
1566,552.96,25.826,25.826,3.8619,527.134,360,0.14,54.0,1000
1567,553.32,25.806,25.806,3.8619,527.514,360,0.11,54.0,1000
1568,553.68,25.786,25.786,3.8619,527.894,360,0.08,54.0,1000
1569,554.04,25.766,25.766,3.8619,528.274,360,0.05,54.0,1000
1570,554.4,25.746,25.746,3.8619,528.654,360,0.02,54.0,1000
1571,554.76,25.766,25.766,3.8619,528.994,360,-0.01,54.0,1000
1572,555.12,25.786,25.786,3.8619,529.334,360,-0.04,54.0,1000
1573,555.48,25.806,25.806,3.8619,529.674,360,-0.07,54.0,1000
1574,555.84,25.826,25.826,3.8619,530.014,360,-0.1,54.0,1000
1575,556.2,25.846,25.846,3.8619,530.354,360,-0.13,54.0,1000
1576,556.56,25.866,25.866,3.8619,530.694,360,-0.16,54.0,1000
1577,556.92,25.886,25.886,3.8619,531.034,360,-0.19,54.0,1000
1578,557.28,25.906,25.906,3.8619,531.374,360,-0.22,54.0,1000
1579,557.64,25.926,25.926,3.8619,531.714,360,-0.25,54.0,1000
1580,558.0,25.946,25.946,3.8619,532.054,360,-0.28,54.0,1000
1581,558.36,25.966,25.966,3.8619,532.394,360,-0.31,54.0,1000
1582,558.72,25.986,25.986,3.8619,532.734,360,-0.34,54.0,1000
1583,559.08,26.006,26.006,3.8619,533.074,360,-0.37,54.0,1000
1584,559.44,26.026,26.026,3.8619,533.414,360,-0.4,54.0,1000
1585,559.8,26.046,26.046,3.8619,533.754,360,-0.43,54.0,1000
1586,560.16,26.066,26.066,3.8619,534.094,360,-0.46,54.0,1000
1587,560.52,26.086,26.086,3.8619,534.434,360,-0.49,54.0,1000
1588,560.88,26.106,26.106,3.8619,534.774,360,-0.52,54.0,1000
1589,561.24,26.126,26.126,3.8619,535.114,360,-0.55,54.0,1000
1590,561.6,26.146,26.146,3.8619,535.454,360,-0.58,54.0,1000
1591,561.96,26.166,26.166,3.8619,535.794,360,-0.61,54.0,1000
1592,562.32,26.186,26.186,3.8619,536.134,360,-0.64,54.0,1000
1593,562.68,26.206,26.206,3.8619,536.474,360,-0.67,54.0,1000
1594,563.04,26.226,26.226,3.8619,536.814,360,-0.7,54.0,1000
1595,563.4,26.246,26.246,3.8619,537.154,360,-0.73,54.0,1000
1596,563.76,26.266,26.266,3.8619,537.494,360,-0.76,54.0,1000
1597,564.12,26.286,26.286,3.8619,537.834,360,-0.79,54.0,1000
1598,564.48,26.306,26.306,3.8619,538.174,360,-0.82,54.0,1000
1599,564.84,26.326,26.326,3.8619,538.514,360,-0.85,54.0,1000
1600,565.2,26.346,26.346,3.8619,538.854,360,-0.88,54.0,1000
1601,565.56,26.366,26.366,3.8619,539.194,360,-0.91,54.0,1000
1602,565.92,26.386,26.386,3.8619,539.534,360,-0.94,54.0,1000
1603,566.28,26.406,26.406,3.8619,539.874,360,-0.97,54.0,1000
1604,566.64,26.426,26.426,3.8619,540.214,360,-1.0,54.0,1000
1605,567.0,26.446,26.446,3.8619,540.554,360,-1.03,54.0,1000
1606,567.36,26.466,26.466,3.8619,540.894,360,-1.06,54.0,1000
1607,567.72,26.486,26.486,3.8619,541.234,360,-1.09,54.0,1000
1608,568.08,26.506,26.506,3.8619,541.574,360,-1.12,54.0,1000
1609,568.44,26.526,26.526,3.8619,541.914,360,-1.14,54.0,1000
1610,568.8,26.546,26.546,3.8619,542.254,360,-1.17,54.0,1000
1611,569.16,26.566,26.566,3.8619,542.594,360,-1.2,54.0,1000
1612,569.52,26.586,26.586,3.8619,542.934,360,-1.23,54.0,1000
1613,569.88,26.606,26.606,3.8619,543.274,360,-1.26,54.0,1000
1614,570.24,26.626,26.626,3.8619,543.614,360,-1.29,54.0,1000
1615,570.6,26.646,26.646,3.8619,543.954,360,-1.32,54.0,1000
1616,570.96,26.666,26.666,3.8619,544.294,360,-1.35,54.0,1000
1617,571.32,26.686,26.686,3.8619,544.634,360,-1.38,54.0,1000
1618,571.68,26.706,26.706,3.8619,544.974,360,-1.41,54.0,1000
1619,572.04,26.726,26.726,3.8619,545.314,360,-1.44,54.0,1000
1620,572.4,26.746,26.746,3.8619,545.654,360,-1.47,54.0,1000
1621,572.76,26.766,26.766,3.8619,545.994,360,-1.5,54.0,1000
1622,573.12,26.786,26.786,3.8619,546.334,360,-1.53,54.0,1000
1623,573.48,26.806,26.806,3.8619,546.674,360,-1.56,54.0,1000
1624,573.84,26.826,26.826,3.8619,547.014,360,-1.59,54.0,1000
1625,574.2,26.846,26.846,3.8619,547.354,360,-1.62,54.0,1000
1626,574.56,26.866,26.866,3.8619,547.694,360,-1.65,54.0,1000
1627,574.92,26.886,26.886,3.8619,548.034,360,-1.68,54.0,1000
1628,575.28,26.906,26.906,3.8619,548.374,360,-1.71,54.0,1000
1629,575.64,26.926,26.926,3.8619,548.714,360,-1.74,54.0,1000
1630,576.0,26.946,26.946,3.8619,549.054,360,-1.77,54.0,1000
1631,576.36,26.966,26.966,3.8619,549.394,360,-1.8,54.0,1000
1632,576.72,26.986,26.986,3.8619,549.734,360,-1.83,54.0,1000
1633,577.08,27.006,27.006,3.8619,550.074,360,-1.86,54.0,1000
1634,577.44,27.026,27.026,3.8619,550.414,360,-1.89,54.0,1000
1635,577.8,27.046,27.046,3.8619,550.754,360,-1.92,54.0,1000
1636,578.16,27.066,27.066,3.8619,551.094,360,-1.95,54.0,1000
1637,578.52,27.086,27.086,3.8619,551.434,360,-1.98,54.0,1000
1638,578.88,27.106,27.106,3.8619,551.774,360,-2.01,54.0,1000
1639,579.24,27.126,27.126,3.8619,552.114,360,-2.04,54.0,1000
1640,579.6,27.146,27.146,3.8619,552.454,360,-2.07,54.0,1000
1641,579.96,27.166,27.166,3.8619,552.794,360,-2.1,54.0,1000
1642,580.32,27.186,27.186,3.8619,553.134,360,-2.13,54.0,1000
1643,580.68,27.206,27.206,3.8619,553.474,360,-2.16,54.0,1000
1644,581.04,27.226,27.226,3.8619,553.814,360,-2.19,54.0,1000
1645,581.4,27.246,27.246,3.8619,554.154,360,-2.22,54.0,1000
1646,581.76,27.266,27.266,3.8619,554.494,360,-2.25,54.0,1000
1647,582.12,27.286,27.286,3.8619,554.834,360,-2.28,54.0,1000
1648,582.48,27.306,27.306,3.8619,555.174,360,-2.31,54.0,1000
1649,582.84,27.326,27.326,3.8619,555.514,360,-2.34,54.0,1000
1650,583.2,27.346,27.346,3.8619,555.854,360,-2.37,54.0,1000
1651,583.56,27.366,27.366,3.8619,556.194,360,-2.4,54.0,1000
1652,583.92,27.386,27.386,3.8619,556.534,360,-2.43,54.0,1000
1653,584.28,27.406,27.406,3.8619,556.874,360,-2.46,54.0,1000
1654,584.64,27.426,27.426,3.8619,557.214,360,-2.48,54.0,1000
1655,585.0,27.446,27.446,3.8619,557.554,360,-2.51,54.0,1000
1656,585.36,27.466,27.466,3.8619,557.894,360,-2.54,54.0,1000
1657,585.72,27.486,27.486,3.8619,558.234,360,-2.57,54.0,1000
1658,586.08,27.506,27.506,3.8619,558.574,360,-2.6,54.0,1000
1659,586.44,27.526,27.526,3.8619,558.914,360,-2.63,54.0,1000
1660,586.8,27.546,27.546,3.8619,559.254,360,-2.66,54.0,1000
1661,587.16,27.566,27.566,3.8619,559.594,360,-2.69,54.0,1000
1662,587.52,27.586,27.586,3.8619,559.934,360,-2.72,54.0,1000
1663,587.88,27.606,27.606,3.8619,560.274,360,-2.75,54.0,1000
1664,588.24,27.626,27.626,3.8619,560.614,360,-2.78,54.0,1000
1665,588.6,27.646,27.646,3.8619,560.954,360,-2.81,54.0,1000
1666,588.96,27.666,27.666,3.8619,561.294,360,-2.84,54.0,1000
1667,589.32,27.686,27.686,3.8619,561.634,360,-2.87,54.0,1000
1668,589.68,27.706,27.706,3.8619,561.974,360,-2.9,54.0,1000
1669,590.04,27.726,27.726,3.8619,562.314,360,-2.93,54.0,1000
1670,590.4,27.746,27.746,3.8619,562.654,360,-2.96,54.0,1000
1671,590.76,27.766,27.766,3.8619,562.994,360,-2.99,54.0,1000
1672,591.12,27.786,27.786,3.8619,563.334,360,-3.02,54.0,1000
1673,591.48,27.806,27.806,3.8619,563.674,360,-3.04,54.0,1000
1674,591.84,27.826,27.826,3.8619,564.014,360,-3.07,54.0,1000
1675,592.2,27.846,27.846,3.8619,564.354,360,-3.1,54.0,1000
1676,592.56,27.866,27.866,3.8619,564.694,360,-3.13,54.0,1000
1677,592.92,27.886,27.886,3.8619,565.034,360,-3.16,54.0,1000
1678,593.28,27.906,27.906,3.8619,565.374,360,-3.19,54.0,1000
1679,593.64,27.926,27.926,3.8619,565.714,360,-3.22,54.0,1000
1680,594.0,27.946,27.946,3.8619,566.054,360,-3.25,54.0,1000
1681,594.36,27.966,27.966,3.8619,566.394,360,-3.28,54.0,1000
1682,594.72,27.986,27.986,3.8619,566.734,360,-3.31,54.0,1000
1683,595.08,28.006,28.006,3.8619,567.074,360,-3.34,54.0,1000
1684,595.44,28.026,28.026,3.8619,567.414,360,-3.37,54.0,1000
1685,595.8,28.046,28.046,3.8619,567.754,360,-3.4,54.0,1000
1686,596.16,28.066,28.066,3.8619,568.094,360,-3.43,54.0,1000
1687,596.52,28.086,28.086,3.8619,568.434,360,-3.45,54.0,1000
1688,596.88,28.106,28.106,3.8619,568.774,360,-3.48,54.0,1000
1689,597.24,28.126,28.126,3.8619,569.114,360,-3.51,54.0,1000
1690,597.6,28.146,28.146,3.8619,569.454,360,-3.54,54.0,1000
1691,597.96,28.166,28.166,3.8619,569.794,360,-3.57,54.0,1000
1692,598.32,28.186,28.186,3.8619,570.134,360,-3.6,54.0,1000
1693,598.68,28.206,28.206,3.8619,570.474,360,-3.63,54.0,1000
1694,599.04,28.226,28.226,3.8619,570.814,360,-3.66,54.0,1000
1695,599.4,28.246,28.246,3.8619,571.154,360,-3.69,54.0,1000
1696,599.76,28.266,28.266,3.8619,571.494,360,-3.72,54.0,1000
1697,600.12,28.286,28.286,3.8619,571.834,360,-3.75,54.0,1000
1698,600.48,28.306,28.306,3.8619,572.174,360,-3.78,54.0,1000
1699,600.84,28.326,28.326,3.8619,572.514,360,-3.8,54.0,1000
1700,601.2,28.346,28.346,3.8619,572.854,360,-3.83,54.0,1000
1701,601.56,28.366,28.366,3.8619,573.194,360,-3.86,54.0,1000
1702,601.92,28.386,28.386,3.8619,573.534,360,-3.89,54.0,1000
1703,602.28,28.406,28.406,3.8619,573.874,360,-3.92,54.0,1000
1704,602.64,28.426,28.426,3.8619,574.214,360,-3.95,54.0,1000
1705,603.0,28.446,28.446,3.8619,574.554,360,-3.98,54.0,1000
1706,603.36,28.466,28.466,3.8619,574.894,360,-4.01,54.0,1000
1707,603.72,28.486,28.486,3.8619,575.234,360,-4.04,54.0,1000
1708,604.08,28.506,28.506,3.8619,575.574,360,-4.06,54.0,1000
1709,604.44,28.526,28.526,3.8619,575.914,360,-4.09,54.0,1000
1710,604.8,28.546,28.546,3.8619,576.254,360,-4.12,54.0,1000
1711,605.16,28.566,28.566,3.8619,576.594,360,-4.15,54.0,1000
1712,605.52,28.586,28.586,3.8619,576.934,360,-4.18,54.0,1000
1713,605.88,28.606,28.606,3.8619,577.274,360,-4.21,54.0,1000
1714,606.24,28.626,28.626,3.8619,577.614,360,-4.24,54.0,1000
1715,606.6,28.646,28.646,3.8619,577.954,360,-4.27,54.0,1000
1716,606.96,28.666,28.666,3.8619,578.294,360,-4.3,54.0,1000
1717,607.32,28.686,28.686,3.8619,578.634,360,-4.32,54.0,1000
1718,607.68,28.706,28.706,3.8619,578.974,360,-4.35,54.0,1000
1719,608.04,28.726,28.726,3.8619,579.314,360,-4.38,54.0,1000
1720,608.4,28.746,28.746,3.8619,579.654,360,-4.41,54.0,1000
1721,608.76,28.766,28.766,3.8619,579.994,360,-4.44,54.0,1000
1722,609.12,28.786,28.786,3.8619,580.334,360,-4.47,54.0,1000
1723,609.48,28.806,28.806,3.8619,580.674,360,-4.5,54.0,1000
1724,609.84,28.826,28.826,3.8619,581.014,360,-4.52,54.0,1000
1725,610.2,28.846,28.846,3.8619,581.354,360,-4.55,54.0,1000
1726,610.56,28.866,28.866,3.8619,581.694,360,-4.58,54.0,1000
1727,610.92,28.886,28.886,3.8619,582.034,360,-4.61,54.0,1000
1728,611.28,28.906,28.906,3.8619,582.374,360,-4.64,54.0,1000
1729,611.64,28.926,28.926,3.8619,582.714,360,-4.67,54.0,1000
1730,612.0,28.946,28.946,3.8619,583.054,360,-4.7,54.0,1000
1731,612.36,28.966,28.966,3.8619,583.394,360,-4.72,54.0,1000
1732,612.72,28.986,28.986,3.8619,583.734,360,-4.75,54.0,1000
1733,613.08,29.006,29.006,3.8619,584.074,360,-4.78,54.0,1000
1734,613.44,29.026,29.026,3.8619,584.414,360,-4.81,54.0,1000
1735,613.8,29.046,29.046,3.8619,584.754,360,-4.84,54.0,1000
1736,614.16,29.066,29.066,3.8619,585.094,360,-4.87,54.0,1000
1737,614.52,29.086,29.086,3.8619,585.434,360,-4.89,54.0,1000
1738,614.88,29.106,29.106,3.8619,585.774,360,-4.92,54.0,1000
1739,615.24,29.126,29.126,3.8619,586.114,360,-4.95,54.0,1000
1740,615.6,29.146,29.146,3.8619,586.454,360,-4.98,54.0,1000
1741,615.96,29.166,29.166,3.8619,586.794,360,-5.01,54.0,1000
1742,616.32,29.186,29.186,3.8619,587.134,360,-5.04,54.0,1000
1743,616.68,29.206,29.206,3.8619,587.474,360,-5.06,54.0,1000
1744,617.04,29.226,29.226,3.8619,587.814,360,-5.09,54.0,1000
1745,617.4,29.246,29.246,3.8619,588.154,360,-5.12,54.0,1000
1746,617.76,29.266,29.266,3.8619,588.494,360,-5.15,54.0,1000
1747,618.12,29.286,29.286,3.8619,588.834,360,-5.18,54.0,1000
1748,618.48,29.306,29.306,3.8619,589.174,360,-5.21,54.0,1000
1749,618.84,29.326,29.326,3.8619,589.514,360,-5.23,54.0,1000
1750,619.2,29.346,29.346,3.8619,589.854,360,-5.26,54.0,1000
1751,619.56,29.366,29.366,3.8619,590.194,360,-5.29,54.0,1000
1752,619.92,29.386,29.386,3.8619,590.534,360,-5.32,54.0,1000
1753,620.28,29.406,29.406,3.8619,590.874,360,-5.35,54.0,1000
1754,620.64,29.426,29.426,3.8619,591.214,360,-5.37,54.0,1000
1755,621.0,29.446,29.446,3.8619,591.554,360,-5.4,54.0,1000
1756,621.36,29.466,29.466,3.8619,591.894,360,-5.43,54.0,1000
1757,621.72,29.486,29.486,3.8619,592.234,360,-5.46,54.0,1000
1758,622.08,29.506,29.506,3.8619,592.574,360,-5.49,54.0,1000
1759,622.44,29.526,29.526,3.8619,592.914,360,-5.51,54.0,1000
1760,622.8,29.546,29.546,3.8619,593.254,360,-5.54,54.0,1000
1761,623.16,29.566,29.566,3.8619,593.594,360,-5.57,54.0,1000
1762,623.52,29.586,29.586,3.8619,593.934,360,-5.6,54.0,1000
1763,623.88,29.606,29.606,3.8619,594.274,360,-5.63,54.0,1000
1764,624.24,29.626,29.626,3.8619,594.614,360,-5.65,54.0,1000
1765,624.6,29.646,29.646,3.8619,594.954,360,-5.68,54.0,1000
1766,624.96,29.666,29.666,3.8619,595.294,360,-5.71,54.0,1000
1767,625.32,29.686,29.686,3.8619,595.634,360,-5.74,54.0,1000
1768,625.68,29.706,29.706,3.8619,595.974,360,-5.76,54.0,1000
1769,626.04,29.726,29.726,3.8619,596.314,360,-5.79,54.0,1000
1770,626.4,29.746,29.746,3.8619,596.654,360,-5.82,54.0,1000
1771,626.76,29.766,29.766,3.8619,596.994,360,-5.85,54.0,1000
1772,627.12,29.786,29.786,3.8619,597.334,360,-5.87,54.0,1000
1773,627.48,29.806,29.806,3.8619,597.674,360,-5.9,54.0,1000
1774,627.84,29.826,29.826,3.8619,598.014,360,-5.93,54.0,1000
1775,628.2,29.846,29.846,3.8619,598.354,360,-5.96,54.0,1000
1776,628.56,29.866,29.866,3.8619,598.694,360,-5.98,54.0,1000
1777,628.92,29.886,29.886,3.8619,599.034,360,-6.01,54.0,1000
1778,629.28,29.906,29.906,3.8619,599.374,360,-6.04,54.0,1000
1779,629.64,29.926,29.926,3.8619,599.714,360,-6.07,54.0,1000
1780,630.0,29.946,29.946,3.8619,600.054,360,-6.09,54.0,1000
1781,630.36,29.966,29.966,3.8619,600.394,360,-6.12,54.0,1000
1782,630.72,29.986,29.986,3.8619,600.734,360,-6.15,54.0,1000
1783,631.08,30.006,30.006,3.8619,601.074,360,-6.18,54.0,1000
1784,631.44,30.026,30.026,3.8619,601.414,360,-6.2,54.0,1000
1785,631.8,30.046,30.046,3.8619,601.754,360,-6.23,54.0,1000
1786,632.16,30.066,30.066,3.8619,602.094,360,-6.26,54.0,1000
1787,632.52,30.086,30.086,3.8619,602.434,360,-6.29,54.0,1000
1788,632.88,30.106,30.106,3.8619,602.774,360,-6.31,54.0,1000
1789,633.24,30.126,30.126,3.8619,603.114,360,-6.34,54.0,1000
1790,633.6,30.146,30.146,3.8619,603.454,360,-6.37,54.0,1000
1791,633.96,30.166,30.166,3.8619,603.794,360,-6.39,54.0,1000
1792,634.32,30.186,30.186,3.8619,604.134,360,-6.42,54.0,1000
1793,634.68,30.206,30.206,3.8619,604.474,360,-6.45,54.0,1000
1794,635.04,30.226,30.226,3.8619,604.814,360,-6.48,54.0,1000
1795,635.4,30.246,30.246,3.8619,605.154,360,-6.5,54.0,1000
1796,635.76,30.266,30.266,3.8619,605.494,360,-6.53,54.0,1000
1797,636.12,30.286,30.286,3.8619,605.834,360,-6.56,54.0,1000
1798,636.48,30.306,30.306,3.8619,606.174,360,-6.58,54.0,1000
1799,636.84,30.326,30.326,3.8619,606.514,360,-6.61,54.0,1000
1800,637.2,30.346,30.346,3.8619,606.854,360,-6.64,54.0,1000
1801,637.56,30.366,30.366,3.8619,607.194,360,-6.66,54.0,1000
1802,637.92,30.386,30.386,3.8619,607.534,360,-6.69,54.0,1000
1803,638.28,30.406,30.406,3.8619,607.874,360,-6.72,54.0,1000
1804,638.64,30.426,30.426,3.8619,608.214,360,-6.75,54.0,1000
1805,639.0,30.446,30.446,3.8619,608.554,360,-6.77,54.0,1000
1806,639.36,30.466,30.466,3.8619,608.894,360,-6.8,54.0,1000
1807,639.72,30.486,30.486,3.8619,609.234,360,-6.83,54.0,1000
1808,640.08,30.506,30.506,3.8619,609.574,360,-6.85,54.0,1000
1809,640.44,30.526,30.526,3.8619,609.914,360,-6.88,54.0,1000
1810,640.8,30.546,30.546,3.8619,610.254,360,-6.91,54.0,1000
1811,641.16,30.566,30.566,3.8619,610.594,360,-6.93,54.0,1000
1812,641.52,30.586,30.586,3.8619,610.934,360,-6.96,54.0,1000
1813,641.88,30.606,30.606,3.8619,611.274,360,-6.99,54.0,1000
1814,642.24,30.626,30.626,3.8619,611.614,360,-7.01,54.0,1000
1815,642.6,30.646,30.646,3.8619,611.954,360,-7.04,54.0,1000
1816,642.96,30.666,30.666,3.8619,612.294,360,-7.06,54.0,1000
1817,643.32,30.686,30.686,3.8619,612.634,360,-7.09,54.0,1000
1818,643.68,30.706,30.706,3.8619,612.974,360,-7.12,54.0,1000
1819,644.04,30.726,30.726,3.8619,613.314,360,-7.14,54.0,1000
1820,644.4,30.746,30.746,3.8619,613.654,360,-7.17,54.0,1000
1821,644.76,30.766,30.766,3.8619,613.994,360,-7.2,54.0,1000
1822,645.12,30.786,30.786,3.8619,614.334,360,-7.22,54.0,1000
1823,645.48,30.806,30.806,3.8619,614.674,360,-7.25,54.0,1000
1824,645.84,30.826,30.826,3.8619,615.014,360,-7.28,54.0,1000
1825,646.2,30.846,30.846,3.8619,615.354,360,-7.3,54.0,1000
1826,646.56,30.866,30.866,3.8619,615.694,360,-7.33,54.0,1000
1827,646.92,30.886,30.886,3.8619,616.034,360,-7.35,54.0,1000
1828,647.28,30.906,30.906,3.8619,616.374,360,-7.38,54.0,1000
1829,647.64,30.926,30.926,3.8619,616.714,360,-7.41,54.0,1000
1830,648.0,30.946,30.946,3.8619,617.054,360,-7.43,54.0,1000
1831,648.36,30.966,30.966,3.8619,617.394,360,-7.46,54.0,1000
1832,648.72,30.986,30.986,3.8619,617.734,360,-7.48,54.0,1000
1833,649.08,31.006,31.006,3.8619,618.074,360,-7.51,54.0,1000
1834,649.44,31.026,31.026,3.8619,618.414,360,-7.54,54.0,1000
1835,649.8,31.046,31.046,3.8619,618.754,360,-7.56,54.0,1000
1836,650.16,31.066,31.066,3.8619,619.094,360,-7.59,54.0,1000
1837,650.52,31.086,31.086,3.8619,619.434,360,-7.61,54.0,1000
1838,650.88,31.106,31.106,3.8619,619.774,360,-7.64,54.0,1000
1839,651.24,31.126,31.126,3.8619,620.114,360,-7.67,54.0,1000
1840,651.6,31.146,31.146,3.8619,620.454,360,-7.69,54.0,1000
1841,651.96,31.166,31.166,3.8619,620.794,360,-7.72,54.0,1000
1842,652.32,31.186,31.186,3.8619,621.134,360,-7.74,54.0,1000
1843,652.68,31.206,31.206,3.8619,621.474,360,-7.77,54.0,1000
1844,653.04,31.226,31.226,3.8619,621.814,360,-7.79,54.0,1000
1845,653.4,31.246,31.246,3.8619,622.154,360,-7.82,54.0,1000
1846,653.76,31.266,31.266,3.8619,622.494,360,-7.85,54.0,1000
1847,654.12,31.286,31.286,3.8619,622.834,360,-7.87,54.0,1000
1848,654.48,31.306,31.306,3.8619,623.174,360,-7.9,54.0,1000
1849,654.84,31.326,31.326,3.8619,623.514,360,-7.92,54.0,1000
1850,655.2,31.346,31.346,3.8619,623.854,360,-7.95,54.0,1000
1851,655.56,31.366,31.366,3.8619,624.194,360,-7.97,54.0,1000
1852,655.92,31.386,31.386,3.8619,624.534,360,-8.0,54.0,1000
1853,656.28,31.406,31.406,3.8619,624.874,360,-8.02,54.0,1000
1854,656.64,31.426,31.426,3.8619,625.214,360,-8.05,54.0,1000
1855,657.0,31.446,31.446,3.8619,625.554,360,-8.07,54.0,1000
1856,657.36,31.466,31.466,3.8619,625.894,360,-8.1,54.0,1000
1857,657.72,31.486,31.486,3.8619,626.234,360,-8.12,54.0,1000
1858,658.08,31.506,31.506,3.8619,626.574,360,-8.15,54.0,1000
1859,658.44,31.526,31.526,3.8619,626.914,360,-8.18,54.0,1000
1860,658.8,31.546,31.546,3.8619,627.254,360,-8.2,54.0,1000
1861,659.16,31.566,31.566,3.8619,627.594,360,-8.23,54.0,1000
1862,659.52,31.586,31.586,3.8619,627.934,360,-8.25,54.0,1000
1863,659.88,31.606,31.606,3.8619,628.274,360,-8.28,54.0,1000
1864,660.24,31.626,31.626,3.8619,628.614,360,-8.3,54.0,1000
1865,660.6,31.646,31.646,3.8619,628.954,360,-8.33,54.0,1000
1866,660.96,31.666,31.666,3.8619,629.294,360,-8.35,54.0,1000
1867,661.32,31.686,31.686,3.8619,629.634,360,-8.38,54.0,1000
1868,661.68,31.706,31.706,3.8619,629.974,360,-8.4,54.0,1000
1869,662.04,31.726,31.726,3.8619,630.314,360,-8.43,54.0,1000
1870,662.4,31.746,31.746,3.8619,630.654,360,-8.45,54.0,1000
1871,662.76,31.766,31.766,3.8619,630.994,360,-8.47,54.0,1000
1872,663.12,31.786,31.786,3.8619,631.334,360,-8.5,54.0,1000
1873,663.48,31.806,31.806,3.8619,631.674,360,-8.52,54.0,1000
1874,663.84,31.826,31.826,3.8619,632.014,360,-8.55,54.0,1000
1875,664.2,31.846,31.846,3.8619,632.354,360,-8.57,54.0,1000
1876,664.56,31.866,31.866,3.8619,632.694,360,-8.6,54.0,1000
1877,664.92,31.886,31.886,3.8619,633.034,360,-8.62,54.0,1000
1878,665.28,31.906,31.906,3.8619,633.374,360,-8.65,54.0,1000
1879,665.64,31.926,31.926,3.8619,633.714,360,-8.67,54.0,1000
1880,666.0,31.946,31.946,3.8619,634.054,360,-8.7,54.0,1000
1881,666.36,31.966,31.966,3.8619,634.394,360,-8.72,54.0,1000
1882,666.72,31.986,31.986,3.8619,634.734,360,-8.74,54.0,1000
1883,667.08,32.006,32.006,3.8619,635.074,360,-8.77,54.0,1000
1884,667.44,32.026,32.026,3.8619,635.414,360,-8.79,54.0,1000
1885,667.8,32.046,32.046,3.8619,635.754,360,-8.82,54.0,1000
1886,668.16,32.066,32.066,3.8619,636.094,360,-8.84,54.0,1000
1887,668.52,32.086,32.086,3.8619,636.434,360,-8.87,54.0,1000
1888,668.88,32.106,32.106,3.8619,636.774,360,-8.89,54.0,1000
1889,669.24,32.126,32.126,3.8619,637.114,360,-8.91,54.0,1000
1890,669.6,32.146,32.146,3.8619,637.454,360,-8.94,54.0,1000
1891,669.96,32.166,32.166,3.8619,637.794,360,-8.96,54.0,1000
1892,670.32,32.186,32.186,3.8619,638.134,360,-8.99,54.0,1000
1893,670.68,32.206,32.206,3.8619,638.474,360,-9.01,54.0,1000
1894,671.04,32.226,32.226,3.8619,638.814,360,-9.03,54.0,1000
1895,671.4,32.246,32.246,3.8619,639.154,360,-9.06,54.0,1000
1896,671.76,32.266,32.266,3.8619,639.494,360,-9.08,54.0,1000
1897,672.12,32.286,32.286,3.8619,639.834,360,-9.11,54.0,1000
1898,672.48,32.306,32.306,3.8619,640.174,360,-9.13,54.0,1000
1899,672.84,32.326,32.326,3.8619,640.514,360,-9.15,54.0,1000
1900,673.2,32.346,32.346,3.8619,640.854,360,-9.18,54.0,1000
1901,673.56,32.366,32.366,3.8619,641.194,360,-9.2,54.0,1000
1902,673.92,32.386,32.386,3.8619,641.534,360,-9.23,54.0,1000
1903,674.28,32.406,32.406,3.8619,641.874,360,-9.25,54.0,1000
1904,674.64,32.426,32.426,3.8619,642.214,360,-9.27,54.0,1000
1905,675.0,32.446,32.446,3.8619,642.554,360,-9.3,54.0,1000
1906,675.36,32.466,32.466,3.8619,642.894,360,-9.32,54.0,1000
1907,675.72,32.486,32.486,3.8619,643.234,360,-9.34,54.0,1000
1908,676.08,32.506,32.506,3.8619,643.574,360,-9.37,54.0,1000
1909,676.44,32.526,32.526,3.8619,643.914,360,-9.39,54.0,1000
1910,676.8,32.546,32.546,3.8619,644.254,360,-9.41,54.0,1000
1911,677.16,32.566,32.566,3.8619,644.594,360,-9.44,54.0,1000
1912,677.52,32.586,32.586,3.8619,644.934,360,-9.46,54.0,1000
1913,677.88,32.606,32.606,3.8619,645.274,360,-9.48,54.0,1000
1914,678.24,32.626,32.626,3.8619,645.614,360,-9.51,54.0,1000
1915,678.6,32.646,32.646,3.8619,645.954,360,-9.53,54.0,1000
1916,678.96,32.666,32.666,3.8619,646.294,360,-9.55,54.0,1000
1917,679.32,32.686,32.686,3.8619,646.634,360,-9.58,54.0,1000
1918,679.68,32.706,32.706,3.8619,646.974,360,-9.6,54.0,1000
1919,680.04,32.726,32.726,3.8619,647.314,360,-9.62,54.0,1000
1920,680.4,32.746,32.746,3.8619,647.654,360,-9.64,54.0,1000
1921,680.76,32.766,32.766,3.8619,647.994,360,-9.67,54.0,1000
1922,681.12,32.786,32.786,3.8619,648.334,360,-9.69,54.0,1000
1923,681.48,32.806,32.806,3.8619,648.674,360,-9.71,54.0,1000
1924,681.84,32.826,32.826,3.8619,649.014,360,-9.74,54.0,1000
1925,682.2,32.846,32.846,3.8619,649.354,360,-9.76,54.0,1000
1926,682.56,32.866,32.866,3.8619,649.694,360,-9.78,54.0,1000
1927,682.92,32.886,32.886,3.8619,650.034,360,-9.8,54.0,1000
1928,683.28,32.906,32.906,3.8619,650.374,360,-9.83,54.0,1000
1929,683.64,32.926,32.926,3.8619,650.714,360,-9.85,54.0,1000
1930,684.0,32.946,32.946,3.8619,651.054,360,-9.87,54.0,1000
1931,684.36,32.966,32.966,3.8619,651.394,360,-9.9,54.0,1000
1932,684.72,32.986,32.986,3.8619,651.734,360,-9.92,54.0,1000
1933,685.08,33.006,33.006,3.8619,652.074,360,-9.94,54.0,1000
1934,685.44,33.026,33.026,3.8619,652.414,360,-9.96,54.0,1000
1935,685.8,33.046,33.046,3.8619,652.754,360,-9.99,54.0,1000
1936,686.16,33.066,33.066,3.8619,653.094,360,-10.01,54.0,1000
1937,686.52,33.086,33.086,3.8619,653.434,360,-10.03,54.0,1000
1938,686.88,33.106,33.106,3.8619,653.774,360,-10.05,54.0,1000
1939,687.24,33.126,33.126,3.8619,654.114,360,-10.07,54.0,1000
1940,687.6,33.146,33.146,3.8619,654.454,360,-10.1,54.0,1000
1941,687.96,33.166,33.166,3.8619,654.794,360,-10.12,54.0,1000
1942,688.32,33.186,33.186,3.8619,655.134,360,-10.14,54.0,1000
1943,688.68,33.206,33.206,3.8619,655.474,360,-10.16,54.0,1000
1944,689.04,33.226,33.226,3.8619,655.814,360,-10.19,54.0,1000
1945,689.4,33.246,33.246,3.8619,656.154,360,-10.21,54.0,1000
1946,689.76,33.266,33.266,3.8619,656.494,360,-10.23,54.0,1000
1947,690.12,33.286,33.286,3.8619,656.834,360,-10.25,54.0,1000
1948,690.48,33.306,33.306,3.8619,657.174,360,-10.27,54.0,1000
1949,690.84,33.326,33.326,3.8619,657.514,360,-10.29,54.0,1000
1950,691.2,33.346,33.346,3.8619,657.854,360,-10.32,54.0,1000
1951,691.56,33.366,33.366,3.8619,658.194,360,-10.34,54.0,1000
1952,691.92,33.386,33.386,3.8619,658.534,360,-10.36,54.0,1000
1953,692.28,33.406,33.406,3.8619,658.874,360,-10.38,54.0,1000
1954,692.64,33.426,33.426,3.8619,659.214,360,-10.4,54.0,1000
1955,693.0,33.446,33.446,3.8619,659.554,360,-10.42,54.0,1000
1956,693.36,33.466,33.466,3.8619,659.894,360,-10.45,54.0,1000
1957,693.72,33.486,33.486,3.8619,660.234,360,-10.47,54.0,1000
1958,694.08,33.506,33.506,3.8619,660.574,360,-10.49,54.0,1000
1959,694.44,33.526,33.526,3.8619,660.914,360,-10.51,54.0,1000
1960,694.8,33.546,33.546,3.8619,661.254,360,-10.53,54.0,1000
1961,695.16,33.566,33.566,3.8619,661.594,360,-10.55,54.0,1000
1962,695.52,33.586,33.586,3.8619,661.934,360,-10.57,54.0,1000
1963,695.88,33.606,33.606,3.8619,662.274,360,-10.6,54.0,1000
1964,696.24,33.626,33.626,3.8619,662.614,360,-10.62,54.0,1000
1965,696.6,33.646,33.646,3.8619,662.954,360,-10.64,54.0,1000
1966,696.96,33.666,33.666,3.8619,663.294,360,-10.66,54.0,1000
1967,697.32,33.686,33.686,3.8619,663.634,360,-10.68,54.0,1000
1968,697.68,33.706,33.706,3.8619,663.974,360,-10.7,54.0,1000
1969,698.04,33.726,33.726,3.8619,664.314,360,-10.72,54.0,1000
1970,698.4,33.746,33.746,3.8619,664.654,360,-10.74,54.0,1000
1971,698.76,33.766,33.766,3.8619,664.994,360,-10.76,54.0,1000
1972,699.12,33.786,33.786,3.8619,665.334,360,-10.79,54.0,1000
1973,699.48,33.806,33.806,3.8619,665.674,360,-10.81,54.0,1000
1974,699.84,33.826,33.826,3.8619,666.014,360,-10.83,54.0,1000
1975,700.2,33.846,33.846,3.8619,666.354,360,-10.85,54.0,1000
1976,700.56,33.866,33.866,3.8619,666.694,360,-10.87,54.0,1000
1977,700.92,33.886,33.886,3.8619,667.034,360,-10.89,54.0,1000
1978,701.28,33.906,33.906,3.8619,667.374,360,-10.91,54.0,1000
1979,701.64,33.926,33.926,3.8619,667.714,360,-10.93,54.0,1000
1980,702.0,33.946,33.946,3.8619,668.054,360,-10.95,54.0,1000
1981,702.36,33.966,33.966,3.8619,668.394,360,-10.97,54.0,1000
1982,702.72,33.986,33.986,3.8619,668.734,360,-10.99,54.0,1000
1983,703.08,34.006,34.006,3.8619,669.074,360,-11.01,54.0,1000
1984,703.44,34.026,34.026,3.8619,669.414,360,-11.03,54.0,1000
1985,703.8,34.046,34.046,3.8619,669.754,360,-11.05,54.0,1000
1986,704.16,34.066,34.066,3.8619,670.094,360,-11.07,54.0,1000
1987,704.52,34.086,34.086,3.8619,670.434,360,-11.09,54.0,1000
1988,704.88,34.106,34.106,3.8619,670.774,360,-11.11,54.0,1000
1989,705.24,34.126,34.126,3.8619,671.114,360,-11.13,54.0,1000
1990,705.6,34.146,34.146,3.8619,671.454,360,-11.15,54.0,1000
1991,705.96,34.166,34.166,3.8619,671.794,360,-11.17,54.0,1000
1992,706.32,34.186,34.186,3.8619,672.134,360,-11.19,54.0,1000
1993,706.68,34.206,34.206,3.8619,672.474,360,-11.21,54.0,1000
1994,707.04,34.226,34.226,3.8619,672.814,360,-11.23,54.0,1000
1995,707.4,34.246,34.246,3.8619,673.154,360,-11.25,54.0,1000
1996,707.76,34.266,34.266,3.8619,673.494,360,-11.27,54.0,1000
1997,708.12,34.286,34.286,3.8619,673.834,360,-11.29,54.0,1000
1998,708.48,34.306,34.306,3.8619,674.174,360,-11.31,54.0,1000
1999,708.84,34.326,34.326,3.8619,674.514,360,-11.33,54.0,1000
2000,709.2,34.346,34.346,3.8619,674.854,360,-11.35,54.0,1000
2001,709.557,34.366,34.366,3.8619,675.191,360,-11.37,54.0,1000
2002,709.908,34.386,34.386,3.8619,675.522,360,-11.39,54.0,1000
2003,710.253,34.406,34.406,3.8619,675.847,360,-11.41,54.0,1000
2004,710.592,34.426,34.426,3.8619,676.166,360,-11.43,54.0,1000
2005,710.925,34.446,34.446,3.8619,676.479,360,-11.45,54.0,1000
2006,711.252,34.466,34.466,3.8619,676.786,360,-11.47,54.0,1000
2007,711.573,34.486,34.486,3.8619,677.087,360,-11.49,54.0,1000
2008,711.888,34.506,34.506,3.8619,677.382,360,-11.51,54.0,1000
2009,712.197,34.526,34.526,3.8619,677.671,360,-11.53,54.0,1000
2010,712.5,34.546,34.546,3.8619,677.954,360,-11.55,54.0,1000
2011,712.797,34.566,34.566,3.8619,678.231,360,-11.56,54.0,1000
2012,713.088,34.586,34.586,3.8619,678.502,360,-11.58,54.0,1000
2013,713.373,34.606,34.606,3.8619,678.767,360,-11.6,54.0,1000
2014,713.652,34.626,34.626,3.8619,679.026,360,-11.62,54.0,1000
2015,713.925,34.646,34.646,3.8619,679.279,360,-11.64,54.0,1000
2016,714.192,34.666,34.666,3.8619,679.526,360,-11.66,54.0,1000
2017,714.453,34.686,34.686,3.8619,679.767,360,-11.68,54.0,1000
2018,714.708,34.706,34.706,3.8619,680.002,360,-11.7,54.0,1000
2019,714.957,34.726,34.726,3.8619,680.231,360,-11.72,54.0,1000
2020,715.2,34.746,34.746,3.8619,680.454,360,-11.74,54.0,1000
2021,715.437,34.766,34.766,3.8619,680.671,360,-11.75,54.0,1000
2022,715.668,34.786,34.786,3.8619,680.882,360,-11.77,54.0,1000
2023,715.893,34.806,34.806,3.8619,681.087,360,-11.79,54.0,1000
2024,716.112,34.826,34.826,3.8619,681.286,360,-11.81,54.0,1000
2025,716.325,34.846,34.846,3.8619,681.479,360,-11.83,54.0,1000
2026,716.532,34.866,34.866,3.8619,681.666,360,-11.85,54.0,1000
2027,716.733,34.886,34.886,3.8619,681.847,360,-11.86,54.0,1000
2028,716.928,34.906,34.906,3.8619,682.022,360,-11.88,54.0,1000
2029,717.117,34.926,34.926,3.8619,682.191,360,-11.9,54.0,1000
2030,717.3,34.946,34.946,3.8619,682.354,360,-11.92,54.0,1000
2031,717.477,34.966,34.966,3.8619,682.511,360,-11.94,54.0,1000
2032,717.648,34.986,34.986,3.8619,682.662,360,-11.96,54.0,1000
2033,717.813,35.006,35.006,3.8619,682.807,360,-11.97,54.0,1000
2034,717.972,35.026,35.026,3.8619,682.946,360,-11.99,54.0,1000
2035,718.125,35.046,35.046,3.8619,683.079,360,-12.01,54.0,1000
2036,718.272,35.066,35.066,3.8619,683.206,360,-12.03,54.0,1000
2037,718.413,35.086,35.086,3.8619,683.327,360,-12.05,54.0,1000
2038,718.548,35.106,35.106,3.8619,683.442,360,-12.06,54.0,1000
2039,718.677,35.126,35.126,3.8619,683.551,360,-12.08,54.0,1000
2040,718.8,35.146,35.146,3.8619,683.654,360,-12.1,54.0,1000
2041,718.917,35.166,35.166,3.8619,683.751,360,-12.12,54.0,1000
2042,719.028,35.186,35.186,3.8619,683.842,360,-12.13,54.0,1000
2043,719.133,35.206,35.206,3.8619,683.927,360,-12.15,54.0,1000
2044,719.232,35.226,35.226,3.8619,684.006,360,-12.17,54.0,1000
2045,719.325,35.246,35.246,3.8619,684.079,360,-12.19,54.0,1000
2046,719.412,35.266,35.266,3.8619,684.146,360,-12.2,54.0,1000
2047,719.493,35.286,35.286,3.8619,684.207,360,-12.22,54.0,1000
2048,719.568,35.306,35.306,3.8619,684.262,360,-12.24,54.0,1000
2049,719.637,35.326,35.326,3.8619,684.311,360,-12.26,54.0,1000
2050,719.7,35.346,35.346,3.8619,684.354,360,-12.27,54.0,1000
2051,719.757,35.366,35.366,3.8619,684.391,360,-12.29,54.0,1000
2052,719.808,35.386,35.386,3.8619,684.422,360,-12.31,54.0,1000
2053,719.853,35.406,35.406,3.8619,684.447,360,-12.33,54.0,1000
2054,719.892,35.426,35.426,3.8619,684.466,360,-12.34,54.0,1000
2055,719.925,35.446,35.446,3.8619,684.479,360,-12.36,54.0,1000
2056,719.952,35.466,35.466,3.8619,684.486,360,-12.38,54.0,1000
2057,719.973,35.486,35.486,3.8619,684.487,360,-12.39,54.0,1000
2058,719.988,35.506,35.506,3.8619,684.482,360,-12.41,54.0,1000
2059,719.997,35.526,35.526,3.8619,684.471,360,-12.43,54.0,1000
2060,720.0,35.546,35.546,3.8619,684.454,360,-12.44,54.0,1000
2061,720.0,35.566,35.566,3.8619,684.434,360,-12.46,54.0,1000
2062,720.0,35.586,35.586,3.8619,684.414,360,-12.48,54.0,1000
2063,720.0,35.606,35.606,3.8619,684.394,360,-12.49,54.0,1000
2064,720.0,35.626,35.626,3.8619,684.374,360,-12.51,54.0,1000
2065,720.0,35.646,35.646,3.8619,684.354,360,-12.53,54.0,1000
2066,720.0,35.666,35.666,3.8619,684.334,360,-12.54,54.0,1000
2067,720.0,35.686,35.686,3.8619,684.314,360,-12.56,54.0,1000
2068,720.0,35.706,35.706,3.8619,684.294,360,-12.58,54.0,1000
2069,720.0,35.726,35.726,3.8619,684.274,360,-12.59,54.0,1000
2070,720.0,35.746,35.746,3.8619,684.254,360,-12.61,54.0,1000
2071,720.0,35.766,35.766,3.8619,684.234,360,-12.63,54.0,1000
2072,720.0,35.786,35.786,3.8619,684.214,360,-12.64,54.0,1000
2073,720.0,35.806,35.806,3.8619,684.194,360,-12.66,54.0,1000
2074,720.0,35.826,35.826,3.8619,684.174,360,-12.67,54.0,1000
2075,720.0,35.846,35.846,3.8619,684.154,360,-12.69,54.0,1000
2076,720.0,35.866,35.866,3.8619,684.134,360,-12.71,54.0,1000
2077,720.0,35.886,35.886,3.8619,684.114,360,-12.72,54.0,1000
2078,720.0,35.906,35.906,3.8619,684.094,360,-12.74,54.0,1000
2079,720.0,35.926,35.926,3.8619,684.074,360,-12.75,54.0,1000
2080,720.0,35.946,35.946,3.8619,684.054,360,-12.77,54.0,1000
2081,720.0,35.966,35.966,3.8619,684.034,360,-12.78,54.0,1000
2082,720.0,35.986,35.986,3.8619,684.014,360,-12.8,54.0,1000
2083,720.0,36.006,36.006,3.8619,683.994,360,-12.82,54.0,1000
2084,720.0,36.026,36.026,3.8619,683.974,360,-12.83,54.0,1000
2085,720.0,36.046,36.046,3.8619,683.954,360,-12.85,54.0,1000
2086,720.0,36.066,36.066,3.8619,683.934,360,-12.86,54.0,1000
2087,720.0,36.086,36.086,3.8619,683.914,360,-12.88,54.0,1000
2088,720.0,36.106,36.106,3.8619,683.894,360,-12.89,54.0,1000
2089,720.0,36.126,36.126,3.8619,683.874,360,-12.91,54.0,1000
2090,720.0,36.146,36.146,3.8619,683.854,360,-12.92,54.0,1000
2091,720.0,36.166,36.166,3.8619,683.834,360,-12.94,54.0,1000
2092,720.0,36.186,36.186,3.8619,683.814,360,-12.95,54.0,1000
2093,720.0,36.206,36.206,3.8619,683.794,360,-12.97,54.0,1000
2094,720.0,36.226,36.226,3.8619,683.774,360,-12.98,54.0,1000
2095,720.0,36.246,36.246,3.8619,683.754,360,-13.0,54.0,1000
2096,720.0,36.266,36.266,3.8619,683.734,360,-13.01,54.0,1000
2097,720.0,36.286,36.286,3.8619,683.714,360,-13.03,54.0,1000
2098,720.0,36.306,36.306,3.8619,683.694,360,-13.04,54.0,1000
2099,720.0,36.326,36.326,3.8619,683.674,360,-13.06,54.0,1000
2100,720.0,36.346,36.346,3.8619,683.654,360,-13.07,54.0,1000
2101,720.0,36.366,36.366,3.8619,683.634,360,-13.09,54.0,1000
2102,720.0,36.386,36.386,3.8619,683.614,360,-13.1,54.0,1000
2103,720.0,36.406,36.406,3.8619,683.594,360,-13.12,54.0,1000
2104,720.0,36.426,36.426,3.8619,683.574,360,-13.13,54.0,1000
2105,720.0,36.446,36.446,3.8619,683.554,360,-13.15,54.0,1000
2106,720.0,36.466,36.466,3.8619,683.534,360,-13.16,54.0,1000
2107,720.0,36.486,36.486,3.8619,683.514,360,-13.18,54.0,1000
2108,720.0,36.506,36.506,3.8619,683.494,360,-13.19,54.0,1000
2109,720.0,36.526,36.526,3.8619,683.474,360,-13.2,54.0,1000
2110,720.0,36.546,36.546,3.8619,683.454,360,-13.22,54.0,1000
2111,720.0,36.566,36.566,3.8619,683.434,360,-13.23,54.0,1000
2112,720.0,36.586,36.586,3.8619,683.414,360,-13.25,54.0,1000
2113,720.0,36.606,36.606,3.8619,683.394,360,-13.26,54.0,1000
2114,720.0,36.626,36.626,3.8619,683.374,360,-13.27,54.0,1000
2115,720.0,36.646,36.646,3.8619,683.354,360,-13.29,54.0,1000
2116,720.0,36.666,36.666,3.8619,683.334,360,-13.3,54.0,1000
2117,720.0,36.686,36.686,3.8619,683.314,360,-13.32,54.0,1000
2118,720.0,36.706,36.706,3.8619,683.294,360,-13.33,54.0,1000
2119,720.0,36.726,36.726,3.8619,683.274,360,-13.34,54.0,1000
2120,720.0,36.746,36.746,3.8619,683.254,360,-13.36,54.0,1000
2121,720.0,36.766,36.766,3.8619,683.234,360,-13.37,54.0,1000
2122,720.0,36.786,36.786,3.8619,683.214,360,-13.38,54.0,1000
2123,720.0,36.806,36.806,3.8619,683.194,360,-13.4,54.0,1000
2124,720.0,36.826,36.826,3.8619,683.174,360,-13.41,54.0,1000
2125,720.0,36.846,36.846,3.8619,683.154,360,-13.42,54.0,1000
2126,720.0,36.866,36.866,3.8619,683.134,360,-13.44,54.0,1000
2127,720.0,36.886,36.886,3.8619,683.114,360,-13.45,54.0,1000
2128,720.0,36.906,36.906,3.8619,683.094,360,-13.46,54.0,1000
2129,720.0,36.926,36.926,3.8619,683.074,360,-13.48,54.0,1000
2130,720.0,36.946,36.946,3.8619,683.054,360,-13.49,54.0,1000
2131,720.0,36.966,36.966,3.8619,683.034,360,-13.5,54.0,1000
2132,720.0,36.986,36.986,3.8619,683.014,360,-13.52,54.0,1000
2133,720.0,37.006,37.006,3.8619,682.994,360,-13.53,54.0,1000
2134,720.0,37.026,37.026,3.8619,682.974,360,-13.54,54.0,1000
2135,720.0,37.046,37.046,3.8619,682.954,360,-13.56,54.0,1000
2136,720.0,37.066,37.066,3.8619,682.934,360,-13.57,54.0,1000
2137,720.0,37.086,37.086,3.8619,682.914,360,-13.58,54.0,1000
2138,720.0,37.106,37.106,3.8619,682.894,360,-13.59,54.0,1000
2139,720.0,37.126,37.126,3.8619,682.874,360,-13.61,54.0,1000
2140,720.0,37.146,37.146,3.8619,682.854,360,-13.62,54.0,1000
2141,720.0,37.166,37.166,3.8619,682.834,360,-13.63,54.0,1000
2142,720.0,37.186,37.186,3.8619,682.814,360,-13.64,54.0,1000
2143,720.0,37.206,37.206,3.8619,682.794,360,-13.66,54.0,1000
2144,720.0,37.226,37.226,3.8619,682.774,360,-13.67,54.0,1000
2145,720.0,37.246,37.246,3.8619,682.754,360,-13.68,54.0,1000
2146,720.0,37.266,37.266,3.8619,682.734,360,-13.69,54.0,1000
2147,720.0,37.286,37.286,3.8619,682.714,360,-13.71,54.0,1000
2148,720.0,37.306,37.306,3.8619,682.694,360,-13.72,54.0,1000
2149,720.0,37.326,37.326,3.8619,682.674,360,-13.73,54.0,1000
2150,720.0,37.346,37.346,3.8619,682.654,360,-13.74,54.0,1000
2151,720.0,37.366,37.366,3.8619,682.634,360,-13.75,54.0,1000
2152,720.0,37.386,37.386,3.8619,682.614,360,-13.77,54.0,1000
2153,720.0,37.406,37.406,3.8619,682.594,360,-13.78,54.0,1000
2154,720.0,37.426,37.426,3.8619,682.574,360,-13.79,54.0,1000
2155,720.0,37.446,37.446,3.8619,682.554,360,-13.8,54.0,1000
2156,720.0,37.466,37.466,3.8619,682.534,360,-13.81,54.0,1000
2157,720.0,37.486,37.486,3.8619,682.514,360,-13.83,54.0,1000
2158,720.0,37.506,37.506,3.8619,682.494,360,-13.84,54.0,1000
2159,720.0,37.526,37.526,3.8619,682.474,360,-13.85,54.0,1000
2160,720.0,37.546,37.546,3.8619,682.454,360,-13.86,54.0,1000
2161,720.0,37.566,37.566,3.8619,682.434,360,-13.87,54.0,1000
2162,720.0,37.586,37.586,3.8619,682.414,360,-13.88,54.0,1000
2163,720.0,37.606,37.606,3.8619,682.394,360,-13.89,54.0,1000
2164,720.0,37.626,37.626,3.8619,682.374,360,-13.91,54.0,1000
2165,720.0,37.646,37.646,3.8619,682.354,360,-13.92,54.0,1000
2166,720.0,37.666,37.666,3.8619,682.334,360,-13.93,54.0,1000
2167,720.0,37.686,37.686,3.8619,682.314,360,-13.94,54.0,1000
2168,720.0,37.706,37.706,3.8619,682.294,360,-13.95,54.0,1000
2169,720.0,37.726,37.726,3.8619,682.274,360,-13.96,54.0,1000
2170,720.0,37.746,37.746,3.8619,682.254,360,-13.97,54.0,1000
2171,720.0,37.766,37.766,3.8619,682.234,360,-13.98,54.0,1000
2172,720.0,37.786,37.786,3.8619,682.214,360,-13.99,54.0,1000
2173,720.0,37.806,37.806,3.8619,682.194,360,-14.0,54.0,1000
2174,720.0,37.826,37.826,3.8619,682.174,360,-14.02,54.0,1000
2175,720.0,37.846,37.846,3.8619,682.154,360,-14.03,54.0,1000
2176,720.0,37.866,37.866,3.8619,682.134,360,-14.04,54.0,1000
2177,720.0,37.886,37.886,3.8619,682.114,360,-14.05,54.0,1000
2178,720.0,37.906,37.906,3.8619,682.094,360,-14.06,54.0,1000
2179,720.0,37.926,37.926,3.8619,682.074,360,-14.07,54.0,1000
2180,720.0,37.946,37.946,3.8619,682.054,360,-14.08,54.0,1000
2181,720.0,37.966,37.966,3.8619,682.034,360,-14.09,54.0,1000
2182,720.0,37.986,37.986,3.8619,682.014,360,-14.1,54.0,1000
2183,720.0,38.006,38.006,3.8619,681.994,360,-14.11,54.0,1000
2184,720.0,38.026,38.026,3.8619,681.974,360,-14.12,54.0,1000
2185,720.0,38.046,38.046,3.8619,681.954,360,-14.13,54.0,1000
2186,720.0,38.066,38.066,3.8619,681.934,360,-14.14,54.0,1000
2187,720.0,38.086,38.086,3.8619,681.914,360,-14.15,54.0,1000
2188,720.0,38.106,38.106,3.8619,681.894,360,-14.16,54.0,1000
2189,720.0,38.126,38.126,3.8619,681.874,360,-14.17,54.0,1000
2190,720.0,38.146,38.146,3.8619,681.854,360,-14.18,54.0,1000
2191,720.0,38.166,38.166,3.8619,681.834,360,-14.19,54.0,1000
2192,720.0,38.186,38.186,3.8619,681.814,360,-14.2,54.0,1000
2193,720.0,38.206,38.206,3.8619,681.794,360,-14.21,54.0,1000
2194,720.0,38.226,38.226,3.8619,681.774,360,-14.22,54.0,1000
2195,720.0,38.246,38.246,3.8619,681.754,360,-14.23,54.0,1000
2196,720.0,38.266,38.266,3.8619,681.734,360,-14.24,54.0,1000
2197,720.0,38.286,38.286,3.8619,681.714,360,-14.25,54.0,1000
2198,720.0,38.306,38.306,3.8619,681.694,360,-14.26,54.0,1000
2199,720.0,38.326,38.326,3.8619,681.674,360,-14.26,54.0,1000
2200,720.0,38.346,38.346,3.8619,681.654,360,-14.27,54.0,1000
2201,720.0,38.366,38.366,3.8619,681.634,360,-14.28,54.0,1000
2202,720.0,38.386,38.386,3.8619,681.614,360,-14.29,54.0,1000
2203,720.0,38.406,38.406,3.8619,681.594,360,-14.3,54.0,1000
2204,720.0,38.426,38.426,3.8619,681.574,360,-14.31,54.0,1000
2205,720.0,38.446,38.446,3.8619,681.554,360,-14.32,54.0,1000
2206,720.0,38.466,38.466,3.8619,681.534,360,-14.33,54.0,1000
2207,720.0,38.486,38.486,3.8619,681.514,360,-14.34,54.0,1000
2208,720.0,38.506,38.506,3.8619,681.494,360,-14.35,54.0,1000
2209,720.0,38.526,38.526,3.8619,681.474,360,-14.35,54.0,1000
2210,720.0,38.546,38.546,3.8619,681.454,360,-14.36,54.0,1000
2211,720.0,38.566,38.566,3.8619,681.434,360,-14.37,54.0,1000
2212,720.0,38.586,38.586,3.8619,681.414,360,-14.38,54.0,1000
2213,720.0,38.606,38.606,3.8619,681.394,360,-14.39,54.0,1000
2214,720.0,38.626,38.626,3.8619,681.374,360,-14.4,54.0,1000
2215,720.0,38.646,38.646,3.8619,681.354,360,-14.41,54.0,1000
2216,720.0,38.666,38.666,3.8619,681.334,360,-14.41,54.0,1000
2217,720.0,38.686,38.686,3.8619,681.314,360,-14.42,54.0,1000
2218,720.0,38.706,38.706,3.8619,681.294,360,-14.43,54.0,1000
2219,720.0,38.726,38.726,3.8619,681.274,360,-14.44,54.0,1000
2220,720.0,38.746,38.746,3.8619,681.254,360,-14.45,54.0,1000
2221,720.0,38.766,38.766,3.8619,681.234,360,-14.46,54.0,1000
2222,720.0,38.786,38.786,3.8619,681.214,360,-14.46,54.0,1000
2223,720.0,38.806,38.806,3.8619,681.194,360,-14.47,54.0,1000
2224,720.0,38.826,38.826,3.8619,681.174,360,-14.48,54.0,1000
2225,720.0,38.846,38.846,3.8619,681.154,360,-14.49,54.0,1000
2226,720.0,38.866,38.866,3.8619,681.134,360,-14.49,54.0,1000
2227,720.0,38.886,38.886,3.8619,681.114,360,-14.5,54.0,1000
2228,720.0,38.906,38.906,3.8619,681.094,360,-14.51,54.0,1000
2229,720.0,38.926,38.926,3.8619,681.074,360,-14.52,54.0,1000
2230,720.0,38.946,38.946,3.8619,681.054,360,-14.52,54.0,1000
2231,720.0,38.966,38.966,3.8619,681.034,360,-14.53,54.0,1000
2232,720.0,38.986,38.986,3.8619,681.014,360,-14.54,54.0,1000
2233,720.0,39.006,39.006,3.8619,680.994,360,-14.55,54.0,1000
2234,720.0,39.026,39.026,3.8619,680.974,360,-14.55,54.0,1000
2235,720.0,39.046,39.046,3.8619,680.954,360,-14.56,54.0,1000
2236,720.0,39.066,39.066,3.8619,680.934,360,-14.57,54.0,1000
2237,720.0,39.086,39.086,3.8619,680.914,360,-14.58,54.0,1000
2238,720.0,39.106,39.106,3.8619,680.894,360,-14.58,54.0,1000
2239,720.0,39.126,39.126,3.8619,680.874,360,-14.59,54.0,1000
2240,720.0,39.146,39.146,3.8619,680.854,360,-14.6,54.0,1000
2241,720.0,39.166,39.166,3.8619,680.834,360,-14.6,54.0,1000
2242,720.0,39.186,39.186,3.8619,680.814,360,-14.61,54.0,1000
2243,720.0,39.206,39.206,3.8619,680.794,360,-14.62,54.0,1000
2244,720.0,39.226,39.226,3.8619,680.774,360,-14.62,54.0,1000
2245,720.0,39.246,39.246,3.8619,680.754,360,-14.63,54.0,1000
2246,720.0,39.266,39.266,3.8619,680.734,360,-14.64,54.0,1000
2247,720.0,39.286,39.286,3.8619,680.714,360,-14.64,54.0,1000
2248,720.0,39.306,39.306,3.8619,680.694,360,-14.65,54.0,1000
2249,720.0,39.326,39.326,3.8619,680.674,360,-14.66,54.0,1000
2250,720.0,39.346,39.346,3.8619,680.654,360,-14.66,54.0,1000
2251,720.0,39.366,39.366,3.8619,680.634,360,-14.67,54.0,1000
2252,720.0,39.386,39.386,3.8619,680.614,360,-14.68,54.0,1000
2253,720.0,39.406,39.406,3.8619,680.594,360,-14.68,54.0,1000
2254,720.0,39.426,39.426,3.8619,680.574,360,-14.69,54.0,1000
2255,720.0,39.446,39.446,3.8619,680.554,360,-14.69,54.0,1000
2256,720.0,39.466,39.466,3.8619,680.534,360,-14.7,54.0,1000
2257,720.0,39.486,39.486,3.8619,680.514,360,-14.71,54.0,1000
2258,720.0,39.506,39.506,3.8619,680.494,360,-14.71,54.0,1000
2259,720.0,39.526,39.526,3.8619,680.474,360,-14.72,54.0,1000
2260,720.0,39.546,39.546,3.8619,680.454,360,-14.72,54.0,1000
2261,720.0,39.566,39.566,3.8619,680.434,360,-14.73,54.0,1000
2262,720.0,39.586,39.586,3.8619,680.414,360,-14.73,54.0,1000
2263,720.0,39.606,39.606,3.8619,680.394,360,-14.74,54.0,1000
2264,720.0,39.626,39.626,3.8619,680.374,360,-14.75,54.0,1000
2265,720.0,39.646,39.646,3.8619,680.354,360,-14.75,54.0,1000
2266,720.0,39.666,39.666,3.8619,680.334,360,-14.76,54.0,1000
2267,720.0,39.686,39.686,3.8619,680.314,360,-14.76,54.0,1000
2268,720.0,39.706,39.706,3.8619,680.294,360,-14.77,54.0,1000
2269,720.0,39.726,39.726,3.8619,680.274,360,-14.77,54.0,1000
2270,720.0,39.746,39.746,3.8619,680.254,360,-14.78,54.0,1000
2271,720.0,39.766,39.766,3.8619,680.234,360,-14.78,54.0,1000
2272,720.0,39.786,39.786,3.8619,680.214,360,-14.79,54.0,1000
2273,720.0,39.806,39.806,3.8619,680.194,360,-14.79,54.0,1000
2274,720.0,39.826,39.826,3.8619,680.174,360,-14.8,54.0,1000
2275,720.0,39.846,39.846,3.8619,680.154,360,-14.8,54.0,1000
2276,720.0,39.866,39.866,3.8619,680.134,360,-14.81,54.0,1000
2277,720.0,39.886,39.886,3.8619,680.114,360,-14.81,54.0,1000
2278,720.0,39.906,39.906,3.8619,680.094,360,-14.82,54.0,1000
2279,720.0,39.926,39.926,3.8619,680.074,360,-14.82,54.0,1000
2280,720.0,39.946,39.946,3.8619,680.054,360,-14.83,54.0,1000
2281,720.0,39.966,39.966,3.8619,680.034,360,-14.83,54.0,1000
2282,720.0,39.986,39.986,3.8619,680.014,360,-14.84,54.0,1000
2283,720.0,40.006,40.006,3.8619,679.994,360,-14.84,54.0,1000
2284,720.0,40.026,40.026,3.8619,679.974,360,-14.84,54.0,1000
2285,720.0,40.046,40.046,3.8619,679.954,360,-14.85,54.0,1000
2286,720.0,40.066,40.066,3.8619,679.934,360,-14.85,54.0,1000
2287,720.0,40.086,40.086,3.8619,679.914,360,-14.86,54.0,1000
2288,720.0,40.106,40.106,3.8619,679.894,360,-14.86,54.0,1000
2289,720.0,40.126,40.126,3.8619,679.874,360,-14.86,54.0,1000
2290,720.0,40.146,40.146,3.8619,679.854,360,-14.87,54.0,1000
2291,720.0,40.166,40.166,3.8619,679.834,360,-14.87,54.0,1000
2292,720.0,40.186,40.186,3.8619,679.814,360,-14.88,54.0,1000
2293,720.0,40.206,40.206,3.8619,679.794,360,-14.88,54.0,1000
2294,720.0,40.226,40.226,3.8619,679.774,360,-14.88,54.0,1000
2295,720.0,40.246,40.246,3.8619,679.754,360,-14.89,54.0,1000
2296,720.0,40.266,40.266,3.8619,679.734,360,-14.89,54.0,1000
2297,720.0,40.286,40.286,3.8619,679.714,360,-14.9,54.0,1000
2298,720.0,40.306,40.306,3.8619,679.694,360,-14.9,54.0,1000
2299,720.0,40.326,40.326,3.8619,679.674,360,-14.9,54.0,1000
2300,720.0,40.346,40.346,3.8619,679.654,360,-14.91,54.0,1000
2301,720.0,40.366,40.366,3.8619,679.634,360,-14.91,54.0,1000
2302,720.0,40.386,40.386,3.8619,679.614,360,-14.91,54.0,1000
2303,720.0,40.406,40.406,3.8619,679.594,360,-14.92,54.0,1000
2304,720.0,40.426,40.426,3.8619,679.574,360,-14.92,54.0,1000
2305,720.0,40.446,40.446,3.8619,679.554,360,-14.92,54.0,1000
2306,720.0,40.466,40.466,3.8619,679.534,360,-14.92,54.0,1000
2307,720.0,40.486,40.486,3.8619,679.514,360,-14.93,54.0,1000
2308,720.0,40.506,40.506,3.8619,679.494,360,-14.93,54.0,1000
2309,720.0,40.526,40.526,3.8619,679.474,360,-14.93,54.0,1000
2310,720.0,40.546,40.546,3.8619,679.454,360,-14.94,54.0,1000
2311,720.0,40.566,40.566,3.8619,679.434,360,-14.94,54.0,1000
2312,720.0,40.586,40.586,3.8619,679.414,360,-14.94,54.0,1000
2313,720.0,40.606,40.606,3.8619,679.394,360,-14.94,54.0,1000
2314,720.0,40.626,40.626,3.8619,679.374,360,-14.95,54.0,1000
2315,720.0,40.646,40.646,3.8619,679.354,360,-14.95,54.0,1000
2316,720.0,40.666,40.666,3.8619,679.334,360,-14.95,54.0,1000
2317,720.0,40.686,40.686,3.8619,679.314,360,-14.95,54.0,1000
2318,720.0,40.706,40.706,3.8619,679.294,360,-14.96,54.0,1000
2319,720.0,40.726,40.726,3.8619,679.274,360,-14.96,54.0,1000
2320,720.0,40.746,40.746,3.8619,679.254,360,-14.96,54.0,1000
2321,720.0,40.766,40.766,3.8619,679.234,360,-14.96,54.0,1000
2322,720.0,40.786,40.786,3.8619,679.214,360,-14.96,54.0,1000
2323,720.0,40.806,40.806,3.8619,679.194,360,-14.97,54.0,1000
2324,720.0,40.826,40.826,3.8619,679.174,360,-14.97,54.0,1000
2325,720.0,40.846,40.846,3.8619,679.154,360,-14.97,54.0,1000
2326,720.0,40.866,40.866,3.8619,679.134,360,-14.97,54.0,1000
2327,720.0,40.886,40.886,3.8619,679.114,360,-14.97,54.0,1000
2328,720.0,40.906,40.906,3.8619,679.094,360,-14.98,54.0,1000
2329,720.0,40.926,40.926,3.8619,679.074,360,-14.98,54.0,1000
2330,720.0,40.946,40.946,3.8619,679.054,360,-14.98,54.0,1000
2331,720.0,40.966,40.966,3.8619,679.034,360,-14.98,54.0,1000
2332,720.0,40.986,40.986,3.8619,679.014,360,-14.98,54.0,1000
2333,720.0,41.006,41.006,3.8619,678.994,360,-14.98,54.0,1000
2334,720.0,41.026,41.026,3.8619,678.974,360,-14.99,54.0,1000
2335,720.0,41.046,41.046,3.8619,678.954,360,-14.99,54.0,1000
2336,720.0,41.066,41.066,3.8619,678.934,360,-14.99,54.0,1000
2337,720.0,41.086,41.086,3.8619,678.914,360,-14.99,54.0,1000
2338,720.0,41.106,41.106,3.8619,678.894,360,-14.99,54.0,1000
2339,720.0,41.126,41.126,3.8619,678.874,360,-14.99,54.0,1000
2340,720.0,41.146,41.146,3.8619,678.854,360,-14.99,54.0,1000
2341,720.0,41.166,41.166,3.8619,678.834,360,-14.99,54.0,1000
2342,720.0,41.186,41.186,3.8619,678.814,360,-14.99,54.0,1000
2343,720.0,41.206,41.206,3.8619,678.794,360,-14.99,54.0,1000
2344,720.0,41.226,41.226,3.8619,678.774,360,-15.0,54.0,1000
2345,720.0,41.246,41.246,3.8619,678.754,360,-15.0,54.0,1000
2346,720.0,41.266,41.266,3.8619,678.734,360,-15.0,54.0,1000
2347,720.0,41.286,41.286,3.8619,678.714,360,-15.0,54.0,1000
2348,720.0,41.306,41.306,3.8619,678.694,360,-15.0,54.0,1000
2349,720.0,41.326,41.326,3.8619,678.674,360,-15.0,54.0,1000
2350,720.0,41.346,41.346,3.8619,678.654,360,-15.0,54.0,1000
2351,720.0,41.366,41.366,3.8619,678.634,360,-15.0,54.0,1000
2352,720.0,41.386,41.386,3.8619,678.614,360,-15.0,54.0,1000
2353,720.0,41.406,41.406,3.8619,678.594,360,-15.0,54.0,1000
2354,720.0,41.426,41.426,3.8619,678.574,360,-15.0,54.0,1000
2355,720.0,41.446,41.446,3.8619,678.554,360,-15.0,54.0,1000
2356,720.0,41.466,41.466,3.8619,678.534,360,-15.0,54.0,1000
2357,720.0,41.486,41.486,3.8619,678.514,360,-15.0,54.0,1000
2358,720.0,41.506,41.506,3.8619,678.494,360,-15.0,54.0,1000
2359,720.0,41.526,41.526,3.8619,678.474,360,-15.0,54.0,1000
2360,720.0,41.546,41.546,3.8619,678.454,360,-15.0,54.0,1000
2361,720.0,41.566,41.566,3.8619,678.434,360,-15.0,54.0,1000
2362,720.0,41.586,41.586,3.8619,678.414,360,-15.0,54.0,1000
2363,720.0,41.606,41.606,3.8619,678.394,360,-15.0,54.0,1000
2364,720.0,41.626,41.626,3.8619,678.374,360,-15.0,54.0,1000
2365,720.0,41.646,41.646,3.8619,678.354,360,-15.0,54.0,1000
2366,720.0,41.666,41.666,3.8619,678.334,360,-15.0,54.0,1000
2367,720.0,41.686,41.686,3.8619,678.314,360,-15.0,54.0,1000
2368,720.0,41.706,41.706,3.8619,678.294,360,-15.0,54.0,1000
2369,720.0,41.726,41.726,3.8619,678.274,360,-15.0,54.0,1000
2370,720.0,41.746,41.746,3.8619,678.254,360,-14.99,54.0,1000
2371,720.0,41.766,41.766,3.8619,678.234,360,-14.99,54.0,1000
2372,720.0,41.786,41.786,3.8619,678.214,360,-14.99,54.0,1000
2373,720.0,41.806,41.806,3.8619,678.194,360,-14.99,54.0,1000
2374,720.0,41.826,41.826,3.8619,678.174,360,-14.99,54.0,1000
2375,720.0,41.846,41.846,3.8619,678.154,360,-14.99,54.0,1000
2376,720.0,41.866,41.866,3.8619,678.134,360,-14.99,54.0,1000
2377,720.0,41.886,41.886,3.8619,678.114,360,-14.99,54.0,1000
2378,720.0,41.906,41.906,3.8619,678.094,360,-14.99,54.0,1000
2379,720.0,41.926,41.926,3.8619,678.074,360,-14.98,54.0,1000
2380,720.0,41.946,41.946,3.8619,678.054,360,-14.98,54.0,1000
2381,720.0,41.966,41.966,3.8619,678.034,360,-14.98,54.0,1000
2382,720.0,41.986,41.986,3.8619,678.014,360,-14.98,54.0,1000
2383,720.0,42.006,42.006,3.8619,677.994,360,-14.98,54.0,1000
2384,720.0,42.026,42.026,3.8619,677.974,360,-14.98,54.0,1000
2385,720.0,42.046,42.046,3.8619,677.954,360,-14.98,54.0,1000
2386,720.0,42.066,42.066,3.8619,677.934,360,-14.97,54.0,1000
2387,720.0,42.086,42.086,3.8619,677.914,360,-14.97,54.0,1000
2388,720.0,42.106,42.106,3.8619,677.894,360,-14.97,54.0,1000
2389,720.0,42.126,42.126,3.8619,677.874,360,-14.97,54.0,1000
2390,720.0,42.146,42.146,3.8619,677.854,360,-14.97,54.0,1000
2391,720.0,42.166,42.166,3.8619,677.834,360,-14.96,54.0,1000
2392,720.0,42.186,42.186,3.8619,677.814,360,-14.96,54.0,1000
2393,720.0,42.206,42.206,3.8619,677.794,360,-14.96,54.0,1000
2394,720.0,42.226,42.226,3.8619,677.774,360,-14.96,54.0,1000
2395,720.0,42.246,42.246,3.8619,677.754,360,-14.95,54.0,1000
2396,720.0,42.266,42.266,3.8619,677.734,360,-14.95,54.0,1000
2397,720.0,42.286,42.286,3.8619,677.714,360,-14.95,54.0,1000
2398,720.0,42.306,42.306,3.8619,677.694,360,-14.95,54.0,1000
2399,720.0,42.326,42.326,3.8619,677.674,360,-14.95,54.0,1000
2400,720.0,42.346,42.346,3.8619,677.654,360,-14.94,54.0,1000
2401,720.0,42.366,42.366,3.8619,677.634,360,-14.94,54.0,1000
2402,720.0,42.386,42.386,3.8619,677.614,360,-14.94,54.0,1000
2403,720.0,42.406,42.406,3.8619,677.594,360,-14.93,54.0,1000
2404,720.0,42.426,42.426,3.8619,677.574,360,-14.93,54.0,1000
2405,720.0,42.446,42.446,3.8619,677.554,360,-14.93,54.0,1000
2406,720.0,42.466,42.466,3.8619,677.534,360,-14.93,54.0,1000
2407,720.0,42.486,42.486,3.8619,677.514,360,-14.92,54.0,1000
2408,720.0,42.506,42.506,3.8619,677.494,360,-14.92,54.0,1000
2409,720.0,42.526,42.526,3.8619,677.474,360,-14.92,54.0,1000
2410,720.0,42.546,42.546,3.8619,677.454,360,-14.91,54.0,1000
2411,720.0,42.566,42.566,3.8619,677.434,360,-14.91,54.0,1000
2412,720.0,42.586,42.586,3.8619,677.414,360,-14.91,54.0,1000
2413,720.0,42.606,42.606,3.8619,677.394,360,-14.9,54.0,1000
2414,720.0,42.626,42.626,3.8619,677.374,360,-14.9,54.0,1000
2415,720.0,42.646,42.646,3.8619,677.354,360,-14.9,54.0,1000
2416,720.0,42.666,42.666,3.8619,677.334,360,-14.89,54.0,1000
2417,720.0,42.686,42.686,3.8619,677.314,360,-14.89,54.0,1000
2418,720.0,42.706,42.706,3.8619,677.294,360,-14.89,54.0,1000
2419,720.0,42.726,42.726,3.8619,677.274,360,-14.88,54.0,1000
2420,720.0,42.746,42.746,3.8619,677.254,360,-14.88,54.0,1000
2421,720.0,42.766,42.766,3.8619,677.234,360,-14.87,54.0,1000
2422,720.0,42.786,42.786,3.8619,677.214,360,-14.87,54.0,1000
2423,720.0,42.806,42.806,3.8619,677.194,360,-14.87,54.0,1000
2424,720.0,42.826,42.826,3.8619,677.174,360,-14.86,54.0,1000
2425,720.0,42.846,42.846,3.8619,677.154,360,-14.86,54.0,1000
2426,720.0,42.866,42.866,3.8619,677.134,360,-14.85,54.0,1000
2427,720.0,42.886,42.886,3.8619,677.114,360,-14.85,54.0,1000
2428,720.0,42.906,42.906,3.8619,677.094,360,-14.85,54.0,1000
2429,720.0,42.926,42.926,3.8619,677.074,360,-14.84,54.0,1000
2430,720.0,42.946,42.946,3.8619,677.054,360,-14.84,54.0,1000
2431,720.0,42.966,42.966,3.8619,677.034,360,-14.83,54.0,1000
2432,720.0,42.986,42.986,3.8619,677.014,360,-14.83,54.0,1000
2433,720.0,43.006,43.006,3.8619,676.994,360,-14.82,54.0,1000
2434,720.0,43.026,43.026,3.8619,676.974,360,-14.82,54.0,1000
2435,720.0,43.046,43.046,3.8619,676.954,360,-14.81,54.0,1000
2436,720.0,43.066,43.066,3.8619,676.934,360,-14.81,54.0,1000
2437,720.0,43.086,43.086,3.8619,676.914,360,-14.8,54.0,1000
2438,720.0,43.106,43.106,3.8619,676.894,360,-14.8,54.0,1000
2439,720.0,43.126,43.126,3.8619,676.874,360,-14.79,54.0,1000
2440,720.0,43.146,43.146,3.8619,676.854,360,-14.79,54.0,1000
2441,720.0,43.166,43.166,3.8619,676.834,360,-14.78,54.0,1000
2442,720.0,43.186,43.186,3.8619,676.814,360,-14.78,54.0,1000
2443,720.0,43.206,43.206,3.8619,676.794,360,-14.77,54.0,1000
2444,720.0,43.226,43.226,3.8619,676.774,360,-14.77,54.0,1000
2445,720.0,43.246,43.246,3.8619,676.754,360,-14.76,54.0,1000
2446,720.0,43.266,43.266,3.8619,676.734,360,-14.76,54.0,1000
2447,720.0,43.286,43.286,3.8619,676.714,360,-14.75,54.0,1000
2448,720.0,43.306,43.306,3.8619,676.694,360,-14.75,54.0,1000
2449,720.0,43.326,43.326,3.8619,676.674,360,-14.74,54.0,1000
2450,720.0,43.346,43.346,3.8619,676.654,360,-14.74,54.0,1000
2451,720.0,43.366,43.366,3.8619,676.634,360,-14.73,54.0,1000
2452,720.0,43.386,43.386,3.8619,676.614,360,-14.73,54.0,1000
2453,720.0,43.406,43.406,3.8619,676.594,360,-14.72,54.0,1000
2454,720.0,43.426,43.426,3.8619,676.574,360,-14.71,54.0,1000
2455,720.0,43.446,43.446,3.8619,676.554,360,-14.71,54.0,1000
2456,720.0,43.466,43.466,3.8619,676.534,360,-14.7,54.0,1000
2457,720.0,43.486,43.486,3.8619,676.514,360,-14.7,54.0,1000
2458,720.0,43.506,43.506,3.8619,676.494,360,-14.69,54.0,1000
2459,720.0,43.526,43.526,3.8619,676.474,360,-14.68,54.0,1000
2460,720.0,43.546,43.546,3.8619,676.454,360,-14.68,54.0,1000
2461,720.0,43.566,43.566,3.8619,676.434,360,-14.67,54.0,1000
2462,720.0,43.586,43.586,3.8619,676.414,360,-14.67,54.0,1000
2463,720.0,43.606,43.606,3.8619,676.394,360,-14.66,54.0,1000
2464,720.0,43.626,43.626,3.8619,676.374,360,-14.65,54.0,1000
2465,720.0,43.646,43.646,3.8619,676.354,360,-14.65,54.0,1000
2466,720.0,43.666,43.666,3.8619,676.334,360,-14.64,54.0,1000
2467,720.0,43.686,43.686,3.8619,676.314,360,-14.63,54.0,1000
2468,720.0,43.706,43.706,3.8619,676.294,360,-14.63,54.0,1000
2469,720.0,43.726,43.726,3.8619,676.274,360,-14.62,54.0,1000
2470,720.0,43.746,43.746,3.8619,676.254,360,-14.61,54.0,1000
2471,720.0,43.766,43.766,3.8619,676.234,360,-14.61,54.0,1000
2472,720.0,43.786,43.786,3.8619,676.214,360,-14.6,54.0,1000
2473,720.0,43.806,43.806,3.8619,676.194,360,-14.59,54.0,1000
2474,720.0,43.826,43.826,3.8619,676.174,360,-14.59,54.0,1000
2475,720.0,43.846,43.846,3.8619,676.154,360,-14.58,54.0,1000
2476,720.0,43.866,43.866,3.8619,676.134,360,-14.57,54.0,1000
2477,720.0,43.886,43.886,3.8619,676.114,360,-14.56,54.0,1000
2478,720.0,43.906,43.906,3.8619,676.094,360,-14.56,54.0,1000
2479,720.0,43.926,43.926,3.8619,676.074,360,-14.55,54.0,1000
2480,720.0,43.946,43.946,3.8619,676.054,360,-14.54,54.0,1000
2481,720.0,43.966,43.966,3.8619,676.034,360,-14.54,54.0,1000
2482,720.0,43.986,43.986,3.8619,676.014,360,-14.53,54.0,1000
2483,720.0,44.006,44.006,3.8619,675.994,360,-14.52,54.0,1000
2484,720.0,44.026,44.026,3.8619,675.974,360,-14.51,54.0,1000
2485,720.0,44.046,44.046,3.8619,675.954,360,-14.51,54.0,1000
2486,720.0,44.066,44.066,3.8619,675.934,360,-14.5,54.0,1000
2487,720.0,44.086,44.086,3.8619,675.914,360,-14.49,54.0,1000
2488,720.0,44.106,44.106,3.8619,675.894,360,-14.48,54.0,1000
2489,720.0,44.126,44.126,3.8619,675.874,360,-14.47,54.0,1000
2490,720.0,44.146,44.146,3.8619,675.854,360,-14.47,54.0,1000
2491,720.0,44.166,44.166,3.8619,675.834,360,-14.46,54.0,1000
2492,720.0,44.186,44.186,3.8619,675.814,360,-14.45,54.0,1000
2493,720.0,44.206,44.206,3.8619,675.794,360,-14.44,54.0,1000
2494,720.0,44.226,44.226,3.8619,675.774,360,-14.43,54.0,1000
2495,720.0,44.246,44.246,3.8619,675.754,360,-14.43,54.0,1000
2496,720.0,44.266,44.266,3.8619,675.734,360,-14.42,54.0,1000
2497,720.0,44.286,44.286,3.8619,675.714,360,-14.41,54.0,1000
2498,720.0,44.306,44.306,3.8619,675.694,360,-14.4,54.0,1000
2499,720.0,44.326,44.326,3.8619,675.674,360,-14.39,54.0,1000
2500,720.0,44.346,44.346,3.8619,675.654,360,-14.38,54.0,1000
2501,720.0,44.366,44.366,3.8619,675.634,360,-14.38,54.0,1000
2502,720.0,44.386,44.386,3.8619,675.614,360,-14.37,54.0,1000
2503,720.0,44.406,44.406,3.8619,675.594,360,-14.36,54.0,1000
2504,720.0,44.426,44.426,3.8619,675.574,360,-14.35,54.0,1000
2505,720.0,44.446,44.446,3.8619,675.554,360,-14.34,54.0,1000
2506,720.0,44.466,44.466,3.8619,675.534,360,-14.33,54.0,1000
2507,720.0,44.486,44.486,3.8619,675.514,360,-14.32,54.0,1000
2508,720.0,44.506,44.506,3.8619,675.494,360,-14.31,54.0,1000
2509,720.0,44.526,44.526,3.8619,675.474,360,-14.3,54.0,1000
2510,720.0,44.546,44.546,3.8619,675.454,360,-14.3,54.0,1000
2511,720.0,44.566,44.566,3.8619,675.434,360,-14.29,54.0,1000
2512,720.0,44.586,44.586,3.8619,675.414,360,-14.28,54.0,1000
2513,720.0,44.606,44.606,3.8619,675.394,360,-14.27,54.0,1000
2514,720.0,44.626,44.626,3.8619,675.374,360,-14.26,54.0,1000
2515,720.0,44.646,44.646,3.8619,675.354,360,-14.25,54.0,1000
2516,720.0,44.666,44.666,3.8619,675.334,360,-14.24,54.0,1000
2517,720.0,44.686,44.686,3.8619,675.314,360,-14.23,54.0,1000
2518,720.0,44.706,44.706,3.8619,675.294,360,-14.22,54.0,1000
2519,720.0,44.726,44.726,3.8619,675.274,360,-14.21,54.0,1000
2520,720.0,44.746,44.746,3.8619,675.254,360,-14.2,54.0,1000
2521,720.0,44.766,44.766,3.8619,675.234,360,-14.19,54.0,1000
2522,720.0,44.786,44.786,3.8619,675.214,360,-14.18,54.0,1000
2523,720.0,44.806,44.806,3.8619,675.194,360,-14.17,54.0,1000
2524,720.0,44.826,44.826,3.8619,675.174,360,-14.16,54.0,1000
2525,720.0,44.846,44.846,3.8619,675.154,360,-14.15,54.0,1000
2526,720.0,44.866,44.866,3.8619,675.134,360,-14.14,54.0,1000
2527,720.0,44.886,44.886,3.8619,675.114,360,-14.13,54.0,1000
2528,720.0,44.906,44.906,3.8619,675.094,360,-14.12,54.0,1000
2529,720.0,44.926,44.926,3.8619,675.074,360,-14.11,54.0,1000
2530,720.0,44.946,44.946,3.8619,675.054,360,-14.1,54.0,1000
2531,720.0,44.966,44.966,3.8619,675.034,360,-14.09,54.0,1000
2532,720.0,44.986,44.986,3.8619,675.014,360,-14.08,54.0,1000
2533,720.0,45.006,45.006,3.8619,674.994,360,-14.07,54.0,1000
2534,720.0,45.026,45.026,3.8619,674.974,360,-14.06,54.0,1000
2535,720.0,45.046,45.046,3.8619,674.954,360,-14.05,54.0,1000
2536,720.0,45.066,45.066,3.8619,674.934,360,-14.04,54.0,1000
2537,720.0,45.086,45.086,3.8619,674.914,360,-14.03,54.0,1000
2538,720.0,45.106,45.106,3.8619,674.894,360,-14.02,54.0,1000
2539,720.0,45.126,45.126,3.8619,674.874,360,-14.01,54.0,1000
2540,720.0,45.146,45.146,3.8619,674.854,360,-14.0,54.0,1000
2541,720.0,45.166,45.166,3.8619,674.834,360,-13.99,54.0,1000
2542,720.0,45.186,45.186,3.8619,674.814,360,-13.98,54.0,1000
2543,720.0,45.206,45.206,3.8619,674.794,360,-13.97,54.0,1000
2544,720.0,45.226,45.226,3.8619,674.774,360,-13.95,54.0,1000
2545,720.0,45.246,45.246,3.8619,674.754,360,-13.94,54.0,1000
2546,720.0,45.266,45.266,3.8619,674.734,360,-13.93,54.0,1000
2547,720.0,45.286,45.286,3.8619,674.714,360,-13.92,54.0,1000
2548,720.0,45.306,45.306,3.8619,674.694,360,-13.91,54.0,1000
2549,720.0,45.326,45.326,3.8619,674.674,360,-13.9,54.0,1000
2550,720.0,45.346,45.346,3.8619,674.654,360,-13.89,54.0,1000
2551,720.0,45.366,45.366,3.8619,674.634,360,-13.88,54.0,1000
2552,720.0,45.386,45.386,3.8619,674.614,360,-13.86,54.0,1000
2553,720.0,45.406,45.406,3.8619,674.594,360,-13.85,54.0,1000
2554,720.0,45.426,45.426,3.8619,674.574,360,-13.84,54.0,1000
2555,720.0,45.446,45.446,3.8619,674.554,360,-13.83,54.0,1000
2556,720.0,45.466,45.466,3.8619,674.534,360,-13.82,54.0,1000
2557,720.0,45.486,45.486,3.8619,674.514,360,-13.81,54.0,1000
2558,720.0,45.506,45.506,3.8619,674.494,360,-13.79,54.0,1000
2559,720.0,45.526,45.526,3.8619,674.474,360,-13.78,54.0,1000
2560,720.0,45.546,45.546,3.8619,674.454,360,-13.77,54.0,1000
2561,720.0,45.566,45.566,3.8619,674.434,360,-13.76,54.0,1000
2562,720.0,45.586,45.586,3.8619,674.414,360,-13.75,54.0,1000
2563,720.0,45.606,45.606,3.8619,674.394,360,-13.74,54.0,1000
2564,720.0,45.626,45.626,3.8619,674.374,360,-13.72,54.0,1000
2565,720.0,45.646,45.646,3.8619,674.354,360,-13.71,54.0,1000
2566,720.0,45.666,45.666,3.8619,674.334,360,-13.7,54.0,1000
2567,720.0,45.686,45.686,3.8619,674.314,360,-13.69,54.0,1000
2568,720.0,45.706,45.706,3.8619,674.294,360,-13.67,54.0,1000
2569,720.0,45.726,45.726,3.8619,674.274,360,-13.66,54.0,1000
2570,720.0,45.746,45.746,3.8619,674.254,360,-13.65,54.0,1000
2571,720.0,45.766,45.766,3.8619,674.234,360,-13.64,54.0,1000
2572,720.0,45.786,45.786,3.8619,674.214,360,-13.62,54.0,1000
2573,720.0,45.806,45.806,3.8619,674.194,360,-13.61,54.0,1000
2574,720.0,45.826,45.826,3.8619,674.174,360,-13.6,54.0,1000
2575,720.0,45.846,45.846,3.8619,674.154,360,-13.59,54.0,1000
2576,720.0,45.866,45.866,3.8619,674.134,360,-13.57,54.0,1000
2577,720.0,45.886,45.886,3.8619,674.114,360,-13.56,54.0,1000
2578,720.0,45.906,45.906,3.8619,674.094,360,-13.55,54.0,1000
2579,720.0,45.926,45.926,3.8619,674.074,360,-13.54,54.0,1000
2580,720.0,45.946,45.946,3.8619,674.054,360,-13.52,54.0,1000
2581,720.0,45.966,45.966,3.8619,674.034,360,-13.51,54.0,1000
2582,720.0,45.986,45.986,3.8619,674.014,360,-13.5,54.0,1000
2583,720.0,46.006,46.006,3.8619,673.994,360,-13.48,54.0,1000
2584,720.0,46.026,46.026,3.8619,673.974,360,-13.47,54.0,1000
2585,720.0,46.046,46.046,3.8619,673.954,360,-13.46,54.0,1000
2586,720.0,46.066,46.066,3.8619,673.934,360,-13.44,54.0,1000
2587,720.0,46.086,46.086,3.8619,673.914,360,-13.43,54.0,1000
2588,720.0,46.106,46.106,3.8619,673.894,360,-13.42,54.0,1000
2589,720.0,46.126,46.126,3.8619,673.874,360,-13.4,54.0,1000
2590,720.0,46.146,46.146,3.8619,673.854,360,-13.39,54.0,1000
2591,720.0,46.166,46.166,3.8619,673.834,360,-13.38,54.0,1000
2592,720.0,46.186,46.186,3.8619,673.814,360,-13.36,54.0,1000
2593,720.0,46.206,46.206,3.8619,673.794,360,-13.35,54.0,1000
2594,720.0,46.226,46.226,3.8619,673.774,360,-13.34,54.0,1000
2595,720.0,46.246,46.246,3.8619,673.754,360,-13.32,54.0,1000
2596,720.0,46.266,46.266,3.8619,673.734,360,-13.31,54.0,1000
2597,720.0,46.286,46.286,3.8619,673.714,360,-13.29,54.0,1000
2598,720.0,46.306,46.306,3.8619,673.694,360,-13.28,54.0,1000
2599,720.0,46.326,46.326,3.8619,673.674,360,-13.27,54.0,1000
2600,720.0,46.346,46.346,3.8619,673.654,360,-13.25,54.0,1000
2601,720.0,46.366,46.366,3.8619,673.634,360,-13.24,54.0,1000
2602,720.0,46.386,46.386,3.8619,673.614,360,-13.22,54.0,1000
2603,720.0,46.406,46.406,3.8619,673.594,360,-13.21,54.0,1000
2604,720.0,46.426,46.426,3.8619,673.574,360,-13.2,54.0,1000
2605,720.0,46.446,46.446,3.8619,673.554,360,-13.18,54.0,1000
2606,720.0,46.466,46.466,3.8619,673.534,360,-13.17,54.0,1000
2607,720.0,46.486,46.486,3.8619,673.514,360,-13.15,54.0,1000
2608,720.0,46.506,46.506,3.8619,673.494,360,-13.14,54.0,1000
2609,720.0,46.526,46.526,3.8619,673.474,360,-13.12,54.0,1000
2610,720.0,46.546,46.546,3.8619,673.454,360,-13.11,54.0,1000
2611,720.0,46.566,46.566,3.8619,673.434,360,-13.09,54.0,1000
2612,720.0,46.586,46.586,3.8619,673.414,360,-13.08,54.0,1000
2613,720.0,46.606,46.606,3.8619,673.394,360,-13.06,54.0,1000
2614,720.0,46.626,46.626,3.8619,673.374,360,-13.05,54.0,1000
2615,720.0,46.646,46.646,3.8619,673.354,360,-13.04,54.0,1000
2616,720.0,46.666,46.666,3.8619,673.334,360,-13.02,54.0,1000
2617,720.0,46.686,46.686,3.8619,673.314,360,-13.01,54.0,1000
2618,720.0,46.706,46.706,3.8619,673.294,360,-12.99,54.0,1000
2619,720.0,46.726,46.726,3.8619,673.274,360,-12.98,54.0,1000
2620,720.0,46.746,46.746,3.8619,673.254,360,-12.96,54.0,1000
2621,720.0,46.766,46.766,3.8619,673.234,360,-12.95,54.0,1000
2622,720.0,46.786,46.786,3.8619,673.214,360,-12.93,54.0,1000
2623,720.0,46.806,46.806,3.8619,673.194,360,-12.91,54.0,1000
2624,720.0,46.826,46.826,3.8619,673.174,360,-12.9,54.0,1000
2625,720.0,46.846,46.846,3.8619,673.154,360,-12.88,54.0,1000
2626,720.0,46.866,46.866,3.8619,673.134,360,-12.87,54.0,1000
2627,720.0,46.886,46.886,3.8619,673.114,360,-12.85,54.0,1000
2628,720.0,46.906,46.906,3.8619,673.094,360,-12.84,54.0,1000
2629,720.0,46.926,46.926,3.8619,673.074,360,-12.82,54.0,1000
2630,720.0,46.946,46.946,3.8619,673.054,360,-12.81,54.0,1000
2631,720.0,46.966,46.966,3.8619,673.034,360,-12.79,54.0,1000
2632,720.0,46.986,46.986,3.8619,673.014,360,-12.78,54.0,1000
2633,720.0,47.006,47.006,3.8619,672.994,360,-12.76,54.0,1000
2634,720.0,47.026,47.026,3.8619,672.974,360,-12.74,54.0,1000
2635,720.0,47.046,47.046,3.8619,672.954,360,-12.73,54.0,1000
2636,720.0,47.066,47.066,3.8619,672.934,360,-12.71,54.0,1000
2637,720.0,47.086,47.086,3.8619,672.914,360,-12.7,54.0,1000
2638,720.0,47.106,47.106,3.8619,672.894,360,-12.68,54.0,1000
2639,720.0,47.126,47.126,3.8619,672.874,360,-12.66,54.0,1000
2640,720.0,47.146,47.146,3.8619,672.854,360,-12.65,54.0,1000
2641,720.0,47.166,47.166,3.8619,672.834,360,-12.63,54.0,1000
2642,720.0,47.186,47.186,3.8619,672.814,360,-12.62,54.0,1000
2643,720.0,47.206,47.206,3.8619,672.794,360,-12.6,54.0,1000
2644,720.0,47.226,47.226,3.8619,672.774,360,-12.58,54.0,1000
2645,720.0,47.246,47.246,3.8619,672.754,360,-12.57,54.0,1000
2646,720.0,47.266,47.266,3.8619,672.734,360,-12.55,54.0,1000
2647,720.0,47.286,47.286,3.8619,672.714,360,-12.53,54.0,1000
2648,720.0,47.306,47.306,3.8619,672.694,360,-12.52,54.0,1000
2649,720.0,47.326,47.326,3.8619,672.674,360,-12.5,54.0,1000
2650,720.0,47.346,47.346,3.8619,672.654,360,-12.48,54.0,1000
2651,720.0,47.366,47.366,3.8619,672.634,360,-12.47,54.0,1000
2652,720.0,47.386,47.386,3.8619,672.614,360,-12.45,54.0,1000
2653,720.0,47.406,47.406,3.8619,672.594,360,-12.43,54.0,1000
2654,720.0,47.426,47.426,3.8619,672.574,360,-12.42,54.0,1000
2655,720.0,47.446,47.446,3.8619,672.554,360,-12.4,54.0,1000
2656,720.0,47.466,47.466,3.8619,672.534,360,-12.38,54.0,1000
2657,720.0,47.486,47.486,3.8619,672.514,360,-12.37,54.0,1000
2658,720.0,47.506,47.506,3.8619,672.494,360,-12.35,54.0,1000
2659,720.0,47.526,47.526,3.8619,672.474,360,-12.33,54.0,1000
2660,720.0,47.546,47.546,3.8619,672.454,360,-12.32,54.0,1000
2661,720.0,47.566,47.566,3.8619,672.434,360,-12.3,54.0,1000
2662,720.0,47.586,47.586,3.8619,672.414,360,-12.28,54.0,1000
2663,720.0,47.606,47.606,3.8619,672.394,360,-12.26,54.0,1000
2664,720.0,47.626,47.626,3.8619,672.374,360,-12.25,54.0,1000
2665,720.0,47.646,47.646,3.8619,672.354,360,-12.23,54.0,1000
2666,720.0,47.666,47.666,3.8619,672.334,360,-12.21,54.0,1000
2667,720.0,47.686,47.686,3.8619,672.314,360,-12.19,54.0,1000
2668,720.0,47.706,47.706,3.8619,672.294,360,-12.18,54.0,1000
2669,720.0,47.726,47.726,3.8619,672.274,360,-12.16,54.0,1000
2670,720.0,47.746,47.746,3.8619,672.254,360,-12.14,54.0,1000
2671,720.0,47.766,47.766,3.8619,672.234,360,-12.12,54.0,1000
2672,720.0,47.786,47.786,3.8619,672.214,360,-12.11,54.0,1000
2673,720.0,47.806,47.806,3.8619,672.194,360,-12.09,54.0,1000
2674,720.0,47.826,47.826,3.8619,672.174,360,-12.07,54.0,1000
2675,720.0,47.846,47.846,3.8619,672.154,360,-12.05,54.0,1000
2676,720.0,47.866,47.866,3.8619,672.134,360,-12.03,54.0,1000
2677,720.0,47.886,47.886,3.8619,672.114,360,-12.02,54.0,1000
2678,720.0,47.906,47.906,3.8619,672.094,360,-12.0,54.0,1000
2679,720.0,47.926,47.926,3.8619,672.074,360,-11.98,54.0,1000
2680,720.0,47.946,47.946,3.8619,672.054,360,-11.96,54.0,1000
2681,720.0,47.966,47.966,3.8619,672.034,360,-11.94,54.0,1000
2682,720.0,47.986,47.986,3.8619,672.014,360,-11.93,54.0,1000
2683,720.0,48.006,48.006,3.8619,671.994,360,-11.91,54.0,1000
2684,720.0,48.026,48.026,3.8619,671.974,360,-11.89,54.0,1000
2685,720.0,48.046,48.046,3.8619,671.954,360,-11.87,54.0,1000
2686,720.0,48.066,48.066,3.8619,671.934,360,-11.85,54.0,1000
2687,720.0,48.086,48.086,3.8619,671.914,360,-11.84,54.0,1000
2688,720.0,48.106,48.106,3.8619,671.894,360,-11.82,54.0,1000
2689,720.0,48.126,48.126,3.8619,671.874,360,-11.8,54.0,1000
2690,720.0,48.146,48.146,3.8619,671.854,360,-11.78,54.0,1000
2691,720.0,48.166,48.166,3.8619,671.834,360,-11.76,54.0,1000
2692,720.0,48.186,48.186,3.8619,671.814,360,-11.74,54.0,1000
2693,720.0,48.206,48.206,3.8619,671.794,360,-11.72,54.0,1000
2694,720.0,48.226,48.226,3.8619,671.774,360,-11.7,54.0,1000
2695,720.0,48.246,48.246,3.8619,671.754,360,-11.69,54.0,1000
2696,720.0,48.266,48.266,3.8619,671.734,360,-11.67,54.0,1000
2697,720.0,48.286,48.286,3.8619,671.714,360,-11.65,54.0,1000
2698,720.0,48.306,48.306,3.8619,671.694,360,-11.63,54.0,1000
2699,720.0,48.326,48.326,3.8619,671.674,360,-11.61,54.0,1000
2700,720.0,48.346,48.346,3.8619,671.654,360,-11.59,54.0,1000
2701,720.0,48.366,48.366,3.8619,671.634,360,-11.57,54.0,1000
2702,720.0,48.386,48.386,3.8619,671.614,360,-11.55,54.0,1000
2703,720.0,48.406,48.406,3.8619,671.594,360,-11.53,54.0,1000
2704,720.0,48.426,48.426,3.8619,671.574,360,-11.51,54.0,1000
2705,720.0,48.446,48.446,3.8619,671.554,360,-11.5,54.0,1000
2706,720.0,48.466,48.466,3.8619,671.534,360,-11.48,54.0,1000
2707,720.0,48.486,48.486,3.8619,671.514,360,-11.46,54.0,1000
2708,720.0,48.506,48.506,3.8619,671.494,360,-11.44,54.0,1000
2709,720.0,48.526,48.526,3.8619,671.474,360,-11.42,54.0,1000
2710,720.0,48.546,48.546,3.8619,671.454,360,-11.4,54.0,1000
2711,720.0,48.566,48.566,3.8619,671.434,360,-11.38,54.0,1000
2712,720.0,48.586,48.586,3.8619,671.414,360,-11.36,54.0,1000
2713,720.0,48.606,48.606,3.8619,671.394,360,-11.34,54.0,1000
2714,720.0,48.626,48.626,3.8619,671.374,360,-11.32,54.0,1000
2715,720.0,48.646,48.646,3.8619,671.354,360,-11.3,54.0,1000
2716,720.0,48.666,48.666,3.8619,671.334,360,-11.28,54.0,1000
2717,720.0,48.686,48.686,3.8619,671.314,360,-11.26,54.0,1000
2718,720.0,48.706,48.706,3.8619,671.294,360,-11.24,54.0,1000
2719,720.0,48.726,48.726,3.8619,671.274,360,-11.22,54.0,1000
2720,720.0,48.746,48.746,3.8619,671.254,360,-11.2,54.0,1000
2721,720.0,48.766,48.766,3.8619,671.234,360,-11.18,54.0,1000
2722,720.0,48.786,48.786,3.8619,671.214,360,-11.16,54.0,1000
2723,720.0,48.806,48.806,3.8619,671.194,360,-11.14,54.0,1000
2724,720.0,48.826,48.826,3.8619,671.174,360,-11.12,54.0,1000
2725,720.0,48.846,48.846,3.8619,671.154,360,-11.1,54.0,1000
2726,720.0,48.866,48.866,3.8619,671.134,360,-11.08,54.0,1000
2727,720.0,48.886,48.886,3.8619,671.114,360,-11.06,54.0,1000
2728,720.0,48.906,48.906,3.8619,671.094,360,-11.04,54.0,1000
2729,720.0,48.926,48.926,3.8619,671.074,360,-11.02,54.0,1000
2730,720.0,48.946,48.946,3.8619,671.054,360,-11.0,54.0,1000
2731,720.0,48.966,48.966,3.8619,671.034,360,-10.98,54.0,1000
2732,720.0,48.986,48.986,3.8619,671.014,360,-10.96,54.0,1000
2733,720.0,49.006,49.006,3.8619,670.994,360,-10.94,54.0,1000
2734,720.0,49.026,49.026,3.8619,670.974,360,-10.92,54.0,1000
2735,720.0,49.046,49.046,3.8619,670.954,360,-10.9,54.0,1000
2736,720.0,49.066,49.066,3.8619,670.934,360,-10.88,54.0,1000
2737,720.0,49.086,49.086,3.8619,670.914,360,-10.86,54.0,1000
2738,720.0,49.106,49.106,3.8619,670.894,360,-10.84,54.0,1000
2739,720.0,49.126,49.126,3.8619,670.874,360,-10.81,54.0,1000
2740,720.0,49.146,49.146,3.8619,670.854,360,-10.79,54.0,1000
2741,720.0,49.166,49.166,3.8619,670.834,360,-10.77,54.0,1000
2742,720.0,49.186,49.186,3.8619,670.814,360,-10.75,54.0,1000
2743,720.0,49.206,49.206,3.8619,670.794,360,-10.73,54.0,1000
2744,720.0,49.226,49.226,3.8619,670.774,360,-10.71,54.0,1000
2745,720.0,49.246,49.246,3.8619,670.754,360,-10.69,54.0,1000
2746,720.0,49.266,49.266,3.8619,670.734,360,-10.67,54.0,1000
2747,720.0,49.286,49.286,3.8619,670.714,360,-10.65,54.0,1000
2748,720.0,49.306,49.306,3.8619,670.694,360,-10.63,54.0,1000
2749,720.0,49.326,49.326,3.8619,670.674,360,-10.6,54.0,1000
2750,720.0,49.346,49.346,3.8619,670.654,360,-10.58,54.0,1000
2751,720.0,49.366,49.366,3.8619,670.634,360,-10.56,54.0,1000
2752,720.0,49.386,49.386,3.8619,670.614,360,-10.54,54.0,1000
2753,720.0,49.406,49.406,3.8619,670.594,360,-10.52,54.0,1000
2754,720.0,49.426,49.426,3.8619,670.574,360,-10.5,54.0,1000
2755,720.0,49.446,49.446,3.8619,670.554,360,-10.48,54.0,1000
2756,720.0,49.466,49.466,3.8619,670.534,360,-10.45,54.0,1000
2757,720.0,49.486,49.486,3.8619,670.514,360,-10.43,54.0,1000
2758,720.0,49.506,49.506,3.8619,670.494,360,-10.41,54.0,1000
2759,720.0,49.526,49.526,3.8619,670.474,360,-10.39,54.0,1000
2760,720.0,49.546,49.546,3.8619,670.454,360,-10.37,54.0,1000
2761,720.0,49.566,49.566,3.8619,670.434,360,-10.35,54.0,1000
2762,720.0,49.586,49.586,3.8619,670.414,360,-10.32,54.0,1000
2763,720.0,49.606,49.606,3.8619,670.394,360,-10.3,54.0,1000
2764,720.0,49.626,49.626,3.8619,670.374,360,-10.28,54.0,1000
2765,720.0,49.646,49.646,3.8619,670.354,360,-10.26,54.0,1000
2766,720.0,49.666,49.666,3.8619,670.334,360,-10.24,54.0,1000
2767,720.0,49.686,49.686,3.8619,670.314,360,-10.22,54.0,1000
2768,720.0,49.706,49.706,3.8619,670.294,360,-10.19,54.0,1000
2769,720.0,49.726,49.726,3.8619,670.274,360,-10.17,54.0,1000
2770,720.0,49.746,49.746,3.8619,670.254,360,-10.15,54.0,1000
2771,720.0,49.766,49.766,3.8619,670.234,360,-10.13,54.0,1000
2772,720.0,49.786,49.786,3.8619,670.214,360,-10.11,54.0,1000
2773,720.0,49.806,49.806,3.8619,670.194,360,-10.08,54.0,1000
2774,720.0,49.826,49.826,3.8619,670.174,360,-10.06,54.0,1000
2775,720.0,49.846,49.846,3.8619,670.154,360,-10.04,54.0,1000
2776,720.0,49.866,49.866,3.8619,670.134,360,-10.02,54.0,1000
2777,720.0,49.886,49.886,3.8619,670.114,360,-9.99,54.0,1000
2778,720.0,49.906,49.906,3.8619,670.094,360,-9.97,54.0,1000
2779,720.0,49.926,49.926,3.8619,670.074,360,-9.95,54.0,1000
2780,720.0,49.946,49.946,3.8619,670.054,360,-9.93,54.0,1000
2781,720.0,49.966,49.966,3.8619,670.034,360,-9.9,54.0,1000
2782,720.0,49.986,49.986,3.8619,670.014,360,-9.88,54.0,1000
2783,720.0,50.006,50.006,3.8619,669.994,360,-9.86,54.0,1000
2784,720.0,50.026,50.026,3.8619,669.974,360,-9.84,54.0,1000
2785,720.0,50.046,50.046,3.8619,669.954,360,-9.81,54.0,1000
2786,720.0,50.066,50.066,3.8619,669.934,360,-9.79,54.0,1000
2787,720.0,50.086,50.086,3.8619,669.914,360,-9.77,54.0,1000
2788,720.0,50.106,50.106,3.8619,669.894,360,-9.75,54.0,1000
2789,720.0,50.126,50.126,3.8619,669.874,360,-9.72,54.0,1000
2790,720.0,50.146,50.146,3.8619,669.854,360,-9.7,54.0,1000
2791,720.0,50.166,50.166,3.8619,669.834,360,-9.68,54.0,1000
2792,720.0,50.186,50.186,3.8619,669.814,360,-9.65,54.0,1000
2793,720.0,50.206,50.206,3.8619,669.794,360,-9.63,54.0,1000
2794,720.0,50.226,50.226,3.8619,669.774,360,-9.61,54.0,1000
2795,720.0,50.246,50.246,3.8619,669.754,360,-9.58,54.0,1000
2796,720.0,50.266,50.266,3.8619,669.734,360,-9.56,54.0,1000
2797,720.0,50.286,50.286,3.8619,669.714,360,-9.54,54.0,1000
2798,720.0,50.306,50.306,3.8619,669.694,360,-9.52,54.0,1000
2799,720.0,50.326,50.326,3.8619,669.674,360,-9.49,54.0,1000
2800,720.0,50.346,50.346,3.8619,669.654,360,-9.47,54.0,1000
2801,720.0,50.366,50.366,3.8619,669.634,360,-9.45,54.0,1000
2802,720.0,50.386,50.386,3.8619,669.614,360,-9.42,54.0,1000
2803,720.0,50.406,50.406,3.8619,669.594,360,-9.4,54.0,1000
2804,720.0,50.426,50.426,3.8619,669.574,360,-9.38,54.0,1000
2805,720.0,50.446,50.446,3.8619,669.554,360,-9.35,54.0,1000
2806,720.0,50.466,50.466,3.8619,669.534,360,-9.33,54.0,1000
2807,720.0,50.486,50.486,3.8619,669.514,360,-9.31,54.0,1000
2808,720.0,50.506,50.506,3.8619,669.494,360,-9.28,54.0,1000
2809,720.0,50.526,50.526,3.8619,669.474,360,-9.26,54.0,1000
2810,720.0,50.546,50.546,3.8619,669.454,360,-9.23,54.0,1000
2811,720.0,50.566,50.566,3.8619,669.434,360,-9.21,54.0,1000
2812,720.0,50.586,50.586,3.8619,669.414,360,-9.19,54.0,1000
2813,720.0,50.606,50.606,3.8619,669.394,360,-9.16,54.0,1000
2814,720.0,50.626,50.626,3.8619,669.374,360,-9.14,54.0,1000
2815,720.0,50.646,50.646,3.8619,669.354,360,-9.12,54.0,1000
2816,720.0,50.666,50.666,3.8619,669.334,360,-9.09,54.0,1000
2817,720.0,50.686,50.686,3.8619,669.314,360,-9.07,54.0,1000
2818,720.0,50.706,50.706,3.8619,669.294,360,-9.04,54.0,1000
2819,720.0,50.726,50.726,3.8619,669.274,360,-9.02,54.0,1000
2820,720.0,50.746,50.746,3.8619,669.254,360,-9.0,54.0,1000
2821,720.0,50.766,50.766,3.8619,669.234,360,-8.97,54.0,1000
2822,720.0,50.786,50.786,3.8619,669.214,360,-8.95,54.0,1000
2823,720.0,50.806,50.806,3.8619,669.194,360,-8.92,54.0,1000
2824,720.0,50.826,50.826,3.8619,669.174,360,-8.9,54.0,1000
2825,720.0,50.846,50.846,3.8619,669.154,360,-8.88,54.0,1000
2826,720.0,50.866,50.866,3.8619,669.134,360,-8.85,54.0,1000
2827,720.0,50.886,50.886,3.8619,669.114,360,-8.83,54.0,1000
2828,720.0,50.906,50.906,3.8619,669.094,360,-8.8,54.0,1000
2829,720.0,50.926,50.926,3.8619,669.074,360,-8.78,54.0,1000
2830,720.0,50.946,50.946,3.8619,669.054,360,-8.75,54.0,1000
2831,720.0,50.966,50.966,3.8619,669.034,360,-8.73,54.0,1000
2832,720.0,50.986,50.986,3.8619,669.014,360,-8.71,54.0,1000
2833,720.0,51.006,51.006,3.8619,668.994,360,-8.68,54.0,1000
2834,720.0,51.026,51.026,3.8619,668.974,360,-8.66,54.0,1000
2835,720.0,51.046,51.046,3.8619,668.954,360,-8.63,54.0,1000
2836,720.0,51.066,51.066,3.8619,668.934,360,-8.61,54.0,1000
2837,720.0,51.086,51.086,3.8619,668.914,360,-8.58,54.0,1000
2838,720.0,51.106,51.106,3.8619,668.894,360,-8.56,54.0,1000
2839,720.0,51.126,51.126,3.8619,668.874,360,-8.53,54.0,1000
2840,720.0,51.146,51.146,3.8619,668.854,360,-8.51,54.0,1000
2841,720.0,51.166,51.166,3.8619,668.834,360,-8.48,54.0,1000
2842,720.0,51.186,51.186,3.8619,668.814,360,-8.46,54.0,1000
2843,720.0,51.206,51.206,3.8619,668.794,360,-8.43,54.0,1000
2844,720.0,51.226,51.226,3.8619,668.774,360,-8.41,54.0,1000
2845,720.0,51.246,51.246,3.8619,668.754,360,-8.39,54.0,1000
2846,720.0,51.266,51.266,3.8619,668.734,360,-8.36,54.0,1000
2847,720.0,51.286,51.286,3.8619,668.714,360,-8.34,54.0,1000
2848,720.0,51.306,51.306,3.8619,668.694,360,-8.31,54.0,1000
2849,720.0,51.326,51.326,3.8619,668.674,360,-8.29,54.0,1000
2850,720.0,51.346,51.346,3.8619,668.654,360,-8.26,54.0,1000
2851,720.0,51.366,51.366,3.8619,668.634,360,-8.24,54.0,1000
2852,720.0,51.386,51.386,3.8619,668.614,360,-8.21,54.0,1000
2853,720.0,51.406,51.406,3.8619,668.594,360,-8.19,54.0,1000
2854,720.0,51.426,51.426,3.8619,668.574,360,-8.16,54.0,1000
2855,720.0,51.446,51.446,3.8619,668.554,360,-8.13,54.0,1000
2856,720.0,51.466,51.466,3.8619,668.534,360,-8.11,54.0,1000
2857,720.0,51.486,51.486,3.8619,668.514,360,-8.08,54.0,1000
2858,720.0,51.506,51.506,3.8619,668.494,360,-8.06,54.0,1000
2859,720.0,51.526,51.526,3.8619,668.474,360,-8.03,54.0,1000
2860,720.0,51.546,51.546,3.8619,668.454,360,-8.01,54.0,1000
2861,720.0,51.566,51.566,3.8619,668.434,360,-7.98,54.0,1000
2862,720.0,51.586,51.586,3.8619,668.414,360,-7.96,54.0,1000
2863,720.0,51.606,51.606,3.8619,668.394,360,-7.93,54.0,1000
2864,720.0,51.626,51.626,3.8619,668.374,360,-7.91,54.0,1000
2865,720.0,51.646,51.646,3.8619,668.354,360,-7.88,54.0,1000
2866,720.0,51.666,51.666,3.8619,668.334,360,-7.86,54.0,1000
2867,720.0,51.686,51.686,3.8619,668.314,360,-7.83,54.0,1000
2868,720.0,51.706,51.706,3.8619,668.294,360,-7.8,54.0,1000
2869,720.0,51.726,51.726,3.8619,668.274,360,-7.78,54.0,1000
2870,720.0,51.746,51.746,3.8619,668.254,360,-7.75,54.0,1000
2871,720.0,51.766,51.766,3.8619,668.234,360,-7.73,54.0,1000
2872,720.0,51.786,51.786,3.8619,668.214,360,-7.7,54.0,1000
2873,720.0,51.806,51.806,3.8619,668.194,360,-7.68,54.0,1000
2874,720.0,51.826,51.826,3.8619,668.174,360,-7.65,54.0,1000
2875,720.0,51.846,51.846,3.8619,668.154,360,-7.62,54.0,1000
2876,720.0,51.866,51.866,3.8619,668.134,360,-7.6,54.0,1000
2877,720.0,51.886,51.886,3.8619,668.114,360,-7.57,54.0,1000
2878,720.0,51.906,51.906,3.8619,668.094,360,-7.55,54.0,1000
2879,720.0,51.926,51.926,3.8619,668.074,360,-7.52,54.0,1000
2880,720.0,51.946,51.946,3.8619,668.054,360,-7.49,54.0,1000
2881,720.0,51.966,51.966,3.8619,668.034,360,-7.47,54.0,1000
2882,720.0,51.986,51.986,3.8619,668.014,360,-7.44,54.0,1000
2883,720.0,52.006,52.006,3.8619,667.994,360,-7.42,54.0,1000
2884,720.0,52.026,52.026,3.8619,667.974,360,-7.39,54.0,1000
2885,720.0,52.046,52.046,3.8619,667.954,360,-7.36,54.0,1000
2886,720.0,52.066,52.066,3.8619,667.934,360,-7.34,54.0,1000
2887,720.0,52.086,52.086,3.8619,667.914,360,-7.31,54.0,1000
2888,720.0,52.106,52.106,3.8619,667.894,360,-7.29,54.0,1000
2889,720.0,52.126,52.126,3.8619,667.874,360,-7.26,54.0,1000
2890,720.0,52.146,52.146,3.8619,667.854,360,-7.23,54.0,1000
2891,720.0,52.166,52.166,3.8619,667.834,360,-7.21,54.0,1000
2892,720.0,52.186,52.186,3.8619,667.814,360,-7.18,54.0,1000
2893,720.0,52.206,52.206,3.8619,667.794,360,-7.15,54.0,1000
2894,720.0,52.226,52.226,3.8619,667.774,360,-7.13,54.0,1000
2895,720.0,52.246,52.246,3.8619,667.754,360,-7.1,54.0,1000
2896,720.0,52.266,52.266,3.8619,667.734,360,-7.08,54.0,1000
2897,720.0,52.286,52.286,3.8619,667.714,360,-7.05,54.0,1000
2898,720.0,52.306,52.306,3.8619,667.694,360,-7.02,54.0,1000
2899,720.0,52.326,52.326,3.8619,667.674,360,-7.0,54.0,1000
2900,720.0,52.346,52.346,3.8619,667.654,360,-6.97,54.0,1000
2901,720.0,52.366,52.366,3.8619,667.634,360,-6.94,54.0,1000
2902,720.0,52.386,52.386,3.8619,667.614,360,-6.92,54.0,1000
2903,720.0,52.406,52.406,3.8619,667.594,360,-6.89,54.0,1000
2904,720.0,52.426,52.426,3.8619,667.574,360,-6.86,54.0,1000
2905,720.0,52.446,52.446,3.8619,667.554,360,-6.84,54.0,1000
2906,720.0,52.466,52.466,3.8619,667.534,360,-6.81,54.0,1000
2907,720.0,52.486,52.486,3.8619,667.514,360,-6.78,54.0,1000
2908,720.0,52.506,52.506,3.8619,667.494,360,-6.76,54.0,1000
2909,720.0,52.526,52.526,3.8619,667.474,360,-6.73,54.0,1000
2910,720.0,52.546,52.546,3.8619,667.454,360,-6.7,54.0,1000
2911,720.0,52.566,52.566,3.8619,667.434,360,-6.68,54.0,1000
2912,720.0,52.586,52.586,3.8619,667.414,360,-6.65,54.0,1000
2913,720.0,52.606,52.606,3.8619,667.394,360,-6.62,54.0,1000
2914,720.0,52.626,52.626,3.8619,667.374,360,-6.59,54.0,1000
2915,720.0,52.646,52.646,3.8619,667.354,360,-6.57,54.0,1000
2916,720.0,52.666,52.666,3.8619,667.334,360,-6.54,54.0,1000
2917,720.0,52.686,52.686,3.8619,667.314,360,-6.51,54.0,1000
2918,720.0,52.706,52.706,3.8619,667.294,360,-6.49,54.0,1000
2919,720.0,52.726,52.726,3.8619,667.274,360,-6.46,54.0,1000
2920,720.0,52.746,52.746,3.8619,667.254,360,-6.43,54.0,1000
2921,720.0,52.766,52.766,3.8619,667.234,360,-6.41,54.0,1000
2922,720.0,52.786,52.786,3.8619,667.214,360,-6.38,54.0,1000
2923,720.0,52.806,52.806,3.8619,667.194,360,-6.35,54.0,1000
2924,720.0,52.826,52.826,3.8619,667.174,360,-6.32,54.0,1000
2925,720.0,52.846,52.846,3.8619,667.154,360,-6.3,54.0,1000
2926,720.0,52.866,52.866,3.8619,667.134,360,-6.27,54.0,1000
2927,720.0,52.886,52.886,3.8619,667.114,360,-6.24,54.0,1000
2928,720.0,52.906,52.906,3.8619,667.094,360,-6.21,54.0,1000
2929,720.0,52.926,52.926,3.8619,667.074,360,-6.19,54.0,1000
2930,720.0,52.946,52.946,3.8619,667.054,360,-6.16,54.0,1000
2931,720.0,52.966,52.966,3.8619,667.034,360,-6.13,54.0,1000
2932,720.0,52.986,52.986,3.8619,667.014,360,-6.11,54.0,1000
2933,720.0,53.006,53.006,3.8619,666.994,360,-6.08,54.0,1000
2934,720.0,53.026,53.026,3.8619,666.974,360,-6.05,54.0,1000
2935,720.0,53.046,53.046,3.8619,666.954,360,-6.02,54.0,1000
2936,720.0,53.066,53.066,3.8619,666.934,360,-6.0,54.0,1000
2937,720.0,53.086,53.086,3.8619,666.914,360,-5.97,54.0,1000
2938,720.0,53.106,53.106,3.8619,666.894,360,-5.94,54.0,1000
2939,720.0,53.126,53.126,3.8619,666.874,360,-5.91,54.0,1000
2940,720.0,53.146,53.146,3.8619,666.854,360,-5.89,54.0,1000
2941,720.0,53.166,53.166,3.8619,666.834,360,-5.86,54.0,1000
2942,720.0,53.186,53.186,3.8619,666.814,360,-5.83,54.0,1000
2943,720.0,53.206,53.206,3.8619,666.794,360,-5.8,54.0,1000
2944,720.0,53.226,53.226,3.8619,666.774,360,-5.77,54.0,1000
2945,720.0,53.246,53.246,3.8619,666.754,360,-5.75,54.0,1000
2946,720.0,53.266,53.266,3.8619,666.734,360,-5.72,54.0,1000
2947,720.0,53.286,53.286,3.8619,666.714,360,-5.69,54.0,1000
2948,720.0,53.306,53.306,3.8619,666.694,360,-5.66,54.0,1000
2949,720.0,53.326,53.326,3.8619,666.674,360,-5.64,54.0,1000
2950,720.0,53.346,53.346,3.8619,666.654,360,-5.61,54.0,1000
2951,720.0,53.366,53.366,3.8619,666.634,360,-5.58,54.0,1000
2952,720.0,53.386,53.386,3.8619,666.614,360,-5.55,54.0,1000
2953,720.0,53.406,53.406,3.8619,666.594,360,-5.52,54.0,1000
2954,720.0,53.426,53.426,3.8619,666.574,360,-5.5,54.0,1000
2955,720.0,53.446,53.446,3.8619,666.554,360,-5.47,54.0,1000
2956,720.0,53.466,53.466,3.8619,666.534,360,-5.44,54.0,1000
2957,720.0,53.486,53.486,3.8619,666.514,360,-5.41,54.0,1000
2958,720.0,53.506,53.506,3.8619,666.494,360,-5.38,54.0,1000
2959,720.0,53.526,53.526,3.8619,666.474,360,-5.36,54.0,1000
2960,720.0,53.546,53.546,3.8619,666.454,360,-5.33,54.0,1000
2961,720.0,53.566,53.566,3.8619,666.434,360,-5.3,54.0,1000
2962,720.0,53.586,53.586,3.8619,666.414,360,-5.27,54.0,1000
2963,720.0,53.606,53.606,3.8619,666.394,360,-5.24,54.0,1000
2964,720.0,53.626,53.626,3.8619,666.374,360,-5.22,54.0,1000
2965,720.0,53.646,53.646,3.8619,666.354,360,-5.19,54.0,1000
2966,720.0,53.666,53.666,3.8619,666.334,360,-5.16,54.0,1000
2967,720.0,53.686,53.686,3.8619,666.314,360,-5.13,54.0,1000
2968,720.0,53.706,53.706,3.8619,666.294,360,-5.1,54.0,1000
2969,720.0,53.726,53.726,3.8619,666.274,360,-5.08,54.0,1000
2970,720.0,53.746,53.746,3.8619,666.254,360,-5.05,54.0,1000
2971,720.0,53.766,53.766,3.8619,666.234,360,-5.02,54.0,1000
2972,720.0,53.786,53.786,3.8619,666.214,360,-4.99,54.0,1000
2973,720.0,53.806,53.806,3.8619,666.194,360,-4.96,54.0,1000
2974,720.0,53.826,53.826,3.8619,666.174,360,-4.93,54.0,1000
2975,720.0,53.846,53.846,3.8619,666.154,360,-4.91,54.0,1000
2976,720.0,53.866,53.866,3.8619,666.134,360,-4.88,54.0,1000
2977,720.0,53.886,53.886,3.8619,666.114,360,-4.85,54.0,1000
2978,720.0,53.906,53.906,3.8619,666.094,360,-4.82,54.0,1000
2979,720.0,53.926,53.926,3.8619,666.074,360,-4.79,54.0,1000
2980,720.0,53.946,53.946,3.8619,666.054,360,-4.76,54.0,1000
2981,720.0,53.966,53.966,3.8619,666.034,360,-4.74,54.0,1000
2982,720.0,53.986,53.986,3.8619,666.014,360,-4.71,54.0,1000
2983,720.0,54.006,54.006,3.8619,665.994,360,-4.68,54.0,1000
2984,720.0,54.026,54.026,3.8619,665.974,360,-4.65,54.0,1000
2985,720.0,54.046,54.046,3.8619,665.954,360,-4.62,54.0,1000
2986,720.0,54.066,54.066,3.8619,665.934,360,-4.59,54.0,1000
2987,720.0,54.086,54.086,3.8619,665.914,360,-4.56,54.0,1000
2988,720.0,54.106,54.106,3.8619,665.894,360,-4.54,54.0,1000
2989,720.0,54.126,54.126,3.8619,665.874,360,-4.51,54.0,1000
2990,720.0,54.146,54.146,3.8619,665.854,360,-4.48,54.0,1000
2991,720.0,54.166,54.166,3.8619,665.834,360,-4.45,54.0,1000
2992,720.0,54.186,54.186,3.8619,665.814,360,-4.42,54.0,1000
2993,720.0,54.206,54.206,3.8619,665.794,360,-4.39,54.0,1000
2994,720.0,54.226,54.226,3.8619,665.774,360,-4.36,54.0,1000
2995,720.0,54.246,54.246,3.8619,665.754,360,-4.34,54.0,1000
2996,720.0,54.266,54.266,3.8619,665.734,360,-4.31,54.0,1000
2997,720.0,54.286,54.286,3.8619,665.714,360,-4.28,54.0,1000
2998,720.0,54.306,54.306,3.8619,665.694,360,-4.25,54.0,1000
2999,720.0,54.326,54.326,3.8619,665.674,360,-4.22,54.0,1000
3000,720.0,54.346,54.346,3.8619,665.654,360,-4.19,54.0,1000
3001,720.0,54.366,54.366,3.8619,665.634,360,-4.16,54.0,1000
3002,720.0,54.386,54.386,3.8619,665.614,360,-4.13,54.0,1000
3003,720.0,54.406,54.406,3.8619,665.594,360,-4.1,54.0,1000
3004,720.0,54.426,54.426,3.8619,665.574,360,-4.08,54.0,1000
3005,720.0,54.446,54.446,3.8619,665.554,360,-4.05,54.0,1000
3006,720.0,54.466,54.466,3.8619,665.534,360,-4.02,54.0,1000
3007,720.0,54.486,54.486,3.8619,665.514,360,-3.99,54.0,1000
3008,720.0,54.506,54.506,3.8619,665.494,360,-3.96,54.0,1000
3009,720.0,54.526,54.526,3.8619,665.474,360,-3.93,54.0,1000
3010,720.0,54.546,54.546,3.8619,665.454,360,-3.9,54.0,1000
3011,720.0,54.566,54.566,3.8619,665.434,360,-3.87,54.0,1000
3012,720.0,54.586,54.586,3.8619,665.414,360,-3.84,54.0,1000
3013,720.0,54.606,54.606,3.8619,665.394,360,-3.82,54.0,1000
3014,720.0,54.626,54.626,3.8619,665.374,360,-3.79,54.0,1000
3015,720.0,54.646,54.646,3.8619,665.354,360,-3.76,54.0,1000
3016,720.0,54.666,54.666,3.8619,665.334,360,-3.73,54.0,1000
3017,720.0,54.686,54.686,3.8619,665.314,360,-3.7,54.0,1000
3018,720.0,54.706,54.706,3.8619,665.294,360,-3.67,54.0,1000
3019,720.0,54.726,54.726,3.8619,665.274,360,-3.64,54.0,1000
3020,720.0,54.746,54.746,3.8619,665.254,360,-3.61,54.0,1000
3021,720.0,54.766,54.766,3.8619,665.234,360,-3.58,54.0,1000
3022,720.0,54.786,54.786,3.8619,665.214,360,-3.55,54.0,1000
3023,720.0,54.806,54.806,3.8619,665.194,360,-3.52,54.0,1000
3024,720.0,54.826,54.826,3.8619,665.174,360,-3.5,54.0,1000
3025,720.0,54.846,54.846,3.8619,665.154,360,-3.47,54.0,1000
3026,720.0,54.866,54.866,3.8619,665.134,360,-3.44,54.0,1000
3027,720.0,54.886,54.886,3.8619,665.114,360,-3.41,54.0,1000
3028,720.0,54.906,54.906,3.8619,665.094,360,-3.38,54.0,1000
3029,720.0,54.926,54.926,3.8619,665.074,360,-3.35,54.0,1000
3030,720.0,54.946,54.946,3.8619,665.054,360,-3.32,54.0,1000
3031,720.0,54.966,54.966,3.8619,665.034,360,-3.29,54.0,1000
3032,720.0,54.986,54.986,3.8619,665.014,360,-3.26,54.0,1000
3033,720.0,55.006,55.006,3.8619,664.994,360,-3.23,54.0,1000
3034,720.0,55.026,55.026,3.8619,664.974,360,-3.2,54.0,1000
3035,720.0,55.046,55.046,3.8619,664.954,360,-3.17,54.0,1000
3036,720.0,55.066,55.066,3.8619,664.934,360,-3.14,54.0,1000
3037,720.0,55.086,55.086,3.8619,664.914,360,-3.11,54.0,1000
3038,720.0,55.106,55.106,3.8619,664.894,360,-3.09,54.0,1000
3039,720.0,55.126,55.126,3.8619,664.874,360,-3.06,54.0,1000
3040,720.0,55.146,55.146,3.8619,664.854,360,-3.03,54.0,1000
3041,720.0,55.166,55.166,3.8619,664.834,360,-3.0,54.0,1000
3042,720.0,55.186,55.186,3.8619,664.814,360,-2.97,54.0,1000
3043,720.0,55.206,55.206,3.8619,664.794,360,-2.94,54.0,1000
3044,720.0,55.226,55.226,3.8619,664.774,360,-2.91,54.0,1000
3045,720.0,55.246,55.246,3.8619,664.754,360,-2.88,54.0,1000
3046,720.0,55.266,55.266,3.8619,664.734,360,-2.85,54.0,1000
3047,720.0,55.286,55.286,3.8619,664.714,360,-2.82,54.0,1000
3048,720.0,55.306,55.306,3.8619,664.694,360,-2.79,54.0,1000
3049,720.0,55.326,55.326,3.8619,664.674,360,-2.76,54.0,1000
3050,720.0,55.346,55.346,3.8619,664.654,360,-2.73,54.0,1000
3051,720.0,55.366,55.366,3.8619,664.634,360,-2.7,54.0,1000
3052,720.0,55.386,55.386,3.8619,664.614,360,-2.67,54.0,1000
3053,720.0,55.406,55.406,3.8619,664.594,360,-2.64,54.0,1000
3054,720.0,55.426,55.426,3.8619,664.574,360,-2.61,54.0,1000
3055,720.0,55.446,55.446,3.8619,664.554,360,-2.58,54.0,1000
3056,720.0,55.466,55.466,3.8619,664.534,360,-2.56,54.0,1000
3057,720.0,55.486,55.486,3.8619,664.514,360,-2.53,54.0,1000
3058,720.0,55.506,55.506,3.8619,664.494,360,-2.5,54.0,1000
3059,720.0,55.526,55.526,3.8619,664.474,360,-2.47,54.0,1000
3060,720.0,55.546,55.546,3.8619,664.454,360,-2.44,54.0,1000
3061,720.0,55.566,55.566,3.8619,664.434,360,-2.41,54.0,1000
3062,720.0,55.586,55.586,3.8619,664.414,360,-2.38,54.0,1000
3063,720.0,55.606,55.606,3.8619,664.394,360,-2.35,54.0,1000
3064,720.0,55.626,55.626,3.8619,664.374,360,-2.32,54.0,1000
3065,720.0,55.646,55.646,3.8619,664.354,360,-2.29,54.0,1000
3066,720.0,55.666,55.666,3.8619,664.334,360,-2.26,54.0,1000
3067,720.0,55.686,55.686,3.8619,664.314,360,-2.23,54.0,1000
3068,720.0,55.706,55.706,3.8619,664.294,360,-2.2,54.0,1000
3069,720.0,55.726,55.726,3.8619,664.274,360,-2.17,54.0,1000
3070,720.0,55.746,55.746,3.8619,664.254,360,-2.14,54.0,1000
3071,720.0,55.766,55.766,3.8619,664.234,360,-2.11,54.0,1000
3072,720.0,55.786,55.786,3.8619,664.214,360,-2.08,54.0,1000
3073,720.0,55.806,55.806,3.8619,664.194,360,-2.05,54.0,1000
3074,720.0,55.826,55.826,3.8619,664.174,360,-2.02,54.0,1000
3075,720.0,55.846,55.846,3.8619,664.154,360,-1.99,54.0,1000
3076,720.0,55.866,55.866,3.8619,664.134,360,-1.96,54.0,1000
3077,720.0,55.886,55.886,3.8619,664.114,360,-1.93,54.0,1000
3078,720.0,55.906,55.906,3.8619,664.094,360,-1.9,54.0,1000
3079,720.0,55.926,55.926,3.8619,664.074,360,-1.87,54.0,1000
3080,720.0,55.946,55.946,3.8619,664.054,360,-1.84,54.0,1000
3081,720.0,55.966,55.966,3.8619,664.034,360,-1.81,54.0,1000
3082,720.0,55.986,55.986,3.8619,664.014,360,-1.78,54.0,1000
3083,720.0,56.006,56.006,3.8619,663.994,360,-1.75,54.0,1000
3084,720.0,56.026,56.026,3.8619,663.974,360,-1.72,54.0,1000
3085,720.0,56.046,56.046,3.8619,663.954,360,-1.69,54.0,1000
3086,720.0,56.066,56.066,3.8619,663.934,360,-1.66,54.0,1000
3086,720.0,56.086,56.086,3.8619,663.914,360,-1.63,54.0,1000
3088,720.0,56.106,56.106,3.8619,663.894,360,-1.6,54.0,1000
3089,720.0,56.126,56.126,3.8619,663.874,360,-1.57,54.0,1000
3090,720.0,56.146,56.146,3.8619,663.854,360,-1.55,54.0,1000
3091,720.0,56.166,56.166,3.8619,663.834,360,-1.52,54.0,1000
3092,720.0,56.186,56.186,3.8619,663.814,360,-1.49,54.0,1000
3093,720.0,56.206,56.206,3.8619,663.794,360,-1.46,54.0,1000
3094,720.0,56.226,56.226,3.8619,663.774,360,-1.43,54.0,1000
3094,720.0,56.246,56.246,3.8619,663.754,360,-1.4,54.0,1000
3096,720.0,56.266,56.266,3.8619,663.734,360,-1.37,54.0,1000
3097,720.0,56.286,56.286,3.8619,663.714,360,-1.34,54.0,1000
3098,720.0,56.306,56.306,3.8619,663.694,360,-1.31,54.0,1000
3099,720.0,56.326,56.326,3.8619,663.674,360,-1.28,54.0,1000
3100,720.0,56.346,56.346,3.8619,663.654,360,-1.25,54.0,1000
3101,720.0,56.366,56.366,3.8619,663.634,360,-1.22,54.0,1000
3102,720.0,56.386,56.386,3.8619,663.614,360,-1.19,54.0,1000
3102,720.0,56.406,56.406,3.8619,663.594,360,-1.16,54.0,1000
3104,720.0,56.426,56.426,3.8619,663.574,360,-1.13,54.0,1000
3105,720.0,56.446,56.446,3.8619,663.554,360,-1.1,54.0,1000
3106,720.0,56.466,56.466,3.8619,663.534,360,-1.07,54.0,1000
3107,720.0,56.486,56.486,3.8619,663.514,360,-1.04,54.0,1000
3108,720.0,56.506,56.506,3.8619,663.494,360,-1.01,54.0,1000
3109,720.0,56.526,56.526,3.8619,663.474,360,-0.98,54.0,1000
3110,720.0,56.546,56.546,3.8619,663.454,360,-0.95,54.0,1000
3110,720.0,56.566,56.566,3.8619,663.434,360,-0.92,54.0,1000
3112,720.0,56.586,56.586,3.8619,663.414,360,-0.89,54.0,1000
3113,720.0,56.606,56.606,3.8619,663.394,360,-0.86,54.0,1000
3114,720.0,56.626,56.626,3.8619,663.374,360,-0.83,54.0,1000
3115,720.0,56.646,56.646,3.8619,663.354,360,-0.8,54.0,1000
3116,720.0,56.666,56.666,3.8619,663.334,360,-0.77,54.0,1000
3117,720.0,56.686,56.686,3.8619,663.314,360,-0.74,54.0,1000
3118,720.0,56.706,56.706,3.8619,663.294,360,-0.71,54.0,1000
3119,720.0,56.726,56.726,3.8619,663.274,360,-0.68,54.0,1000
3120,720.0,56.746,56.746,3.8619,663.254,360,-0.65,54.0,1000
3121,720.0,56.766,56.766,3.8619,663.234,360,-0.62,54.0,1000
3122,720.0,56.786,56.786,3.8619,663.214,360,-0.59,54.0,1000
3123,720.0,56.806,56.806,3.8619,663.194,360,-0.56,54.0,1000
3124,720.0,56.826,56.826,3.8619,663.174,360,-0.53,54.0,1000
3125,720.0,56.846,56.846,3.8619,663.154,360,-0.5,54.0,1000
3126,720.0,56.866,56.866,3.8619,663.134,360,-0.47,54.0,1000
3127,720.0,56.886,56.886,3.8619,663.114,360,-0.44,54.0,1000
3128,720.0,56.906,56.906,3.8619,663.094,360,-0.41,54.0,1000
3129,720.0,56.926,56.926,3.8619,663.074,360,-0.38,54.0,1000
3130,720.0,56.946,56.946,3.8619,663.054,360,-0.35,54.0,1000
3131,720.0,56.966,56.966,3.8619,663.034,360,-0.32,54.0,1000
3132,720.0,56.986,56.986,3.8619,663.014,360,-0.29,54.0,1000
3133,720.0,57.006,57.006,3.8619,662.994,360,-0.26,54.0,1000
3134,720.0,57.026,57.026,3.8619,662.974,360,-0.23,54.0,1000
3135,720.0,57.046,57.046,3.8619,662.954,360,-0.2,54.0,1000
3136,720.0,57.066,57.066,3.8619,662.934,360,-0.17,54.0,1000
3137,720.0,57.086,57.086,3.8619,662.914,360,-0.14,54.0,1000
3138,720.0,57.106,57.106,3.8619,662.894,360,-0.11,54.0,1000
3139,720.0,57.126,57.126,3.8619,662.874,360,-0.08,54.0,1000
3140,720.0,57.146,57.146,3.8619,662.854,360,-0.05,54.0,1000
3141,720.0,57.166,57.166,3.8619,662.834,360,-0.02,54.0,1000
3142,720.0,57.146,57.146,3.8619,662.854,360,0.01,54.0,1000
3143,720.0,57.126,57.126,3.8619,662.874,360,0.04,54.0,1000
3144,720.0,57.106,57.106,3.8619,662.894,360,0.07,54.0,1000
3145,720.0,57.086,57.086,3.8619,662.914,360,0.1,54.0,1000
3146,720.0,57.066,57.066,3.8619,662.934,360,0.13,54.0,1000
3147,720.0,57.046,57.046,3.8619,662.954,360,0.16,54.0,1000
3148,720.0,57.026,57.026,3.8619,662.974,360,0.19,54.0,1000
3149,720.0,57.006,57.006,3.8619,662.994,360,0.22,54.0,1000
3150,720.0,56.986,56.986,3.8619,663.014,360,0.25,54.0,1000
3151,720.0,56.966,56.966,3.8619,663.034,360,0.28,54.0,1000
3152,720.0,56.946,56.946,3.8619,663.054,360,0.31,54.0,1000
3153,720.0,56.926,56.926,3.8619,663.074,360,0.34,54.0,1000
3154,720.0,56.906,56.906,3.8619,663.094,360,0.37,54.0,1000
3155,720.0,56.886,56.886,3.8619,663.114,360,0.4,54.0,1000
3156,720.0,56.866,56.866,3.8619,663.134,360,0.43,54.0,1000
3157,720.0,56.846,56.846,3.8619,663.154,360,0.46,54.0,1000
3158,720.0,56.826,56.826,3.8619,663.174,360,0.49,54.0,1000
3159,720.0,56.806,56.806,3.8619,663.194,360,0.52,54.0,1000
3160,720.0,56.786,56.786,3.8619,663.214,360,0.55,54.0,1000
3161,720.0,56.766,56.766,3.8619,663.234,360,0.58,54.0,1000
3162,720.0,56.746,56.746,3.8619,663.254,360,0.61,54.0,1000
3163,720.0,56.726,56.726,3.8619,663.274,360,0.64,54.0,1000
3164,720.0,56.706,56.706,3.8619,663.294,360,0.67,54.0,1000
3165,720.0,56.686,56.686,3.8619,663.314,360,0.7,54.0,1000
3166,720.0,56.666,56.666,3.8619,663.334,360,0.73,54.0,1000
3167,720.0,56.646,56.646,3.8619,663.354,360,0.76,54.0,1000
3168,720.0,56.626,56.626,3.8619,663.374,360,0.79,54.0,1000
3169,720.0,56.606,56.606,3.8619,663.394,360,0.82,54.0,1000
3170,720.0,56.586,56.586,3.8619,663.414,360,0.85,54.0,1000
3171,720.0,56.566,56.566,3.8619,663.434,360,0.88,54.0,1000
3172,720.0,56.546,56.546,3.8619,663.454,360,0.91,54.0,1000
3173,720.0,56.526,56.526,3.8619,663.474,360,0.94,54.0,1000
3174,720.0,56.506,56.506,3.8619,663.494,360,0.97,54.0,1000
3175,720.0,56.486,56.486,3.8619,663.514,360,1.0,54.0,1000
3176,720.0,56.466,56.466,3.8619,663.534,360,1.03,54.0,1000
3177,720.0,56.446,56.446,3.8619,663.554,360,1.06,54.0,1000
3178,720.0,56.426,56.426,3.8619,663.574,360,1.09,54.0,1000
3179,720.0,56.406,56.406,3.8619,663.594,360,1.12,54.0,1000
3180,720.0,56.386,56.386,3.8619,663.614,360,1.15,54.0,1000
3181,720.0,56.366,56.366,3.8619,663.634,360,1.18,54.0,1000
3182,720.0,56.346,56.346,3.8619,663.654,360,1.21,54.0,1000
3183,720.0,56.326,56.326,3.8619,663.674,360,1.24,54.0,1000
3184,720.0,56.306,56.306,3.8619,663.694,360,1.27,54.0,1000
3185,720.0,56.286,56.286,3.8619,663.714,360,1.3,54.0,1000
3186,720.0,56.266,56.266,3.8619,663.734,360,1.33,54.0,1000
3187,720.0,56.246,56.246,3.8619,663.754,360,1.36,54.0,1000
3188,720.0,56.226,56.226,3.8619,663.774,360,1.39,54.0,1000
3189,720.0,56.206,56.206,3.8619,663.794,360,1.42,54.0,1000
3190,720.0,56.186,56.186,3.8619,663.814,360,1.45,54.0,1000
3191,720.0,56.166,56.166,3.8619,663.834,360,1.48,54.0,1000
3192,720.0,56.146,56.146,3.8619,663.854,360,1.51,54.0,1000
3193,720.0,56.126,56.126,3.8619,663.874,360,1.54,54.0,1000
3194,720.0,56.106,56.106,3.8619,663.894,360,1.57,54.0,1000
3195,720.0,56.086,56.086,3.8619,663.914,360,1.6,54.0,1000
3196,720.0,56.066,56.066,3.8619,663.934,360,1.63,54.0,1000
3197,720.0,56.046,56.046,3.8619,663.954,360,1.66,54.0,1000
3198,720.0,56.026,56.026,3.8619,663.974,360,1.69,54.0,1000
3199,720.0,56.006,56.006,3.8619,663.994,360,1.72,54.0,1000
3200,720.0,55.986,55.986,3.8619,664.014,360,1.75,54.0,1000
3201,720.0,55.966,55.966,3.8619,664.034,360,1.78,54.0,1000
3202,720.0,55.946,55.946,3.8619,664.054,360,1.81,54.0,1000
3203,720.0,55.926,55.926,3.8619,664.074,360,1.84,54.0,1000
3204,720.0,55.906,55.906,3.8619,664.094,360,1.87,54.0,1000
3205,720.0,55.886,55.886,3.8619,664.114,360,1.9,54.0,1000
3206,720.0,55.866,55.866,3.8619,664.134,360,1.93,54.0,1000
3207,720.0,55.846,55.846,3.8619,664.154,360,1.96,54.0,1000
3208,720.0,55.826,55.826,3.8619,664.174,360,1.99,54.0,1000
3209,720.0,55.806,55.806,3.8619,664.194,360,2.02,54.0,1000
3210,720.0,55.786,55.786,3.8619,664.214,360,2.05,54.0,1000
3211,720.0,55.766,55.766,3.8619,664.234,360,2.08,54.0,1000
3212,720.0,55.746,55.746,3.8619,664.254,360,2.11,54.0,1000
3213,720.0,55.726,55.726,3.8619,664.274,360,2.13,54.0,1000
3214,720.0,55.706,55.706,3.8619,664.294,360,2.16,54.0,1000
3215,720.0,55.686,55.686,3.8619,664.314,360,2.19,54.0,1000
3216,720.0,55.666,55.666,3.8619,664.334,360,2.22,54.0,1000
3217,720.0,55.646,55.646,3.8619,664.354,360,2.25,54.0,1000
3218,720.0,55.626,55.626,3.8619,664.374,360,2.28,54.0,1000
3219,720.0,55.606,55.606,3.8619,664.394,360,2.31,54.0,1000
3219,720.0,55.586,55.586,3.8619,664.414,360,2.34,54.0,1000
3221,720.0,55.566,55.566,3.8619,664.434,360,2.37,54.0,1000
3222,720.0,55.546,55.546,3.8619,664.454,360,2.4,54.0,1000
3223,720.0,55.526,55.526,3.8619,664.474,360,2.43,54.0,1000
3224,720.0,55.506,55.506,3.8619,664.494,360,2.46,54.0,1000
3225,720.0,55.486,55.486,3.8619,664.514,360,2.49,54.0,1000
3226,720.0,55.466,55.466,3.8619,664.534,360,2.52,54.0,1000
3227,720.0,55.446,55.446,3.8619,664.554,360,2.55,54.0,1000
3227,720.0,55.426,55.426,3.8619,664.574,360,2.58,54.0,1000
3229,720.0,55.406,55.406,3.8619,664.594,360,2.61,54.0,1000
3230,720.0,55.386,55.386,3.8619,664.614,360,2.64,54.0,1000
3231,720.0,55.366,55.366,3.8619,664.634,360,2.67,54.0,1000
3232,720.0,55.346,55.346,3.8619,664.654,360,2.7,54.0,1000
3233,720.0,55.326,55.326,3.8619,664.674,360,2.73,54.0,1000
3234,720.0,55.306,55.306,3.8619,664.694,360,2.76,54.0,1000
3235,720.0,55.286,55.286,3.8619,664.714,360,2.79,54.0,1000
3235,720.0,55.266,55.266,3.8619,664.734,360,2.82,54.0,1000
3237,720.0,55.246,55.246,3.8619,664.754,360,2.84,54.0,1000
3238,720.0,55.226,55.226,3.8619,664.774,360,2.87,54.0,1000
3239,720.0,55.206,55.206,3.8619,664.794,360,2.9,54.0,1000
3240,720.0,55.186,55.186,3.8619,664.814,360,2.93,54.0,1000
3241,720.0,55.166,55.166,3.8619,664.834,360,2.96,54.0,1000
3242,720.0,55.146,55.146,3.8619,664.854,360,2.99,54.0,1000
3243,720.0,55.126,55.126,3.8619,664.874,360,3.02,54.0,1000
3244,720.0,55.106,55.106,3.8619,664.894,360,3.05,54.0,1000
3245,720.0,55.086,55.086,3.8619,664.914,360,3.08,54.0,1000
3246,720.0,55.066,55.066,3.8619,664.934,360,3.11,54.0,1000
3247,720.0,55.046,55.046,3.8619,664.954,360,3.14,54.0,1000
3248,720.0,55.026,55.026,3.8619,664.974,360,3.17,54.0,1000
3249,720.0,55.006,55.006,3.8619,664.994,360,3.2,54.0,1000
3250,720.0,54.986,54.986,3.8619,665.014,360,3.23,54.0,1000
3251,720.0,54.966,54.966,3.8619,665.034,360,3.26,54.0,1000
3252,720.0,54.946,54.946,3.8619,665.054,360,3.29,54.0,1000
3253,720.0,54.926,54.926,3.8619,665.074,360,3.31,54.0,1000
3254,720.0,54.906,54.906,3.8619,665.094,360,3.34,54.0,1000
3255,720.0,54.886,54.886,3.8619,665.114,360,3.37,54.0,1000
3256,720.0,54.866,54.866,3.8619,665.134,360,3.4,54.0,1000
3257,720.0,54.846,54.846,3.8619,665.154,360,3.43,54.0,1000
3258,720.0,54.826,54.826,3.8619,665.174,360,3.46,54.0,1000
3259,720.0,54.806,54.806,3.8619,665.194,360,3.49,54.0,1000
3260,720.0,54.786,54.786,3.8619,665.214,360,3.52,54.0,1000
3261,720.0,54.766,54.766,3.8619,665.234,360,3.55,54.0,1000
3262,720.0,54.746,54.746,3.8619,665.254,360,3.58,54.0,1000
3263,720.0,54.726,54.726,3.8619,665.274,360,3.61,54.0,1000
3264,720.0,54.706,54.706,3.8619,665.294,360,3.64,54.0,1000
3265,720.0,54.686,54.686,3.8619,665.314,360,3.66,54.0,1000
3266,720.0,54.666,54.666,3.8619,665.334,360,3.69,54.0,1000
3267,720.0,54.646,54.646,3.8619,665.354,360,3.72,54.0,1000
3268,720.0,54.626,54.626,3.8619,665.374,360,3.75,54.0,1000
3269,720.0,54.606,54.606,3.8619,665.394,360,3.78,54.0,1000
3270,720.0,54.586,54.586,3.8619,665.414,360,3.81,54.0,1000
3271,720.0,54.566,54.566,3.8619,665.434,360,3.84,54.0,1000
3272,720.0,54.546,54.546,3.8619,665.454,360,3.87,54.0,1000
3273,720.0,54.526,54.526,3.8619,665.474,360,3.9,54.0,1000
3274,720.0,54.506,54.506,3.8619,665.494,360,3.93,54.0,1000
3275,720.0,54.486,54.486,3.8619,665.514,360,3.95,54.0,1000
3276,720.0,54.466,54.466,3.8619,665.534,360,3.98,54.0,1000
3277,720.0,54.446,54.446,3.8619,665.554,360,4.01,54.0,1000
3278,720.0,54.426,54.426,3.8619,665.574,360,4.04,54.0,1000
3279,720.0,54.406,54.406,3.8619,665.594,360,4.07,54.0,1000
3280,720.0,54.386,54.386,3.8619,665.614,360,4.1,54.0,1000
3281,720.0,54.366,54.366,3.8619,665.634,360,4.13,54.0,1000
3282,720.0,54.346,54.346,3.8619,665.654,360,4.16,54.0,1000
3283,720.0,54.326,54.326,3.8619,665.674,360,4.19,54.0,1000
3284,720.0,54.306,54.306,3.8619,665.694,360,4.21,54.0,1000
3285,720.0,54.286,54.286,3.8619,665.714,360,4.24,54.0,1000
3286,720.0,54.266,54.266,3.8619,665.734,360,4.27,54.0,1000
3287,720.0,54.246,54.246,3.8619,665.754,360,4.3,54.0,1000
3288,720.0,54.226,54.226,3.8619,665.774,360,4.33,54.0,1000
3289,720.0,54.206,54.206,3.8619,665.794,360,4.36,54.0,1000
3290,720.0,54.186,54.186,3.8619,665.814,360,4.39,54.0,1000
3291,720.0,54.166,54.166,3.8619,665.834,360,4.42,54.0,1000
3292,720.0,54.146,54.146,3.8619,665.854,360,4.44,54.0,1000
3293,720.0,54.126,54.126,3.8619,665.874,360,4.47,54.0,1000
3294,720.0,54.106,54.106,3.8619,665.894,360,4.5,54.0,1000
3295,720.0,54.086,54.086,3.8619,665.914,360,4.53,54.0,1000
3296,720.0,54.066,54.066,3.8619,665.934,360,4.56,54.0,1000
3297,720.0,54.046,54.046,3.8619,665.954,360,4.59,54.0,1000
3298,720.0,54.026,54.026,3.8619,665.974,360,4.62,54.0,1000
3299,720.0,54.006,54.006,3.8619,665.994,360,4.64,54.0,1000
3300,720.0,53.986,53.986,3.8619,666.014,360,4.67,54.0,1000
3301,720.0,53.966,53.966,3.8619,666.034,360,4.7,54.0,1000
3302,720.0,53.946,53.946,3.8619,666.054,360,4.73,54.0,1000
3303,720.0,53.926,53.926,3.8619,666.074,360,4.76,54.0,1000
3304,720.0,53.906,53.906,3.8619,666.094,360,4.79,54.0,1000
3305,720.0,53.886,53.886,3.8619,666.114,360,4.82,54.0,1000
3306,720.0,53.866,53.866,3.8619,666.134,360,4.84,54.0,1000
3307,720.0,53.846,53.846,3.8619,666.154,360,4.87,54.0,1000
3308,720.0,53.826,53.826,3.8619,666.174,360,4.9,54.0,1000
3309,720.0,53.806,53.806,3.8619,666.194,360,4.93,54.0,1000
3310,720.0,53.786,53.786,3.8619,666.214,360,4.96,54.0,1000
3311,720.0,53.766,53.766,3.8619,666.234,360,4.99,54.0,1000
3312,720.0,53.746,53.746,3.8619,666.254,360,5.01,54.0,1000
3313,720.0,53.726,53.726,3.8619,666.274,360,5.04,54.0,1000
3314,720.0,53.706,53.706,3.8619,666.294,360,5.07,54.0,1000
3315,720.0,53.686,53.686,3.8619,666.314,360,5.1,54.0,1000
3316,720.0,53.666,53.666,3.8619,666.334,360,5.13,54.0,1000
3317,720.0,53.646,53.646,3.8619,666.354,360,5.15,54.0,1000
3318,720.0,53.626,53.626,3.8619,666.374,360,5.18,54.0,1000
3319,720.0,53.606,53.606,3.8619,666.394,360,5.21,54.0,1000
3320,720.0,53.586,53.586,3.8619,666.414,360,5.24,54.0,1000
3321,720.0,53.566,53.566,3.8619,666.434,360,5.27,54.0,1000
3322,720.0,53.546,53.546,3.8619,666.454,360,5.3,54.0,1000
3323,720.0,53.526,53.526,3.8619,666.474,360,5.32,54.0,1000
3324,720.0,53.506,53.506,3.8619,666.494,360,5.35,54.0,1000
3325,720.0,53.486,53.486,3.8619,666.514,360,5.38,54.0,1000
3326,720.0,53.466,53.466,3.8619,666.534,360,5.41,54.0,1000
3327,720.0,53.446,53.446,3.8619,666.554,360,5.44,54.0,1000
3328,720.0,53.426,53.426,3.8619,666.574,360,5.46,54.0,1000
3329,720.0,53.406,53.406,3.8619,666.594,360,5.49,54.0,1000
3330,720.0,53.386,53.386,3.8619,666.614,360,5.52,54.0,1000
3331,720.0,53.366,53.366,3.8619,666.634,360,5.55,54.0,1000
3332,720.0,53.346,53.346,3.8619,666.654,360,5.58,54.0,1000
3333,720.0,53.326,53.326,3.8619,666.674,360,5.6,54.0,1000
3334,720.0,53.306,53.306,3.8619,666.694,360,5.63,54.0,1000
3335,720.0,53.286,53.286,3.8619,666.714,360,5.66,54.0,1000
3336,720.0,53.266,53.266,3.8619,666.734,360,5.69,54.0,1000
3337,720.0,53.246,53.246,3.8619,666.754,360,5.71,54.0,1000
3338,720.0,53.226,53.226,3.8619,666.774,360,5.74,54.0,1000
3339,720.0,53.206,53.206,3.8619,666.794,360,5.77,54.0,1000
3340,720.0,53.186,53.186,3.8619,666.814,360,5.8,54.0,1000
3341,720.0,53.166,53.166,3.8619,666.834,360,5.82,54.0,1000
3342,720.0,53.146,53.146,3.8619,666.854,360,5.85,54.0,1000
3343,720.0,53.126,53.126,3.8619,666.874,360,5.88,54.0,1000
3344,720.0,53.106,53.106,3.8619,666.894,360,5.91,54.0,1000
3344,720.0,53.086,53.086,3.8619,666.914,360,5.94,54.0,1000
3346,720.0,53.066,53.066,3.8619,666.934,360,5.96,54.0,1000
3347,720.0,53.046,53.046,3.8619,666.954,360,5.99,54.0,1000
3348,720.0,53.026,53.026,3.8619,666.974,360,6.02,54.0,1000
3349,720.0,53.006,53.006,3.8619,666.994,360,6.05,54.0,1000
3350,720.0,52.986,52.986,3.8619,667.014,360,6.07,54.0,1000
3351,720.0,52.966,52.966,3.8619,667.034,360,6.1,54.0,1000
3352,720.0,52.946,52.946,3.8619,667.054,360,6.13,54.0,1000
3352,720.0,52.926,52.926,3.8619,667.074,360,6.15,54.0,1000
3354,720.0,52.906,52.906,3.8619,667.094,360,6.18,54.0,1000
3355,720.0,52.886,52.886,3.8619,667.114,360,6.21,54.0,1000
3356,720.0,52.866,52.866,3.8619,667.134,360,6.24,54.0,1000
3357,720.0,52.846,52.846,3.8619,667.154,360,6.26,54.0,1000
3358,720.0,52.826,52.826,3.8619,667.174,360,6.29,54.0,1000
3359,720.0,52.806,52.806,3.8619,667.194,360,6.32,54.0,1000
3360,720.0,52.786,52.786,3.8619,667.214,360,6.35,54.0,1000
3360,720.0,52.766,52.766,3.8619,667.234,360,6.37,54.0,1000
3362,720.0,52.746,52.746,3.8619,667.254,360,6.4,54.0,1000
3363,720.0,52.726,52.726,3.8619,667.274,360,6.43,54.0,1000
3364,720.0,52.706,52.706,3.8619,667.294,360,6.45,54.0,1000
3365,720.0,52.686,52.686,3.8619,667.314,360,6.48,54.0,1000
3366,720.0,52.666,52.666,3.8619,667.334,360,6.51,54.0,1000
3367,720.0,52.646,52.646,3.8619,667.354,360,6.54,54.0,1000
3368,720.0,52.626,52.626,3.8619,667.374,360,6.56,54.0,1000
3369,720.0,52.606,52.606,3.8619,667.394,360,6.59,54.0,1000
3370,720.0,52.586,52.586,3.8619,667.414,360,6.62,54.0,1000
3371,720.0,52.566,52.566,3.8619,667.434,360,6.64,54.0,1000
3372,720.0,52.546,52.546,3.8619,667.454,360,6.67,54.0,1000
3373,720.0,52.526,52.526,3.8619,667.474,360,6.7,54.0,1000
3374,720.0,52.506,52.506,3.8619,667.494,360,6.72,54.0,1000
3375,720.0,52.486,52.486,3.8619,667.514,360,6.75,54.0,1000
3376,720.0,52.466,52.466,3.8619,667.534,360,6.78,54.0,1000
3377,720.0,52.446,52.446,3.8619,667.554,360,6.8,54.0,1000
3378,720.0,52.426,52.426,3.8619,667.574,360,6.83,54.0,1000
3379,720.0,52.406,52.406,3.8619,667.594,360,6.86,54.0,1000
3380,720.0,52.386,52.386,3.8619,667.614,360,6.88,54.0,1000
3381,720.0,52.366,52.366,3.8619,667.634,360,6.91,54.0,1000
3382,720.0,52.346,52.346,3.8619,667.654,360,6.94,54.0,1000
3383,720.0,52.326,52.326,3.8619,667.674,360,6.96,54.0,1000
3384,720.0,52.306,52.306,3.8619,667.694,360,6.99,54.0,1000
3385,720.0,52.286,52.286,3.8619,667.714,360,7.02,54.0,1000
3386,720.0,52.266,52.266,3.8619,667.734,360,7.04,54.0,1000
3387,720.0,52.246,52.246,3.8619,667.754,360,7.07,54.0,1000
3388,720.0,52.226,52.226,3.8619,667.774,360,7.1,54.0,1000
3389,720.0,52.206,52.206,3.8619,667.794,360,7.12,54.0,1000
3390,720.0,52.186,52.186,3.8619,667.814,360,7.15,54.0,1000
3391,720.0,52.166,52.166,3.8619,667.834,360,7.18,54.0,1000
3392,720.0,52.146,52.146,3.8619,667.854,360,7.2,54.0,1000
3393,720.0,52.126,52.126,3.8619,667.874,360,7.23,54.0,1000
3394,720.0,52.106,52.106,3.8619,667.894,360,7.25,54.0,1000
3395,720.0,52.086,52.086,3.8619,667.914,360,7.28,54.0,1000
3396,720.0,52.066,52.066,3.8619,667.934,360,7.31,54.0,1000
3397,720.0,52.046,52.046,3.8619,667.954,360,7.33,54.0,1000
3398,720.0,52.026,52.026,3.8619,667.974,360,7.36,54.0,1000
3399,720.0,52.006,52.006,3.8619,667.994,360,7.39,54.0,1000
3400,720.0,51.986,51.986,3.8619,668.014,360,7.41,54.0,1000
3401,720.0,51.966,51.966,3.8619,668.034,360,7.44,54.0,1000
3402,720.0,51.946,51.946,3.8619,668.054,360,7.46,54.0,1000
3403,720.0,51.926,51.926,3.8619,668.074,360,7.49,54.0,1000
3404,720.0,51.906,51.906,3.8619,668.094,360,7.52,54.0,1000
3405,720.0,51.886,51.886,3.8619,668.114,360,7.54,54.0,1000
3406,720.0,51.866,51.866,3.8619,668.134,360,7.57,54.0,1000
3407,720.0,51.846,51.846,3.8619,668.154,360,7.59,54.0,1000
3408,720.0,51.826,51.826,3.8619,668.174,360,7.62,54.0,1000
3409,720.0,51.806,51.806,3.8619,668.194,360,7.65,54.0,1000
3410,720.0,51.786,51.786,3.8619,668.214,360,7.67,54.0,1000
3411,720.0,51.766,51.766,3.8619,668.234,360,7.7,54.0,1000
3412,720.0,51.746,51.746,3.8619,668.254,360,7.72,54.0,1000
3413,720.0,51.726,51.726,3.8619,668.274,360,7.75,54.0,1000
3414,720.0,51.706,51.706,3.8619,668.294,360,7.77,54.0,1000
3415,720.0,51.686,51.686,3.8619,668.314,360,7.8,54.0,1000
3416,720.0,51.666,51.666,3.8619,668.334,360,7.83,54.0,1000
3417,720.0,51.646,51.646,3.8619,668.354,360,7.85,54.0,1000
3418,720.0,51.626,51.626,3.8619,668.374,360,7.88,54.0,1000
3419,720.0,51.606,51.606,3.8619,668.394,360,7.9,54.0,1000
3420,720.0,51.586,51.586,3.8619,668.414,360,7.93,54.0,1000
3421,720.0,51.566,51.566,3.8619,668.434,360,7.95,54.0,1000
3422,720.0,51.546,51.546,3.8619,668.454,360,7.98,54.0,1000
3423,720.0,51.526,51.526,3.8619,668.474,360,8.0,54.0,1000
3424,720.0,51.506,51.506,3.8619,668.494,360,8.03,54.0,1000
3425,720.0,51.486,51.486,3.8619,668.514,360,8.05,54.0,1000
3426,720.0,51.466,51.466,3.8619,668.534,360,8.08,54.0,1000
3427,720.0,51.446,51.446,3.8619,668.554,360,8.1,54.0,1000
3428,720.0,51.426,51.426,3.8619,668.574,360,8.13,54.0,1000
3429,720.0,51.406,51.406,3.8619,668.594,360,8.16,54.0,1000
3430,720.0,51.386,51.386,3.8619,668.614,360,8.18,54.0,1000
3431,720.0,51.366,51.366,3.8619,668.634,360,8.21,54.0,1000
3432,720.0,51.346,51.346,3.8619,668.654,360,8.23,54.0,1000
3433,720.0,51.326,51.326,3.8619,668.674,360,8.26,54.0,1000
3434,720.0,51.306,51.306,3.8619,668.694,360,8.28,54.0,1000
3435,720.0,51.286,51.286,3.8619,668.714,360,8.31,54.0,1000
3436,720.0,51.266,51.266,3.8619,668.734,360,8.33,54.0,1000
3437,720.0,51.246,51.246,3.8619,668.754,360,8.36,54.0,1000
3438,720.0,51.226,51.226,3.8619,668.774,360,8.38,54.0,1000
3439,720.0,51.206,51.206,3.8619,668.794,360,8.41,54.0,1000
3440,720.0,51.186,51.186,3.8619,668.814,360,8.43,54.0,1000
3441,720.0,51.166,51.166,3.8619,668.834,360,8.45,54.0,1000
3442,720.0,51.146,51.146,3.8619,668.854,360,8.48,54.0,1000
3443,720.0,51.126,51.126,3.8619,668.874,360,8.5,54.0,1000
3444,720.0,51.106,51.106,3.8619,668.894,360,8.53,54.0,1000
3445,720.0,51.086,51.086,3.8619,668.914,360,8.55,54.0,1000
3446,720.0,51.066,51.066,3.8619,668.934,360,8.58,54.0,1000
3447,720.0,51.046,51.046,3.8619,668.954,360,8.6,54.0,1000
3448,720.0,51.026,51.026,3.8619,668.974,360,8.63,54.0,1000
3449,720.0,51.006,51.006,3.8619,668.994,360,8.65,54.0,1000
3450,720.0,50.986,50.986,3.8619,669.014,360,8.68,54.0,1000
3451,720.0,50.966,50.966,3.8619,669.034,360,8.7,54.0,1000
3452,720.0,50.946,50.946,3.8619,669.054,360,8.73,54.0,1000
3453,720.0,50.926,50.926,3.8619,669.074,360,8.75,54.0,1000
3454,720.0,50.906,50.906,3.8619,669.094,360,8.77,54.0,1000
3455,720.0,50.886,50.886,3.8619,669.114,360,8.8,54.0,1000
3456,720.0,50.866,50.866,3.8619,669.134,360,8.82,54.0,1000
3457,720.0,50.846,50.846,3.8619,669.154,360,8.85,54.0,1000
3458,720.0,50.826,50.826,3.8619,669.174,360,8.87,54.0,1000
3459,720.0,50.806,50.806,3.8619,669.194,360,8.9,54.0,1000
3460,720.0,50.786,50.786,3.8619,669.214,360,8.92,54.0,1000
3461,720.0,50.766,50.766,3.8619,669.234,360,8.94,54.0,1000
3462,720.0,50.746,50.746,3.8619,669.254,360,8.97,54.0,1000
3463,720.0,50.726,50.726,3.8619,669.274,360,8.99,54.0,1000
3464,720.0,50.706,50.706,3.8619,669.294,360,9.02,54.0,1000
3465,720.0,50.686,50.686,3.8619,669.314,360,9.04,54.0,1000
3466,720.0,50.666,50.666,3.8619,669.334,360,9.06,54.0,1000
3467,720.0,50.646,50.646,3.8619,669.354,360,9.09,54.0,1000
3468,720.0,50.626,50.626,3.8619,669.374,360,9.11,54.0,1000
3469,720.0,50.606,50.606,3.8619,669.394,360,9.14,54.0,1000
3469,720.0,50.586,50.586,3.8619,669.414,360,9.16,54.0,1000
3471,720.0,50.566,50.566,3.8619,669.434,360,9.18,54.0,1000
3472,720.0,50.546,50.546,3.8619,669.454,360,9.21,54.0,1000
3473,720.0,50.526,50.526,3.8619,669.474,360,9.23,54.0,1000
3474,720.0,50.506,50.506,3.8619,669.494,360,9.25,54.0,1000
3475,720.0,50.486,50.486,3.8619,669.514,360,9.28,54.0,1000
3476,720.0,50.466,50.466,3.8619,669.534,360,9.3,54.0,1000
3477,720.0,50.446,50.446,3.8619,669.554,360,9.32,54.0,1000
3477,720.0,50.426,50.426,3.8619,669.574,360,9.35,54.0,1000
3479,720.0,50.406,50.406,3.8619,669.594,360,9.37,54.0,1000
3480,720.0,50.386,50.386,3.8619,669.614,360,9.39,54.0,1000
3481,720.0,50.366,50.366,3.8619,669.634,360,9.42,54.0,1000
3482,720.0,50.346,50.346,3.8619,669.654,360,9.44,54.0,1000
3483,720.0,50.326,50.326,3.8619,669.674,360,9.46,54.0,1000
3484,720.0,50.306,50.306,3.8619,669.694,360,9.49,54.0,1000
3485,720.0,50.286,50.286,3.8619,669.714,360,9.51,54.0,1000
3485,720.0,50.266,50.266,3.8619,669.734,360,9.53,54.0,1000
3487,720.0,50.246,50.246,3.8619,669.754,360,9.56,54.0,1000
3488,720.0,50.226,50.226,3.8619,669.774,360,9.58,54.0,1000
3489,720.0,50.206,50.206,3.8619,669.794,360,9.6,54.0,1000
3490,720.0,50.186,50.186,3.8619,669.814,360,9.63,54.0,1000
3491,720.0,50.166,50.166,3.8619,669.834,360,9.65,54.0,1000
3492,720.0,50.146,50.146,3.8619,669.854,360,9.67,54.0,1000
3493,720.0,50.126,50.126,3.8619,669.874,360,9.7,54.0,1000
3494,720.0,50.106,50.106,3.8619,669.894,360,9.72,54.0,1000
3495,720.0,50.086,50.086,3.8619,669.914,360,9.74,54.0,1000
3496,720.0,50.066,50.066,3.8619,669.934,360,9.76,54.0,1000
3497,720.0,50.046,50.046,3.8619,669.954,360,9.79,54.0,1000
3498,720.0,50.026,50.026,3.8619,669.974,360,9.81,54.0,1000
3499,720.0,50.006,50.006,3.8619,669.994,360,9.83,54.0,1000
3500,720.0,49.986,49.986,3.8619,670.014,360,9.85,54.0,1000
3501,720.0,49.966,49.966,3.8619,670.034,360,9.88,54.0,1000
3502,720.0,49.946,49.946,3.8619,670.054,360,9.9,54.0,1000
3503,720.0,49.926,49.926,3.8619,670.074,360,9.92,54.0,1000
3504,720.0,49.906,49.906,3.8619,670.094,360,9.94,54.0,1000
3505,720.0,49.886,49.886,3.8619,670.114,360,9.97,54.0,1000
3506,720.0,49.866,49.866,3.8619,670.134,360,9.99,54.0,1000
3507,720.0,49.846,49.846,3.8619,670.154,360,10.01,54.0,1000
3508,720.0,49.826,49.826,3.8619,670.174,360,10.03,54.0,1000
3509,720.0,49.806,49.806,3.8619,670.194,360,10.06,54.0,1000
3510,720.0,49.786,49.786,3.8619,670.214,360,10.08,54.0,1000
3511,720.0,49.766,49.766,3.8619,670.234,360,10.1,54.0,1000
3512,720.0,49.746,49.746,3.8619,670.254,360,10.12,54.0,1000
3513,720.0,49.726,49.726,3.8619,670.274,360,10.15,54.0,1000
3514,720.0,49.706,49.706,3.8619,670.294,360,10.17,54.0,1000
3515,720.0,49.686,49.686,3.8619,670.314,360,10.19,54.0,1000
3516,720.0,49.666,49.666,3.8619,670.334,360,10.21,54.0,1000
3517,720.0,49.646,49.646,3.8619,670.354,360,10.23,54.0,1000
3518,720.0,49.626,49.626,3.8619,670.374,360,10.26,54.0,1000
3519,720.0,49.606,49.606,3.8619,670.394,360,10.28,54.0,1000
3520,720.0,49.586,49.586,3.8619,670.414,360,10.3,54.0,1000
3521,720.0,49.566,49.566,3.8619,670.434,360,10.32,54.0,1000
3522,720.0,49.546,49.546,3.8619,670.454,360,10.34,54.0,1000
3523,720.0,49.526,49.526,3.8619,670.474,360,10.36,54.0,1000
3524,720.0,49.506,49.506,3.8619,670.494,360,10.39,54.0,1000
3525,720.0,49.486,49.486,3.8619,670.514,360,10.41,54.0,1000
3526,720.0,49.466,49.466,3.8619,670.534,360,10.43,54.0,1000
3527,720.0,49.446,49.446,3.8619,670.554,360,10.45,54.0,1000
3528,720.0,49.426,49.426,3.8619,670.574,360,10.47,54.0,1000
3529,720.0,49.406,49.406,3.8619,670.594,360,10.49,54.0,1000
3530,720.0,49.386,49.386,3.8619,670.614,360,10.52,54.0,1000
3531,720.0,49.366,49.366,3.8619,670.634,360,10.54,54.0,1000
3532,720.0,49.346,49.346,3.8619,670.654,360,10.56,54.0,1000
3533,720.0,49.326,49.326,3.8619,670.674,360,10.58,54.0,1000
3534,720.0,49.306,49.306,3.8619,670.694,360,10.6,54.0,1000
3535,720.0,49.286,49.286,3.8619,670.714,360,10.62,54.0,1000
3536,720.0,49.266,49.266,3.8619,670.734,360,10.64,54.0,1000
3537,720.0,49.246,49.246,3.8619,670.754,360,10.66,54.0,1000
3538,720.0,49.226,49.226,3.8619,670.774,360,10.68,54.0,1000
3539,720.0,49.206,49.206,3.8619,670.794,360,10.71,54.0,1000
3540,720.0,49.186,49.186,3.8619,670.814,360,10.73,54.0,1000
3541,720.0,49.166,49.166,3.8619,670.834,360,10.75,54.0,1000
3542,720.0,49.146,49.146,3.8619,670.854,360,10.77,54.0,1000
3543,720.0,49.126,49.126,3.8619,670.874,360,10.79,54.0,1000
3544,720.0,49.106,49.106,3.8619,670.894,360,10.81,54.0,1000
3545,720.0,49.086,49.086,3.8619,670.914,360,10.83,54.0,1000
3546,720.0,49.066,49.066,3.8619,670.934,360,10.85,54.0,1000
3547,720.0,49.046,49.046,3.8619,670.954,360,10.87,54.0,1000
3548,720.0,49.026,49.026,3.8619,670.974,360,10.89,54.0,1000
3549,720.0,49.006,49.006,3.8619,670.994,360,10.91,54.0,1000
3550,720.0,48.986,48.986,3.8619,671.014,360,10.93,54.0,1000
3551,720.0,48.966,48.966,3.8619,671.034,360,10.96,54.0,1000
3552,720.0,48.946,48.946,3.8619,671.054,360,10.98,54.0,1000
3553,720.0,48.926,48.926,3.8619,671.074,360,11.0,54.0,1000
3554,720.0,48.906,48.906,3.8619,671.094,360,11.02,54.0,1000
3555,720.0,48.886,48.886,3.8619,671.114,360,11.04,54.0,1000
3556,720.0,48.866,48.866,3.8619,671.134,360,11.06,54.0,1000
3557,720.0,48.846,48.846,3.8619,671.154,360,11.08,54.0,1000
3558,720.0,48.826,48.826,3.8619,671.174,360,11.1,54.0,1000
3559,720.0,48.806,48.806,3.8619,671.194,360,11.12,54.0,1000
3560,720.0,48.786,48.786,3.8619,671.214,360,11.14,54.0,1000
3561,720.0,48.766,48.766,3.8619,671.234,360,11.16,54.0,1000
3562,720.0,48.746,48.746,3.8619,671.254,360,11.18,54.0,1000
3563,720.0,48.726,48.726,3.8619,671.274,360,11.2,54.0,1000
3564,720.0,48.706,48.706,3.8619,671.294,360,11.22,54.0,1000
3565,720.0,48.686,48.686,3.8619,671.314,360,11.24,54.0,1000
3566,720.0,48.666,48.666,3.8619,671.334,360,11.26,54.0,1000
3567,720.0,48.646,48.646,3.8619,671.354,360,11.28,54.0,1000
3568,720.0,48.626,48.626,3.8619,671.374,360,11.3,54.0,1000
3569,720.0,48.606,48.606,3.8619,671.394,360,11.32,54.0,1000
3570,720.0,48.586,48.586,3.8619,671.414,360,11.34,54.0,1000
3571,720.0,48.566,48.566,3.8619,671.434,360,11.36,54.0,1000
3572,720.0,48.546,48.546,3.8619,671.454,360,11.38,54.0,1000
3573,720.0,48.526,48.526,3.8619,671.474,360,11.4,54.0,1000
3574,720.0,48.506,48.506,3.8619,671.494,360,11.41,54.0,1000
3575,720.0,48.486,48.486,3.8619,671.514,360,11.43,54.0,1000
3576,720.0,48.466,48.466,3.8619,671.534,360,11.45,54.0,1000
3577,720.0,48.446,48.446,3.8619,671.554,360,11.47,54.0,1000
3578,720.0,48.426,48.426,3.8619,671.574,360,11.49,54.0,1000
3579,720.0,48.406,48.406,3.8619,671.594,360,11.51,54.0,1000
3580,720.0,48.386,48.386,3.8619,671.614,360,11.53,54.0,1000
3581,720.0,48.366,48.366,3.8619,671.634,360,11.55,54.0,1000
3582,720.0,48.346,48.346,3.8619,671.654,360,11.57,54.0,1000
3583,720.0,48.326,48.326,3.8619,671.674,360,11.59,54.0,1000
3584,720.0,48.306,48.306,3.8619,671.694,360,11.61,54.0,1000
3585,720.0,48.286,48.286,3.8619,671.714,360,11.63,54.0,1000
3586,720.0,48.266,48.266,3.8619,671.734,360,11.64,54.0,1000
3587,720.0,48.246,48.246,3.8619,671.754,360,11.66,54.0,1000
3588,720.0,48.226,48.226,3.8619,671.774,360,11.68,54.0,1000
3589,720.0,48.206,48.206,3.8619,671.794,360,11.7,54.0,1000
3590,720.0,48.186,48.186,3.8619,671.814,360,11.72,54.0,1000
3591,720.0,48.166,48.166,3.8619,671.834,360,11.74,54.0,1000
3592,720.0,48.146,48.146,3.8619,671.854,360,11.76,54.0,1000
3593,720.0,48.126,48.126,3.8619,671.874,360,11.78,54.0,1000
3594,720.0,48.106,48.106,3.8619,671.894,360,11.79,54.0,1000
3595,720.0,48.086,48.086,3.8619,671.914,360,11.81,54.0,1000
3596,720.0,48.066,48.066,3.8619,671.934,360,11.83,54.0,1000
3597,720.0,48.046,48.046,3.8619,671.954,360,11.85,54.0,1000
3598,720.0,48.026,48.026,3.8619,671.974,360,11.87,54.0,1000
3599,720.0,48.006,48.006,3.8619,671.994,360,11.89,54.0,1000
3600,720.0,47.986,47.986,3.8619,672.014,360,11.91,54.0,1000
3601,720.0,47.966,47.966,3.8619,672.034,360,11.92,54.0,1000
3602,720.0,47.946,47.946,3.8619,672.054,360,11.94,54.0,1000
3602,720.0,47.926,47.926,3.8619,672.074,360,11.96,54.0,1000
3604,720.0,47.906,47.906,3.8619,672.094,360,11.98,54.0,1000
3605,720.0,47.886,47.886,3.8619,672.114,360,12.0,54.0,1000
3606,720.0,47.866,47.866,3.8619,672.134,360,12.01,54.0,1000
3607,720.0,47.846,47.846,3.8619,672.154,360,12.03,54.0,1000
3608,720.0,47.826,47.826,3.8619,672.174,360,12.05,54.0,1000
3609,720.0,47.806,47.806,3.8619,672.194,360,12.07,54.0,1000
3610,720.0,47.786,47.786,3.8619,672.214,360,12.09,54.0,1000
3610,720.0,47.766,47.766,3.8619,672.234,360,12.1,54.0,1000
3612,720.0,47.746,47.746,3.8619,672.254,360,12.12,54.0,1000
3613,720.0,47.726,47.726,3.8619,672.274,360,12.14,54.0,1000
3614,720.0,47.706,47.706,3.8619,672.294,360,12.16,54.0,1000
3615,720.0,47.686,47.686,3.8619,672.314,360,12.17,54.0,1000
3616,720.0,47.666,47.666,3.8619,672.334,360,12.19,54.0,1000
3617,720.0,47.646,47.646,3.8619,672.354,360,12.21,54.0,1000
3618,720.0,47.626,47.626,3.8619,672.374,360,12.23,54.0,1000
3619,720.0,47.606,47.606,3.8619,672.394,360,12.24,54.0,1000
3620,720.0,47.586,47.586,3.8619,672.414,360,12.26,54.0,1000
3621,720.0,47.566,47.566,3.8619,672.434,360,12.28,54.0,1000
3622,720.0,47.546,47.546,3.8619,672.454,360,12.29,54.0,1000
3623,720.0,47.526,47.526,3.8619,672.474,360,12.31,54.0,1000
3624,720.0,47.506,47.506,3.8619,672.494,360,12.33,54.0,1000
3625,720.0,47.486,47.486,3.8619,672.514,360,12.35,54.0,1000
3626,720.0,47.466,47.466,3.8619,672.534,360,12.36,54.0,1000
3627,720.0,47.446,47.446,3.8619,672.554,360,12.38,54.0,1000
3628,720.0,47.426,47.426,3.8619,672.574,360,12.4,54.0,1000
3629,720.0,47.406,47.406,3.8619,672.594,360,12.41,54.0,1000
3630,720.0,47.386,47.386,3.8619,672.614,360,12.43,54.0,1000
3631,720.0,47.366,47.366,3.8619,672.634,360,12.45,54.0,1000
3632,720.0,47.346,47.346,3.8619,672.654,360,12.46,54.0,1000
3633,720.0,47.326,47.326,3.8619,672.674,360,12.48,54.0,1000
3634,720.0,47.306,47.306,3.8619,672.694,360,12.5,54.0,1000
3635,720.0,47.286,47.286,3.8619,672.714,360,12.51,54.0,1000
3636,720.0,47.266,47.266,3.8619,672.734,360,12.53,54.0,1000
3637,720.0,47.246,47.246,3.8619,672.754,360,12.55,54.0,1000
3638,720.0,47.226,47.226,3.8619,672.774,360,12.56,54.0,1000
3639,720.0,47.206,47.206,3.8619,672.794,360,12.58,54.0,1000
3640,720.0,47.186,47.186,3.8619,672.814,360,12.6,54.0,1000
3641,720.0,47.166,47.166,3.8619,672.834,360,12.61,54.0,1000
3642,720.0,47.146,47.146,3.8619,672.854,360,12.63,54.0,1000
3643,720.0,47.126,47.126,3.8619,672.874,360,12.64,54.0,1000
3644,720.0,47.106,47.106,3.8619,672.894,360,12.66,54.0,1000
3645,720.0,47.086,47.086,3.8619,672.914,360,12.68,54.0,1000
3646,720.0,47.066,47.066,3.8619,672.934,360,12.69,54.0,1000
3647,720.0,47.046,47.046,3.8619,672.954,360,12.71,54.0,1000
3648,720.0,47.026,47.026,3.8619,672.974,360,12.72,54.0,1000
3649,720.0,47.006,47.006,3.8619,672.994,360,12.74,54.0,1000
3650,720.0,46.986,46.986,3.8619,673.014,360,12.76,54.0,1000
3651,720.0,46.966,46.966,3.8619,673.034,360,12.77,54.0,1000
3652,720.0,46.946,46.946,3.8619,673.054,360,12.79,54.0,1000
3653,720.0,46.926,46.926,3.8619,673.074,360,12.8,54.0,1000
3654,720.0,46.906,46.906,3.8619,673.094,360,12.82,54.0,1000
3655,720.0,46.886,46.886,3.8619,673.114,360,12.83,54.0,1000
3656,720.0,46.866,46.866,3.8619,673.134,360,12.85,54.0,1000
3657,720.0,46.846,46.846,3.8619,673.154,360,12.87,54.0,1000
3658,720.0,46.826,46.826,3.8619,673.174,360,12.88,54.0,1000
3659,720.0,46.806,46.806,3.8619,673.194,360,12.9,54.0,1000
3660,720.0,46.786,46.786,3.8619,673.214,360,12.91,54.0,1000
3661,720.0,46.766,46.766,3.8619,673.234,360,12.93,54.0,1000
3662,720.0,46.746,46.746,3.8619,673.254,360,12.94,54.0,1000
3663,720.0,46.726,46.726,3.8619,673.274,360,12.96,54.0,1000
3664,720.0,46.706,46.706,3.8619,673.294,360,12.97,54.0,1000
3665,720.0,46.686,46.686,3.8619,673.314,360,12.99,54.0,1000
3666,720.0,46.666,46.666,3.8619,673.334,360,13.0,54.0,1000
3667,720.0,46.646,46.646,3.8619,673.354,360,13.02,54.0,1000
3668,720.0,46.626,46.626,3.8619,673.374,360,13.03,54.0,1000
3669,720.0,46.606,46.606,3.8619,673.394,360,13.05,54.0,1000
3670,720.0,46.586,46.586,3.8619,673.414,360,13.06,54.0,1000
3671,720.0,46.566,46.566,3.8619,673.434,360,13.08,54.0,1000
3672,720.0,46.546,46.546,3.8619,673.454,360,13.09,54.0,1000
3673,720.0,46.526,46.526,3.8619,673.474,360,13.11,54.0,1000
3674,720.0,46.506,46.506,3.8619,673.494,360,13.12,54.0,1000
3675,720.0,46.486,46.486,3.8619,673.514,360,13.14,54.0,1000
3676,720.0,46.466,46.466,3.8619,673.534,360,13.15,54.0,1000
3677,720.0,46.446,46.446,3.8619,673.554,360,13.16,54.0,1000
3678,720.0,46.426,46.426,3.8619,673.574,360,13.18,54.0,1000
3679,720.0,46.406,46.406,3.8619,673.594,360,13.19,54.0,1000
3680,720.0,46.386,46.386,3.8619,673.614,360,13.21,54.0,1000
3681,720.0,46.366,46.366,3.8619,673.634,360,13.22,54.0,1000
3682,720.0,46.346,46.346,3.8619,673.654,360,13.24,54.0,1000
3683,720.0,46.326,46.326,3.8619,673.674,360,13.25,54.0,1000
3684,720.0,46.306,46.306,3.8619,673.694,360,13.26,54.0,1000
3685,720.0,46.286,46.286,3.8619,673.714,360,13.28,54.0,1000
3686,720.0,46.266,46.266,3.8619,673.734,360,13.29,54.0,1000
3687,720.0,46.246,46.246,3.8619,673.754,360,13.31,54.0,1000
3688,720.0,46.226,46.226,3.8619,673.774,360,13.32,54.0,1000
3689,720.0,46.206,46.206,3.8619,673.794,360,13.33,54.0,1000
3690,720.0,46.186,46.186,3.8619,673.814,360,13.35,54.0,1000
3691,720.0,46.166,46.166,3.8619,673.834,360,13.36,54.0,1000
3692,720.0,46.146,46.146,3.8619,673.854,360,13.37,54.0,1000
3693,720.0,46.126,46.126,3.8619,673.874,360,13.39,54.0,1000
3694,720.0,46.106,46.106,3.8619,673.894,360,13.4,54.0,1000
3695,720.0,46.086,46.086,3.8619,673.914,360,13.41,54.0,1000
3696,720.0,46.066,46.066,3.8619,673.934,360,13.43,54.0,1000
3697,720.0,46.046,46.046,3.8619,673.954,360,13.44,54.0,1000
3698,720.0,46.026,46.026,3.8619,673.974,360,13.45,54.0,1000
3699,720.0,46.006,46.006,3.8619,673.994,360,13.47,54.0,1000
3700,720.0,45.986,45.986,3.8619,674.014,360,13.48,54.0,1000
3701,720.0,45.966,45.966,3.8619,674.034,360,13.49,54.0,1000
3702,720.0,45.946,45.946,3.8619,674.054,360,13.51,54.0,1000
3703,720.0,45.926,45.926,3.8619,674.074,360,13.52,54.0,1000
3704,720.0,45.906,45.906,3.8619,674.094,360,13.53,54.0,1000
3705,720.0,45.886,45.886,3.8619,674.114,360,13.55,54.0,1000
3706,720.0,45.866,45.866,3.8619,674.134,360,13.56,54.0,1000
3707,720.0,45.846,45.846,3.8619,674.154,360,13.57,54.0,1000
3708,720.0,45.826,45.826,3.8619,674.174,360,13.58,54.0,1000
3709,720.0,45.806,45.806,3.8619,674.194,360,13.6,54.0,1000
3710,720.0,45.786,45.786,3.8619,674.214,360,13.61,54.0,1000
3711,720.0,45.766,45.766,3.8619,674.234,360,13.62,54.0,1000
3712,720.0,45.746,45.746,3.8619,674.254,360,13.63,54.0,1000
3713,720.0,45.726,45.726,3.8619,674.274,360,13.65,54.0,1000
3714,720.0,45.706,45.706,3.8619,674.294,360,13.66,54.0,1000
3715,720.0,45.686,45.686,3.8619,674.314,360,13.67,54.0,1000
3716,720.0,45.666,45.666,3.8619,674.334,360,13.68,54.0,1000
3717,720.0,45.646,45.646,3.8619,674.354,360,13.7,54.0,1000
3718,720.0,45.626,45.626,3.8619,674.374,360,13.71,54.0,1000
3719,720.0,45.606,45.606,3.8619,674.394,360,13.72,54.0,1000
3720,720.0,45.586,45.586,3.8619,674.414,360,13.73,54.0,1000
3721,720.0,45.566,45.566,3.8619,674.434,360,13.74,54.0,1000
3722,720.0,45.546,45.546,3.8619,674.454,360,13.76,54.0,1000
3723,720.0,45.526,45.526,3.8619,674.474,360,13.77,54.0,1000
3724,720.0,45.506,45.506,3.8619,674.494,360,13.78,54.0,1000
3725,720.0,45.486,45.486,3.8619,674.514,360,13.79,54.0,1000
3726,720.0,45.466,45.466,3.8619,674.534,360,13.8,54.0,1000
3727,720.0,45.446,45.446,3.8619,674.554,360,13.82,54.0,1000
3727,720.0,45.426,45.426,3.8619,674.574,360,13.83,54.0,1000
3729,720.0,45.406,45.406,3.8619,674.594,360,13.84,54.0,1000
3730,720.0,45.386,45.386,3.8619,674.614,360,13.85,54.0,1000
3731,720.0,45.366,45.366,3.8619,674.634,360,13.86,54.0,1000
3732,720.0,45.346,45.346,3.8619,674.654,360,13.87,54.0,1000
3733,720.0,45.326,45.326,3.8619,674.674,360,13.89,54.0,1000
3734,720.0,45.306,45.306,3.8619,674.694,360,13.9,54.0,1000
3735,720.0,45.286,45.286,3.8619,674.714,360,13.91,54.0,1000
3735,720.0,45.266,45.266,3.8619,674.734,360,13.92,54.0,1000
3737,720.0,45.246,45.246,3.8619,674.754,360,13.93,54.0,1000
3738,720.0,45.226,45.226,3.8619,674.774,360,13.94,54.0,1000
3739,720.0,45.206,45.206,3.8619,674.794,360,13.95,54.0,1000
3740,720.0,45.186,45.186,3.8619,674.814,360,13.96,54.0,1000
3741,720.0,45.166,45.166,3.8619,674.834,360,13.97,54.0,1000
3742,720.0,45.146,45.146,3.8619,674.854,360,13.99,54.0,1000
3743,720.0,45.126,45.126,3.8619,674.874,360,14.0,54.0,1000
3744,720.0,45.106,45.106,3.8619,674.894,360,14.01,54.0,1000
3745,720.0,45.086,45.086,3.8619,674.914,360,14.02,54.0,1000
3746,720.0,45.066,45.066,3.8619,674.934,360,14.03,54.0,1000
3747,720.0,45.046,45.046,3.8619,674.954,360,14.04,54.0,1000
3748,720.0,45.026,45.026,3.8619,674.974,360,14.05,54.0,1000
3749,720.0,45.006,45.006,3.8619,674.994,360,14.06,54.0,1000
3750,720.0,44.986,44.986,3.8619,675.014,360,14.07,54.0,1000
3751,720.0,44.966,44.966,3.8619,675.034,360,14.08,54.0,1000
3752,720.0,44.946,44.946,3.8619,675.054,360,14.09,54.0,1000
3753,720.0,44.926,44.926,3.8619,675.074,360,14.1,54.0,1000
3754,720.0,44.906,44.906,3.8619,675.094,360,14.11,54.0,1000
3755,720.0,44.886,44.886,3.8619,675.114,360,14.12,54.0,1000
3756,720.0,44.866,44.866,3.8619,675.134,360,14.13,54.0,1000
3757,720.0,44.846,44.846,3.8619,675.154,360,14.14,54.0,1000
3758,720.0,44.826,44.826,3.8619,675.174,360,14.15,54.0,1000
3759,720.0,44.806,44.806,3.8619,675.194,360,14.16,54.0,1000
3760,720.0,44.786,44.786,3.8619,675.214,360,14.17,54.0,1000
3761,720.0,44.766,44.766,3.8619,675.234,360,14.18,54.0,1000
3762,720.0,44.746,44.746,3.8619,675.254,360,14.19,54.0,1000
3763,720.0,44.726,44.726,3.8619,675.274,360,14.2,54.0,1000
3764,720.0,44.706,44.706,3.8619,675.294,360,14.21,54.0,1000
3765,720.0,44.686,44.686,3.8619,675.314,360,14.22,54.0,1000
3766,720.0,44.666,44.666,3.8619,675.334,360,14.23,54.0,1000
3767,720.0,44.646,44.646,3.8619,675.354,360,14.24,54.0,1000
3768,720.0,44.626,44.626,3.8619,675.374,360,14.25,54.0,1000
3769,720.0,44.606,44.606,3.8619,675.394,360,14.26,54.0,1000
3770,720.0,44.586,44.586,3.8619,675.414,360,14.27,54.0,1000
3771,720.0,44.566,44.566,3.8619,675.434,360,14.28,54.0,1000
3772,720.0,44.546,44.546,3.8619,675.454,360,14.29,54.0,1000
3773,720.0,44.526,44.526,3.8619,675.474,360,14.29,54.0,1000
3774,720.0,44.506,44.506,3.8619,675.494,360,14.3,54.0,1000
3775,720.0,44.486,44.486,3.8619,675.514,360,14.31,54.0,1000
3776,720.0,44.466,44.466,3.8619,675.534,360,14.32,54.0,1000
3777,720.0,44.446,44.446,3.8619,675.554,360,14.33,54.0,1000
3778,720.0,44.426,44.426,3.8619,675.574,360,14.34,54.0,1000
3779,720.0,44.406,44.406,3.8619,675.594,360,14.35,54.0,1000
3780,720.0,44.386,44.386,3.8619,675.614,360,14.36,54.0,1000
3781,720.0,44.366,44.366,3.8619,675.634,360,14.37,54.0,1000
3782,720.0,44.346,44.346,3.8619,675.654,360,14.37,54.0,1000
3783,720.0,44.326,44.326,3.8619,675.674,360,14.38,54.0,1000
3784,720.0,44.306,44.306,3.8619,675.694,360,14.39,54.0,1000
3785,720.0,44.286,44.286,3.8619,675.714,360,14.4,54.0,1000
3786,720.0,44.266,44.266,3.8619,675.734,360,14.41,54.0,1000
3787,720.0,44.246,44.246,3.8619,675.754,360,14.42,54.0,1000
3788,720.0,44.226,44.226,3.8619,675.774,360,14.42,54.0,1000
3789,720.0,44.206,44.206,3.8619,675.794,360,14.43,54.0,1000
3790,720.0,44.186,44.186,3.8619,675.814,360,14.44,54.0,1000
3791,720.0,44.166,44.166,3.8619,675.834,360,14.45,54.0,1000
3792,720.0,44.146,44.146,3.8619,675.854,360,14.46,54.0,1000
3793,720.0,44.126,44.126,3.8619,675.874,360,14.46,54.0,1000
3794,720.0,44.106,44.106,3.8619,675.894,360,14.47,54.0,1000
3795,720.0,44.086,44.086,3.8619,675.914,360,14.48,54.0,1000
3796,720.0,44.066,44.066,3.8619,675.934,360,14.49,54.0,1000
3797,720.0,44.046,44.046,3.8619,675.954,360,14.5,54.0,1000
3798,720.0,44.026,44.026,3.8619,675.974,360,14.5,54.0,1000
3799,720.0,44.006,44.006,3.8619,675.994,360,14.51,54.0,1000
3800,720.0,43.986,43.986,3.8619,676.014,360,14.52,54.0,1000
3801,720.0,43.966,43.966,3.8619,676.034,360,14.53,54.0,1000
3802,720.0,43.946,43.946,3.8619,676.054,360,14.53,54.0,1000
3803,720.0,43.926,43.926,3.8619,676.074,360,14.54,54.0,1000
3804,720.0,43.906,43.906,3.8619,676.094,360,14.55,54.0,1000
3805,720.0,43.886,43.886,3.8619,676.114,360,14.56,54.0,1000
3806,720.0,43.866,43.866,3.8619,676.134,360,14.56,54.0,1000
3807,720.0,43.846,43.846,3.8619,676.154,360,14.57,54.0,1000
3808,720.0,43.826,43.826,3.8619,676.174,360,14.58,54.0,1000
3809,720.0,43.806,43.806,3.8619,676.194,360,14.58,54.0,1000
3810,720.0,43.786,43.786,3.8619,676.214,360,14.59,54.0,1000
3811,720.0,43.766,43.766,3.8619,676.234,360,14.6,54.0,1000
3812,720.0,43.746,43.746,3.8619,676.254,360,14.61,54.0,1000
3813,720.0,43.726,43.726,3.8619,676.274,360,14.61,54.0,1000
3814,720.0,43.706,43.706,3.8619,676.294,360,14.62,54.0,1000
3815,720.0,43.686,43.686,3.8619,676.314,360,14.63,54.0,1000
3816,720.0,43.666,43.666,3.8619,676.334,360,14.63,54.0,1000
3817,720.0,43.646,43.646,3.8619,676.354,360,14.64,54.0,1000
3818,720.0,43.626,43.626,3.8619,676.374,360,14.65,54.0,1000
3819,720.0,43.606,43.606,3.8619,676.394,360,14.65,54.0,1000
3820,720.0,43.586,43.586,3.8619,676.414,360,14.66,54.0,1000
3821,720.0,43.566,43.566,3.8619,676.434,360,14.66,54.0,1000
3822,720.0,43.546,43.546,3.8619,676.454,360,14.67,54.0,1000
3823,720.0,43.526,43.526,3.8619,676.474,360,14.68,54.0,1000
3824,720.0,43.506,43.506,3.8619,676.494,360,14.68,54.0,1000
3825,720.0,43.486,43.486,3.8619,676.514,360,14.69,54.0,1000
3826,720.0,43.466,43.466,3.8619,676.534,360,14.7,54.0,1000
3827,720.0,43.446,43.446,3.8619,676.554,360,14.7,54.0,1000
3828,720.0,43.426,43.426,3.8619,676.574,360,14.71,54.0,1000
3829,720.0,43.406,43.406,3.8619,676.594,360,14.71,54.0,1000
3830,720.0,43.386,43.386,3.8619,676.614,360,14.72,54.0,1000
3831,720.0,43.366,43.366,3.8619,676.634,360,14.72,54.0,1000
3832,720.0,43.346,43.346,3.8619,676.654,360,14.73,54.0,1000
3833,720.0,43.326,43.326,3.8619,676.674,360,14.74,54.0,1000
3834,720.0,43.306,43.306,3.8619,676.694,360,14.74,54.0,1000
3835,720.0,43.286,43.286,3.8619,676.714,360,14.75,54.0,1000
3836,720.0,43.266,43.266,3.8619,676.734,360,14.75,54.0,1000
3837,720.0,43.246,43.246,3.8619,676.754,360,14.76,54.0,1000
3838,720.0,43.226,43.226,3.8619,676.774,360,14.76,54.0,1000
3839,720.0,43.206,43.206,3.8619,676.794,360,14.77,54.0,1000
3840,720.0,43.186,43.186,3.8619,676.814,360,14.77,54.0,1000
3841,720.0,43.166,43.166,3.8619,676.834,360,14.78,54.0,1000
3842,720.0,43.146,43.146,3.8619,676.854,360,14.78,54.0,1000
3843,720.0,43.126,43.126,3.8619,676.874,360,14.79,54.0,1000
3844,720.0,43.106,43.106,3.8619,676.894,360,14.79,54.0,1000
3845,720.0,43.086,43.086,3.8619,676.914,360,14.8,54.0,1000
3846,720.0,43.066,43.066,3.8619,676.934,360,14.8,54.0,1000
3847,720.0,43.046,43.046,3.8619,676.954,360,14.81,54.0,1000
3848,720.0,43.026,43.026,3.8619,676.974,360,14.81,54.0,1000
3849,720.0,43.006,43.006,3.8619,676.994,360,14.82,54.0,1000
3850,720.0,42.986,42.986,3.8619,677.014,360,14.82,54.0,1000
3851,720.0,42.966,42.966,3.8619,677.034,360,14.83,54.0,1000
3852,720.0,42.946,42.946,3.8619,677.054,360,14.83,54.0,1000
3852,720.0,42.926,42.926,3.8619,677.074,360,14.84,54.0,1000
3854,720.0,42.906,42.906,3.8619,677.094,360,14.84,54.0,1000
3855,720.0,42.886,42.886,3.8619,677.114,360,14.84,54.0,1000
3856,720.0,42.866,42.866,3.8619,677.134,360,14.85,54.0,1000
3857,720.0,42.846,42.846,3.8619,677.154,360,14.85,54.0,1000
3858,720.0,42.826,42.826,3.8619,677.174,360,14.86,54.0,1000
3859,720.0,42.806,42.806,3.8619,677.194,360,14.86,54.0,1000
3860,720.0,42.786,42.786,3.8619,677.214,360,14.87,54.0,1000
3860,720.0,42.766,42.766,3.8619,677.234,360,14.87,54.0,1000
3862,720.0,42.746,42.746,3.8619,677.254,360,14.87,54.0,1000
3863,720.0,42.726,42.726,3.8619,677.274,360,14.88,54.0,1000
3864,720.0,42.706,42.706,3.8619,677.294,360,14.88,54.0,1000
3865,720.0,42.686,42.686,3.8619,677.314,360,14.88,54.0,1000
3866,720.0,42.666,42.666,3.8619,677.334,360,14.89,54.0,1000
3867,720.0,42.646,42.646,3.8619,677.354,360,14.89,54.0,1000
3868,720.0,42.626,42.626,3.8619,677.374,360,14.9,54.0,1000
3869,720.0,42.606,42.606,3.8619,677.394,360,14.9,54.0,1000
3870,720.0,42.586,42.586,3.8619,677.414,360,14.9,54.0,1000
3871,720.0,42.566,42.566,3.8619,677.434,360,14.91,54.0,1000
3872,720.0,42.546,42.546,3.8619,677.454,360,14.91,54.0,1000
3873,720.0,42.526,42.526,3.8619,677.474,360,14.91,54.0,1000
3874,720.0,42.506,42.506,3.8619,677.494,360,14.92,54.0,1000
3875,720.0,42.486,42.486,3.8619,677.514,360,14.92,54.0,1000
3876,720.0,42.466,42.466,3.8619,677.534,360,14.92,54.0,1000
3877,720.0,42.446,42.446,3.8619,677.554,360,14.93,54.0,1000
3878,720.0,42.426,42.426,3.8619,677.574,360,14.93,54.0,1000
3879,720.0,42.406,42.406,3.8619,677.594,360,14.93,54.0,1000
3880,720.0,42.386,42.386,3.8619,677.614,360,14.93,54.0,1000
3881,720.0,42.366,42.366,3.8619,677.634,360,14.94,54.0,1000
3882,720.0,42.346,42.346,3.8619,677.654,360,14.94,54.0,1000
3883,720.0,42.326,42.326,3.8619,677.674,360,14.94,54.0,1000
3884,720.0,42.306,42.306,3.8619,677.694,360,14.94,54.0,1000
3885,720.0,42.286,42.286,3.8619,677.714,360,14.95,54.0,1000
3886,720.0,42.266,42.266,3.8619,677.734,360,14.95,54.0,1000
3887,720.0,42.246,42.246,3.8619,677.754,360,14.95,54.0,1000
3888,720.0,42.226,42.226,3.8619,677.774,360,14.95,54.0,1000
3889,720.0,42.206,42.206,3.8619,677.794,360,14.96,54.0,1000
3890,720.0,42.186,42.186,3.8619,677.814,360,14.96,54.0,1000
3891,720.0,42.166,42.166,3.8619,677.834,360,14.96,54.0,1000
3892,720.0,42.146,42.146,3.8619,677.854,360,14.96,54.0,1000
3893,720.0,42.126,42.126,3.8619,677.874,360,14.97,54.0,1000
3894,720.0,42.106,42.106,3.8619,677.894,360,14.97,54.0,1000
3895,720.0,42.086,42.086,3.8619,677.914,360,14.97,54.0,1000
3896,720.0,42.066,42.066,3.8619,677.934,360,14.97,54.0,1000
3897,720.0,42.046,42.046,3.8619,677.954,360,14.97,54.0,1000
3898,720.0,42.026,42.026,3.8619,677.974,360,14.97,54.0,1000
3899,720.0,42.006,42.006,3.8619,677.994,360,14.98,54.0,1000
3900,720.0,41.986,41.986,3.8619,678.014,360,14.98,54.0,1000
3901,720.0,41.966,41.966,3.8619,678.034,360,14.98,54.0,1000
3902,720.0,41.946,41.946,3.8619,678.054,360,14.98,54.0,1000
3903,720.0,41.926,41.926,3.8619,678.074,360,14.98,54.0,1000
3904,720.0,41.906,41.906,3.8619,678.094,360,14.98,54.0,1000
3905,720.0,41.886,41.886,3.8619,678.114,360,14.99,54.0,1000
3906,720.0,41.866,41.866,3.8619,678.134,360,14.99,54.0,1000
3907,720.0,41.846,41.846,3.8619,678.154,360,14.99,54.0,1000
3908,720.0,41.826,41.826,3.8619,678.174,360,14.99,54.0,1000
3909,720.0,41.806,41.806,3.8619,678.194,360,14.99,54.0,1000
3910,720.0,41.786,41.786,3.8619,678.214,360,14.99,54.0,1000
3911,720.0,41.766,41.766,3.8619,678.234,360,14.99,54.0,1000
3912,720.0,41.746,41.746,3.8619,678.254,360,14.99,54.0,1000
3913,720.0,41.726,41.726,3.8619,678.274,360,14.99,54.0,1000
3914,720.0,41.706,41.706,3.8619,678.294,360,14.99,54.0,1000
3915,720.0,41.686,41.686,3.8619,678.314,360,15.0,54.0,1000
3916,720.0,41.666,41.666,3.8619,678.334,360,15.0,54.0,1000
3917,720.0,41.646,41.646,3.8619,678.354,360,15.0,54.0,1000
3918,720.0,41.626,41.626,3.8619,678.374,360,15.0,54.0,1000
3919,720.0,41.606,41.606,3.8619,678.394,360,15.0,54.0,1000
3920,720.0,41.586,41.586,3.8619,678.414,360,15.0,54.0,1000
3921,720.0,41.566,41.566,3.8619,678.434,360,15.0,54.0,1000
3922,720.0,41.546,41.546,3.8619,678.454,360,15.0,54.0,1000
3923,720.0,41.526,41.526,3.8619,678.474,360,15.0,54.0,1000
3924,720.0,41.506,41.506,3.8619,678.494,360,15.0,54.0,1000
3925,720.0,41.486,41.486,3.8619,678.514,360,15.0,54.0,1000
3926,720.0,41.466,41.466,3.8619,678.534,360,15.0,54.0,1000
3927,720.0,41.446,41.446,3.8619,678.554,360,15.0,54.0,1000
3928,720.0,41.426,41.426,3.8619,678.574,360,15.0,54.0,1000
3929,720.0,41.406,41.406,3.8619,678.594,360,15.0,54.0,1000
3930,720.0,41.386,41.386,3.8619,678.614,360,15.0,54.0,1000
3931,720.0,41.366,41.366,3.8619,678.634,360,15.0,54.0,1000
3932,720.0,41.346,41.346,3.8619,678.654,360,15.0,54.0,1000
3933,720.0,41.326,41.326,3.8619,678.674,360,15.0,54.0,1000
3934,720.0,41.306,41.306,3.8619,678.694,360,15.0,54.0,1000
3935,720.0,41.286,41.286,3.8619,678.714,360,15.0,54.0,1000
3936,720.0,41.266,41.266,3.8619,678.734,360,15.0,54.0,1000
3937,720.0,41.246,41.246,3.8619,678.754,360,15.0,54.0,1000
3938,720.0,41.226,41.226,3.8619,678.774,360,15.0,54.0,1000
3939,720.0,41.206,41.206,3.8619,678.794,360,15.0,54.0,1000
3940,720.0,41.186,41.186,3.8619,678.814,360,14.99,54.0,1000
3941,720.0,41.166,41.166,3.8619,678.834,360,14.99,54.0,1000
3942,720.0,41.146,41.146,3.8619,678.854,360,14.99,54.0,1000
3943,720.0,41.126,41.126,3.8619,678.874,360,14.99,54.0,1000
3944,720.0,41.106,41.106,3.8619,678.894,360,14.99,54.0,1000
3945,720.0,41.086,41.086,3.8619,678.914,360,14.99,54.0,1000
3946,720.0,41.066,41.066,3.8619,678.934,360,14.99,54.0,1000
3947,720.0,41.046,41.046,3.8619,678.954,360,14.99,54.0,1000
3948,720.0,41.026,41.026,3.8619,678.974,360,14.99,54.0,1000
3949,720.0,41.006,41.006,3.8619,678.994,360,14.99,54.0,1000
3950,720.0,40.986,40.986,3.8619,679.014,360,14.98,54.0,1000
3951,720.0,40.966,40.966,3.8619,679.034,360,14.98,54.0,1000
3952,720.0,40.946,40.946,3.8619,679.054,360,14.98,54.0,1000
3953,720.0,40.926,40.926,3.8619,679.074,360,14.98,54.0,1000
3954,720.0,40.906,40.906,3.8619,679.094,360,14.98,54.0,1000
3955,720.0,40.886,40.886,3.8619,679.114,360,14.98,54.0,1000
3956,720.0,40.866,40.866,3.8619,679.134,360,14.97,54.0,1000
3957,720.0,40.846,40.846,3.8619,679.154,360,14.97,54.0,1000
3958,720.0,40.826,40.826,3.8619,679.174,360,14.97,54.0,1000
3959,720.0,40.806,40.806,3.8619,679.194,360,14.97,54.0,1000
3960,720.0,40.786,40.786,3.8619,679.214,360,14.97,54.0,1000
3961,720.0,40.766,40.766,3.8619,679.234,360,14.97,54.0,1000
3962,720.0,40.746,40.746,3.8619,679.254,360,14.96,54.0,1000
3963,720.0,40.726,40.726,3.8619,679.274,360,14.96,54.0,1000
3964,720.0,40.706,40.706,3.8619,679.294,360,14.96,54.0,1000
3965,720.0,40.686,40.686,3.8619,679.314,360,14.96,54.0,1000
3966,720.0,40.666,40.666,3.8619,679.334,360,14.95,54.0,1000
3967,720.0,40.646,40.646,3.8619,679.354,360,14.95,54.0,1000
3968,720.0,40.626,40.626,3.8619,679.374,360,14.95,54.0,1000
3969,720.0,40.606,40.606,3.8619,679.394,360,14.95,54.0,1000
3970,720.0,40.586,40.586,3.8619,679.414,360,14.94,54.0,1000
3971,720.0,40.566,40.566,3.8619,679.434,360,14.94,54.0,1000
3972,720.0,40.546,40.546,3.8619,679.454,360,14.94,54.0,1000
3973,720.0,40.526,40.526,3.8619,679.474,360,14.94,54.0,1000
3974,720.0,40.506,40.506,3.8619,679.494,360,14.93,54.0,1000
3975,720.0,40.486,40.486,3.8619,679.514,360,14.93,54.0,1000
3976,720.0,40.466,40.466,3.8619,679.534,360,14.93,54.0,1000
3977,720.0,40.446,40.446,3.8619,679.554,360,14.93,54.0,1000
3978,720.0,40.426,40.426,3.8619,679.574,360,14.92,54.0,1000
3979,720.0,40.406,40.406,3.8619,679.594,360,14.92,54.0,1000
3980,720.0,40.386,40.386,3.8619,679.614,360,14.92,54.0,1000
3981,720.0,40.366,40.366,3.8619,679.634,360,14.91,54.0,1000
3982,720.0,40.346,40.346,3.8619,679.654,360,14.91,54.0,1000
3983,720.0,40.326,40.326,3.8619,679.674,360,14.91,54.0,1000
3984,720.0,40.306,40.306,3.8619,679.694,360,14.9,54.0,1000
3985,720.0,40.286,40.286,3.8619,679.714,360,14.9,54.0,1000
3985,720.0,40.266,40.266,3.8619,679.734,360,14.9,54.0,1000
3987,720.0,40.246,40.246,3.8619,679.754,360,14.89,54.0,1000
3988,720.0,40.226,40.226,3.8619,679.774,360,14.89,54.0,1000
3989,720.0,40.206,40.206,3.8619,679.794,360,14.88,54.0,1000
3990,720.0,40.186,40.186,3.8619,679.814,360,14.88,54.0,1000
3991,720.0,40.166,40.166,3.8619,679.834,360,14.88,54.0,1000
3992,720.0,40.146,40.146,3.8619,679.854,360,14.87,54.0,1000
3993,720.0,40.126,40.126,3.8619,679.874,360,14.87,54.0,1000
3994,720.0,40.106,40.106,3.8619,679.894,360,14.87,54.0,1000
3995,720.0,40.086,40.086,3.8619,679.914,360,14.86,54.0,1000
3996,720.0,40.066,40.066,3.8619,679.934,360,14.86,54.0,1000
3997,720.0,40.046,40.046,3.8619,679.954,360,14.85,54.0,1000
3998,720.0,40.026,40.026,3.8619,679.974,360,14.85,54.0,1000
3999,720.0,40.006,40.006,3.8619,679.994,360,14.84,54.0,1000
4000,720.0,39.986,39.986,3.8619,680.014,360,14.84,54.0,1000
4001,720.0,39.966,39.966,3.8619,680.034,360,14.84,54.0,1000
4002,720.0,39.946,39.946,3.8619,680.054,360,14.83,54.0,1000
4003,720.0,39.926,39.926,3.8619,680.074,360,14.83,54.0,1000
4003,720.0,39.906,39.906,3.8619,680.094,360,14.82,54.0,1000
4005,720.0,39.886,39.886,3.8619,680.114,360,14.82,54.0,1000
4006,720.0,39.866,39.866,3.8619,680.134,360,14.81,54.0,1000
4006,720.0,39.846,39.846,3.8619,680.154,360,14.81,54.0,1000
4008,720.0,39.826,39.826,3.8619,680.174,360,14.8,54.0,1000
4009,720.0,39.806,39.806,3.8619,680.194,360,14.8,54.0,1000
4010,720.0,39.786,39.786,3.8619,680.214,360,14.79,54.0,1000
4011,720.0,39.766,39.766,3.8619,680.234,360,14.79,54.0,1000
4012,720.0,39.746,39.746,3.8619,680.254,360,14.78,54.0,1000
4013,720.0,39.726,39.726,3.8619,680.274,360,14.78,54.0,1000
4014,720.0,39.706,39.706,3.8619,680.294,360,14.77,54.0,1000
4015,720.0,39.686,39.686,3.8619,680.314,360,14.77,54.0,1000
4016,720.0,39.666,39.666,3.8619,680.334,360,14.76,54.0,1000
4017,720.0,39.646,39.646,3.8619,680.354,360,14.76,54.0,1000
4018,720.0,39.626,39.626,3.8619,680.374,360,14.75,54.0,1000
4019,720.0,39.606,39.606,3.8619,680.394,360,14.75,54.0,1000
4019,720.0,39.586,39.586,3.8619,680.414,360,14.74,54.0,1000
4021,720.0,39.566,39.566,3.8619,680.434,360,14.74,54.0,1000
4022,720.0,39.546,39.546,3.8619,680.454,360,14.73,54.0,1000
4022,720.0,39.526,39.526,3.8619,680.474,360,14.72,54.0,1000
4024,720.0,39.506,39.506,3.8619,680.494,360,14.72,54.0,1000
4025,720.0,39.486,39.486,3.8619,680.514,360,14.71,54.0,1000
4026,720.0,39.466,39.466,3.8619,680.534,360,14.71,54.0,1000
4027,720.0,39.446,39.446,3.8619,680.554,360,14.7,54.0,1000
4028,720.0,39.426,39.426,3.8619,680.574,360,14.69,54.0,1000
4029,720.0,39.406,39.406,3.8619,680.594,360,14.69,54.0,1000
4030,720.0,39.386,39.386,3.8619,680.614,360,14.68,54.0,1000
4031,720.0,39.366,39.366,3.8619,680.634,360,14.68,54.0,1000
4032,720.0,39.346,39.346,3.8619,680.654,360,14.67,54.0,1000
4033,720.0,39.326,39.326,3.8619,680.674,360,14.66,54.0,1000
4034,720.0,39.306,39.306,3.8619,680.694,360,14.66,54.0,1000
4035,720.0,39.286,39.286,3.8619,680.714,360,14.65,54.0,1000
4035,720.0,39.266,39.266,3.8619,680.734,360,14.64,54.0,1000
4037,720.0,39.246,39.246,3.8619,680.754,360,14.64,54.0,1000
4038,720.0,39.226,39.226,3.8619,680.774,360,14.63,54.0,1000
4038,720.0,39.206,39.206,3.8619,680.794,360,14.63,54.0,1000
4040,720.0,39.186,39.186,3.8619,680.814,360,14.62,54.0,1000
4041,720.0,39.166,39.166,3.8619,680.834,360,14.61,54.0,1000
4042,720.0,39.146,39.146,3.8619,680.854,360,14.6,54.0,1000
4043,720.0,39.126,39.126,3.8619,680.874,360,14.6,54.0,1000
4044,720.0,39.106,39.106,3.8619,680.894,360,14.59,54.0,1000
4045,720.0,39.086,39.086,3.8619,680.914,360,14.58,54.0,1000
4046,720.0,39.066,39.066,3.8619,680.934,360,14.58,54.0,1000
4047,720.0,39.046,39.046,3.8619,680.954,360,14.57,54.0,1000
4048,720.0,39.026,39.026,3.8619,680.974,360,14.56,54.0,1000
4049,720.0,39.006,39.006,3.8619,680.994,360,14.56,54.0,1000
4050,720.0,38.986,38.986,3.8619,681.014,360,14.55,54.0,1000
4051,720.0,38.966,38.966,3.8619,681.034,360,14.54,54.0,1000
4051,720.0,38.946,38.946,3.8619,681.054,360,14.53,54.0,1000
4053,720.0,38.926,38.926,3.8619,681.074,360,14.53,54.0,1000
4054,720.0,38.906,38.906,3.8619,681.094,360,14.52,54.0,1000
4054,720.0,38.886,38.886,3.8619,681.114,360,14.51,54.0,1000
4056,720.0,38.866,38.866,3.8619,681.134,360,14.5,54.0,1000
4057,720.0,38.846,38.846,3.8619,681.154,360,14.5,54.0,1000
4058,720.0,38.826,38.826,3.8619,681.174,360,14.49,54.0,1000
4059,720.0,38.806,38.806,3.8619,681.194,360,14.48,54.0,1000
4060,720.0,38.786,38.786,3.8619,681.214,360,14.47,54.0,1000
